nohup: ignoring input
Experiment 10: 283 done, 31847 to run of 32130; 28 workers, device=cuda
[----------------------------] 25/31847 (  0.1%)   33.4/min  elapsed 0m44s  eta 15h53m
[----------------------------] 50/31847 (  0.2%)   44.7/min  elapsed 1m07s  eta 11h51m
[----------------------------] 75/31847 (  0.2%)   51.3/min  elapsed 1m27s  eta 10h18m
[----------------------------] 100/31847 (  0.3%)   58.7/min  elapsed 1m42s  eta 9h00m
[----------------------------] 125/31847 (  0.4%)   63.5/min  elapsed 1m58s  eta 8h19m
[----------------------------] 150/31847 (  0.5%)   65.9/min  elapsed 2m16s  eta 8h01m
[----------------------------] 175/31847 (  0.5%)   71.5/min  elapsed 2m26s  eta 7h22m
[----------------------------] 200/31847 (  0.6%)   70.7/min  elapsed 2m49s  eta 7h27m
[----------------------------] 225/31847 (  0.7%)   73.9/min  elapsed 3m02s  eta 7h08m
[----------------------------] 250/31847 (  0.8%)   75.7/min  elapsed 3m18s  eta 6h57m
[----------------------------] 275/31847 (  0.9%)   77.6/min  elapsed 3m32s  eta 6h47m
[----------------------------] 300/31847 (  0.9%)   80.4/min  elapsed 3m43s  eta 6h32m
[----------------------------] 325/31847 (  1.0%)   80.1/min  elapsed 4m03s  eta 6h33m
[----------------------------] 350/31847 (  1.1%)   82.2/min  elapsed 4m15s  eta 6h23m
[----------------------------] 375/31847 (  1.2%)   82.2/min  elapsed 4m33s  eta 6h23m
[----------------------------] 400/31847 (  1.3%)   84.5/min  elapsed 4m44s  eta 6h12m
[----------------------------] 425/31847 (  1.3%)   84.0/min  elapsed 5m03s  eta 6h14m
[----------------------------] 450/31847 (  1.4%)   83.3/min  elapsed 5m23s  eta 6h16m
[----------------------------] 475/31847 (  1.5%)   85.2/min  elapsed 5m34s  eta 6h08m
[----------------------------] 500/31847 (  1.6%)   84.1/min  elapsed 5m56s  eta 6h12m
[----------------------------] 525/31847 (  1.6%)   84.7/min  elapsed 6m12s  eta 6h10m
[----------------------------] 550/31847 (  1.7%)   84.3/min  elapsed 6m31s  eta 6h11m
[----------------------------] 575/31847 (  1.8%)   83.5/min  elapsed 6m53s  eta 6h14m
[----------------------------] 600/31847 (  1.9%)   84.3/min  elapsed 7m06s  eta 6h10m
[----------------------------] 625/31847 (  2.0%)   83.4/min  elapsed 7m29s  eta 6h14m
[----------------------------] 650/31847 (  2.0%)   83.8/min  elapsed 7m45s  eta 6h12m
[----------------------------] 675/31847 (  2.1%)   83.7/min  elapsed 8m03s  eta 6h12m
[----------------------------] 700/31847 (  2.2%)   82.1/min  elapsed 8m31s  eta 6h19m
[----------------------------] 725/31847 (  2.3%)   83.0/min  elapsed 8m44s  eta 6h15m
[----------------------------] 750/31847 (  2.4%)   81.6/min  elapsed 9m11s  eta 6h21m
[----------------------------] 775/31847 (  2.4%)   82.7/min  elapsed 9m22s  eta 6h15m
[----------------------------] 800/31847 (  2.5%)   82.2/min  elapsed 9m44s  eta 6h17m
[----------------------------] 825/31847 (  2.6%)   81.4/min  elapsed 10m07s  eta 6h20m
[----------------------------] 850/31847 (  2.7%)   82.4/min  elapsed 10m18s  eta 6h16m
[----------------------------] 875/31847 (  2.7%)   81.2/min  elapsed 10m46s  eta 6h21m
[----------------------------] 900/31847 (  2.8%)   82.0/min  elapsed 10m58s  eta 6h17m
[----------------------------] 925/31847 (  2.9%)   82.3/min  elapsed 11m14s  eta 6h15m
[----------------------------] 950/31847 (  3.0%)   83.5/min  elapsed 11m23s  eta 6h10m
[----------------------------] 975/31847 (  3.1%)   83.5/min  elapsed 11m40s  eta 6h09m
[----------------------------] 1000/31847 (  3.1%)   83.7/min  elapsed 11m56s  eta 6h08m
[----------------------------] 1025/31847 (  3.2%)   84.6/min  elapsed 12m07s  eta 6h04m
[----------------------------] 1050/31847 (  3.3%)   84.0/min  elapsed 12m30s  eta 6h06m
[----------------------------] 1075/31847 (  3.4%)   84.8/min  elapsed 12m40s  eta 6h02m
[----------------------------] 1100/31847 (  3.5%)   84.7/min  elapsed 12m59s  eta 6h03m
[----------------------------] 1125/31847 (  3.5%)   84.6/min  elapsed 13m18s  eta 6h03m
[#---------------------------] 1150/31847 (  3.6%)   84.9/min  elapsed 13m32s  eta 6h01m
[#---------------------------] 1175/31847 (  3.7%)   84.4/min  elapsed 13m55s  eta 6h03m
[#---------------------------] 1200/31847 (  3.8%)   84.6/min  elapsed 14m11s  eta 6h02m
[#---------------------------] 1225/31847 (  3.8%)   84.4/min  elapsed 14m30s  eta 6h02m
[#---------------------------] 1250/31847 (  3.9%)   84.3/min  elapsed 14m49s  eta 6h02m
[#---------------------------] 1275/31847 (  4.0%)   85.4/min  elapsed 14m56s  eta 5h58m
[#---------------------------] 1300/31847 (  4.1%)   86.1/min  elapsed 15m06s  eta 5h54m
[#---------------------------] 1325/31847 (  4.2%)   86.9/min  elapsed 15m14s  eta 5h51m
[#---------------------------] 1350/31847 (  4.2%)   87.6/min  elapsed 15m24s  eta 5h48m
[#---------------------------] 1375/31847 (  4.3%)   88.2/min  elapsed 15m35s  eta 5h45m
[#---------------------------] 1400/31847 (  4.4%)   89.0/min  elapsed 15m43s  eta 5h42m
[#---------------------------] 1425/31847 (  4.5%)   89.6/min  elapsed 15m54s  eta 5h39m
[#---------------------------] 1450/31847 (  4.6%)   90.4/min  elapsed 16m02s  eta 5h36m
[#---------------------------] 1475/31847 (  4.6%)   91.0/min  elapsed 16m12s  eta 5h33m
[#---------------------------] 1500/31847 (  4.7%)   91.7/min  elapsed 16m21s  eta 5h31m
[#---------------------------] 1525/31847 (  4.8%)   92.4/min  elapsed 16m30s  eta 5h28m
[#---------------------------] 1550/31847 (  4.9%)   93.0/min  elapsed 16m39s  eta 5h25m
[#---------------------------] 1575/31847 (  4.9%)   93.5/min  elapsed 16m50s  eta 5h23m
[#---------------------------] 1600/31847 (  5.0%)   94.1/min  elapsed 17m00s  eta 5h21m
[#---------------------------] 1625/31847 (  5.1%)   94.7/min  elapsed 17m09s  eta 5h19m
[#---------------------------] 1650/31847 (  5.2%)   95.2/min  elapsed 17m19s  eta 5h17m
[#---------------------------] 1675/31847 (  5.3%)   95.6/min  elapsed 17m31s  eta 5h15m
[#---------------------------] 1700/31847 (  5.3%)   96.2/min  elapsed 17m39s  eta 5h13m
[#---------------------------] 1725/31847 (  5.4%)   96.7/min  elapsed 17m50s  eta 5h11m
[#---------------------------] 1750/31847 (  5.5%)   97.2/min  elapsed 18m00s  eta 5h09m
[#---------------------------] 1775/31847 (  5.6%)   97.1/min  elapsed 18m16s  eta 5h09m
[#---------------------------] 1800/31847 (  5.7%)   97.2/min  elapsed 18m30s  eta 5h09m
[#---------------------------] 1825/31847 (  5.7%)   97.3/min  elapsed 18m45s  eta 5h08m
[#---------------------------] 1850/31847 (  5.8%)   97.3/min  elapsed 19m00s  eta 5h08m
[#---------------------------] 1875/31847 (  5.9%)   97.6/min  elapsed 19m13s  eta 5h07m
[#---------------------------] 1900/31847 (  6.0%)   97.2/min  elapsed 19m32s  eta 5h07m
[#---------------------------] 1925/31847 (  6.0%)   97.6/min  elapsed 19m43s  eta 5h06m
[#---------------------------] 1950/31847 (  6.1%)   97.3/min  elapsed 20m02s  eta 5h07m
[#---------------------------] 1975/31847 (  6.2%)   97.4/min  elapsed 20m16s  eta 5h06m
[#---------------------------] 2000/31847 (  6.3%)   97.3/min  elapsed 20m32s  eta 5h06m
[#---------------------------] 2025/31847 (  6.4%)   96.9/min  elapsed 20m53s  eta 5h07m
[#---------------------------] 2050/31847 (  6.4%)   97.1/min  elapsed 21m06s  eta 5h06m
[#---------------------------] 2075/31847 (  6.5%)   96.5/min  elapsed 21m29s  eta 5h08m
[#---------------------------] 2100/31847 (  6.6%)   96.4/min  elapsed 21m47s  eta 5h08m
[#---------------------------] 2125/31847 (  6.7%)   96.3/min  elapsed 22m03s  eta 5h08m
[#---------------------------] 2150/31847 (  6.8%)   96.2/min  elapsed 22m20s  eta 5h08m
[#---------------------------] 2175/31847 (  6.8%)   96.5/min  elapsed 22m32s  eta 5h07m
[#---------------------------] 2200/31847 (  6.9%)   96.2/min  elapsed 22m52s  eta 5h08m
[#---------------------------] 2225/31847 (  7.0%)   96.2/min  elapsed 23m07s  eta 5h07m
[#---------------------------] 2250/31847 (  7.1%)   96.2/min  elapsed 23m22s  eta 5h07m
[##--------------------------] 2275/31847 (  7.1%)   96.2/min  elapsed 23m38s  eta 5h07m
[##--------------------------] 2300/31847 (  7.2%)   96.5/min  elapsed 23m50s  eta 5h06m
[##--------------------------] 2325/31847 (  7.3%)   96.1/min  elapsed 24m11s  eta 5h07m
[##--------------------------] 2350/31847 (  7.4%)   96.5/min  elapsed 24m21s  eta 5h05m
[##--------------------------] 2375/31847 (  7.5%)   96.3/min  elapsed 24m39s  eta 5h06m
[##--------------------------] 2400/31847 (  7.5%)   95.9/min  elapsed 25m00s  eta 5h06m
[##--------------------------] 2425/31847 (  7.6%)   96.0/min  elapsed 25m15s  eta 5h06m
[##--------------------------] 2450/31847 (  7.7%)   96.1/min  elapsed 25m30s  eta 5h06m
[##--------------------------] 2475/31847 (  7.8%)   96.5/min  elapsed 25m39s  eta 5h04m
[##--------------------------] 2500/31847 (  7.9%)   96.1/min  elapsed 26m01s  eta 5h05m
[##--------------------------] 2525/31847 (  7.9%)   96.3/min  elapsed 26m13s  eta 5h04m
[##--------------------------] 2550/31847 (  8.0%)   96.1/min  elapsed 26m31s  eta 5h04m
[##--------------------------] 2575/31847 (  8.1%)   96.0/min  elapsed 26m49s  eta 5h05m
[##--------------------------] 2600/31847 (  8.2%)   95.9/min  elapsed 27m07s  eta 5h05m
[##--------------------------] 2625/31847 (  8.2%)   95.8/min  elapsed 27m24s  eta 5h05m
[##--------------------------] 2650/31847 (  8.3%)   95.9/min  elapsed 27m37s  eta 5h04m
[##--------------------------] 2675/31847 (  8.4%)   95.5/min  elapsed 28m00s  eta 5h05m
[##--------------------------] 2700/31847 (  8.5%)   95.3/min  elapsed 28m20s  eta 5h05m
[##--------------------------] 2725/31847 (  8.6%)   95.5/min  elapsed 28m32s  eta 5h05m
[##--------------------------] 2750/31847 (  8.6%)   94.8/min  elapsed 29m00s  eta 5h06m
[##--------------------------] 2775/31847 (  8.7%)   94.5/min  elapsed 29m21s  eta 5h07m
[##--------------------------] 2800/31847 (  8.8%)   94.7/min  elapsed 29m34s  eta 5h06m
[##--------------------------] 2825/31847 (  8.9%)   94.3/min  elapsed 29m56s  eta 5h07m
[##--------------------------] 2850/31847 (  8.9%)   94.6/min  elapsed 30m07s  eta 5h06m
[##--------------------------] 2875/31847 (  9.0%)   94.1/min  elapsed 30m32s  eta 5h07m
[##--------------------------] 2900/31847 (  9.1%)   94.1/min  elapsed 30m49s  eta 5h07m
[##--------------------------] 2925/31847 (  9.2%)   93.9/min  elapsed 31m09s  eta 5h08m
[##--------------------------] 2950/31847 (  9.3%)   94.1/min  elapsed 31m20s  eta 5h07m
[##--------------------------] 2975/31847 (  9.3%)   94.2/min  elapsed 31m35s  eta 5h06m
[##--------------------------] 3000/31847 (  9.4%)   94.2/min  elapsed 31m50s  eta 5h06m
[##--------------------------] 3025/31847 (  9.5%)   94.5/min  elapsed 32m00s  eta 5h05m
[##--------------------------] 3050/31847 (  9.6%)   94.2/min  elapsed 32m22s  eta 5h05m
[##--------------------------] 3075/31847 (  9.7%)   94.4/min  elapsed 32m33s  eta 5h04m
[##--------------------------] 3100/31847 (  9.7%)   94.2/min  elapsed 32m53s  eta 5h05m
[##--------------------------] 3125/31847 (  9.8%)   94.1/min  elapsed 33m12s  eta 5h05m
[##--------------------------] 3150/31847 (  9.9%)   94.3/min  elapsed 33m24s  eta 5h04m
[##--------------------------] 3175/31847 ( 10.0%)   93.9/min  elapsed 33m48s  eta 5h05m
[##--------------------------] 3200/31847 ( 10.0%)   94.1/min  elapsed 34m00s  eta 5h04m
[##--------------------------] 3225/31847 ( 10.1%)   93.9/min  elapsed 34m20s  eta 5h04m
[##--------------------------] 3250/31847 ( 10.2%)   93.7/min  elapsed 34m41s  eta 5h05m
[##--------------------------] 3275/31847 ( 10.3%)   93.6/min  elapsed 34m59s  eta 5h05m
[##--------------------------] 3300/31847 ( 10.4%)   93.7/min  elapsed 35m13s  eta 5h04m
[##--------------------------] 3325/31847 ( 10.4%)   94.1/min  elapsed 35m21s  eta 5h03m
[##--------------------------] 3350/31847 ( 10.5%)   94.3/min  elapsed 35m31s  eta 5h02m
[##--------------------------] 3375/31847 ( 10.6%)   94.5/min  elapsed 35m43s  eta 5h01m
[##--------------------------] 3400/31847 ( 10.7%)   94.8/min  elapsed 35m51s  eta 5h00m
[###-------------------------] 3425/31847 ( 10.8%)   95.1/min  elapsed 36m01s  eta 4h59m
[###-------------------------] 3450/31847 ( 10.8%)   95.2/min  elapsed 36m13s  eta 4h58m
[###-------------------------] 3475/31847 ( 10.9%)   95.5/min  elapsed 36m22s  eta 4h57m
[###-------------------------] 3500/31847 ( 11.0%)   95.8/min  elapsed 36m33s  eta 4h56m
[###-------------------------] 3525/31847 ( 11.1%)   96.2/min  elapsed 36m39s  eta 4h54m
[###-------------------------] 3550/31847 ( 11.1%)   96.4/min  elapsed 36m49s  eta 4h53m
[###-------------------------] 3575/31847 ( 11.2%)   96.7/min  elapsed 36m58s  eta 4h52m
[###-------------------------] 3600/31847 ( 11.3%)   96.9/min  elapsed 37m08s  eta 4h51m
[###-------------------------] 3625/31847 ( 11.4%)   97.2/min  elapsed 37m17s  eta 4h50m
[###-------------------------] 3650/31847 ( 11.5%)   97.4/min  elapsed 37m27s  eta 4h49m
[###-------------------------] 3675/31847 ( 11.5%)   97.7/min  elapsed 37m37s  eta 4h48m
[###-------------------------] 3700/31847 ( 11.6%)   98.0/min  elapsed 37m45s  eta 4h47m
[###-------------------------] 3725/31847 ( 11.7%)   98.2/min  elapsed 37m56s  eta 4h46m
[###-------------------------] 3750/31847 ( 11.8%)   98.4/min  elapsed 38m05s  eta 4h45m
[###-------------------------] 3775/31847 ( 11.9%)   98.6/min  elapsed 38m16s  eta 4h44m
[###-------------------------] 3800/31847 ( 11.9%)   98.5/min  elapsed 38m34s  eta 4h44m
[###-------------------------] 3825/31847 ( 12.0%)   98.7/min  elapsed 38m45s  eta 4h43m
[###-------------------------] 3850/31847 ( 12.1%)   98.6/min  elapsed 39m03s  eta 4h43m
[###-------------------------] 3875/31847 ( 12.2%)   98.8/min  elapsed 39m12s  eta 4h43m
[###-------------------------] 3900/31847 ( 12.2%)   98.6/min  elapsed 39m33s  eta 4h43m
[###-------------------------] 3925/31847 ( 12.3%)   98.6/min  elapsed 39m48s  eta 4h43m
[###-------------------------] 3950/31847 ( 12.4%)   98.6/min  elapsed 40m04s  eta 4h42m
[###-------------------------] 3975/31847 ( 12.5%)   98.6/min  elapsed 40m18s  eta 4h42m
[###-------------------------] 4000/31847 ( 12.6%)   98.7/min  elapsed 40m31s  eta 4h42m
[###-------------------------] 4025/31847 ( 12.6%)   98.6/min  elapsed 40m50s  eta 4h42m
[###-------------------------] 4050/31847 ( 12.7%)   98.5/min  elapsed 41m06s  eta 4h42m
[###-------------------------] 4075/31847 ( 12.8%)   98.5/min  elapsed 41m22s  eta 4h41m
[###-------------------------] 4100/31847 ( 12.9%)   98.5/min  elapsed 41m37s  eta 4h41m
[###-------------------------] 4125/31847 ( 13.0%)   98.3/min  elapsed 41m57s  eta 4h41m
[###-------------------------] 4150/31847 ( 13.0%)   98.3/min  elapsed 42m12s  eta 4h41m
[###-------------------------] 4175/31847 ( 13.1%)   98.4/min  elapsed 42m26s  eta 4h41m
[###-------------------------] 4200/31847 ( 13.2%)   98.3/min  elapsed 42m44s  eta 4h41m
[###-------------------------] 4225/31847 ( 13.3%)   98.3/min  elapsed 42m58s  eta 4h40m
[###-------------------------] 4250/31847 ( 13.3%)   98.3/min  elapsed 43m12s  eta 4h40m
[###-------------------------] 4275/31847 ( 13.4%)   98.3/min  elapsed 43m28s  eta 4h40m
[###-------------------------] 4300/31847 ( 13.5%)   98.4/min  elapsed 43m42s  eta 4h39m
[###-------------------------] 4325/31847 ( 13.6%)   98.2/min  elapsed 44m03s  eta 4h40m
[###-------------------------] 4350/31847 ( 13.7%)   98.3/min  elapsed 44m15s  eta 4h39m
[###-------------------------] 4375/31847 ( 13.7%)   98.2/min  elapsed 44m33s  eta 4h39m
[###-------------------------] 4400/31847 ( 13.8%)   98.1/min  elapsed 44m51s  eta 4h39m
[###-------------------------] 4425/31847 ( 13.9%)   98.2/min  elapsed 45m02s  eta 4h39m
[###-------------------------] 4450/31847 ( 14.0%)   98.1/min  elapsed 45m22s  eta 4h39m
[###-------------------------] 4475/31847 ( 14.1%)   98.1/min  elapsed 45m37s  eta 4h39m
[###-------------------------] 4500/31847 ( 14.1%)   98.0/min  elapsed 45m53s  eta 4h38m
[###-------------------------] 4525/31847 ( 14.2%)   98.0/min  elapsed 46m09s  eta 4h38m
[####------------------------] 4550/31847 ( 14.3%)   98.1/min  elapsed 46m22s  eta 4h38m
[####------------------------] 4575/31847 ( 14.4%)   98.0/min  elapsed 46m40s  eta 4h38m
[####------------------------] 4600/31847 ( 14.4%)   98.1/min  elapsed 46m53s  eta 4h37m
[####------------------------] 4625/31847 ( 14.5%)   97.9/min  elapsed 47m14s  eta 4h38m
[####------------------------] 4650/31847 ( 14.6%)   98.0/min  elapsed 47m25s  eta 4h37m
[####------------------------] 4675/31847 ( 14.7%)   97.9/min  elapsed 47m46s  eta 4h37m
[####------------------------] 4700/31847 ( 14.8%)   97.9/min  elapsed 48m00s  eta 4h37m
[####------------------------] 4725/31847 ( 14.8%)   97.8/min  elapsed 48m17s  eta 4h37m
[####------------------------] 4750/31847 ( 14.9%)   97.6/min  elapsed 48m39s  eta 4h37m
[####------------------------] 4775/31847 ( 15.0%)   97.6/min  elapsed 48m55s  eta 4h37m
[####------------------------] 4800/31847 ( 15.1%)   97.5/min  elapsed 49m14s  eta 4h37m
[####------------------------] 4825/31847 ( 15.2%)   97.3/min  elapsed 49m36s  eta 4h37m
[####------------------------] 4850/31847 ( 15.2%)   97.3/min  elapsed 49m49s  eta 4h37m
[####------------------------] 4875/31847 ( 15.3%)   97.2/min  elapsed 50m10s  eta 4h37m
[####------------------------] 4900/31847 ( 15.4%)   97.0/min  elapsed 50m32s  eta 4h37m
[####------------------------] 4925/31847 ( 15.5%)   97.0/min  elapsed 50m44s  eta 4h37m
[####------------------------] 4950/31847 ( 15.5%)   96.8/min  elapsed 51m08s  eta 4h37m
[####------------------------] 4975/31847 ( 15.6%)   96.8/min  elapsed 51m22s  eta 4h37m
[####------------------------] 5000/31847 ( 15.7%)   96.9/min  elapsed 51m36s  eta 4h37m
[####------------------------] 5025/31847 ( 15.8%)   97.1/min  elapsed 51m45s  eta 4h36m
[####------------------------] 5050/31847 ( 15.9%)   97.0/min  elapsed 52m04s  eta 4h36m
[####------------------------] 5075/31847 ( 15.9%)   97.1/min  elapsed 52m16s  eta 4h35m
[####------------------------] 5100/31847 ( 16.0%)   97.1/min  elapsed 52m29s  eta 4h35m
[####------------------------] 5125/31847 ( 16.1%)   97.0/min  elapsed 52m49s  eta 4h35m
[####------------------------] 5150/31847 ( 16.2%)   97.1/min  elapsed 53m03s  eta 4h35m
[####------------------------] 5175/31847 ( 16.2%)   97.1/min  elapsed 53m19s  eta 4h34m
[####------------------------] 5200/31847 ( 16.3%)   97.3/min  elapsed 53m27s  eta 4h33m
[####------------------------] 5225/31847 ( 16.4%)   97.1/min  elapsed 53m50s  eta 4h34m
[####------------------------] 5250/31847 ( 16.5%)   96.9/min  elapsed 54m09s  eta 4h34m
[####------------------------] 5275/31847 ( 16.6%)   97.0/min  elapsed 54m23s  eta 4h33m
[####------------------------] 5300/31847 ( 16.6%)   96.8/min  elapsed 54m46s  eta 4h34m
[####------------------------] 5325/31847 ( 16.7%)   96.7/min  elapsed 55m04s  eta 4h34m
[####------------------------] 5350/31847 ( 16.8%)   96.8/min  elapsed 55m15s  eta 4h33m
[####------------------------] 5375/31847 ( 16.9%)   96.9/min  elapsed 55m27s  eta 4h33m
[####------------------------] 5400/31847 ( 17.0%)   97.1/min  elapsed 55m35s  eta 4h32m
[####------------------------] 5425/31847 ( 17.0%)   97.1/min  elapsed 55m51s  eta 4h32m
[####------------------------] 5450/31847 ( 17.1%)   97.2/min  elapsed 56m04s  eta 4h31m
[####------------------------] 5475/31847 ( 17.2%)   97.4/min  elapsed 56m14s  eta 4h30m
[####------------------------] 5500/31847 ( 17.3%)   97.5/min  elapsed 56m25s  eta 4h30m
[####------------------------] 5525/31847 ( 17.3%)   97.7/min  elapsed 56m32s  eta 4h29m
[####------------------------] 5550/31847 ( 17.4%)   97.9/min  elapsed 56m42s  eta 4h28m
[####------------------------] 5575/31847 ( 17.5%)   98.1/min  elapsed 56m49s  eta 4h27m
[####------------------------] 5600/31847 ( 17.6%)   98.3/min  elapsed 56m59s  eta 4h27m
[####------------------------] 5625/31847 ( 17.7%)   98.4/min  elapsed 57m10s  eta 4h26m
[####------------------------] 5650/31847 ( 17.7%)   98.5/min  elapsed 57m20s  eta 4h25m
[####------------------------] 5675/31847 ( 17.8%)   98.7/min  elapsed 57m30s  eta 4h25m
[#####-----------------------] 5700/31847 ( 17.9%)   98.9/min  elapsed 57m38s  eta 4h24m
[#####-----------------------] 5725/31847 ( 18.0%)   99.0/min  elapsed 57m47s  eta 4h23m
[#####-----------------------] 5750/31847 ( 18.1%)   99.2/min  elapsed 57m58s  eta 4h23m
[#####-----------------------] 5775/31847 ( 18.1%)   99.3/min  elapsed 58m08s  eta 4h22m
[#####-----------------------] 5800/31847 ( 18.2%)   99.5/min  elapsed 58m16s  eta 4h21m
[#####-----------------------] 5825/31847 ( 18.3%)   99.6/min  elapsed 58m27s  eta 4h21m
[#####-----------------------] 5850/31847 ( 18.4%)   99.5/min  elapsed 58m48s  eta 4h21m
[#####-----------------------] 5875/31847 ( 18.4%)   99.6/min  elapsed 58m58s  eta 4h20m
[#####-----------------------] 5900/31847 ( 18.5%)   99.4/min  elapsed 59m21s  eta 4h21m
[#####-----------------------] 5925/31847 ( 18.6%)   99.2/min  elapsed 59m43s  eta 4h21m
[#####-----------------------] 5950/31847 ( 18.7%)   99.3/min  elapsed 59m55s  eta 4h20m
[#####-----------------------] 5975/31847 ( 18.8%)   99.1/min  elapsed 1h00m  eta 4h20m
[#####-----------------------] 6000/31847 ( 18.8%)   99.2/min  elapsed 1h00m  eta 4h20m
[#####-----------------------] 6025/31847 ( 18.9%)   99.1/min  elapsed 1h00m  eta 4h20m
[#####-----------------------] 6050/31847 ( 19.0%)   99.2/min  elapsed 1h00m  eta 4h20m
[#####-----------------------] 6075/31847 ( 19.1%)   99.2/min  elapsed 1h01m  eta 4h19m
[#####-----------------------] 6100/31847 ( 19.2%)   99.2/min  elapsed 1h01m  eta 4h19m
[#####-----------------------] 6125/31847 ( 19.2%)   99.2/min  elapsed 1h01m  eta 4h19m
[#####-----------------------] 6150/31847 ( 19.3%)   99.1/min  elapsed 1h02m  eta 4h19m
[#####-----------------------] 6175/31847 ( 19.4%)   99.2/min  elapsed 1h02m  eta 4h18m
[#####-----------------------] 6200/31847 ( 19.5%)   99.1/min  elapsed 1h02m  eta 4h18m
[#####-----------------------] 6225/31847 ( 19.5%)   99.2/min  elapsed 1h02m  eta 4h18m
[#####-----------------------] 6250/31847 ( 19.6%)   99.1/min  elapsed 1h03m  eta 4h18m
[#####-----------------------] 6275/31847 ( 19.7%)   99.1/min  elapsed 1h03m  eta 4h17m
[#####-----------------------] 6300/31847 ( 19.8%)   99.2/min  elapsed 1h03m  eta 4h17m
[#####-----------------------] 6325/31847 ( 19.9%)   99.2/min  elapsed 1h03m  eta 4h17m
[#####-----------------------] 6350/31847 ( 19.9%)   98.9/min  elapsed 1h04m  eta 4h17m
[#####-----------------------] 6375/31847 ( 20.0%)   99.0/min  elapsed 1h04m  eta 4h17m
[#####-----------------------] 6400/31847 ( 20.1%)   98.9/min  elapsed 1h04m  eta 4h17m
[#####-----------------------] 6425/31847 ( 20.2%)   98.9/min  elapsed 1h04m  eta 4h16m
[#####-----------------------] 6450/31847 ( 20.3%)   98.7/min  elapsed 1h05m  eta 4h17m
[#####-----------------------] 6475/31847 ( 20.3%)   98.5/min  elapsed 1h05m  eta 4h17m
[#####-----------------------] 6500/31847 ( 20.4%)   98.5/min  elapsed 1h05m  eta 4h17m
[#####-----------------------] 6525/31847 ( 20.5%)   98.6/min  elapsed 1h06m  eta 4h16m
[#####-----------------------] 6550/31847 ( 20.6%)   98.7/min  elapsed 1h06m  eta 4h16m
[#####-----------------------] 6575/31847 ( 20.6%)   98.6/min  elapsed 1h06m  eta 4h16m
[#####-----------------------] 6600/31847 ( 20.7%)   98.7/min  elapsed 1h06m  eta 4h15m
[#####-----------------------] 6625/31847 ( 20.8%)   98.7/min  elapsed 1h07m  eta 4h15m
[#####-----------------------] 6650/31847 ( 20.9%)   98.7/min  elapsed 1h07m  eta 4h15m
[#####-----------------------] 6675/31847 ( 21.0%)   98.7/min  elapsed 1h07m  eta 4h15m
[#####-----------------------] 6700/31847 ( 21.0%)   98.6/min  elapsed 1h07m  eta 4h15m
[#####-----------------------] 6725/31847 ( 21.1%)   98.7/min  elapsed 1h08m  eta 4h14m
[#####-----------------------] 6750/31847 ( 21.2%)   98.5/min  elapsed 1h08m  eta 4h14m
[#####-----------------------] 6775/31847 ( 21.3%)   98.5/min  elapsed 1h08m  eta 4h14m
[#####-----------------------] 6800/31847 ( 21.4%)   98.5/min  elapsed 1h09m  eta 4h14m
[######----------------------] 6825/31847 ( 21.4%)   98.4/min  elapsed 1h09m  eta 4h14m
[######----------------------] 6850/31847 ( 21.5%)   98.3/min  elapsed 1h09m  eta 4h14m
[######----------------------] 6875/31847 ( 21.6%)   98.2/min  elapsed 1h09m  eta 4h14m
[######----------------------] 6900/31847 ( 21.7%)   98.2/min  elapsed 1h10m  eta 4h14m
[######----------------------] 6925/31847 ( 21.7%)   98.2/min  elapsed 1h10m  eta 4h13m
[######----------------------] 6950/31847 ( 21.8%)   98.1/min  elapsed 1h10m  eta 4h13m
[######----------------------] 6975/31847 ( 21.9%)   98.2/min  elapsed 1h11m  eta 4h13m
[######----------------------] 7000/31847 ( 22.0%)   98.0/min  elapsed 1h11m  eta 4h13m
[######----------------------] 7025/31847 ( 22.1%)   98.0/min  elapsed 1h11m  eta 4h13m
[######----------------------] 7050/31847 ( 22.1%)   98.0/min  elapsed 1h11m  eta 4h13m
[######----------------------] 7075/31847 ( 22.2%)   98.0/min  elapsed 1h12m  eta 4h12m
[######----------------------] 7100/31847 ( 22.3%)   98.1/min  elapsed 1h12m  eta 4h12m
[######----------------------] 7125/31847 ( 22.4%)   98.0/min  elapsed 1h12m  eta 4h12m
[######----------------------] 7150/31847 ( 22.5%)   98.1/min  elapsed 1h12m  eta 4h11m
[######----------------------] 7175/31847 ( 22.5%)   97.9/min  elapsed 1h13m  eta 4h11m
[######----------------------] 7200/31847 ( 22.6%)   98.0/min  elapsed 1h13m  eta 4h11m
[######----------------------] 7225/31847 ( 22.7%)   98.0/min  elapsed 1h13m  eta 4h11m
[######----------------------] 7250/31847 ( 22.8%)   98.0/min  elapsed 1h13m  eta 4h11m
[######----------------------] 7275/31847 ( 22.8%)   98.0/min  elapsed 1h14m  eta 4h10m
[######----------------------] 7300/31847 ( 22.9%)   97.9/min  elapsed 1h14m  eta 4h10m
[######----------------------] 7325/31847 ( 23.0%)   97.9/min  elapsed 1h14m  eta 4h10m
[######----------------------] 7350/31847 ( 23.1%)   97.9/min  elapsed 1h15m  eta 4h10m
[######----------------------] 7375/31847 ( 23.2%)   97.9/min  elapsed 1h15m  eta 4h10m
[######----------------------] 7400/31847 ( 23.2%)   98.1/min  elapsed 1h15m  eta 4h09m
[######----------------------] 7425/31847 ( 23.3%)   98.3/min  elapsed 1h15m  eta 4h08m
[######----------------------] 7450/31847 ( 23.4%)   98.4/min  elapsed 1h15m  eta 4h07m
[######----------------------] 7475/31847 ( 23.5%)   98.6/min  elapsed 1h15m  eta 4h07m
[######----------------------] 7500/31847 ( 23.6%)   98.7/min  elapsed 1h15m  eta 4h06m
[######----------------------] 7525/31847 ( 23.6%)   98.8/min  elapsed 1h16m  eta 4h06m
[######----------------------] 7550/31847 ( 23.7%)   99.0/min  elapsed 1h16m  eta 4h05m
[######----------------------] 7575/31847 ( 23.8%)   99.1/min  elapsed 1h16m  eta 4h04m
[######----------------------] 7600/31847 ( 23.9%)   99.3/min  elapsed 1h16m  eta 4h04m
[######----------------------] 7625/31847 ( 23.9%)   99.4/min  elapsed 1h16m  eta 4h03m
[######----------------------] 7650/31847 ( 24.0%)   99.5/min  elapsed 1h16m  eta 4h03m
[######----------------------] 7675/31847 ( 24.1%)   99.7/min  elapsed 1h16m  eta 4h02m
[######----------------------] 7700/31847 ( 24.2%)   99.8/min  elapsed 1h17m  eta 4h01m
[######----------------------] 7725/31847 ( 24.3%)   99.8/min  elapsed 1h17m  eta 4h01m
[######----------------------] 7750/31847 ( 24.3%)  100.0/min  elapsed 1h17m  eta 4h01m
[######----------------------] 7775/31847 ( 24.4%)  100.0/min  elapsed 1h17m  eta 4h00m
[######----------------------] 7800/31847 ( 24.5%)  100.1/min  elapsed 1h17m  eta 4h00m
[######----------------------] 7825/31847 ( 24.6%)  100.2/min  elapsed 1h18m  eta 3h59m
[######----------------------] 7850/31847 ( 24.6%)  100.2/min  elapsed 1h18m  eta 3h59m
[######----------------------] 7875/31847 ( 24.7%)  100.4/min  elapsed 1h18m  eta 3h58m
[######----------------------] 7900/31847 ( 24.8%)  100.4/min  elapsed 1h18m  eta 3h58m
[######----------------------] 7925/31847 ( 24.9%)  100.5/min  elapsed 1h18m  eta 3h58m
[######----------------------] 7950/31847 ( 25.0%)  100.5/min  elapsed 1h19m  eta 3h57m
[#######---------------------] 7975/31847 ( 25.0%)  100.5/min  elapsed 1h19m  eta 3h57m
[#######---------------------] 8000/31847 ( 25.1%)  100.6/min  elapsed 1h19m  eta 3h57m
[#######---------------------] 8025/31847 ( 25.2%)  100.4/min  elapsed 1h19m  eta 3h57m
[#######---------------------] 8050/31847 ( 25.3%)  100.5/min  elapsed 1h20m  eta 3h56m
[#######---------------------] 8075/31847 ( 25.4%)  100.5/min  elapsed 1h20m  eta 3h56m
[#######---------------------] 8100/31847 ( 25.4%)  100.5/min  elapsed 1h20m  eta 3h56m
[#######---------------------] 8125/31847 ( 25.5%)  100.5/min  elapsed 1h20m  eta 3h56m
[#######---------------------] 8150/31847 ( 25.6%)  100.5/min  elapsed 1h21m  eta 3h55m
[#######---------------------] 8175/31847 ( 25.7%)  100.4/min  elapsed 1h21m  eta 3h55m
[#######---------------------] 8200/31847 ( 25.7%)  100.3/min  elapsed 1h21m  eta 3h55m
[#######---------------------] 8225/31847 ( 25.8%)  100.2/min  elapsed 1h22m  eta 3h55m
[#######---------------------] 8250/31847 ( 25.9%)  100.3/min  elapsed 1h22m  eta 3h55m
[#######---------------------] 8275/31847 ( 26.0%)  100.3/min  elapsed 1h22m  eta 3h55m
[#######---------------------] 8300/31847 ( 26.1%)  100.3/min  elapsed 1h22m  eta 3h54m
[#######---------------------] 8325/31847 ( 26.1%)  100.3/min  elapsed 1h23m  eta 3h54m
[#######---------------------] 8350/31847 ( 26.2%)  100.3/min  elapsed 1h23m  eta 3h54m
[#######---------------------] 8375/31847 ( 26.3%)  100.2/min  elapsed 1h23m  eta 3h54m
[#######---------------------] 8400/31847 ( 26.4%)  100.2/min  elapsed 1h23m  eta 3h53m
[#######---------------------] 8425/31847 ( 26.5%)  100.4/min  elapsed 1h23m  eta 3h53m
[#######---------------------] 8450/31847 ( 26.5%)  100.3/min  elapsed 1h24m  eta 3h53m
[#######---------------------] 8475/31847 ( 26.6%)  100.3/min  elapsed 1h24m  eta 3h53m
[#######---------------------] 8500/31847 ( 26.7%)  100.3/min  elapsed 1h24m  eta 3h52m
[#######---------------------] 8525/31847 ( 26.8%)  100.2/min  elapsed 1h25m  eta 3h52m
[#######---------------------] 8550/31847 ( 26.8%)  100.3/min  elapsed 1h25m  eta 3h52m
[#######---------------------] 8575/31847 ( 26.9%)  100.3/min  elapsed 1h25m  eta 3h52m
[#######---------------------] 8600/31847 ( 27.0%)  100.4/min  elapsed 1h25m  eta 3h51m
[#######---------------------] 8625/31847 ( 27.1%)  100.3/min  elapsed 1h25m  eta 3h51m
[#######---------------------] 8650/31847 ( 27.2%)  100.4/min  elapsed 1h26m  eta 3h51m
[#######---------------------] 8675/31847 ( 27.2%)  100.4/min  elapsed 1h26m  eta 3h50m
[#######---------------------] 8700/31847 ( 27.3%)  100.2/min  elapsed 1h26m  eta 3h50m
[#######---------------------] 8725/31847 ( 27.4%)  100.3/min  elapsed 1h27m  eta 3h50m
[#######---------------------] 8750/31847 ( 27.5%)  100.2/min  elapsed 1h27m  eta 3h50m
[#######---------------------] 8775/31847 ( 27.6%)  100.1/min  elapsed 1h27m  eta 3h50m
[#######---------------------] 8800/31847 ( 27.6%)  100.2/min  elapsed 1h27m  eta 3h50m
[#######---------------------] 8825/31847 ( 27.7%)  100.1/min  elapsed 1h28m  eta 3h50m
[#######---------------------] 8850/31847 ( 27.8%)  100.0/min  elapsed 1h28m  eta 3h50m
[#######---------------------] 8875/31847 ( 27.9%)   99.9/min  elapsed 1h28m  eta 3h49m
[#######---------------------] 8900/31847 ( 27.9%)   99.8/min  elapsed 1h29m  eta 3h49m
[#######---------------------] 8925/31847 ( 28.0%)   99.8/min  elapsed 1h29m  eta 3h49m
[#######---------------------] 8950/31847 ( 28.1%)   99.6/min  elapsed 1h29m  eta 3h49m
[#######---------------------] 8975/31847 ( 28.2%)   99.7/min  elapsed 1h30m  eta 3h49m
[#######---------------------] 9000/31847 ( 28.3%)   99.6/min  elapsed 1h30m  eta 3h49m
[#######---------------------] 9025/31847 ( 28.3%)   99.4/min  elapsed 1h30m  eta 3h49m
[#######---------------------] 9050/31847 ( 28.4%)   99.4/min  elapsed 1h31m  eta 3h49m
[#######---------------------] 9075/31847 ( 28.5%)   99.5/min  elapsed 1h31m  eta 3h48m
[########--------------------] 9100/31847 ( 28.6%)   99.6/min  elapsed 1h31m  eta 3h48m
[########--------------------] 9125/31847 ( 28.7%)   99.6/min  elapsed 1h31m  eta 3h48m
[########--------------------] 9150/31847 ( 28.7%)   99.7/min  elapsed 1h31m  eta 3h47m
[########--------------------] 9175/31847 ( 28.8%)   99.7/min  elapsed 1h32m  eta 3h47m
[########--------------------] 9200/31847 ( 28.9%)   99.7/min  elapsed 1h32m  eta 3h47m
[########--------------------] 9225/31847 ( 29.0%)   99.6/min  elapsed 1h32m  eta 3h47m
[########--------------------] 9250/31847 ( 29.0%)   99.6/min  elapsed 1h32m  eta 3h46m
[########--------------------] 9275/31847 ( 29.1%)   99.6/min  elapsed 1h33m  eta 3h46m
[########--------------------] 9300/31847 ( 29.2%)   99.5/min  elapsed 1h33m  eta 3h46m
[########--------------------] 9325/31847 ( 29.3%)   99.5/min  elapsed 1h33m  eta 3h46m
[########--------------------] 9350/31847 ( 29.4%)   99.5/min  elapsed 1h33m  eta 3h46m
[########--------------------] 9375/31847 ( 29.4%)   99.3/min  elapsed 1h34m  eta 3h46m
[########--------------------] 9400/31847 ( 29.5%)   99.2/min  elapsed 1h34m  eta 3h46m
[########--------------------] 9425/31847 ( 29.6%)   99.4/min  elapsed 1h34m  eta 3h45m
[########--------------------] 9450/31847 ( 29.7%)   99.5/min  elapsed 1h34m  eta 3h45m
[########--------------------] 9475/31847 ( 29.8%)   99.6/min  elapsed 1h35m  eta 3h44m
[########--------------------] 9500/31847 ( 29.8%)   99.7/min  elapsed 1h35m  eta 3h44m
[########--------------------] 9525/31847 ( 29.9%)   99.8/min  elapsed 1h35m  eta 3h43m
[########--------------------] 9550/31847 ( 30.0%)   99.9/min  elapsed 1h35m  eta 3h43m
[########--------------------] 9575/31847 ( 30.1%)  100.0/min  elapsed 1h35m  eta 3h42m
[########--------------------] 9600/31847 ( 30.1%)  100.1/min  elapsed 1h35m  eta 3h42m
[########--------------------] 9625/31847 ( 30.2%)  100.2/min  elapsed 1h36m  eta 3h41m
[########--------------------] 9650/31847 ( 30.3%)  100.3/min  elapsed 1h36m  eta 3h41m
[########--------------------] 9675/31847 ( 30.4%)  100.4/min  elapsed 1h36m  eta 3h40m
[########--------------------] 9700/31847 ( 30.5%)  100.5/min  elapsed 1h36m  eta 3h40m
[########--------------------] 9725/31847 ( 30.5%)  100.6/min  elapsed 1h36m  eta 3h39m
[########--------------------] 9750/31847 ( 30.6%)  100.7/min  elapsed 1h36m  eta 3h39m
[########--------------------] 9775/31847 ( 30.7%)  100.8/min  elapsed 1h37m  eta 3h39m
[########--------------------] 9800/31847 ( 30.8%)  100.8/min  elapsed 1h37m  eta 3h38m
[########--------------------] 9825/31847 ( 30.9%)  100.9/min  elapsed 1h37m  eta 3h38m
[########--------------------] 9850/31847 ( 30.9%)  101.0/min  elapsed 1h37m  eta 3h37m
[########--------------------] 9875/31847 ( 31.0%)  101.0/min  elapsed 1h37m  eta 3h37m
[########--------------------] 9900/31847 ( 31.1%)  101.1/min  elapsed 1h37m  eta 3h37m
[########--------------------] 9925/31847 ( 31.2%)  101.1/min  elapsed 1h38m  eta 3h36m
[########--------------------] 9950/31847 ( 31.2%)  101.2/min  elapsed 1h38m  eta 3h36m
[########--------------------] 9975/31847 ( 31.3%)  101.2/min  elapsed 1h38m  eta 3h36m
[########--------------------] 10000/31847 ( 31.4%)  101.2/min  elapsed 1h38m  eta 3h35m
[########--------------------] 10025/31847 ( 31.5%)  101.2/min  elapsed 1h39m  eta 3h35m
[########--------------------] 10050/31847 ( 31.6%)  101.2/min  elapsed 1h39m  eta 3h35m
[########--------------------] 10075/31847 ( 31.6%)  101.2/min  elapsed 1h39m  eta 3h35m
[########--------------------] 10100/31847 ( 31.7%)  101.2/min  elapsed 1h39m  eta 3h34m
[########--------------------] 10125/31847 ( 31.8%)  101.2/min  elapsed 1h40m  eta 3h34m
[########--------------------] 10150/31847 ( 31.9%)  101.2/min  elapsed 1h40m  eta 3h34m
[########--------------------] 10175/31847 ( 31.9%)  101.2/min  elapsed 1h40m  eta 3h34m
[########--------------------] 10200/31847 ( 32.0%)  101.2/min  elapsed 1h40m  eta 3h33m
[########--------------------] 10225/31847 ( 32.1%)  101.2/min  elapsed 1h41m  eta 3h33m
[#########-------------------] 10250/31847 ( 32.2%)  101.1/min  elapsed 1h41m  eta 3h33m
[#########-------------------] 10275/31847 ( 32.3%)  101.1/min  elapsed 1h41m  eta 3h33m
[#########-------------------] 10300/31847 ( 32.3%)  101.2/min  elapsed 1h41m  eta 3h32m
[#########-------------------] 10325/31847 ( 32.4%)  101.1/min  elapsed 1h42m  eta 3h32m
[#########-------------------] 10350/31847 ( 32.5%)  101.1/min  elapsed 1h42m  eta 3h32m
[#########-------------------] 10375/31847 ( 32.6%)  101.2/min  elapsed 1h42m  eta 3h32m
[#########-------------------] 10400/31847 ( 32.7%)  101.2/min  elapsed 1h42m  eta 3h32m
[#########-------------------] 10425/31847 ( 32.7%)  101.1/min  elapsed 1h43m  eta 3h31m
[#########-------------------] 10450/31847 ( 32.8%)  101.1/min  elapsed 1h43m  eta 3h31m
[#########-------------------] 10475/31847 ( 32.9%)  101.1/min  elapsed 1h43m  eta 3h31m
[#########-------------------] 10500/31847 ( 33.0%)  101.1/min  elapsed 1h43m  eta 3h31m
[#########-------------------] 10525/31847 ( 33.0%)  101.0/min  elapsed 1h44m  eta 3h31m
[#########-------------------] 10550/31847 ( 33.1%)  101.1/min  elapsed 1h44m  eta 3h30m
[#########-------------------] 10575/31847 ( 33.2%)  101.0/min  elapsed 1h44m  eta 3h30m
[#########-------------------] 10600/31847 ( 33.3%)  101.1/min  elapsed 1h44m  eta 3h30m
[#########-------------------] 10625/31847 ( 33.4%)  101.1/min  elapsed 1h45m  eta 3h29m
[#########-------------------] 10650/31847 ( 33.4%)  101.1/min  elapsed 1h45m  eta 3h29m
[#########-------------------] 10675/31847 ( 33.5%)  101.2/min  elapsed 1h45m  eta 3h29m
[#########-------------------] 10700/31847 ( 33.6%)  101.1/min  elapsed 1h45m  eta 3h29m
[#########-------------------] 10725/31847 ( 33.7%)  101.1/min  elapsed 1h46m  eta 3h28m
[#########-------------------] 10750/31847 ( 33.8%)  101.1/min  elapsed 1h46m  eta 3h28m
[#########-------------------] 10775/31847 ( 33.8%)  101.0/min  elapsed 1h46m  eta 3h28m
[#########-------------------] 10800/31847 ( 33.9%)  101.0/min  elapsed 1h46m  eta 3h28m
[#########-------------------] 10825/31847 ( 34.0%)  101.0/min  elapsed 1h47m  eta 3h28m
[#########-------------------] 10850/31847 ( 34.1%)  100.9/min  elapsed 1h47m  eta 3h28m
[#########-------------------] 10875/31847 ( 34.1%)  100.9/min  elapsed 1h47m  eta 3h27m
[#########-------------------] 10900/31847 ( 34.2%)  100.9/min  elapsed 1h48m  eta 3h27m
[#########-------------------] 10925/31847 ( 34.3%)  100.8/min  elapsed 1h48m  eta 3h27m
[#########-------------------] 10950/31847 ( 34.4%)  100.7/min  elapsed 1h48m  eta 3h27m
[#########-------------------] 10975/31847 ( 34.5%)  100.8/min  elapsed 1h48m  eta 3h27m
[#########-------------------] 11000/31847 ( 34.5%)  100.6/min  elapsed 1h49m  eta 3h27m
[#########-------------------] 11025/31847 ( 34.6%)  100.6/min  elapsed 1h49m  eta 3h27m
[#########-------------------] 11050/31847 ( 34.7%)  100.6/min  elapsed 1h49m  eta 3h26m
[#########-------------------] 11075/31847 ( 34.8%)  100.5/min  elapsed 1h50m  eta 3h26m
[#########-------------------] 11100/31847 ( 34.9%)  100.5/min  elapsed 1h50m  eta 3h26m
[#########-------------------] 11125/31847 ( 34.9%)  100.5/min  elapsed 1h50m  eta 3h26m
[#########-------------------] 11150/31847 ( 35.0%)  100.6/min  elapsed 1h50m  eta 3h25m
[#########-------------------] 11175/31847 ( 35.1%)  100.5/min  elapsed 1h51m  eta 3h25m
[#########-------------------] 11200/31847 ( 35.2%)  100.6/min  elapsed 1h51m  eta 3h25m
[#########-------------------] 11225/31847 ( 35.2%)  100.6/min  elapsed 1h51m  eta 3h24m
[#########-------------------] 11250/31847 ( 35.3%)  100.5/min  elapsed 1h51m  eta 3h24m
[#########-------------------] 11275/31847 ( 35.4%)  100.6/min  elapsed 1h52m  eta 3h24m
[#########-------------------] 11300/31847 ( 35.5%)  100.6/min  elapsed 1h52m  eta 3h24m
[#########-------------------] 11325/31847 ( 35.6%)  100.5/min  elapsed 1h52m  eta 3h24m
[#########-------------------] 11350/31847 ( 35.6%)  100.6/min  elapsed 1h52m  eta 3h23m
[##########------------------] 11375/31847 ( 35.7%)  100.5/min  elapsed 1h53m  eta 3h23m
[##########------------------] 11400/31847 ( 35.8%)  100.5/min  elapsed 1h53m  eta 3h23m
[##########------------------] 11425/31847 ( 35.9%)  100.4/min  elapsed 1h53m  eta 3h23m
[##########------------------] 11450/31847 ( 36.0%)  100.3/min  elapsed 1h54m  eta 3h23m
[##########------------------] 11475/31847 ( 36.0%)  100.5/min  elapsed 1h54m  eta 3h22m
[##########------------------] 11500/31847 ( 36.1%)  100.5/min  elapsed 1h54m  eta 3h22m
[##########------------------] 11525/31847 ( 36.2%)  100.6/min  elapsed 1h54m  eta 3h22m
[##########------------------] 11550/31847 ( 36.3%)  100.6/min  elapsed 1h54m  eta 3h21m
[##########------------------] 11575/31847 ( 36.3%)  100.7/min  elapsed 1h54m  eta 3h21m
[##########------------------] 11600/31847 ( 36.4%)  100.8/min  elapsed 1h55m  eta 3h20m
[##########------------------] 11625/31847 ( 36.5%)  100.8/min  elapsed 1h55m  eta 3h20m
[##########------------------] 11650/31847 ( 36.6%)  100.9/min  elapsed 1h55m  eta 3h20m
[##########------------------] 11675/31847 ( 36.7%)  101.0/min  elapsed 1h55m  eta 3h19m
[##########------------------] 11700/31847 ( 36.7%)  101.1/min  elapsed 1h55m  eta 3h19m
[##########------------------] 11725/31847 ( 36.8%)  101.2/min  elapsed 1h55m  eta 3h18m
[##########------------------] 11750/31847 ( 36.9%)  101.3/min  elapsed 1h56m  eta 3h18m
[##########------------------] 11775/31847 ( 37.0%)  101.3/min  elapsed 1h56m  eta 3h18m
[##########------------------] 11800/31847 ( 37.1%)  101.4/min  elapsed 1h56m  eta 3h17m
[##########------------------] 11825/31847 ( 37.1%)  101.5/min  elapsed 1h56m  eta 3h17m
[##########------------------] 11850/31847 ( 37.2%)  101.5/min  elapsed 1h56m  eta 3h16m
[##########------------------] 11875/31847 ( 37.3%)  101.6/min  elapsed 1h56m  eta 3h16m
[##########------------------] 11900/31847 ( 37.4%)  101.7/min  elapsed 1h57m  eta 3h16m
[##########------------------] 11925/31847 ( 37.4%)  101.7/min  elapsed 1h57m  eta 3h15m
[##########------------------] 11950/31847 ( 37.5%)  101.8/min  elapsed 1h57m  eta 3h15m
[##########------------------] 11975/31847 ( 37.6%)  101.7/min  elapsed 1h57m  eta 3h15m
[##########------------------] 12000/31847 ( 37.7%)  101.7/min  elapsed 1h57m  eta 3h15m
[##########------------------] 12025/31847 ( 37.8%)  101.7/min  elapsed 1h58m  eta 3h14m
[##########------------------] 12050/31847 ( 37.8%)  101.7/min  elapsed 1h58m  eta 3h14m
[##########------------------] 12075/31847 ( 37.9%)  101.7/min  elapsed 1h58m  eta 3h14m
[##########------------------] 12100/31847 ( 38.0%)  101.7/min  elapsed 1h59m  eta 3h14m
[##########------------------] 12125/31847 ( 38.1%)  101.7/min  elapsed 1h59m  eta 3h13m
[##########------------------] 12150/31847 ( 38.2%)  101.7/min  elapsed 1h59m  eta 3h13m
[##########------------------] 12175/31847 ( 38.2%)  101.7/min  elapsed 1h59m  eta 3h13m
[##########------------------] 12200/31847 ( 38.3%)  101.7/min  elapsed 1h59m  eta 3h13m
[##########------------------] 12225/31847 ( 38.4%)  101.7/min  elapsed 2h00m  eta 3h12m
[##########------------------] 12250/31847 ( 38.5%)  101.7/min  elapsed 2h00m  eta 3h12m
[##########------------------] 12275/31847 ( 38.5%)  101.7/min  elapsed 2h00m  eta 3h12m
[##########------------------] 12300/31847 ( 38.6%)  101.7/min  elapsed 2h00m  eta 3h12m
[##########------------------] 12325/31847 ( 38.7%)  101.7/min  elapsed 2h01m  eta 3h11m
[##########------------------] 12350/31847 ( 38.8%)  101.7/min  elapsed 2h01m  eta 3h11m
[##########------------------] 12375/31847 ( 38.9%)  101.7/min  elapsed 2h01m  eta 3h11m
[##########------------------] 12400/31847 ( 38.9%)  101.7/min  elapsed 2h01m  eta 3h11m
[##########------------------] 12425/31847 ( 39.0%)  101.7/min  elapsed 2h02m  eta 3h10m
[##########------------------] 12450/31847 ( 39.1%)  101.7/min  elapsed 2h02m  eta 3h10m
[##########------------------] 12475/31847 ( 39.2%)  101.6/min  elapsed 2h02m  eta 3h10m
[##########------------------] 12500/31847 ( 39.3%)  101.7/min  elapsed 2h02m  eta 3h10m
[###########-----------------] 12525/31847 ( 39.3%)  101.6/min  elapsed 2h03m  eta 3h10m
[###########-----------------] 12550/31847 ( 39.4%)  101.6/min  elapsed 2h03m  eta 3h09m
[###########-----------------] 12575/31847 ( 39.5%)  101.6/min  elapsed 2h03m  eta 3h09m
[###########-----------------] 12600/31847 ( 39.6%)  101.5/min  elapsed 2h04m  eta 3h09m
[###########-----------------] 12625/31847 ( 39.6%)  101.5/min  elapsed 2h04m  eta 3h09m
[###########-----------------] 12650/31847 ( 39.7%)  101.6/min  elapsed 2h04m  eta 3h08m
[###########-----------------] 12675/31847 ( 39.8%)  101.6/min  elapsed 2h04m  eta 3h08m
[###########-----------------] 12700/31847 ( 39.9%)  101.6/min  elapsed 2h05m  eta 3h08m
[###########-----------------] 12725/31847 ( 40.0%)  101.6/min  elapsed 2h05m  eta 3h08m
[###########-----------------] 12750/31847 ( 40.0%)  101.6/min  elapsed 2h05m  eta 3h07m
[###########-----------------] 12775/31847 ( 40.1%)  101.6/min  elapsed 2h05m  eta 3h07m
[###########-----------------] 12800/31847 ( 40.2%)  101.6/min  elapsed 2h06m  eta 3h07m
[###########-----------------] 12825/31847 ( 40.3%)  101.5/min  elapsed 2h06m  eta 3h07m
[###########-----------------] 12850/31847 ( 40.3%)  101.5/min  elapsed 2h06m  eta 3h07m
[###########-----------------] 12875/31847 ( 40.4%)  101.5/min  elapsed 2h06m  eta 3h06m
[###########-----------------] 12900/31847 ( 40.5%)  101.5/min  elapsed 2h07m  eta 3h06m
[###########-----------------] 12925/31847 ( 40.6%)  101.5/min  elapsed 2h07m  eta 3h06m
[###########-----------------] 12950/31847 ( 40.7%)  101.4/min  elapsed 2h07m  eta 3h06m
[###########-----------------] 12975/31847 ( 40.7%)  101.4/min  elapsed 2h08m  eta 3h06m
[###########-----------------] 13000/31847 ( 40.8%)  101.3/min  elapsed 2h08m  eta 3h05m
[###########-----------------] 13025/31847 ( 40.9%)  101.3/min  elapsed 2h08m  eta 3h05m
[###########-----------------] 13050/31847 ( 41.0%)  101.3/min  elapsed 2h08m  eta 3h05m
[###########-----------------] 13075/31847 ( 41.1%)  101.2/min  elapsed 2h09m  eta 3h05m
[###########-----------------] 13100/31847 ( 41.1%)  101.1/min  elapsed 2h09m  eta 3h05m
[###########-----------------] 13125/31847 ( 41.2%)  101.1/min  elapsed 2h09m  eta 3h05m
[###########-----------------] 13150/31847 ( 41.3%)  101.1/min  elapsed 2h10m  eta 3h04m
[###########-----------------] 13175/31847 ( 41.4%)  101.1/min  elapsed 2h10m  eta 3h04m
[###########-----------------] 13200/31847 ( 41.4%)  101.2/min  elapsed 2h10m  eta 3h04m
[###########-----------------] 13225/31847 ( 41.5%)  101.2/min  elapsed 2h10m  eta 3h04m
[###########-----------------] 13250/31847 ( 41.6%)  101.2/min  elapsed 2h10m  eta 3h03m
[###########-----------------] 13275/31847 ( 41.7%)  101.2/min  elapsed 2h11m  eta 3h03m
[###########-----------------] 13300/31847 ( 41.8%)  101.2/min  elapsed 2h11m  eta 3h03m
[###########-----------------] 13325/31847 ( 41.8%)  101.1/min  elapsed 2h11m  eta 3h03m
[###########-----------------] 13350/31847 ( 41.9%)  101.2/min  elapsed 2h11m  eta 3h02m
[###########-----------------] 13375/31847 ( 42.0%)  101.1/min  elapsed 2h12m  eta 3h02m
[###########-----------------] 13400/31847 ( 42.1%)  101.1/min  elapsed 2h12m  eta 3h02m
[###########-----------------] 13425/31847 ( 42.2%)  101.1/min  elapsed 2h12m  eta 3h02m
[###########-----------------] 13450/31847 ( 42.2%)  101.1/min  elapsed 2h13m  eta 3h02m
[###########-----------------] 13475/31847 ( 42.3%)  101.0/min  elapsed 2h13m  eta 3h01m
[###########-----------------] 13500/31847 ( 42.4%)  101.0/min  elapsed 2h13m  eta 3h01m
[###########-----------------] 13525/31847 ( 42.5%)  101.1/min  elapsed 2h13m  eta 3h01m
[###########-----------------] 13550/31847 ( 42.5%)  101.1/min  elapsed 2h14m  eta 3h01m
[###########-----------------] 13575/31847 ( 42.6%)  101.1/min  elapsed 2h14m  eta 3h00m
[###########-----------------] 13600/31847 ( 42.7%)  101.2/min  elapsed 2h14m  eta 3h00m
[###########-----------------] 13625/31847 ( 42.8%)  101.1/min  elapsed 2h14m  eta 3h00m
[############----------------] 13650/31847 ( 42.9%)  101.2/min  elapsed 2h14m  eta 2h59m
[############----------------] 13675/31847 ( 42.9%)  101.3/min  elapsed 2h15m  eta 2h59m
[############----------------] 13700/31847 ( 43.0%)  101.3/min  elapsed 2h15m  eta 2h59m
[############----------------] 13725/31847 ( 43.1%)  101.4/min  elapsed 2h15m  eta 2h58m
[############----------------] 13750/31847 ( 43.2%)  101.4/min  elapsed 2h15m  eta 2h58m
[############----------------] 13775/31847 ( 43.3%)  101.5/min  elapsed 2h15m  eta 2h58m
[############----------------] 13800/31847 ( 43.3%)  101.6/min  elapsed 2h15m  eta 2h57m
[############----------------] 13825/31847 ( 43.4%)  101.6/min  elapsed 2h16m  eta 2h57m
[############----------------] 13850/31847 ( 43.5%)  101.7/min  elapsed 2h16m  eta 2h57m
[############----------------] 13875/31847 ( 43.6%)  101.7/min  elapsed 2h16m  eta 2h56m
[############----------------] 13900/31847 ( 43.6%)  101.8/min  elapsed 2h16m  eta 2h56m
[############----------------] 13925/31847 ( 43.7%)  101.8/min  elapsed 2h16m  eta 2h56m
[############----------------] 13950/31847 ( 43.8%)  101.8/min  elapsed 2h17m  eta 2h55m
[############----------------] 13975/31847 ( 43.9%)  101.9/min  elapsed 2h17m  eta 2h55m
[############----------------] 14000/31847 ( 44.0%)  101.8/min  elapsed 2h17m  eta 2h55m
[############----------------] 14025/31847 ( 44.0%)  101.9/min  elapsed 2h17m  eta 2h54m
[############----------------] 14050/31847 ( 44.1%)  101.8/min  elapsed 2h18m  eta 2h54m
[############----------------] 14075/31847 ( 44.2%)  101.8/min  elapsed 2h18m  eta 2h54m
[############----------------] 14100/31847 ( 44.3%)  101.8/min  elapsed 2h18m  eta 2h54m
[############----------------] 14125/31847 ( 44.4%)  101.7/min  elapsed 2h18m  eta 2h54m
[############----------------] 14150/31847 ( 44.4%)  101.7/min  elapsed 2h19m  eta 2h54m
[############----------------] 14175/31847 ( 44.5%)  101.7/min  elapsed 2h19m  eta 2h53m
[############----------------] 14200/31847 ( 44.6%)  101.8/min  elapsed 2h19m  eta 2h53m
[############----------------] 14225/31847 ( 44.7%)  101.7/min  elapsed 2h19m  eta 2h53m
[############----------------] 14250/31847 ( 44.7%)  101.7/min  elapsed 2h20m  eta 2h52m
[############----------------] 14275/31847 ( 44.8%)  101.8/min  elapsed 2h20m  eta 2h52m
[############----------------] 14300/31847 ( 44.9%)  101.8/min  elapsed 2h20m  eta 2h52m
[############----------------] 14325/31847 ( 45.0%)  101.8/min  elapsed 2h20m  eta 2h52m
[############----------------] 14350/31847 ( 45.1%)  101.7/min  elapsed 2h21m  eta 2h51m
[############----------------] 14375/31847 ( 45.1%)  101.8/min  elapsed 2h21m  eta 2h51m
[############----------------] 14400/31847 ( 45.2%)  101.8/min  elapsed 2h21m  eta 2h51m
[############----------------] 14425/31847 ( 45.3%)  101.8/min  elapsed 2h21m  eta 2h51m
[############----------------] 14450/31847 ( 45.4%)  101.8/min  elapsed 2h21m  eta 2h50m
[############----------------] 14475/31847 ( 45.5%)  101.8/min  elapsed 2h22m  eta 2h50m
[############----------------] 14500/31847 ( 45.5%)  101.8/min  elapsed 2h22m  eta 2h50m
[############----------------] 14525/31847 ( 45.6%)  101.7/min  elapsed 2h22m  eta 2h50m
[############----------------] 14550/31847 ( 45.7%)  101.6/min  elapsed 2h23m  eta 2h50m
[############----------------] 14575/31847 ( 45.8%)  101.7/min  elapsed 2h23m  eta 2h49m
[############----------------] 14600/31847 ( 45.8%)  101.6/min  elapsed 2h23m  eta 2h49m
[############----------------] 14625/31847 ( 45.9%)  101.6/min  elapsed 2h23m  eta 2h49m
[############----------------] 14650/31847 ( 46.0%)  101.5/min  elapsed 2h24m  eta 2h49m
[############----------------] 14675/31847 ( 46.1%)  101.6/min  elapsed 2h24m  eta 2h49m
[############----------------] 14700/31847 ( 46.2%)  101.6/min  elapsed 2h24m  eta 2h48m
[############----------------] 14725/31847 ( 46.2%)  101.6/min  elapsed 2h24m  eta 2h48m
[############----------------] 14750/31847 ( 46.3%)  101.6/min  elapsed 2h25m  eta 2h48m
[############----------------] 14775/31847 ( 46.4%)  101.6/min  elapsed 2h25m  eta 2h48m
[#############---------------] 14800/31847 ( 46.5%)  101.6/min  elapsed 2h25m  eta 2h47m
[#############---------------] 14825/31847 ( 46.6%)  101.6/min  elapsed 2h25m  eta 2h47m
[#############---------------] 14850/31847 ( 46.6%)  101.6/min  elapsed 2h26m  eta 2h47m
[#############---------------] 14875/31847 ( 46.7%)  101.6/min  elapsed 2h26m  eta 2h47m
[#############---------------] 14900/31847 ( 46.8%)  101.5/min  elapsed 2h26m  eta 2h46m
[#############---------------] 14925/31847 ( 46.9%)  101.5/min  elapsed 2h26m  eta 2h46m
[#############---------------] 14950/31847 ( 46.9%)  101.5/min  elapsed 2h27m  eta 2h46m
[#############---------------] 14975/31847 ( 47.0%)  101.5/min  elapsed 2h27m  eta 2h46m
[#############---------------] 15000/31847 ( 47.1%)  101.5/min  elapsed 2h27m  eta 2h46m
[#############---------------] 15025/31847 ( 47.2%)  101.4/min  elapsed 2h28m  eta 2h45m
[#############---------------] 15050/31847 ( 47.3%)  101.4/min  elapsed 2h28m  eta 2h45m
[#############---------------] 15075/31847 ( 47.3%)  101.3/min  elapsed 2h28m  eta 2h45m
[#############---------------] 15100/31847 ( 47.4%)  101.3/min  elapsed 2h29m  eta 2h45m
[#############---------------] 15125/31847 ( 47.5%)  101.3/min  elapsed 2h29m  eta 2h45m
[#############---------------] 15150/31847 ( 47.6%)  101.2/min  elapsed 2h29m  eta 2h44m
[#############---------------] 15175/31847 ( 47.6%)  101.2/min  elapsed 2h29m  eta 2h44m
[#############---------------] 15200/31847 ( 47.7%)  101.2/min  elapsed 2h30m  eta 2h44m
[#############---------------] 15225/31847 ( 47.8%)  101.3/min  elapsed 2h30m  eta 2h44m
[#############---------------] 15250/31847 ( 47.9%)  101.2/min  elapsed 2h30m  eta 2h43m
[#############---------------] 15275/31847 ( 48.0%)  101.2/min  elapsed 2h30m  eta 2h43m
[#############---------------] 15300/31847 ( 48.0%)  101.2/min  elapsed 2h31m  eta 2h43m
[#############---------------] 15325/31847 ( 48.1%)  101.2/min  elapsed 2h31m  eta 2h43m
[#############---------------] 15350/31847 ( 48.2%)  101.2/min  elapsed 2h31m  eta 2h43m
[#############---------------] 15375/31847 ( 48.3%)  101.2/min  elapsed 2h31m  eta 2h42m
[#############---------------] 15400/31847 ( 48.4%)  101.2/min  elapsed 2h32m  eta 2h42m
[#############---------------] 15425/31847 ( 48.4%)  101.2/min  elapsed 2h32m  eta 2h42m
[#############---------------] 15450/31847 ( 48.5%)  101.1/min  elapsed 2h32m  eta 2h42m
[#############---------------] 15475/31847 ( 48.6%)  101.1/min  elapsed 2h33m  eta 2h41m
[#############---------------] 15500/31847 ( 48.7%)  101.1/min  elapsed 2h33m  eta 2h41m
[#############---------------] 15525/31847 ( 48.7%)  101.0/min  elapsed 2h33m  eta 2h41m
[#############---------------] 15550/31847 ( 48.8%)  101.1/min  elapsed 2h33m  eta 2h41m
[#############---------------] 15575/31847 ( 48.9%)  101.2/min  elapsed 2h33m  eta 2h40m
[#############---------------] 15600/31847 ( 49.0%)  101.2/min  elapsed 2h34m  eta 2h40m
[#############---------------] 15625/31847 ( 49.1%)  101.3/min  elapsed 2h34m  eta 2h40m
[#############---------------] 15650/31847 ( 49.1%)  101.3/min  elapsed 2h34m  eta 2h39m
[#############---------------] 15675/31847 ( 49.2%)  101.4/min  elapsed 2h34m  eta 2h39m
[#############---------------] 15700/31847 ( 49.3%)  101.5/min  elapsed 2h34m  eta 2h39m
[#############---------------] 15725/31847 ( 49.4%)  101.5/min  elapsed 2h34m  eta 2h38m
[#############---------------] 15750/31847 ( 49.5%)  101.6/min  elapsed 2h35m  eta 2h38m
[#############---------------] 15775/31847 ( 49.5%)  101.7/min  elapsed 2h35m  eta 2h38m
[#############---------------] 15800/31847 ( 49.6%)  101.8/min  elapsed 2h35m  eta 2h37m
[#############---------------] 15825/31847 ( 49.7%)  101.9/min  elapsed 2h35m  eta 2h37m
[#############---------------] 15850/31847 ( 49.8%)  101.9/min  elapsed 2h35m  eta 2h36m
[#############---------------] 15875/31847 ( 49.8%)  102.0/min  elapsed 2h35m  eta 2h36m
[#############---------------] 15900/31847 ( 49.9%)  102.0/min  elapsed 2h35m  eta 2h36m
[##############--------------] 15925/31847 ( 50.0%)  102.1/min  elapsed 2h36m  eta 2h35m
[##############--------------] 15950/31847 ( 50.1%)  102.1/min  elapsed 2h36m  eta 2h35m
[##############--------------] 15975/31847 ( 50.2%)  102.2/min  elapsed 2h36m  eta 2h35m
[##############--------------] 16000/31847 ( 50.2%)  102.2/min  elapsed 2h36m  eta 2h34m
[##############--------------] 16025/31847 ( 50.3%)  102.3/min  elapsed 2h36m  eta 2h34m
[##############--------------] 16050/31847 ( 50.4%)  102.3/min  elapsed 2h36m  eta 2h34m
[##############--------------] 16075/31847 ( 50.5%)  102.3/min  elapsed 2h37m  eta 2h34m
[##############--------------] 16100/31847 ( 50.6%)  102.3/min  elapsed 2h37m  eta 2h33m
[##############--------------] 16125/31847 ( 50.6%)  102.3/min  elapsed 2h37m  eta 2h33m
[##############--------------] 16150/31847 ( 50.7%)  102.3/min  elapsed 2h37m  eta 2h33m
[##############--------------] 16175/31847 ( 50.8%)  102.3/min  elapsed 2h38m  eta 2h33m
[##############--------------] 16200/31847 ( 50.9%)  102.3/min  elapsed 2h38m  eta 2h33m
[##############--------------] 16225/31847 ( 50.9%)  102.3/min  elapsed 2h38m  eta 2h32m
[##############--------------] 16250/31847 ( 51.0%)  102.3/min  elapsed 2h38m  eta 2h32m
[##############--------------] 16275/31847 ( 51.1%)  102.2/min  elapsed 2h39m  eta 2h32m
[##############--------------] 16300/31847 ( 51.2%)  102.3/min  elapsed 2h39m  eta 2h32m
[##############--------------] 16325/31847 ( 51.3%)  102.2/min  elapsed 2h39m  eta 2h31m
[##############--------------] 16350/31847 ( 51.3%)  102.2/min  elapsed 2h39m  eta 2h31m
[##############--------------] 16375/31847 ( 51.4%)  102.2/min  elapsed 2h40m  eta 2h31m
[##############--------------] 16400/31847 ( 51.5%)  102.2/min  elapsed 2h40m  eta 2h31m
[##############--------------] 16425/31847 ( 51.6%)  102.2/min  elapsed 2h40m  eta 2h30m
[##############--------------] 16450/31847 ( 51.7%)  102.2/min  elapsed 2h40m  eta 2h30m
[##############--------------] 16475/31847 ( 51.7%)  102.3/min  elapsed 2h41m  eta 2h30m
[##############--------------] 16500/31847 ( 51.8%)  102.3/min  elapsed 2h41m  eta 2h30m
[##############--------------] 16525/31847 ( 51.9%)  102.3/min  elapsed 2h41m  eta 2h29m
[##############--------------] 16550/31847 ( 52.0%)  102.3/min  elapsed 2h41m  eta 2h29m
[##############--------------] 16575/31847 ( 52.0%)  102.3/min  elapsed 2h42m  eta 2h29m
[##############--------------] 16600/31847 ( 52.1%)  102.2/min  elapsed 2h42m  eta 2h29m
[##############--------------] 16625/31847 ( 52.2%)  102.3/min  elapsed 2h42m  eta 2h28m
[##############--------------] 16650/31847 ( 52.3%)  102.2/min  elapsed 2h42m  eta 2h28m
[##############--------------] 16675/31847 ( 52.4%)  102.2/min  elapsed 2h43m  eta 2h28m
[##############--------------] 16700/31847 ( 52.4%)  102.2/min  elapsed 2h43m  eta 2h28m
[##############--------------] 16725/31847 ( 52.5%)  102.2/min  elapsed 2h43m  eta 2h27m
[##############--------------] 16750/31847 ( 52.6%)  102.3/min  elapsed 2h43m  eta 2h27m
[##############--------------] 16775/31847 ( 52.7%)  102.3/min  elapsed 2h43m  eta 2h27m
[##############--------------] 16800/31847 ( 52.8%)  102.3/min  elapsed 2h44m  eta 2h27m
[##############--------------] 16825/31847 ( 52.8%)  102.2/min  elapsed 2h44m  eta 2h26m
[##############--------------] 16850/31847 ( 52.9%)  102.3/min  elapsed 2h44m  eta 2h26m
[##############--------------] 16875/31847 ( 53.0%)  102.2/min  elapsed 2h45m  eta 2h26m
[##############--------------] 16900/31847 ( 53.1%)  102.2/min  elapsed 2h45m  eta 2h26m
[##############--------------] 16925/31847 ( 53.1%)  102.2/min  elapsed 2h45m  eta 2h25m
[##############--------------] 16950/31847 ( 53.2%)  102.2/min  elapsed 2h45m  eta 2h25m
[##############--------------] 16975/31847 ( 53.3%)  102.2/min  elapsed 2h46m  eta 2h25m
[##############--------------] 17000/31847 ( 53.4%)  102.2/min  elapsed 2h46m  eta 2h25m
[##############--------------] 17025/31847 ( 53.5%)  102.1/min  elapsed 2h46m  eta 2h25m
[##############--------------] 17050/31847 ( 53.5%)  102.1/min  elapsed 2h47m  eta 2h24m
[###############-------------] 17075/31847 ( 53.6%)  102.0/min  elapsed 2h47m  eta 2h24m
[###############-------------] 17100/31847 ( 53.7%)  102.0/min  elapsed 2h47m  eta 2h24m
[###############-------------] 17125/31847 ( 53.8%)  102.0/min  elapsed 2h47m  eta 2h24m
[###############-------------] 17150/31847 ( 53.9%)  101.9/min  elapsed 2h48m  eta 2h24m
[###############-------------] 17175/31847 ( 53.9%)  101.9/min  elapsed 2h48m  eta 2h23m
[###############-------------] 17200/31847 ( 54.0%)  101.8/min  elapsed 2h48m  eta 2h23m
[###############-------------] 17225/31847 ( 54.1%)  101.9/min  elapsed 2h49m  eta 2h23m
[###############-------------] 17250/31847 ( 54.2%)  101.9/min  elapsed 2h49m  eta 2h23m
[###############-------------] 17275/31847 ( 54.2%)  101.9/min  elapsed 2h49m  eta 2h22m
[###############-------------] 17300/31847 ( 54.3%)  101.9/min  elapsed 2h49m  eta 2h22m
[###############-------------] 17325/31847 ( 54.4%)  102.0/min  elapsed 2h49m  eta 2h22m
[###############-------------] 17350/31847 ( 54.5%)  102.0/min  elapsed 2h50m  eta 2h22m
[###############-------------] 17375/31847 ( 54.6%)  101.9/min  elapsed 2h50m  eta 2h21m
[###############-------------] 17400/31847 ( 54.6%)  101.9/min  elapsed 2h50m  eta 2h21m
[###############-------------] 17425/31847 ( 54.7%)  101.9/min  elapsed 2h50m  eta 2h21m
[###############-------------] 17450/31847 ( 54.8%)  101.9/min  elapsed 2h51m  eta 2h21m
[###############-------------] 17475/31847 ( 54.9%)  101.9/min  elapsed 2h51m  eta 2h20m
[###############-------------] 17500/31847 ( 55.0%)  101.9/min  elapsed 2h51m  eta 2h20m
[###############-------------] 17525/31847 ( 55.0%)  101.9/min  elapsed 2h52m  eta 2h20m
[###############-------------] 17550/31847 ( 55.1%)  101.8/min  elapsed 2h52m  eta 2h20m
[###############-------------] 17575/31847 ( 55.2%)  101.8/min  elapsed 2h52m  eta 2h20m
[###############-------------] 17600/31847 ( 55.3%)  101.9/min  elapsed 2h52m  eta 2h19m
[###############-------------] 17625/31847 ( 55.3%)  101.9/min  elapsed 2h52m  eta 2h19m
[###############-------------] 17650/31847 ( 55.4%)  102.0/min  elapsed 2h53m  eta 2h19m
[###############-------------] 17675/31847 ( 55.5%)  102.1/min  elapsed 2h53m  eta 2h18m
[###############-------------] 17700/31847 ( 55.6%)  102.1/min  elapsed 2h53m  eta 2h18m
[###############-------------] 17725/31847 ( 55.7%)  102.2/min  elapsed 2h53m  eta 2h18m
[###############-------------] 17750/31847 ( 55.7%)  102.2/min  elapsed 2h53m  eta 2h17m
[###############-------------] 17775/31847 ( 55.8%)  102.3/min  elapsed 2h53m  eta 2h17m
[###############-------------] 17800/31847 ( 55.9%)  102.3/min  elapsed 2h54m  eta 2h17m
[###############-------------] 17825/31847 ( 56.0%)  102.3/min  elapsed 2h54m  eta 2h17m
[###############-------------] 17850/31847 ( 56.0%)  102.4/min  elapsed 2h54m  eta 2h16m
[###############-------------] 17875/31847 ( 56.1%)  102.5/min  elapsed 2h54m  eta 2h16m
[###############-------------] 17900/31847 ( 56.2%)  102.5/min  elapsed 2h54m  eta 2h16m
[###############-------------] 17925/31847 ( 56.3%)  102.6/min  elapsed 2h54m  eta 2h15m
[###############-------------] 17950/31847 ( 56.4%)  102.6/min  elapsed 2h54m  eta 2h15m
[###############-------------] 17975/31847 ( 56.4%)  102.7/min  elapsed 2h55m  eta 2h15m
[###############-------------] 18000/31847 ( 56.5%)  102.7/min  elapsed 2h55m  eta 2h14m
[###############-------------] 18025/31847 ( 56.6%)  102.8/min  elapsed 2h55m  eta 2h14m
[###############-------------] 18050/31847 ( 56.7%)  102.8/min  elapsed 2h55m  eta 2h14m
[###############-------------] 18075/31847 ( 56.8%)  102.9/min  elapsed 2h55m  eta 2h13m
[###############-------------] 18100/31847 ( 56.8%)  102.8/min  elapsed 2h56m  eta 2h13m
[###############-------------] 18125/31847 ( 56.9%)  102.9/min  elapsed 2h56m  eta 2h13m
[###############-------------] 18150/31847 ( 57.0%)  102.8/min  elapsed 2h56m  eta 2h13m
[###############-------------] 18175/31847 ( 57.1%)  102.8/min  elapsed 2h56m  eta 2h12m
[################------------] 18200/31847 ( 57.1%)  102.9/min  elapsed 2h56m  eta 2h12m
[################------------] 18225/31847 ( 57.2%)  102.8/min  elapsed 2h57m  eta 2h12m
[################------------] 18250/31847 ( 57.3%)  102.8/min  elapsed 2h57m  eta 2h12m
[################------------] 18275/31847 ( 57.4%)  102.8/min  elapsed 2h57m  eta 2h11m
[################------------] 18300/31847 ( 57.5%)  102.9/min  elapsed 2h57m  eta 2h11m
[################------------] 18325/31847 ( 57.5%)  102.8/min  elapsed 2h58m  eta 2h11m
[################------------] 18350/31847 ( 57.6%)  102.8/min  elapsed 2h58m  eta 2h11m
[################------------] 18375/31847 ( 57.7%)  102.9/min  elapsed 2h58m  eta 2h10m
[################------------] 18400/31847 ( 57.8%)  102.8/min  elapsed 2h58m  eta 2h10m
[################------------] 18425/31847 ( 57.9%)  102.8/min  elapsed 2h59m  eta 2h10m
[################------------] 18450/31847 ( 57.9%)  102.8/min  elapsed 2h59m  eta 2h10m
[################------------] 18475/31847 ( 58.0%)  102.9/min  elapsed 2h59m  eta 2h09m
[################------------] 18500/31847 ( 58.1%)  102.9/min  elapsed 2h59m  eta 2h09m
[################------------] 18525/31847 ( 58.2%)  102.9/min  elapsed 3h00m  eta 2h09m
[################------------] 18550/31847 ( 58.2%)  102.9/min  elapsed 3h00m  eta 2h09m
[################------------] 18575/31847 ( 58.3%)  102.9/min  elapsed 3h00m  eta 2h09m
[################------------] 18600/31847 ( 58.4%)  102.9/min  elapsed 3h00m  eta 2h08m
[################------------] 18625/31847 ( 58.5%)  102.9/min  elapsed 3h00m  eta 2h08m
[################------------] 18650/31847 ( 58.6%)  102.9/min  elapsed 3h01m  eta 2h08m
[################------------] 18675/31847 ( 58.6%)  102.9/min  elapsed 3h01m  eta 2h08m
[################------------] 18700/31847 ( 58.7%)  102.9/min  elapsed 3h01m  eta 2h07m
[################------------] 18725/31847 ( 58.8%)  102.8/min  elapsed 3h02m  eta 2h07m
[################------------] 18750/31847 ( 58.9%)  102.8/min  elapsed 3h02m  eta 2h07m
[################------------] 18775/31847 ( 59.0%)  102.9/min  elapsed 3h02m  eta 2h07m
[################------------] 18800/31847 ( 59.0%)  102.9/min  elapsed 3h02m  eta 2h06m
[################------------] 18825/31847 ( 59.1%)  102.9/min  elapsed 3h03m  eta 2h06m
[################------------] 18850/31847 ( 59.2%)  102.9/min  elapsed 3h03m  eta 2h06m
[################------------] 18875/31847 ( 59.3%)  102.9/min  elapsed 3h03m  eta 2h06m
[################------------] 18900/31847 ( 59.3%)  102.8/min  elapsed 3h03m  eta 2h05m
[################------------] 18925/31847 ( 59.4%)  102.8/min  elapsed 3h04m  eta 2h05m
[################------------] 18950/31847 ( 59.5%)  102.8/min  elapsed 3h04m  eta 2h05m
[################------------] 18975/31847 ( 59.6%)  102.8/min  elapsed 3h04m  eta 2h05m
[################------------] 19000/31847 ( 59.7%)  102.8/min  elapsed 3h04m  eta 2h04m
[################------------] 19025/31847 ( 59.7%)  102.8/min  elapsed 3h05m  eta 2h04m
[################------------] 19050/31847 ( 59.8%)  102.8/min  elapsed 3h05m  eta 2h04m
[################------------] 19075/31847 ( 59.9%)  102.8/min  elapsed 3h05m  eta 2h04m
[################------------] 19100/31847 ( 60.0%)  102.7/min  elapsed 3h05m  eta 2h04m
[################------------] 19125/31847 ( 60.1%)  102.7/min  elapsed 3h06m  eta 2h03m
[################------------] 19150/31847 ( 60.1%)  102.6/min  elapsed 3h06m  eta 2h03m
[################------------] 19175/31847 ( 60.2%)  102.7/min  elapsed 3h06m  eta 2h03m
[################------------] 19200/31847 ( 60.3%)  102.6/min  elapsed 3h07m  eta 2h03m
[################------------] 19225/31847 ( 60.4%)  102.5/min  elapsed 3h07m  eta 2h03m
[################------------] 19250/31847 ( 60.4%)  102.5/min  elapsed 3h07m  eta 2h02m
[################------------] 19275/31847 ( 60.5%)  102.6/min  elapsed 3h07m  eta 2h02m
[################------------] 19300/31847 ( 60.6%)  102.6/min  elapsed 3h08m  eta 2h02m
[################------------] 19325/31847 ( 60.7%)  102.6/min  elapsed 3h08m  eta 2h02m
[#################-----------] 19350/31847 ( 60.8%)  102.6/min  elapsed 3h08m  eta 2h01m
[#################-----------] 19375/31847 ( 60.8%)  102.6/min  elapsed 3h08m  eta 2h01m
[#################-----------] 19400/31847 ( 60.9%)  102.7/min  elapsed 3h08m  eta 2h01m
[#################-----------] 19425/31847 ( 61.0%)  102.6/min  elapsed 3h09m  eta 2h01m
[#################-----------] 19450/31847 ( 61.1%)  102.6/min  elapsed 3h09m  eta 2h00m
[#################-----------] 19475/31847 ( 61.2%)  102.6/min  elapsed 3h09m  eta 2h00m
[#################-----------] 19500/31847 ( 61.2%)  102.6/min  elapsed 3h10m  eta 2h00m
[#################-----------] 19525/31847 ( 61.3%)  102.6/min  elapsed 3h10m  eta 2h00m
[#################-----------] 19550/31847 ( 61.4%)  102.6/min  elapsed 3h10m  eta 1h59m
[#################-----------] 19575/31847 ( 61.5%)  102.5/min  elapsed 3h10m  eta 1h59m
[#################-----------] 19600/31847 ( 61.5%)  102.5/min  elapsed 3h11m  eta 1h59m
[#################-----------] 19625/31847 ( 61.6%)  102.5/min  elapsed 3h11m  eta 1h59m
[#################-----------] 19650/31847 ( 61.7%)  102.6/min  elapsed 3h11m  eta 1h58m
[#################-----------] 19675/31847 ( 61.8%)  102.6/min  elapsed 3h11m  eta 1h58m
[#################-----------] 19700/31847 ( 61.9%)  102.7/min  elapsed 3h11m  eta 1h58m
[#################-----------] 19725/31847 ( 61.9%)  102.7/min  elapsed 3h11m  eta 1h57m
[#################-----------] 19750/31847 ( 62.0%)  102.8/min  elapsed 3h12m  eta 1h57m
[#################-----------] 19775/31847 ( 62.1%)  102.8/min  elapsed 3h12m  eta 1h57m
[#################-----------] 19800/31847 ( 62.2%)  102.9/min  elapsed 3h12m  eta 1h57m
[#################-----------] 19825/31847 ( 62.3%)  102.9/min  elapsed 3h12m  eta 1h56m
[#################-----------] 19850/31847 ( 62.3%)  103.0/min  elapsed 3h12m  eta 1h56m
[#################-----------] 19875/31847 ( 62.4%)  103.0/min  elapsed 3h12m  eta 1h56m
[#################-----------] 19900/31847 ( 62.5%)  103.0/min  elapsed 3h13m  eta 1h55m
[#################-----------] 19925/31847 ( 62.6%)  103.1/min  elapsed 3h13m  eta 1h55m
[#################-----------] 19950/31847 ( 62.6%)  103.2/min  elapsed 3h13m  eta 1h55m
[#################-----------] 19975/31847 ( 62.7%)  103.2/min  elapsed 3h13m  eta 1h55m
[#################-----------] 20000/31847 ( 62.8%)  103.2/min  elapsed 3h13m  eta 1h54m
[#################-----------] 20025/31847 ( 62.9%)  103.3/min  elapsed 3h13m  eta 1h54m
[#################-----------] 20050/31847 ( 63.0%)  103.3/min  elapsed 3h14m  eta 1h54m
[#################-----------] 20075/31847 ( 63.0%)  103.4/min  elapsed 3h14m  eta 1h53m
[#################-----------] 20100/31847 ( 63.1%)  103.4/min  elapsed 3h14m  eta 1h53m
[#################-----------] 20125/31847 ( 63.2%)  103.4/min  elapsed 3h14m  eta 1h53m
[#################-----------] 20150/31847 ( 63.3%)  103.4/min  elapsed 3h14m  eta 1h53m
[#################-----------] 20175/31847 ( 63.3%)  103.4/min  elapsed 3h15m  eta 1h52m
[#################-----------] 20200/31847 ( 63.4%)  103.4/min  elapsed 3h15m  eta 1h52m
[#################-----------] 20225/31847 ( 63.5%)  103.4/min  elapsed 3h15m  eta 1h52m
[#################-----------] 20250/31847 ( 63.6%)  103.4/min  elapsed 3h15m  eta 1h52m
[#################-----------] 20275/31847 ( 63.7%)  103.4/min  elapsed 3h16m  eta 1h51m
[#################-----------] 20300/31847 ( 63.7%)  103.4/min  elapsed 3h16m  eta 1h51m
[#################-----------] 20325/31847 ( 63.8%)  103.4/min  elapsed 3h16m  eta 1h51m
[#################-----------] 20350/31847 ( 63.9%)  103.4/min  elapsed 3h16m  eta 1h51m
[#################-----------] 20375/31847 ( 64.0%)  103.5/min  elapsed 3h16m  eta 1h50m
[#################-----------] 20400/31847 ( 64.1%)  103.4/min  elapsed 3h17m  eta 1h50m
[#################-----------] 20425/31847 ( 64.1%)  103.5/min  elapsed 3h17m  eta 1h50m
[#################-----------] 20450/31847 ( 64.2%)  103.4/min  elapsed 3h17m  eta 1h50m
[##################----------] 20475/31847 ( 64.3%)  103.4/min  elapsed 3h17m  eta 1h49m
[##################----------] 20500/31847 ( 64.4%)  103.5/min  elapsed 3h18m  eta 1h49m
[##################----------] 20525/31847 ( 64.4%)  103.5/min  elapsed 3h18m  eta 1h49m
[##################----------] 20550/31847 ( 64.5%)  103.5/min  elapsed 3h18m  eta 1h49m
[##################----------] 20575/31847 ( 64.6%)  103.5/min  elapsed 3h18m  eta 1h48m
[##################----------] 20600/31847 ( 64.7%)  103.5/min  elapsed 3h18m  eta 1h48m
[##################----------] 20625/31847 ( 64.8%)  103.5/min  elapsed 3h19m  eta 1h48m
[##################----------] 20650/31847 ( 64.8%)  103.4/min  elapsed 3h19m  eta 1h48m
[##################----------] 20675/31847 ( 64.9%)  103.4/min  elapsed 3h19m  eta 1h48m
[##################----------] 20700/31847 ( 65.0%)  103.5/min  elapsed 3h20m  eta 1h47m
[##################----------] 20725/31847 ( 65.1%)  103.4/min  elapsed 3h20m  eta 1h47m
[##################----------] 20750/31847 ( 65.2%)  103.4/min  elapsed 3h20m  eta 1h47m
[##################----------] 20775/31847 ( 65.2%)  103.4/min  elapsed 3h20m  eta 1h47m
[##################----------] 20800/31847 ( 65.3%)  103.4/min  elapsed 3h21m  eta 1h46m
[##################----------] 20825/31847 ( 65.4%)  103.4/min  elapsed 3h21m  eta 1h46m
[##################----------] 20850/31847 ( 65.5%)  103.5/min  elapsed 3h21m  eta 1h46m
[##################----------] 20875/31847 ( 65.5%)  103.4/min  elapsed 3h21m  eta 1h46m
[##################----------] 20900/31847 ( 65.6%)  103.4/min  elapsed 3h22m  eta 1h45m
[##################----------] 20925/31847 ( 65.7%)  103.4/min  elapsed 3h22m  eta 1h45m
[##################----------] 20950/31847 ( 65.8%)  103.4/min  elapsed 3h22m  eta 1h45m
[##################----------] 20975/31847 ( 65.9%)  103.4/min  elapsed 3h22m  eta 1h45m
[##################----------] 21000/31847 ( 65.9%)  103.4/min  elapsed 3h23m  eta 1h44m
[##################----------] 21025/31847 ( 66.0%)  103.4/min  elapsed 3h23m  eta 1h44m
[##################----------] 21050/31847 ( 66.1%)  103.4/min  elapsed 3h23m  eta 1h44m
[##################----------] 21075/31847 ( 66.2%)  103.3/min  elapsed 3h23m  eta 1h44m
[##################----------] 21100/31847 ( 66.3%)  103.4/min  elapsed 3h24m  eta 1h43m
[##################----------] 21125/31847 ( 66.3%)  103.3/min  elapsed 3h24m  eta 1h43m
[##################----------] 21150/31847 ( 66.4%)  103.2/min  elapsed 3h24m  eta 1h43m
[##################----------] 21175/31847 ( 66.5%)  103.3/min  elapsed 3h25m  eta 1h43m
[##################----------] 21200/31847 ( 66.6%)  103.2/min  elapsed 3h25m  eta 1h43m
[##################----------] 21225/31847 ( 66.6%)  103.2/min  elapsed 3h25m  eta 1h42m
[##################----------] 21250/31847 ( 66.7%)  103.2/min  elapsed 3h25m  eta 1h42m
[##################----------] 21275/31847 ( 66.8%)  103.2/min  elapsed 3h26m  eta 1h42m
[##################----------] 21300/31847 ( 66.9%)  103.1/min  elapsed 3h26m  eta 1h42m
[##################----------] 21325/31847 ( 67.0%)  103.1/min  elapsed 3h26m  eta 1h42m
[##################----------] 21350/31847 ( 67.0%)  103.2/min  elapsed 3h26m  eta 1h41m
[##################----------] 21375/31847 ( 67.1%)  103.2/min  elapsed 3h27m  eta 1h41m
[##################----------] 21400/31847 ( 67.2%)  103.2/min  elapsed 3h27m  eta 1h41m
[##################----------] 21425/31847 ( 67.3%)  103.2/min  elapsed 3h27m  eta 1h40m
[##################----------] 21450/31847 ( 67.4%)  103.2/min  elapsed 3h27m  eta 1h40m
[##################----------] 21475/31847 ( 67.4%)  103.2/min  elapsed 3h28m  eta 1h40m
[##################----------] 21500/31847 ( 67.5%)  103.2/min  elapsed 3h28m  eta 1h40m
[##################----------] 21525/31847 ( 67.6%)  103.2/min  elapsed 3h28m  eta 1h39m
[##################----------] 21550/31847 ( 67.7%)  103.2/min  elapsed 3h28m  eta 1h39m
[##################----------] 21575/31847 ( 67.7%)  103.2/min  elapsed 3h29m  eta 1h39m
[##################----------] 21600/31847 ( 67.8%)  103.2/min  elapsed 3h29m  eta 1h39m
[###################---------] 21625/31847 ( 67.9%)  103.1/min  elapsed 3h29m  eta 1h39m
[###################---------] 21650/31847 ( 68.0%)  103.1/min  elapsed 3h29m  eta 1h38m
[###################---------] 21675/31847 ( 68.1%)  103.2/min  elapsed 3h30m  eta 1h38m
[###################---------] 21700/31847 ( 68.1%)  103.2/min  elapsed 3h30m  eta 1h38m
[###################---------] 21725/31847 ( 68.2%)  103.2/min  elapsed 3h30m  eta 1h38m
[###################---------] 21750/31847 ( 68.3%)  103.2/min  elapsed 3h30m  eta 1h37m
[###################---------] 21775/31847 ( 68.4%)  103.2/min  elapsed 3h30m  eta 1h37m
[###################---------] 21800/31847 ( 68.5%)  103.3/min  elapsed 3h31m  eta 1h37m
[###################---------] 21825/31847 ( 68.5%)  103.3/min  elapsed 3h31m  eta 1h37m
[###################---------] 21850/31847 ( 68.6%)  103.4/min  elapsed 3h31m  eta 1h36m
[###################---------] 21875/31847 ( 68.7%)  103.4/min  elapsed 3h31m  eta 1h36m
[###################---------] 21900/31847 ( 68.8%)  103.4/min  elapsed 3h31m  eta 1h36m
[###################---------] 21925/31847 ( 68.8%)  103.5/min  elapsed 3h31m  eta 1h35m
[###################---------] 21950/31847 ( 68.9%)  103.5/min  elapsed 3h32m  eta 1h35m
[###################---------] 21975/31847 ( 69.0%)  103.6/min  elapsed 3h32m  eta 1h35m
[###################---------] 22000/31847 ( 69.1%)  103.6/min  elapsed 3h32m  eta 1h35m
[###################---------] 22025/31847 ( 69.2%)  103.7/min  elapsed 3h32m  eta 1h34m
[###################---------] 22050/31847 ( 69.2%)  103.7/min  elapsed 3h32m  eta 1h34m
[###################---------] 22075/31847 ( 69.3%)  103.7/min  elapsed 3h32m  eta 1h34m
[###################---------] 22100/31847 ( 69.4%)  103.8/min  elapsed 3h32m  eta 1h33m
[###################---------] 22125/31847 ( 69.5%)  103.8/min  elapsed 3h33m  eta 1h33m
[###################---------] 22150/31847 ( 69.6%)  103.8/min  elapsed 3h33m  eta 1h33m
[###################---------] 22175/31847 ( 69.6%)  103.8/min  elapsed 3h33m  eta 1h33m
[###################---------] 22200/31847 ( 69.7%)  103.8/min  elapsed 3h33m  eta 1h32m
[###################---------] 22225/31847 ( 69.8%)  103.8/min  elapsed 3h34m  eta 1h32m
[###################---------] 22250/31847 ( 69.9%)  103.8/min  elapsed 3h34m  eta 1h32m
[###################---------] 22275/31847 ( 69.9%)  103.8/min  elapsed 3h34m  eta 1h32m
[###################---------] 22300/31847 ( 70.0%)  103.8/min  elapsed 3h34m  eta 1h32m
[###################---------] 22325/31847 ( 70.1%)  103.8/min  elapsed 3h35m  eta 1h31m
[###################---------] 22350/31847 ( 70.2%)  103.8/min  elapsed 3h35m  eta 1h31m
[###################---------] 22375/31847 ( 70.3%)  103.8/min  elapsed 3h35m  eta 1h31m
[###################---------] 22400/31847 ( 70.3%)  103.8/min  elapsed 3h35m  eta 1h30m
[###################---------] 22425/31847 ( 70.4%)  103.8/min  elapsed 3h35m  eta 1h30m
[###################---------] 22450/31847 ( 70.5%)  103.8/min  elapsed 3h36m  eta 1h30m
[###################---------] 22475/31847 ( 70.6%)  103.8/min  elapsed 3h36m  eta 1h30m
[###################---------] 22500/31847 ( 70.7%)  103.8/min  elapsed 3h36m  eta 1h30m
[###################---------] 22525/31847 ( 70.7%)  103.8/min  elapsed 3h36m  eta 1h29m
[###################---------] 22550/31847 ( 70.8%)  103.9/min  elapsed 3h37m  eta 1h29m
[###################---------] 22575/31847 ( 70.9%)  103.9/min  elapsed 3h37m  eta 1h29m
[###################---------] 22600/31847 ( 71.0%)  103.9/min  elapsed 3h37m  eta 1h29m
[###################---------] 22625/31847 ( 71.0%)  103.9/min  elapsed 3h37m  eta 1h28m
[###################---------] 22650/31847 ( 71.1%)  103.9/min  elapsed 3h38m  eta 1h28m
[###################---------] 22675/31847 ( 71.2%)  103.8/min  elapsed 3h38m  eta 1h28m
[###################---------] 22700/31847 ( 71.3%)  103.9/min  elapsed 3h38m  eta 1h28m
[###################---------] 22725/31847 ( 71.4%)  103.8/min  elapsed 3h38m  eta 1h27m
[####################--------] 22750/31847 ( 71.4%)  103.8/min  elapsed 3h39m  eta 1h27m
[####################--------] 22775/31847 ( 71.5%)  103.8/min  elapsed 3h39m  eta 1h27m
[####################--------] 22800/31847 ( 71.6%)  103.7/min  elapsed 3h39m  eta 1h27m
[####################--------] 22825/31847 ( 71.7%)  103.7/min  elapsed 3h40m  eta 1h26m
[####################--------] 22850/31847 ( 71.7%)  103.8/min  elapsed 3h40m  eta 1h26m
[####################--------] 22875/31847 ( 71.8%)  103.8/min  elapsed 3h40m  eta 1h26m
[####################--------] 22900/31847 ( 71.9%)  103.8/min  elapsed 3h40m  eta 1h26m
[####################--------] 22925/31847 ( 72.0%)  103.8/min  elapsed 3h40m  eta 1h25m
[####################--------] 22950/31847 ( 72.1%)  103.8/min  elapsed 3h41m  eta 1h25m
[####################--------] 22975/31847 ( 72.1%)  103.8/min  elapsed 3h41m  eta 1h25m
[####################--------] 23000/31847 ( 72.2%)  103.8/min  elapsed 3h41m  eta 1h25m
[####################--------] 23025/31847 ( 72.3%)  103.8/min  elapsed 3h41m  eta 1h25m
[####################--------] 23050/31847 ( 72.4%)  103.8/min  elapsed 3h42m  eta 1h24m
[####################--------] 23075/31847 ( 72.5%)  103.8/min  elapsed 3h42m  eta 1h24m
[####################--------] 23100/31847 ( 72.5%)  103.8/min  elapsed 3h42m  eta 1h24m
[####################--------] 23125/31847 ( 72.6%)  103.8/min  elapsed 3h42m  eta 1h24m
[####################--------] 23150/31847 ( 72.7%)  103.8/min  elapsed 3h43m  eta 1h23m
[####################--------] 23175/31847 ( 72.8%)  103.7/min  elapsed 3h43m  eta 1h23m
[####################--------] 23200/31847 ( 72.8%)  103.7/min  elapsed 3h43m  eta 1h23m
[####################--------] 23225/31847 ( 72.9%)  103.6/min  elapsed 3h44m  eta 1h23m
[####################--------] 23250/31847 ( 73.0%)  103.7/min  elapsed 3h44m  eta 1h22m
[####################--------] 23275/31847 ( 73.1%)  103.6/min  elapsed 3h44m  eta 1h22m
[####################--------] 23300/31847 ( 73.2%)  103.6/min  elapsed 3h44m  eta 1h22m
[####################--------] 23325/31847 ( 73.2%)  103.5/min  elapsed 3h45m  eta 1h22m
[####################--------] 23350/31847 ( 73.3%)  103.6/min  elapsed 3h45m  eta 1h22m
[####################--------] 23375/31847 ( 73.4%)  103.6/min  elapsed 3h45m  eta 1h21m
[####################--------] 23400/31847 ( 73.5%)  103.6/min  elapsed 3h45m  eta 1h21m
[####################--------] 23425/31847 ( 73.6%)  103.6/min  elapsed 3h46m  eta 1h21m
[####################--------] 23450/31847 ( 73.6%)  103.6/min  elapsed 3h46m  eta 1h21m
[####################--------] 23475/31847 ( 73.7%)  103.6/min  elapsed 3h46m  eta 1h20m
[####################--------] 23500/31847 ( 73.8%)  103.6/min  elapsed 3h46m  eta 1h20m
[####################--------] 23525/31847 ( 73.9%)  103.6/min  elapsed 3h47m  eta 1h20m
[####################--------] 23550/31847 ( 73.9%)  103.6/min  elapsed 3h47m  eta 1h20m
[####################--------] 23575/31847 ( 74.0%)  103.6/min  elapsed 3h47m  eta 1h19m
[####################--------] 23600/31847 ( 74.1%)  103.5/min  elapsed 3h47m  eta 1h19m
[####################--------] 23625/31847 ( 74.2%)  103.5/min  elapsed 3h48m  eta 1h19m
[####################--------] 23650/31847 ( 74.3%)  103.5/min  elapsed 3h48m  eta 1h19m
[####################--------] 23675/31847 ( 74.3%)  103.5/min  elapsed 3h48m  eta 1h18m
[####################--------] 23700/31847 ( 74.4%)  103.5/min  elapsed 3h48m  eta 1h18m
[####################--------] 23725/31847 ( 74.5%)  103.6/min  elapsed 3h49m  eta 1h18m
[####################--------] 23750/31847 ( 74.6%)  103.6/min  elapsed 3h49m  eta 1h18m
[####################--------] 23775/31847 ( 74.7%)  103.6/min  elapsed 3h49m  eta 1h17m
[####################--------] 23800/31847 ( 74.7%)  103.6/min  elapsed 3h49m  eta 1h17m
[####################--------] 23825/31847 ( 74.8%)  103.7/min  elapsed 3h49m  eta 1h17m
[####################--------] 23850/31847 ( 74.9%)  103.7/min  elapsed 3h49m  eta 1h17m
[####################--------] 23875/31847 ( 75.0%)  103.8/min  elapsed 3h50m  eta 1h16m
[#####################-------] 23900/31847 ( 75.0%)  103.8/min  elapsed 3h50m  eta 1h16m
[#####################-------] 23925/31847 ( 75.1%)  103.9/min  elapsed 3h50m  eta 1h16m
[#####################-------] 23950/31847 ( 75.2%)  103.9/min  elapsed 3h50m  eta 1h16m
[#####################-------] 23975/31847 ( 75.3%)  104.0/min  elapsed 3h50m  eta 1h15m
[#####################-------] 24000/31847 ( 75.4%)  104.0/min  elapsed 3h50m  eta 1h15m
[#####################-------] 24025/31847 ( 75.4%)  104.1/min  elapsed 3h50m  eta 1h15m
[#####################-------] 24050/31847 ( 75.5%)  104.1/min  elapsed 3h51m  eta 1h14m
[#####################-------] 24075/31847 ( 75.6%)  104.1/min  elapsed 3h51m  eta 1h14m
[#####################-------] 24100/31847 ( 75.7%)  104.2/min  elapsed 3h51m  eta 1h14m
[#####################-------] 24125/31847 ( 75.8%)  104.2/min  elapsed 3h51m  eta 1h14m
[#####################-------] 24150/31847 ( 75.8%)  104.3/min  elapsed 3h51m  eta 1h13m
[#####################-------] 24175/31847 ( 75.9%)  104.3/min  elapsed 3h51m  eta 1h13m
[#####################-------] 24200/31847 ( 76.0%)  104.3/min  elapsed 3h51m  eta 1h13m
[#####################-------] 24225/31847 ( 76.1%)  104.3/min  elapsed 3h52m  eta 1h13m
[#####################-------] 24250/31847 ( 76.1%)  104.3/min  elapsed 3h52m  eta 1h12m
[#####################-------] 24275/31847 ( 76.2%)  104.3/min  elapsed 3h52m  eta 1h12m
[#####################-------] 24300/31847 ( 76.3%)  104.3/min  elapsed 3h53m  eta 1h12m
[#####################-------] 24325/31847 ( 76.4%)  104.3/min  elapsed 3h53m  eta 1h12m
[#####################-------] 24350/31847 ( 76.5%)  104.3/min  elapsed 3h53m  eta 1h11m
[#####################-------] 24375/31847 ( 76.5%)  104.3/min  elapsed 3h53m  eta 1h11m
[#####################-------] 24400/31847 ( 76.6%)  104.3/min  elapsed 3h53m  eta 1h11m
[#####################-------] 24425/31847 ( 76.7%)  104.3/min  elapsed 3h54m  eta 1h11m
[#####################-------] 24450/31847 ( 76.8%)  104.3/min  elapsed 3h54m  eta 1h10m
[#####################-------] 24475/31847 ( 76.9%)  104.3/min  elapsed 3h54m  eta 1h10m
[#####################-------] 24500/31847 ( 76.9%)  104.3/min  elapsed 3h54m  eta 1h10m
[#####################-------] 24525/31847 ( 77.0%)  104.3/min  elapsed 3h55m  eta 1h10m
[#####################-------] 24550/31847 ( 77.1%)  104.3/min  elapsed 3h55m  eta 1h09m
[#####################-------] 24575/31847 ( 77.2%)  104.3/min  elapsed 3h55m  eta 1h09m
[#####################-------] 24600/31847 ( 77.2%)  104.3/min  elapsed 3h55m  eta 1h09m
[#####################-------] 24625/31847 ( 77.3%)  104.3/min  elapsed 3h55m  eta 1h09m
[#####################-------] 24650/31847 ( 77.4%)  104.4/min  elapsed 3h56m  eta 1h08m
[#####################-------] 24675/31847 ( 77.5%)  104.4/min  elapsed 3h56m  eta 1h08m
[#####################-------] 24700/31847 ( 77.6%)  104.4/min  elapsed 3h56m  eta 1h08m
[#####################-------] 24725/31847 ( 77.6%)  104.3/min  elapsed 3h56m  eta 1h08m
[#####################-------] 24750/31847 ( 77.7%)  104.4/min  elapsed 3h57m  eta 1h08m
[#####################-------] 24775/31847 ( 77.8%)  104.3/min  elapsed 3h57m  eta 1h07m
[#####################-------] 24800/31847 ( 77.9%)  104.3/min  elapsed 3h57m  eta 1h07m
[#####################-------] 24825/31847 ( 78.0%)  104.3/min  elapsed 3h57m  eta 1h07m
[#####################-------] 24850/31847 ( 78.0%)  104.3/min  elapsed 3h58m  eta 1h07m
[#####################-------] 24875/31847 ( 78.1%)  104.3/min  elapsed 3h58m  eta 1h06m
[#####################-------] 24900/31847 ( 78.2%)  104.3/min  elapsed 3h58m  eta 1h06m
[#####################-------] 24925/31847 ( 78.3%)  104.3/min  elapsed 3h58m  eta 1h06m
[#####################-------] 24950/31847 ( 78.3%)  104.3/min  elapsed 3h59m  eta 1h06m
[#####################-------] 24975/31847 ( 78.4%)  104.3/min  elapsed 3h59m  eta 1h05m
[#####################-------] 25000/31847 ( 78.5%)  104.2/min  elapsed 3h59m  eta 1h05m
[######################------] 25025/31847 ( 78.6%)  104.2/min  elapsed 4h00m  eta 1h05m
[######################------] 25050/31847 ( 78.7%)  104.2/min  elapsed 4h00m  eta 1h05m
[######################------] 25075/31847 ( 78.7%)  104.2/min  elapsed 4h00m  eta 1h04m
[######################------] 25100/31847 ( 78.8%)  104.2/min  elapsed 4h00m  eta 1h04m
[######################------] 25125/31847 ( 78.9%)  104.2/min  elapsed 4h01m  eta 1h04m
[######################------] 25150/31847 ( 79.0%)  104.2/min  elapsed 4h01m  eta 1h04m
[######################------] 25175/31847 ( 79.0%)  104.2/min  elapsed 4h01m  eta 1h04m
[######################------] 25200/31847 ( 79.1%)  104.2/min  elapsed 4h01m  eta 1h03m
[######################------] 25225/31847 ( 79.2%)  104.1/min  elapsed 4h02m  eta 1h03m
[######################------] 25250/31847 ( 79.3%)  104.1/min  elapsed 4h02m  eta 1h03m
[######################------] 25275/31847 ( 79.4%)  104.1/min  elapsed 4h02m  eta 1h03m
[######################------] 25300/31847 ( 79.4%)  104.0/min  elapsed 4h03m  eta 1h02m
[######################------] 25325/31847 ( 79.5%)  104.0/min  elapsed 4h03m  eta 1h02m
[######################------] 25350/31847 ( 79.6%)  104.0/min  elapsed 4h03m  eta 1h02m
[######################------] 25375/31847 ( 79.7%)  104.0/min  elapsed 4h04m  eta 1h02m
[######################------] 25400/31847 ( 79.8%)  104.0/min  elapsed 4h04m  eta 1h01m
[######################------] 25425/31847 ( 79.8%)  104.0/min  elapsed 4h04m  eta 1h01m
[######################------] 25450/31847 ( 79.9%)  104.0/min  elapsed 4h04m  eta 1h01m
[######################------] 25475/31847 ( 80.0%)  104.1/min  elapsed 4h04m  eta 1h01m
[######################------] 25500/31847 ( 80.1%)  104.0/min  elapsed 4h05m  eta 1h01m
[######################------] 25525/31847 ( 80.1%)  104.1/min  elapsed 4h05m  eta 1h00m
[######################------] 25550/31847 ( 80.2%)  104.0/min  elapsed 4h05m  eta 1h00m
[######################------] 25575/31847 ( 80.3%)  104.0/min  elapsed 4h05m  eta 1h00m
[######################------] 25600/31847 ( 80.4%)  104.0/min  elapsed 4h06m  eta 1h00m
[######################------] 25625/31847 ( 80.5%)  104.0/min  elapsed 4h06m  eta 59m48s
[######################------] 25650/31847 ( 80.5%)  104.0/min  elapsed 4h06m  eta 59m33s
[######################------] 25675/31847 ( 80.6%)  104.0/min  elapsed 4h06m  eta 59m19s
[######################------] 25700/31847 ( 80.7%)  104.0/min  elapsed 4h07m  eta 59m06s
[######################------] 25725/31847 ( 80.8%)  104.0/min  elapsed 4h07m  eta 58m52s
[######################------] 25750/31847 ( 80.9%)  104.0/min  elapsed 4h07m  eta 58m36s
[######################------] 25775/31847 ( 80.9%)  104.0/min  elapsed 4h07m  eta 58m21s
[######################------] 25800/31847 ( 81.0%)  104.1/min  elapsed 4h07m  eta 58m05s
[######################------] 25825/31847 ( 81.1%)  104.1/min  elapsed 4h08m  eta 57m50s
[######################------] 25850/31847 ( 81.2%)  104.1/min  elapsed 4h08m  eta 57m35s
[######################------] 25875/31847 ( 81.2%)  104.2/min  elapsed 4h08m  eta 57m20s
[######################------] 25900/31847 ( 81.3%)  104.2/min  elapsed 4h08m  eta 57m04s
[######################------] 25925/31847 ( 81.4%)  104.2/min  elapsed 4h08m  eta 56m48s
[######################------] 25950/31847 ( 81.5%)  104.3/min  elapsed 4h08m  eta 56m33s
[######################------] 25975/31847 ( 81.6%)  104.3/min  elapsed 4h08m  eta 56m16s
[######################------] 26000/31847 ( 81.6%)  104.3/min  elapsed 4h09m  eta 56m01s
[######################------] 26025/31847 ( 81.7%)  104.4/min  elapsed 4h09m  eta 55m46s
[######################------] 26050/31847 ( 81.8%)  104.4/min  elapsed 4h09m  eta 55m31s
[######################------] 26075/31847 ( 81.9%)  104.5/min  elapsed 4h09m  eta 55m15s
[######################------] 26100/31847 ( 82.0%)  104.5/min  elapsed 4h09m  eta 54m59s
[######################------] 26125/31847 ( 82.0%)  104.6/min  elapsed 4h09m  eta 54m43s
[######################------] 26150/31847 ( 82.1%)  104.6/min  elapsed 4h10m  eta 54m28s
[#######################-----] 26175/31847 ( 82.2%)  104.6/min  elapsed 4h10m  eta 54m12s
[#######################-----] 26200/31847 ( 82.3%)  104.7/min  elapsed 4h10m  eta 53m56s
[#######################-----] 26225/31847 ( 82.3%)  104.7/min  elapsed 4h10m  eta 53m41s
[#######################-----] 26250/31847 ( 82.4%)  104.7/min  elapsed 4h10m  eta 53m27s
[#######################-----] 26275/31847 ( 82.5%)  104.7/min  elapsed 4h10m  eta 53m12s
[#######################-----] 26300/31847 ( 82.6%)  104.7/min  elapsed 4h11m  eta 52m59s
[#######################-----] 26325/31847 ( 82.7%)  104.7/min  elapsed 4h11m  eta 52m45s
[#######################-----] 26350/31847 ( 82.7%)  104.7/min  elapsed 4h11m  eta 52m30s
[#######################-----] 26375/31847 ( 82.8%)  104.7/min  elapsed 4h12m  eta 52m16s
[#######################-----] 26400/31847 ( 82.9%)  104.7/min  elapsed 4h12m  eta 52m02s
[#######################-----] 26425/31847 ( 83.0%)  104.7/min  elapsed 4h12m  eta 51m47s
[#######################-----] 26450/31847 ( 83.1%)  104.7/min  elapsed 4h12m  eta 51m33s
[#######################-----] 26475/31847 ( 83.1%)  104.7/min  elapsed 4h12m  eta 51m19s
[#######################-----] 26500/31847 ( 83.2%)  104.7/min  elapsed 4h13m  eta 51m04s
[#######################-----] 26525/31847 ( 83.3%)  104.7/min  elapsed 4h13m  eta 50m50s
[#######################-----] 26550/31847 ( 83.4%)  104.6/min  elapsed 4h13m  eta 50m37s
[#######################-----] 26575/31847 ( 83.4%)  104.7/min  elapsed 4h13m  eta 50m22s
[#######################-----] 26600/31847 ( 83.5%)  104.7/min  elapsed 4h14m  eta 50m07s
[#######################-----] 26625/31847 ( 83.6%)  104.7/min  elapsed 4h14m  eta 49m52s
[#######################-----] 26650/31847 ( 83.7%)  104.7/min  elapsed 4h14m  eta 49m38s
[#######################-----] 26675/31847 ( 83.8%)  104.7/min  elapsed 4h14m  eta 49m23s
[#######################-----] 26700/31847 ( 83.8%)  104.7/min  elapsed 4h14m  eta 49m09s
[#######################-----] 26725/31847 ( 83.9%)  104.7/min  elapsed 4h15m  eta 48m54s
[#######################-----] 26750/31847 ( 84.0%)  104.7/min  elapsed 4h15m  eta 48m40s
[#######################-----] 26775/31847 ( 84.1%)  104.7/min  elapsed 4h15m  eta 48m26s
[#######################-----] 26800/31847 ( 84.2%)  104.7/min  elapsed 4h16m  eta 48m12s
[#######################-----] 26825/31847 ( 84.2%)  104.7/min  elapsed 4h16m  eta 47m57s
[#######################-----] 26850/31847 ( 84.3%)  104.7/min  elapsed 4h16m  eta 47m44s
[#######################-----] 26875/31847 ( 84.4%)  104.7/min  elapsed 4h16m  eta 47m30s
[#######################-----] 26900/31847 ( 84.5%)  104.6/min  elapsed 4h17m  eta 47m16s
[#######################-----] 26925/31847 ( 84.5%)  104.7/min  elapsed 4h17m  eta 47m01s
[#######################-----] 26950/31847 ( 84.6%)  104.7/min  elapsed 4h17m  eta 46m47s
[#######################-----] 26975/31847 ( 84.7%)  104.7/min  elapsed 4h17m  eta 46m33s
[#######################-----] 27000/31847 ( 84.8%)  104.6/min  elapsed 4h18m  eta 46m19s
[#######################-----] 27025/31847 ( 84.9%)  104.6/min  elapsed 4h18m  eta 46m05s
[#######################-----] 27050/31847 ( 84.9%)  104.6/min  elapsed 4h18m  eta 45m51s
[#######################-----] 27075/31847 ( 85.0%)  104.6/min  elapsed 4h18m  eta 45m38s

  !! ((2, 0.5, 1), 2.0, 256, 'relu', 3, 177) failed: LinAlgError: SVD did not converge
[#######################-----] 27100/31847 ( 85.1%)  104.6/min  elapsed 4h19m  eta 45m23s  (1 failed)
[#######################-----] 27125/31847 ( 85.2%)  104.6/min  elapsed 4h19m  eta 45m09s  (1 failed)
[#######################-----] 27150/31847 ( 85.3%)  104.6/min  elapsed 4h19m  eta 44m55s  (1 failed)
[#######################-----] 27175/31847 ( 85.3%)  104.6/min  elapsed 4h19m  eta 44m41s  (1 failed)
[#######################-----] 27200/31847 ( 85.4%)  104.6/min  elapsed 4h20m  eta 44m26s  (1 failed)
[#######################-----] 27225/31847 ( 85.5%)  104.5/min  elapsed 4h20m  eta 44m13s  (1 failed)
[#######################-----] 27250/31847 ( 85.6%)  104.5/min  elapsed 4h20m  eta 43m59s  (1 failed)
[#######################-----] 27275/31847 ( 85.6%)  104.5/min  elapsed 4h21m  eta 43m45s  (1 failed)
[########################----] 27300/31847 ( 85.7%)  104.5/min  elapsed 4h21m  eta 43m31s  (1 failed)
[########################----] 27325/31847 ( 85.8%)  104.5/min  elapsed 4h21m  eta 43m17s  (1 failed)
[########################----] 27350/31847 ( 85.9%)  104.4/min  elapsed 4h21m  eta 43m04s  (1 failed)
[########################----] 27375/31847 ( 86.0%)  104.4/min  elapsed 4h22m  eta 42m49s  (1 failed)
[########################----] 27400/31847 ( 86.0%)  104.4/min  elapsed 4h22m  eta 42m36s  (1 failed)
[########################----] 27425/31847 ( 86.1%)  104.4/min  elapsed 4h22m  eta 42m21s  (1 failed)
[########################----] 27450/31847 ( 86.2%)  104.4/min  elapsed 4h22m  eta 42m07s  (1 failed)
[########################----] 27475/31847 ( 86.3%)  104.4/min  elapsed 4h23m  eta 41m52s  (1 failed)
[########################----] 27500/31847 ( 86.4%)  104.4/min  elapsed 4h23m  eta 41m37s  (1 failed)
[########################----] 27525/31847 ( 86.4%)  104.5/min  elapsed 4h23m  eta 41m22s  (1 failed)
[########################----] 27550/31847 ( 86.5%)  104.5/min  elapsed 4h23m  eta 41m08s  (1 failed)
[########################----] 27575/31847 ( 86.6%)  104.4/min  elapsed 4h24m  eta 40m55s  (1 failed)
[########################----] 27600/31847 ( 86.7%)  104.4/min  elapsed 4h24m  eta 40m39s  (1 failed)
[########################----] 27625/31847 ( 86.7%)  104.4/min  elapsed 4h24m  eta 40m25s  (1 failed)
[########################----] 27650/31847 ( 86.8%)  104.4/min  elapsed 4h24m  eta 40m11s  (1 failed)
[########################----] 27675/31847 ( 86.9%)  104.4/min  elapsed 4h24m  eta 39m56s  (1 failed)
[########################----] 27700/31847 ( 87.0%)  104.4/min  elapsed 4h25m  eta 39m43s  (1 failed)
[########################----] 27725/31847 ( 87.1%)  104.4/min  elapsed 4h25m  eta 39m28s  (1 failed)
[########################----] 27750/31847 ( 87.1%)  104.4/min  elapsed 4h25m  eta 39m15s  (1 failed)
[########################----] 27775/31847 ( 87.2%)  104.4/min  elapsed 4h26m  eta 39m00s  (1 failed)
[########################----] 27800/31847 ( 87.3%)  104.4/min  elapsed 4h26m  eta 38m45s  (1 failed)
[########################----] 27825/31847 ( 87.4%)  104.5/min  elapsed 4h26m  eta 38m30s  (1 failed)
[########################----] 27850/31847 ( 87.4%)  104.5/min  elapsed 4h26m  eta 38m15s  (1 failed)
[########################----] 27875/31847 ( 87.5%)  104.5/min  elapsed 4h26m  eta 38m00s  (1 failed)
[########################----] 27900/31847 ( 87.6%)  104.5/min  elapsed 4h26m  eta 37m45s  (1 failed)
[########################----] 27925/31847 ( 87.7%)  104.6/min  elapsed 4h27m  eta 37m30s  (1 failed)
[########################----] 27950/31847 ( 87.8%)  104.6/min  elapsed 4h27m  eta 37m15s  (1 failed)
[########################----] 27975/31847 ( 87.8%)  104.7/min  elapsed 4h27m  eta 36m59s  (1 failed)
[########################----] 28000/31847 ( 87.9%)  104.7/min  elapsed 4h27m  eta 36m44s  (1 failed)
[########################----] 28025/31847 ( 88.0%)  104.7/min  elapsed 4h27m  eta 36m30s  (1 failed)
[########################----] 28050/31847 ( 88.1%)  104.8/min  elapsed 4h27m  eta 36m14s  (1 failed)
[########################----] 28075/31847 ( 88.2%)  104.8/min  elapsed 4h27m  eta 35m59s  (1 failed)
[########################----] 28100/31847 ( 88.2%)  104.8/min  elapsed 4h28m  eta 35m44s  (1 failed)
[########################----] 28125/31847 ( 88.3%)  104.8/min  elapsed 4h28m  eta 35m29s  (1 failed)
[########################----] 28150/31847 ( 88.4%)  104.9/min  elapsed 4h28m  eta 35m14s  (1 failed)
[########################----] 28175/31847 ( 88.5%)  104.9/min  elapsed 4h28m  eta 34m59s  (1 failed)
[########################----] 28200/31847 ( 88.5%)  105.0/min  elapsed 4h28m  eta 34m44s  (1 failed)
[########################----] 28225/31847 ( 88.6%)  105.0/min  elapsed 4h28m  eta 34m29s  (1 failed)
[########################----] 28250/31847 ( 88.7%)  105.0/min  elapsed 4h28m  eta 34m14s  (1 failed)
[########################----] 28275/31847 ( 88.8%)  105.1/min  elapsed 4h29m  eta 33m59s  (1 failed)
[########################----] 28300/31847 ( 88.9%)  105.0/min  elapsed 4h29m  eta 33m46s  (1 failed)
[########################----] 28325/31847 ( 88.9%)  105.0/min  elapsed 4h29m  eta 33m31s  (1 failed)
[########################----] 28350/31847 ( 89.0%)  105.0/min  elapsed 4h29m  eta 33m17s  (1 failed)
[########################----] 28375/31847 ( 89.1%)  105.0/min  elapsed 4h30m  eta 33m03s  (1 failed)
[########################----] 28400/31847 ( 89.2%)  105.0/min  elapsed 4h30m  eta 32m49s  (1 failed)
[########################----] 28425/31847 ( 89.3%)  105.0/min  elapsed 4h30m  eta 32m35s  (1 failed)
[#########################---] 28450/31847 ( 89.3%)  105.0/min  elapsed 4h30m  eta 32m21s  (1 failed)
[#########################---] 28475/31847 ( 89.4%)  105.0/min  elapsed 4h31m  eta 32m06s  (1 failed)
[#########################---] 28500/31847 ( 89.5%)  105.0/min  elapsed 4h31m  eta 31m52s  (1 failed)
[#########################---] 28525/31847 ( 89.6%)  105.0/min  elapsed 4h31m  eta 31m38s  (1 failed)
[#########################---] 28550/31847 ( 89.6%)  105.0/min  elapsed 4h31m  eta 31m23s  (1 failed)
[#########################---] 28575/31847 ( 89.7%)  105.0/min  elapsed 4h32m  eta 31m09s  (1 failed)
[#########################---] 28600/31847 ( 89.8%)  105.0/min  elapsed 4h32m  eta 30m55s  (1 failed)
[#########################---] 28625/31847 ( 89.9%)  105.0/min  elapsed 4h32m  eta 30m41s  (1 failed)
[#########################---] 28650/31847 ( 90.0%)  105.0/min  elapsed 4h32m  eta 30m26s  (1 failed)
[#########################---] 28675/31847 ( 90.0%)  105.0/min  elapsed 4h33m  eta 30m12s  (1 failed)
[#########################---] 28700/31847 ( 90.1%)  105.0/min  elapsed 4h33m  eta 29m57s  (1 failed)
[#########################---] 28725/31847 ( 90.2%)  105.0/min  elapsed 4h33m  eta 29m43s  (1 failed)
[#########################---] 28750/31847 ( 90.3%)  105.1/min  elapsed 4h33m  eta 29m28s  (1 failed)
[#########################---] 28775/31847 ( 90.4%)  105.1/min  elapsed 4h33m  eta 29m14s  (1 failed)
[#########################---] 28800/31847 ( 90.4%)  105.0/min  elapsed 4h34m  eta 29m01s  (1 failed)
[#########################---] 28825/31847 ( 90.5%)  105.0/min  elapsed 4h34m  eta 28m46s  (1 failed)
[#########################---] 28850/31847 ( 90.6%)  105.0/min  elapsed 4h34m  eta 28m32s  (1 failed)
[#########################---] 28875/31847 ( 90.7%)  105.0/min  elapsed 4h34m  eta 28m18s  (1 failed)
[#########################---] 28900/31847 ( 90.7%)  105.0/min  elapsed 4h35m  eta 28m03s  (1 failed)
[#########################---] 28925/31847 ( 90.8%)  105.0/min  elapsed 4h35m  eta 27m50s  (1 failed)
[#########################---] 28950/31847 ( 90.9%)  105.0/min  elapsed 4h35m  eta 27m35s  (1 failed)
[#########################---] 28975/31847 ( 91.0%)  105.0/min  elapsed 4h36m  eta 27m21s  (1 failed)
[#########################---] 29000/31847 ( 91.1%)  105.0/min  elapsed 4h36m  eta 27m06s  (1 failed)
[#########################---] 29025/31847 ( 91.1%)  105.0/min  elapsed 4h36m  eta 26m53s  (1 failed)
[#########################---] 29050/31847 ( 91.2%)  105.0/min  elapsed 4h36m  eta 26m38s  (1 failed)
[#########################---] 29075/31847 ( 91.3%)  105.0/min  elapsed 4h37m  eta 26m24s  (1 failed)
[#########################---] 29100/31847 ( 91.4%)  104.9/min  elapsed 4h37m  eta 26m11s  (1 failed)
[#########################---] 29125/31847 ( 91.5%)  104.9/min  elapsed 4h37m  eta 25m56s  (1 failed)
[#########################---] 29150/31847 ( 91.5%)  104.9/min  elapsed 4h37m  eta 25m42s  (1 failed)
[#########################---] 29175/31847 ( 91.6%)  104.9/min  elapsed 4h38m  eta 25m27s  (1 failed)
[#########################---] 29200/31847 ( 91.7%)  104.9/min  elapsed 4h38m  eta 25m13s  (1 failed)
[#########################---] 29225/31847 ( 91.8%)  104.9/min  elapsed 4h38m  eta 24m59s  (1 failed)
[#########################---] 29250/31847 ( 91.8%)  104.9/min  elapsed 4h38m  eta 24m45s  (1 failed)
[#########################---] 29275/31847 ( 91.9%)  104.9/min  elapsed 4h39m  eta 24m31s  (1 failed)
[#########################---] 29300/31847 ( 92.0%)  104.9/min  elapsed 4h39m  eta 24m17s  (1 failed)
[#########################---] 29325/31847 ( 92.1%)  104.9/min  elapsed 4h39m  eta 24m03s  (1 failed)
[#########################---] 29350/31847 ( 92.2%)  104.8/min  elapsed 4h39m  eta 23m49s  (1 failed)
[#########################---] 29375/31847 ( 92.2%)  104.8/min  elapsed 4h40m  eta 23m34s  (1 failed)
[#########################---] 29400/31847 ( 92.3%)  104.8/min  elapsed 4h40m  eta 23m21s  (1 failed)
[#########################---] 29425/31847 ( 92.4%)  104.8/min  elapsed 4h40m  eta 23m07s  (1 failed)
[#########################---] 29450/31847 ( 92.5%)  104.8/min  elapsed 4h41m  eta 22m52s  (1 failed)
[#########################---] 29475/31847 ( 92.6%)  104.8/min  elapsed 4h41m  eta 22m38s  (1 failed)
[#########################---] 29500/31847 ( 92.6%)  104.8/min  elapsed 4h41m  eta 22m24s  (1 failed)
[#########################---] 29525/31847 ( 92.7%)  104.8/min  elapsed 4h41m  eta 22m09s  (1 failed)
[#########################---] 29550/31847 ( 92.8%)  104.8/min  elapsed 4h41m  eta 21m55s  (1 failed)
[##########################--] 29575/31847 ( 92.9%)  104.8/min  elapsed 4h42m  eta 21m40s  (1 failed)
[##########################--] 29600/31847 ( 92.9%)  104.8/min  elapsed 4h42m  eta 21m26s  (1 failed)
[##########################--] 29625/31847 ( 93.0%)  104.8/min  elapsed 4h42m  eta 21m12s  (1 failed)
[##########################--] 29650/31847 ( 93.1%)  104.8/min  elapsed 4h42m  eta 20m58s  (1 failed)
[##########################--] 29675/31847 ( 93.2%)  104.8/min  elapsed 4h43m  eta 20m43s  (1 failed)
[##########################--] 29700/31847 ( 93.3%)  104.7/min  elapsed 4h43m  eta 20m29s  (1 failed)
[##########################--] 29725/31847 ( 93.3%)  104.8/min  elapsed 4h43m  eta 20m15s  (1 failed)
[##########################--] 29750/31847 ( 93.4%)  104.8/min  elapsed 4h43m  eta 20m01s  (1 failed)
[##########################--] 29775/31847 ( 93.5%)  104.8/min  elapsed 4h44m  eta 19m46s  (1 failed)
[##########################--] 29800/31847 ( 93.6%)  104.7/min  elapsed 4h44m  eta 19m32s  (1 failed)
[##########################--] 29825/31847 ( 93.7%)  104.7/min  elapsed 4h44m  eta 19m18s  (1 failed)
[##########################--] 29850/31847 ( 93.7%)  104.8/min  elapsed 4h44m  eta 19m03s  (1 failed)
[##########################--] 29875/31847 ( 93.8%)  104.8/min  elapsed 4h45m  eta 18m49s  (1 failed)
[##########################--] 29900/31847 ( 93.9%)  104.8/min  elapsed 4h45m  eta 18m34s  (1 failed)
[##########################--] 29925/31847 ( 94.0%)  104.9/min  elapsed 4h45m  eta 18m19s  (1 failed)
[##########################--] 29950/31847 ( 94.0%)  104.9/min  elapsed 4h45m  eta 18m05s  (1 failed)
[##########################--] 29975/31847 ( 94.1%)  104.9/min  elapsed 4h45m  eta 17m50s  (1 failed)
[##########################--] 30000/31847 ( 94.2%)  104.9/min  elapsed 4h45m  eta 17m36s  (1 failed)
[##########################--] 30025/31847 ( 94.3%)  105.0/min  elapsed 4h46m  eta 17m21s  (1 failed)
[##########################--] 30050/31847 ( 94.4%)  105.0/min  elapsed 4h46m  eta 17m06s  (1 failed)
[##########################--] 30075/31847 ( 94.4%)  105.0/min  elapsed 4h46m  eta 16m52s  (1 failed)
[##########################--] 30100/31847 ( 94.5%)  105.0/min  elapsed 4h46m  eta 16m37s  (1 failed)
[##########################--] 30125/31847 ( 94.6%)  105.1/min  elapsed 4h46m  eta 16m23s  (1 failed)
[##########################--] 30150/31847 ( 94.7%)  105.1/min  elapsed 4h46m  eta 16m08s  (1 failed)
[##########################--] 30175/31847 ( 94.7%)  105.1/min  elapsed 4h46m  eta 15m54s  (1 failed)
[##########################--] 30200/31847 ( 94.8%)  105.2/min  elapsed 4h47m  eta 15m39s  (1 failed)
[##########################--] 30225/31847 ( 94.9%)  105.2/min  elapsed 4h47m  eta 15m25s  (1 failed)
[##########################--] 30250/31847 ( 95.0%)  105.2/min  elapsed 4h47m  eta 15m10s  (1 failed)
[##########################--] 30275/31847 ( 95.1%)  105.3/min  elapsed 4h47m  eta 14m56s  (1 failed)
[##########################--] 30300/31847 ( 95.1%)  105.3/min  elapsed 4h47m  eta 14m41s  (1 failed)
[##########################--] 30325/31847 ( 95.2%)  105.3/min  elapsed 4h48m  eta 14m27s  (1 failed)
[##########################--] 30350/31847 ( 95.3%)  105.3/min  elapsed 4h48m  eta 14m12s  (1 failed)
[##########################--] 30375/31847 ( 95.4%)  105.3/min  elapsed 4h48m  eta 13m58s  (1 failed)
[##########################--] 30400/31847 ( 95.5%)  105.3/min  elapsed 4h48m  eta 13m44s  (1 failed)
[##########################--] 30425/31847 ( 95.5%)  105.3/min  elapsed 4h48m  eta 13m30s  (1 failed)
[##########################--] 30450/31847 ( 95.6%)  105.3/min  elapsed 4h49m  eta 13m16s  (1 failed)
[##########################--] 30475/31847 ( 95.7%)  105.3/min  elapsed 4h49m  eta 13m01s  (1 failed)
[##########################--] 30500/31847 ( 95.8%)  105.3/min  elapsed 4h49m  eta 12m47s  (1 failed)
[##########################--] 30525/31847 ( 95.8%)  105.3/min  elapsed 4h49m  eta 12m33s  (1 failed)
[##########################--] 30550/31847 ( 95.9%)  105.3/min  elapsed 4h50m  eta 12m19s  (1 failed)
[##########################--] 30575/31847 ( 96.0%)  105.3/min  elapsed 4h50m  eta 12m04s  (1 failed)
[##########################--] 30600/31847 ( 96.1%)  105.3/min  elapsed 4h50m  eta 11m50s  (1 failed)
[##########################--] 30625/31847 ( 96.2%)  105.3/min  elapsed 4h50m  eta 11m36s  (1 failed)
[##########################--] 30650/31847 ( 96.2%)  105.3/min  elapsed 4h51m  eta 11m22s  (1 failed)
[##########################--] 30675/31847 ( 96.3%)  105.3/min  elapsed 4h51m  eta 11m07s  (1 failed)
[##########################--] 30700/31847 ( 96.4%)  105.3/min  elapsed 4h51m  eta 10m53s  (1 failed)
[###########################-] 30725/31847 ( 96.5%)  105.3/min  elapsed 4h51m  eta 10m39s  (1 failed)
[###########################-] 30750/31847 ( 96.6%)  105.3/min  elapsed 4h52m  eta 10m25s  (1 failed)
[###########################-] 30775/31847 ( 96.6%)  105.3/min  elapsed 4h52m  eta 10m10s  (1 failed)
[###########################-] 30800/31847 ( 96.7%)  105.3/min  elapsed 4h52m  eta 9m56s  (1 failed)
[###########################-] 30825/31847 ( 96.8%)  105.3/min  elapsed 4h52m  eta 9m42s  (1 failed)
[###########################-] 30850/31847 ( 96.9%)  105.3/min  elapsed 4h53m  eta 9m28s  (1 failed)
[###########################-] 30875/31847 ( 96.9%)  105.3/min  elapsed 4h53m  eta 9m13s  (1 failed)
[###########################-] 30900/31847 ( 97.0%)  105.3/min  elapsed 4h53m  eta 8m59s  (1 failed)
[###########################-] 30925/31847 ( 97.1%)  105.2/min  elapsed 4h53m  eta 8m45s  (1 failed)
[###########################-] 30950/31847 ( 97.2%)  105.3/min  elapsed 4h54m  eta 8m31s  (1 failed)
[###########################-] 30975/31847 ( 97.3%)  105.2/min  elapsed 4h54m  eta 8m17s  (1 failed)
[###########################-] 31000/31847 ( 97.3%)  105.2/min  elapsed 4h54m  eta 8m02s  (1 failed)
[###########################-] 31025/31847 ( 97.4%)  105.2/min  elapsed 4h54m  eta 7m48s  (1 failed)
[###########################-] 31050/31847 ( 97.5%)  105.2/min  elapsed 4h55m  eta 7m34s  (1 failed)
[###########################-] 31075/31847 ( 97.6%)  105.2/min  elapsed 4h55m  eta 7m20s  (1 failed)
[###########################-] 31100/31847 ( 97.7%)  105.2/min  elapsed 4h55m  eta 7m06s  (1 failed)
[###########################-] 31125/31847 ( 97.7%)  105.2/min  elapsed 4h55m  eta 6m51s  (1 failed)
[###########################-] 31150/31847 ( 97.8%)  105.2/min  elapsed 4h56m  eta 6m37s  (1 failed)
[###########################-] 31175/31847 ( 97.9%)  105.2/min  elapsed 4h56m  eta 6m23s  (1 failed)
[###########################-] 31200/31847 ( 98.0%)  105.2/min  elapsed 4h56m  eta 6m09s  (1 failed)
[###########################-] 31225/31847 ( 98.0%)  105.2/min  elapsed 4h56m  eta 5m54s  (1 failed)
[###########################-] 31250/31847 ( 98.1%)  105.2/min  elapsed 4h57m  eta 5m40s  (1 failed)
[###########################-] 31275/31847 ( 98.2%)  105.2/min  elapsed 4h57m  eta 5m26s  (1 failed)
[###########################-] 31300/31847 ( 98.3%)  105.2/min  elapsed 4h57m  eta 5m12s  (1 failed)
[###########################-] 31325/31847 ( 98.4%)  105.1/min  elapsed 4h57m  eta 4m57s  (1 failed)
[###########################-] 31350/31847 ( 98.4%)  105.1/min  elapsed 4h58m  eta 4m43s  (1 failed)
[###########################-] 31375/31847 ( 98.5%)  105.1/min  elapsed 4h58m  eta 4m29s  (1 failed)
[###########################-] 31400/31847 ( 98.6%)  105.1/min  elapsed 4h58m  eta 4m15s  (1 failed)
[###########################-] 31425/31847 ( 98.7%)  105.1/min  elapsed 4h59m  eta 4m01s  (1 failed)
[###########################-] 31450/31847 ( 98.8%)  105.1/min  elapsed 4h59m  eta 3m46s  (1 failed)
[###########################-] 31475/31847 ( 98.8%)  105.0/min  elapsed 4h59m  eta 3m32s  (1 failed)
[###########################-] 31500/31847 ( 98.9%)  105.0/min  elapsed 4h59m  eta 3m18s  (1 failed)
[###########################-] 31525/31847 ( 99.0%)  105.0/min  elapsed 5h00m  eta 3m03s  (1 failed)
[###########################-] 31550/31847 ( 99.1%)  105.0/min  elapsed 5h00m  eta 2m49s  (1 failed)
[###########################-] 31575/31847 ( 99.1%)  105.0/min  elapsed 5h00m  eta 2m35s  (1 failed)
[###########################-] 31600/31847 ( 99.2%)  105.1/min  elapsed 5h00m  eta 2m21s  (1 failed)
[###########################-] 31625/31847 ( 99.3%)  105.0/min  elapsed 5h01m  eta 2m06s  (1 failed)
[###########################-] 31650/31847 ( 99.4%)  105.0/min  elapsed 5h01m  eta 1m52s  (1 failed)
[###########################-] 31675/31847 ( 99.5%)  105.0/min  elapsed 5h01m  eta 1m38s  (1 failed)
[###########################-] 31700/31847 ( 99.5%)  105.0/min  elapsed 5h01m  eta 1m23s  (1 failed)
[###########################-] 31725/31847 ( 99.6%)  105.0/min  elapsed 5h02m  eta 1m09s  (1 failed)
[###########################-] 31750/31847 ( 99.7%)  105.0/min  elapsed 5h02m  eta 0m55s  (1 failed)
[###########################-] 31775/31847 ( 99.8%)  105.0/min  elapsed 5h02m  eta 0m41s  (1 failed)
[###########################-] 31800/31847 ( 99.9%)  105.0/min  elapsed 5h02m  eta 0m26s  (1 failed)
[###########################-] 31825/31847 ( 99.9%)  105.0/min  elapsed 5h03m  eta 0m12s  (1 failed)
[############################] 31847/31847 (100.0%)  105.0/min  elapsed 5h03m  eta 0m00s  (1 failed)
Done -> /opt/modeling/zhoughton/misc/representation-separability/data/artificial_language_grid.csv   (1 cells failed)
