model,init,layer,d,n_points,n_items,classes,min_cell,std_size_item,std_size_class,std_size_interaction,std_sig_interaction,std_leak_item_into_class,std_leak_int_into_margins,std_k_class,std_k_int,raw_leak_item_into_class,raw_k_class,raw_size_interaction,std_between_share,std_between_share_adj,std_between_ss,std_within_ss,std_between_n_obs,std_between_n_groups,std_between_n0,std_between_var,std_within_var,std_leak_item_into_class_null_lo,std_leak_item_into_class_null_med,std_leak_item_into_class_null_hi,std_leak_item_into_class_p,std_leak_int_into_margins_null_lo,std_leak_int_into_margins_null_med,std_leak_int_into_margins_null_hi,std_leak_int_into_margins_p
EleutherAI/pythia-160m,random,0,768,300431,78,NOUN+VERB,10,0.9977705206446346,5.9056117540442804e-05,0.0021704232378250412,False,,,1,10,,1,0.002154817953911775,0.8936865307779427,0.8914009929052656,3300091.50142733,392580.8034295449,4728,156,30.086324436439057,704.8068181200414,85.86631746053038,,,,,,,,
EleutherAI/pythia-160m,random,1,768,300431,78,NOUN+VERB,10,0.9949269786820172,0.0006686504165211797,0.004404370901461691,False,,,1,17,,1,0.004378212132511453,0.8035143173959732,0.7990377164313343,2903158.533332096,709917.7622349118,4728,156,30.086324436439057,617.3828242760476,155.2751011012493,,,,,,,,
EleutherAI/pythia-160m,random,2,768,300431,78,NOUN+VERB,10,0.9933622231428954,0.001052539480315931,0.005585237376788843,False,,,1,24,,1,0.0055765914817159975,0.7474739261566726,0.7415184195299637,2711994.963175404,916218.5012323996,4728,156,30.086324436439057,574.8905615579683,200.39774742615916,,,,,,,,
EleutherAI/pythia-160m,random,3,768,300431,78,NOUN+VERB,10,0.9923179804310746,0.0012336456681205318,0.006448373900805054,False,,,1,28,,1,0.006465842922226487,0.705056261410692,0.6979214589941186,2545460.2965231244,1064833.5705650304,4728,156,30.086324436439057,538.0990056542929,232.90323065726824,,,,,,,,
EleutherAI/pythia-160m,random,4,768,300431,78,NOUN+VERB,10,0.9914819123159765,0.0014525556506600884,0.007065532033363475,False,,,1,30,,1,0.007106430509792001,0.6707759845299166,0.6626503458570366,2430443.1642056955,1192887.4562382717,4728,156,30.086324436439057,512.5041775777294,260.91151711248284,,,,,,,,
EleutherAI/pythia-160m,random,5,768,300431,78,NOUN+VERB,10,0.9906031539186684,0.0016717634321345438,0.007725082649197176,False,,,1,32,,1,0.007766872963862164,0.6433973961142899,0.634456117425749,2334134.6066793343,1293692.6440618397,4728,156,30.086324436439057,491.1192486018938,282.9598959015397,,,,,,,,
EleutherAI/pythia-160m,random,6,768,300431,78,NOUN+VERB,10,0.9901951808162851,0.0017865608337627368,0.008018258349952222,False,,,1,33,,1,0.008098813554767319,0.620407445702341,0.6107645882484876,2254776.2641293444,1379571.2598221023,4728,156,30.086324436439057,473.4775819655089,301.74349514919123,,,,,,,,
EleutherAI/pythia-160m,random,7,768,300431,78,NOUN+VERB,10,0.9897647309984939,0.001826356189007211,0.008408912812498866,False,,,1,33,,1,0.008455007508767752,0.5997851926935243,0.5895000418185241,2176933.7316198563,1452588.5675947173,4728,156,30.086324436439057,456.2544602774311,317.71403490698106,,,,,,,,
EleutherAI/pythia-160m,random,8,768,300431,78,NOUN+VERB,10,0.9890393145111492,0.0019185084788188595,0.009042177010031863,False,,,1,33,,1,0.009082050151546459,0.582142245607919,0.5712978502638161,2109978.7071509436,1514528.400982974,4728,156,30.086324436439057,441.4465515932485,331.26168000502497,,,,,,,,
EleutherAI/pythia-160m,random,9,768,300431,78,NOUN+VERB,10,0.9883760035045617,0.0020381572400972403,0.009585839255341306,False,,,1,33,,1,0.009636713604006853,0.5662371724018482,0.5548809128254175,2055793.8419999185,1574829.4059929897,4728,156,30.086324436439057,429.3889480753873,344.4508762014413,,,,,,,,
EleutherAI/pythia-160m,random,10,768,300431,78,NOUN+VERB,10,0.9879341926100699,0.002172318208336214,0.009893489181593924,False,,,1,33,,1,0.009952764248286892,0.5522342158733886,0.5404212539347877,2001895.6205188134,1623188.7421962097,4728,156,30.086324436439057,417.47962546738603,355.02815883556644,,,,,,,,
EleutherAI/pythia-160m,random,11,768,300431,78,NOUN+VERB,10,0.9876432864005911,0.0022488482671751972,0.010107865332233656,False,,,1,34,,1,0.010178072675668325,0.5390909101271723,0.526844123288007,1955146.251317705,1671600.5822664178,4728,156,30.086324436439057,407.10289764093955,365.616925255122,,,,,,,,
EleutherAI/pythia-160m,random,12,768,300431,78,NOUN+VERB,10,0.9879643523557706,0.0024089972245031916,0.009626650419726185,False,,,1,36,,1,0.009667839405334416,0.5360342706742931,0.5236858760445664,1947554.8845290854,1685710.73126671,4728,156,30.086324436439057,405.3724513262289,368.7031345727712,,,,,,,,
EleutherAI/pythia-160m,pretrained,0,768,300431,78,NOUN+VERB,10,0.9990109839055306,2.9738385195010392e-05,0.0009592777092743993,False,,,1,9,,1,0.0009614322099890227,0.9485303182516656,0.947463970299931,4221436.707876196,229065.95571516175,4728,156,30.086324436439057,903.5657937227701,50.10191507330747,,,,,,,,
EleutherAI/pythia-160m,pretrained,1,768,300431,78,NOUN+VERB,10,0.9723921797692044,0.01657145349418634,0.011036366736609253,False,,,1,20,,1,0.011000868429160947,0.7879702820042453,0.7830924909931777,3096249.2282421407,833149.2515668464,4728,156,30.086324436439057,657.892687893581,182.2286202027223,,,,,,,,
EleutherAI/pythia-160m,pretrained,2,768,300431,78,NOUN+VERB,10,0.9303539073495624,0.03533895757767382,0.03430713507276382,True,0.0018375447029552266,0.10295738455916378,1,34,0.005652635311512846,1,0.03423475589553159,0.6845147948173477,0.6767903207397659,2851523.3508952097,1314235.1871011755,4728,156,30.086324436439057,601.9170559432145,287.4530155514382,0.0008891527242687864,0.0012842264299914407,0.001985432210798265,0.03,0.06621991159913675,0.06992938084466616,0.0733128502428583,0.0
EleutherAI/pythia-160m,pretrained,3,768,300431,78,NOUN+VERB,10,0.8832639942339007,0.04375004389753706,0.0729859618685623,True,0.0025798802906088934,0.16687634210772442,1,33,0.003350599053765018,1,0.07846702254135726,0.5867498150719704,0.5760523372668608,2246240.324883243,1582035.8282293412,4728,156,30.086324436439057,470.17527879179715,346.0270840396634,0.0009372768794997678,0.0012597152744805995,0.0019407785409419308,0.0,0.05795532676644419,0.062398834552688964,0.06648697357730551,0.0
EleutherAI/pythia-160m,pretrained,4,768,300431,78,NOUN+VERB,10,0.8382923183115394,0.060063301404021004,0.10164438028443964,True,0.002945111142544367,0.26347633581502716,1,21,0.3981357679446622,1,0.2809537405734442,0.42590411258147887,0.4097141434472748,1454169.3121019935,1960142.194044356,4728,156,30.086324436439057,297.57739275658497,428.72751400795187,0.0008477952607890804,0.0012791543546955195,0.0019238603171958019,0.0,0.05289074492490297,0.057602694563957446,0.061988978226908936,0.0
EleutherAI/pythia-160m,pretrained,5,768,300431,78,NOUN+VERB,10,0.8311969853417633,0.0547533406047679,0.11404967405346873,True,0.002993720696897374,0.2601614310544068,1,24,0.4398869598949734,1,0.28903065733542616,0.42488756148859724,0.4086604927061472,1446011.348282821,1957268.6705925441,4728,156,30.086324436439057,295.8489157517687,428.09900931595456,0.0008478356308588648,0.0012826455789849613,0.0019226252539242816,0.0,0.05197922684375089,0.05614232759311012,0.06079949889436165,0.0
EleutherAI/pythia-160m,pretrained,6,768,300431,78,NOUN+VERB,10,0.810906568098876,0.05810914907034422,0.13098428283077987,True,0.0035878828795192805,0.2879786202387698,1,24,0.3870586399961335,1,0.29653343557357276,0.4199203853638183,0.40351160430872657,1445295.4429089767,1996536.6121287304,4728,156,30.086324436439057,295.40992783259804,436.6877979284187,0.0008380211009510409,0.0013171304822586368,0.0018363712337904027,0.0,0.051133226297889744,0.05490360932894001,0.060164704411770166,0.0
EleutherAI/pythia-160m,pretrained,7,768,300431,78,NOUN+VERB,10,0.7931697256762977,0.06359042044998972,0.14323985387371246,True,0.004531823210891165,0.2933246698736394,1,26,0.36740453418665275,1,0.29538045888110004,0.415870274801391,0.3993127990261318,1466038.9333767004,2059192.4241105427,4728,156,30.086324436439057,299.4025965008162,450.39204376871015,0.0008734925425026198,0.001295048992934511,0.0018800980253138458,0.0,0.050836571719532674,0.05486829400359912,0.05899809825589844,0.0
EleutherAI/pythia-160m,pretrained,8,768,300431,78,NOUN+VERB,10,0.7752294328533592,0.06526716570578127,0.15950340144085945,True,0.0022572360235266677,0.29069910750045835,1,28,0.19443668169816114,1,0.3005401827088559,0.39518022275795456,0.3778556907600826,1368729.41906737,2094828.0674764554,4728,156,30.086324436439057,278.27679756304815,458.18636646466655,0.0008151270587011924,0.0012892137296458771,0.0018843681913469986,0.0,0.04971983325988961,0.05333566144324267,0.05676559104840044,0.0
EleutherAI/pythia-160m,pretrained,9,768,300431,78,NOUN+VERB,10,0.7457529417578946,0.07525516549198363,0.1789918927501217,True,0.003861528534864508,0.28422611374893153,1,34,0.04050247597913132,1,0.29028314888000467,0.4023816729276412,0.38532553867980557,1356761.566479134,2015065.874387228,4728,156,30.086324436439057,276.29030854226266,440.7405674512747,0.000810477793140777,0.0012686586018290334,0.001888363946090054,0.0,0.048693827756544884,0.0518958770909692,0.055861481175967544,0.0
EleutherAI/pythia-160m,pretrained,10,768,300431,78,NOUN+VERB,10,0.6908706852508699,0.09526927263964542,0.21386004210948467,True,0.006270777894230694,0.31477452583921245,1,34,0.06687384457901979,1,0.27858287630737427,0.39530759032229384,0.3779878184235111,1324196.35710764,2025590.9718632612,4728,156,30.086324436439057,269.2306159321095,443.0426447644928,0.000856135294046536,0.0012623178264314445,0.0019315298798320809,0.0,0.045851707835653684,0.04921731842243923,0.053100984521067734,0.0
EleutherAI/pythia-160m,pretrained,11,768,300431,78,NOUN+VERB,10,0.6558547561872955,0.10364395888784318,0.2405012849248612,True,0.006122568053305011,0.31577073625068597,1,33,0.02389404536182878,1,0.26572928006191726,0.37590544159898703,0.3578551089260225,1243854.0839157284,2065100.6325277279,4728,156,30.086324436439057,251.71505315288638,451.68430282758703,0.0008843720493285161,0.0012573245024962263,0.0019458093853998981,0.0,0.04614707880755113,0.04931209940928384,0.052885761999301596,0.0
EleutherAI/pythia-160m,pretrained,12,768,300431,78,NOUN+VERB,10,0.6893219348868049,0.07865329675618661,0.23202476835700836,True,0.005768818994644122,0.23033370209463155,1,42,0.008030572181539963,1,0.22857851357732595,0.3434233740873771,0.3241254160324489,1050402.9940215475,2008221.063857209,4728,156,30.086324436439057,210.6455400000102,439.24345228722854,0.000903902087022008,0.001266201566294667,0.0019218663089356342,0.0,0.05111474358013091,0.054860783811287145,0.058462938113316036,0.0
EleutherAI/pythia-410m,random,0,1024,300000,78,NOUN+VERB,10,0.9972613011294761,6.091889253727658e-05,0.002677779977986485,False,,,1,10,,1,0.0026666032738822875,0.8928822597583534,0.8905718306442342,4364009.759252508,523543.6796897873,4722,156,30.04864532524491,933.1615461801047,114.66134027371602,,,,,,,,
EleutherAI/pythia-410m,random,1,1024,300000,78,NOUN+VERB,10,0.9946382005228389,0.0007386295590320751,0.0046231699181290276,False,,,1,21,,1,0.004635526796453051,0.8041514686024208,0.7996797936561741,3877090.1916226055,944252.9794106008,4722,156,30.04864532524491,825.550833437028,206.8009153330269,,,,,,,,
EleutherAI/pythia-410m,random,2,1024,300000,78,NOUN+VERB,10,0.9932070552796978,0.0010484385774361853,0.005744506142866019,False,,,1,26,,1,0.005768923015862141,0.7489724400752881,0.7430433026560678,3636493.7935921834,1218816.7612616592,4722,156,30.04864532524491,771.8922726979761,266.93314964118684,,,,,,,,
EleutherAI/pythia-410m,random,3,1024,300000,78,NOUN+VERB,10,0.9919888473770392,0.0013197648728784086,0.006691387750082354,False,,,1,29,,1,0.0067110989992993616,0.7067252604024421,0.6996212770771651,3398172.755797182,1410163.5895912722,4722,156,30.04864532524491,719.3287727939639,308.84003276199564,,,,,,,,
EleutherAI/pythia-410m,random,4,1024,300000,78,NOUN+VERB,10,0.9910247846786154,0.0015291857184302877,0.007446029602954412,False,,,1,30,,1,0.007471025960117525,0.6741059252979242,0.6660597916943876,3247111.0210036174,1569804.094478481,4722,156,30.04864532524491,685.7314273791142,343.80291162472207,,,,,,,,
EleutherAI/pythia-410m,random,5,1024,300000,78,NOUN+VERB,10,0.9900637960070023,0.0017884349816278929,0.008147769011369762,False,,,1,31,,1,0.008146782705375343,0.647958345537445,0.6391349052631413,3105401.2713158634,1687192.716712962,4722,156,30.04864532524491,654.4499592689546,369.51220252145464,,,,,,,,
EleutherAI/pythia-410m,random,6,1024,300000,78,NOUN+VERB,10,0.9892690314867147,0.0018932064319449424,0.008837762081340284,False,,,1,32,,1,0.008842357351313222,0.6256794322756652,0.6161781704576456,3002958.4146958776,1796557.5351472972,4722,156,30.04864532524491,631.6577952552774,393.4641995504374,,,,,,,,
EleutherAI/pythia-410m,random,7,1024,300000,78,NOUN+VERB,10,0.9885429759565053,0.002081191997379879,0.009375832046114882,False,,,1,32,,1,0.00941048519779579,0.6051735824951199,0.5950358095647925,2900689.4174535414,1892463.3264154997,4722,156,30.04864532524491,609.0010561801294,414.4685340375602,,,,,,,,
EleutherAI/pythia-410m,random,8,1024,300000,78,NOUN+VERB,10,0.9880981118541609,0.002208055155015519,0.009693832990823738,False,,,1,32,,1,0.009751499771689395,0.5878881412547781,0.577204405489344,2812964.4281319696,1971898.9340172112,4722,156,30.04864532524491,589.5870405044146,431.86573237345846,,,,,,,,
EleutherAI/pythia-410m,random,9,1024,300000,78,NOUN+VERB,10,0.9873614995065073,0.0024238277161876434,0.010214672777305173,False,,,1,33,,1,0.010280194694156933,0.5724375828740728,0.5612585442456482,2742997.3931461987,2048786.8558443417,4722,156,30.04864532524491,574.0043262046134,448.7049618581563,,,,,,,,
EleutherAI/pythia-410m,random,10,1024,300000,78,NOUN+VERB,10,0.986842684500386,0.0024686028084793224,0.01068871269113457,False,,,1,33,,1,0.01072950439271806,0.5585312819250924,0.546900553136456,2679786.335067011,2118129.9532214063,4722,156,30.04864532524491,559.9271486722558,463.89179877823176,,,,,,,,
EleutherAI/pythia-410m,random,11,1024,300000,78,NOUN+VERB,10,0.9862811461575826,0.0026658163301560875,0.011053037512261454,False,,,1,33,,1,0.011069371914483338,0.5456473118241554,0.5335931146463214,2620716.94905726,2182233.404158872,4722,156,30.04864532524491,546.7774006469315,477.9311003414087,,,,,,,,
EleutherAI/pythia-410m,random,12,1024,300000,78,NOUN+VERB,10,0.985815073608585,0.0027652078663231126,0.01141971852509189,False,,,1,33,,1,0.011472882255274838,0.5345359586312834,0.5221127028621876,2562211.1717716963,2231126.1713930485,4722,156,30.04864532524491,533.8595259128126,488.6391089340886,,,,,,,,
EleutherAI/pythia-410m,random,13,1024,300000,78,NOUN+VERB,10,0.9853521698628718,0.0028803711529514944,0.011767458984176775,False,,,1,34,,1,0.011833739590787965,0.5242285085049696,0.5114597040155688,2511240.71369256,2279114.3947205376,4722,156,30.04864532524491,522.5661193143492,499.14901329840944,,,,,,,,
EleutherAI/pythia-410m,random,14,1024,300000,78,NOUN+VERB,10,0.9848824009103264,0.0029144923519516365,0.012203106737721967,False,,,1,33,,1,0.012275649589449912,0.51504802007676,0.5019688599843896,2469202.7872370575,2324918.714033952,4722,156,30.04864532524491,513.2064948426106,509.18062068198685,,,,,,,,
EleutherAI/pythia-410m,random,15,1024,300000,78,NOUN+VERB,10,0.9845967093928889,0.002907213864739808,0.012496076742371383,False,,,1,33,,1,0.012584865666695678,0.5070149912388134,0.49366226606692143,2434868.7860768745,2367491.751878119,4722,156,30.04864532524491,505.5244976479199,518.5045448703721,,,,,,,,
EleutherAI/pythia-410m,random,16,1024,300000,78,NOUN+VERB,10,0.9842668420302629,0.0030037473732570565,0.01272941059648004,False,,,1,33,,1,0.0128272608013167,0.4991004499329608,0.48547636810099937,2396423.4212450334,2405061.7739034,4722,156,30.04864532524491,496.99623215155873,526.7327581917215,,,,,,,,
EleutherAI/pythia-410m,random,17,1024,300000,78,NOUN+VERB,10,0.9836539069774576,0.003141998110253951,0.013204094912288408,False,,,1,33,,1,0.013311029462496163,0.4914125473438586,0.47752314280554714,2359210.5202541887,2441665.104525832,4722,156,30.04864532524491,488.7396293104386,534.7492563569497,,,,,,,,
EleutherAI/pythia-410m,random,18,1024,300000,78,NOUN+VERB,10,0.9833763985914201,0.0031826093450215446,0.013440992063558298,False,,,1,33,,1,0.013563415896066336,0.4841699496501621,0.47002902463728063,2323606.0216983086,2475547.712186321,4722,156,30.04864532524491,480.8481895414877,542.1698887836884,,,,,,,,
EleutherAI/pythia-410m,random,19,1024,300000,78,NOUN+VERB,10,0.9830813002430269,0.003261568819435227,0.013657130937537907,False,,,1,33,,1,0.013764977803753745,0.47710994417332714,0.4627223769603467,2291581.1712117717,2511465.1689401185,4722,156,30.04864532524491,473.7104892831398,550.0361736618744,,,,,,,,
EleutherAI/pythia-410m,random,20,1024,300000,78,NOUN+VERB,10,0.9828150105376006,0.003297846593770242,0.013887142868629217,False,,,1,33,,1,0.013989064925337647,0.47036281648487294,0.4557381875768782,2260754.794863903,2545651.484780036,4722,156,30.04864532524491,466.8427256036252,557.5233212396049,,,,,,,,
EleutherAI/pythia-410m,random,21,1024,300000,78,NOUN+VERB,10,0.982591216052483,0.00330543402010307,0.01410334992741379,False,,,1,33,,1,0.014222650822229232,0.46402180509482344,0.4491731805278232,2227646.956347011,2573090.7070302274,4722,156,30.04864532524491,459.534295492893,563.5327873478378,,,,,,,,
EleutherAI/pythia-410m,random,22,1024,300000,78,NOUN+VERB,10,0.982523930706099,0.003288193388180104,0.014187875905720862,False,,,1,33,,1,0.014303322428996033,0.45802849134978235,0.4429670817291508,2199136.376203776,2602172.75136393,4722,156,30.04864532524491,453.20094883564,569.9020480429106,,,,,,,,
EleutherAI/pythia-410m,random,23,1024,300000,78,NOUN+VERB,10,0.9821735607588139,0.0033509131002406366,0.014475526140945444,False,,,1,33,,1,0.014616541420848604,0.45291722769896137,0.43767352598651177,2177215.8917265018,2629878.558594613,4722,156,30.04864532524491,448.2925634556412,575.9698989475718,,,,,,,,
EleutherAI/pythia-410m,random,24,1024,300000,78,NOUN+VERB,10,0.9831368924897048,0.0032867231639129328,0.01357638434638224,False,,,1,35,,1,0.013722250403490854,0.45342174684603437,0.4381960724084097,2193157.700791801,2643746.8280430674,4722,156,30.04864532524491,451.61428026721416,579.0071896721566,,,,,,,,
EleutherAI/pythia-410m,pretrained,0,1024,300000,78,NOUN+VERB,10,0.9989598140548912,2.783458514915958e-05,0.0010123513599594688,False,,,1,10,,1,0.0010100052605230346,0.9502128170335002,0.9491795084483275,5319863.190314906,278738.6123035401,4722,156,30.04864532524491,1140.1729118554192,61.04656423643016,,,,,,,,
EleutherAI/pythia-410m,pretrained,1,1024,300000,78,NOUN+VERB,10,0.9901732084007899,0.004341165504546981,0.005485626094663202,False,,,1,21,,1,0.0054195592152000045,0.8565477466401585,0.8533794637881379,4164927.16544392,697530.510477833,4722,156,30.04864532524491,889.1492892056242,152.7662090402613,,,,,,,,
EleutherAI/pythia-410m,pretrained,2,1024,300000,78,NOUN+VERB,10,0.960883479333804,0.022043862432912772,0.017072658233283078,False,0.0016243188650986963,,1,28,0.0037815733153856615,1,0.01718600180680156,0.7572074957553537,0.7515014071755194,3903248.205445827,1251545.1996988682,4722,156,30.04864532524491,828.9274012110184,274.10100738039165,0.000680870729154927,0.000969531850944743,0.0013723366044871425,0.0,,,,
EleutherAI/pythia-410m,pretrained,3,1024,300000,78,NOUN+VERB,10,0.9242147418316129,0.03070810031205037,0.04507715785633681,True,0.0015413336586492746,0.08522913868620109,1,41,0.00587619368687549,1,0.04542705772529106,0.7038222489301634,0.6966356560861738,3744911.390778258,1575908.4560945365,4722,156,30.04864532524491,792.5674706492412,345.1398283168061,0.0007020668614354769,0.0009526395910469372,0.001340106857170282,0.0,0.051599114462104016,0.054845423811182674,0.05751580711133202,0.0
EleutherAI/pythia-410m,pretrained,4,1024,300000,78,NOUN+VERB,10,0.9039064210938585,0.0336433805493267,0.06245019835681483,True,0.001463093629139748,0.10185564953593489,1,44,0.0057697794427088375,1,0.0623769570376801,0.6388465125795898,0.6297475775481903,3375408.1086814343,1908189.8169798,4722,156,30.04864532524491,710.8112023862419,417.9127939070959,0.0006991685782113203,0.0009741121415255976,0.0013246382446042543,0.005,0.049983811536072016,0.05257460161235743,0.055273177620996865,0.0
EleutherAI/pythia-410m,pretrained,5,1024,300000,78,NOUN+VERB,10,0.8699486989284743,0.04317105967559435,0.08688024139593149,True,0.0016070608154011405,0.12540301009794072,1,43,0.0029710614242785564,1,0.0871692482157997,0.5896502223424614,0.5790225365549367,3139244.4126293,2184665.0741817914,4722,156,30.04864532524491,658.090435834426,478.46366057419874,0.0006685387624632205,0.0009467387489551417,0.001376899785437564,0.0,0.047336537041592935,0.04994537632130862,0.05240108260629319,0.0
EleutherAI/pythia-410m,pretrained,6,1024,300000,78,NOUN+VERB,10,0.8405653924474884,0.04261960114072425,0.11681500641178723,True,0.003758028144894656,0.24905395215636258,1,22,0.6137594922577236,1,0.2960733512638748,0.43247934846374236,0.41649915838753315,1872941.7047545633,2457766.13460851,4722,156,30.04864532524491,384.2176311199775,538.2755441542947,0.0006668800865959725,0.0009602495252560598,0.0014488990371337744,0.0,0.040527587575273805,0.044004858529050936,0.047583781811330786,0.0
EleutherAI/pythia-410m,pretrained,7,1024,300000,78,NOUN+VERB,10,0.8300379370697305,0.03970455276370029,0.13025751016656914,True,0.005055478723143734,0.26171918676836886,1,21,0.8202505674288022,1,0.32310757804094314,0.40019966092083825,0.38303154827123637,1688246.187578652,2530263.60249485,4722,156,30.04864532524491,344.0340672837123,554.1532199944919,0.0006584054135303459,0.000963836615715329,0.001460605790089067,0.0,0.03850966630235574,0.04180856188836312,0.045528673072592916,0.0
EleutherAI/pythia-410m,pretrained,8,1024,300000,78,NOUN+VERB,10,0.8187251903626035,0.044697939914669534,0.13657686972272684,True,0.0048347580071294045,0.25592888912316264,1,23,0.8547750366972997,1,0.3283491755167952,0.38644892371944145,0.36876557194045273,1658117.4372216456,2632533.5012330944,4722,156,30.04864532524491,336.819859443293,576.5513581325217,0.0006257510005430652,0.0009619638150819413,0.0014715631775003184,0.0,0.038541928641434076,0.04186695292903661,0.0455621134832716,0.0
EleutherAI/pythia-410m,pretrained,9,1024,300000,78,NOUN+VERB,10,0.8169421752526639,0.044675705334890785,0.13838211941244538,True,0.004489117118182557,0.2601096442725746,1,23,0.8669583328315562,1,0.33067537833685623,0.38079514520882657,0.362898351118011,1632787.3885405427,2655049.284495634,4722,156,30.04864532524491,331.2172490607931,581.4825415014529,0.0006466316112498224,0.0009601467806128032,0.0014696837074894098,0.0,0.03806264633233423,0.041260569464549195,0.04470950539858535,0.0
EleutherAI/pythia-410m,pretrained,10,1024,300000,78,NOUN+VERB,10,0.8104198915798954,0.047999482411984956,0.1415806260081196,True,0.004839316123280858,0.2629463871172944,1,24,0.8580237424562454,1,0.33157100969300846,0.37447293567940176,0.3563363629510819,1608508.6243092078,2686884.903639374,4722,156,30.04864532524491,325.7724275675905,588.4548628207126,0.0006463841729128189,0.0009591031862078211,0.0014449867800403206,0.0,0.037892488477733424,0.04117512636290147,0.04431781033943163,0.0
EleutherAI/pythia-410m,pretrained,11,1024,300000,78,NOUN+VERB,10,0.8099401008624934,0.04652852780620089,0.14353137133130575,True,0.005305615256906409,0.26170122758206554,1,24,0.8570796904132294,1,0.33213206579223253,0.38013230813475657,0.3622104296047286,1643079.5848796917,2679309.0932676587,4722,156,30.04864532524491,333.2502233768511,586.7956840270825,0.000648058565664063,0.0009590381611617353,0.0014661095884763288,0.0,0.037027043460384136,0.040110296094499065,0.043392985435023054,0.0
EleutherAI/pythia-410m,pretrained,12,1024,300000,78,NOUN+VERB,10,0.8103897519672104,0.045870097377893534,0.14374015065489604,True,0.005343531947937781,0.26718801968898404,1,24,0.8631273760667499,1,0.33325970792799564,0.3919096673297894,0.3744315875309192,1688443.7709026793,2619803.541307318,4722,156,30.04864532524491,343.4238761304823,573.7633686612611,0.0006158084544043776,0.0009611820585171773,0.001485317226460961,0.0,0.037072507993301966,0.039938386270094065,0.04351320682908371,0.0
EleutherAI/pythia-410m,pretrained,13,1024,300000,78,NOUN+VERB,10,0.8010967888755658,0.05009153292583877,0.14881167819859548,True,0.0054128609234567835,0.25728835903891845,1,26,0.8515415963615257,1,0.33312881755500845,0.3933345147082921,0.3759098529235128,1694897.9545614095,2614151.699569231,4722,156,30.04864532524491,344.8508191553095,572.5255583813471,0.00060075068803562,0.0009548118140998089,0.001465274363367226,0.0,0.036701676031794604,0.039960403214370756,0.043227151197670476,0.0
EleutherAI/pythia-410m,pretrained,14,1024,300000,78,NOUN+VERB,10,0.788495162539743,0.05491640490921344,0.15658843255104357,True,0.008362251484774912,0.2640245185492637,1,27,0.8383205610664769,1,0.33237878321551795,0.3930116066051531,0.3755748440599232,1716567.6222195937,2651159.9292574734,4722,156,30.04864532524491,349.2336833712124,580.6307335211286,0.000653949567854416,0.0009425749645223908,0.001454767702107052,0.0,0.037095063772772045,0.03996712777091137,0.043398541688821075,0.0
EleutherAI/pythia-410m,pretrained,15,1024,300000,78,NOUN+VERB,10,0.7802671227955292,0.06090702422740411,0.1588258529770667,True,0.004838635932707356,0.24556129794828804,1,31,0.8196308731552506,1,0.3320768622456324,0.409087034101203,0.39224900562396964,1836552.2103720042,2652840.16161323,4722,156,30.04864532524491,374.98280187303527,580.9987213344788,0.0006190152574686205,0.0009284263838625841,0.001545518644885456,0.0,0.03836330162210622,0.04114248287446043,0.044205482916355496,0.0
EleutherAI/pythia-410m,pretrained,16,1024,300000,78,NOUN+VERB,10,0.7773664166871251,0.052777671883813417,0.1698559114290614,True,0.003970206565830314,0.2391414687455084,1,34,0.8106724764742709,1,0.3324654772395167,0.40748296691880126,0.3905855319015777,1872825.7362879817,2723257.75267213,4722,156,30.04864532524491,382.2576917596691,596.4208831958234,0.0006459302543390132,0.0009450289836151194,0.0014930388713578948,0.0,0.03932754193122548,0.041917620024207444,0.04502765444662659,0.0
EleutherAI/pythia-410m,pretrained,17,1024,300000,78,NOUN+VERB,10,0.7542611738356483,0.06241715504795333,0.18332167111639827,True,0.00560906083338964,0.2470352226863534,1,34,0.8070308416835004,1,0.3310457965705162,0.4019845479098737,0.3848829116624668,1824346.9600662924,2714004.0028053382,4722,156,30.04864532524491,371.9164723671266,594.3942187484315,0.0006184058654600403,0.0009746038649126427,0.0015076639066215973,0.0,0.038140866660271326,0.04117939055845178,0.044246930757334574,0.0
EleutherAI/pythia-410m,pretrained,18,1024,300000,78,NOUN+VERB,10,0.7250977999324945,0.07665303738624689,0.19824916268125875,True,0.009452513867227019,0.25831595695942056,1,34,0.7773298045795505,1,0.3307312354571595,0.38639825263594724,0.3687129920446125,1744025.5914003656,2769518.6068533827,4722,156,30.04864532524491,354.26640427534994,606.5524763148013,0.0006518721131939712,0.0009722773590987129,0.0014327055238143305,0.0,0.03763225604830413,0.03987400184138222,0.04294603327309004,0.0
EleutherAI/pythia-410m,pretrained,19,1024,300000,78,NOUN+VERB,10,0.7187525149449304,0.06354864952976211,0.2176988355253075,True,0.003866611081963516,0.2682841951814526,1,34,0.7804760108224035,1,0.3311907236549164,0.3710044607818952,0.3527358471009964,1636055.5001084781,2773744.5779296043,4722,156,30.04864532524491,331.05381825586323,607.4780065548849,0.0006354006280856853,0.0009588948132264325,0.001384389578540964,0.0,0.036255541205072205,0.03896019255464267,0.04185936861268354,0.0
EleutherAI/pythia-410m,pretrained,20,1024,300000,78,NOUN+VERB,10,0.6832048515605902,0.07530973998300458,0.24148540845640526,True,0.01056942471924497,0.3289572936549644,1,23,0.7162372518842314,1,0.33129724651610337,0.3576274550373605,0.33884631333470344,1608880.3788864838,2889880.429951328,4722,156,30.04864532524491,324.37270893633496,632.9129281540359,0.0006266125733371113,0.0009510659956748692,0.0015613422120915174,0.0,0.031145621986229437,0.034203369514364736,0.037805964907104715,0.0
EleutherAI/pythia-410m,pretrained,21,1024,300000,78,NOUN+VERB,10,0.6455841454913216,0.11015485367516291,0.24426100083351557,True,0.03410833201316794,0.3369740636030572,1,22,0.6023963090161417,1,0.33005175657439884,0.3529446290320643,0.33398283752601765,1571027.620089193,2880173.760698694,4722,156,30.04864532524491,316.3162562708931,630.7870697982247,0.0006424573567661399,0.0009608634486278178,0.0015784929999864109,0.0,0.027397742335182374,0.03036655399464287,0.03376003068078994,0.0
EleutherAI/pythia-410m,pretrained,22,1024,300000,78,NOUN+VERB,10,0.6485408219277586,0.106417529741733,0.2450416483305083,True,0.021359262932515815,0.2997791099231591,1,32,0.5465633921814236,1,0.3276824523953021,0.3380075541340732,0.3184652642122804,1442053.7762157598,2824282.163849528,4722,156,30.04864532524491,289.0322145561782,618.546247010409,0.0006508023991930259,0.0009591729481046518,0.0014453197884420135,0.0,0.030813375296878064,0.03301780773299971,0.03641983139851639,0.0
EleutherAI/pythia-410m,pretrained,23,1024,300000,78,NOUN+VERB,10,0.6357540847683617,0.10194438325662511,0.2623015319750133,True,0.018294741136032026,0.30964957238216345,1,27,0.18606660622133017,1,0.3071811983646213,0.33059237482253223,0.3107594937481004,1467684.5261455108,2971874.9976740857,4722,156,30.04864532524491,293.45954756903063,650.8705645365934,0.0006350814229327248,0.0009726018868570286,0.001569444492930792,0.0,0.02957245404391578,0.03217238081937914,0.035845858955663466,0.0
EleutherAI/pythia-410m,pretrained,24,1024,300000,78,NOUN+VERB,10,0.6551247703161405,0.09908354040481221,0.2457916892790473,True,0.006739707535137874,0.2389524571264097,1,40,0.019495025188981108,1,0.24282123775382705,0.3289421519255938,0.3090443826790382,1534119.9200089413,3129678.5960169304,4722,156,30.04864532524491,306.5734454566494,685.4311423602563,0.0006577470118913521,0.0009685316727983211,0.0014071457281626828,0.0,0.0366150878467587,0.039156086726446326,0.04207041550345762,0.0
EleutherAI/pythia-1.4b,random,0,2048,300000,78,NOUN+VERB,10,0.9971668498067359,6.270172073355668e-05,0.0027704484725305316,False,,,1,10,,1,0.002767395640036147,0.8935274112330139,0.891231874160296,8686663.779728357,1035101.5187097564,4722,156,30.04864532524491,1857.5311420011565,226.69766068982838,,,,,,,,
EleutherAI/pythia-1.4b,random,1,2048,300000,78,NOUN+VERB,10,0.9942342092921447,0.0006016240742586271,0.005164166633596702,False,,,1,22,,1,0.005160945138096101,0.792448520688565,0.7876750110414427,7723360.223524617,2022837.822013693,4722,156,30.04864532524491,1643.5053253743713,443.021862026652,,,,,,,,
EleutherAI/pythia-1.4b,random,2,2048,300000,78,NOUN+VERB,10,0.9927990552890131,0.0008617730027470635,0.006339171708239837,False,,,1,28,,1,0.006330642379399838,0.734057338820667,0.7277192744234675,7101099.284906709,2572667.203574014,4722,156,30.04864532524491,1505.8949662449884,563.440035824357,,,,,,,,
EleutherAI/pythia-1.4b,random,3,2048,300000,78,NOUN+VERB,10,0.9915816714474446,0.001057626349080313,0.007360702203475195,False,,,1,32,,1,0.0073565657921296195,0.6940256965866031,0.6865585423196262,6737297.228409378,2970264.410223225,4722,156,30.04864532524491,1424.8867274573347,650.5178296590507,,,,,,,,
EleutherAI/pythia-1.4b,random,4,2048,300000,78,NOUN+VERB,10,0.9906371330257716,0.0012506049328219722,0.008112262041406495,False,,,1,34,,1,0.008092216299270486,0.6636965018637537,0.655343275936429,6441681.3108855365,3264082.2313304963,4722,156,30.04864532524491,1359.2748334955536,714.8668925384354,,,,,,,,
EleutherAI/pythia-1.4b,random,5,2048,300000,78,NOUN+VERB,10,0.9897711682296747,0.0014158225105458451,0.00881300925977938,False,,,1,35,,1,0.008815202127839606,0.6390187970809917,0.6299250932068059,6201017.202248809,3502949.6146504255,4722,156,30.04864532524491,1305.8619087310742,767.1812559462168,,,,,,,,
EleutherAI/pythia-1.4b,random,6,2048,300000,78,NOUN+VERB,10,0.989172787220178,0.0015053910311227806,0.009321821748699359,False,,,1,36,,1,0.009315080129692507,0.619197447190879,0.6094962910856324,5996788.885878385,3687987.614871246,4722,156,30.04864532524491,1260.6642895836505,807.7064421531419,,,,,,,,
EleutherAI/pythia-1.4b,random,7,2048,300000,78,NOUN+VERB,10,0.9886343359352786,0.0016388279073549774,0.009726836157366423,False,,,1,37,,1,0.00973609961059177,0.6012696129908279,0.5910092858624061,5825903.80348188,3863433.0224766796,4722,156,30.04864532524491,1222.6955658028312,846.1307539370739,,,,,,,,
EleutherAI/pythia-1.4b,random,8,2048,300000,78,NOUN+VERB,10,0.988139347966653,0.0017052918246043035,0.010155360208742605,False,,,1,37,,1,0.010171456499332114,0.5865791701014569,0.5758537393360779,5690737.401202133,4010830.0789691154,4722,156,30.04864532524491,1192.600274132928,878.412194255172,,,,,,,,
EleutherAI/pythia-1.4b,random,9,2048,300000,78,NOUN+VERB,10,0.9877292850160792,0.0017803705659975026,0.010490344417923339,False,,,1,38,,1,0.010507011634625637,0.5728933380359855,0.5617290082891192,5557641.2495253645,4143363.947320316,4722,156,30.04864532524491,1163.05780749939,907.4384466316942,,,,,,,,
EleutherAI/pythia-1.4b,random,10,2048,300000,78,NOUN+VERB,10,0.987373265500199,0.0018238898557973188,0.010802844644003719,False,,,1,38,,1,0.010827553981727413,0.5608373330871129,0.5492818933055377,5435862.97884524,4256542.747648909,4722,156,30.04864532524491,1136.0864232267295,932.2257441193406,,,,,,,,
EleutherAI/pythia-1.4b,random,11,2048,300000,78,NOUN+VERB,10,0.9870472782093199,0.0018968177975656024,0.011055903993114359,False,,,1,38,,1,0.01109421353661812,0.5504927611885203,0.5385983861638055,5341092.300622483,4361291.957966135,4722,156,30.04864532524491,1114.9751599416586,955.1668764709012,,,,,,,,
EleutherAI/pythia-1.4b,random,12,2048,300000,78,NOUN+VERB,10,0.9867620512055566,0.0019470466813330842,0.011290902113110316,False,,,1,39,,1,0.011321352377169006,0.541016642550998,0.5288090734880739,5247539.771281471,4451865.678684554,4722,156,30.04864532524491,1094.2287583652417,975.0034337898717,,,,,,,,
EleutherAI/pythia-1.4b,random,13,2048,300000,78,NOUN+VERB,10,0.9865864618098724,0.002049242396755969,0.011364295793371554,False,,,1,39,,1,0.011400832510609825,0.5324123433901471,0.5199181464553997,5169076.085259007,4539707.2467441615,4722,156,30.04864532524491,1076.7419295298184,994.2416221515904,,,,,,,,
EleutherAI/pythia-1.4b,random,14,2048,300000,78,NOUN+VERB,10,0.9861809640176693,0.0020965533645134382,0.0117224826178173,False,,,1,39,,1,0.011765551520923982,0.5236554845929856,0.5108673797969606,5080949.963567744,4621898.7853896795,4722,156,30.04864532524491,1057.2217018302076,1012.2423971506088,,,,,,,,
EleutherAI/pythia-1.4b,random,15,2048,300000,78,NOUN+VERB,10,0.9859127390355592,0.0021466423980528834,0.011940618566387952,False,,,1,39,,1,0.012001792662731948,0.5161424343066412,0.5031003999957142,5008536.701493803,4695251.184541976,4722,156,30.04864532524491,1041.1395375552238,1028.3073115510242,,,,,,,,
EleutherAI/pythia-1.4b,random,16,2048,300000,78,NOUN+VERB,10,0.9857578636069172,0.0022101525279811683,0.012031983865101554,False,,,1,40,,1,0.012105758621093834,0.5085706286399905,0.49527102656626754,4931963.545998878,4765732.837270123,4722,156,30.04864532524491,1024.1851442862512,1043.743503563321,,,,,,,,
EleutherAI/pythia-1.4b,random,17,2048,300000,78,NOUN+VERB,10,0.985406528612176,0.0022540149956076496,0.012339456392216456,False,,,1,39,,1,0.012419561460489776,0.5019765610291712,0.48845129882836397,4871311.061059672,4832948.9368022345,4722,156,30.04864532524491,1010.6728094366985,1058.4645065269897,,,,,,,,
EleutherAI/pythia-1.4b,random,18,2048,300000,78,NOUN+VERB,10,0.9849975941247612,0.0023489347147953076,0.012653471160443432,False,,,1,39,,1,0.012725031226555255,0.49550113938098356,0.4817530522503245,4810710.409090025,4898067.284337519,4722,156,30.04864532524491,997.1868929187427,1072.7260806696274,,,,,,,,
EleutherAI/pythia-1.4b,random,19,2048,300000,78,NOUN+VERB,10,0.9848924998749011,0.002389202973809445,0.012718297151289481,False,,,1,40,,1,0.0127852942326197,0.48978730921880304,0.47584159574368967,4761589.888868929,4960160.346888569,4722,156,30.04864532524491,986.1878750013898,1086.3250869225951,,,,,,,,
EleutherAI/pythia-1.4b,random,20,2048,300000,78,NOUN+VERB,10,0.9845577799423861,0.002446858499230116,0.012995361558383756,False,,,1,40,,1,0.013078322105442592,0.48437470324793075,0.4702409097780401,4717200.854863776,5021542.360322757,4722,156,30.04864532524491,976.2099162402866,1099.7683662555314,,,,,,,,
EleutherAI/pythia-1.4b,random,21,2048,300000,78,NOUN+VERB,10,0.9843430479867639,0.002512426207698951,0.013144525805537145,False,,,1,40,,1,0.013241162256198544,0.47898746148819804,0.4646656265636849,4665992.919993596,5075374.642106071,4722,156,30.04864532524491,964.8229275193528,1111.5581782974314,,,,,,,,
EleutherAI/pythia-1.4b,random,22,2048,300000,78,NOUN+VERB,10,0.9841396098440329,0.0025370997875633033,0.01332329036840385,False,,,1,40,,1,0.013421326451314093,0.47386000200449613,0.4593584121352232,4616515.854571143,5125846.520481858,4722,156,30.04864532524491,953.8320585480594,1122.6120281388214,,,,,,,,
EleutherAI/pythia-1.4b,random,23,2048,300000,78,NOUN+VERB,10,0.9838366335815458,0.0025861724329410687,0.013577193985513224,False,,,1,40,,1,0.013675478911563772,0.4689905855215282,0.45431758151819895,4567778.832370579,5171817.171014233,4722,156,30.04864532524491,943.0328882900392,1132.6800637350486,,,,,,,,
EleutherAI/pythia-1.4b,random,24,2048,300000,78,NOUN+VERB,10,0.9841815699280667,0.0026720334625776137,0.01314639660935561,False,,,1,41,,1,0.013245039813697236,0.4685194574787111,0.4538298322657359,4581838.395057111,5197559.924307893,4722,156,30.04864532524491,945.8639288512898,1138.3179860507869,,,,,,,,
EleutherAI/pythia-1.4b,pretrained,0,2048,300000,78,NOUN+VERB,10,0.9987553677831519,3.106898091738793e-05,0.001213563235930757,False,,,1,9,,1,0.001216096524993046,0.9442729889139194,0.9431117025011458,11045895.584061429,651882.1917978153,4722,156,30.04864532524491,2366.8645604697986,142.76876736702042,,,,,,,,
EleutherAI/pythia-1.4b,pretrained,1,2048,300000,78,NOUN+VERB,10,0.9789083792714676,0.011961792996224048,0.009129827732308355,False,,,1,22,,1,0.009176566522996544,0.8100818108548268,0.8057615925749015,8255871.833034097,1935533.1860740492,4722,156,30.04864532524491,1758.474879856904,423.9012672085084,,,,,,,,
EleutherAI/pythia-1.4b,pretrained,2,2048,300000,78,NOUN+VERB,10,0.9512175114832363,0.01982620551260643,0.028956283004157316,True,,0.05651585866029144,1,40,0.0019113309150531033,1,0.029013065658448176,0.6793651512842231,0.6714729877278831,7063392.192804013,3333655.962303565,4722,156,30.04864532524491,1492.2525619957805,730.1042405395456,,,,,0.02788630704834417,0.02966901086044777,0.03142666245831489,0.0
EleutherAI/pythia-1.4b,pretrained,3,2048,300000,78,NOUN+VERB,10,0.9031093022477112,0.035595787257062785,0.06129491049522612,True,0.0018229841111753605,0.07541200238253166,1,44,0.004717791512778431,1,0.06394796383719198,0.5923665455763066,0.5818250877801665,6175748.250061685,4249803.793991327,4722,156,30.04864532524491,1294.9930631016898,930.749845376988,0.0003480955699137576,0.0004765371767104735,0.0006551856980175915,0.0,0.027832153612188073,0.029261751502404593,0.030980606461820895,0.0
EleutherAI/pythia-1.4b,pretrained,4,2048,300000,78,NOUN+VERB,10,0.8632199785505976,0.03223654503945209,0.10454347640995024,True,0.00276250445694722,0.18499358550204922,1,24,0.6853821223665479,1,0.3043309904795021,0.4473787506869894,0.43193666483144827,4100595.05749226,5065229.316587724,4722,156,30.04864532524491,843.5027755719383,1109.3362498002023,0.00034874991017029507,0.00047503087442176566,0.000704217001415001,0.0,0.025135427268324153,0.02726871713687059,0.02925865004224619,0.0
EleutherAI/pythia-1.4b,pretrained,5,2048,300000,78,NOUN+VERB,10,0.8450460499644276,0.03314439621422888,0.1218095538213435,True,0.002831293406948117,0.17152242979324384,1,31,0.7691040292336278,1,0.31946756130826304,0.4220792124141053,0.40571959315806416,3918993.559607956,5365978.181106439,4722,156,30.04864532524491,802.3199007762854,1175.2032810132366,0.000334523981733072,0.00048000307805524034,0.0006828673689092273,0.0,0.02513294714010948,0.026874395401668038,0.028690618763412824,0.0
EleutherAI/pythia-1.4b,pretrained,6,2048,300000,78,NOUN+VERB,10,0.8296402234628124,0.033458286926812644,0.13690148961037488,True,0.0027437603084825898,0.17036167747448874,1,35,0.7706122692636297,1,0.3208985746283499,0.394589374431388,0.37721170886650013,3730467.8974574185,5723582.665442571,4722,156,30.04864532524491,759.235975852227,1253.5222657561478,0.0003360526866346695,0.000475292944535757,0.0007064128418585001,0.0,0.024780272012412594,0.026434943380733038,0.028295265888624858,0.0
EleutherAI/pythia-1.4b,pretrained,7,2048,300000,78,NOUN+VERB,10,0.8189582804167587,0.033760920141527095,0.14728079944171424,True,0.0023642921090085327,0.17200055079230325,1,37,0.7704200467550895,1,0.32282946166005855,0.3818367673785976,0.3639793666580605,3676675.0543576865,5952243.291036226,4722,156,30.04864532524491,746.0197533908466,1303.6012463942675,0.0003345712034142095,0.00048127850567906136,0.0006943113307771543,0.0,0.024517423537280123,0.02591848431873507,0.02726923630267135,0.0
EleutherAI/pythia-1.4b,pretrained,8,2048,300000,78,NOUN+VERB,10,0.8090937455213999,0.034627425256675004,0.15627882922192518,True,0.002027660514850903,0.17212958322249614,1,39,0.763536939889949,1,0.32417659762959977,0.36691927639157357,0.34849469516259646,3512695.3350268016,6060787.338252208,4722,156,30.04864532524491,710.0212615700844,1327.3734862576014,0.0003356841685052842,0.00047943944775330174,0.0007060492231042108,0.0,0.02431716138398711,0.025850950072213403,0.02731769050842053,0.0
EleutherAI/pythia-1.4b,pretrained,9,2048,300000,78,NOUN+VERB,10,0.8106713277716853,0.037746446171188525,0.15158222605712626,True,0.0019622148590801194,0.1704119071140676,1,41,0.747146197913589,1,0.3214741173847113,0.37021552789100093,0.351916831532002,3662476.8739241655,6230346.624831062,4722,156,30.04864532524491,740.944363326522,1364.5086782372014,0.00032283934950134334,0.0004907821688731105,0.0006803741560102837,0.0,0.024034251958552577,0.025318380106076198,0.026940129417963355,0.0
EleutherAI/pythia-1.4b,pretrained,10,2048,300000,78,NOUN+VERB,10,0.8056041262066126,0.041288967920359555,0.15310690587302794,True,0.001808551183210959,0.1664036973894331,1,41,0.7406596890306161,1,0.3233253044427266,0.36962976780523626,0.35130872419799897,3629230.3994142422,6189325.1270079175,4722,156,30.04864532524491,734.1051444393568,1355.5245569443534,0.00033820977918540333,0.00048412527883138335,0.0006675028835283137,0.0,0.024126553482881404,0.025314385518557248,0.026862213951105152,0.0
EleutherAI/pythia-1.4b,pretrained,11,2048,300000,78,NOUN+VERB,10,0.808147936053284,0.0400807665644058,0.15177129738231024,True,0.0019306018319522546,0.16415310339302455,1,42,0.7154983890982246,1,0.32271712043986384,0.3750919932373517,0.35697895050916845,3754730.545830983,6255428.597862214,4722,156,30.04864532524491,760.5689343805561,1370.0018830184438,0.00032261676685227197,0.00048680141782803164,0.0006667448400485823,0.0,0.02370052806026674,0.024902845191188197,0.026550632787564175,0.0
EleutherAI/pythia-1.4b,pretrained,12,2048,300000,78,NOUN+VERB,10,0.8079699446646579,0.04070998754873753,0.1513200677866046,True,0.0018600018438803948,0.16393635978451385,1,43,0.6769862136673959,1,0.3204709948794187,0.3909621671829841,0.37344853259183014,4010025.338947162,6246786.382352533,4722,156,30.04864532524491,815.4451491253075,1368.1091507561396,0.000309830052597108,0.0004898771735399863,0.000660353695924945,0.0,0.0237322017830905,0.024981513949876744,0.026390084960765642,0.0
EleutherAI/pythia-1.4b,pretrained,13,2048,300000,78,NOUN+VERB,10,0.803409161348017,0.04287224671486546,0.15371859193711754,True,0.0021135382595951786,0.1608095548844558,1,44,0.6342241586642495,1,0.31737286568227435,0.39498574177959317,0.3776229111991354,4135448.255609445,6334418.927386429,4722,156,30.04864532524491,841.7354423726243,1387.3015609694326,0.00032136706189940013,0.00047982862093879394,0.0006608750294294261,0.0,0.02367789630609138,0.02497708893796173,0.026415510955291717,0.0
EleutherAI/pythia-1.4b,pretrained,14,2048,300000,78,NOUN+VERB,10,0.7973412037707024,0.0431103620753631,0.15954843415393463,True,0.0021999185696870726,0.16510070317537118,1,44,0.616463829946148,1,0.31537107123768904,0.39746849327418693,0.38019848159777864,4216757.854624888,6392278.901694886,4722,156,30.04864532524491,858.7713564826136,1399.9734782511796,0.0003342067107460095,0.00048249492229762096,0.0006726624234857618,0.0,0.023062625652270005,0.024479007069160747,0.025838463867769078,0.0
EleutherAI/pythia-1.4b,pretrained,15,2048,300000,78,NOUN+VERB,10,0.7815894648686774,0.04482519253820241,0.1735853425931201,True,0.0026178325979662187,0.17727296511882643,1,44,0.5656921899789127,1,0.3134275511225033,0.3968003637254861,0.3795053913205309,4177492.9140243307,6350453.368087443,4722,156,30.04864532524491,850.6457993551519,1390.8132650213408,0.00032962841738355095,0.0004861162191380058,0.0006760162017013395,0.0,0.02309402004515513,0.02450768439379937,0.025932907404339754,0.0
EleutherAI/pythia-1.4b,pretrained,16,2048,300000,78,NOUN+VERB,10,0.7612091222041674,0.05089856482940213,0.18789231296643039,True,0.003026635481678313,0.176675871926868,1,44,0.5051722586558184,1,0.312354999156012,0.3936070073431317,0.37619255467429924,4148889.742489279,6391801.010184323,4722,156,30.04864532524491,844.2031747833013,1399.8688151958659,0.0003248660741572108,0.00048732275333148714,0.0007160954281862406,0.0,0.023235897995660948,0.02449655063720685,0.025607405998751734,0.0
EleutherAI/pythia-1.4b,pretrained,17,2048,300000,78,NOUN+VERB,10,0.7439340441779229,0.055455514996590786,0.20061044082548637,True,0.0033398322717185895,0.1833009000112026,1,44,0.47684640860663613,1,0.30716193825935806,0.383795473048939,0.3660120636111661,3996996.959524532,6417396.22696014,4722,156,30.04864532524491,811.4043900744873,1405.474425527845,0.00032085682374105107,0.0004812380566807437,0.0007107513808232635,0.0,0.0227110298522701,0.023935510377214163,0.02545546946856312,0.0
EleutherAI/pythia-1.4b,pretrained,18,2048,300000,78,NOUN+VERB,10,0.727335495659696,0.059723558972026455,0.2129409453682776,True,0.003926258297524839,0.1956754066731265,1,43,0.4636145933041375,1,0.3048605243544582,0.3750899324753912,0.35697681143740684,3856131.1828654753,6424419.823708042,4722,156,30.04864532524491,781.1085251225177,1407.012663974604,0.00031559052005480334,0.0004850326060719003,0.0007132556154177269,0.0,0.022563015835081742,0.023959150011531937,0.025456525459822608,0.0
EleutherAI/pythia-1.4b,pretrained,19,2048,300000,78,NOUN+VERB,10,0.7077136389367266,0.06583119940142428,0.22645516166184915,True,0.003773503381745553,0.21264010253761678,1,40,0.41085861435148985,1,0.3021424168940889,0.36061032195586834,0.34194391756514636,3667326.993178696,6502451.213079929,4722,156,30.04864532524491,740.0024721409737,1424.1023243714255,0.00034528286139172946,0.0004851186497407629,0.000712760591066498,0.0,0.021774074795715772,0.023044380579224963,0.024174761877449272,0.0
EleutherAI/pythia-1.4b,pretrained,20,2048,300000,78,NOUN+VERB,10,0.6911826370551245,0.06994137985706098,0.2388759830878146,True,0.004115944720217345,0.2339095966299627,1,36,0.3774997663822848,1,0.30210733310060234,0.3422549914935487,0.32287843101743524,3442009.317426628,6614847.128716709,4722,156,30.04864532524491,690.8063021952381,1448.7181622244216,0.00034294139092676165,0.0004904871045502311,0.0007085430271430206,0.0,0.02104405502522729,0.022436676409559493,0.024078870613061482,0.0
EleutherAI/pythia-1.4b,pretrained,21,2048,300000,78,NOUN+VERB,10,0.6789832285272258,0.0740348828199804,0.24698188865279377,True,0.003967574979177158,0.2362755943692782,1,37,0.3404332909092941,1,0.30038393886700476,0.3302465049772598,0.310400030583284,3278803.1599184945,6649547.664397623,4722,156,30.04864532524491,655.5121081612135,1456.3179291278193,0.000342870261935187,0.0004913514150004944,0.0006843300948653182,0.0,0.0211296892009791,0.022457009305702595,0.024140465900963505,0.0
EleutherAI/pythia-1.4b,pretrained,22,2048,300000,78,NOUN+VERB,10,0.6650716842097467,0.07977300359643587,0.2551553121938175,True,0.004478883786208244,0.24149748834079576,1,36,0.3083991696711619,1,0.2996536235521538,0.3191852557156012,0.29890221394258176,3134276.6629805136,6685339.39651943,4722,156,30.04864532524491,624.2205889515166,1464.1566790449913,0.00034010474722351894,0.0004917859185024237,0.0006901083477508679,0.0,0.02060245445501436,0.022010724046406027,0.02332530228948081,0.0
EleutherAI/pythia-1.4b,pretrained,23,2048,300000,78,NOUN+VERB,10,0.655684939970141,0.08313704238094204,0.26117801764891696,True,0.004884564991165885,0.24305911880477926,1,38,0.21190426724235997,1,0.2919114790786373,0.308715450439634,0.288015896202212,2978420.274230378,6669364.668145794,4722,156,30.04864532524491,590.8737790899062,1460.6580525943484,0.00033913117596625676,0.0004968404465934691,0.0006830117556228055,0.0,0.02057067141198506,0.02200211013631636,0.023382038311935437,0.0
EleutherAI/pythia-1.4b,pretrained,24,2048,300000,78,NOUN+VERB,10,0.6694375999331874,0.08654817426652213,0.24401422580029042,True,0.005586109810217548,0.20934072058943892,1,43,0.02343136609184885,1,0.23985733765118977,0.3013596788082407,0.28036558194303474,2885212.0704996926,6688769.697431486,4722,156,30.04864532524491,570.7200204019751,1464.9079495031726,0.00033671696063838745,0.0004907110212303187,0.0007041530499626676,0.0,0.020094987083199112,0.02139258626323034,0.02266605680665702,0.0
znhoughton/opt-babylm-1.3B-20eps-seed964,pretrained_noposemb,0,2048,300000,78,NOUN+VERB,10,1.0,1.4886265246198368e-32,4.251329107986167e-32,False,,,0,0,,0,1.541583516681796e-48,0.9999999999999966,0.9999999999999966,9823846.540677968,3.3527612686157227e-08,4723,156,30.055973171781197,2108.720777028566,7.341277137323676e-12,,,,,,,,
znhoughton/opt-babylm-1.3B-20eps-seed964,pretrained_noposemb,1,2048,300000,78,NOUN+VERB,10,0.9871529541158547,0.0021956054204121675,0.010651440463733172,False,,,1,42,,1,0.01048425058529348,0.7324403765878394,0.7260532009844012,7511070.589655853,2743785.409199738,4723,156,30.055973171781197,1592.2869837200333,600.7850687978406,,,,,,,,
znhoughton/opt-babylm-1.3B-20eps-seed964,pretrained_noposemb,2,2048,300000,78,NOUN+VERB,10,0.9870213083144266,0.00252769616570695,0.010450995519866453,False,,,1,42,,1,0.010301065117547453,0.7231649911358007,0.7165198000176903,7483653.902166774,2864819.8125424655,4723,156,30.055973171781197,1585.520148951429,627.2870182926354,,,,,,,,
znhoughton/opt-babylm-1.3B-20eps-seed964,pretrained_noposemb,3,2048,300000,78,NOUN+VERB,10,0.9877643320741256,0.0025053590119525748,0.009730308913921794,False,,,1,42,,1,0.009593796472477342,0.7343541571508683,0.7280199113184237,7673669.919183857,2775879.3132409984,4723,156,30.055973171781197,1626.955652647494,607.8124180514558,,,,,,,,
znhoughton/opt-babylm-1.3B-20eps-seed964,pretrained_noposemb,4,2048,300000,78,NOUN+VERB,10,0.9851541313414063,0.0038242405841786282,0.011021628074415112,False,,,1,41,,1,0.010881575272380357,0.6818681942822773,0.6740443454792794,7067701.581012884,3297500.4335087426,4723,156,30.055973171781197,1493.0824823265446,722.0276841490569,,,,,,,,
znhoughton/opt-babylm-1.3B-20eps-seed964,pretrained_noposemb,5,2048,300000,78,NOUN+VERB,10,0.983040865076693,0.004594322263470932,0.012364812659836173,False,,,1,41,,1,0.012273775766150139,0.6315970881318822,0.6222724595162744,6438491.298937328,3755493.7904824056,4723,156,30.055973171781197,1354.6838902366787,822.3108803333491,,,,,,,,
znhoughton/opt-babylm-1.3B-20eps-seed964,pretrained_noposemb,6,2048,300000,78,NOUN+VERB,10,0.980937148969467,0.005338305953542367,0.01372454507699063,False,,,1,43,,1,0.013656155592518487,0.5856405706197009,0.5748804556538853,5871214.31297221,4154071.856596833,4723,156,30.055973171781197,1230.0123316382183,909.5843784972265,,,,,,,,
znhoughton/opt-babylm-1.3B-20eps-seed964,pretrained_noposemb,7,2048,300000,78,NOUN+VERB,10,0.9797194809896572,0.005658284525292258,0.014622234485050591,False,,,1,44,,1,0.014554069240332028,0.5639451352924861,0.5524862326992398,5625118.978207299,4349466.5376157435,4723,156,30.055973171781197,1175.7636849090165,952.3684120025714,,,,,,,,
znhoughton/opt-babylm-1.3B-20eps-seed964,pretrained_noposemb,8,2048,300000,78,NOUN+VERB,10,0.9787980860080838,0.005688672863266614,0.015513241128649472,False,,,1,46,,1,0.015437727139643113,0.5444918783113579,0.5323948769631146,5380982.073766542,4501593.384392126,4723,156,30.055973171781197,1122.2506340933874,985.678428813691,,,,,,,,
znhoughton/opt-babylm-1.3B-20eps-seed964,pretrained_noposemb,9,2048,300000,78,NOUN+VERB,10,0.9776164725238873,0.0059547852001843515,0.01642874227592851,False,,,1,47,,1,0.0163723034498202,0.5235166457311159,0.5107193979060068,5135588.257696005,4674201.554285832,4723,156,30.055973171781197,1068.3185736806324,1023.4730795458357,,,,,,,,
znhoughton/opt-babylm-1.3B-20eps-seed964,pretrained_noposemb,10,2048,300000,78,NOUN+VERB,10,0.9764248498522262,0.006309843414549307,0.01726530673322444,False,,,1,47,,1,0.017201124580032385,0.5110131318046204,0.4977924222423034,4998714.688572389,4783254.457542601,4723,156,30.055973171781197,1038.1437483863203,1047.3515343863808,,,,,,,,
znhoughton/opt-babylm-1.3B-20eps-seed964,pretrained_noposemb,11,2048,300000,78,NOUN+VERB,10,0.9755847167781385,0.006352430419346301,0.018062852802515177,False,,,1,48,,1,0.018003589666173964,0.49578490484606785,0.48204235810537216,4823229.3629509425,4905242.229883186,4723,156,30.055973171781197,999.5865509309598,1074.0622355776627,,,,,,,,
znhoughton/opt-babylm-1.3B-20eps-seed964,pretrained_noposemb,12,2048,300000,78,NOUN+VERB,10,0.9746248928622971,0.006458586461681914,0.01891652067602103,False,,,1,49,,1,0.018859751643675593,0.4825036714198372,0.46830053737057475,4685086.193450523,5024863.120849979,4723,156,30.055973171781197,969.0622124433368,1100.2546794066081,,,,,,,,
znhoughton/opt-babylm-1.3B-20eps-seed964,pretrained_noposemb,13,2048,300000,78,NOUN+VERB,10,0.9735164205637723,0.00659473573897079,0.019888843697256946,False,,,1,50,,1,0.019852647668415557,0.4692358385905076,0.4545674909784869,4538573.969155334,5133692.289935872,4723,156,30.055973171781197,936.820048240673,1124.0841449388815,,,,,,,,
znhoughton/opt-babylm-1.3B-20eps-seed964,pretrained_noposemb,14,2048,300000,78,NOUN+VERB,10,0.9722202670892856,0.006860928339619453,0.020918804571095035,True,,0.09007328244502358,1,51,,1,0.020895159777472395,0.4546454326943313,0.4394596198788768,4387441.981301062,5262807.786523707,4723,156,30.055973171781197,903.438447851409,1152.355547738933,,,,,0.01710788763525657,0.018132571752981948,0.019318803253517255,0.0
znhoughton/opt-babylm-1.3B-20eps-seed964,pretrained_noposemb,15,2048,300000,78,NOUN+VERB,10,0.9710091327004766,0.006901940083197169,0.022088927216326264,True,,0.08786479974066386,1,52,,1,0.02208193058588275,0.439083969555269,0.42333946251962307,4212428.738843754,5381245.890431276,4723,156,30.055973171781197,865.0084444394789,1178.2890060064103,,,,,0.01746504959274431,0.018619550436153758,0.01979694260336118,0.0
znhoughton/opt-babylm-1.3B-20eps-seed964,pretrained_noposemb,16,2048,300000,78,NOUN+VERB,10,0.9698276368057686,0.006966341210872885,0.023206021983358565,True,,0.08509208217876633,1,52,,1,0.0232020030331311,0.42438515301452356,0.40810648275999206,4053242.1101891883,5497615.363023302,4723,156,30.055973171781197,829.990745701079,1203.769512376462,,,,,0.017858216655042922,0.018980022557206662,0.020075865235395427,0.0
znhoughton/opt-babylm-1.3B-20eps-seed964,pretrained_noposemb,17,2048,300000,78,NOUN+VERB,10,0.96858554158976,0.007097858245682352,0.024316600164557604,True,,0.08333061216486909,1,53,,1,0.024315229117069664,0.40892023376806397,0.3920728012344077,3894627.12808856,5629546.063834144,4723,156,30.055973171781197,794.9823869620269,1232.6573382601584,,,,,0.01840025338742566,0.019425201859538645,0.02041666397979171,0.0
znhoughton/opt-babylm-1.3B-20eps-seed964,pretrained_noposemb,18,2048,300000,78,NOUN+VERB,10,0.9672857136070072,0.0072374293025823525,0.025476857090410424,True,,0.08239724033379912,1,54,,1,0.02546352158383802,0.39353221364822544,0.3761119641104853,3738072.1970298896,5760698.3416668875,4723,156,30.055973171781197,760.4218958382359,1261.3747189986616,,,,,0.018836198411022298,0.02009539756741919,0.021135921355463275,0.0
znhoughton/opt-babylm-1.3B-20eps-seed964,pretrained_noposemb,19,2048,300000,78,NOUN+VERB,10,0.9656514167463597,0.007451873726984478,0.026896709526655772,True,,0.08119263711601896,1,54,,1,0.02690533749586692,0.3782167158489484,0.3602195272655064,3581986.0431616628,5888737.732548533,4723,156,30.055973171781197,725.9847071034296,1289.4104954124223,,,,,0.019373847575617546,0.02050861754568681,0.02157192344707694,0.0
znhoughton/opt-babylm-1.3B-20eps-seed964,pretrained_noposemb,20,2048,300000,78,NOUN+VERB,10,0.9638972455193501,0.007702866746680264,0.028399887733969686,True,,0.07993546822905295,1,55,,1,0.02841655561227768,0.361475591242518,0.34283996941022454,3412694.159713173,6028314.423971688,4723,156,30.055973171781197,688.6288144346116,1319.972503606676,,,,,0.019904588977514175,0.02093764067115121,0.022225873104866165,0.0
znhoughton/opt-babylm-1.3B-20eps-seed964,pretrained_noposemb,21,2048,300000,78,NOUN+VERB,10,0.9619405365769597,0.007933462807163836,0.030126000615876534,True,,0.08184195919373038,1,55,,1,0.03013688864097764,0.3452515820189061,0.325989478435416,3254700.683729392,6172339.924447063,4723,156,30.055973171781197,653.6657516473821,1351.5086324604913,,,,,0.02083439446096234,0.021950068004139033,0.023285082781290895,0.0
znhoughton/opt-babylm-1.3B-20eps-seed964,pretrained_noposemb,22,2048,300000,78,NOUN+VERB,10,0.9597785980838447,0.008155428351466553,0.03206597356468876,True,,0.08241638927175893,1,56,,1,0.03208097778281327,0.32811990544578673,0.30818796432614354,3086232.1038376493,6319573.67818178,4723,156,30.055973171781197,616.4308009702247,1383.7472472480358,,,,,0.02133160204393068,0.022463796651708594,0.023757330912070017,0.0
znhoughton/opt-babylm-1.3B-20eps-seed964,pretrained_noposemb,23,2048,300000,78,NOUN+VERB,10,0.958071520352824,0.008329157531204183,0.03359932211597183,True,,0.08330999946498105,1,56,,1,0.03360854234374787,0.3124463073921401,0.2918940592471641,2935022.0635571093,6458662.5283797365,4723,156,30.055973171781197,582.9597890463349,1414.2024366936143,,,,,0.021939333887359243,0.022959279787231557,0.02438145502265012,0.0
znhoughton/opt-babylm-1.3B-20eps-seed964,pretrained_noposemb,24,2048,300000,78,NOUN+VERB,10,0.9558416457464016,0.008730721536608085,0.03542763271699029,True,,0.08773774355458633,1,57,,1,0.0354358131285704,0.2976239850126214,0.2764785407458905,2774294.5911282096,6547180.595122522,4723,156,30.055973171781197,547.8142446814734,1433.5845402063765,,,,,0.0227777001124742,0.023964136445054192,0.025281571333520103,0.0
znhoughton/opt-babylm-1.3B-20eps-seed964,pretrained,0,2048,300000,78,NOUN+VERB,10,0.9962591612218541,0.0009251815463521728,0.0028156572317937986,False,,,1,10,,1,0.0030591259209690734,0.6419860262561394,0.6329796617400084,6257899.5182302855,3489819.6879405826,4721,156,30.042276444985,1318.4444346089947,764.4730970297005,,,,,,,,
znhoughton/opt-babylm-1.3B-20eps-seed964,pretrained,1,2048,300000,78,NOUN+VERB,10,0.9926147642174727,0.0014502850698943012,0.005934950712632996,False,,,1,42,,1,0.0058618418719661005,0.7479397259234086,0.7419806432537522,8019007.283287513,2702454.627813977,4721,156,30.042276444985,1702.3855203369087,591.9944420183958,,,,,,,,
znhoughton/opt-babylm-1.3B-20eps-seed964,pretrained,2,2048,300000,78,NOUN+VERB,10,0.9918952379836661,0.00203703325702984,0.006067728759303985,False,,,1,35,,1,0.0060120699025280715,0.7483450058510486,0.7423969607410181,7843617.514713828,2637667.792714321,4721,156,30.042276444985,1665.1927723678095,577.8023642309576,,,,,,,,
znhoughton/opt-babylm-1.3B-20eps-seed964,pretrained,3,2048,300000,78,NOUN+VERB,10,0.9782369067627446,0.01037222181492388,0.011390871422331547,False,,,1,32,,1,0.01134423182420981,0.6915511770929571,0.6840104659035229,7135377.487701042,3182553.7429212686,4721,156,30.042276444985,1509.124301345768,697.1640181645714,,,,,,,,
znhoughton/opt-babylm-1.3B-20eps-seed964,pretrained,4,2048,300000,78,NOUN+VERB,10,0.9532468424898158,0.024056532859354968,0.022696624650829177,True,0.0016844910349974112,0.09267274417004391,1,31,0.001684688757283645,1,0.022602468412937615,0.6092902901853501,0.5992784080196103,6125819.082427122,3928204.7238009535,4721,156,30.042276444985,1286.883456968019,860.504868302509,0.00027139476326118624,0.00047373731203104435,0.0007402480705761145,0.0,0.01350506496479294,0.014686217239395491,0.015962204106995472,0.0
znhoughton/opt-babylm-1.3B-20eps-seed964,pretrained,5,2048,300000,78,NOUN+VERB,10,0.9442531687508459,0.027147960107609347,0.028598871141544958,True,0.0018239470868707678,0.08598778232484382,1,33,0.001823662663322509,1,0.02851847009805265,0.5852887004168963,0.5745190702379841,5886092.7240329245,4170641.191794102,4721,156,30.042276444985,1233.6341857282296,913.6125283229139,0.0002780318730571315,0.00047471760467824307,0.0007253021995480202,0.0,0.01346132714946206,0.014709363782251586,0.016137543265111628,0.0
znhoughton/opt-babylm-1.3B-20eps-seed964,pretrained,6,2048,300000,78,NOUN+VERB,10,0.9315096528198679,0.03443833704870198,0.03405201013143007,True,0.002442641216269211,0.08209972064785281,1,31,0.0024354559991859,1,0.033962251422731425,0.5691098859400086,0.55782010208818,5688798.1028277455,4307159.168994128,4721,156,30.042276444985,1190.2694996926086,943.5178902506304,0.0002737087476416883,0.0004842124263133902,0.000726412650940607,0.0,0.013476375720521593,0.014667807941944245,0.01621713428811786,0.0
znhoughton/opt-babylm-1.3B-20eps-seed964,pretrained,7,2048,300000,78,NOUN+VERB,10,0.9275632018386579,0.0348224490985559,0.037614349062786115,True,0.0023579841221579795,0.0821956894394822,1,33,0.002377270985596194,1,0.03753341658712433,0.5562927397905458,0.5445855163920629,5531067.2312171515,4411660.465174675,4721,156,30.042276444985,1155.6346284427805,966.4097404544742,0.0002769138678416515,0.0004773487252606185,0.0007317250030943462,0.0,0.014012431742438792,0.015120033409148609,0.016397484828917713,0.0
znhoughton/opt-babylm-1.3B-20eps-seed964,pretrained,8,2048,300000,78,NOUN+VERB,10,0.9247159040256201,0.034931509573119815,0.04035258640126011,True,0.002154918591732776,0.07913124271692,1,35,0.0021835437595407515,1,0.04025732260590449,0.5508218399496938,0.5389349908100866,5426886.759137418,4425458.165372206,4721,156,30.042276444985,1133.1611458997654,969.4322377595194,0.0002882440738085068,0.0004881079888480064,0.000761046875269685,0.0,0.014036806801784629,0.015100105462837628,0.016484954380735363,0.0
znhoughton/opt-babylm-1.3B-20eps-seed964,pretrained,9,2048,300000,78,NOUN+VERB,10,0.9221687603368633,0.034567590800009595,0.04326364886312709,True,0.00205606668120359,0.0794149077154582,1,36,0.002075429881715098,1,0.043137697549641335,0.5425259661171193,0.5303650890956483,5285574.169348607,4456953.376710946,4721,156,30.042276444985,1102.5844547843562,976.3315173517954,0.000286682934564391,0.0004908303173809365,0.000733947597592665,0.0,0.014391380281437601,0.01570197475850032,0.016750945477181124,0.0
znhoughton/opt-babylm-1.3B-20eps-seed964,pretrained,10,2048,300000,78,NOUN+VERB,10,0.9135114379969417,0.03922274397402534,0.047265818029033034,True,0.0022383197780027216,0.07787977200550487,1,36,0.0022820977652594702,1,0.04711624118181733,0.534237889595996,0.5218012559408383,5174551.587681085,4511305.010012144,4721,156,30.042276444985,1078.3459159840356,988.2376801779068,0.00028934873303890164,0.000487615048400719,0.0007461586108327067,0.0,0.014357367488338381,0.01568018156714679,0.01691702620867654,0.0
znhoughton/opt-babylm-1.3B-20eps-seed964,pretrained,11,2048,300000,78,NOUN+VERB,10,0.9086355709853218,0.04056305659029659,0.05080137242438168,True,0.0021990019162203443,0.07956967177328547,1,37,0.0022378268524962048,1,0.05067094194807244,0.5251620389676144,0.5124211600367665,5057940.614543434,4573259.356586518,4721,156,30.042276444985,1052.851827387637,1001.8092785512634,0.0002914418885158834,0.00048227720557852814,0.0007202657498210718,0.0,0.014823375276052523,0.01606839750954885,0.017329409932339866,0.0
znhoughton/opt-babylm-1.3B-20eps-seed964,pretrained,12,2048,300000,78,NOUN+VERB,10,0.9036806148530379,0.041844908785042746,0.054474476361919565,True,0.0021087318643630035,0.07823637093075471,1,38,0.002142909546931523,1,0.05436994534209892,0.5161925649039423,0.5031486659669039,4947349.970511864,4636960.821396793,4721,156,30.042276444985,1028.637871896276,1015.7635972391661,0.00030123181785746833,0.00048815588168461875,0.0007259506004183174,0.0,0.01480941015030829,0.016118503544243143,0.01738320869003797,0.0
znhoughton/opt-babylm-1.3B-20eps-seed964,pretrained,13,2048,300000,78,NOUN+VERB,10,0.8972898371663048,0.044194387763493576,0.05851577507020157,True,0.002189373237429438,0.08104806764573073,1,39,0.0022123291432505593,1,0.05841271113203223,0.5070867135106212,0.49373280608232883,4832992.0850067595,4697906.588214994,4721,156,30.042276444985,1003.6349906417812,1029.1142580974797,0.00029852770471087514,0.00048100464158500744,0.0007066608291387125,0.0,0.015359156099531222,0.016589840807958764,0.017994845961913024,0.0
znhoughton/opt-babylm-1.3B-20eps-seed964,pretrained,14,2048,300000,78,NOUN+VERB,10,0.8924868589062098,0.04508816994621764,0.062424971147572415,True,0.0020654901587957007,0.07923760079874827,1,40,0.0020747002554507305,1,0.062337576184497694,0.4960233326753759,0.4822895431725129,4696792.60938305,4772101.896143934,4721,156,30.042276444985,973.8449920214066,1045.3673375999854,0.00029616190847925686,0.00047659309003370595,0.0007412597142550645,0.0,0.015403097110121437,0.01652686616714572,0.017947984185473623,0.0
znhoughton/opt-babylm-1.3B-20eps-seed964,pretrained,15,2048,300000,78,NOUN+VERB,10,0.8878201937350086,0.045662040913255764,0.06651776535173547,True,0.0019365345510505808,0.07989000487321568,1,40,0.0019446223602681278,1,0.06647846353589215,0.4847328389515796,0.47060771458712075,4544567.1682904605,4830838.834983069,4721,156,30.042276444985,940.7261163236273,1058.2341369075727,0.0002975261081371945,0.0004861039364382402,0.0007386855296009624,0.0,0.015897573335802936,0.0170149001349552,0.01846345396829909,0.0
znhoughton/opt-babylm-1.3B-20eps-seed964,pretrained,16,2048,300000,78,NOUN+VERB,10,0.8819096064416387,0.04700300090026858,0.07108739265809257,True,0.0019730704997658966,0.08260128231848962,1,41,0.0019844122555139334,1,0.07106742818602144,0.47327023222793474,0.4587440292741306,4402079.521863615,4899328.473185398,4721,156,30.042276444985,909.6273296998947,1073.237343523636,0.0003163425279267968,0.000487578822697755,0.0007497990229816119,0.0,0.016370703736392416,0.017613338303671656,0.019173307218706852,0.0
znhoughton/opt-babylm-1.3B-20eps-seed964,pretrained,17,2048,300000,78,NOUN+VERB,10,0.8770064335326144,0.047522882126038855,0.07547068434134657,True,0.001958649740387688,0.08233309888488122,1,42,0.001969071175596687,1,0.07546047581283863,0.46078609081172933,0.4458187326819427,4256286.66819218,4980725.370722072,4721,156,30.042276444985,877.7246307356033,1091.0679892052733,0.0003077445804657718,0.0004882568483305913,0.0007454988150128466,0.0,0.0163577375478665,0.017574819488072282,0.01907972462214606,0.0
znhoughton/opt-babylm-1.3B-20eps-seed964,pretrained,18,2048,300000,78,NOUN+VERB,10,0.8715045683137801,0.048315433118320095,0.08017999856789987,True,0.0020815734696263966,0.08465828983229104,1,42,0.0021069903515182026,1,0.08017522227192257,0.44733319654229703,0.4318853903236299,4106393.266114784,5073326.2312431745,4721,156,30.042276444985,844.8596388722675,1111.3529531748466,0.00029471892031498716,0.0005005897134836414,0.0007204089589589556,0.0,0.01694198763400157,0.018019379127791283,0.01911730527504446,0.0
znhoughton/opt-babylm-1.3B-20eps-seed964,pretrained,19,2048,300000,78,NOUN+VERB,10,0.8633024316548721,0.05116715392076689,0.08553041442436105,True,0.002266512024108271,0.08831320004986408,1,43,0.0023007023577937377,1,0.0855143306394099,0.4339362290591045,0.4180047530550188,3954544.5226068865,5158648.287270842,4721,156,30.042276444985,811.6278097853292,1130.0434364229666,0.0003091190133754946,0.000496303349389523,0.0007148718371611324,0.0,0.017271358381275595,0.01857185492050989,0.019750887273883043,0.0
znhoughton/opt-babylm-1.3B-20eps-seed964,pretrained,20,2048,300000,78,NOUN+VERB,10,0.8564794987013882,0.052040027111249824,0.091480474187362,True,0.002294068741146864,0.08972799020778548,1,43,0.0023436375774002435,1,0.09147219349867179,0.41903858293407453,0.40256313873809163,3785586.041196747,5248393.63363505,4721,156,30.042276444985,774.6893919722589,1149.7028770284885,0.00031090303344166644,0.0004973457518952791,0.0007181393861122998,0.0,0.017849487134180032,0.01892850898122529,0.0202847725685356,0.0
znhoughton/opt-babylm-1.3B-20eps-seed964,pretrained,21,2048,300000,78,NOUN+VERB,10,0.8494508428157863,0.0530568714169574,0.09749228576725616,True,0.002391552150902801,0.0926826581711142,1,44,0.002467546214255993,1,0.09750800992567567,0.40456525519782566,0.3875551611703241,3629908.770215063,5342460.269336043,4721,156,30.042276444985,740.5716197753289,1170.308930851269,0.00032595386540073683,0.0004929539481104807,0.00072682444289288,0.0,0.018354165324364822,0.019525393039438538,0.020912820633485703,0.0
znhoughton/opt-babylm-1.3B-20eps-seed964,pretrained,22,2048,300000,78,NOUN+VERB,10,0.8418624893800185,0.054226079359585955,0.1039114312603955,True,0.0026225381017095078,0.09538130828160749,1,44,0.002718320844318467,1,0.10393573960333424,0.38981694246275983,0.3722557762850029,3479968.0499926717,5447217.177019676,4721,156,30.042276444985,707.6078285299943,1193.2567748126344,0.00033797762811578724,0.0005010030525472672,0.0007125633845770448,0.0,0.01870050824604882,0.01999624478654049,0.02126626376970496,0.0
znhoughton/opt-babylm-1.3B-20eps-seed964,pretrained,23,2048,300000,78,NOUN+VERB,10,0.833641445198567,0.055860544688089375,0.11049801011334362,True,0.002964014285088685,0.09990929422337919,1,45,0.0030811481613389003,1,0.11052284763298778,0.3760627647158256,0.35798197065715137,3340070.83562073,5541613.683570308,4721,156,30.042276444985,676.8764360622488,1213.935089500615,0.0003411490452178486,0.0004906087871869504,0.0007342937069978519,0.0,0.01925643002259328,0.02055559066234794,0.02214697471644512,0.0
znhoughton/opt-babylm-1.3B-20eps-seed964,pretrained,24,2048,300000,78,NOUN+VERB,10,0.8278360038217629,0.05741293786985421,0.11475105830838288,True,0.0032026635615406153,0.09594883352139943,1,46,0.0033108426465187045,1,0.11479179171136743,0.35976486018563664,0.341061209214493,3340218.291293116,5944230.138632981,4721,156,30.042276444985,673.9723602363226,1302.1314651989005,0.0003247399655551488,0.0004865365369459048,0.0007075985526730354,0.0,0.020102388418914503,0.021455772152895805,0.022584443105336725,0.0
znhoughton/opt-babylm-125m-20eps-seed964,pretrained,0,768,300417,78,NOUN+VERB,10,0.997168243925109,0.0006071408483814637,0.002224615226509322,False,,,1,12,,1,0.0023709535920252516,0.6962203901181483,0.6888312182814652,2322352.1417753627,1013304.4617051249,4727,156,30.07995523314931,490.7333071373815,221.68113360427148,,,,,,,,
znhoughton/opt-babylm-125m-20eps-seed964,pretrained,1,768,300417,78,NOUN+VERB,10,0.9947779927613676,0.0012987238572299022,0.003923283381402596,False,,,1,42,,1,0.0039402770627897064,0.796067196198267,0.7913977725202236,3223615.3653123733,825810.8397959522,4727,156,30.07995523314931,685.4017988962496,180.66305836708645,,,,,,,,
znhoughton/opt-babylm-125m-20eps-seed964,pretrained,2,768,300417,78,NOUN+VERB,10,0.9937259262959743,0.0021055277458021395,0.004168545958223505,False,,,1,36,,1,0.0041604923407883975,0.8116368154407015,0.8073657415637351,2995959.772109823,695296.8529153499,4727,156,30.07995523314931,637.5229659659234,152.11044692963245,,,,,,,,
znhoughton/opt-babylm-125m-20eps-seed964,pretrained,3,768,300417,78,NOUN+VERB,10,0.9892746359623252,0.005203518608555114,0.005521845429119828,False,,,1,30,,1,0.005520450987756401,0.7992983141827671,0.7947121294365631,2781828.3535681325,698509.7182222218,4727,156,30.07995523314931,591.572235909408,152.81332711052764,,,,,,,,
znhoughton/opt-babylm-125m-20eps-seed964,pretrained,4,768,300417,78,NOUN+VERB,10,0.9794320984073072,0.012037481955748542,0.008530419636944373,False,,,1,26,,1,0.008587749729748653,0.7703370222753823,0.764994076210844,2639771.7576321657,787003.3827277543,4727,156,30.07995523314931,560.4600230032635,172.1731312027465,,,,,,,,
znhoughton/opt-babylm-125m-20eps-seed964,pretrained,5,768,300417,78,NOUN+VERB,10,0.9574411124610526,0.025037639371339765,0.017521248167607775,False,0.0013332894683990648,,1,24,0.001416509768228136,1,0.017570938942259955,0.7261038771857602,0.7195587081961863,2484811.803777549,937304.3449589163,4727,156,30.07995523314931,526.130747979784,205.05454932376205,0.0007061805873412182,0.0012616415171362969,0.0018858256860455563,0.42,,,,
znhoughton/opt-babylm-125m-20eps-seed964,pretrained,6,768,300417,78,NOUN+VERB,10,0.9261048095175901,0.044186166389497884,0.02970902409291195,True,0.002086818870661239,0.1028379852803946,1,26,0.0021009518938592676,1,0.029726409279919132,0.670269384733249,0.6621264478070085,2282021.0075063724,1122611.6066097585,4727,156,30.07995523314931,481.2880122937595,245.59431341276712,0.000791635980542549,0.001258729103349174,0.00189440778895346,0.01,0.04203237618588968,0.04580808540433647,0.04974882354646556,0.0
znhoughton/opt-babylm-125m-20eps-seed964,pretrained,7,768,300417,78,NOUN+VERB,10,0.9122522602505773,0.047906829613663764,0.03984091013575899,True,0.0021461622193729366,0.1094440454438804,1,28,0.00214932765797905,1,0.03972375941236473,0.6522285363363535,0.6435501704153123,2212767.1037449087,1179858.3035613843,4727,156,30.07995523314931,466.0179341098401,258.11820248553585,0.0008122510439137955,0.0012569911900290223,0.0018217839628693452,0.01,0.041965709429028886,0.045768597108515253,0.04921684955782745,0.0
znhoughton/opt-babylm-125m-20eps-seed964,pretrained,8,768,300417,78,NOUN+VERB,10,0.8854201519742747,0.060085245908741286,0.05449460211698402,True,0.002548785534777073,0.12221393375864491,1,29,0.00253125692612042,1,0.05433963815214999,0.6089867666669644,0.598986863770757,2057662.8594274747,1321167.3090657357,4727,156,30.07995523314931,431.7231095613324,289.03244564990933,0.0008529901389852022,0.0012569396596454569,0.001800546088293283,0.0,0.04324885995967308,0.04709846723639543,0.05033950272811949,0.0
znhoughton/opt-babylm-125m-20eps-seed964,pretrained,9,768,300417,78,NOUN+VERB,10,0.8655362903562044,0.06781371547201778,0.06664999417177789,True,0.0033845795369464005,0.1388984893788814,1,29,0.0034360937813340303,1,0.06648228712717873,0.5894979982882254,0.5788848550715037,1956640.4210160621,1362523.3873390509,4727,156,30.07995523314931,409.7548203011585,298.079935974415,0.0008023164652458213,0.00124655490029857,0.0017990035927632616,0.0,0.04381344029683166,0.047170349939294656,0.05101544004784638,0.0
znhoughton/opt-babylm-125m-20eps-seed964,pretrained,10,768,300417,78,NOUN+VERB,10,0.8447004189283842,0.0747808931688685,0.08051868790274719,True,0.003868389819043924,0.1545435069618206,1,30,0.004000121246716138,1,0.08035282718610272,0.5582115698325057,0.5465910148991666,1795569.0096456963,1421076.9838876626,4727,156,30.07995523314931,374.78202237151606,310.88973613818916,0.0008239239447305758,0.001263254909347161,0.0018677001587008397,0.0,0.04458863856115778,0.04824391741879207,0.05225907312642853,0.0
znhoughton/opt-babylm-125m-20eps-seed964,pretrained,11,768,300417,78,NOUN+VERB,10,0.823853145082122,0.08087783221859446,0.09526902269928343,True,0.005382553938435294,0.16892246670088168,1,31,0.005585172827404659,1,0.09519495847835273,0.5295490989995282,0.5169807798262942,1648926.5551333143,1464904.7369010122,4727,156,30.07995523314931,343.0110784271952,320.4779560054719,0.0007750019796250022,0.0012589477796168887,0.001942744158557057,0.0,0.0445140074790419,0.04817474342203144,0.05225918461314245,0.0
znhoughton/opt-babylm-125m-20eps-seed964,pretrained,12,768,300417,78,NOUN+VERB,10,0.8131323972237124,0.081950399713507,0.10491720306278055,True,0.00557315827436077,0.17192659021357515,1,33,0.005694193409828559,1,0.10481976403923375,0.5051508838150268,0.4917570646149194,1725132.549205664,1689951.1504941722,4727,156,30.07995523314931,357.71914739256664,369.71147462134593,0.000817460847925286,0.0012613920938915994,0.0018870021662180196,0.0,0.04615880837064295,0.04948138569563907,0.05363271656261537,0.0
znhoughton/opt-babylm-125m-20eps-seed964,pretrained_noposemb,0,768,300000,79,NOUN+VERB,10,1.0,2.6068746169163414e-32,4.5459532048659323e-32,False,,,0,0,,0,0.0,1.0000000000000009,1.0,3268319.0409417185,0.0,4763,158,29.929868104858176,695.5366010695456,0.0,,,,,,,,
znhoughton/opt-babylm-125m-20eps-seed964,pretrained_noposemb,1,768,300000,79,NOUN+VERB,10,0.9930334773322439,0.0013004384553919857,0.0056660842123641055,False,,,1,46,,1,0.005653349321783415,0.7577056443616883,0.7519379412277579,3142521.1944491756,1004895.7052843883,4763,158,29.929868104858176,661.4743539734618,218.21839419856423,,,,,,,,
znhoughton/opt-babylm-125m-20eps-seed964,pretrained_noposemb,2,768,300000,79,NOUN+VERB,10,0.9915762347736093,0.0021869573103876247,0.006236807916002962,False,,,1,38,,1,0.006222315250003732,0.7537007860045211,0.7478238841596571,2948642.9838291295,963576.6112442953,4763,158,29.929868104858176,620.5145876917852,209.24573534078073,,,,,,,,
znhoughton/opt-babylm-125m-20eps-seed964,pretrained_noposemb,3,768,300000,79,NOUN+VERB,10,0.9907230705439745,0.0026967922761399477,0.00658013717988561,False,,,1,36,,1,0.0065791607523395645,0.7469751722775987,0.7409138681358859,2813363.08313944,952977.737213701,4763,158,29.929868104858176,591.8023389747052,206.94413403120544,,,,,,,,
znhoughton/opt-babylm-125m-20eps-seed964,pretrained_noposemb,4,768,300000,79,NOUN+VERB,10,0.9885856213090911,0.003669955206822591,0.0077444234840863165,False,,,1,25,,1,0.007836961047422418,0.7087492089423991,0.7016155754142519,2634603.39554563,1082654.2215415267,4763,158,29.929868104858176,552.8193182801688,235.10406548133045,,,,,,,,
znhoughton/opt-babylm-125m-20eps-seed964,pretrained_noposemb,5,768,300000,79,NOUN+VERB,10,0.9864625958360539,0.004881127918881186,0.008656276245064914,False,,,1,30,,1,0.00868853479305739,0.6689102391389781,0.6606150798606881,2458474.2359598544,1216868.27206395,4763,158,29.929868104858176,514.3631826028296,264.2493533255049,,,,,,,,
znhoughton/opt-babylm-125m-20eps-seed964,pretrained_noposemb,6,768,300000,79,NOUN+VERB,10,0.9808602642925702,0.007750537006368525,0.011389198701061112,False,,,1,35,,1,0.011478644516398974,0.609590501910045,0.5994825686247934,2204806.2120990558,1412058.2324595158,4763,158,29.929868104858176,458.96345884973385,306.6358810987005,,,,,,,,
znhoughton/opt-babylm-125m-20eps-seed964,pretrained_noposemb,7,768,300000,79,NOUN+VERB,10,0.9784562762170985,0.008333365212004642,0.013210358570896917,False,,,1,36,,1,0.013303258273824062,0.5818895135992113,0.5709008679563006,2075968.815101588,1491665.1885788005,4763,158,29.929868104858176,430.96776472110076,323.9229508314442,,,,,,,,
znhoughton/opt-babylm-125m-20eps-seed964,pretrained_noposemb,8,768,300000,79,NOUN+VERB,10,0.9741526024990786,0.009512282428367831,0.016335115072553443,False,,,1,39,,1,0.016376031207024366,0.5271141763149886,0.5143198325675513,1869899.3486470114,1677528.19678408,4763,158,29.929868104858176,385.7652433277056,364.28408182064715,,,,,,,,
znhoughton/opt-babylm-125m-20eps-seed964,pretrained_noposemb,9,768,300000,79,NOUN+VERB,10,0.9677943064133211,0.01072876436575111,0.021476929220927896,True,,0.1321335721221,1,42,,1,0.021529402536197555,0.45435328332801295,0.43902819122296055,1592276.3203423603,1912213.2008499897,4763,158,29.929868104858176,324.981058731378,415.24716630835826,,,,,0.04800534889412513,0.05081335734936279,0.05395352765904745,0.0
znhoughton/opt-babylm-125m-20eps-seed964,pretrained_noposemb,10,768,300000,79,NOUN+VERB,10,0.9616485862768925,0.011146974960364878,0.02720443876274267,True,,0.1472451208354315,1,43,,1,0.02729706680374623,0.3945558296091355,0.37703770850611296,1370457.0775683573,2102960.306546821,4763,158,29.929868104858176,276.39136390456184,456.66890478758324,,,,,0.04896366082261429,0.05187044061811651,0.055582403780959286,0.0
znhoughton/opt-babylm-125m-20eps-seed964,pretrained_noposemb,11,768,300000,79,NOUN+VERB,10,0.9579392198634132,0.011288212156312323,0.03077256798027455,True,,0.1710447438697334,1,43,,1,0.030962575641089604,0.3592367189587092,0.3403752198440258,1235046.4589795424,2202927.427875546,4763,158,29.929868104858176,246.84908860229748,478.3772916124964,,,,,0.049853239801852606,0.053214527301588446,0.05672185444600053,0.0
znhoughton/opt-babylm-125m-20eps-seed964,pretrained_noposemb,12,768,300000,79,NOUN+VERB,10,0.9542689227566579,0.012055953521755787,0.033675123721586195,True,,0.18121409795735327,1,42,,1,0.03406981332707588,0.33342169501449725,0.31355568795480865,1136056.2132266571,2271209.2113500526,4763,158,29.929868104858176,225.28738756042827,493.20504046689524,,,,,0.04974124815999728,0.05344405400602621,0.05652760105288157,0.0
znhoughton/opt-babylm-1.3B-20eps-seed964,random,0,2048,300000,78,NOUN+VERB,10,0.9970150096998044,0.0006269457092449396,0.0023580445909506436,False,,,1,22,,1,0.0024893977863193004,0.5304012444761004,0.5178362874919051,5127446.775773419,4539662.472505238,4721,156,30.042276444985,1068.0233312983185,994.4496106254628,,,,,,,,
znhoughton/opt-babylm-1.3B-20eps-seed964,random,1,2048,300000,78,NOUN+VERB,10,0.9146244150818712,0.026679810969310172,0.058695773948818544,True,0.01893239202177341,0.2035797977145762,1,43,0.02207659147363189,1,0.05929369808301123,0.1353413825553707,0.10727191155166037,1304462.8116502839,8333851.70103473,4721,156,30.042276444985,219.36725779343084,1825.5973058126463,0.0003361572799747213,0.0004885413613839998,0.0006940962763169397,0.0,0.026383579298026427,0.027853840908629697,0.029177236514112106,0.0
znhoughton/opt-babylm-1.3B-20eps-seed964,random,2,2048,300000,78,NOUN+VERB,10,0.9027893834830273,0.030843347860640403,0.06636726865633222,True,0.023302135673731107,0.21353741861416758,1,42,0.02786506946538709,1,0.06688864523440873,0.12309637558150012,0.09447340926232195,1183665.5496954804,8432097.254886808,4721,156,30.042276444985,192.70953580441312,1847.118785298315,0.0003338496271786333,0.0004855051642292888,0.0006807627942232994,0.0,0.024942238176645898,0.02635428030820309,0.027696555863187068,0.0
znhoughton/opt-babylm-1.3B-20eps-seed964,random,3,2048,300000,78,NOUN+VERB,10,0.8953772747046972,0.033627424212921454,0.07099530108238122,True,0.02647938411275143,0.22112247904609528,1,41,0.03171845792231502,1,0.07149527648098536,0.11769397218590652,0.08882540580654973,1131044.6397598647,8479002.661331259,4721,156,30.042276444985,181.06711752599904,1857.3937921864751,0.00032501994835513163,0.00048450913986462253,0.0007348057939168182,0.0,0.024046789808275085,0.025453207958373497,0.026770597251225704,0.0
znhoughton/opt-babylm-1.3B-20eps-seed964,random,4,2048,300000,78,NOUN+VERB,10,0.8904721285394629,0.036197791664864996,0.07333007979567212,True,0.028817089476434153,0.22453280775699833,1,41,0.03474011941322651,1,0.07419458322677339,0.1139981639633976,0.08496108680728912,1094002.6280994317,8502666.2134329,4721,156,30.042276444985,172.93975699040357,1862.5774837750057,0.0003313834713594051,0.0004709834942677472,0.0007202189265593254,0.0,0.023546614763563373,0.02487699142179217,0.02637574292815026,0.0
znhoughton/opt-babylm-1.3B-20eps-seed964,random,5,2048,300000,78,NOUN+VERB,10,0.8858834595820888,0.03863282218264975,0.07548371823526141,True,0.03070424231950435,0.22757688476660123,1,40,0.03706392697170616,1,0.07643535263023385,0.11118003809482147,0.08201419807633338,1067253.026896542,8532069.344142044,4721,156,30.042276444985,166.98085220857558,1869.0184762633173,0.00032119811054371483,0.000477054111068385,0.0007000588042796929,0.0,0.022930419470940076,0.02446363348506582,0.026274502100860856,0.0
znhoughton/opt-babylm-1.3B-20eps-seed964,random,6,2048,300000,78,NOUN+VERB,10,0.8839110484642224,0.03933773493711413,0.07675121659866342,True,0.032752339205910606,0.22977731689950087,1,40,0.039389753151191455,1,0.07782506150044097,0.10905561914851487,0.07979255788223412,1046979.903667933,8553441.531215928,4721,156,30.042276444985,162.47133731574428,1873.7002258961509,0.0003047089516790833,0.0004780095545683211,0.000717511517143667,0.0,0.02248449863237768,0.02392777159933298,0.02547555221563148,0.0
znhoughton/opt-babylm-1.3B-20eps-seed964,random,7,2048,300000,78,NOUN+VERB,10,0.8811927717829133,0.040980129662651826,0.07782709855443488,True,0.03432796716165377,0.2347574668693861,1,40,0.04099390940163114,1,0.07928487254464227,0.10744258705195316,0.07810561876186099,1031870.1191881383,8572050.89110161,4721,156,30.042276444985,159.09080086418,1877.7767559915903,0.0003055106023373035,0.00047887370895266144,0.0006925927993040066,0.0,0.02252406369767553,0.023964272385139068,0.02553147979211838,0.0
znhoughton/opt-babylm-1.3B-20eps-seed964,random,8,2048,300000,78,NOUN+VERB,10,0.8793813371182012,0.041850843343328704,0.07876781953847022,True,0.035165195692585194,0.23464461434276604,1,40,0.04181702245521967,1,0.08011560608278646,0.10612362966568033,0.07672617155281951,1018855.4540111218,8581791.048759343,4721,156,30.042276444985,156.22486485923702,1879.91041593852,0.00032465963689156963,0.0004729008189100918,0.0006651219132490224,0.0,0.022003939295571193,0.02344358953316421,0.02506360387254266,0.0
znhoughton/opt-babylm-1.3B-20eps-seed964,random,9,2048,300000,78,NOUN+VERB,10,0.8770383712696381,0.0425521362751547,0.08040949245520713,True,0.035926853703168574,0.23684587694834625,1,40,0.04285554620388164,1,0.08195143247700776,0.10505767222896743,0.07561128991931525,1008843.9385207936,8593919.164035616,4721,156,30.042276444985,153.9864464781054,1882.567177225765,0.0003172435605511991,0.00047234923360275937,0.0006763275006813015,0.0,0.02207084537523727,0.023478525848930065,0.02511965198527072,0.0
znhoughton/opt-babylm-1.3B-20eps-seed964,random,10,2048,300000,78,NOUN+VERB,10,0.8748277447829202,0.04318774660593491,0.0819845086111448,True,0.03607989268935685,0.23819601747489197,1,40,0.043307402449220954,1,0.08345414703531343,0.10395234259572088,0.07445519369806493,997835.8971840398,8601138.71240898,4721,156,30.042276444985,151.5698146409105,1884.1486774170821,0.0002806056633376636,0.00047437127865920044,0.000691293367757432,0.0,0.021445140222605942,0.022983880143308724,0.024273965863345202,0.0
znhoughton/opt-babylm-1.3B-20eps-seed964,random,11,2048,300000,78,NOUN+VERB,10,0.872155186878759,0.04423011610907505,0.0836146970121658,True,0.037527115035017176,0.2412592405134168,1,39,0.04515771217522173,1,0.08502879550229682,0.10313794184395819,0.07360336539104786,989990.0925368508,8608709.230304487,4721,156,30.042276444985,149.8297175652343,1885.8070603076642,0.00030626168797281235,0.00046791135517490327,0.0006886047126058225,0.0,0.021629261297313487,0.023036696415058174,0.024356677017132046,0.0
znhoughton/opt-babylm-1.3B-20eps-seed964,random,12,2048,300000,78,NOUN+VERB,10,0.8711003617988655,0.04472806445837484,0.08417157374275964,True,0.03821077229670269,0.24280115596371088,1,39,0.04639135330013591,1,0.08574099159746906,0.10218277219016257,0.07260427395928572,980823.4049654213,8617892.54237749,4721,156,30.042276444985,147.79419943908852,1887.8187387464382,0.00030870875453072456,0.00047243300716570766,0.0006982331369281578,0.0,0.021544019927561293,0.022966305609807655,0.024309441405305218,0.0
znhoughton/opt-babylm-1.3B-20eps-seed964,random,13,2048,300000,78,NOUN+VERB,10,0.8709076245950139,0.04478157767311972,0.08431079773186628,True,0.03780123911725326,0.24384729551216933,1,39,0.04574913652850507,1,0.08590505744184612,0.1014663452147742,0.07185488573324421,974249.4863438514,8627451.297119413,4721,156,30.042276444985,146.31274378232308,1889.9126609242962,0.00032057107869620116,0.0004743414460109008,0.0007260381243456061,0.0,0.02156341267144308,0.022929133116940587,0.024282221644067483,0.0
znhoughton/opt-babylm-1.3B-20eps-seed964,random,14,2048,300000,78,NOUN+VERB,10,0.8702795626312737,0.04515051354502737,0.08456992382369873,True,0.03815121779035345,0.24445510441956683,1,39,0.04625528222784336,1,0.08598855949549748,0.10087998246780311,0.07124153446229385,968284.7296770358,8630098.477676056,4721,156,30.042276444985,145.01250319105117,1890.4925471360473,0.00031174475051508994,0.0004757455141201803,0.0006925231487059332,0.0,0.021459361664346092,0.022935206335766914,0.0243638682300673,0.0
znhoughton/opt-babylm-1.3B-20eps-seed964,random,15,2048,300000,78,NOUN+VERB,10,0.8705714100434238,0.044447245172839045,0.0849813447837373,True,0.038750224204781254,0.24389245704820667,1,39,0.047151972216502275,1,0.08625984295897987,0.10015235209385738,0.07048039936174626,961078.3813215814,8635085.475328641,4721,156,30.042276444985,143.42856822842037,1891.584989119089,0.0003184717803567536,0.0004715378710056131,0.0006671566063735299,0.0,0.02093096686191759,0.022502467214845934,0.02370836316209424,0.0
znhoughton/opt-babylm-1.3B-20eps-seed964,random,16,2048,300000,78,NOUN+VERB,10,0.8689066586650556,0.04556630226494764,0.08552703906999677,True,0.039327955326630325,0.2450714909677452,1,39,0.04805863576428664,1,0.08681291885205768,0.09958674715302505,0.06988873960577376,955306.5390543769,8637400.988448778,4721,156,30.042276444985,142.17217462904267,1892.0922209088233,0.00032140761607367044,0.0004782956139388505,0.0006792387709237543,0.0,0.02085677983900639,0.022450423877735222,0.023782073419078505,0.0
znhoughton/opt-babylm-1.3B-20eps-seed964,random,17,2048,300000,78,NOUN+VERB,10,0.8686392271139576,0.045829871234773674,0.08553090165126861,True,0.03947750125882228,0.2457034590946192,1,39,0.04816061986572185,1,0.08681002263755476,0.09905036436916884,0.06932763943428172,950397.4556857178,8644695.52290756,4721,156,30.042276444985,141.06475415236298,1893.6901474058184,0.00030567135187136287,0.00047373301217207953,0.0006662950589738282,0.0,0.020922089125781643,0.02246337512081556,0.023791501351489837,0.0
znhoughton/opt-babylm-1.3B-20eps-seed964,random,18,2048,300000,78,NOUN+VERB,10,0.8684244973560725,0.04572726382078487,0.08584823882314253,True,0.03860010920093036,0.24571494936439844,1,39,0.04731690852249619,1,0.08708484180889638,0.09849986850289984,0.0687517670172429,945082.9717002764,8649680.81899913,4721,156,30.042276444985,139.88711161380067,1894.7822166482213,0.0003245017593417181,0.00047346364848193994,0.0006686875066607545,0.0,0.021081354463052374,0.022463433793478614,0.023863106792829308,0.0
znhoughton/opt-babylm-1.3B-20eps-seed964,random,19,2048,300000,78,NOUN+VERB,10,0.8676264857864521,0.045798130326391094,0.0865753838871568,True,0.039021929444908954,0.24729606974786442,1,39,0.047567724413864525,1,0.08774862723316476,0.09814414666085716,0.06837964249751685,941936.3914249275,8655542.658241108,4721,156,30.042276444985,139.16863739893842,1896.0662997242296,0.0003230580560647931,0.0004748776920612866,0.0006820615862683358,0.0,0.02122191506389209,0.022408511126696888,0.02395046959090301,0.0
znhoughton/opt-babylm-1.3B-20eps-seed964,random,20,2048,300000,78,NOUN+VERB,10,0.8661903614933558,0.045817608632717485,0.08799202987392676,True,0.03920817337406471,0.2466328270027638,1,38,0.047800811434079445,1,0.08900849311857482,0.09779835254672292,0.06801789991104308,938637.0131723627,8659040.133014034,4721,156,30.042276444985,138.43458978599287,1896.8324497292517,0.0003268403528803597,0.00047564572181794116,0.0006681795305045377,0.0,0.020669607900625796,0.021961009691832352,0.023569651675430674,0.0
znhoughton/opt-babylm-1.3B-20eps-seed964,random,21,2048,300000,78,NOUN+VERB,10,0.8657511486421957,0.04602679530761909,0.08822205605018509,True,0.03944737164575613,0.24695615215639607,1,38,0.04856454101990778,1,0.08912797681725489,0.09735445255726209,0.06755352151767548,934278.6157705599,8662392.016433287,4721,156,30.042276444985,137.4741782135001,1897.5667067761856,0.0003314255400810001,0.0004726139104267615,0.0006930536887886007,0.0,0.020467578920630825,0.021938600439373075,0.023645921743627642,0.0
znhoughton/opt-babylm-1.3B-20eps-seed964,random,22,2048,300000,78,NOUN+VERB,10,0.8656505873472459,0.045991784880397145,0.08835762777235695,True,0.03969811438008185,0.24655947279134072,1,38,0.04902467090544787,1,0.08922843680162976,0.09698864946487358,0.06717083849819136,930590.6563046416,8664250.19815714,4721,156,30.042276444985,136.6686355114717,1897.9737564418706,0.00032242722829047276,0.0004811418536107986,0.0006988019027729625,0.0,0.02041213818486374,0.02195885038502632,0.02349169782447092,0.0
znhoughton/opt-babylm-1.3B-20eps-seed964,random,23,2048,300000,78,NOUN+VERB,10,0.8650025894441858,0.04627233113958601,0.08872507941622809,True,0.04024486760480668,0.2480450076677963,1,38,0.04963730606244297,1,0.08960321607559597,0.09658312784766057,0.06674659954293272,926376.1110617082,8665113.952532735,4721,156,30.042276444985,135.7572589428483,1898.1629687913987,0.0003201726871063415,0.0004678320707244886,0.0006922711209080849,0.0,0.020496163235468448,0.021982606036019325,0.02342598854936445,0.0
znhoughton/opt-babylm-1.3B-20eps-seed964,random,24,2048,300000,78,NOUN+VERB,10,0.8645149635059349,0.04730576591282217,0.08817927058124307,True,0.04063907641940782,0.24912532988720187,1,38,0.05022369967489301,1,0.0892363223780281,0.09589111346259632,0.06602263321759035,919690.1238975765,8671293.760717701,4721,156,30.042276444985,134.27637456735408,1899.5167055241404,0.00032576170604223557,0.0004768105947590607,0.0006929345741034948,0.0,0.020502869473488446,0.02195667847179019,0.023403544749524427,0.0
znhoughton/opt-babylm-125m-20eps-seed964,random,0,768,300417,78,NOUN+VERB,10,0.9969716915962838,0.0006398424700006054,0.0023884659337155573,False,,,1,22,,1,0.00248706864336099,0.5275379043478843,0.5149021895410127,1900881.6562643882,1702426.5431988563,4727,156,30.07995523314931,395.3234573073225,372.4407226424976,,,,,,,,
znhoughton/opt-babylm-125m-20eps-seed964,random,1,768,300417,78,NOUN+VERB,10,0.924248764577387,0.0252419665715202,0.050509268851092755,True,0.02368084663617298,0.32024946242206204,1,31,0.028135238794103318,1,0.05152730579281769,0.1749041930184458,0.14863218188703536,632761.515331465,2984999.182176413,4727,156,30.07995523314931,114.00623896387368,653.0297926441507,0.0008844507913067356,0.0012818143119155303,0.0018107753689611365,0.0,0.06261388302928353,0.06638702983740333,0.07032484288790328,0.0
znhoughton/opt-babylm-125m-20eps-seed964,random,2,768,300417,78,NOUN+VERB,10,0.913390332401474,0.02778232132580671,0.05882734627271921,True,0.027728933271094134,0.33003982341042354,1,31,0.03491239041515809,1,0.059953504758140146,0.15444161794454378,0.12726666325901403,558896.3887513366,3059923.4357860023,4727,156,30.07995523314931,97.6185676034712,669.4210097978565,0.0009067767468418088,0.0012712366374042514,0.0018350276860207436,0.0,0.056965905299202674,0.06110504315431757,0.06502743184074217,0.0
znhoughton/opt-babylm-125m-20eps-seed964,random,3,768,300417,78,NOUN+VERB,10,0.9072376962643641,0.02973160073185947,0.06303070300377633,True,0.031932297366783796,0.33703640774571764,1,31,0.0398733444875577,1,0.06474128278349658,0.14455342285938524,0.11693772289476341,523379.40612277784,3097284.8145501334,4727,156,30.07995523314931,89.72908141749552,677.5945776744986,0.0009125439105017292,0.001285557522107305,0.0018205085363565104,0.0,0.054873706802612096,0.05852961867219215,0.06242749079146448,0.0
znhoughton/opt-babylm-125m-20eps-seed964,random,4,768,300417,78,NOUN+VERB,10,0.9034877383900427,0.03257990513358047,0.06393235647637692,True,0.03459885885097588,0.338905999973638,1,31,0.04321869439890435,1,0.0652164278766599,0.13809140429731376,0.1101861191857907,499416.44472912804,3117147.868382452,4727,156,30.07995523314931,84.44499106208818,681.9400280862944,0.0008965753824921027,0.00130094078223133,0.0019070424260820926,0.0,0.053180360146403115,0.057010016614743364,0.06169625147008789,0.0
znhoughton/opt-babylm-125m-20eps-seed964,random,5,768,300417,78,NOUN+VERB,10,0.8995007191266631,0.033894177432974765,0.06660510344036209,True,0.03543461536059767,0.3397159873974886,1,31,0.04508450437702862,1,0.06749245813460997,0.13363556362344908,0.10552988113211677,483476.79534246743,3134398.4336256366,4727,156,30.07995523314931,80.90075830705203,685.7139430377678,0.0009208398135008677,0.0013002331612160013,0.0018932211654636851,0.0,0.05226798056054332,0.055945298324518236,0.0600346506536436,0.0
znhoughton/opt-babylm-125m-20eps-seed964,random,6,768,300417,78,NOUN+VERB,10,0.895088035892292,0.03516978988924596,0.06974217421846203,True,0.037421345409381704,0.3433708045889772,1,30,0.04816692107752806,1,0.07076287530985592,0.13052323421043466,0.1022772308293699,471707.9154143044,3142268.6939439843,4727,156,30.07995523314931,78.3193037184138,687.4357238993622,0.0009070620422904595,0.0013005957445889034,0.0019120876076378183,0.0,0.05090105231547863,0.054642595900254186,0.05866687549484181,0.0
znhoughton/opt-babylm-125m-20eps-seed964,random,7,768,300417,78,NOUN+VERB,10,0.8904598704153452,0.03633393229979292,0.07320619728486176,True,0.0379993498576416,0.35053900508957647,1,30,0.048880791836102666,1,0.07434529496459702,0.1285582469922534,0.10022350433241364,464743.10937918944,3150296.1452179397,4727,156,30.07995523314931,76.76709389197642,689.1918935064406,0.0009231365976649863,0.0012995710476224475,0.0018866787147876283,0.0,0.05097234009256965,0.05481332256091187,0.05886662165695914,0.0
znhoughton/opt-babylm-125m-20eps-seed964,random,8,768,300417,78,NOUN+VERB,10,0.8881363258960315,0.03665436345090054,0.07520931065306796,True,0.037402430436696,0.35089071887846957,1,31,0.04775805136391278,1,0.07643995326640422,0.12680143465435884,0.09838725767765548,458355.72641867347,3156396.170261995,4727,156,30.07995523314931,75.35274910374645,690.5263990947266,0.0008870915329831835,0.0012957901930076956,0.0019108533294989374,0.0,0.05094733306656052,0.054617568699322466,0.058517170008525334,0.0
znhoughton/opt-babylm-125m-20eps-seed964,random,9,768,300417,78,NOUN+VERB,10,0.8867402021532033,0.037347054932652085,0.07591274291414463,True,0.03763174151163808,0.3554813991320959,1,31,0.04754286370966186,1,0.0774846995919839,0.12509814218872328,0.09660686402210089,451974.94040598406,3160987.910186424,4727,156,30.07995523314931,73.95078895024345,691.5309363785657,0.0008785432033435024,0.0013023252800144582,0.0018339672986968827,0.0,0.05095986630247849,0.05470098080997558,0.05862122448119111,0.0
znhoughton/opt-babylm-125m-20eps-seed964,random,10,768,300417,78,NOUN+VERB,10,0.8860372941996663,0.0372549272565138,0.07670777854381991,True,0.03702693621076732,0.3548120923972145,1,31,0.04679082623904602,1,0.07886865112866165,0.12393472695217729,0.09539073655398543,447428.11120518384,3162763.49697767,4727,156,30.07995523314931,72.96266154986452,691.9193824059658,0.0008286540983717327,0.0012816235164766266,0.0018646139406092563,0.0,0.05095223268984542,0.054676383090250455,0.058852515144356715,0.0
znhoughton/opt-babylm-125m-20eps-seed964,random,11,768,300417,78,NOUN+VERB,10,0.8845237216103979,0.0381017160855405,0.0773745623040615,True,0.0383026076468474,0.35542464612492247,1,31,0.04782770760396335,1,0.07949223519711161,0.12240353293602672,0.0937901061601565,441870.7691937878,3168080.3375665722,4727,156,30.07995523314931,71.73204178772531,693.0825503317812,0.0008824023341307727,0.001288612850112904,0.0018528523551983975,0.0,0.05014916278533622,0.05328674315704933,0.057585374357084024,0.0
znhoughton/opt-babylm-125m-20eps-seed964,random,12,768,300417,78,NOUN+VERB,10,0.8839307085112192,0.037856444843216104,0.07821284664556455,True,0.03841787401242546,0.3592575455895128,1,31,0.047605639367422604,1,0.07974250673332793,0.1210190670434576,0.09234279825150897,437183.111808122,3175331.200925183,4727,156,30.07995523314931,70.67388775453145,694.6688254047655,0.0008544934828585025,0.0013048312857183847,0.0019318067336563168,0.0,0.049877921888257064,0.05352054333038384,0.05742229440325051,0.0
znhoughton/opt-babylm-125m-20eps-seed964,random_noposemb,0,768,300000,79,NOUN+VERB,10,1.0,6.128332171495143e-33,4.147758921205628e-32,False,,,0,0,,0,9.249882051298605e-49,0.9999999999999999,0.9999999999999999,3654490.194590453,4.656612873077393e-10,4763,158,29.929868104858176,777.7183490186545,1.01120800718293e-13,,,,,,,,
znhoughton/opt-babylm-125m-20eps-seed964,random_noposemb,1,768,300000,79,NOUN+VERB,10,0.9156718321181936,0.022172486578536352,0.06215568130327008,True,0.012188887458024081,0.28401782674597387,1,40,0.012782072129493,1,0.06314454065224188,0.1927249334708063,0.16704741137283677,706881.1780513623,2960943.0381569657,4763,158,29.929868104858176,128.94956633451298,642.984373106833,0.0009216305906220837,0.0012863517089086879,0.0018345161384022144,0.0,0.06791931834334147,0.07164640553399967,0.07539771521953378,0.0
znhoughton/opt-babylm-125m-20eps-seed964,random_noposemb,2,768,300000,79,NOUN+VERB,10,0.9026979390885581,0.024503759587633362,0.07279830132380855,True,0.013038593343916598,0.3034374057256194,1,40,0.013657982797666135,1,0.07370191191691595,0.1603524484505796,0.13325701628796036,586015.2352356035,3068529.7430171766,4763,158,29.929868104858176,102.44728485897281,666.3473926204509,0.0009323476107040841,0.0013016758808240818,0.0019028763876093276,0.0,0.06550059637318192,0.06909524390423064,0.07264874759846636,0.0
znhoughton/opt-babylm-125m-20eps-seed964,random_noposemb,3,768,300000,79,NOUN+VERB,10,0.894207482151354,0.025891966239296342,0.07990055160934956,True,0.01697981936255726,0.31615750837018836,1,39,0.01802505202152006,1,0.08092108164265698,0.14752084488499687,0.11985500821497021,538769.2319387401,3113387.3996122084,4763,158,29.929868104858176,92.06731817929514,676.0884689711636,0.0009175346953477705,0.0013366708060844315,0.0019447853435039164,0.0,0.06207310390339987,0.06624516357826854,0.07014383621021548,0.0
znhoughton/opt-babylm-125m-20eps-seed964,random_noposemb,4,768,300000,79,NOUN+VERB,10,0.8907878484396903,0.027000106083634564,0.08221204547667516,True,0.018239701653081242,0.31604953640736566,1,39,0.019552285417523116,1,0.0835012998872506,0.13937763280249255,0.11134733505608772,508281.3590412467,3138511.52171829,4763,158,29.929868104858176,85.39685414810282,681.5443043905082,0.000918606893202365,0.001339456297095063,0.0018944410135178838,0.0,0.06046645121469637,0.06364991424978633,0.06803026709232102,0.0
znhoughton/opt-babylm-125m-20eps-seed964,random_noposemb,5,768,300000,79,NOUN+VERB,10,0.8880192590479629,0.02774943656521309,0.08423130438682398,True,0.01854775375065859,0.3204687007271441,1,39,0.019896795969722117,1,0.08565479479912964,0.1338114008887997,0.1055308745162405,488096.1395751767,3159546.2610958666,4763,158,29.929868104858176,80.94858592277654,686.1121088156062,0.0009037226891891717,0.001330925095757337,0.001951820660802343,0.0,0.05876415137774209,0.06253513559761187,0.06639480007919642,0.0
znhoughton/opt-babylm-125m-20eps-seed964,random_noposemb,6,768,300000,79,NOUN+VERB,10,0.8835066880968652,0.028801829813680613,0.08769148208945438,True,0.01907930827162707,0.3278564250158354,1,38,0.020422374884929644,1,0.08893651739007995,0.12968589096876515,0.10121932470162322,472780.1336754305,3172798.657847077,4763,158,29.929868104858176,77.59300797317188,688.9899365574544,0.00092125620702128,0.0013462435404886287,0.0018987744870782068,0.0,0.05931089531729589,0.062462136687729035,0.0664968294587047,0.0
znhoughton/opt-babylm-125m-20eps-seed964,random_noposemb,7,768,300000,79,NOUN+VERB,10,0.8788184985961134,0.02874431902229813,0.09243718238158856,True,0.01856036015347912,0.332162086099799,1,38,0.019749871726402378,1,0.09366540718383816,0.12670627934288056,0.0981050410689872,462100.5470730731,3184921.1275400706,4763,158,29.929868104858176,75.23231254730473,691.6223946883975,0.0009114432601974827,0.001337138280626988,0.0019300411530341506,0.0,0.05908264008157455,0.0624746372446031,0.06684643621690002,0.0
znhoughton/opt-babylm-125m-20eps-seed964,random_noposemb,8,768,300000,79,NOUN+VERB,10,0.8749011385818984,0.03052667322394185,0.09457218819415963,True,0.020343324876839715,0.3316900529296557,1,38,0.021684541121603788,1,0.09551785063194441,0.12400909917811255,0.09528573255683485,451884.64928124484,3192078.997549293,4763,158,29.929868104858176,73.00631604042587,693.1767638543524,0.0009052087577687916,0.0013084055479140031,0.001967068837463538,0.0,0.059001677738395174,0.06255168252322772,0.06641152110985125,0.0
znhoughton/opt-babylm-125m-20eps-seed964,random_noposemb,9,768,300000,79,NOUN+VERB,10,0.8726682708829738,0.03233563831083113,0.09499609080619506,True,0.021212662045534004,0.33334887158070425,1,38,0.022723466437177875,1,0.09589429344811645,0.12166796871243744,0.09283842492084644,442915.09267264704,3197443.971096043,4763,158,29.929868104858176,71.05856385300574,694.3417961120615,0.0008819535814737783,0.0012948836211603598,0.00184707482539102,0.0,0.058091259393995946,0.06112604637369424,0.06463550864184411,0.0
znhoughton/opt-babylm-125m-20eps-seed964,random_noposemb,10,768,300000,79,NOUN+VERB,10,0.8717405535464599,0.031869765021634924,0.09638968143190528,True,0.020678133202281748,0.33188546914744227,1,38,0.02216929175899462,1,0.09762364742429042,0.11987919362590081,0.09096841665320714,436187.2953177972,3202369.839784216,4763,158,29.929868104858176,69.59107022347385,695.4114744373976,0.0008957974566975455,0.0013086219508379269,0.0019606045283799395,0.0,0.05772385292200705,0.061043801893984534,0.06474050139904478,0.0
znhoughton/opt-babylm-125m-20eps-seed964,random_noposemb,11,768,300000,79,NOUN+VERB,10,0.8706137867600459,0.03190803422998317,0.0974781790099709,True,0.021116165280811363,0.3372210601715112,1,37,0.02250455381813845,1,0.09861784439710622,0.11815544982471114,0.08916630525288699,430018.22845860675,3209409.5685372823,4763,158,29.929868104858176,68.22714394380172,696.9401886074446,0.0008841580415591963,0.001316604995954311,0.001876019239882008,0.0,0.05773262049199552,0.06086567264469943,0.06470484690272556,0.0
znhoughton/opt-babylm-125m-20eps-seed964,random_noposemb,12,768,300000,79,NOUN+VERB,10,0.8699187252409124,0.031647900940900815,0.09843337381818675,True,0.021508259048134897,0.3413888161756923,1,37,0.02309485736490357,1,0.09950659998320874,0.11695150406193697,0.08790757274187645,426973.5270478441,3223886.1217662566,4763,158,29.929868104858176,67.47416159503936,700.0838483748657,0.0008270783187088144,0.001297517623318283,0.0018607666371438744,0.0,0.05786677722626873,0.06112813874353806,0.06509577605968475,0.0
znhoughton/opt-babylm-1.3B-20eps-seed964,random_noposemb,0,2048,300000,78,NOUN+VERB,10,1.0,6.702411244767597e-33,4.227567352539806e-32,False,,,0,0,,0,0.0,1.0000000000000073,1.0,9786891.522452462,0.0,4723,156,30.055973171781197,2100.788261549531,0.0,,,,,,,,
znhoughton/opt-babylm-1.3B-20eps-seed964,random_noposemb,1,2048,300000,78,NOUN+VERB,10,0.9094595606419481,0.020730412713007223,0.06981002664504463,True,0.009171741542025642,0.1739973879730571,1,50,0.009730412783745025,1,0.07017533729524782,0.18474622909655858,0.15887312458583766,1783279.3895366625,7869309.45223408,4723,156,30.055973171781197,325.45769144128957,1723.0806770821284,0.0003368338269125336,0.0004896272950941645,0.000679853448110439,0.0,0.0283793280599886,0.029749284494669966,0.03116747109567882,0.0
znhoughton/opt-babylm-1.3B-20eps-seed964,random_noposemb,2,2048,300000,78,NOUN+VERB,10,0.8987803624040056,0.02419338438610789,0.07702625320988651,True,0.011623227893599911,0.18620661727407045,1,49,0.012499774027007707,1,0.07759805217997175,0.16120003222724716,0.13429379061008784,1554229.5641387454,8087391.114619646,4723,156,30.055973171781197,274.70264107803195,1770.8323001137828,0.00034213474612225514,0.00047819271523370197,0.0006869004486016049,0.0,0.02754539990284114,0.02884599148824672,0.030166925027079607,0.0
znhoughton/opt-babylm-1.3B-20eps-seed964,random_noposemb,3,2048,300000,78,NOUN+VERB,10,0.8934173537808866,0.025781527007157155,0.08080111921195625,True,0.013345201164595578,0.19302044320575043,1,49,0.014290957677802335,1,0.08151584633281991,0.15105717186137102,0.12370088697331526,1456385.9274251086,8184903.588849369,4723,156,30.055973171781197,252.98979207358929,1792.1838381540113,0.00032861653083811077,0.000483492246611974,0.0006663729664032147,0.0,0.027048849574606498,0.02833765597814128,0.029472373755723463,0.0
znhoughton/opt-babylm-1.3B-20eps-seed964,random_noposemb,4,2048,300000,78,NOUN+VERB,10,0.8895378138143007,0.027019429662151196,0.08344275652354805,True,0.014852790477585214,0.198342794741104,1,49,0.016226208530460477,1,0.08426014871276534,0.1445868038342549,0.11694185052970538,1391754.7060084157,8233983.391113052,4723,156,30.055973171781197,238.75893562686898,1802.930455684925,0.0003374463700916147,0.00048444538028373377,0.0006725995212799626,0.0,0.027023873448322105,0.028339096513865503,0.029721131669339644,0.0
znhoughton/opt-babylm-1.3B-20eps-seed964,random_noposemb,5,2048,300000,78,NOUN+VERB,10,0.8850945670876564,0.028210033885502035,0.08669539902684162,True,0.015520610109985363,0.20043828552604565,1,49,0.0167802148273198,1,0.0872688332945802,0.1397364225162916,0.11187426980900612,1344654.3082989573,8278136.114449891,4723,156,30.055973171781197,228.32702228627315,1812.5982295708104,0.0003375796202327835,0.0004884368538550079,0.0006928393540253625,0.0,0.026658285244418687,0.027864394626094052,0.029116811737271257,0.0
znhoughton/opt-babylm-1.3B-20eps-seed964,random_noposemb,6,2048,300000,78,NOUN+VERB,10,0.8831227076345766,0.028290291773467605,0.08858700059195583,True,0.01620609752004045,0.20387310274876902,1,48,0.017315445176087414,1,0.08922560665215433,0.1360969533012614,0.1080713726289723,1309739.7207081292,8313838.83074494,4723,156,30.055973171781197,220.57239245234734,1820.415772004585,0.0003302966934626094,0.0004920279454366851,0.000699874786215579,0.0,0.02666668528630036,0.027884132955708223,0.029286338265613446,0.0
znhoughton/opt-babylm-1.3B-20eps-seed964,random_noposemb,7,2048,300000,78,NOUN+VERB,10,0.8813938634823539,0.028505616397701508,0.09010052011994452,True,0.015969386660023045,0.20681545923133549,1,48,0.017292345200591305,1,0.09075287575701986,0.13324199507274448,0.10508794248558168,1281969.8136291758,8339394.778887431,4723,156,30.055973171781197,214.42531232459774,1826.0115565770595,0.0003279219318145188,0.00048084853399096394,0.0007363056584260303,0.0,0.026545897267223617,0.027931606419591665,0.02929412372208018,0.0
znhoughton/opt-babylm-1.3B-20eps-seed964,random_noposemb,8,2048,300000,78,NOUN+VERB,10,0.8806433483163123,0.029155217228277925,0.09020143445540968,True,0.01724037563335409,0.20762619152470713,1,48,0.018618485339830182,1,0.09088264565334253,0.1311608613868742,0.10291300800132636,1261900.8989704975,8359116.267487219,4723,156,30.055973171781197,209.97378027985133,1830.3298155216157,0.0003257232068303639,0.0004840555646188759,0.0007205744664333459,0.0,0.02575536130483284,0.02732522584255657,0.02895291902973469,0.0
znhoughton/opt-babylm-1.3B-20eps-seed964,random_noposemb,9,2048,300000,78,NOUN+VERB,10,0.879621078030167,0.029620326824003715,0.09075859514582928,True,0.017847170041281127,0.21021060229827487,1,48,0.01924877763806633,1,0.0915504243020357,0.12907187788327676,0.10072974211804397,1241191.5246905335,8375090.077820722,4723,156,30.055973171781197,205.41207386273751,1833.8274748895822,0.00033478801911821535,0.0004890704845130457,0.0007162562702535539,0.0,0.025721818745947218,0.027374776655807023,0.028971073635257052,0.0
znhoughton/opt-babylm-1.3B-20eps-seed964,random_noposemb,10,2048,300000,78,NOUN+VERB,10,0.8777794923213342,0.029924941960997944,0.09229556571766785,True,0.01817325859288059,0.2127861535646194,1,48,0.01974915126462983,1,0.09322687274916355,0.12714124429858792,0.09871185914550654,1221802.5893872892,8388002.601113423,4723,156,30.055973171781197,201.15610590854493,1836.6548283585335,0.00032667621851092954,0.000488009102763431,0.0007223050174259184,0.0,0.02577343961955578,0.027350240120502946,0.02882540162502797,0.0
znhoughton/opt-babylm-1.3B-20eps-seed964,random_noposemb,11,2048,300000,78,NOUN+VERB,10,0.8767281914892152,0.03049228508913227,0.09277952342165245,True,0.01860489045131105,0.21385202727178648,1,47,0.020330907152040684,1,0.09373077943984953,0.12573455858389812,0.09724153347862342,1207615.1771589448,8396865.808497412,4723,156,30.055973171781197,198.04616174082892,1838.5955350333725,0.0003227829713218346,0.00048567624402183105,0.0007054744505048695,0.0,0.025763770915780353,0.02739964056671855,0.02900360566433844,0.0
znhoughton/opt-babylm-1.3B-20eps-seed964,random_noposemb,12,2048,300000,78,NOUN+VERB,10,0.8748929471074856,0.03072159191358496,0.09438546097892957,True,0.01900632967894251,0.21486545731599319,1,47,0.020898159333243304,1,0.09527117508094674,0.12418903169202625,0.09562601837265992,1192224.7221794582,8407855.94465456,4723,156,30.055973171781197,194.66248552917978,1841.0019585405212,0.0003203991821405285,0.0004816359401828482,0.0007076566101641421,0.0,0.025758358869412246,0.02746517258556947,0.02886862997815453,0.0
znhoughton/opt-babylm-1.3B-20eps-seed964,random_noposemb,13,2048,300000,78,NOUN+VERB,10,0.8743811308426392,0.03063099994471177,0.094987869212649,True,0.01908864155885768,0.21487311524461086,1,47,0.020890692999202713,1,0.09586498010910707,0.12292265247248899,0.09430223972015707,1179873.4156622065,8418629.31699133,4723,156,30.055973171781197,191.93275162666808,1843.3609189821173,0.00032522350030377386,0.00047867128067537727,0.0007199960199432724,0.0,0.025496452150039522,0.02685168252640313,0.028512635910095122,0.0
znhoughton/opt-babylm-1.3B-20eps-seed964,random_noposemb,14,2048,300000,78,NOUN+VERB,10,0.874049234538849,0.030688835903753067,0.095261929557398,True,0.01940618339374892,0.21699950347589714,1,47,0.02124757909704126,1,0.09619318816561417,0.1219035258649814,0.09323688638356,1169984.9474514327,8427645.138714338,4723,156,30.055973171781197,189.7444780292754,1845.335042416102,0.00033490429176752465,0.00047707898205978205,0.0006762112918572003,0.0,0.02534633830161387,0.026897719939291402,0.02832182303081354,0.0
znhoughton/opt-babylm-1.3B-20eps-seed964,random_noposemb,15,2048,300000,78,NOUN+VERB,10,0.8736550310495157,0.030752802443162443,0.09559216650732187,True,0.01990954884410814,0.21885828826684037,1,47,0.02193778559941193,1,0.09654140536219939,0.12083676915689721,0.09212170983471936,1159535.3317088147,8436346.284450978,4723,156,30.055973171781197,187.4380447397705,1847.240263729139,0.00033438911406035956,0.0004773266305489728,0.0006950492096030916,0.0,0.025172056026855957,0.026881400462796225,0.028378287032753604,0.0
znhoughton/opt-babylm-1.3B-20eps-seed964,random_noposemb,16,2048,300000,78,NOUN+VERB,10,0.873746234516202,0.03075031838225383,0.09550344710154414,True,0.020076554960786152,0.2203340232713367,1,47,0.021956302282446483,1,0.09658101540967312,0.12005627883455817,0.09130577208045756,1151930.9403414023,8442993.636063337,4723,156,30.055973171781197,185.75731035206937,1848.6957819275974,0.00033862143809167247,0.00047963079185459404,0.0006542302641205151,0.0,0.02521921792276047,0.026833192780380682,0.0283365988131438,0.0
znhoughton/opt-babylm-1.3B-20eps-seed964,random_noposemb,17,2048,300000,78,NOUN+VERB,10,0.872509293753068,0.030992736403580898,0.09649796984335114,True,0.020705166408447925,0.22017598288506718,1,46,0.022742462842684566,1,0.09752574890674577,0.11928236051450722,0.09049668715505729,1144569.7894155302,8450895.830803534,4723,156,30.055973171781197,184.11964660636175,1850.426063237034,0.00033772502777691606,0.00047427096208918875,0.0006899188230646434,0.0,0.02501497296017565,0.026392414249511983,0.027597488327133903,0.0
znhoughton/opt-babylm-1.3B-20eps-seed964,random_noposemb,18,2048,300000,78,NOUN+VERB,10,0.8720270897759552,0.03127069919937014,0.09670221102467473,True,0.020880591920216955,0.2217219152259576,1,46,0.022904831070584455,1,0.0978033714151675,0.1185166882431746,0.08969620567702591,1137349.1766832,8459182.700326113,4723,156,30.055973171781197,182.50934743183151,1852.2405737521597,0.00033786923871283376,0.00047037525408297936,0.0006834179467886897,0.0,0.02504300703299955,0.026311056952279033,0.027696177889618815,0.0
znhoughton/opt-babylm-1.3B-20eps-seed964,random_noposemb,19,2048,300000,78,NOUN+VERB,10,0.8708044623807774,0.03174053198810835,0.0974550056311143,True,0.021464841430963406,0.22223710688131476,1,46,0.023465594116036465,1,0.09848801700098091,0.11773900371220994,0.0888831482204926,1129397.0023488775,8462980.771710332,4723,156,30.055973171781197,180.77471771258925,1853.0722075126632,0.00032549586390969695,0.00047190932174828585,0.0006878189493480444,0.0,0.02503645817387836,0.02634589339798426,0.027757193951656486,0.0
znhoughton/opt-babylm-1.3B-20eps-seed964,random_noposemb,20,2048,300000,78,NOUN+VERB,10,0.870384188655216,0.03177661779433861,0.09783919355044528,True,0.022228917007724096,0.2231508206222795,1,46,0.024179662726007748,1,0.09888697030809741,0.11709554747875528,0.08821041100574784,1123054.2573386205,8467867.699300054,4723,156,30.055973171781197,179.3776247842319,1854.1422595358122,0.0003299400702983199,0.0004772707268821117,0.000700921374649603,0.0,0.024995011545715637,0.026337821298903143,0.027723931204666808,0.0
znhoughton/opt-babylm-1.3B-20eps-seed964,random_noposemb,21,2048,300000,78,NOUN+VERB,10,0.8697647938149365,0.032383256615223684,0.0978519495698398,True,0.022564446043482875,0.22464936309536027,1,46,0.024620913707252945,1,0.09894503151549924,0.11647100223485252,0.08755743371742843,1116990.690041454,8473299.327289643,4723,156,30.055973171781197,178.03649004336617,1855.3315803130376,0.0003225375573899898,0.00047765096510716555,0.0006899225013838751,0.0,0.025087454732676862,0.026313070990658716,0.027871268878981958,0.0
znhoughton/opt-babylm-1.3B-20eps-seed964,random_noposemb,22,2048,300000,78,NOUN+VERB,10,0.8686889745133305,0.03241277546345552,0.0988982500232141,True,0.022479304811456467,0.22292826864252804,1,46,0.02451877186294131,1,0.09997796060249024,0.11576064821697274,0.08681472734535359,1110096.9034783402,8479490.92776515,4723,156,30.055973171781197,176.5116095131545,1856.687306276582,0.00032157648462080454,0.0004804504684243952,0.0006972157141828754,0.0,0.02444033658531815,0.025911227579806975,0.027369490602992805,0.0
znhoughton/opt-babylm-1.3B-20eps-seed964,random_noposemb,23,2048,300000,78,NOUN+VERB,10,0.8682953457249063,0.03245525356360137,0.0992494007114923,True,0.02258882091083123,0.22298490036159815,1,46,0.02475300480795712,1,0.10024138061866172,0.11508072313843236,0.08610382189371577,1103384.6198308696,8484534.101392245,4723,156,30.055973171781197,175.03405563316593,1857.791570263246,0.000322724990501341,0.0004798809404812495,0.0006917096889651924,0.0,0.024493112009552277,0.02588343070127734,0.02744024297094531,0.0
znhoughton/opt-babylm-1.3B-20eps-seed964,random_noposemb,24,2048,300000,78,NOUN+VERB,10,0.868570334179038,0.03258364073220506,0.09884602508875685,True,0.02175047542107298,0.2236874936876888,1,46,0.02384939914407669,1,0.09981229970186813,0.1136580800910524,0.08461631307609131,1088869.4858631955,8491351.163569678,4723,156,30.055973171781197,171.8686713869916,1859.2842486467434,0.00031601808634743115,0.0004768367342373788,0.0006838781454085095,0.0,0.025090227035752664,0.026349174315540066,0.02779500941527349,0.0
znhoughton/opt-babylm-350m-20eps-seed964,pretrained,0,1024,300000,78,NOUN+VERB,10,0.9986748540129622,0.00033369122656966933,0.0009914547604680888,False,,,1,20,,1,0.0010253997361794008,0.729510357979698,0.7230443879065308,3238212.923508313,1200672.539991071,4721,156,30.042276444985,686.6549987553656,263.01698575927077,,,,,,,,
znhoughton/opt-babylm-350m-20eps-seed964,pretrained,1,1024,300000,78,NOUN+VERB,10,0.9985032259974579,0.0005108685792328631,0.0009859054233093086,False,,,1,25,,1,0.0009905587946661227,0.7915885603816212,0.7867912011482486,3560285.809402645,937361.0586701422,4721,156,30.042276444985,757.7404935602458,205.33648601755579,,,,,,,,
znhoughton/opt-babylm-350m-20eps-seed964,pretrained,2,1024,300000,78,NOUN+VERB,10,0.997533255410098,0.0007961522378258128,0.001670592352076309,False,,,1,29,,1,0.0016631806243538058,0.8182324324493083,0.8141174150260336,3596550.484635046,798961.5263825101,4721,156,30.042276444985,766.5375359169234,175.01895430065937,,,,,,,,
znhoughton/opt-babylm-350m-20eps-seed964,pretrained,3,1024,300000,78,NOUN+VERB,10,0.9963859651262199,0.0011655364433860978,0.0024484984303938745,False,,,1,27,,1,0.0024490879526214934,0.8223916775089715,0.8183813463618544,3551710.652373709,767047.3670798177,4721,156,30.042276444985,757.1408383199149,168.0279007841879,,,,,,,,
znhoughton/opt-babylm-350m-20eps-seed964,pretrained,4,1024,300000,78,NOUN+VERB,10,0.9952812508843178,0.0014272436590537115,0.003291505456628506,False,,,1,25,,1,0.0032811122209213776,0.8175855868013131,0.8134542441638933,3488175.0875666104,778259.0862715039,4721,156,30.042276444985,743.4147517556717,170.48391813176428,,,,,,,,
znhoughton/opt-babylm-350m-20eps-seed964,pretrained,5,1024,300000,78,NOUN+VERB,10,0.9944887303504348,0.0016003268555861837,0.003910942793978956,False,,,1,23,,1,0.0038900954988523506,0.8142134465299656,0.8099968035556623,3435293.373172417,783862.4118530364,4721,156,30.042276444985,732.017486134511,171.71137170931794,,,,,,,,
znhoughton/opt-babylm-350m-20eps-seed964,pretrained,6,1024,300000,78,NOUN+VERB,10,0.9940376824984081,0.00160929021517613,0.004353027286415704,False,,,1,25,,1,0.004319059129873214,0.8115582235538837,0.8072741864425296,3401856.4592326595,789902.5058057769,4721,156,30.042276444985,724.7928286748582,173.03450291473754,,,,,,,,
znhoughton/opt-babylm-350m-20eps-seed964,pretrained,7,1024,300000,78,NOUN+VERB,10,0.9937730704042771,0.0016342550872535636,0.004592674508469331,False,,,1,27,,1,0.004533053373088959,0.813997589760702,0.8097754754929989,3394210.9782341043,775593.7250352632,4721,156,30.042276444985,723.2552877256136,169.90004929578603,,,,,,,,
znhoughton/opt-babylm-350m-20eps-seed964,pretrained,8,1024,300000,78,NOUN+VERB,10,0.9934953814748761,0.0017351574248316759,0.004769461100292239,False,,,1,28,,1,0.0047135783816572635,0.8178756660146922,0.8137516459303432,3400346.370991554,757188.2180500897,4721,156,30.042276444985,724.7070769612488,165.86817481929674,,,,,,,,
znhoughton/opt-babylm-350m-20eps-seed964,pretrained,9,1024,300000,78,NOUN+VERB,10,0.9933312769727067,0.001742198323879197,0.004926524703414117,False,,,1,30,,1,0.004876113351674228,0.8228486881947397,0.8188498296616002,3436045.966705975,739747.2453417573,4721,156,30.042276444985,732.5007792214006,162.04758934102023,,,,,,,,
znhoughton/opt-babylm-350m-20eps-seed964,pretrained,10,1024,300000,78,NOUN+VERB,10,0.9932382141400948,0.0016980181475686142,0.005063767712336546,False,,,1,33,,1,0.005020270121709043,0.8289778000065589,0.8251322277508607,3436398.6866062814,708945.961439894,4721,156,30.042276444985,732.8011186939239,155.30032014017394,,,,,,,,
znhoughton/opt-babylm-350m-20eps-seed964,pretrained,11,1024,300000,78,NOUN+VERB,10,0.993244977566697,0.0016587930245408656,0.005096229408762028,False,,,1,34,,1,0.005058230833096924,0.8356063159175553,0.8319253123298216,3470680.235097101,682807.0818172605,4721,156,30.042276444985,740.3537158817827,149.5743881308347,,,,,,,,
znhoughton/opt-babylm-350m-20eps-seed964,pretrained,12,1024,300000,78,NOUN+VERB,10,0.993223431797233,0.0017160485808018658,0.005060519621965134,False,,,1,36,,1,0.005022047078245744,0.8418962011587833,0.8383701990050979,3472203.7755903695,652062.1028056121,4721,156,30.042276444985,740.9050798470487,142.83945296946598,,,,,,,,
znhoughton/opt-babylm-350m-20eps-seed964,pretrained,13,1024,300000,78,NOUN+VERB,10,0.9930434883008751,0.0018358145326586937,0.005120697166466118,False,,,1,36,,1,0.0050733431592790475,0.847471900201679,0.8440823556368781,3488934.8737606118,627938.939908402,4721,156,30.042276444985,744.674000024618,137.55507993612312,,,,,,,,
znhoughton/opt-babylm-350m-20eps-seed964,pretrained,14,1024,300000,78,NOUN+VERB,10,0.9927708797317701,0.0019724971295633333,0.0052566231386665194,False,,,1,37,,1,0.005208018820934317,0.8516792224980517,0.8483920590949612,3501632.694000587,609812.7909907969,4721,156,30.042276444985,747.5330410131796,133.58440109327424,,,,,,,,
znhoughton/opt-babylm-350m-20eps-seed964,pretrained,15,1024,300000,78,NOUN+VERB,10,0.9925174969505476,0.002045698694025822,0.005436804355426702,False,,,1,37,,1,0.005392202674007817,0.8553698294606975,0.8521720576333521,3537954.62301409,598214.9040836059,4721,156,30.042276444985,755.4177842623075,131.04379059881836,,,,,,,,
znhoughton/opt-babylm-350m-20eps-seed964,pretrained,16,1024,300000,78,NOUN+VERB,10,0.9924157135057439,0.002144609222601748,0.0054396772716543825,False,,,1,36,,1,0.005392252681657127,0.8604012026809489,0.857324671724205,3574199.703826931,579908.510678092,4721,156,30.042276444985,763.3349404184033,127.03362774985587,,,,,,,,
znhoughton/opt-babylm-350m-20eps-seed964,pretrained,17,1024,300000,78,NOUN+VERB,10,0.9920027841431761,0.0023816063868137448,0.005615609470010093,False,,,1,34,,1,0.00556525490307681,0.8619186354704146,0.8588785283366202,3615463.3667077366,579205.6170235444,4721,156,30.042276444985,772.2014840332839,126.87965323626383,,,,,,,,
znhoughton/opt-babylm-350m-20eps-seed964,pretrained,18,1024,300000,78,NOUN+VERB,10,0.9909664231144228,0.0031144639940175922,0.0059191128915596575,False,,,1,33,,1,0.005873244511064294,0.8574997228099785,0.8543533631031809,3571370.992460905,593494.4849968865,4721,156,30.042276444985,762.6284071490535,130.00974479668926,,,,,,,,
znhoughton/opt-babylm-350m-20eps-seed964,pretrained,19,1024,300000,78,NOUN+VERB,10,0.9885433667568341,0.004699569858382718,0.006757063384783215,False,,,1,30,,1,0.006700311742760228,0.8405174039712334,0.8369575208104523,3515751.254157047,667090.4544690992,4721,156,30.042276444985,750.1473685836,146.13153438534485,,,,,,,,
znhoughton/opt-babylm-350m-20eps-seed964,pretrained,20,1024,300000,78,NOUN+VERB,10,0.9715232678931384,0.01621326333238172,0.012263468774479922,False,,,1,25,,1,0.012299518423501726,0.7803138273132393,0.775221612647346,3292839.5131420037,927051.7637815922,4721,156,30.042276444985,700.3812703005968,203.078151978443,,,,,,,,
znhoughton/opt-babylm-350m-20eps-seed964,pretrained,21,1024,300000,78,NOUN+VERB,10,0.9436318556381288,0.030466294605861133,0.02590184975601014,True,0.0016469008586397292,0.1044988216640883,1,28,0.0017201645423937798,1,0.025754086510043028,0.6881221890318125,0.6804823554862589,2978353.290399852,1349879.8895102348,4721,156,30.042276444985,629.7618789477311,295.7020568478061,0.0005878728541660605,0.0009326721412475497,0.0014045090662468962,0.005,0.03049147039169232,0.03313356837757847,0.035660157054181865,0.0
znhoughton/opt-babylm-350m-20eps-seed964,pretrained,22,1024,300000,78,NOUN+VERB,10,0.8896998522919868,0.06174242743206323,0.04855772027594997,True,0.002596133044058268,0.11298578889873821,1,27,0.0026461719133635915,1,0.04802906730276643,0.6235146256721102,0.613943979540037,2803625.0817029392,1692861.3939443715,4721,156,30.042276444985,589.7378938257201,370.83491652669693,0.0005848738413997511,0.0009394204960852615,0.0015060323322700438,0.0,0.030305619840117735,0.033065681924453416,0.03608627645539003,0.0
znhoughton/opt-babylm-350m-20eps-seed964,pretrained,23,1024,300000,78,NOUN+VERB,10,0.8532041304514618,0.07570800308646303,0.07108786646207511,True,0.0039902693298233165,0.1392667164238112,1,29,0.004221671799499409,1,0.07059381836720774,0.5769056799787926,0.5658674762661242,2586071.752768406,1896587.7919659629,4721,156,30.042276444985,541.5325664329038,415.46282408892944,0.0005645005815203046,0.0009412096250305402,0.0013195344758398409,0.0,0.031528500840472644,0.03392834677709494,0.037437542149455334,0.0
znhoughton/opt-babylm-350m-20eps-seed964,pretrained,24,1024,300000,78,NOUN+VERB,10,0.8280193656907809,0.08046916793028101,0.09151146637893802,True,0.0051998403009448505,0.1693959132551782,1,30,0.005648968087105569,1,0.0909118621236805,0.5256288448767233,0.5129036725613263,2371381.33552219,2140131.604903205,4721,156,30.042276444985,493.6517175370571,468.81305693388936,0.0005981767262645925,0.0009527040432428592,0.0013354165902644234,0.0,0.033429555279582274,0.03610328903639817,0.03887955420577071,0.0
znhoughton/opt-babylm-350m-20eps-seed964,pretrained_noposemb,0,1024,300000,78,NOUN+VERB,10,1.0,2.2442620244575685e-32,4.8568172869204105e-32,False,,,0,0,,0,1.425673289875993e-48,0.9999999999999957,0.9999999999999956,4315210.311167307,1.862645149230957e-08,4723,156,30.05423562115386,926.3275524487018,4.078487298513153e-12,,,,,,,,
znhoughton/opt-babylm-350m-20eps-seed964,pretrained_noposemb,1,1024,300000,78,NOUN+VERB,10,0.9995153868541308,0.00017605196966922768,0.00030856117619991783,False,,,1,20,,1,0.00030731593346759983,0.9843706312714287,0.9840543459584774,4378252.960190365,69515.81825779378,4723,156,30.05423562115386,939.3541834340169,15.221330908209719,,,,,,,,
znhoughton/opt-babylm-350m-20eps-seed964,pretrained_noposemb,2,1024,300000,78,NOUN+VERB,10,0.998474328024899,0.00039186334991879235,0.001133808625182275,False,,,1,20,,1,0.0011281516991695005,0.9417155438233125,0.9405007169895118,4123370.67817886,255202.77239646483,4723,156,30.05423562115386,883.2868706691357,55.87973995981275,,,,,,,,
znhoughton/opt-babylm-350m-20eps-seed964,pretrained_noposemb,3,1024,300000,78,NOUN+VERB,10,0.9971181515743794,0.0006954236143478905,0.0021864248112724964,False,,,1,17,,1,0.0021806127586933093,0.9010754452123988,0.8989563274594301,3922618.104811876,430644.57219653856,4723,156,30.05423562115386,838.91399032564,94.29484830228564,,,,,,,,
znhoughton/opt-babylm-350m-20eps-seed964,pretrained_noposemb,4,1024,300000,78,NOUN+VERB,10,0.995987282579544,0.0008715460271315931,0.00314117139332439,False,,,1,18,,1,0.003130434893302746,0.8711220858173007,0.8683063169931778,3771692.713256352,558002.0271974956,4723,156,30.05423562115386,805.5876174809762,122.18130659021142,,,,,,,,
znhoughton/opt-babylm-350m-20eps-seed964,pretrained_noposemb,5,1024,300000,78,NOUN+VERB,10,0.9950844203994023,0.0010553979659700759,0.0038601816346276654,False,,,1,20,,1,0.003833457639729773,0.8540304605613634,0.8508056969570388,3657619.6056318195,625154.5746095111,4723,156,30.05423562115386,780.610792029861,136.88517070495098,,,,,,,,
znhoughton/opt-babylm-350m-20eps-seed964,pretrained_noposemb,6,1024,300000,78,NOUN+VERB,10,0.9945502615914559,0.0011248114316834497,0.004324926976860599,False,,,1,23,,1,0.004294824787570435,0.8412470243394249,0.8377109017582322,3583539.6401414815,676255.088945847,4723,156,30.05423562115386,764.3360697470206,148.07424763429975,,,,,,,,
znhoughton/opt-babylm-350m-20eps-seed964,pretrained_noposemb,7,1024,300000,78,NOUN+VERB,10,0.9941986387793514,0.0011639897165628967,0.004637371504085551,False,,,1,27,,1,0.004593046891181129,0.8370422053342133,0.8334026471272789,3553525.57829073,691810.6253620861,4723,156,30.05423562115386,757.7797498850599,151.48032085878828,,,,,,,,
znhoughton/opt-babylm-350m-20eps-seed964,pretrained_noposemb,8,1024,300000,78,NOUN+VERB,10,0.9938985682764035,0.0012322064015250754,0.004869225322071398,False,,,1,29,,1,0.004813172806987731,0.8351711435619881,0.8314853959691444,3546407.3205011804,699916.7387519022,4723,156,30.05423562115386,756.1926466170219,153.25525262796197,,,,,,,,
znhoughton/opt-babylm-350m-20eps-seed964,pretrained_noposemb,9,1024,300000,78,NOUN+VERB,10,0.9936910987149798,0.0013141958439931542,0.0049947054410271275,False,,,1,33,,1,0.004943493385488421,0.8366060396007464,0.83295572307398,3559770.959048834,695243.6960541387,4723,156,30.05423562115386,759.0954069241429,152.2320332940965,,,,,,,,
znhoughton/opt-babylm-350m-20eps-seed964,pretrained_noposemb,10,1024,300000,78,NOUN+VERB,10,0.9937027892907069,0.0012805423709649725,0.00501666833832815,False,,,1,36,,1,0.004973146731512267,0.8392224402619279,0.8356365774364994,3477228.2734449995,666164.5943145053,4723,156,30.05423562115386,741.5881829711022,145.86481154247983,,,,,,,,
znhoughton/opt-babylm-350m-20eps-seed964,pretrained_noposemb,11,1024,300000,78,NOUN+VERB,10,0.9936832086118551,0.0012952007681248305,0.005021590620020072,False,,,1,37,,1,0.004985543124799783,0.8420401692925661,0.8385235008450778,3409365.561794982,639569.021289499,4723,156,30.05423562115386,727.2141516853162,140.0413885021894,,,,,,,,
znhoughton/opt-babylm-350m-20eps-seed964,pretrained_noposemb,12,1024,300000,78,NOUN+VERB,10,0.9937549749418583,0.0012740954529912565,0.004970929605150328,False,,,1,38,,1,0.00494919931886336,0.8423898935707543,0.838881797390386,3364172.771286205,629432.5615437287,4723,156,30.05423562115386,717.5866604619212,137.82188779148865,,,,,,,,
znhoughton/opt-babylm-350m-20eps-seed964,pretrained_noposemb,13,1024,300000,78,NOUN+VERB,10,0.9936793210526941,0.0012867926499266046,0.005033886297379285,False,,,1,39,,1,0.004998808212261499,0.8394108304144906,0.8358296009289641,3302216.469441799,631752.8692802256,4723,156,30.05423562115386,704.2698640888395,138.32994729148797,,,,,,,,
znhoughton/opt-babylm-350m-20eps-seed964,pretrained_noposemb,14,1024,300000,78,NOUN+VERB,10,0.9936945240603345,0.0012780693666646888,0.005027406573000728,False,,,1,40,,1,0.004996336104208835,0.8400861400082662,0.8365215110067129,3275947.722031443,623590.1539287632,4723,156,30.05423562115386,698.6903355856577,136.54262183682138,,,,,,,,
znhoughton/opt-babylm-350m-20eps-seed964,pretrained_noposemb,15,1024,300000,78,NOUN+VERB,10,0.9933985596038142,0.0014384443119660514,0.00516299608421973,False,,,1,38,,1,0.00511695762723585,0.8381521137168458,0.8345399076040233,3247496.1573411147,627094.2710476648,4723,156,30.05423562115386,692.5572316495569,137.30989074833914,,,,,,,,
znhoughton/opt-babylm-350m-20eps-seed964,pretrained_noposemb,16,1024,300000,78,NOUN+VERB,10,0.9931473665332942,0.0017066845624227188,0.005145948904283132,False,,,1,37,,1,0.005088644812766048,0.8376359544733564,0.8340110327416341,3208446.9815389225,621912.6924988963,4723,156,30.05423562115386,684.212464535681,136.17532132666878,,,,,,,,
znhoughton/opt-babylm-350m-20eps-seed964,pretrained_noposemb,17,1024,300000,78,NOUN+VERB,10,0.9926823562635684,0.001990319033057094,0.005327324703374545,False,,,1,36,,1,0.005253503710807941,0.8350005220306436,0.8313105574604205,3210430.7136760238,634394.0845990181,4723,156,30.05423562115386,684.5473697353981,138.90827339588748,,,,,,,,
znhoughton/opt-babylm-350m-20eps-seed964,pretrained_noposemb,18,1024,300000,78,NOUN+VERB,10,0.9921022517311194,0.0023573113544777193,0.0055404369144029355,False,,,1,35,,1,0.005467324295225347,0.8159764689572817,0.8118110937741551,3129035.7315390636,705677.462503884,4723,156,30.05423562115386,666.5553208493828,154.51663291085703,,,,,,,,
znhoughton/opt-babylm-350m-20eps-seed964,pretrained_noposemb,19,1024,300000,78,NOUN+VERB,10,0.991017007812465,0.002735437478332664,0.0062475547092023485,False,,,1,32,,1,0.006150613233940196,0.789497752188068,0.7846534276411585,2996164.391636755,798861.4755465025,4723,156,30.05423562115386,637.3535061351467,174.92040191515272,,,,,,,,
znhoughton/opt-babylm-350m-20eps-seed964,pretrained_noposemb,20,1024,300000,78,NOUN+VERB,10,0.9899921142186094,0.0030459546404327164,0.006961931140957817,False,,,1,27,,1,0.006901628557575118,0.7581059243686302,0.7524306392441525,2887018.7948467247,921180.9593645446,4723,156,30.05423562115386,613.0325257836843,201.7037353546189,,,,,,,,
znhoughton/opt-babylm-350m-20eps-seed964,pretrained_noposemb,21,1024,300000,78,NOUN+VERB,10,0.9889663194684204,0.0031316860514859855,0.007901994480093655,False,,,1,28,,1,0.007825008317798773,0.7063035813359859,0.6991952055277667,2757370.0914169895,1146574.5639412268,4723,156,30.05423562115386,583.5592788014129,251.05639674649152,,,,,,,,
znhoughton/opt-babylm-350m-20eps-seed964,pretrained_noposemb,22,1024,300000,78,NOUN+VERB,10,0.9873928639425447,0.0032509069783691127,0.00935622907908631,False,,,1,28,,1,0.009256719628937224,0.6550899678391762,0.6464889281584927,2630735.2267267862,1385102.8350348752,4723,156,30.05423562115386,554.637306078413,303.28505255854503,,,,,,,,
znhoughton/opt-babylm-350m-20eps-seed964,pretrained_noposemb,23,1024,300000,78,NOUN+VERB,10,0.9792855297765043,0.00518829954102518,0.015526170682470442,False,,,1,34,,1,0.015407132364220347,0.5284775003906602,0.5158614522674934,2217591.256071391,1978597.331772192,4723,156,30.05423562115386,461.62553162650954,433.23786550737725,,,,,,,,
znhoughton/opt-babylm-350m-20eps-seed964,pretrained_noposemb,24,1024,300000,78,NOUN+VERB,10,0.9694081954414754,0.0077532680047993,0.022838536553725447,True,,0.13364073064870025,1,37,,1,0.022864308527340466,0.4258622728521707,0.40965154590383585,1838585.8771033892,2478739.2167342054,4723,156,30.05423562115386,376.6222677686701,542.7499927160511,,,,,0.03378038360780362,0.03603583211697174,0.03875779564006725,0.0
znhoughton/opt-babylm-350m-20eps-seed964,random,0,1024,300000,78,NOUN+VERB,10,0.9971251913887774,0.0006650398297415487,0.002209768781480855,False,,,1,22,,1,0.0023034156252621295,0.5289885007694067,0.516376184870669,2555916.0440670876,2275788.3131156145,4721,156,30.042276444985,532.2915927424068,498.52975095632297,,,,,,,,
znhoughton/opt-babylm-350m-20eps-seed964,random,1,1024,300000,78,NOUN+VERB,10,0.9966182250791948,0.0008098156467057489,0.0025719592740994,False,,,1,24,,1,0.0026483586940459986,0.5126310804625288,0.49946621659676976,2462190.7253777827,2340855.401197757,4721,156,30.042276444985,511.6895273161171,512.7832204157189,,,,,,,,
znhoughton/opt-babylm-350m-20eps-seed964,random,2,1024,300000,78,NOUN+VERB,10,0.9961621090361994,0.001022192243165342,0.0028156987206353432,False,,,1,27,,1,0.0029217536415958845,0.4937152040324719,0.4799017137454573,2363952.1525936606,2424136.472763282,4721,156,30.042276444985,489.9854252939697,531.0266095866992,,,,,,,,
znhoughton/opt-babylm-350m-20eps-seed964,random,3,1024,300000,78,NOUN+VERB,10,0.9953760614772911,0.0012198922301014982,0.0034040462926074274,False,,,1,28,,1,0.0034944012456009743,0.47682786104209307,0.462426547645094,2288554.4477387564,2510985.6687661577,4721,156,30.042276444985,473.1604079889431,550.0516251404507,,,,,,,,
znhoughton/opt-babylm-350m-20eps-seed964,random,4,1024,300000,78,NOUN+VERB,10,0.9951862713170598,0.0013482348502599079,0.003465493832680297,False,,,1,30,,1,0.003587824081624546,0.4603906738010738,0.4454092688852926,2212091.4547038255,2592722.32755717,4721,156,30.042276444985,456.14389772084826,567.956698260059,,,,,,,,
znhoughton/opt-babylm-350m-20eps-seed964,random,5,1024,300000,78,NOUN+VERB,10,0.9944741624901179,0.0015664421898907888,0.003959395319991306,False,,,1,31,,1,0.0040879216014378114,0.4448287376598909,0.4292909090314486,2130278.5050063375,2658707.2880723355,4721,156,30.042276444985,438.09333421853165,582.4112350651337,,,,,,,,
znhoughton/opt-babylm-350m-20eps-seed964,random,6,1024,300000,78,NOUN+VERB,10,0.993834505248982,0.0018996325019207012,0.004265862249097275,False,,,1,33,,1,0.0044110416069478705,0.42942402160475995,0.4133284686923831,2036418.0113147167,2705789.943667893,4721,156,30.042276444985,417.5933761653048,592.7250698067674,,,,,,,,
znhoughton/opt-babylm-350m-20eps-seed964,random,7,1024,300000,78,NOUN+VERB,10,0.9929595407087517,0.0022084214209659894,0.0048320378702823436,False,,,1,34,,1,0.004895661194788453,0.4136300933986913,0.3969555700770917,1953177.6460781302,2768861.870025197,4721,156,30.042276444985,399.25751441194893,606.5414830285207,,,,,,,,
znhoughton/opt-babylm-350m-20eps-seed964,random,8,1024,300000,78,NOUN+VERB,10,0.9920159087098044,0.002460868513534041,0.005523222776661704,False,,,1,35,,1,0.005568648059879513,0.39990360523866836,0.3827200118438882,1888754.8105534092,2834270.4030506853,4721,156,30.042276444985,384.9457007434992,620.8697487515192,,,,,,,,
znhoughton/opt-babylm-350m-20eps-seed964,random,9,1024,300000,78,NOUN+VERB,10,0.9909198537984588,0.0027962030945863584,0.006283943106954782,False,,,1,35,,1,0.0063439909438661,0.38432438383520995,0.36655637093008236,1820142.495649042,2915811.2252303497,4721,156,30.042276444985,369.61656047232583,638.7319222848521,,,,,,,,
znhoughton/opt-babylm-350m-20eps-seed964,random,10,1024,300000,78,NOUN+VERB,10,0.9898263426327352,0.003266154250131442,0.00690750311713335,False,,,1,36,,1,0.006952098252566646,0.3713041162723078,0.3530422603183804,1757252.1962379708,2975397.185298197,4721,156,30.042276444985,355.6763168899926,651.7847065275349,,,,,,,,
znhoughton/opt-babylm-350m-20eps-seed964,random,11,1024,300000,78,NOUN+VERB,10,0.9888934210023548,0.0037553168688170178,0.007351262128828296,False,,,1,36,,1,0.00745150540685527,0.3582098205472638,0.3394463364309122,1690909.329781593,3029534.4793754676,4721,156,30.042276444985,341.0343604401851,663.643916621132,,,,,,,,
znhoughton/opt-babylm-350m-20eps-seed964,random,12,1024,300000,78,NOUN+VERB,10,0.9876149902167668,0.004373747707604022,0.008011262075629171,False,,,1,36,,1,0.008075694254745192,0.34622797722335175,0.3270011060911307,1634818.9913736111,3086980.224519878,4721,156,30.042276444985,328.5700219058161,676.2278695552855,,,,,,,,
znhoughton/opt-babylm-350m-20eps-seed964,random,13,1024,300000,78,NOUN+VERB,10,0.9855157708341177,0.005113589164977141,0.009370640000905027,False,,,1,36,,1,0.009533471021879234,0.3350342794872097,0.3153707222065962,1581247.2946585608,3138410.93577313,4721,156,30.042276444985,316.6904241075253,687.494180892252,,,,,,,,
znhoughton/opt-babylm-350m-20eps-seed964,random,14,1024,300000,78,NOUN+VERB,10,0.9830637100393134,0.005943976014779668,0.01099231394590703,False,,,1,34,,1,0.01114772705456132,0.32125737770437485,0.3010513436644446,1514955.4025125022,3200750.780915863,4721,156,30.042276444985,301.99960423922585,701.150225830419,,,,,,,,
znhoughton/opt-babylm-350m-20eps-seed964,random,15,1024,300000,78,NOUN+VERB,10,0.981283321988556,0.006536258903283593,0.012180419108160426,False,,,1,33,,1,0.01246460073919515,0.3086467281964407,0.2879392858238737,1454618.7060972631,3258273.326153471,4721,156,30.042276444985,288.62279551172014,713.7510024432577,,,,,,,,
znhoughton/opt-babylm-350m-20eps-seed964,random,16,1024,300000,78,NOUN+VERB,10,0.9793149531124566,0.0076534219310063845,0.013031624956536883,False,,,1,32,,1,0.013544457881445624,0.29696954453320856,0.275793670083452,1401760.5398590511,3318455.9458496356,4721,156,30.042276444985,276.8326132554073,726.9344897808621,,,,,,,,
znhoughton/opt-babylm-350m-20eps-seed964,random,17,1024,300000,78,NOUN+VERB,10,0.9775938811881494,0.008379695515154313,0.014026423296696289,False,,,1,31,,1,0.014471105818386797,0.2866028774404755,0.26500780587193384,1354066.5604832447,3370472.748318603,4721,156,30.042276444985,266.2109883373517,738.32918911689,,,,,,,,
znhoughton/opt-babylm-350m-20eps-seed964,random,18,1024,300000,78,NOUN+VERB,10,0.9768265522068866,0.009074413190050432,0.014099034603062995,False,,,1,30,,1,0.014730052054205368,0.2753149396238295,0.2532598468346882,1300918.0932155563,3424281.6906866063,4721,156,30.042276444985,254.40493829088715,750.116471125215,,,,,,,,
znhoughton/opt-babylm-350m-20eps-seed964,random,19,1024,300000,78,NOUN+VERB,10,0.9744085725482019,0.010452073408468316,0.015139354043329922,False,,,1,28,,1,0.0159110546449247,0.2620909286377275,0.239492175801014,1241548.5451403782,3495542.3247862803,4721,156,30.042276444985,241.13565229901266,765.726686700171,,,,,,,,
znhoughton/opt-babylm-350m-20eps-seed964,random,20,1024,300000,78,NOUN+VERB,10,0.9710753208814258,0.011622930798024116,0.01730174832055017,False,,,1,27,,1,0.01828374738259882,0.25004048853324634,0.22694186948316794,1184208.5652813495,3551858.670181169,4721,156,30.042276444985,228.41118704564965,778.0632355270907,,,,,,,,
znhoughton/opt-babylm-350m-20eps-seed964,random,21,1024,300000,78,NOUN+VERB,10,0.9685818406196489,0.01265871068923496,0.018759448691116214,False,,,1,26,,1,0.01964350139574477,0.23923702338396854,0.2156866519612597,1134012.6865645084,3606109.35025105,4721,156,30.042276444985,217.2359877347315,789.9472837351698,,,,,,,,
znhoughton/opt-babylm-350m-20eps-seed964,random,22,1024,300000,78,NOUN+VERB,10,0.9670797859978832,0.013264751889710305,0.0196554621124064,False,,,1,26,,1,0.020573997684399763,0.2292778960064509,0.20530805211200912,1086292.5341182097,3651593.468148865,4721,156,30.042276444985,206.65637623163582,799.9109459252716,,,,,,,,
znhoughton/opt-babylm-350m-20eps-seed964,random,23,1024,300000,78,NOUN+VERB,10,0.963335603447383,0.014655626396690602,0.022008770155926425,True,,0.34660942380099696,1,25,,1,0.022823841302877363,0.21946654997096143,0.19508061771798316,1042772.0466955206,3708621.9440219454,4721,156,30.042276444985,196.89447002292889,812.4034926663626,,,,,0.04060400006945333,0.04401182504092443,0.04755692237615807,0.0
znhoughton/opt-babylm-350m-20eps-seed964,random,24,1024,300000,78,NOUN+VERB,10,0.96027716751558,0.016058242723005708,0.023664589761414306,True,,0.3514937336870677,1,24,,1,0.0249703368092276,0.21028812671699412,0.18551039442981485,999689.2570489234,3754213.270193167,4721,156,30.042276444985,187.30995570878557,822.3906396918219,,,,,0.03926415453214441,0.042744182770945174,0.046247793664574766,0.0
znhoughton/opt-babylm-350m-20eps-seed964,random_noposemb,0,1024,300000,78,NOUN+VERB,10,1.0,5.9030698450950705e-33,4.160729424092483e-32,False,,,0,0,,0,6.96330062155453e-49,0.9999999999999998,0.9999999999999998,4888928.010687575,9.313225746154785e-10,4723,156,30.05423562115386,1049.4850521000565,2.0392436492565767e-13,,,,,,,,
znhoughton/opt-babylm-350m-20eps-seed964,random_noposemb,1,1024,300000,78,NOUN+VERB,10,0.9995740924043687,0.0001309208809580814,0.00029498671467334287,False,,,1,26,,1,0.00029518820708928403,0.9849478386786779,0.9846433575359868,4775815.458972572,72984.9256035285,4723,156,30.05423562115386,1024.6719328589866,15.980934005589775,,,,,,,,
znhoughton/opt-babylm-350m-20eps-seed964,random_noposemb,2,1024,300000,78,NOUN+VERB,10,0.999083401594513,0.00027099432725347013,0.0006456040782334791,False,,,1,30,,1,0.0006457832781349509,0.9657901427955469,0.9650888171659079,4659120.474912871,165033.62281556707,4723,156,30.05423562115386,998.9508979776047,36.136111849259265,,,,,,,,
znhoughton/opt-babylm-350m-20eps-seed964,random_noposemb,3,1024,300000,78,NOUN+VERB,10,0.9986110423542565,0.00037793345585816843,0.0010110241898852396,False,,,1,33,,1,0.0010090673411807213,0.9457962987480135,0.9446696739369392,4581393.536081554,262560.2224033531,4723,156,30.05423562115386,981.5550553735445,57.49074280782857,,,,,,,,
znhoughton/opt-babylm-350m-20eps-seed964,random_noposemb,4,1024,300000,78,NOUN+VERB,10,0.9981145505661021,0.00048513420578505086,0.001400315228112945,False,,,1,35,,1,0.0013979319898444235,0.9242232140084317,0.9226249315806143,4475402.811968574,366936.9433361925,4723,156,30.05423562115386,958.0420410928008,80.34529085530819,,,,,,,,
znhoughton/opt-babylm-350m-20eps-seed964,random_noposemb,5,1024,300000,78,NOUN+VERB,10,0.9975566660293486,0.0006266465104400789,0.00181668746021133,False,,,1,36,,1,0.001815661902104901,0.9018884933176513,0.8997879284189105,4344343.989005679,472597.37480388395,4723,156,30.05423562115386,929.1384137876145,103.48092288239194,,,,,,,,
znhoughton/opt-babylm-350m-20eps-seed964,random_noposemb,6,1024,300000,78,NOUN+VERB,10,0.9969542641473216,0.0007971861216574006,0.0022485497310209992,False,,,1,36,,1,0.00226305019701031,0.8770926652015053,0.8744178030274821,4167452.645900486,583986.7529719761,4723,156,30.05423562115386,890.3543787957085,127.87097722180339,,,,,,,,
znhoughton/opt-babylm-350m-20eps-seed964,random_noposemb,7,1024,300000,78,NOUN+VERB,10,0.996426525908222,0.0008806362448647646,0.002692837846913025,False,,,1,36,,1,0.0027059268350703583,0.8522678418775665,0.849000424810799,4019187.532602736,696686.2046350427,4723,156,30.05423562115386,857.7058682420745,152.54788803044508,,,,,,,,
znhoughton/opt-babylm-350m-20eps-seed964,random_noposemb,8,1024,300000,78,NOUN+VERB,10,0.9957869245938425,0.001018845639364136,0.0031942297667932793,False,,,1,36,,1,0.0032012043797071186,0.8253155569371907,0.8213848594110509,3892378.3637629817,823852.0902077346,4723,156,30.05423562115386,829.5578164187791,180.39239987031632,,,,,,,,
znhoughton/opt-babylm-350m-20eps-seed964,random_noposemb,9,1024,300000,78,NOUN+VERB,10,0.9950711153588003,0.00124824607341874,0.0036806385677808804,False,,,1,36,,1,0.0036866510812412585,0.7973293697934654,0.7926879498382816,3769845.103193549,958245.0011131107,4723,156,30.05423562115386,802.2750023780279,209.8193564950976,,,,,,,,
znhoughton/opt-babylm-350m-20eps-seed964,random_noposemb,10,1024,300000,78,NOUN+VERB,10,0.9942994278012822,0.001483295016596175,0.00421727718212169,False,,,1,35,,1,0.004223631073541704,0.7694977586956957,0.7641272892725242,3636199.186405105,1089219.627768557,4723,156,30.05423562115386,772.631586577798,238.49783835527853,,,,,,,,
znhoughton/opt-babylm-350m-20eps-seed964,random_noposemb,11,1024,300000,78,NOUN+VERB,10,0.9933550832836225,0.0017960118948611241,0.004848904821516313,False,,,1,34,,1,0.004880216941309262,0.741268472348337,0.7351358408935634,3500451.606403294,1221793.7567562507,4723,156,30.05423562115386,742.5253625364325,267.5265506363588,,,,,,,,
znhoughton/opt-babylm-350m-20eps-seed964,random_noposemb,12,1024,300000,78,NOUN+VERB,10,0.9923453179184698,0.0020467102800264324,0.005607971801503834,False,,,1,33,,1,0.00566696915824459,0.7124674246164358,0.7055336106630895,3350727.100187925,1352262.797198364,4723,156,30.05423562115386,709.4341088976452,296.0943282676514,,,,,,,,
znhoughton/opt-babylm-350m-20eps-seed964,random_noposemb,13,1024,300000,78,NOUN+VERB,10,0.9911051581201284,0.0024431503218893982,0.006451691557982088,False,,,1,32,,1,0.0065347338988455995,0.6830389540460297,0.6752618703568121,3218726.048945697,1493634.8345432244,4723,156,30.05423562115386,680.0680382545067,327.04944921025276,,,,,,,,
znhoughton/opt-babylm-350m-20eps-seed964,random_noposemb,14,1024,300000,78,NOUN+VERB,10,0.9898985590228968,0.0028190221391087354,0.007282418837994504,False,,,1,32,,1,0.007357973725207442,0.6539701246444537,0.6453356022878367,3079273.87232311,1629311.0557685671,4723,156,30.05423562115386,649.1439639653064,356.7574021827386,,,,,,,,
znhoughton/opt-babylm-350m-20eps-seed964,random_noposemb,15,1024,300000,78,NOUN+VERB,10,0.9886441043289512,0.003208088283975671,0.008147807387073023,False,,,1,29,,1,0.008253233021358252,0.6211988341851284,0.6115684565761649,2919540.4510261286,1780308.116551918,4723,156,30.05423562115386,613.7545815235574,389.82003865818217,,,,,,,,
znhoughton/opt-babylm-350m-20eps-seed964,random_noposemb,16,1024,300000,78,NOUN+VERB,10,0.9876200899299246,0.003627946312365868,0.00875196375770956,False,,,1,29,,1,0.008927503077716746,0.5914362214539262,0.5808745600730019,2792461.8083877047,1929030.9022261347,4723,156,30.05423562115386,585.3916287041022,422.3846950352824,,,,,,,,
znhoughton/opt-babylm-350m-20eps-seed964,random_noposemb,17,1024,300000,78,NOUN+VERB,10,0.9866486715409606,0.00397178725196346,0.009379541207075803,False,,,1,27,,1,0.009568511595810068,0.562201076010117,0.5506997148889496,2663026.992393925,2073760.4419047646,4723,156,30.05423562115386,556.551979388514,454.07498180529115,,,,,,,,
znhoughton/opt-babylm-350m-20eps-seed964,random_noposemb,18,1024,300000,78,NOUN+VERB,10,0.9853129895811492,0.004433594300738199,0.01025341611811264,False,,,1,27,,1,0.010485967555938851,0.5335058116765462,0.5210580566932752,2528319.374216197,2210746.853143039,4723,156,30.05423562115386,526.6368534845911,484.0698167600261,,,,,,,,
znhoughton/opt-babylm-350m-20eps-seed964,random_noposemb,19,1024,300000,78,NOUN+VERB,10,0.9836271448858458,0.004963182792096125,0.011409672322058143,False,,,1,26,,1,0.011659488942890097,0.5042945403841657,0.49085887354121926,2401102.256952289,2360206.9872904853,4723,156,30.05423562115386,498.2388029145764,516.795924521674,,,,,,,,
znhoughton/opt-babylm-350m-20eps-seed964,random_noposemb,20,1024,300000,78,NOUN+VERB,10,0.9822380061583101,0.005452004273623051,0.012309989568066823,False,,,1,26,,1,0.012574615859733379,0.47865137743928227,0.464328073173814,2287216.185873061,2491243.2392503903,4723,156,30.05423562115386,472.83669883968355,545.4878999891373,,,,,,,,
znhoughton/opt-babylm-350m-20eps-seed964,random_noposemb,21,1024,300000,78,NOUN+VERB,10,0.9812438054264857,0.005765179679865699,0.012991014893648747,False,,,1,26,,1,0.01328301557831996,0.45241561829335625,0.43716440471763324,2158289.441892754,2612300.596608683,4723,156,30.05423562115386,444.2785803964774,571.9948755438324,,,,,,,,
znhoughton/opt-babylm-350m-20eps-seed964,random_noposemb,22,1024,300000,78,NOUN+VERB,10,0.9799357525003763,0.005987182594965166,0.014077064904658461,False,,,1,26,,1,0.01444618700009086,0.4261080405968616,0.4099062885769281,2027221.4942404092,2730307.8201579363,4723,156,30.05423562115386,415.28304096406646,597.8339873347792,,,,,,,,
znhoughton/opt-babylm-350m-20eps-seed964,random_noposemb,23,1024,300000,78,NOUN+VERB,10,0.9777137272398376,0.006804316742996814,0.015481956017165585,False,,,1,24,,1,0.01587105343526485,0.4013761556421203,0.38426243251440245,1911566.2531663387,2850964.4211040875,4723,156,30.05423562115386,389.5767784438962,624.2532124160472,,,,,,,,
znhoughton/opt-babylm-350m-20eps-seed964,random_noposemb,24,1024,300000,78,NOUN+VERB,10,0.9759869144217538,0.0073787344119477915,0.01663435116629829,False,,,1,24,,1,0.017153747132841332,0.38123708889376456,0.3633675912050358,1819963.5217859168,2953872.956367098,4723,156,30.05423562115386,369.16306895949515,646.7862834173632,,,,,,,,
