r_class,r_item,d,int_frac,activation,seed,marg_frac,int_share,int_on_class,k_class
1,16,16,0.0,identity,0,0.0018679677925631,0.2912942798059829,0.0808136082886285,1
1,16,16,0.0,identity,2,0.0055645795393531,0.3648201347041441,0.1044004625606729,1
1,16,16,0.0,identity,4,0.0030036342812409,0.366489561967345,0.0726112730744329,1
1,16,16,0.0,relu,1,0.007530747016467,0.5482917941107759,0.0484497132614057,1
1,16,16,0.0,relu,3,0.1159048176890283,0.7065301507719771,0.3612765527310506,2
1,16,16,0.25,identity,0,0.0023839360435708,0.8320614632090982,0.0219121645157139,1
1,16,16,0.25,identity,2,0.004397962222096,0.8433384959270241,0.0248303466805534,1
1,16,16,0.25,identity,4,0.0057489976977583,0.8690517556717572,0.0211170783584316,1
1,16,16,0.25,relu,1,0.0181749284809214,0.8473486650959786,0.0241023541993574,1
1,16,16,0.25,relu,3,0.1243261956478141,0.904040035152298,0.2766916364509663,2
1,16,16,0.5,identity,0,0.0050420409325742,0.9113093799539672,0.0142185304337122,1
1,16,16,0.5,identity,2,0.0025235196887469,0.9208123995940724,0.0190759134070156,1
1,16,16,0.5,identity,4,0.0022387901809074,0.9312023278027932,0.0374222664470449,1
1,16,16,0.5,relu,1,0.2949745007332354,0.9086337615809724,0.2337206556103322,2
1,16,16,0.5,relu,3,0.1215418954519086,0.9393206178674536,0.3163417320917997,2
1,16,16,0.75,identity,0,0.0076095966273078,0.9555712090330452,0.0273027473263851,1
1,16,16,0.75,identity,2,0.0051204163912385,0.9628997332419944,0.0197059877777917,1
1,16,16,0.75,identity,4,0.0028771046881776,0.9614841907768048,0.0238447115973027,1
1,16,16,0.75,relu,1,0.2891074077674648,0.9452013174432228,0.1553869107140224,2
1,16,16,0.75,relu,3,0.2074164635310622,0.9526867724892126,0.2674207393987786,2
1,16,16,1.0,identity,0,0.5760490329347151,0.9894036266026331,0.1791342069055677,1
1,16,16,1.0,identity,2,0.9523295541528054,0.9985071938419652,0.4776377594061404,1
1,16,16,1.0,identity,4,0.9124556853235676,0.994346437311324,0.0888668345096793,1
1,16,16,1.0,relu,1,0.8918480612915447,0.9782332589216574,0.2107370076236253,1
1,16,16,1.0,relu,3,0.7266083304563157,0.9804600070197208,0.4320530388799125,1
1,16,32,0.0,identity,0,0.0014628509926349,0.4552861152479118,0.0399629443572715,1
1,16,32,0.0,identity,2,0.001861104485698,0.4934037488604075,0.0392556216476568,1
1,16,32,0.0,identity,4,0.0073494147163163,0.4784907116473326,0.094774494240413,1
1,16,32,0.0,relu,1,0.0029917071264944,0.664411926560621,0.02881113082125,1
1,16,32,0.0,relu,3,0.0090168402137233,0.7558750975258508,0.0493743926738098,2
1,16,32,0.25,identity,0,0.0026449109786082,0.8101105501274866,0.0390452951430256,1
1,16,32,0.25,identity,2,0.0032562876138052,0.8130614833460972,0.0470241127139505,1
1,16,32,0.25,identity,4,0.0014857183229123,0.8565361129574333,0.034580129986493,1
1,16,32,0.25,relu,1,0.0034311528974928,0.8336072127856957,0.0140912248139268,1
1,16,32,0.25,relu,3,0.0138853935078558,0.8769724152827454,0.079070437378895,2
1,16,32,0.5,identity,0,0.0050557987190672,0.8795321021121881,0.0628712479568667,1
1,16,32,0.5,identity,2,0.0021601979381674,0.8708202074655154,0.0432230288251134,1
1,16,32,0.5,identity,4,0.006197452892048,0.9044763986111778,0.0392358047804116,1
1,16,32,0.5,relu,1,0.0995884322193599,0.9012727906184166,0.0610617800459382,2
1,16,32,0.5,relu,3,0.0275849338748181,0.9095061716629856,0.1192798730339831,2
1,16,32,0.75,identity,0,0.0048889337965522,0.9416343710703444,0.0325772104052567,1
1,16,32,0.75,identity,2,0.0104382413943002,0.9670449667363782,0.2689178969067483,1
1,16,32,0.75,identity,4,0.0063745311601476,0.9412267585864336,0.0612182820168255,1
1,16,32,0.75,relu,1,0.2585630066679996,0.9375150668828606,0.1146115907531104,2
1,16,32,0.75,relu,3,0.0901345836889804,0.9366783725584672,0.1409653819742532,2
1,16,32,1.0,identity,0,0.1641210728662113,0.9937855538855656,0.0361677592530837,1
1,16,32,1.0,identity,2,0.962707191127628,0.9953505603450252,0.0833413822667826,1
1,16,32,1.0,identity,4,0.8080747662142119,0.9973838537650912,0.1482882801759058,1
1,16,32,1.0,relu,1,0.900815955080808,0.9701869482510522,0.2304563682596954,1
1,16,32,1.0,relu,3,0.6986443581610879,0.9826922152236932,0.4391299606647658,1
1,16,64,0.0,identity,0,0.0026726782951697,0.4963028045683492,0.0366113739108736,1
1,16,64,0.0,identity,2,0.0121424181202826,0.5681796485554163,0.0696434750054671,2
1,16,64,0.0,identity,4,0.0041650111818898,0.6326184960996021,0.037857174882806,1
1,16,64,0.0,relu,1,0.002180873817968,0.756495588183342,0.0121297204787511,1
1,16,64,0.0,relu,3,0.0063942275904448,0.8191747347413911,0.0357702465336561,2
1,16,64,0.25,identity,0,0.0039492867054289,0.8053993056373747,0.0376788168039471,1
1,16,64,0.25,identity,2,0.0026456216522943,0.8180025049086525,0.0389413436150013,1
1,16,64,0.25,identity,4,0.0080702737659445,0.869181082759489,0.0569906463382171,1
1,16,64,0.25,relu,1,0.0027176947479744,0.8616561398218057,0.0185714709739576,1
1,16,64,0.25,relu,3,0.0111930045803026,0.8948486516918803,0.0611264510664542,2
1,16,64,0.5,identity,0,0.0028597226658999,0.8696067746985668,0.0339210750261855,1
1,16,64,0.5,identity,2,0.0029907014143569,0.8822715325033436,0.0430002427597475,1
1,16,64,0.5,identity,4,0.0033215667838954,0.9067929165438536,0.0416411287108635,1
1,16,64,0.5,relu,1,0.0819022701066967,0.9080075554943654,0.0722231798295707,2
1,16,64,0.5,relu,3,0.0233122596285805,0.9154022598020668,0.0564489220886533,2
1,16,64,0.75,identity,0,0.0077549921864313,0.9303556448041674,0.0376307335079078,1
1,16,64,0.75,identity,2,0.0681093653440943,0.9376980718288564,0.0871358909664005,2
1,16,64,0.75,identity,4,0.0160380118045491,0.9413678524828936,0.0966605233449142,1
1,16,64,0.75,relu,1,0.2688018379434064,0.9422834414784576,0.1244886482850317,2
1,16,64,0.75,relu,3,0.086405262675772,0.9427105689386172,0.1227141756476039,2
1,16,64,1.0,identity,0,0.5033264093486206,0.9900197760676082,0.0976063225110552,1
1,16,64,1.0,identity,2,0.95257174833123,0.9929877259127164,0.1493103465842891,1
1,16,64,1.0,identity,4,0.7829178354119394,0.9971476721065784,0.0414040866770233,1
1,16,64,1.0,relu,1,0.9290421615348364,0.9721175222868016,0.3562301626848376,1
1,16,64,1.0,relu,3,0.7416397665983403,0.9864763251266718,0.4496875520386689,1
1,16,96,0.0,identity,0,0.0035099744969137,0.5639143804235277,0.0304487178586269,1
1,16,96,0.0,identity,2,0.0024184304901584,0.5907823244034626,0.0334672008894209,1
1,16,96,0.0,identity,4,0.0016691760664518,0.6287511659228378,0.0314947947208084,1
1,16,96,0.0,relu,1,0.002189245536701,0.7858797401994361,0.0194131728951183,1
1,16,96,0.0,relu,3,0.0074475940273288,0.8234250458439414,0.0579455706580247,2
1,16,96,0.25,identity,0,0.0021456709201366,0.8206938873114136,0.0311146401554682,1
1,16,96,0.25,identity,2,0.0023399069738565,0.8354959628770667,0.0286632836940584,1
1,16,96,0.25,identity,4,0.0047667571491062,0.8617639674664581,0.0419073615505869,1
1,16,96,0.25,relu,1,0.0266142381258628,0.8799362082811211,0.0299557048882023,2
1,16,96,0.25,relu,3,0.0071824983534467,0.9088506413217308,0.0463716418205947,2
1,16,96,0.5,identity,0,0.0060440269849301,0.9038158142961844,0.0444413376503248,1
1,16,96,0.5,identity,2,0.0016457574910266,0.8965790008940253,0.0391428680657827,1
1,16,96,0.5,identity,4,0.0034278874267437,0.902139401386872,0.0328468310065625,1
1,16,96,0.5,relu,1,0.1033966837464149,0.913191242344139,0.079396818300693,2
1,16,96,0.5,relu,3,0.0143466170042061,0.9238613725126906,0.062874959198021,2
1,16,96,0.75,identity,0,0.1010160909699772,0.9431745956367722,0.129193682737,2
1,16,96,0.75,identity,2,0.0681594931198834,0.936863232421352,0.1044758024817176,2
1,16,96,0.75,identity,4,0.0663612187530926,0.9520056305780196,0.0936806683153392,2
1,16,96,0.75,relu,1,0.2784735485543419,0.9421887134198094,0.1102449048523633,2
1,16,96,0.75,relu,3,0.1079765059619335,0.9512662752052616,0.1425801578946973,2
1,16,96,1.0,identity,0,0.7015991903731945,0.985981419947202,0.1724093704817311,1
1,16,96,1.0,identity,2,0.8713755709440216,0.9968580937649388,0.1179781551172697,1
1,16,96,1.0,identity,4,0.9161616885128686,0.9912268885215836,0.1328108518322184,1
1,16,96,1.0,relu,1,0.9216688735059888,0.9702152917066136,0.2107855217420565,1
1,16,96,1.0,relu,3,0.7329434501276583,0.9857092147837492,0.428758862267956,1
1,1,16,0.0,identity,0,0.000845375677847,0.5247685968386674,0.1227672360753613,1
1,1,16,0.0,identity,2,0.0312379141637916,0.5124419498973322,0.1464553746972314,1
1,1,16,0.0,identity,4,0.0448690699968264,0.7872857769415225,0.1017304068250823,1
1,1,16,0.0,relu,1,0.0010029485058921,0.57096787666397,0.046353583370504,1
1,1,16,0.0,relu,3,0.0445784080185916,0.792855417445501,0.2932872515486641,2
1,1,16,0.25,identity,0,0.006227945857696,0.9384526264344903,0.0446016692153917,1
1,1,16,0.25,identity,2,0.0200698283348932,0.954333321701056,0.023889852624607,1
1,1,16,0.25,identity,4,0.0140921469141353,0.9656854470010192,0.0706616657954397,1
1,1,16,0.25,relu,1,0.0256765650331103,0.913932482542556,0.0484484242618472,2
1,1,16,0.25,relu,3,0.0898646550440055,0.9232815573159612,0.1085005409686897,2
1,1,16,0.5,identity,0,0.0164374003888172,0.9691125250801312,0.0370649419029011,1
1,1,16,0.5,identity,2,0.0851356170636352,0.9729808034155014,0.0546033253209607,1
1,1,16,0.5,identity,4,0.0108976346969718,0.9650878906627268,0.0395235754823262,1
1,1,16,0.5,relu,1,0.2610757411698957,0.9338557080924342,0.0631549376486418,2
1,1,16,0.5,relu,3,0.0739184014157331,0.9487698846874648,0.1801992688611951,2
1,1,16,0.75,identity,0,0.0052931795475634,0.986239613410006,0.0101742379299392,1
1,1,16,0.75,identity,2,0.0412575415468609,0.9852617241060349,0.153006430578698,1
1,1,16,0.75,identity,4,0.0067784849729657,0.9864506899488816,0.0223830722071981,1
1,1,16,0.75,relu,1,0.3986104339146138,0.9556758384213891,0.2349536825182839,2
1,1,16,0.75,relu,3,0.3732722554971815,0.9615830904511712,0.2601017773587421,2
1,1,16,1.0,identity,0,0.6776935899037905,0.989397981983068,0.2981310862695551,1
1,1,16,1.0,identity,2,0.8415134427331943,0.9984530523903852,0.06759631587881,1
1,1,16,1.0,identity,4,0.6851163961322181,0.9982703037926494,0.0379813520054626,1
1,1,16,1.0,relu,1,0.8838390805763336,0.972957500380314,0.5072175721915176,1
1,1,16,1.0,relu,3,0.7083190318321763,0.976254631054404,0.4047978022335071,1
1,1,32,0.0,identity,0,0.0718527555016697,0.6415159947083124,0.1274149621898643,1
1,1,32,0.0,identity,2,0.0304949043338129,0.6536472275887297,0.1353391875629115,1
1,1,32,0.0,identity,4,0.0231618625107278,0.8583265994171736,0.1202266591024595,1
1,1,32,0.0,relu,1,0.052076575611205,0.8732199769118976,0.1914302377693497,2
1,1,32,0.0,relu,3,0.0800515357103853,0.8368879659763728,0.1213124791803928,2
1,1,32,0.25,identity,0,0.0140702270869172,0.9348035081486572,0.0646090399702308,1
1,1,32,0.25,identity,2,0.0074936889192091,0.9545635457599057,0.0341848181417723,1
1,1,32,0.25,identity,4,0.0344735700202356,0.9441070376600316,0.0853733615573569,1
1,1,32,0.25,relu,1,0.0267434899005739,0.9220520333668468,0.0395643057254327,2
1,1,32,0.25,relu,3,0.0082001752418081,0.9476903582459322,0.0620709070387197,2
1,1,32,0.5,identity,0,0.0113334291767558,0.9401979592109324,0.0855891521431209,1
1,1,32,0.5,identity,2,0.0464538110075011,0.9646140196203932,0.237752717721203,1
1,1,32,0.5,identity,4,0.0090101628718271,0.9703554927439432,0.0503463428637455,1
1,1,32,0.5,relu,1,0.1673308234315637,0.951914031265134,0.0822154231476184,2
1,1,32,0.5,relu,3,0.0723961642538379,0.9597901355810308,0.1307059082314244,2
1,1,32,0.75,identity,0,0.1100158855091098,0.9722422650000624,0.0948659410711925,2
1,1,32,0.75,identity,2,0.2607748254483182,0.9826139623044302,0.30572882365758,2
1,1,32,0.75,identity,4,0.3369432060354684,0.9758168408940946,0.1388425141685699,2
1,1,32,0.75,relu,1,0.3102307809638742,0.955416150312067,0.1519811275375946,2
1,1,32,0.75,relu,3,0.2830897282239479,0.9681079107326654,0.2166497953937899,2
1,1,32,1.0,identity,0,0.3064365042461664,0.9937582677152832,0.1524679188419881,1
1,1,32,1.0,identity,2,0.9276735666256573,0.9974395287757164,0.0406649334112612,1
1,1,32,1.0,identity,4,0.5595869187387824,0.9989022687592094,0.1183078936379406,1
1,1,32,1.0,relu,1,0.8003240258888141,0.9732051726313382,0.2192321792191853,1
1,1,32,1.0,relu,3,0.7441420240805355,0.9810907836382776,0.506304495096174,1
1,1,64,0.0,identity,0,0.0020008072602229,0.7928257892440342,0.0615669398350897,1
1,1,64,0.0,identity,2,0.0120664627614073,0.734836936816886,0.1632502474913754,1
1,1,64,0.0,identity,4,0.0430186353210824,0.7951201327529721,0.0967604670141733,2
1,1,64,0.0,relu,1,0.0479345922193076,0.7696820587152671,0.1304641094040129,2
1,1,64,0.0,relu,3,0.0275721659253342,0.8423291512506639,0.1182384718520782,2
1,1,64,0.25,identity,0,0.0200981631914535,0.934828031356061,0.0405902633299805,1
1,1,64,0.25,identity,2,0.0021855084859018,0.9427707854466292,0.0344793395116944,1
1,1,64,0.25,identity,4,0.0128704507294949,0.9444049179895896,0.113027249124318,1
1,1,64,0.25,relu,1,0.0275172730800848,0.9324536316710116,0.0606840856173485,2
1,1,64,0.25,relu,3,0.0233117315749521,0.9332377908139036,0.1154963412246152,2
1,1,64,0.5,identity,0,0.0161348075676446,0.9578005889337036,0.0452153999366235,1
1,1,64,0.5,identity,2,0.1575829491845541,0.9555274563739478,0.2058755536365206,2
1,1,64,0.5,identity,4,0.0017359919309954,0.9683452020736986,0.075249052237663,1
1,1,64,0.5,relu,1,0.1581993474088415,0.949742207580504,0.0806578706319237,2
1,1,64,0.5,relu,3,0.080720704212649,0.9621984616897276,0.102533571502319,2
1,1,64,0.75,identity,0,0.0128151333514702,0.9691413780529624,0.0321838243065523,1
1,1,64,0.75,identity,2,0.2323426753780164,0.9792010332158914,0.2094081495517498,2
1,1,64,0.75,identity,4,0.0270456609025686,0.9829029208763852,0.0225159035042137,1
1,1,64,0.75,relu,1,0.4885170719712886,0.9565090156904242,0.1534730419144871,2
1,1,64,0.75,relu,3,0.3018895971767376,0.9689120733315568,0.2096653945473065,2
1,1,64,1.0,identity,0,0.3511804862254751,0.9923425332014632,0.0428182036138225,1
1,1,64,1.0,identity,2,0.9596801149636732,0.993109129843166,0.2142064187258094,1
1,1,64,1.0,identity,4,0.8427631256939999,0.9960856853418348,0.1768603027594177,1
1,1,64,1.0,relu,1,0.838914473945948,0.9731153268924756,0.3120219346194337,1
1,1,64,1.0,relu,3,0.6654555207832212,0.9814959715364528,0.3020682857416332,1
1,1,96,0.0,identity,0,0.0536235772574869,0.8483070641217254,0.0525806317124362,1
1,1,96,0.0,identity,2,0.0042455137944279,0.7960318044999191,0.0525831282442037,1
1,1,96,0.0,identity,4,0.0869714734742771,0.8876779468064586,0.0961473426857997,2
1,1,96,0.0,relu,1,0.0020648135939006,0.8316264656087728,0.0222032638628165,1
1,1,96,0.0,relu,3,0.0190207843426538,0.8713516446369246,0.2520917447764407,2
1,1,96,0.25,identity,0,0.0059414555757851,0.9602744042263032,0.0316288298875202,1
1,1,96,0.25,identity,2,0.0076085441487426,0.9498562671158554,0.0548328396197026,1
1,1,96,0.25,identity,4,0.0304117278438455,0.966221742896688,0.0580851614809058,2
1,1,96,0.25,relu,1,0.085230149687905,0.9378511064788256,0.0839489838877268,2
1,1,96,0.25,relu,3,0.07214758705759,0.9542754654567858,0.1086497685614083,2
1,1,96,0.5,identity,0,0.0326330405926441,0.9584329258692024,0.0267754865756692,1
1,1,96,0.5,identity,2,0.0061477119987151,0.9734295989636922,0.057157763034841,1
1,1,96,0.5,identity,4,0.1528254826464636,0.9651687058634084,0.1516970226404107,2
1,1,96,0.5,relu,1,0.1543653875851671,0.951941115943323,0.0619440419143077,2
1,1,96,0.5,relu,3,0.1617493314506789,0.968566369820269,0.1324446900624748,2
1,1,96,0.75,identity,0,0.0573530004040152,0.9808861806516148,0.0329922220969891,1
1,1,96,0.75,identity,2,0.2696056662385514,0.9799305899200744,0.2636871087882538,2
1,1,96,0.75,identity,4,0.3252005956227863,0.9824052096063772,0.1489341865533737,2
1,1,96,0.75,relu,1,0.4926663990898242,0.9655457987456276,0.1741169684331591,2
1,1,96,0.75,relu,3,0.3712743274901222,0.9710936349932986,0.2625597081243662,2
1,1,96,1.0,identity,0,0.3457293798574238,0.992375835441166,0.0544261965417557,1
1,1,96,1.0,identity,2,0.9421473802373312,0.994851736470829,0.097120424668334,1
1,1,96,1.0,identity,4,0.8260413180186746,0.9961093621740408,0.1086160042521771,1
1,1,96,1.0,relu,1,0.8088777538961647,0.9710890564644344,0.2895649666166826,1
1,1,96,1.0,relu,3,0.6551603798124294,0.9843339185426286,0.3042940981988251,1
1,2,16,0.0,identity,0,0.0063679579674533,0.4299102749712309,0.0986391503691143,1
1,2,16,0.0,identity,2,0.0506894422024468,0.5654997679112818,0.1055681847263717,1
1,2,16,0.0,identity,4,0.0828617018022354,0.5636117347014854,0.240502018325548,1
1,2,16,0.0,relu,1,0.0191990214431244,0.704675465672265,0.029326301361544,1
1,2,16,0.0,relu,3,0.0421835230046929,0.7790549230099589,0.1169937011247238,2
1,2,16,0.25,identity,0,0.0029998314112393,0.9184542454452695,0.0341316417400801,1
1,2,16,0.25,identity,2,0.0175730604256276,0.9213361185861364,0.0723756923719985,1
1,2,16,0.25,identity,4,0.0166725449261654,0.9319345956582072,0.0650274995436789,1
1,2,16,0.25,relu,1,0.0116819570346222,0.902013261942225,0.0152163584650287,1
1,2,16,0.25,relu,3,0.0524845192721299,0.922874828474636,0.0747899740269047,2
1,2,16,0.5,identity,0,0.0064095356502903,0.945702541576216,0.0206072672824333,1
1,2,16,0.5,identity,2,0.0506940567312734,0.9430937690634298,0.1211056832767928,2
1,2,16,0.5,identity,4,0.0036021812622568,0.9551505115749672,0.0309053643612051,1
1,2,16,0.5,relu,1,0.262969477674615,0.9209587802276896,0.0754786999359035,2
1,2,16,0.5,relu,3,0.0718744955005684,0.928875416559962,0.0985549951026151,2
1,2,16,0.75,identity,0,0.016140325387711,0.9452272708473466,0.0349827804677568,1
1,2,16,0.75,identity,2,0.146466931680064,0.9758055494306512,0.080643361752014,2
1,2,16,0.75,identity,4,0.2179447380925451,0.9766746642589424,0.1563333980611744,2
1,2,16,0.75,relu,1,0.3018796828816219,0.9330590246624542,0.0983752797069645,2
1,2,16,0.75,relu,3,0.1523653476813366,0.9510667294538508,0.123498867092665,2
1,2,16,1.0,identity,0,0.5559649407967968,0.9896124603814266,0.0961140155771267,1
1,2,16,1.0,identity,2,0.9679278193201242,0.996183895884879,0.1537039850189144,1
1,2,16,1.0,identity,4,0.8960872587530437,0.9956109344322708,0.0568213406618675,1
1,2,16,1.0,relu,1,0.6832217009010636,0.9764879701313834,0.0704708218808218,1
1,2,16,1.0,relu,3,0.5881473934568963,0.9783125133764012,0.2748144669198707,1
1,2,32,0.0,identity,0,0.0082290034239849,0.5329328001105604,0.0694031863505414,1
1,2,32,0.0,identity,2,0.0289574741534616,0.7190179307474267,0.0867609508529276,1
1,2,32,0.0,identity,4,0.0507592627761852,0.5877954729775151,0.1611229663178523,1
1,2,32,0.0,relu,1,0.004448476253539,0.7286621025331086,0.0494098648643082,1
1,2,32,0.0,relu,3,0.0131016668551631,0.7969384204818245,0.1640989284677193,2
1,2,32,0.25,identity,0,0.0039452922401523,0.9168202629707236,0.0483797874358802,1
1,2,32,0.25,identity,2,0.016197284659856,0.9259001839457116,0.1039882214516532,1
1,2,32,0.25,identity,4,0.0129814572034322,0.9429548196773142,0.0524891806430246,1
1,2,32,0.25,relu,1,0.0129271703239203,0.9086994104995187,0.0145556640861267,1
1,2,32,0.25,relu,3,0.0232945571202435,0.9138758364742126,0.0559529966669839,2
1,2,32,0.5,identity,0,0.0011645773720843,0.9264654667643905,0.0408105991768662,1
1,2,32,0.5,identity,2,0.0147041792068908,0.9519352770873744,0.0482464212361971,1
1,2,32,0.5,identity,4,0.0060711071780025,0.95260400028584,0.1128732988737483,1
1,2,32,0.5,relu,1,0.1729985059033285,0.9256743201670692,0.0792019042661607,2
1,2,32,0.5,relu,3,0.0363651465754305,0.934414499504976,0.0565272466055082,2
1,2,32,0.75,identity,0,0.0029747698907615,0.9755942156852776,0.0432324089035155,1
1,2,32,0.75,identity,2,0.1240008747063728,0.9691297535242378,0.1674200839807456,2
1,2,32,0.75,identity,4,0.2026207576676451,0.972482797799064,0.1158847435978451,2
1,2,32,0.75,relu,1,0.2408696859715411,0.932893211289922,0.064425157935594,2
1,2,32,0.75,relu,3,0.1371052680467026,0.950365587442747,0.1168308558038761,2
1,2,32,1.0,identity,0,0.4105291250436569,0.9939365362302116,0.2205272490377196,1
1,2,32,1.0,identity,2,0.949963986107028,0.9975886117308072,0.3912339508600908,1
1,2,32,1.0,identity,4,0.921159247763947,0.9949273132555468,0.1237930150009229,1
1,2,32,1.0,relu,1,0.6911162611793673,0.9787657379840848,0.0556767133607505,1
1,2,32,1.0,relu,3,0.5858621074929803,0.9796848471848072,0.113290228568628,1
1,2,64,0.0,identity,0,0.008896907172057,0.6874831405290104,0.0894850840966574,1
1,2,64,0.0,identity,2,0.0243974323341894,0.7827476326439965,0.1145105362512975,1
1,2,64,0.0,identity,4,0.0106427183513156,0.6934825331105099,0.0619007842950174,1
1,2,64,0.0,relu,1,0.0075373741724264,0.8329048407186598,0.0140529740915062,1
1,2,64,0.0,relu,3,0.0150883483415105,0.8524924657142059,0.1258266356731196,2
1,2,64,0.25,identity,0,0.0043068386875648,0.9143635497858892,0.0399814083640256,1
1,2,64,0.25,identity,2,0.0236723872361687,0.9242851355071487,0.0921647793180085,1
1,2,64,0.25,identity,4,0.0090193757530777,0.9241012488586028,0.0426327279191106,1
1,2,64,0.25,relu,1,0.0953947634595674,0.907683776912239,0.0581129017459713,2
1,2,64,0.25,relu,3,0.0312778710327755,0.94622238228167,0.0712228041121576,2
1,2,64,0.5,identity,0,0.0064177802744231,0.9477623090654332,0.0307940853248499,1
1,2,64,0.5,identity,2,0.0034996728526188,0.9494212208320056,0.0930836842340669,1
1,2,64,0.5,identity,4,0.0089513552635302,0.9575041342794872,0.0485699897032852,1
1,2,64,0.5,relu,1,0.1212356507153582,0.9170345480152876,0.0489423493746308,2
1,2,64,0.5,relu,3,0.0376739765803628,0.9399389355562208,0.1006720364434017,2
1,2,64,0.75,identity,0,0.0113684200338248,0.9657812206154872,0.027234566308857,1
1,2,64,0.75,identity,2,0.1399415254966968,0.9710357850370348,0.1074096537024833,2
1,2,64,0.75,identity,4,0.1899844346184133,0.9804122580834004,0.1495621154114935,2
1,2,64,0.75,relu,1,0.2537306205745975,0.9355246115124992,0.097257233644443,2
1,2,64,0.75,relu,3,0.1336008204388186,0.9531739092668716,0.1229429467917045,2
1,2,64,1.0,identity,0,0.3476244958060163,0.9925316070079876,0.0451358607685431,1
1,2,64,1.0,identity,2,0.95688700586647,0.9936631407919602,0.1997588049832733,1
1,2,64,1.0,identity,4,0.9138761303892924,0.9930191841572956,0.099542601431084,1
1,2,64,1.0,relu,1,0.7683340202574543,0.9744990769121998,0.1599609933939318,1
1,2,64,1.0,relu,3,0.5736783894917868,0.9832076366179904,0.1765523955303916,1
1,2,96,0.0,identity,0,0.0068731739018439,0.7859548245336376,0.062339265637601,1
1,2,96,0.0,identity,2,0.0041944423939941,0.7478548830010084,0.0373792432707136,1
1,2,96,0.0,identity,4,0.0239351097264643,0.7986721914337445,0.050683634306748,1
1,2,96,0.0,relu,1,0.0104769664818493,0.8396983274568087,0.0141602883538519,1
1,2,96,0.0,relu,3,0.0182562529522756,0.838586316628166,0.1407162357600923,2
1,2,96,0.25,identity,0,0.0075514592220002,0.9346646265305978,0.0525429971248602,1
1,2,96,0.25,identity,2,0.0076448162488429,0.9218724318721596,0.0873211011026428,1
1,2,96,0.25,identity,4,0.018207454454318,0.9385346972198028,0.0998667163060009,1
1,2,96,0.25,relu,1,0.0928910936958588,0.9222437087532516,0.0915676447205351,2
1,2,96,0.25,relu,3,0.0139956310546758,0.9434158149636876,0.0788173008011283,2
1,2,96,0.5,identity,0,0.0087515448154839,0.941371337368482,0.0333983500255585,1
1,2,96,0.5,identity,2,0.0031068378586898,0.9513570007457092,0.0653969155525338,1
1,2,96,0.5,identity,4,0.0013589305873522,0.96020733270356,0.0468567798413159,1
1,2,96,0.5,relu,1,0.1807199827201123,0.930146197623224,0.0962744095679449,2
1,2,96,0.5,relu,3,0.0242569491312212,0.9466024624734166,0.0823669933825819,2
1,2,96,0.75,identity,0,0.1356616701213495,0.9655491330427376,0.1164910053058389,2
1,2,96,0.75,identity,2,0.1306675468931085,0.9722571910733718,0.0866674779913291,2
1,2,96,0.75,identity,4,0.2134216005788769,0.9741336613899771,0.145605558948454,2
1,2,96,0.75,relu,1,0.2537329623188961,0.9487148848734478,0.0685356871460068,2
1,2,96,0.75,relu,3,0.150537061776684,0.9533404972063532,0.1005087717578142,2
1,2,96,1.0,identity,0,0.2614478502680343,0.9936715266501182,0.0314170640664722,1
1,2,96,1.0,identity,2,0.9559101562870028,0.990702576312304,0.1942708454087993,1
1,2,96,1.0,identity,4,0.8227499404208563,0.9959978716385052,0.0534062901909813,1
1,2,96,1.0,relu,1,0.7311278425153703,0.9758781873598094,0.0791019637872513,1
1,2,96,1.0,relu,3,0.5388227661399039,0.980235861580806,0.1067004217554963,1
1,32,16,0.0,identity,0,0.0028903025776269,0.6159891031762199,0.0590268861509773,1
1,32,16,0.0,identity,2,0.0045473127636762,0.6182453376752962,0.0660715444044303,1
1,32,16,0.0,identity,4,0.0042513895931679,0.6643867059406809,0.0686393915011051,1
1,32,16,0.0,relu,1,0.0064012726148228,0.6745400919693851,0.0298204518961684,1
1,32,16,0.0,relu,3,0.2426389258947193,0.8503176066834925,0.4333635499499758,2
1,32,16,0.25,identity,0,0.00376130866822,0.8899805711839047,0.0279362542770663,1
1,32,16,0.25,identity,2,0.0035270330924409,0.8978615076682828,0.0316200251557799,1
1,32,16,0.25,identity,4,0.0059465154165492,0.921928719218819,0.018166986393135,1
1,32,16,0.25,relu,1,0.278498190519422,0.8772578618914181,0.2853587576918343,2
1,32,16,0.25,relu,3,0.1821240546156863,0.922850349685946,0.3278026518465242,2
1,32,16,0.5,identity,0,0.0069709029270507,0.9384058196197964,0.0277096746591722,1
1,32,16,0.5,identity,2,0.0066046316449511,0.9438704921169236,0.016486819537793,1
1,32,16,0.5,identity,4,0.0052181761044585,0.9605270026532464,0.0308382012368161,1
1,32,16,0.5,relu,1,0.3280213515667898,0.922046436806363,0.2227530762100795,2
1,32,16,0.5,relu,3,0.21673564486392,0.9458972584706258,0.1749548412164172,2
1,32,16,0.75,identity,0,0.0110722746341671,0.9678788439438576,0.0083537909084833,1
1,32,16,0.75,identity,2,0.005100580723701,0.973377510728608,0.0084738284197732,1
1,32,16,0.75,identity,4,0.0114329650502598,0.9816746594172828,0.0550913881648745,1
1,32,16,0.75,relu,1,0.5044719705341446,0.9441634158356424,0.1808903607842774,2
1,32,16,0.75,relu,3,0.2168775565208888,0.9485845647709168,0.2092981151609668,2
1,32,16,1.0,identity,0,0.5084880241288713,0.9932635152309072,0.3874855125659248,1
1,32,16,1.0,identity,2,0.9616037432679432,0.9971746704565804,0.1052429846262131,1
1,32,16,1.0,identity,4,0.9019831606521655,0.9968140265443164,0.3698684963929686,1
1,32,16,1.0,relu,1,0.7032610694751705,0.9741442443249994,0.0850408523867509,1
1,32,16,1.0,relu,3,0.6156987992021473,0.9768795357638328,0.158621689180916,1
1,32,32,0.0,identity,0,0.0022014848711965,0.4036316208359619,0.032416208881064,1
1,32,32,0.0,identity,2,0.0014357300596347,0.4508561706914516,0.0345593136438441,1
1,32,32,0.0,identity,4,0.0018336295508649,0.4888976347848503,0.0313257500765708,1
1,32,32,0.0,relu,1,0.0058288707434629,0.4694148561965177,0.0466889012742502,1
1,32,32,0.0,relu,3,0.0116892434298884,0.7726358163224938,0.0936606898975874,2
1,32,32,0.25,identity,0,0.0020999895725764,0.8074846380649863,0.0232832230727763,1
1,32,32,0.25,identity,2,0.0010435955115025,0.8150623920093716,0.0244640881784914,1
1,32,32,0.25,identity,4,0.0010107617411898,0.8454047850223985,0.0148824247608492,1
1,32,32,0.25,relu,1,0.00605751784895,0.7836418495859341,0.0186620161069888,1
1,32,32,0.25,relu,3,0.0339173287916532,0.8683089214076992,0.183930069727149,2
1,32,32,0.5,identity,0,0.0021485582960783,0.8906948360183591,0.0203256114495043,1
1,32,32,0.5,identity,2,0.0026089377544916,0.9009087053081652,0.0164228179066276,1
1,32,32,0.5,identity,4,0.0025741773397457,0.9198464388804236,0.0189118687320251,1
1,32,32,0.5,relu,1,0.0919841923474831,0.8749719825177811,0.077297934481013,2
1,32,32,0.5,relu,3,0.037240777167471,0.9084966777045946,0.1049961993023333,2
1,32,32,0.75,identity,0,0.0038332793901894,0.9427631864755864,0.013371230693659,1
1,32,32,0.75,identity,2,0.0062924421685092,0.944220401128864,0.0193344402108028,1
1,32,32,0.75,identity,4,0.0105534202720024,0.9560277829581508,0.0457461396046168,1
1,32,32,0.75,relu,1,0.1528158693397021,0.904507991042476,0.0657301533316904,2
1,32,32,0.75,relu,3,0.054752504211018,0.9240981075223882,0.0957205956210943,2
1,32,32,1.0,identity,0,0.6083008095790268,0.9932954408332014,0.5490056292163974,1
1,32,32,1.0,identity,2,0.9565308592179744,0.996125759363125,0.140071956908224,1
1,32,32,1.0,identity,4,0.931127672033936,0.9936631549982324,0.0974985359142899,1
1,32,32,1.0,relu,1,0.7010068256284703,0.9721602601204452,0.093484362297137,1
1,32,32,1.0,relu,3,0.6133870752151461,0.9802513059586913,0.1478910732488406,1
1,32,64,0.0,identity,0,0.0022680091411688,0.5893756351275082,0.0194249319115753,1
1,32,64,0.0,identity,2,0.0025284228141945,0.5870986160022482,0.0274501395558281,1
1,32,64,0.0,identity,4,0.0031687316897471,0.62321527527709,0.0295587755349331,1
1,32,64,0.0,relu,1,0.0024565299418127,0.7335626520748176,0.0168488023750451,1
1,32,64,0.0,relu,3,0.0071279779636664,0.8521971028224022,0.0440084231843026,2
1,32,64,0.25,identity,0,0.0022975930985256,0.822037992389219,0.02284718094888,1
1,32,64,0.25,identity,2,0.0016896982284708,0.813424911290606,0.0326261596158877,1
1,32,64,0.25,identity,4,0.0021957761403137,0.8485829603185173,0.0254793605230815,1
1,32,64,0.25,relu,1,0.0019010252552266,0.8431886890765464,0.0100101542299695,1
1,32,64,0.25,relu,3,0.0062479608261291,0.8930542432274269,0.0432874665211752,2
1,32,64,0.5,identity,0,0.0037543403798803,0.8794426599740592,0.0217650231146396,1
1,32,64,0.5,identity,2,0.0023330390890512,0.8649753326523676,0.0303406877743757,1
1,32,64,0.5,identity,4,0.0043328146687897,0.9034356038082076,0.0421244527960394,1
1,32,64,0.5,relu,1,0.0435815710808131,0.8766750244454166,0.0435520090879846,2
1,32,64,0.5,relu,3,0.0142096139894749,0.9084833622759098,0.0597691185598523,2
1,32,64,0.75,identity,0,0.0185367937465641,0.9372885008194192,0.0440555926663949,1
1,32,64,0.75,identity,2,0.0567642641537394,0.9109453132916968,0.0903127911149788,2
1,32,64,0.75,identity,4,0.0926698150948495,0.9380616307859388,0.1435938575450571,2
1,32,64,0.75,relu,1,0.084420012155145,0.9035677239321014,0.0505687325099016,2
1,32,64,0.75,relu,3,0.0586838197945299,0.931346889404768,0.0750428385205058,2
1,32,64,1.0,identity,0,0.6756781178807104,0.9894244215643708,0.3863106386385749,1
1,32,64,1.0,identity,2,0.9627160840694626,0.9926704327834248,0.2085011064046437,1
1,32,64,1.0,identity,4,0.9357016328726578,0.98963980230359,0.2567619150716235,1
1,32,64,1.0,relu,1,0.7312168082763152,0.9772209646210416,0.1651331623259182,1
1,32,64,1.0,relu,3,0.5536116086128704,0.9797217357199424,0.1434094406485401,1
1,32,96,0.0,identity,0,0.0017460689061975,0.588286021347272,0.0173135288658751,1
1,32,96,0.0,identity,2,0.0029083787068586,0.6176406276596692,0.0298594767249926,1
1,32,96,0.0,identity,4,0.011950735820505,0.6598911373832519,0.0710320636732617,2
1,32,96,0.0,relu,1,0.0015506046494546,0.7411992943967646,0.0212134693966533,1
1,32,96,0.0,relu,3,0.0070634724101023,0.8744533997049023,0.0344961847568597,2
1,32,96,0.25,identity,0,0.0014246109669374,0.80924830904357,0.0270152500913626,1
1,32,96,0.25,identity,2,0.0019166424441602,0.8039321987130469,0.0268616267903244,1
1,32,96,0.25,identity,4,0.0042910834300808,0.8508594306523679,0.0326180359138976,1
1,32,96,0.25,relu,1,0.00153066836147,0.8547236162612993,0.0127847176967195,1
1,32,96,0.25,relu,3,0.0075038753027248,0.910202315021128,0.0452967687240302,2
1,32,96,0.5,identity,0,0.0023233545969614,0.8784576780128669,0.0242227688534953,1
1,32,96,0.5,identity,2,0.0027529475667326,0.8737968127405028,0.0292147738509105,1
1,32,96,0.5,identity,4,0.0035956624052484,0.9132824043628036,0.0222472527089746,1
1,32,96,0.5,relu,1,0.0407059811351678,0.8868867926712218,0.0341269472504325,2
1,32,96,0.5,relu,3,0.0126532520828293,0.9237850326233368,0.0561322674365342,2
1,32,96,0.75,identity,0,0.0122602851950371,0.9473537440103263,0.0484216703364975,1
1,32,96,0.75,identity,2,0.0559636384320649,0.9370910982211328,0.0979761597647309,2
1,32,96,0.75,identity,4,0.0199142221109215,0.9457624740351068,0.0282955591423801,1
1,32,96,0.75,relu,1,0.1115298788532531,0.9191955818550438,0.0511475607285499,2
1,32,96,0.75,relu,3,0.0763871890878318,0.940920431577054,0.1131135566057698,2
1,32,96,1.0,identity,0,0.7347576225826938,0.9889142415402784,0.4751503792588483,1
1,32,96,1.0,identity,2,0.9439368205168548,0.9943375350058076,0.1197099504343162,1
1,32,96,1.0,identity,4,0.9048369689675344,0.9929271618949592,0.1660694448983866,1
1,32,96,1.0,relu,1,0.7398222758214684,0.9767106350793836,0.0706380969204658,1
1,32,96,1.0,relu,3,0.5400963908964282,0.9816130552214604,0.1311776045012741,1
1,4,16,0.0,identity,0,0.0090006016628064,0.298702107073983,0.1422136193115399,1
1,4,16,0.0,identity,2,0.0130715414541399,0.3754146300523487,0.2229684566861302,1
1,4,16,0.0,identity,4,0.0141883276300538,0.5435767917687652,0.1302246472390525,1
1,4,16,0.0,relu,1,0.0029212607351533,0.5743284325929033,0.0249692063945297,1
1,4,16,0.0,relu,3,0.0247481027220178,0.6599056257736975,0.0968157237853803,2
1,4,16,0.25,identity,0,0.0041782272841418,0.8427053862532935,0.0560506390329509,1
1,4,16,0.25,identity,2,0.0096657337314765,0.8858446796345627,0.0805224737534057,1
1,4,16,0.25,identity,4,0.0037328000325382,0.900829332569549,0.1071117884581603,1
1,4,16,0.25,relu,1,0.0214927714670431,0.876325346482019,0.0187486856590876,1
1,4,16,0.25,relu,3,0.0412524427118189,0.9016720509680743,0.0723384676077613,2
1,4,16,0.5,identity,0,0.0052173680876965,0.9377851719439686,0.054174342470755,1
1,4,16,0.5,identity,2,0.0034106852089131,0.9429163797208756,0.0712517093833638,1
1,4,16,0.5,identity,4,0.009231917417655,0.9475297880485074,0.0543291930254046,1
1,4,16,0.5,relu,1,0.1201543574056779,0.8854175122905908,0.0743399541924378,2
1,4,16,0.5,relu,3,0.0763995753534409,0.9344508821905784,0.1410662273734878,2
1,4,16,0.75,identity,0,0.0026979930207377,0.9747935434983412,0.0073744746810589,1
1,4,16,0.75,identity,2,0.0045269257013049,0.982054950862313,0.1678623864718431,1
1,4,16,0.75,identity,4,0.015565818820893,0.978636509664542,0.0700151614015245,1
1,4,16,0.75,relu,1,0.2201609417220994,0.9238421973504478,0.0927304694913498,2
1,4,16,0.75,relu,3,0.1334989834022144,0.949190254126927,0.2037340268529177,2
1,4,16,1.0,identity,0,0.5953106635670901,0.9929719461077464,0.4797320660055748,1
1,4,16,1.0,identity,2,0.7905166491376056,0.9992819690144038,0.7775493833626095,1
1,4,16,1.0,identity,4,0.7825728139291324,0.9968848074720654,0.1550083836346511,1
1,4,16,1.0,relu,1,0.7841572809537072,0.9758506061776702,0.1625278944015754,1
1,4,16,1.0,relu,3,0.6731728448549773,0.9812700695103396,0.2991113788959043,1
1,4,32,0.0,identity,0,0.0075881497352359,0.3806022937869517,0.1121402927162256,1
1,4,32,0.0,identity,2,0.0021582954583701,0.3997304901037781,0.1022233551857064,1
1,4,32,0.0,identity,4,0.0109156090757523,0.5668591412756451,0.0981914696714718,1
1,4,32,0.0,relu,1,0.0033408087428403,0.7683591272648249,0.0212573446583833,1
1,4,32,0.0,relu,3,0.012143346394189,0.7966404427519163,0.0660929550407436,2
1,4,32,0.25,identity,0,0.0021204661472421,0.8861894722564359,0.0319171059656876,1
1,4,32,0.25,identity,2,0.0017051673292638,0.8823241176851473,0.077387918206568,1
1,4,32,0.25,identity,4,0.0024107935730336,0.9155110743935791,0.0618987300184966,1
1,4,32,0.25,relu,1,0.0090997655108827,0.8720926273073055,0.019973378639001,1
1,4,32,0.25,relu,3,0.0224993385353221,0.9000328711924828,0.0658620916620743,2
1,4,32,0.5,identity,0,0.0075505581669077,0.9242414225900776,0.0456922559390315,1
1,4,32,0.5,identity,2,0.0734974378802292,0.9159937705772384,0.1844244378594086,2
1,4,32,0.5,identity,4,0.0165452806356708,0.9551563859647846,0.0641575816336637,1
1,4,32,0.5,relu,1,0.0916883386839132,0.8919976142234195,0.0695847453068219,2
1,4,32,0.5,relu,3,0.0271555935485681,0.9131076676309712,0.0813166469093474,2
1,4,32,0.75,identity,0,0.0128660370088009,0.9623969940979044,0.0097155834890792,1
1,4,32,0.75,identity,2,0.1483754777231828,0.9691569852176886,0.162048287326967,2
1,4,32,0.75,identity,4,0.1699546037244165,0.9714469210534862,0.1617448708686197,2
1,4,32,0.75,relu,1,0.2365375923948805,0.9310634771877068,0.1235958758358763,2
1,4,32,0.75,relu,3,0.097968783988836,0.9357234316738215,0.1073644907453287,2
1,4,32,1.0,identity,0,0.371221710274325,0.9927319045404184,0.1583831009640464,1
1,4,32,1.0,identity,2,0.9492893512664184,0.9975045271976836,0.6235032937539381,1
1,4,32,1.0,identity,4,0.879770267104451,0.993569170382278,0.1150432170196621,1
1,4,32,1.0,relu,1,0.7186196299915154,0.9747769949995232,0.1217437558153605,1
1,4,32,1.0,relu,3,0.6563498013533946,0.9828514687143564,0.3153748126637191,1
1,4,64,0.0,identity,0,0.0021740171501991,0.5573839709686502,0.0496366534847702,1
1,4,64,0.0,identity,2,0.0188425409052753,0.5565574890910869,0.0545455630420303,1
1,4,64,0.0,identity,4,0.0019745118665721,0.6246176554501605,0.0544020514067575,1
1,4,64,0.0,relu,1,0.0069413146732416,0.7673609796865533,0.0135486021750366,1
1,4,64,0.0,relu,3,0.0120796035253253,0.7984629010995736,0.0638373041730835,2
1,4,64,0.25,identity,0,0.0118272701281522,0.8838101684444755,0.0202118398618098,1
1,4,64,0.25,identity,2,0.0050478057728552,0.8828562327156712,0.0641532552626294,1
1,4,64,0.25,identity,4,0.0031485808443103,0.9155600867493762,0.0409231165553822,1
1,4,64,0.25,relu,1,0.036657040682779,0.880237751450055,0.0390921652145397,2
1,4,64,0.25,relu,3,0.0136109357856834,0.924995458007122,0.0486354629633926,2
1,4,64,0.5,identity,0,0.002504613059245,0.9145792897748276,0.0240440041491213,1
1,4,64,0.5,identity,2,0.0362996057936287,0.9416708052285216,0.0652041613878932,2
1,4,64,0.5,identity,4,0.0071093671007553,0.9496156019836988,0.0415528639630555,1
1,4,64,0.5,relu,1,0.086969936447867,0.9127353910707732,0.051066971766782,2
1,4,64,0.5,relu,3,0.0285117467240151,0.9324300527579228,0.0555985231271207,2
1,4,64,0.75,identity,0,0.1438502508494877,0.9643616491062212,0.1109914917168189,2
1,4,64,0.75,identity,2,0.1747706208689863,0.9767450266072056,0.146657987681666,2
1,4,64,0.75,identity,4,0.1914514077038888,0.9690806985929964,0.2002280877252885,2
1,4,64,0.75,relu,1,0.1999296643021161,0.9336453972016564,0.0708142391271878,2
1,4,64,0.75,relu,3,0.1155048237245134,0.9504984055660622,0.1041636936984379,2
1,4,64,1.0,identity,0,0.6261682964379098,0.9920600495980836,0.4669328816660766,1
1,4,64,1.0,identity,2,0.9280783067167864,0.9973024973400844,0.3500047842561844,1
1,4,64,1.0,identity,4,0.8778628278249349,0.9943699640367408,0.2901936295920945,1
1,4,64,1.0,relu,1,0.7436394182424919,0.9750173918213664,0.1319605329300625,1
1,4,64,1.0,relu,3,0.6656416478004065,0.9830692938779372,0.2865913087119761,1
1,4,96,0.0,identity,0,0.0029333026783408,0.6189813559516115,0.0322503067971203,1
1,4,96,0.0,identity,2,0.0040127815965261,0.6733147152431622,0.0389417597401565,1
1,4,96,0.0,identity,4,0.0057095325696019,0.7568988265341706,0.0269502522048126,1
1,4,96,0.0,relu,1,0.0054293995545506,0.8204718340947286,0.0136260100066436,1
1,4,96,0.0,relu,3,0.0131766532111231,0.824737290029828,0.0670221038486252,2
1,4,96,0.25,identity,0,0.0040853435375822,0.8955557365946363,0.0352812424741049,1
1,4,96,0.25,identity,2,0.0017636938346098,0.9160832290391688,0.0292335860254626,1
1,4,96,0.25,identity,4,0.0061982407582753,0.9325422611611972,0.1511342726401145,1
1,4,96,0.25,relu,1,0.038272297734445,0.9018571665714706,0.0312679835290335,2
1,4,96,0.25,relu,3,0.0131916664993708,0.9212924417633472,0.0563787334242725,2
1,4,96,0.5,identity,0,0.0065450381410446,0.9409765523484104,0.0252247208034087,1
1,4,96,0.5,identity,2,0.0049215176832248,0.9475530185618292,0.0420855061175579,1
1,4,96,0.5,identity,4,0.0084237287882205,0.9572931645400746,0.0440389980074459,1
1,4,96,0.5,relu,1,0.0910945246814915,0.921488789179815,0.0548678058135978,2
1,4,96,0.5,relu,3,0.0210154572021111,0.9371211315390604,0.047580519469438,2
1,4,96,0.75,identity,0,0.1760698548929678,0.9612464761302176,0.1181054286158884,2
1,4,96,0.75,identity,2,0.1482444946587536,0.9719874151489134,0.1400086834487739,2
1,4,96,0.75,identity,4,0.1986973626552002,0.9697251095998624,0.1658241162572242,2
1,4,96,0.75,relu,1,0.2515331550071893,0.9421034929257492,0.1174447963431606,2
1,4,96,0.75,relu,3,0.0613775349157854,0.942893473327852,0.0719785891645766,2
1,4,96,1.0,identity,0,0.7405169267784988,0.9840390963563104,0.2363056386665139,1
1,4,96,1.0,identity,2,0.8894431506447183,0.99714851028921,0.1390418544696436,1
1,4,96,1.0,identity,4,0.8530572183376584,0.9933914430531496,0.1073868011518502,1
1,4,96,1.0,relu,1,0.800067263628687,0.97441023496778,0.1548120777700452,1
1,4,96,1.0,relu,3,0.5939179009323565,0.982749751398593,0.2916925532280191,1
1,8,16,0.0,identity,0,0.0023838327676081,0.312519091570195,0.0952864286459493,1
1,8,16,0.0,identity,2,0.001114503663539,0.4241668062691507,0.0962756568177583,1
1,8,16,0.0,identity,4,0.0044236298338202,0.3960351533241579,0.1496775356743122,1
1,8,16,0.0,relu,1,0.0034396654377762,0.5992212834291873,0.0397745859296018,1
1,8,16,0.0,relu,3,0.0251451243608527,0.7693329406319085,0.1655723158855368,2
1,8,16,0.25,identity,0,0.0032869199297038,0.8776388246001116,0.0206252664428391,1
1,8,16,0.25,identity,2,0.0021071820769215,0.8849834694746777,0.0234054003412192,1
1,8,16,0.25,identity,4,0.003465886459734,0.8900828801453787,0.0325238745421808,1
1,8,16,0.25,relu,1,0.006140935345641,0.8750340939845571,0.0161796359942793,1
1,8,16,0.25,relu,3,0.03189340275349,0.8950217543813326,0.1020190922669803,2
1,8,16,0.5,identity,0,0.0026535421689309,0.9298625111500092,0.011116287384378,1
1,8,16,0.5,identity,2,0.0031932291533005,0.9496070219875616,0.0664691147477271,1
1,8,16,0.5,identity,4,0.0030245578756007,0.9433186757353458,0.0174300076123834,1
1,8,16,0.5,relu,1,0.1078916102527136,0.9043862726149948,0.0761566012300652,2
1,8,16,0.5,relu,3,0.072259788202371,0.92143127734895,0.1233272043771585,2
1,8,16,0.75,identity,0,0.0112597367737899,0.9630150995843232,0.0110616403768934,1
1,8,16,0.75,identity,2,0.0058349696316571,0.9774747499079164,0.0450265634537409,1
1,8,16,0.75,identity,4,0.0232375171229964,0.9733722470002312,0.0859575579970674,1
1,8,16,0.75,relu,1,0.2517633977065586,0.91920418265897,0.0996956751370844,2
1,8,16,0.75,relu,3,0.0589499935241294,0.928122106992993,0.0664988493163585,2
1,8,16,1.0,identity,0,0.474940479217041,0.9909194139607987,0.1069030937467373,1
1,8,16,1.0,identity,2,0.8923980211668202,0.9991433983524922,0.6930214948827582,1
1,8,16,1.0,identity,4,0.7116815704753864,0.997488814118918,0.2080111279787755,1
1,8,16,1.0,relu,1,0.6898747111188883,0.9746629443680704,0.0731284871797583,1
1,8,16,1.0,relu,3,0.6244833371930361,0.9739548403474316,0.1519118406364474,1
1,8,32,0.0,identity,0,0.021731344353981,0.4143677462553215,0.0944781012192876,1
1,8,32,0.0,identity,2,0.0039627167852878,0.4934497491655136,0.0563069875965908,1
1,8,32,0.0,identity,4,0.0031393428287939,0.4823598268171277,0.09496406015272,1
1,8,32,0.0,relu,1,0.0030874905593445,0.7243106658668489,0.0183821769266456,1
1,8,32,0.0,relu,3,0.0078214070470599,0.8284381216019293,0.1173923556235329,1
1,8,32,0.25,identity,0,0.0034595384795357,0.8499883265300807,0.0239733679858496,1
1,8,32,0.25,identity,2,0.0166055497386574,0.8673188248108413,0.0620448037133771,2
1,8,32,0.25,identity,4,0.0039355945068961,0.8790928817383559,0.0635462122892454,1
1,8,32,0.25,relu,1,0.0017459035661377,0.8500431282530452,0.0107442853612322,1
1,8,32,0.25,relu,3,0.0085517318583566,0.8823347467590636,0.1052230956851734,2
1,8,32,0.5,identity,0,0.007888802723798,0.9105622685170768,0.0492959867117889,1
1,8,32,0.5,identity,2,0.0554947611660103,0.936818315386288,0.1502672226702953,2
1,8,32,0.5,identity,4,0.0129982068782817,0.9564807015187046,0.1273891127518044,1
1,8,32,0.5,relu,1,0.0728241755130942,0.8778006156078186,0.0551014078026769,2
1,8,32,0.5,relu,3,0.0265030806907964,0.9077030949158008,0.0635604346812132,2
1,8,32,0.75,identity,0,0.0269377620548995,0.9511715007331708,0.0782665153846419,1
1,8,32,0.75,identity,2,0.1657117341171067,0.973576179751939,0.3405894939638879,2
1,8,32,0.75,identity,4,0.0373421185984918,0.957134294127577,0.1083063594021293,1
1,8,32,0.75,relu,1,0.1489410096912087,0.9063696966423452,0.0605527554896469,2
1,8,32,0.75,relu,3,0.0822971308028078,0.927092491710686,0.1115421129197754,2
1,8,32,1.0,identity,0,0.6553510843724362,0.9877582941500452,0.1187143497113782,1
1,8,32,1.0,identity,2,0.9552788274848344,0.9964726734761344,0.584755779490291,1
1,8,32,1.0,identity,4,0.89977494340647,0.9965588556328177,0.5947502433601586,1
1,8,32,1.0,relu,1,0.6331975446527622,0.9791443107921656,0.0803281997094288,1
1,8,32,1.0,relu,3,0.5179004564185167,0.9804285224685776,0.1308661045510326,1
1,8,64,0.0,identity,0,0.0048076809979655,0.5171608856557004,0.0462120034067636,1
1,8,64,0.0,identity,2,0.0080011397154387,0.5486746252397757,0.0658075824245855,1
1,8,64,0.0,identity,4,0.0037203185004089,0.5769741879303282,0.0391223595238615,1
1,8,64,0.0,relu,1,0.0035108115183674,0.7597626058177211,0.0168561384332809,1
1,8,64,0.0,relu,3,0.0149645086087087,0.8384603275504455,0.1280179784532794,2
1,8,64,0.25,identity,0,0.0049572438790254,0.8664151230342862,0.0264742245831586,1
1,8,64,0.25,identity,2,0.008071187591185,0.8691015321997175,0.0511550885405836,1
1,8,64,0.25,identity,4,0.0113869690829783,0.8884042139119575,0.06702209709581,1
1,8,64,0.25,relu,1,0.0022916580670858,0.8629675862919248,0.013938577636399,1
1,8,64,0.25,relu,3,0.0086787048976342,0.9011167801179636,0.0760053084407526,2
1,8,64,0.5,identity,0,0.007724027202814,0.9191871595066904,0.0304949056713065,1
1,8,64,0.5,identity,2,0.0033373030174578,0.9391721885947392,0.0510673699265441,1
1,8,64,0.5,identity,4,0.0053106026067237,0.9337394141965404,0.0238691501345312,1
1,8,64,0.5,relu,1,0.0420241808593576,0.8888955627327673,0.034434584145521,2
1,8,64,0.5,relu,3,0.0218648754714268,0.9189399809499484,0.1108647490593899,2
1,8,64,0.75,identity,0,0.0280949324698556,0.9603361739917028,0.0440868174643355,1
1,8,64,0.75,identity,2,0.1973502356231306,0.9755307627696416,0.3517260017878384,2
1,8,64,0.75,identity,4,0.2097896904141678,0.9612134599597524,0.2215776513722031,2
1,8,64,0.75,relu,1,0.1497207049627602,0.9136891354402374,0.083680607121655,2
1,8,64,0.75,relu,3,0.070719592831038,0.9371603107247408,0.1191230953526434,2
1,8,64,1.0,identity,0,0.4391629099028243,0.9935814795438248,0.3130233507691451,1
1,8,64,1.0,identity,2,0.9191700918476464,0.9969259925143272,0.2150441194660116,1
1,8,64,1.0,identity,4,0.7157625839926369,0.9969540123369912,0.0977264623351484,1
1,8,64,1.0,relu,1,0.6936827803747342,0.9785471487703232,0.1150279137943125,1
1,8,64,1.0,relu,3,0.5280595325065278,0.9796605206727464,0.1235748063718146,1
1,8,96,0.0,identity,0,0.0023291983443867,0.6125580858991834,0.0282075932497752,1
1,8,96,0.0,identity,2,0.0010246833974002,0.6221109609782098,0.0241186498259692,1
1,8,96,0.0,identity,4,0.0017631859253558,0.6625470035792925,0.0521520622532463,1
1,8,96,0.0,relu,1,0.0017921769785113,0.7953971454719434,0.0111726076833382,1
1,8,96,0.0,relu,3,0.0114477943562425,0.8719708916307684,0.1808677178266997,1
1,8,96,0.25,identity,0,0.0026828804220143,0.8712093455077617,0.0312169926729495,1
1,8,96,0.25,identity,2,0.0026470639701283,0.8818563929839411,0.023031157505437,1
1,8,96,0.25,identity,4,0.0021295312843573,0.8880625503732967,0.0320393420491369,1
1,8,96,0.25,relu,1,0.0012704912147832,0.8800214147082674,0.0105827013301487,1
1,8,96,0.25,relu,3,0.007343736147321,0.9149369747014346,0.0997830567704639,2
1,8,96,0.5,identity,0,0.0105673145139997,0.9166658793742732,0.0135693212454071,1
1,8,96,0.5,identity,2,0.059801023067268,0.9448529491289676,0.0963391961184577,2
1,8,96,0.5,identity,4,0.0181655722556289,0.9312314673206534,0.0568955667382415,1
1,8,96,0.5,relu,1,0.0645427566515065,0.9004726043927019,0.0453178381467648,2
1,8,96,0.5,relu,3,0.0292988327546286,0.9239368376470174,0.054561861217858,2
1,8,96,0.75,identity,0,0.0493484184360615,0.9531323526112035,0.0563225664323391,1
1,8,96,0.75,identity,2,0.1510891369759906,0.975633224166216,0.1273871037513163,2
1,8,96,0.75,identity,4,0.0449697991420562,0.9675304431387034,0.1142829064227467,1
1,8,96,0.75,relu,1,0.1585909079959341,0.9221031574440458,0.0601942393571631,2
1,8,96,0.75,relu,3,0.0506948102631812,0.9428004833351252,0.0543415866175637,2
1,8,96,1.0,identity,0,0.5366269210671268,0.9921908237883664,0.2955411028894787,1
1,8,96,1.0,identity,2,0.8724413291040202,0.998083305189014,0.5511658004657953,1
1,8,96,1.0,identity,4,0.8809360843763058,0.991633820701187,0.1380762933414428,1
1,8,96,1.0,relu,1,0.7042160372949784,0.9754755462554888,0.1118459559913365,1
1,8,96,1.0,relu,3,0.5005889104798377,0.9816229787821672,0.0852421268174563,1
2,16,16,0.0,identity,0,0.0037237879540542,0.3449236217334145,0.1099078437948266,2
2,16,16,0.0,identity,2,0.0031752837780285,0.3541590858640357,0.1284346298817434,2
2,16,16,0.0,identity,4,0.0052233570925382,0.3854335136239361,0.11826543454805,2
2,16,16,0.0,relu,1,0.2735390583989416,0.7032851766973854,0.6961259999329023,3
2,16,16,0.0,relu,3,0.1162729717505496,0.795735624465392,0.61226677275548,2
2,16,16,0.25,identity,0,0.004568027626911,0.881283201239233,0.0178587866535475,2
2,16,16,0.25,identity,2,0.0043274524368639,0.8554562800780009,0.0253880976622362,2
2,16,16,0.25,identity,4,0.0025583541893074,0.8675991042426032,0.0194612351995125,2
2,16,16,0.25,relu,1,0.250342412520649,0.9009329241506242,0.3906629866312645,3
2,16,16,0.25,relu,3,0.1890668218497986,0.9244143003834832,0.3700338209219613,2
2,16,16,0.5,identity,0,0.0059162004429395,0.9367913420720514,0.0139309946218458,2
2,16,16,0.5,identity,2,0.0068223683549605,0.9231834837775036,0.0256470288681373,2
2,16,16,0.5,identity,4,0.005023783788253,0.9322790472099596,0.0168275247557731,2
2,16,16,0.5,relu,1,0.2018843510579129,0.9319369843382584,0.2234604028571294,2
2,16,16,0.5,relu,3,0.2144706949888073,0.9589013025905868,0.2567521911923949,2
2,16,16,0.75,identity,0,0.007048452759056,0.9666140205035436,0.0173409543146515,2
2,16,16,0.75,identity,2,0.0149972937861256,0.9557173635965418,0.0328739533571935,2
2,16,16,0.75,identity,4,0.014813299072744,0.9728963074139207,0.0500548375734373,2
2,16,16,0.75,relu,1,0.2897470558774455,0.9572771171550348,0.1734539264049316,2
2,16,16,0.75,relu,3,0.2540580747878566,0.9724804503235872,0.1760359100789481,2
2,16,16,1.0,identity,0,0.4467143147133577,0.9911497066547929,0.0647255631932173,1
2,16,16,1.0,identity,2,0.3441770859629388,0.9812945387133902,0.1979090620689298,2
2,16,16,1.0,identity,4,0.4932297957960792,0.9936743429940836,0.1369108529634515,1
2,16,16,1.0,relu,1,0.8617370998594243,0.9882747505157944,0.3039659578190598,1
2,16,16,1.0,relu,3,0.745918053017677,0.9900631286520511,0.1234382952070569,1
2,16,32,0.0,identity,0,0.0025496282085903,0.4212212618730037,0.0684787755427633,2
2,16,32,0.0,identity,2,0.0046423822447009,0.3925052816770965,0.0820911343621304,2
2,16,32,0.0,identity,4,0.0045655891754273,0.4727298314655174,0.0889079505672703,2
2,16,32,0.0,relu,1,0.0115690561268716,0.7656125302543034,0.0621663451046892,3
2,16,32,0.0,relu,3,0.0217942752857198,0.7819494030016024,0.0492897673815237,3
2,16,32,0.25,identity,0,0.0039674295725983,0.8533205800249783,0.019296961888412,2
2,16,32,0.25,identity,2,0.004633123941173,0.8468780755491186,0.0322741995109454,2
2,16,32,0.25,identity,4,0.0024345529398427,0.8586412055429419,0.0274095208855863,2
2,16,32,0.25,relu,1,0.0323911087820946,0.8701676478241592,0.0810997827866678,3
2,16,32,0.25,relu,3,0.0245460186032285,0.9153577390106308,0.1038010662154989,3
2,16,32,0.5,identity,0,0.0052348357136909,0.9183391569538748,0.0242015128717052,2
2,16,32,0.5,identity,2,0.0097724682776362,0.904695574882576,0.038700511252684,2
2,16,32,0.5,identity,4,0.0041501030523766,0.910974086505271,0.0228554708344885,2
2,16,32,0.5,relu,1,0.0520320191745095,0.9072875599438804,0.08276424704684,3
2,16,32,0.5,relu,3,0.0492286922528483,0.9470738617650272,0.0996051179284426,3
2,16,32,0.75,identity,0,0.0128841428572025,0.9518231828977326,0.0378401688307775,2
2,16,32,0.75,identity,2,0.0091712634999118,0.94616656159556,0.0250426447164439,2
2,16,32,0.75,identity,4,0.0098185124720371,0.9510076398926212,0.0248961582943794,2
2,16,32,0.75,relu,1,0.1394879665775635,0.9420701022721568,0.1608933322401504,3
2,16,32,0.75,relu,3,0.0913176235576963,0.9643871752069196,0.0748799417376154,3
2,16,32,1.0,identity,0,0.4285764722163399,0.992101684970988,0.2510860315696426,1
2,16,32,1.0,identity,2,0.3521229308563772,0.9825941070491506,0.1780279242566617,2
2,16,32,1.0,identity,4,0.4225568835142573,0.9928078327859632,0.0667102603121077,1
2,16,32,1.0,relu,1,0.8680912832189768,0.9846918267582014,0.359467418782693,1
2,16,32,1.0,relu,3,0.5077365503751405,0.9890071737082374,0.0953492323996238,1
2,16,64,0.0,identity,0,0.0025968807719333,0.51577320862451,0.0529297252038193,2
2,16,64,0.0,identity,2,0.005988768498876,0.578737071151651,0.06173743522493,2
2,16,64,0.0,identity,4,0.0033724538985995,0.5383893651271727,0.0542879425705622,2
2,16,64,0.0,relu,1,0.0071879157320716,0.8043275688373341,0.035422349273982,3
2,16,64,0.0,relu,3,0.0095607345938136,0.8304905182536912,0.0370688691239152,3
2,16,64,0.25,identity,0,0.0039105543414418,0.8540434134829126,0.0269713560119509,2
2,16,64,0.25,identity,2,0.0032506689812331,0.8458509033185836,0.028165520912918,2
2,16,64,0.25,identity,4,0.0048983653860866,0.861924302994807,0.0290446509644101,2
2,16,64,0.25,relu,1,0.0229438242815219,0.8895250238984318,0.0538945859058102,3
2,16,64,0.25,relu,3,0.0205064151989959,0.921946081582542,0.0869692710432914,3
2,16,64,0.5,identity,0,0.0079118574542797,0.9122399641726776,0.0317113706213842,2
2,16,64,0.5,identity,2,0.0094777754952474,0.9052726069360658,0.0514824041939654,2
2,16,64,0.5,identity,4,0.0080924444560755,0.9234828189228088,0.0249633316123055,2
2,16,64,0.5,relu,1,0.040665744654605,0.9159972561316024,0.0657897190087887,3
2,16,64,0.5,relu,3,0.0371217056232747,0.941599109594048,0.0812966641876465,3
2,16,64,0.75,identity,0,0.0142220282421506,0.9473828124779882,0.0327706495149845,2
2,16,64,0.75,identity,2,0.0208140796214577,0.9523038625641248,0.0549692978156849,2
2,16,64,0.75,identity,4,0.0102492974463552,0.9564937885485172,0.0282361981520978,2
2,16,64,0.75,relu,1,0.1075908352091075,0.9424991616026598,0.1221687852095815,3
2,16,64,0.75,relu,3,0.0852987058844256,0.9612166787476708,0.0740081751253388,3
2,16,64,1.0,identity,0,0.360487472835095,0.9922238741370384,0.0527310407886929,1
2,16,64,1.0,identity,2,0.3673978194734609,0.982252331543892,0.2187158395317713,2
2,16,64,1.0,identity,4,0.4036186695180679,0.9939141208744888,0.07920859443259,1
2,16,64,1.0,relu,1,0.8438967375880478,0.9852037347320416,0.3040864652218434,1
2,16,64,1.0,relu,3,0.4949261829069112,0.987225471811333,0.0931918160246764,1
2,16,96,0.0,identity,0,0.0023453926567944,0.550964493880158,0.0432475955724791,2
2,16,96,0.0,identity,2,0.0045890323832106,0.5308659031982254,0.0539551606819757,2
2,16,96,0.0,identity,4,0.004188312164037,0.5752133700768147,0.0490500428487306,2
2,16,96,0.0,relu,1,0.0071919905505779,0.8238003252319205,0.0317921798710134,3
2,16,96,0.0,relu,3,0.0101776798900438,0.8479076851383265,0.036598514548914,3
2,16,96,0.25,identity,0,0.0044429294050547,0.8563295691579323,0.0224061932705618,2
2,16,96,0.25,identity,2,0.004273339380438,0.8568075759150126,0.0353676071569274,2
2,16,96,0.25,identity,4,0.0051853406731734,0.8546021294413428,0.03226147282515,2
2,16,96,0.25,relu,1,0.0176444341877621,0.9015467640649336,0.0486165605375568,3
2,16,96,0.25,relu,3,0.0145422510426784,0.9293681651357066,0.0616980482785175,3
2,16,96,0.5,identity,0,0.0070158426151718,0.9141010346906936,0.0266641535625197,2
2,16,96,0.5,identity,2,0.0075255860724424,0.9063293383878356,0.0291657031090926,2
2,16,96,0.5,identity,4,0.0059237907249842,0.9118937265899968,0.0253428067427477,2
2,16,96,0.5,relu,1,0.0501984589027278,0.9248099256395126,0.0713500436440612,4
2,16,96,0.5,relu,3,0.0427558030985148,0.9484620632013268,0.0762540881400435,3
2,16,96,0.75,identity,0,0.0187179586384524,0.9443392476966124,0.0318214680099584,2
2,16,96,0.75,identity,2,0.0149418045830583,0.9441550363800792,0.056092811552169,2
2,16,96,0.75,identity,4,0.0092186354478097,0.9556482975137406,0.0175434790878138,2
2,16,96,0.75,relu,1,0.1296362822481056,0.9473786579538622,0.1241706060656261,3
2,16,96,0.75,relu,3,0.0838394633007953,0.9646250059416286,0.0663301289652227,3
2,16,96,1.0,identity,0,0.2879293126284269,0.9912401935715264,0.044522491012495,1
2,16,96,1.0,identity,2,0.2383097674432663,0.9853304668641388,0.1187825829925146,1
2,16,96,1.0,identity,4,0.6841515806786175,0.9891895179191044,0.1075625143066618,1
2,16,96,1.0,relu,1,0.7779495843568975,0.9874234394291516,0.262414246007778,1
2,16,96,1.0,relu,3,0.8245320449556749,0.9874846937960544,0.1276675121916195,2
2,1,16,0.0,identity,0,0.049316463891033,0.6606365947685926,0.1320584318613898,2
2,1,16,0.0,identity,2,0.0379017509624095,0.4986328499622835,0.3218501685005303,2
2,1,16,0.0,identity,4,0.0366746275089148,0.7751066923351843,0.2113558102905299,2
2,1,16,0.0,relu,1,0.0724582912808451,0.8904387951654436,0.1660722957994638,3
2,1,16,0.0,relu,3,0.1835300937849217,0.8430613768602393,0.2242250888069344,3
2,1,16,0.25,identity,0,0.0536130583277131,0.9014362122156786,0.0558794734539536,2
2,1,16,0.25,identity,2,0.0825179877114808,0.8682098897210628,0.0985201782520189,2
2,1,16,0.25,identity,4,0.0441036153736259,0.9459513558346528,0.089974388140396,2
2,1,16,0.25,relu,1,0.2173832631594507,0.933992489081655,0.0670603847172561,3
2,1,16,0.25,relu,3,0.2007114739711961,0.9415131766385912,0.1334198222818353,3
2,1,16,0.5,identity,0,0.0454478615516798,0.9461228187282784,0.0444293613584891,2
2,1,16,0.5,identity,2,0.0447260613186105,0.9291108023921708,0.0974308824209733,2
2,1,16,0.5,identity,4,0.0079202138700617,0.9519930313984336,0.0235515924335454,2
2,1,16,0.5,relu,1,0.2548642446899354,0.9545510433252852,0.1131785687561491,3
2,1,16,0.5,relu,3,0.2206325680020389,0.95418958184806,0.1280985487436724,3
2,1,16,0.75,identity,0,0.0262711788816872,0.9773503270238458,0.0247753774424699,2
2,1,16,0.75,identity,2,0.0914254377315608,0.9727167516403148,0.3032541387144619,2
2,1,16,0.75,identity,4,0.0258438144630294,0.9845338342423126,0.0427310975739013,2
2,1,16,0.75,relu,1,0.2993490023582236,0.9688707583801408,0.1404025256807462,3
2,1,16,0.75,relu,3,0.2258559562330899,0.9684428236243088,0.0778863385292358,3
2,1,16,1.0,identity,0,0.3683405020673142,0.9816280666405272,0.1471160911841768,1
2,1,16,1.0,identity,2,0.0672115075164115,0.9816909569266378,0.0191533997492615,1
2,1,16,1.0,identity,4,0.5135797590371195,0.991820023072546,0.1902162898819436,1
2,1,16,1.0,relu,1,0.8815118015662967,0.9839392691282718,0.210564520277733,1
2,1,16,1.0,relu,3,0.9269949446463768,0.982493850067274,0.1698015874140482,1
2,1,32,0.0,identity,0,0.0194272032951348,0.5413846069953816,0.1099326454153194,2
2,1,32,0.0,identity,2,0.0403682239395938,0.720301618655873,0.1538350886198099,2
2,1,32,0.0,identity,4,0.0602799777538676,0.7035731564275559,0.1585929135197437,2
2,1,32,0.0,relu,1,0.0814460696289282,0.8126483833006595,0.2665915344143076,4
2,1,32,0.0,relu,3,0.0664601991057347,0.8518823593856429,0.1245042731294989,3
2,1,32,0.25,identity,0,0.0574319902740646,0.906760427972213,0.0619231832052104,2
2,1,32,0.25,identity,2,0.0305056393619279,0.9191608626478004,0.0710680432815059,2
2,1,32,0.25,identity,4,0.0337652225014905,0.94837195988438,0.0501470930786905,2
2,1,32,0.25,relu,1,0.0668274605385723,0.9362326023162056,0.132230173435064,4
2,1,32,0.25,relu,3,0.0279755925964777,0.9447628462535552,0.059343691432322,3
2,1,32,0.5,identity,0,0.0310454086475278,0.95038824817642,0.036240630026341,2
2,1,32,0.5,identity,2,0.0367699067409778,0.9463226361135944,0.1221993288606441,2
2,1,32,0.5,identity,4,0.0321065607289832,0.9641674502691584,0.0652087319237002,2
2,1,32,0.5,relu,1,0.1522586047456112,0.9529684567815582,0.1269730128599279,4
2,1,32,0.5,relu,3,0.1284388240417695,0.9575810930929388,0.0869136364084755,3
2,1,32,0.75,identity,0,0.1130086218740561,0.9636845425207896,0.1106620531564287,2
2,1,32,0.75,identity,2,0.1355947189877231,0.9523049145273348,0.2002756971043959,3
2,1,32,0.75,identity,4,0.1023206061958769,0.97521466143021,0.043891716174283,2
2,1,32,0.75,relu,1,0.3002145535396257,0.9675684699341304,0.1412123399018594,3
2,1,32,0.75,relu,3,0.2612533174394225,0.971567490625541,0.1048598499483343,3
2,1,32,1.0,identity,0,0.4648900557911096,0.9775820131936004,0.1035782899843997,1
2,1,32,1.0,identity,2,0.419484784500311,0.97784442206848,0.2519321624780069,1
2,1,32,1.0,identity,4,0.6575747599985823,0.9900256666769668,0.1660513944753099,1
2,1,32,1.0,relu,1,0.7960752740598838,0.9872681243550784,0.1640543753112871,1
2,1,32,1.0,relu,3,0.916831656613618,0.98512751810119,0.1547947072989652,1
2,1,64,0.0,identity,0,0.0296117967687394,0.7873139627608335,0.082578934633293,2
2,1,64,0.0,identity,2,0.0087153791481074,0.7961242704904183,0.0978991016924335,2
2,1,64,0.0,identity,4,0.1518494329923057,0.8097388365292645,0.1648178022493167,2
2,1,64,0.0,relu,1,0.0265802129125065,0.8415299536571181,0.103337970104436,3
2,1,64,0.0,relu,3,0.0611909000532555,0.9118833127422088,0.1563773158835894,4
2,1,64,0.25,identity,0,0.0570408547862579,0.9204280770414386,0.0404673903547466,2
2,1,64,0.25,identity,2,0.0098813152121171,0.9281915670781412,0.0512899436091255,2
2,1,64,0.25,identity,4,0.0588931238038773,0.9478283765050236,0.0490342026393555,2
2,1,64,0.25,relu,1,0.0400196864459935,0.9476123454216072,0.0976154806227952,4
2,1,64,0.25,relu,3,0.0721092252563427,0.9584620246238452,0.1032390251214398,4
2,1,64,0.5,identity,0,0.0506199426421768,0.9512997098376132,0.0437475548792351,2
2,1,64,0.5,identity,2,0.0091723421466837,0.9394502990861316,0.0492558367843285,2
2,1,64,0.5,identity,4,0.0276696707465044,0.969615452094798,0.045838642225308,2
2,1,64,0.5,relu,1,0.0802041204311841,0.9606423794463194,0.0758268840061679,4
2,1,64,0.5,relu,3,0.1423470590333422,0.9705697839024104,0.1242962994478146,4
2,1,64,0.75,identity,0,0.121725181500124,0.9670371353704532,0.0658878229006907,2
2,1,64,0.75,identity,2,0.0614046186597091,0.963760015723742,0.0748388437103823,2
2,1,64,0.75,identity,4,0.080712823597263,0.9717920290569468,0.0445719531747761,2
2,1,64,0.75,relu,1,0.2550311962407197,0.9711258648360122,0.1479234110572539,4
2,1,64,0.75,relu,3,0.3306947404425833,0.9710583597591452,0.1406992115346959,4
2,1,64,1.0,identity,0,0.5197381827895997,0.9770931555590174,0.1089231703844764,1
2,1,64,1.0,identity,2,0.3088356791975353,0.977245005443136,0.1263382781956951,1
2,1,64,1.0,identity,4,0.5136959598200163,0.9928358143170845,0.1869765796634876,1
2,1,64,1.0,relu,1,0.8489347396832888,0.9877032054829168,0.1107140995826702,1
2,1,64,1.0,relu,3,0.8313896769165536,0.987665569032782,0.1210703799151781,1
2,1,96,0.0,identity,0,0.0477104888366243,0.7302548011640236,0.0734941472177742,2
2,1,96,0.0,identity,2,0.1200348778719231,0.7646607329968079,0.0816719839815287,2
2,1,96,0.0,identity,4,0.1037811176878602,0.855751848043634,0.07002288387903,2
2,1,96,0.0,relu,1,0.0318935589708962,0.8986254173838184,0.1086481577516901,3
2,1,96,0.0,relu,3,0.0438463033191775,0.8793772631693045,0.0815380899509655,3
2,1,96,0.25,identity,0,0.0298714824032291,0.9338735181813428,0.0281821998074677,2
2,1,96,0.25,identity,2,0.0761349242542565,0.9316766676970424,0.0494534113837543,2
2,1,96,0.25,identity,4,0.0213269685087631,0.9400048464460216,0.0513932052967605,2
2,1,96,0.25,relu,1,0.0210169784405965,0.9487111295440198,0.089495217608543,3
2,1,96,0.25,relu,3,0.0951506875089142,0.960963049425086,0.1220116243050692,4
2,1,96,0.5,identity,0,0.0048029270546188,0.957699533517054,0.0276666692195862,2
2,1,96,0.5,identity,2,0.113140276411916,0.9460356609057692,0.0965370509888873,2
2,1,96,0.5,identity,4,0.0177749322444128,0.9550831419210812,0.0489788851105637,2
2,1,96,0.5,relu,1,0.1271816174009241,0.9610829430808312,0.1086847865420906,4
2,1,96,0.5,relu,3,0.108281426315888,0.9690833556910986,0.117347214710779,4
2,1,96,0.75,identity,0,0.1820926585735877,0.9702014344548022,0.0792031901491523,2
2,1,96,0.75,identity,2,0.0630555691529848,0.9669658892497994,0.0783517830322396,2
2,1,96,0.75,identity,4,0.35420792598003,0.9739023837560544,0.081485193415068,2
2,1,96,0.75,relu,1,0.2524408249642422,0.9684496522484152,0.1605818721800787,4
2,1,96,0.75,relu,3,0.2392500935040657,0.9725392125399118,0.1205951042124713,4
2,1,96,1.0,identity,0,0.4075379282729943,0.9819081535365516,0.1535057057693498,1
2,1,96,1.0,identity,2,0.3719473510202564,0.9763934769819712,0.1639942671883235,1
2,1,96,1.0,identity,4,0.6569304211527752,0.9906059331708332,0.2563995113635596,1
2,1,96,1.0,relu,1,0.8568782193672996,0.9866979650480974,0.1363374324206537,1
2,1,96,1.0,relu,3,0.8666474827782001,0.9867330512245952,0.1069318025002705,1
2,2,16,0.0,identity,0,0.019060027862881,0.4355483632973336,0.1997684541639244,2
2,2,16,0.0,identity,2,0.0290941076598445,0.4688908508139936,0.1605819804796514,2
2,2,16,0.0,identity,4,0.0416513604597433,0.4829750130818437,0.170526840699113,2
2,2,16,0.0,relu,1,0.0464113845768171,0.7994307812390339,0.1463742161377025,3
2,2,16,0.0,relu,3,0.0756665198556175,0.8297363762757919,0.1766094739376947,3
2,2,16,0.25,identity,0,0.0080818415883456,0.907430977763876,0.1040207769347821,2
2,2,16,0.25,identity,2,0.0176331935642567,0.9000832741464053,0.0657039520986895,2
2,2,16,0.25,identity,4,0.0317764386216203,0.936399698862704,0.0447227035638008,2
2,2,16,0.25,relu,1,0.0763248247762377,0.9077795401061411,0.1286468563784566,3
2,2,16,0.25,relu,3,0.0777011887856576,0.940536564752694,0.0830719185039083,3
2,2,16,0.5,identity,0,0.0259191601751243,0.9369180643986142,0.0430683947749331,2
2,2,16,0.5,identity,2,0.0430054264500426,0.9461857822867162,0.0300139554751515,2
2,2,16,0.5,identity,4,0.0042209694280606,0.9703997547963834,0.0318821485572047,2
2,2,16,0.5,relu,1,0.1214818642068593,0.9243588975055176,0.1677322653964809,3
2,2,16,0.5,relu,3,0.0874368291561346,0.963941433758002,0.1281574734643703,2
2,2,16,0.75,identity,0,0.1310333517679847,0.965603872959416,0.0949797980666125,2
2,2,16,0.75,identity,2,0.0202662070893781,0.9674762958878848,0.0480082046573804,2
2,2,16,0.75,identity,4,0.0054016636643502,0.9844872665860026,0.0885463430113798,2
2,2,16,0.75,relu,1,0.1703893215632581,0.9552696824389008,0.1080707752735941,3
2,2,16,0.75,relu,3,0.2774680068292596,0.971474264531488,0.1386435193561228,3
2,2,16,1.0,identity,0,0.7964029377902352,0.9891832548260424,0.149813541426129,1
2,2,16,1.0,identity,2,0.1643701142924274,0.984476056904828,0.0667716601269592,1
2,2,16,1.0,identity,4,0.4562325146726756,0.9969393862390824,0.0362838243639993,1
2,2,16,1.0,relu,1,0.8907209766036166,0.9885742667007136,0.1294543185018195,1
2,2,16,1.0,relu,3,0.525933519511579,0.986196959088254,0.163799186108749,1
2,2,32,0.0,identity,0,0.0200852842300766,0.5054653836644428,0.1857733941467655,2
2,2,32,0.0,identity,2,0.0231251676609284,0.515963414566382,0.1648694050879379,2
2,2,32,0.0,identity,4,0.0110385384545784,0.5407680033450707,0.106726929105868,2
2,2,32,0.0,relu,1,0.0179316941572475,0.8254721084852079,0.1235223217028148,3
2,2,32,0.0,relu,3,0.0863535422669145,0.7973752278666094,0.105985663711603,3
2,2,32,0.25,identity,0,0.0294786851226573,0.8879823986305381,0.0545850462928671,2
2,2,32,0.25,identity,2,0.0113205511038819,0.9219260314765412,0.0788135120935123,2
2,2,32,0.25,identity,4,0.0103967000424471,0.9450678478575164,0.0876189838445103,2
2,2,32,0.25,relu,1,0.0437187515648853,0.9099053016167524,0.1053588314852968,3
2,2,32,0.25,relu,3,0.0478577608937847,0.9435651887014932,0.062248590072635,3
2,2,32,0.5,identity,0,0.0447362659700352,0.9400821949539104,0.0763827775531435,2
2,2,32,0.5,identity,2,0.0350302414790104,0.9500432930996742,0.0732192671049937,2
2,2,32,0.5,identity,4,0.0068709212296196,0.9627103536166084,0.0606007798693551,2
2,2,32,0.5,relu,1,0.0570720374788926,0.933808556887273,0.0961491944150322,3
2,2,32,0.5,relu,3,0.1255077738237567,0.9662427578845064,0.0802006240008322,3
2,2,32,0.75,identity,0,0.1073481496629801,0.95500857347784,0.1514690974829813,2
2,2,32,0.75,identity,2,0.1124518338258901,0.9678717526481856,0.1166013956764513,3
2,2,32,0.75,identity,4,0.1963427730172366,0.9715679684603212,0.1206790443095847,3
2,2,32,0.75,relu,1,0.11619943252884,0.9481062781948864,0.0984235674267903,3
2,2,32,0.75,relu,3,0.2267734123921789,0.9740725511872396,0.1111251750573225,3
2,2,32,1.0,identity,0,0.7709072071878033,0.9948846740046282,0.3232994158023882,1
2,2,32,1.0,identity,2,0.3174985643821517,0.9841228926859404,0.2587319785967283,2
2,2,32,1.0,identity,4,0.5479784936523502,0.995760634223231,0.0999252269869738,1
2,2,32,1.0,relu,1,0.8887470754082655,0.9885577999990868,0.1503110801932911,1
2,2,32,1.0,relu,3,0.4947634135163722,0.9894166944691546,0.1294940613441492,1
2,2,64,0.0,identity,0,0.020499990425164,0.6806813395110078,0.0953377418824484,2
2,2,64,0.0,identity,2,0.0188294834793075,0.7185296475800442,0.0983309047510127,2
2,2,64,0.0,identity,4,0.0217915452838419,0.7420630238884358,0.0853835889322948,2
2,2,64,0.0,relu,1,0.0204682806443333,0.8524082323470655,0.0990935828354779,3
2,2,64,0.0,relu,3,0.0273987912029009,0.7525008566065674,0.0867233431874969,3
2,2,64,0.25,identity,0,0.0102183166916647,0.9026640863413709,0.0655038863696353,2
2,2,64,0.25,identity,2,0.0051439569640512,0.9227459223401848,0.0527850612645336,2
2,2,64,0.25,identity,4,0.0154647169870643,0.9400966789760392,0.0692854983648433,2
2,2,64,0.25,relu,1,0.03913760703495,0.9265870286981712,0.0641702804977705,3
2,2,64,0.25,relu,3,0.0189621634762061,0.9529197004641012,0.0482403768719942,3
2,2,64,0.5,identity,0,0.0284206922560452,0.929659066722198,0.0551890264530687,2
2,2,64,0.5,identity,2,0.0077188991684424,0.9511154137055652,0.0323383547145278,2
2,2,64,0.5,identity,4,0.0151658028419903,0.9636382509767104,0.0390805582770953,2
2,2,64,0.5,relu,1,0.0509890911237562,0.9400761750894684,0.064155204033006,3
2,2,64,0.5,relu,3,0.0821065304833569,0.9674490728647416,0.0696220097395113,3
2,2,64,0.75,identity,0,0.0783482637531316,0.9740751194265692,0.0670638567508044,2
2,2,64,0.75,identity,2,0.0900100856487395,0.9714116638603528,0.097707253480902,3
2,2,64,0.75,identity,4,0.004930564540848,0.9873115668404562,0.0156323839509259,2
2,2,64,0.75,relu,1,0.1300531859539609,0.9520045731562208,0.1179359085790799,4
2,2,64,0.75,relu,3,0.1802723143053058,0.9756399029849592,0.101795152593932,3
2,2,64,1.0,identity,0,0.8217404872094065,0.9912956898866898,0.1905561295965031,1
2,2,64,1.0,identity,2,0.2807927960576418,0.983649849109856,0.0546950377384614,1
2,2,64,1.0,identity,4,0.6180770296968096,0.9943238127685052,0.1075619889149538,1
2,2,64,1.0,relu,1,0.8715301029420541,0.9893054114994484,0.1206292378135222,1
2,2,64,1.0,relu,3,0.500840536197561,0.9895404040957309,0.1497032932140057,1
2,2,96,0.0,identity,0,0.0063306765089466,0.7792567980110422,0.0371006564039252,2
2,2,96,0.0,identity,2,0.0355145528108718,0.726658882827222,0.080045446016922,2
2,2,96,0.0,identity,4,0.0089145000576752,0.7953651103094166,0.0567709379756283,2
2,2,96,0.0,relu,1,0.0215072790231226,0.8710226552512151,0.078001176778024,3
2,2,96,0.0,relu,3,0.068232207860159,0.899009404423254,0.0835559336246228,3
2,2,96,0.25,identity,0,0.011267768344069,0.9123137831853012,0.040630490841781,2
2,2,96,0.25,identity,2,0.0076619844569767,0.9290589419493814,0.0460585770120358,2
2,2,96,0.25,identity,4,0.01393702288323,0.947274961167255,0.0586841427151263,2
2,2,96,0.25,relu,1,0.0103297178685951,0.9339538671357775,0.0593719412856455,3
2,2,96,0.25,relu,3,0.0425630620257339,0.9579778125583496,0.0487052126021424,3
2,2,96,0.5,identity,0,0.0413725357085336,0.9300864320457152,0.0711901863395262,2
2,2,96,0.5,identity,2,0.0172579026376748,0.9619244567675104,0.0353229281879515,2
2,2,96,0.5,identity,4,0.0048885437856949,0.96301882990088,0.0404329381709499,2
2,2,96,0.5,relu,1,0.0292323791484427,0.9421889314358995,0.081502599616361,4
2,2,96,0.5,relu,3,0.1269087428214466,0.96833663485053,0.1225720630863843,3
2,2,96,0.75,identity,0,0.2439646377601441,0.970878667789684,0.1608436923333773,3
2,2,96,0.75,identity,2,0.108625753313365,0.9666687383777494,0.0813904103758598,3
2,2,96,0.75,identity,4,0.2150140806911014,0.9756670799604436,0.1054098270845974,3
2,2,96,0.75,relu,1,0.1386991156809703,0.962631434632912,0.0891499637913963,4
2,2,96,0.75,relu,3,0.186283301321439,0.9761189486089203,0.1129667215703742,3
2,2,96,1.0,identity,0,0.814506053028954,0.9907512165541932,0.3361568592221843,1
2,2,96,1.0,identity,2,0.2378818728267427,0.9852714115486836,0.1382854062566938,1
2,2,96,1.0,identity,4,0.6944181389463715,0.9932853469853868,0.1240283267510071,1
2,2,96,1.0,relu,1,0.9126340886079888,0.9916445865265044,0.2380810365484101,2
2,2,96,1.0,relu,3,0.6966236185579546,0.988176637501882,0.1527205523367765,2
2,32,16,0.0,identity,0,0.0066155729649882,0.6200553547402043,0.0993888896239235,2
2,32,16,0.0,identity,2,0.0064684105163784,0.6650228418014933,0.0947839740259167,2
2,32,16,0.0,identity,4,0.0060975239447439,0.7040954145265484,0.0902412533045906,2
2,32,16,0.0,relu,1,0.1669298676076724,0.7909906132643922,0.3140522465992073,2
2,32,16,0.0,relu,3,0.1280911538363672,0.8673704616762316,0.4167159294307084,3
2,32,16,0.25,identity,0,0.0067907978277981,0.9148484159976116,0.0236857778160751,2
2,32,16,0.25,identity,2,0.007735572780885,0.8964683713959635,0.0299338473437174,2
2,32,16,0.25,identity,4,0.0068295177243942,0.9310960174418385,0.0364692218036388,2
2,32,16,0.25,relu,1,0.2530608455005097,0.9183535956246636,0.3068082067354669,3
2,32,16,0.25,relu,3,0.2257749239331932,0.93061768544073,0.3768877862507082,3
2,32,16,0.5,identity,0,0.0092299913215374,0.9610031563468584,0.0147690030202869,2
2,32,16,0.5,identity,2,0.0086801669467946,0.940290007880738,0.0217596984016944,2
2,32,16,0.5,identity,4,0.0078007030309339,0.963213434808178,0.0278266164471717,2
2,32,16,0.5,relu,1,0.2554095986440767,0.945697849597072,0.1974530747888112,2
2,32,16,0.5,relu,3,0.1832766680408601,0.9578213202397976,0.184030006518467,2
2,32,16,0.75,identity,0,0.0108059860668233,0.9784509818047564,0.0217895509652702,2
2,32,16,0.75,identity,2,0.0092547109435067,0.9621724747392324,0.0163020339936161,2
2,32,16,0.75,identity,4,0.020054228735482,0.9811009502180472,0.0190189701640413,2
2,32,16,0.75,relu,1,0.2761935165544316,0.966932099997256,0.1393347547111665,2
2,32,16,0.75,relu,3,0.2385015883471645,0.9750189002827888,0.1649592305238158,2
2,32,16,1.0,identity,0,0.6447265516919287,0.9909841435061773,0.0790924909009365,1
2,32,16,1.0,identity,2,0.1601287267708763,0.982755958531952,0.1236690162582031,2
2,32,16,1.0,identity,4,0.6401600811204906,0.9916548096333756,0.1372892645183643,1
2,32,16,1.0,relu,1,0.6214653942838979,0.9846044028551988,0.1890791382999493,1
2,32,16,1.0,relu,3,0.3979194421931071,0.9850625736191913,0.1024841424974655,1
2,32,32,0.0,identity,0,0.0022923927141913,0.3434993368011102,0.0599131334510672,2
2,32,32,0.0,identity,2,0.0018053330710617,0.4362112450339217,0.0534088035607664,2
2,32,32,0.0,identity,4,0.0023867883804243,0.4492618432091325,0.0560345197475409,2
2,32,32,0.0,relu,1,0.0296603500638608,0.613553146204531,0.1195169712742893,3
2,32,32,0.0,relu,3,0.0235955398428406,0.68108485991929,0.1376976744728289,3
2,32,32,0.25,identity,0,0.0022610705629884,0.8345179401272113,0.0150343698328778,2
2,32,32,0.25,identity,2,0.0021783087477314,0.8166813818624308,0.0167113015902183,2
2,32,32,0.25,identity,4,0.0022185514298933,0.8640887802724979,0.0285783520417503,2
2,32,32,0.25,relu,1,0.0558931599260749,0.8508667796081205,0.1362404023885403,3
2,32,32,0.25,relu,3,0.0328469764398452,0.8882951117496809,0.0966836121944562,3
2,32,32,0.5,identity,0,0.0027681807270211,0.9020204539189616,0.0144504364695346,2
2,32,32,0.5,identity,2,0.0039306558485003,0.893115697134742,0.0201524793317651,2
2,32,32,0.5,identity,4,0.004463384245181,0.9214258913157624,0.0270654891647691,2
2,32,32,0.5,relu,1,0.0623285017176199,0.904873850210924,0.112601408200406,3
2,32,32,0.5,relu,3,0.0210461518587797,0.9193756698762544,0.0603060581675944,2
2,32,32,0.75,identity,0,0.004434475091262,0.9480723949608154,0.010208120352735,2
2,32,32,0.75,identity,2,0.0064229440979737,0.943413097976012,0.0297216847026444,2
2,32,32,0.75,identity,4,0.0057870569813324,0.961794661627126,0.0174975140858652,2
2,32,32,0.75,relu,1,0.0908041889369165,0.93847278311523,0.1371911070956734,3
2,32,32,0.75,relu,3,0.0405207607561089,0.9433600214856266,0.0662335051592891,2
2,32,32,1.0,identity,0,0.5519932525328443,0.9861373379348928,0.117640791723176,1
2,32,32,1.0,identity,2,0.1352117190542873,0.9827130828366912,0.0777897716540643,1
2,32,32,1.0,identity,4,0.4057921205228126,0.9933993364408,0.0684258073311534,1
2,32,32,1.0,relu,1,0.6546014928363048,0.9896676287796956,0.1058703057246052,1
2,32,32,1.0,relu,3,0.4428591351392932,0.9885452485823836,0.0693456589336061,1
2,32,64,0.0,identity,0,0.003666511499585,0.5380288519827572,0.0384585584440799,2
2,32,64,0.0,identity,2,0.0024968151057461,0.5841829195038659,0.0372775942773081,2
2,32,64,0.0,identity,4,0.0041142728606685,0.6271600420431931,0.0388653384885138,2
2,32,64,0.0,relu,1,0.0086302944973845,0.7948615322845356,0.04856936742211,3
2,32,64,0.0,relu,3,0.0089079113640538,0.8250936992455306,0.0403591564621395,3
2,32,64,0.25,identity,0,0.0030361079420799,0.8332378104142374,0.0199634923208201,2
2,32,64,0.25,identity,2,0.0025653609901422,0.826316120897209,0.0240384278084779,2
2,32,64,0.25,identity,4,0.0038579084427376,0.8699737664642135,0.0282150648166982,2
2,32,64,0.25,relu,1,0.0147014513257123,0.8813165094687531,0.0432230093868288,3
2,32,64,0.25,relu,3,0.0101221853888705,0.9023768248285648,0.0377673584531942,3
2,32,64,0.5,identity,0,0.0057515832641667,0.8840031652331339,0.0227622779566931,2
2,32,64,0.5,identity,2,0.004396470544531,0.8789767457472266,0.0253782947960527,2
2,32,64,0.5,identity,4,0.0061275423861164,0.9182139581217816,0.039068448041863,2
2,32,64,0.5,relu,1,0.0289283044809451,0.9140386151174212,0.0556979232943787,3
2,32,64,0.5,relu,3,0.0222297556973518,0.9238329588341552,0.0522065118238897,3
2,32,64,0.75,identity,0,0.010092427002729,0.9315601257230502,0.0241284462408245,2
2,32,64,0.75,identity,2,0.0059777993912948,0.9341188923639804,0.0213506142159699,2
2,32,64,0.75,identity,4,0.008454858790755,0.9527581151831962,0.0420649898825365,2
2,32,64,0.75,relu,1,0.0550265317903117,0.937127359842623,0.0645594382197557,3
2,32,64,0.75,relu,3,0.052499937258289,0.944715315630379,0.0638072940142479,3
2,32,64,1.0,identity,0,0.5176051958541804,0.9923419655635076,0.0818430890189068,1
2,32,64,1.0,identity,2,0.1837834357444144,0.9840190597503518,0.0676311596532404,1
2,32,64,1.0,identity,4,0.4628277730829621,0.9944424844123202,0.1036380179897138,1
2,32,64,1.0,relu,1,0.5150993951555196,0.9869439698402656,0.1271446758512751,1
2,32,64,1.0,relu,3,0.4267823531430568,0.9860065738736284,0.1060791162987478,1
2,32,96,0.0,identity,0,0.002971334825141,0.5729470760234164,0.036615552968587,2
2,32,96,0.0,identity,2,0.0033689583310953,0.5834240507515454,0.0361975017880507,2
2,32,96,0.0,identity,4,0.0053068417700812,0.656337462890034,0.0404318152618422,2
2,32,96,0.0,relu,1,0.0083006275018259,0.8051558709770673,0.0440305306332483,3
2,32,96,0.0,relu,3,0.0047385991202997,0.8513314511471277,0.03054584966659,3
2,32,96,0.25,identity,0,0.0036386202512447,0.839156731471449,0.026558996590318,2
2,32,96,0.25,identity,2,0.0029798093424137,0.833795619876389,0.0268876946770537,2
2,32,96,0.25,identity,4,0.0037918747204861,0.8712508676315711,0.0314771334959673,2
2,32,96,0.25,relu,1,0.0119273303402038,0.899712255686802,0.0353708287988702,3
2,32,96,0.25,relu,3,0.0103038173391622,0.9137701839699048,0.0457038086698028,3
2,32,96,0.5,identity,0,0.0070446768676705,0.8890088576059649,0.024828917598085,2
2,32,96,0.5,identity,2,0.0047674932689047,0.883469877665356,0.0251681459497351,2
2,32,96,0.5,identity,4,0.0047769984598629,0.9126370739686966,0.03005162553423,2
2,32,96,0.5,relu,1,0.024757847760615,0.9247442010923372,0.0532798177718324,3
2,32,96,0.5,relu,3,0.0265202671807287,0.9346857150837892,0.0580000825265438,3
2,32,96,0.75,identity,0,0.0668300116855476,0.9362980103188954,0.0791344553819728,3
2,32,96,0.75,identity,2,0.0475646329366134,0.9343241244717732,0.0889352102016857,3
2,32,96,0.75,identity,4,0.0121840884406045,0.9563653705978942,0.0334205501240724,2
2,32,96,0.75,relu,1,0.0634156445051056,0.947363252401538,0.0653752924857622,3
2,32,96,0.75,relu,3,0.0470870016211201,0.954038712925478,0.0533985694618228,3
2,32,96,1.0,identity,0,0.3998390057915808,0.9956198513115958,0.0666490694638897,1
2,32,96,1.0,identity,2,0.3034603312969282,0.9809868932194934,0.1413014270929851,2
2,32,96,1.0,identity,4,0.3426753433434822,0.9956106258708344,0.1336104285927794,1
2,32,96,1.0,relu,1,0.4976729599381569,0.9873661866633848,0.1119100354343109,1
2,32,96,1.0,relu,3,0.3430051381147825,0.9853040768783716,0.0992671496511803,1
2,4,16,0.0,identity,0,0.0088337227670885,0.2324128475316885,0.2003760937158481,2
2,4,16,0.0,identity,2,0.0150662591511842,0.3972791890344276,0.2420343372929999,2
2,4,16,0.0,identity,4,0.0080828821399345,0.4970815441819841,0.1300583285295928,2
2,4,16,0.0,relu,1,0.0494664843743347,0.7399981408608691,0.1759402820561037,3
2,4,16,0.0,relu,3,0.0171838331063673,0.6713802044039567,0.1280531998691751,3
2,4,16,0.25,identity,0,0.0075269967813168,0.8857045973752934,0.0233853090882392,2
2,4,16,0.25,identity,2,0.017680877764732,0.8832552562099933,0.0594132573539224,2
2,4,16,0.25,identity,4,0.0075426764047255,0.9179614476784236,0.0510413010500841,2
2,4,16,0.25,relu,1,0.0543365941287925,0.9049919094430326,0.132303682578053,3
2,4,16,0.25,relu,3,0.0480426287755262,0.9219316088992888,0.0780922367166345,3
2,4,16,0.5,identity,0,0.0049858080290864,0.9314099388760604,0.0257205118558297,2
2,4,16,0.5,identity,2,0.0156363113548406,0.9463435486701476,0.0557899156489582,2
2,4,16,0.5,identity,4,0.0097971537582937,0.963690092845652,0.0532961263509697,2
2,4,16,0.5,relu,1,0.1398884195211487,0.9520953848263826,0.2663510974223892,3
2,4,16,0.5,relu,3,0.1252977054909353,0.9519251528303658,0.0789426616425165,3
2,4,16,0.75,identity,0,0.0445904481095389,0.955496176237708,0.0752526376912973,2
2,4,16,0.75,identity,2,0.0288177749639415,0.9737902436309906,0.0870662139394139,2
2,4,16,0.75,identity,4,0.023978459226988,0.9789181463762529,0.0367241625280551,2
2,4,16,0.75,relu,1,0.2296619519932406,0.9731113235404948,0.2205808089390445,2
2,4,16,0.75,relu,3,0.2323474142823886,0.975204520740836,0.0804463445940311,3
2,4,16,1.0,identity,0,0.5109129031109558,0.9915793852034694,0.0560950025299111,1
2,4,16,1.0,identity,2,0.9617297857597036,0.9976608998211084,0.9470011203969522,1
2,4,16,1.0,identity,4,0.6063084667585679,0.9961721489334228,0.2870187638983145,1
2,4,16,1.0,relu,1,0.8075164266519741,0.9881240782155116,0.242977130081994,1
2,4,16,1.0,relu,3,0.3652123228749349,0.9816874205138718,0.0786487849230129,1
2,4,32,0.0,identity,0,0.004441914748113,0.3890637726325574,0.1142888862768842,2
2,4,32,0.0,identity,2,0.0155209128884955,0.5449931070962775,0.192292576542195,2
2,4,32,0.0,identity,4,0.0083971183613854,0.5095360267000386,0.1153441892122884,2
2,4,32,0.0,relu,1,0.0394194591568446,0.7862298427917883,0.0969357312162412,3
2,4,32,0.0,relu,3,0.0069151355846924,0.8089407528969893,0.095054223589081,3
2,4,32,0.25,identity,0,0.0196859166869719,0.8856652940019505,0.0376301440207571,2
2,4,32,0.25,identity,2,0.0094778014181009,0.8784308906356342,0.0773574818653898,2
2,4,32,0.25,identity,4,0.0057448827600075,0.9165734723240498,0.0516801863954581,2
2,4,32,0.25,relu,1,0.0412960276048112,0.9233399864283102,0.0950968388244543,3
2,4,32,0.25,relu,3,0.0272203837270769,0.9272397967582056,0.0549261647103683,3
2,4,32,0.5,identity,0,0.0128710956042593,0.9322640292742116,0.0381127386672774,2
2,4,32,0.5,identity,2,0.0257857853541418,0.9339764313252892,0.087366931220542,2
2,4,32,0.5,identity,4,0.019491339102319,0.9526539325372484,0.0634668133359355,2
2,4,32,0.5,relu,1,0.1019444105368509,0.9532499221394182,0.2398723770223917,3
2,4,32,0.5,relu,3,0.0834990618415778,0.9530034988879604,0.0676509720137639,3
2,4,32,0.75,identity,0,0.0536352649675736,0.9786075120206056,0.1840239839126818,2
2,4,32,0.75,identity,2,0.0454932872314159,0.9805770138551716,0.2764860241948675,2
2,4,32,0.75,identity,4,0.0342877710120241,0.9813481813965972,0.1229219771859434,2
2,4,32,0.75,relu,1,0.1996422609721515,0.970065746572292,0.2990450337382282,2
2,4,32,0.75,relu,3,0.1526230048206709,0.9694089106807368,0.0859021361121177,3
2,4,32,1.0,identity,0,0.6667438425717837,0.9860453264430348,0.2402954908563568,1
2,4,32,1.0,identity,2,0.9014880902978498,0.9965933512010464,0.8203159674439778,1
2,4,32,1.0,identity,4,0.6639175960988101,0.9939393916585496,0.198024819861689,1
2,4,32,1.0,relu,1,0.6720822952151613,0.988258182023294,0.1904996825052091,1
2,4,32,1.0,relu,3,0.3838635132246236,0.9855703191856894,0.0587444377334051,1
2,4,64,0.0,identity,0,0.0111161181146035,0.5267516596520545,0.085393941601294,2
2,4,64,0.0,identity,2,0.0194550392052231,0.6279388859893982,0.1176357277335087,2
2,4,64,0.0,identity,4,0.0022804163618932,0.5965859156381225,0.0910560077786593,2
2,4,64,0.0,relu,1,0.0108303686249117,0.8350771586798733,0.0664713945613488,3
2,4,64,0.0,relu,3,0.0075955544907866,0.8618177952681035,0.0643067635436836,3
2,4,64,0.25,identity,0,0.0084024711516709,0.8860790221603514,0.0393812116181524,2
2,4,64,0.25,identity,2,0.0273238412474285,0.8777452773207229,0.0802643533150715,2
2,4,64,0.25,identity,4,0.0047408826531305,0.9173929082053948,0.0514378161964056,2
2,4,64,0.25,relu,1,0.028739330307086,0.926186649316509,0.0640252292737424,3
2,4,64,0.25,relu,3,0.0183520584770621,0.9453197282125704,0.0464624399998851,3
2,4,64,0.5,identity,0,0.0055667538855776,0.9217974229659096,0.0316298450633817,2
2,4,64,0.5,identity,2,0.030767047450412,0.933976550226891,0.0593218927040396,2
2,4,64,0.5,identity,4,0.0098529023323339,0.949957929452928,0.0293098478823741,2
2,4,64,0.5,relu,1,0.0801515087795304,0.948405983496309,0.1600684141599348,3
2,4,64,0.5,relu,3,0.0542310402052093,0.9535676022245254,0.0588798117290005,3
2,4,64,0.75,identity,0,0.0320254180628304,0.9609603482039384,0.0553249037469312,2
2,4,64,0.75,identity,2,0.1397870471524656,0.9674565122610392,0.1851251744044186,3
2,4,64,0.75,identity,4,0.0194428288797908,0.978629239965332,0.0396227354602733,2
2,4,64,0.75,relu,1,0.1597024508624532,0.9699041276814993,0.2331891785258018,3
2,4,64,0.75,relu,3,0.107106263000545,0.9655934877985224,0.0625092024736263,3
2,4,64,1.0,identity,0,0.6531091256922886,0.9864248822073652,0.1548364021330349,1
2,4,64,1.0,identity,2,0.8776662111358869,0.9972380749731812,0.7841452635402831,1
2,4,64,1.0,identity,4,0.6114535812912121,0.9955270988496738,0.2322369257351994,1
2,4,64,1.0,relu,1,0.7733842806515141,0.9874444298072372,0.3454809166741361,1
2,4,64,1.0,relu,3,0.2989568438276765,0.9822265019153608,0.0594430013288862,1
2,4,96,0.0,identity,0,0.0167142058131282,0.6176561301685269,0.0514718064103915,2
2,4,96,0.0,identity,2,0.0212160103027742,0.7176798236338532,0.069770793520396,2
2,4,96,0.0,identity,4,0.0046011564036956,0.6815625397586076,0.0603559945851287,2
2,4,96,0.0,relu,1,0.0273672208112677,0.8582434592408592,0.0696022715468075,3
2,4,96,0.0,relu,3,0.0106595146782382,0.8667868572484677,0.1051399469560031,4
2,4,96,0.25,identity,0,0.005730874668669,0.9042978749737248,0.0312436559209822,2
2,4,96,0.25,identity,2,0.0108773756542501,0.899505874004942,0.0496342715085705,2
2,4,96,0.25,identity,4,0.0076440199758877,0.9263771239310344,0.0419391566132651,2
2,4,96,0.25,relu,1,0.0231392711783067,0.9349299543468692,0.0847656106408249,3
2,4,96,0.25,relu,3,0.0170542139690634,0.9423465725140736,0.040160221573622,3
2,4,96,0.5,identity,0,0.0128167803857601,0.9326830614997472,0.0372047390212297,2
2,4,96,0.5,identity,2,0.0786714005296495,0.9396764583593344,0.1606453207422875,3
2,4,96,0.5,identity,4,0.0175859753976904,0.9515525803285692,0.0509887489034442,2
2,4,96,0.5,relu,1,0.0937773018414313,0.9563713686037596,0.1953542851562586,3
2,4,96,0.5,relu,3,0.0413906714859813,0.9542325034655,0.0642590552389666,4
2,4,96,0.75,identity,0,0.1489384618925677,0.9563039319345268,0.1300231546693699,3
2,4,96,0.75,identity,2,0.0683253333352087,0.9787844233940348,0.2357228410609482,2
2,4,96,0.75,identity,4,0.1326644808317814,0.974593358449373,0.1328427902453537,3
2,4,96,0.75,relu,1,0.1915746300991161,0.9658345010930318,0.2272828966359834,2
2,4,96,0.75,relu,3,0.1062632144337697,0.969240692308268,0.0583895746368237,3
2,4,96,1.0,identity,0,0.6907392176191164,0.9865363556472788,0.2921115728156229,1
2,4,96,1.0,identity,2,0.7635506674345088,0.9964091223480852,0.4733400478363409,1
2,4,96,1.0,identity,4,0.5717819316558147,0.996189289397705,0.1974448945417112,1
2,4,96,1.0,relu,1,0.7731865164030483,0.9871713272307194,0.2751569487097154,1
2,4,96,1.0,relu,3,0.3019889658326785,0.9851229314516592,0.0367063107792945,1
2,8,16,0.0,identity,0,0.0026806626885152,0.2674616954463426,0.1265743171666701,2
2,8,16,0.0,identity,2,0.0055049449985605,0.2926563549960525,0.1560058095745863,2
2,8,16,0.0,identity,4,0.00544303994211,0.4020995484332355,0.1955127429545033,2
2,8,16,0.0,relu,1,0.0547119858870509,0.7537035924692814,0.2163702586140612,3
2,8,16,0.0,relu,3,0.0375103176142532,0.796098126814336,0.1606422392900326,3
2,8,16,0.25,identity,0,0.0025650713233538,0.8733910526901482,0.0273160339195675,2
2,8,16,0.25,identity,2,0.0028521529149214,0.8833783627945831,0.0339421037275728,2
2,8,16,0.25,identity,4,0.0052416812915364,0.8836761076672836,0.0389384945948846,2
2,8,16,0.25,relu,1,0.0703788583826714,0.9107078925218488,0.1003455533013991,3
2,8,16,0.25,relu,3,0.0664034825389622,0.9226355413572644,0.1114010280956264,3
2,8,16,0.5,identity,0,0.0024114322124659,0.9255665747141424,0.0229975215361242,2
2,8,16,0.5,identity,2,0.004730259824959,0.9433156954857927,0.0216952239776761,2
2,8,16,0.5,identity,4,0.0121317444312776,0.9418776608828346,0.0390588569566314,2
2,8,16,0.5,relu,1,0.1678942653385132,0.9480171085018828,0.1532415442010166,3
2,8,16,0.5,relu,3,0.1388354578414473,0.9573447298046814,0.1180263769345911,3
2,8,16,0.75,identity,0,0.0181256609223276,0.9536696954217592,0.021942135961497,2
2,8,16,0.75,identity,2,0.0109083211034679,0.9712665345273812,0.0160978075230876,2
2,8,16,0.75,identity,4,0.0129375936690773,0.9780694343540428,0.0834995816026658,2
2,8,16,0.75,relu,1,0.1894468434166474,0.9675375230250092,0.0716286357008008,2
2,8,16,0.75,relu,3,0.2997185326528989,0.9731020369737232,0.1081374758583515,2
2,8,16,1.0,identity,0,0.5991655497409486,0.9881504828773308,0.0946447021650798,1
2,8,16,1.0,identity,2,0.4105283143239555,0.9930513865852671,0.1063486623825021,1
2,8,16,1.0,identity,4,0.8257428682563808,0.9985591596944476,0.953510239557562,2
2,8,16,1.0,relu,1,0.7252411587337569,0.9839078652156804,0.2071819991507877,1
2,8,16,1.0,relu,3,0.9234724469354308,0.9857581980658632,0.1520191347466772,1
2,8,32,0.0,identity,0,0.0049738677655389,0.4301298430335235,0.0883915108677831,2
2,8,32,0.0,identity,2,0.0038143665026642,0.45501657541828,0.0917342455229431,2
2,8,32,0.0,identity,4,0.0058227866475431,0.4612377954339463,0.1000152635856917,2
2,8,32,0.0,relu,1,0.0190945515423728,0.7620819750825029,0.1082318115940151,3
2,8,32,0.0,relu,3,0.0170068478775061,0.8014475719902522,0.0826377244060333,3
2,8,32,0.25,identity,0,0.0054979102972572,0.879755356082181,0.0297013922490179,2
2,8,32,0.25,identity,2,0.0112750869814173,0.8835764009930639,0.0349948776917966,2
2,8,32,0.25,identity,4,0.0088091222419599,0.885613022973231,0.0382806753403745,2
2,8,32,0.25,relu,1,0.0285739580120903,0.9044075447754756,0.0669940483855589,3
2,8,32,0.25,relu,3,0.0228381854397364,0.9049457348283352,0.0560560096191712,3
2,8,32,0.5,identity,0,0.0122722420622135,0.92352164342711,0.0294438740188685,2
2,8,32,0.5,identity,2,0.007586582765812,0.9284153856951812,0.0241416819742893,2
2,8,32,0.5,identity,4,0.0075453549488212,0.9442108775017396,0.0298726344029345,2
2,8,32,0.5,relu,1,0.064562145706641,0.935871984571192,0.0701178395172254,3
2,8,32,0.5,relu,3,0.0901995495460674,0.9361835775323872,0.0849278941119098,3
2,8,32,0.75,identity,0,0.0183160818556931,0.9545036978354366,0.0370152192087562,2
2,8,32,0.75,identity,2,0.0162166376954015,0.9608572050145524,0.0372690668397529,2
2,8,32,0.75,identity,4,0.1190502752935094,0.9622061191027804,0.1690086296005037,3
2,8,32,0.75,relu,1,0.1191011236280185,0.9578049885480684,0.0769107866454801,3
2,8,32,0.75,relu,3,0.1841496416982047,0.961133244934206,0.1209360511485947,3
2,8,32,1.0,identity,0,0.481649307643869,0.989426367806013,0.0943758453402916,2
2,8,32,1.0,identity,2,0.3378925492123975,0.9938027821839648,0.0624712033199284,1
2,8,32,1.0,identity,4,0.8748904336184873,0.9975463779034364,0.5782003601784054,1
2,8,32,1.0,relu,1,0.6504989131106717,0.9868178277341336,0.1272423174639481,1
2,8,32,1.0,relu,3,0.887469350821404,0.9830261171909228,0.2283385719651355,1
2,8,64,0.0,identity,0,0.007276354103073,0.4878905696671095,0.0841328784130216,2
2,8,64,0.0,identity,2,0.0051711941504427,0.4854420431583098,0.0916325724989298,2
2,8,64,0.0,identity,4,0.0054525106414661,0.5284122630536521,0.0789428039231557,2
2,8,64,0.0,relu,1,0.0086842394392028,0.8025075415738033,0.0592135533869661,3
2,8,64,0.0,relu,3,0.0190418272277204,0.8033870508978631,0.0670294764982559,4
2,8,64,0.25,identity,0,0.0052347492329489,0.8886514564738713,0.0288204866190759,2
2,8,64,0.25,identity,2,0.0060227045205902,0.8753519240458479,0.0511942057239553,2
2,8,64,0.25,identity,4,0.004629384135962,0.8827817045463441,0.049414187676172,2
2,8,64,0.25,relu,1,0.0150394789597015,0.914965816721466,0.0385140148897684,3
2,8,64,0.25,relu,3,0.0122234777519155,0.9164796531317304,0.0455982291921684,3
2,8,64,0.5,identity,0,0.0067284416619318,0.9300591513229658,0.0401617405234145,2
2,8,64,0.5,identity,2,0.0052425378935334,0.929808663362994,0.0315465257303233,2
2,8,64,0.5,identity,4,0.0053923807992034,0.9339063924552452,0.0373779098699656,2
2,8,64,0.5,relu,1,0.0707697609465752,0.9422177041957522,0.0711762126636551,4
2,8,64,0.5,relu,3,0.0730392889198214,0.9389222416154552,0.0808026900571805,3
2,8,64,0.75,identity,0,0.0125666686609844,0.9706425962194144,0.045981378353373,2
2,8,64,0.75,identity,2,0.1303567875777681,0.951756030139755,0.1278040228811161,3
2,8,64,0.75,identity,4,0.096088634702311,0.9634740207908624,0.1381234585360671,3
2,8,64,0.75,relu,1,0.0951404744955361,0.957214153417018,0.0712539444010349,3
2,8,64,0.75,relu,3,0.2028368626467654,0.9581301597676384,0.1232644414613461,3
2,8,64,1.0,identity,0,0.5113733934143381,0.989897083013702,0.1651529624351255,2
2,8,64,1.0,identity,2,0.4115712834167632,0.9940500006861864,0.1069117142233602,1
2,8,64,1.0,identity,4,0.8404443690705927,0.996072775390888,0.2291369098268083,1
2,8,64,1.0,relu,1,0.7039396729758508,0.9864579192025764,0.1600649872553029,1
2,8,64,1.0,relu,3,0.8092186847549662,0.9826555385406156,0.2345485341954248,1
2,8,96,0.0,identity,0,0.0105324125179931,0.5607852803497533,0.0566532692588382,2
2,8,96,0.0,identity,2,0.0043500950204814,0.6013882696584055,0.0588649418169397,2
2,8,96,0.0,identity,4,0.0047415466942818,0.6291135964852758,0.0561104868309316,2
2,8,96,0.0,relu,1,0.0144240160587762,0.842627137924519,0.0434496588878396,3
2,8,96,0.0,relu,3,0.022021058337591,0.847854000294827,0.0625788331781429,4
2,8,96,0.25,identity,0,0.0052153929079144,0.887472821328123,0.0262285983881892,2
2,8,96,0.25,identity,2,0.0059684855011951,0.8807287899083501,0.0465214337800931,2
2,8,96,0.25,identity,4,0.0081572604029741,0.8911400345650273,0.0502801418555535,2
2,8,96,0.25,relu,1,0.0157164843763637,0.9251239115042104,0.0371665389123348,3
2,8,96,0.25,relu,3,0.0216257736939034,0.925980029903303,0.0433375366101946,3
2,8,96,0.5,identity,0,0.0062887979233667,0.9238283143430984,0.0190620260763371,2
2,8,96,0.5,identity,2,0.0090978258793047,0.9302989785474473,0.0351039620432478,2
2,8,96,0.5,identity,4,0.0061494722843267,0.936318806739597,0.0343369499970217,2
2,8,96,0.5,relu,1,0.0602859741288391,0.9385999443587142,0.0640822844092397,4
2,8,96,0.5,relu,3,0.0814101067106986,0.9479486060835876,0.0692791980210472,3
2,8,96,0.75,identity,0,0.0150641147560013,0.9696613754166528,0.0425104425333719,2
2,8,96,0.75,identity,2,0.0969131098131475,0.961830057379636,0.0981478253272234,3
2,8,96,0.75,identity,4,0.1110638580046249,0.9750705783342504,0.1055995314036465,3
2,8,96,0.75,relu,1,0.113282023835967,0.9585453076700964,0.0780417851491013,3
2,8,96,0.75,relu,3,0.2027639807723598,0.9584498260679902,0.110157510247752,3
2,8,96,1.0,identity,0,0.4056736129996784,0.9919226908786204,0.0788932647909842,2
2,8,96,1.0,identity,2,0.4457032014133211,0.9927032321003396,0.0894298013759356,1
2,8,96,1.0,identity,4,0.7992986189655628,0.9940501499754631,0.2932837038123629,1
2,8,96,1.0,relu,1,0.6681385443671264,0.9879984117994643,0.1486623928832381,1
2,8,96,1.0,relu,3,0.845663062455037,0.9783593292449568,0.2945096101138738,1
4,16,16,0.0,identity,0,0.0075300041885657,0.4823338914672938,0.1792798882214751,3
4,16,16,0.0,identity,2,0.0097820416741218,0.5070254680388143,0.1925956818468458,3
4,16,16,0.0,identity,4,0.0100964019759009,0.4805176013141526,0.1846213108502938,3
4,16,16,0.0,relu,1,0.209464612246851,0.7328676248786385,0.6649127305022079,3
4,16,16,0.0,relu,3,0.1987440016723421,0.7899662443495268,0.5864792172288632,4
4,16,16,0.25,identity,0,0.013019088618947,0.9065742200929696,0.0367861646067095,3
4,16,16,0.25,identity,2,0.011253444624763,0.8831436871888135,0.0417430971957077,3
4,16,16,0.25,identity,4,0.0243922643195204,0.9191188592160492,0.0363056487562343,3
4,16,16,0.25,relu,1,0.2621006058302236,0.9267024688941506,0.3691455653935186,4
4,16,16,0.25,relu,3,0.173568052416823,0.932045796476936,0.2571657996649894,4
4,16,16,0.5,identity,0,0.0109652682089122,0.9557483356544269,0.0250489207094082,3
4,16,16,0.5,identity,2,0.0156956550528277,0.9600377549655754,0.0267648172097502,3
4,16,16,0.5,identity,4,0.0139604549895618,0.9640139104254676,0.0261205373224009,3
4,16,16,0.5,relu,1,0.3423800576504278,0.9612187716321434,0.2596602853326429,3
4,16,16,0.5,relu,3,0.3624546905634324,0.96344373005429,0.2351573553566948,3
4,16,16,0.75,identity,0,0.0275458874128923,0.9768088891509789,0.0418314715037859,3
4,16,16,0.75,identity,2,0.0171932270939184,0.9778758363122808,0.029804099574298,3
4,16,16,0.75,identity,4,0.0249131404907719,0.9795371362259186,0.0439341682749754,4
4,16,16,0.75,relu,1,0.3271123610479918,0.9738252245675262,0.1456531113040474,3
4,16,16,0.75,relu,3,0.3877433892819355,0.9750836554965552,0.2294525269539671,4
4,16,16,1.0,identity,0,0.4817323702867404,0.9938813567826852,0.1764072166800729,2
4,16,16,1.0,identity,2,0.1797282434131137,0.9943640754146016,0.1238283623011942,2
4,16,16,1.0,identity,4,0.3024284775917158,0.9943760978830248,0.0619977416926135,1
4,16,16,1.0,relu,1,0.6936578231076129,0.9869438427557472,0.1326400989492358,2
4,16,16,1.0,relu,3,0.7089606522309274,0.9886777098425078,0.164650920151729,2
4,16,32,0.0,identity,0,0.0070758263697836,0.456389836757181,0.1207973008702677,4
4,16,32,0.0,identity,2,0.0089707539028984,0.4463605667955726,0.1284599232352562,4
4,16,32,0.0,identity,4,0.0049312904148613,0.4375709278188835,0.1082160767219599,4
4,16,32,0.0,relu,1,0.0056741495577926,0.7505356993143769,0.0529156529880599,4
4,16,32,0.0,relu,3,0.0106724481660067,0.7733818180698784,0.0933317431190967,5
4,16,32,0.25,identity,0,0.00462606656527,0.8774836212485263,0.030383526223754,4
4,16,32,0.25,identity,2,0.0063945363244836,0.8815074289021081,0.0276032263531618,4
4,16,32,0.25,identity,4,0.0050794757683172,0.8856576766285463,0.0256756577022663,4
4,16,32,0.25,relu,1,0.0122948448518451,0.911326639873852,0.0379884640452367,4
4,16,32,0.25,relu,3,0.0174770624085713,0.9180386392037332,0.0570926093666197,4
4,16,32,0.5,identity,0,0.0072353772424767,0.9280484470436844,0.0271548487636267,4
4,16,32,0.5,identity,2,0.0082556230032937,0.930568542834616,0.0205331146536185,4
4,16,32,0.5,identity,4,0.0062417165184418,0.9308698098851842,0.0263131876254119,4
4,16,32,0.5,relu,1,0.0508408315332494,0.946815035818698,0.0684571179639456,4
4,16,32,0.5,relu,3,0.0558946558920029,0.9484266019015734,0.0751687962812175,4
4,16,32,0.75,identity,0,0.0161922548451793,0.964988722447512,0.0297384212834064,4
4,16,32,0.75,identity,2,0.00809383736343,0.9600694860483802,0.0219247371079836,4
4,16,32,0.75,identity,4,0.0103725495062279,0.9615835157593228,0.0334991626188269,4
4,16,32,0.75,relu,1,0.1144596565226507,0.9620076540163918,0.0793369976891052,4
4,16,32,0.75,relu,3,0.17776263115999,0.966759309965169,0.1278223305832548,5
4,16,32,1.0,identity,0,0.1516195843983268,0.9935727243729076,0.034800871824864,1
4,16,32,1.0,identity,2,0.2910335814604772,0.9935921811647838,0.0844480201995101,2
4,16,32,1.0,identity,4,0.3015754616202069,0.994532513785825,0.08102302943201,2
4,16,32,1.0,relu,1,0.6798924104369217,0.9877802110870496,0.1103088804691515,2
4,16,32,1.0,relu,3,0.7144994119696334,0.9849396738015572,0.1528571470442691,2
4,16,64,0.0,identity,0,0.0068300061294389,0.5507792201516802,0.099185011546662,4
4,16,64,0.0,identity,2,0.0077356732658801,0.5941133901830535,0.1000526975592471,4
4,16,64,0.0,identity,4,0.0076657530598487,0.6143080309235556,0.1024884362201299,4
4,16,64,0.0,relu,1,0.006658310227552,0.810148510343815,0.0512493155399198,5
4,16,64,0.0,relu,3,0.0083684107060532,0.8114716919119463,0.0492066966201778,6
4,16,64,0.25,identity,0,0.0094870138134743,0.8862001373668984,0.0319163553395314,4
4,16,64,0.25,identity,2,0.0063606102858257,0.8823198292345757,0.0311433363884396,4
4,16,64,0.25,identity,4,0.0080057021359327,0.8953133766456649,0.0313213504390677,4
4,16,64,0.25,relu,1,0.0214611464016671,0.9196953754956484,0.0464850842326917,5
4,16,64,0.25,relu,3,0.0210453256034133,0.9264814516951104,0.0452308211467174,5
4,16,64,0.5,identity,0,0.0110364518865256,0.9343079223023566,0.0326011819522892,4
4,16,64,0.5,identity,2,0.0063722080329566,0.9308116012153204,0.0321896456486804,4
4,16,64,0.5,identity,4,0.0104833139559054,0.9328370065977728,0.0264726225656574,4
4,16,64,0.5,relu,1,0.0433733380342977,0.9459830299036562,0.0486008249914756,5
4,16,64,0.5,relu,3,0.0515494359437114,0.9502629164330506,0.0554810067916243,5
4,16,64,0.75,identity,0,0.0243475527992134,0.9647888895577288,0.0435240887467662,4
4,16,64,0.75,identity,2,0.0130112836062644,0.9608855025070672,0.0321786073695626,4
4,16,64,0.75,identity,4,0.0224914167021631,0.9643369132607924,0.0387795616458004,4
4,16,64,0.75,relu,1,0.0980198664963518,0.9651543139378568,0.0633306578725503,5
4,16,64,0.75,relu,3,0.1504807059090153,0.9676965393702508,0.0945578685716761,6
4,16,64,1.0,identity,0,0.2107637262258374,0.9934312609811212,0.0866266227228512,1
4,16,64,1.0,identity,2,0.303820035114405,0.9923363767859924,0.0636453462387464,2
4,16,64,1.0,identity,4,0.3281684096779114,0.9942219985656826,0.0867686479981958,2
4,16,64,1.0,relu,1,0.6339078506859764,0.9881255487986286,0.117021349885961,3
4,16,64,1.0,relu,3,0.6654163271952623,0.9851835154158496,0.1749197778213812,2
4,16,96,0.0,identity,0,0.0071142847621542,0.5604913751945239,0.0904344326773046,4
4,16,96,0.0,identity,2,0.0111742878049134,0.60746102777627,0.1048997690247242,4
4,16,96,0.0,identity,4,0.0079266139341234,0.6534673203513355,0.0732270957309413,3
4,16,96,0.0,relu,1,0.0046872959103034,0.8156304110016003,0.0461144681081055,5
4,16,96,0.0,relu,3,0.0082479139375704,0.8503529396091728,0.0464315266656906,6
4,16,96,0.25,identity,0,0.0072090949031352,0.8855608400916765,0.0373490334497256,4
4,16,96,0.25,identity,2,0.0085708678805246,0.8888521044970682,0.0319485791316821,4
4,16,96,0.25,identity,4,0.0076607976236291,0.8847034338760243,0.0349544279070959,4
4,16,96,0.25,relu,1,0.017094165373405,0.9305758181088124,0.0349278645222711,5
4,16,96,0.25,relu,3,0.0174485779488631,0.9365686971495316,0.0383938941683305,6
4,16,96,0.5,identity,0,0.0105683107586494,0.931870229680369,0.02798834926283,4
4,16,96,0.5,identity,2,0.0064072540800312,0.9322442328859606,0.029894364905793,4
4,16,96,0.5,identity,4,0.0109084826809518,0.9313285431022466,0.0304929846557835,4
4,16,96,0.5,relu,1,0.0428696155132763,0.951424062286972,0.0462185030432095,5
4,16,96,0.5,relu,3,0.0482360291171588,0.9536751489590386,0.0567292596876842,6
4,16,96,0.75,identity,0,0.0178074031904061,0.9622373950776332,0.0375226285995177,4
4,16,96,0.75,identity,2,0.0105281464310934,0.964145349952022,0.0239859809126985,4
4,16,96,0.75,identity,4,0.0143568745610656,0.9628777620389882,0.0348647615659426,4
4,16,96,0.75,relu,1,0.0915338939125591,0.9689486582727675,0.056839434266126,5
4,16,96,0.75,relu,3,0.134646005271712,0.968970772106842,0.0832221051042618,6
4,16,96,1.0,identity,0,0.2357598452595478,0.9938207953210108,0.0414764369920682,1
4,16,96,1.0,identity,2,0.3004403849258185,0.9938536676320122,0.1070505547865099,2
4,16,96,1.0,identity,4,0.3442826667554766,0.9948616141856004,0.0965378854783064,2
4,16,96,1.0,relu,1,0.5841319207943625,0.9872927786213253,0.0858287582317216,2
4,16,96,1.0,relu,3,0.7212880031439477,0.9848815918119188,0.1605017492577899,3
4,1,16,0.0,identity,0,0.0454673532850081,0.5816163084183885,0.2478739407623528,4
4,1,16,0.0,identity,2,0.0591754987404031,0.7335926417583669,0.2197093888656668,4
4,1,16,0.0,identity,4,0.1062109411279609,0.5419395272073484,0.231565415218116,3
4,1,16,0.0,relu,1,0.0797291600361204,0.6247920653951257,0.2611662235852671,5
4,1,16,0.0,relu,3,0.0419574815990026,0.8202086814537385,0.1133615057907752,4
4,1,16,0.25,identity,0,0.0909231839759394,0.9133691527824244,0.095903453429281,4
4,1,16,0.25,identity,2,0.0401581333165941,0.9428003127305918,0.1273072916987969,4
4,1,16,0.25,identity,4,0.0582282427788826,0.9204460363665212,0.0681158705452786,4
4,1,16,0.25,relu,1,0.0814250961647605,0.9359740445707966,0.1391855451621512,4
4,1,16,0.25,relu,3,0.0421864625432077,0.9229002573852172,0.1248619245274731,4
4,1,16,0.5,identity,0,0.1024990213202047,0.9553212396621288,0.0957826039469698,4
4,1,16,0.5,identity,2,0.0534333336677059,0.9686539497892388,0.2530102604022369,3
4,1,16,0.5,identity,4,0.0336389345691162,0.9559878154746424,0.0718397804837725,4
4,1,16,0.5,relu,1,0.0802048737812554,0.9543714222422384,0.0992179263064492,4
4,1,16,0.5,relu,3,0.1786568994160144,0.9349445018001448,0.2126526331086686,5
4,1,16,0.75,identity,0,0.0559979365705225,0.967185163376827,0.0676077502995881,4
4,1,16,0.75,identity,2,0.1441644760442391,0.9852301092958032,0.2783601978918163,3
4,1,16,0.75,identity,4,0.1602974020018677,0.9779114258162792,0.0738539406576827,4
4,1,16,0.75,relu,1,0.3601011430585693,0.9602130918481898,0.1389728732893445,4
4,1,16,0.75,relu,3,0.4262673417532293,0.9670468583080224,0.2480092169176198,4
4,1,16,1.0,identity,0,0.4453045217289721,0.989198556197726,0.1361778283078579,1
4,1,16,1.0,identity,2,0.9954251318523312,0.997371500500288,0.9981527040054944,2
4,1,16,1.0,identity,4,0.9155098885131336,0.9910994873615158,0.0841476259265966,1
4,1,16,1.0,relu,1,0.8929500856064041,0.9848393353823952,0.1238953159126534,1
4,1,16,1.0,relu,3,0.8505100584471813,0.9817558653746156,0.2913227006246786,1
4,1,32,0.0,identity,0,0.0731645740017253,0.5137201146763929,0.1980340212394344,3
4,1,32,0.0,identity,2,0.0472637601545514,0.6283273224435857,0.278569028276908,4
4,1,32,0.0,identity,4,0.0123694933024139,0.6924579055205415,0.1504387601302539,3
4,1,32,0.0,relu,1,0.0521292263073478,0.8577697460194399,0.1678710050601818,5
4,1,32,0.0,relu,3,0.0502199974873708,0.8764245991721868,0.1474001398964425,5
4,1,32,0.25,identity,0,0.0702137413473627,0.9244163080295812,0.1078915988591026,4
4,1,32,0.25,identity,2,0.0810223565421766,0.9523436533983624,0.1959131121381461,4
4,1,32,0.25,identity,4,0.0484711287938007,0.9315532801119732,0.0732769861702506,4
4,1,32,0.25,relu,1,0.0229350144156809,0.9486992036566538,0.1145698614965316,5
4,1,32,0.25,relu,3,0.0615148016112482,0.9385724097138494,0.1078104534387041,5
4,1,32,0.5,identity,0,0.0452214340993312,0.9478912708958344,0.0824373966526988,4
4,1,32,0.5,identity,2,0.0714691780324294,0.9567377264605386,0.2431128208219834,4
4,1,32,0.5,identity,4,0.0569031655420727,0.9553244102845356,0.1165876238992261,4
4,1,32,0.5,relu,1,0.1357059064770389,0.9547828574331124,0.1335506688220598,5
4,1,32,0.5,relu,3,0.2343519604464144,0.963860331385395,0.1656154530316857,6
4,1,32,0.75,identity,0,0.3337712700507349,0.9619908359836652,0.1551824430046283,5
4,1,32,0.75,identity,2,0.3380629296305903,0.9700651022533991,0.3983648037478015,4
4,1,32,0.75,identity,4,0.2623737972975958,0.9799205495772972,0.0909224760397585,4
4,1,32,0.75,relu,1,0.2583660977761904,0.9679713953320732,0.1150660324009041,4
4,1,32,0.75,relu,3,0.3739675093262765,0.97353022162786,0.1421323010369215,4
4,1,32,1.0,identity,0,0.534568818480182,0.9868948839831118,0.1721308413291212,1
4,1,32,1.0,identity,2,0.9864064475119114,0.996558347434538,0.9924125104865104,2
4,1,32,1.0,identity,4,0.7122476047992856,0.9973994566622504,0.0329253847861665,1
4,1,32,1.0,relu,1,0.8903479877788352,0.9840402278365872,0.1470746018504975,1
4,1,32,1.0,relu,3,0.8332563606166791,0.9843260113617064,0.2156940788626131,1
4,1,64,0.0,identity,0,0.0435855218699376,0.7339250223814545,0.2426628661641017,4
4,1,64,0.0,identity,2,0.0334836554132991,0.7397622617400359,0.2088951671569931,3
4,1,64,0.0,identity,4,0.01044813073185,0.8390232598897724,0.1122943248569654,4
4,1,64,0.0,relu,1,0.0402006767076347,0.8117881538980185,0.1230613579705014,5
4,1,64,0.0,relu,3,0.0496482201977566,0.8529019310278401,0.1590111895870727,6
4,1,64,0.25,identity,0,0.0387941631664484,0.9432521599829176,0.0940268981554425,4
4,1,64,0.25,identity,2,0.0597123720608328,0.9507391761838426,0.1725441343773849,4
4,1,64,0.25,identity,4,0.0163339803274651,0.9410620236598686,0.0773011908651764,4
4,1,64,0.25,relu,1,0.034900943072696,0.9467610145214084,0.0996567022119652,5
4,1,64,0.25,relu,3,0.0753671415579667,0.9507206284306156,0.0797402350616853,5
4,1,64,0.5,identity,0,0.0486733870910399,0.9557402096216222,0.1185615070657407,4
4,1,64,0.5,identity,2,0.2001131421296802,0.965553969312054,0.2787020240483813,4
4,1,64,0.5,identity,4,0.0348436553039599,0.947206190328873,0.0464342080689361,4
4,1,64,0.5,relu,1,0.049493818648275,0.9540354979907268,0.1211137238660791,5
4,1,64,0.5,relu,3,0.1591382701755617,0.9577023019329858,0.1484594618575341,6
4,1,64,0.75,identity,0,0.0536766099585703,0.9748535460848926,0.0708825339968064,4
4,1,64,0.75,identity,2,0.3604788624790681,0.9691582081540824,0.3121952662867481,4
4,1,64,0.75,identity,4,0.1655846435288032,0.9743070082158128,0.1025429906816,4
4,1,64,0.75,relu,1,0.2467794172596345,0.9665846893181916,0.1683487385189552,4
4,1,64,0.75,relu,3,0.3212664715510307,0.9679880071026452,0.1726024635087814,4
4,1,64,1.0,identity,0,0.244214884448764,0.9895117217664784,0.0209779390570006,1
4,1,64,1.0,identity,2,0.8763241443305042,0.9898105103095832,0.2570277658762226,1
4,1,64,1.0,identity,4,0.9525928640003378,0.9858996799984032,0.1585770767597823,1
4,1,64,1.0,relu,1,0.785695569028439,0.9885679565561978,0.1003374946641097,1
4,1,64,1.0,relu,3,0.7414914078648057,0.9883487514856978,0.14610690213618,1
4,1,96,0.0,identity,0,0.0214790443339781,0.8210567078506726,0.1064265465345771,4
4,1,96,0.0,identity,2,0.0676221987612621,0.8779018442468891,0.0971299058281844,4
4,1,96,0.0,identity,4,0.0448881343293496,0.846026830826445,0.0918819610819613,4
4,1,96,0.0,relu,1,0.0275460103194711,0.8930615011132683,0.1201572109988454,6
4,1,96,0.0,relu,3,0.0395930123924336,0.8690968482889373,0.1559632237164273,6
4,1,96,0.25,identity,0,0.0177652255038791,0.937513950827952,0.076286441318015,4
4,1,96,0.25,identity,2,0.0430606855712215,0.9632479742486648,0.1827317258064555,4
4,1,96,0.25,identity,4,0.0475817035865495,0.9425786196844004,0.0525919822725709,4
4,1,96,0.25,relu,1,0.02581265828783,0.9457430981941808,0.1319686524261265,6
4,1,96,0.25,relu,3,0.088859772244268,0.9489138632648176,0.0886354028033129,6
4,1,96,0.5,identity,0,0.0429909607771362,0.9544400404831488,0.0597041428586666,4
4,1,96,0.5,identity,2,0.2611004253426108,0.957549958662859,0.2269988625853198,4
4,1,96,0.5,identity,4,0.0499759596216406,0.9690686851161772,0.0617247778406776,4
4,1,96,0.5,relu,1,0.0661649418464279,0.963429367121632,0.1529577970431836,5
4,1,96,0.5,relu,3,0.1450556530500111,0.970957466132062,0.1065679041539987,6
4,1,96,0.75,identity,0,0.1454741639799396,0.9694374555040648,0.0453264230517153,4
4,1,96,0.75,identity,2,0.4041817640822788,0.9677569018751644,0.2877338793531427,4
4,1,96,0.75,identity,4,0.3268312640450607,0.975147746734581,0.1309434318670706,4
4,1,96,0.75,relu,1,0.2472348843810679,0.972021118188084,0.1505615226038152,5
4,1,96,0.75,relu,3,0.3356142047257153,0.9763494618768812,0.1546332040646725,5
4,1,96,1.0,identity,0,0.5834116230060413,0.9815369896776228,0.0769223769159166,1
4,1,96,1.0,identity,2,0.8309602514969018,0.9901643514216112,0.0950303534785704,1
4,1,96,1.0,identity,4,0.9312648736763856,0.9883323894530374,0.1019737547119645,1
4,1,96,1.0,relu,1,0.8260734981185837,0.987066874344521,0.1100632300579107,1
4,1,96,1.0,relu,3,0.7726749724662083,0.9876225432037198,0.1379765192323962,1
4,2,16,0.0,identity,0,0.0164576611639693,0.4240000558199682,0.3231984775156142,4
4,2,16,0.0,identity,2,0.0111345133086432,0.5324139314171366,0.2605608705857319,4
4,2,16,0.0,identity,4,0.0114561433638892,0.5035298773413684,0.2216649027782707,3
4,2,16,0.0,relu,1,0.0176600815954795,0.7241395932575223,0.122537439234044,4
4,2,16,0.0,relu,3,0.0384526896753895,0.7718392535522263,0.2485642489323782,5
4,2,16,0.25,identity,0,0.021407337200387,0.9116969244198416,0.080370972364039,4
4,2,16,0.25,identity,2,0.0227325015740817,0.9142082106863144,0.0850641809997954,4
4,2,16,0.25,identity,4,0.0071307155426493,0.8863342164551828,0.0560506877176473,3
4,2,16,0.25,relu,1,0.0783693810686303,0.912669324272197,0.1278295530040553,4
4,2,16,0.25,relu,3,0.0730350374175777,0.9353441114744152,0.1492085411640286,5
4,2,16,0.5,identity,0,0.0366809764425744,0.9504278935219634,0.0602590150417947,4
4,2,16,0.5,identity,2,0.0297597936913372,0.9309842659537816,0.083961639092978,4
4,2,16,0.5,identity,4,0.0149080635144062,0.9367809153998664,0.0688840152806588,4
4,2,16,0.5,relu,1,0.0798882324679812,0.9405379995178405,0.1061262234783206,4
4,2,16,0.5,relu,3,0.2489490237489944,0.9659267461437911,0.1530864596271318,5
4,2,16,0.75,identity,0,0.120479164797991,0.9670592362938412,0.1447076588319299,4
4,2,16,0.75,identity,2,0.0552620814929535,0.9636278958360956,0.0720816385838059,4
4,2,16,0.75,identity,4,0.0862923618297112,0.9481350714177088,0.0758204986562195,4
4,2,16,0.75,relu,1,0.2239178159362119,0.964799211409906,0.1369114891103841,3
4,2,16,0.75,relu,3,0.3460914824419134,0.969868020349954,0.145327345200289,5
4,2,16,1.0,identity,0,0.5972574110789051,0.9910724023564894,0.1614589879732622,2
4,2,16,1.0,identity,2,0.2047903389810274,0.9828935067474314,0.1813760206152316,1
4,2,16,1.0,identity,4,0.3671629728906981,0.9848402695874444,0.0414037719113533,1
4,2,16,1.0,relu,1,0.8650076079170599,0.9802458352606956,0.3036711523359358,1
4,2,16,1.0,relu,3,0.8967342702243507,0.9814219170177656,0.1931066712408682,2
4,2,32,0.0,identity,0,0.0154031356635232,0.5963167684757565,0.1988006391466441,4
4,2,32,0.0,identity,2,0.0698521047006553,0.6406773097240689,0.1862538386742996,3
4,2,32,0.0,identity,4,0.0236732080861642,0.565131044727563,0.1642416939371273,3
4,2,32,0.0,relu,1,0.0149326588927643,0.8681734266330311,0.0921747385101075,5
4,2,32,0.0,relu,3,0.0272778549880003,0.7837636198935253,0.1422923549117245,6
4,2,32,0.25,identity,0,0.0159209304088502,0.927016909928746,0.0779372347151959,4
4,2,32,0.25,identity,2,0.0528844282247676,0.9088659052649792,0.1194832583933018,4
4,2,32,0.25,identity,4,0.0316235978960833,0.8950871736219477,0.0585146206002473,3
4,2,32,0.25,relu,1,0.0456057329513995,0.9348935792518523,0.0908428076276353,5
4,2,32,0.25,relu,3,0.0428864339182185,0.9361330367511818,0.0936782965488801,5
4,2,32,0.5,identity,0,0.0438943636418114,0.9557015078745424,0.092496361743972,4
4,2,32,0.5,identity,2,0.0561649713820096,0.9374936552614852,0.1118902481656384,4
4,2,32,0.5,identity,4,0.030917907249656,0.9419066452629736,0.0596032497427473,4
4,2,32,0.5,relu,1,0.0544796713433805,0.940952959000601,0.092868786320467,5
4,2,32,0.5,relu,3,0.1491046996295197,0.9598070214705008,0.1034902487865927,5
4,2,32,0.75,identity,0,0.0947832600790487,0.965231405035679,0.1176332221923565,4
4,2,32,0.75,identity,2,0.1009344562021375,0.9625922567916286,0.1141950123705027,3
4,2,32,0.75,identity,4,0.0707794560972537,0.968981100181672,0.0670252772528851,4
4,2,32,0.75,relu,1,0.1779949369165638,0.9588094697522114,0.1405763638763164,4
4,2,32,0.75,relu,3,0.3103735166513468,0.9732242114603636,0.1122958922005918,6
4,2,32,1.0,identity,0,0.4672993543647333,0.9912091312267411,0.1462814321625485,2
4,2,32,1.0,identity,2,0.279001550661912,0.980440654737488,0.1593562254620637,1
4,2,32,1.0,identity,4,0.5233567448933282,0.9807391212773096,0.0948194374399576,1
4,2,32,1.0,relu,1,0.881809759006454,0.9818802087378766,0.3131928917712069,2
4,2,32,1.0,relu,3,0.8341039292698545,0.9850988752647104,0.16055458015766,2
4,2,64,0.0,identity,0,0.0153443713196902,0.6520122398318066,0.1719792872285805,4
4,2,64,0.0,identity,2,0.0453996275977266,0.7442659590220773,0.126548552832479,4
4,2,64,0.0,identity,4,0.0187663604767412,0.6655838794614886,0.1432402003241424,4
4,2,64,0.0,relu,1,0.019489148683373,0.8496059746955408,0.071507942175452,5
4,2,64,0.0,relu,3,0.0194784251525183,0.8362409873907272,0.0942821777440101,6
4,2,64,0.25,identity,0,0.0209123359729808,0.93322830986627,0.0714116053261554,4
4,2,64,0.25,identity,2,0.0623625982013147,0.9256060493396642,0.1347934231149092,4
4,2,64,0.25,identity,4,0.0216802430694519,0.8892299411146012,0.0606102660405832,4
4,2,64,0.25,relu,1,0.0490066829920692,0.923607396680871,0.0659940662495907,5
4,2,64,0.25,relu,3,0.0695430711594053,0.957372168931329,0.0975539757534201,6
4,2,64,0.5,identity,0,0.0260379197276074,0.9607744671193156,0.1166429975813263,4
4,2,64,0.5,identity,2,0.0536115291311199,0.937762942221534,0.0952886490300813,4
4,2,64,0.5,identity,4,0.0329793539070236,0.9404304095637674,0.0804338403281826,4
4,2,64,0.5,relu,1,0.1151110715773394,0.9482181022439472,0.1182454535580689,6
4,2,64,0.5,relu,3,0.1368253837960869,0.9633138293373824,0.109469289853445,6
4,2,64,0.75,identity,0,0.0563055496354374,0.9767249572966314,0.1202879077101202,4
4,2,64,0.75,identity,2,0.0568222238036999,0.9626571714422736,0.084346817539968,4
4,2,64,0.75,identity,4,0.1529313703202126,0.9598580740403218,0.1481856288057514,4
4,2,64,0.75,relu,1,0.2138913717419359,0.9623782173712252,0.1189232698270818,4
4,2,64,0.75,relu,3,0.3151978858327028,0.974072383197675,0.1512249384726828,6
4,2,64,1.0,identity,0,0.5491861718925584,0.9927731683207872,0.3562176473373956,2
4,2,64,1.0,identity,2,0.3370704103460692,0.981504702517353,0.245727511572638,2
4,2,64,1.0,identity,4,0.6028060979310784,0.9835317873330136,0.3585855877242477,1
4,2,64,1.0,relu,1,0.7385585155163991,0.9856267319837944,0.134996349531945,1
4,2,64,1.0,relu,3,0.8245398638621423,0.9831633812519966,0.1637398229663603,2
4,2,96,0.0,identity,0,0.0098667420300575,0.7581574043199519,0.1078830179128644,4
4,2,96,0.0,identity,2,0.0137333072662018,0.7614137040117674,0.1174301201848225,4
4,2,96,0.0,identity,4,0.0133909341605853,0.7321961446513128,0.1117867166900811,4
4,2,96,0.0,relu,1,0.0145226893654257,0.8392014518470735,0.0884799002987086,6
4,2,96,0.0,relu,3,0.0286948882401052,0.8124362387805598,0.1196028354652567,7
4,2,96,0.25,identity,0,0.0230795843007139,0.9325528474896478,0.0689190344424996,4
4,2,96,0.25,identity,2,0.0252588713251669,0.9310508611288298,0.115057866152223,4
4,2,96,0.25,identity,4,0.0157570087337977,0.9173609204741208,0.0634482799113485,3
4,2,96,0.25,relu,1,0.0446359734167572,0.9388210967997904,0.0737819088316778,6
4,2,96,0.25,relu,3,0.0643611474676172,0.9539500453795904,0.0822673622125326,6
4,2,96,0.5,identity,0,0.0316214402969854,0.9600052484592568,0.1030071343828342,4
4,2,96,0.5,identity,2,0.0232572450102041,0.948549795042278,0.0646586020577925,4
4,2,96,0.5,identity,4,0.0425147610169802,0.9478006760659964,0.0816788916691228,4
4,2,96,0.5,relu,1,0.0869089746088757,0.9498881106773605,0.1159442486746502,6
4,2,96,0.5,relu,3,0.1420828847392179,0.9651485115242244,0.0968009609548872,6
4,2,96,0.75,identity,0,0.0702475955704261,0.971900009366618,0.0979007535999717,4
4,2,96,0.75,identity,2,0.0491927253520489,0.966272431408101,0.0778930840767951,4
4,2,96,0.75,identity,4,0.1447117043764019,0.9599802806417098,0.0873771176276517,4
4,2,96,0.75,relu,1,0.2125565683811578,0.9635656462656772,0.1450016818770195,5
4,2,96,0.75,relu,3,0.271332354340032,0.972980163947055,0.1223367503714068,6
4,2,96,1.0,identity,0,0.4352675320180563,0.990855994800774,0.2944715615411558,1
4,2,96,1.0,identity,2,0.2563992364414745,0.9837460148998872,0.1872414035038577,1
4,2,96,1.0,identity,4,0.6548860032234779,0.9752581872702538,0.1464341629755195,1
4,2,96,1.0,relu,1,0.8212851826380014,0.9843361447637232,0.28359175961621,1
4,2,96,1.0,relu,3,0.789779251895799,0.9838980414265992,0.146393483222899,2
4,32,16,0.0,identity,0,0.0155127004131243,0.7329097213231829,0.1482683421214127,3
4,32,16,0.0,identity,2,0.0161627033296833,0.7255036386917486,0.1466601075328143,3
4,32,16,0.0,identity,4,0.0131012439875629,0.7393662781486032,0.1490008049126539,3
4,32,16,0.0,relu,1,0.0654288341114899,0.8296698066236649,0.1791045956187706,4
4,32,16,0.0,relu,3,0.13703663353165,0.8750848299802226,0.3370238201461524,4
4,32,16,0.25,identity,0,0.0176229488500185,0.935902553007282,0.0465735160803897,3
4,32,16,0.25,identity,2,0.018664275562336,0.950252241780876,0.0325099805686989,3
4,32,16,0.25,identity,4,0.0193625405641589,0.9502092900533244,0.0378582360583294,3
4,32,16,0.25,relu,1,0.290516617678106,0.9531969474998344,0.2516048015368444,4
4,32,16,0.25,relu,3,0.2323112543379922,0.961253432681721,0.2679614672672695,4
4,32,16,0.5,identity,0,0.0213837454676361,0.9739394272613152,0.0307625660929384,3
4,32,16,0.5,identity,2,0.022541570658508,0.9727633903540182,0.0260614153096783,3
4,32,16,0.5,identity,4,0.0235855079527187,0.9736439276935056,0.0292864734530306,3
4,32,16,0.5,relu,1,0.3072324463978028,0.9709919575208656,0.2127926862981216,4
4,32,16,0.5,relu,3,0.1868248484064297,0.972701478325235,0.1356608483795036,4
4,32,16,0.75,identity,0,0.0361694216346775,0.9852352917617164,0.0393152529608686,4
4,32,16,0.75,identity,2,0.0231029191684213,0.9840492559111196,0.0271312735725019,3
4,32,16,0.75,identity,4,0.0252222408930104,0.9850875096093016,0.022393521278495,3
4,32,16,0.75,relu,1,0.3180282967286526,0.9800311791398334,0.1571227566774926,3
4,32,16,0.75,relu,3,0.3116718062358368,0.980061908524647,0.1194838113030925,4
4,32,16,1.0,identity,0,0.4622846985931886,0.9950383034904984,0.0744841787837991,1
4,32,16,1.0,identity,2,0.3420387628418859,0.9943651654699855,0.0913096314008385,3
4,32,16,1.0,identity,4,0.2858503838650301,0.9957725366824788,0.0938692708517737,2
4,32,16,1.0,relu,1,0.5424245225773139,0.9914574802902768,0.0799449329679021,1
4,32,16,1.0,relu,3,0.6979492254138137,0.9887608013166445,0.1105203400534721,2
4,32,32,0.0,identity,0,0.0055124059945133,0.442056313442154,0.1158580882198761,4
4,32,32,0.0,identity,2,0.0048098534428396,0.440738175001636,0.0812405265004746,3
4,32,32,0.0,identity,4,0.0038511773619636,0.4619586316021382,0.0805255147624698,3
4,32,32,0.0,relu,1,0.0079788423459999,0.6027556514197778,0.0935087148467161,3
4,32,32,0.0,relu,3,0.0119218040034617,0.6446328519788778,0.1415471517806549,4
4,32,32,0.25,identity,0,0.0099021857773844,0.8751093009360594,0.0329497173245504,4
4,32,32,0.25,identity,2,0.0071575183324346,0.8827867054008175,0.0256510333040083,4
4,32,32,0.25,identity,4,0.00442742958058,0.8831700872385968,0.020419468181986,3
4,32,32,0.25,relu,1,0.0185064071707667,0.8872379720708568,0.0467775379179766,4
4,32,32,0.25,relu,3,0.0271334095033251,0.9137627384351886,0.068708469562534,4
4,32,32,0.5,identity,0,0.009526587181373,0.9362989632264276,0.0294776547188807,4
4,32,32,0.5,identity,2,0.0102595708887475,0.9327235124340452,0.0216201238376692,4
4,32,32,0.5,identity,4,0.0066956734351581,0.9363452407566925,0.0260943418791005,4
4,32,32,0.5,relu,1,0.0246056740251125,0.932384827334974,0.0415446457029318,4
4,32,32,0.5,relu,3,0.0281697015482316,0.9446274222071328,0.040370550709065,4
4,32,32,0.75,identity,0,0.0174126430071166,0.966176135216134,0.0309170362588642,4
4,32,32,0.75,identity,2,0.0127221250001189,0.9638310038498736,0.0186442327813742,4
4,32,32,0.75,identity,4,0.0148981102578833,0.96594432678825,0.03404106654864,4
4,32,32,0.75,relu,1,0.0411822045930618,0.957905245419228,0.0456542253467454,4
4,32,32,0.75,relu,3,0.0527825063332702,0.96593380260544,0.0397173737362285,4
4,32,32,1.0,identity,0,0.5020250458247855,0.9926653234111498,0.0683337149907498,1
4,32,32,1.0,identity,2,0.2351527036325045,0.995148385333166,0.0836318597232233,2
4,32,32,1.0,identity,4,0.4248886893383545,0.996044038314112,0.1012680782664366,2
4,32,32,1.0,relu,1,0.4881625416883893,0.9910764529134584,0.0773865089245348,2
4,32,32,1.0,relu,3,0.5470330449732871,0.9881067050788972,0.0791304544380277,2
4,32,64,0.0,identity,0,0.0049267971365571,0.6254547806486437,0.0718383511195312,4
4,32,64,0.0,identity,2,0.0062759796133569,0.5722542838709676,0.0671076003298111,4
4,32,64,0.0,identity,4,0.0049653474725352,0.6071503549226016,0.0625690196773919,4
4,32,64,0.0,relu,1,0.004561344252172,0.7938131125112388,0.0318712021194386,4
4,32,64,0.0,relu,3,0.0145685807380362,0.8480599487128543,0.0764877336067164,6
4,32,64,0.25,identity,0,0.0060223164393154,0.86773798782789,0.0319906684956281,4
4,32,64,0.25,identity,2,0.006186975742457,0.8680875490251414,0.0297233243326627,4
4,32,64,0.25,identity,4,0.0057588644169505,0.8748403796093557,0.0260466921890197,4
4,32,64,0.25,relu,1,0.0057463411887696,0.9105778430976024,0.0210232953849871,4
4,32,64,0.25,relu,3,0.0143782915189162,0.9274561825732286,0.0392565047789503,5
4,32,64,0.5,identity,0,0.0080224225026932,0.9217253756962897,0.0387125684690856,4
4,32,64,0.5,identity,2,0.0081205848632996,0.9220547242375297,0.0280379297705421,4
4,32,64,0.5,identity,4,0.0071871828027651,0.9272401310348256,0.0268450552049718,4
4,32,64,0.5,relu,1,0.0286415757038483,0.9393407300739222,0.0464530794785182,5
4,32,64,0.5,relu,3,0.0223105250386485,0.95103261687547,0.0406332084610771,5
4,32,64,0.75,identity,0,0.026715790304445,0.9573983601288318,0.0584896469723722,4
4,32,64,0.75,identity,2,0.0116403391596526,0.9547475803561974,0.0227720492443831,4
4,32,64,0.75,identity,4,0.0172211358534165,0.9572272248710568,0.0528151100342222,4
4,32,64,0.75,relu,1,0.0577917466051282,0.9639648412178724,0.0555026814701085,5
4,32,64,0.75,relu,3,0.0533584968191866,0.9698381862972828,0.041379247439968,5
4,32,64,1.0,identity,0,0.4166359140681647,0.9951979230147916,0.0831162485868738,1
4,32,64,1.0,identity,2,0.2527628951549702,0.9952062110035182,0.05836271744108,3
4,32,64,1.0,identity,4,0.4208538782177712,0.9949555627305672,0.1172846292160833,2
4,32,64,1.0,relu,1,0.6116043459995125,0.990423498098137,0.1029843229535924,3
4,32,64,1.0,relu,3,0.5225634811350963,0.9875143349816524,0.0834353633779377,2
4,32,96,0.0,identity,0,0.0097767503351988,0.6794992531041479,0.0715495521071205,4
4,32,96,0.0,identity,2,0.0057483795257986,0.5757552065241962,0.0719440005335537,4
4,32,96,0.0,identity,4,0.0063939840449659,0.6235483255130492,0.0684193860144039,4
4,32,96,0.0,relu,1,0.0056207919543231,0.8120718256566822,0.050924218904561,5
4,32,96,0.0,relu,3,0.0094650073648631,0.8715184272289374,0.0469940761600775,6
4,32,96,0.25,identity,0,0.0057313008413291,0.8673307322900398,0.0307107690465524,4
4,32,96,0.25,identity,2,0.0056786983276016,0.8664591224040142,0.0293185467433781,4
4,32,96,0.25,identity,4,0.006180254794217,0.8779572562370103,0.0275129181059945,4
4,32,96,0.25,relu,1,0.0104478760812182,0.9220163792715316,0.029267813415316,5
4,32,96,0.25,relu,3,0.0113062563049357,0.9381097461658052,0.0355856143356381,6
4,32,96,0.5,identity,0,0.0102883541651782,0.9243341266938684,0.0375615756615504,4
4,32,96,0.5,identity,2,0.0095694132038701,0.9248916623799808,0.0300534965083958,4
4,32,96,0.5,identity,4,0.0094959367638054,0.9279393235523172,0.0383533540531349,4
4,32,96,0.5,relu,1,0.0221746409300053,0.9480735577097325,0.0377217054181785,5
4,32,96,0.5,relu,3,0.0214582921069913,0.9563165725990712,0.0372251372498385,6
4,32,96,0.75,identity,0,0.0369671849797135,0.9573298524037188,0.0732104484818414,4
4,32,96,0.75,identity,2,0.010928804862939,0.9542145299411664,0.0235198473708095,4
4,32,96,0.75,identity,4,0.0188836837557335,0.9602809661945296,0.0572337414057412,3
4,32,96,0.75,relu,1,0.0632564014926307,0.9656345131065758,0.059491988044122,6
4,32,96,0.75,relu,3,0.0563149253549889,0.972743272888872,0.0470563770761129,6
4,32,96,1.0,identity,0,0.5364322875001791,0.9925873141224346,0.0786066488958392,1
4,32,96,1.0,identity,2,0.2175957443424609,0.9952547079003496,0.0443212592477751,2
4,32,96,1.0,identity,4,0.332779860817273,0.995322365997277,0.082156505647076,1
4,32,96,1.0,relu,1,0.5993893408341873,0.9910021593062472,0.1013298433179432,3
4,32,96,1.0,relu,3,0.554456380730196,0.9871920242162372,0.0876195520732733,3
4,4,16,0.0,identity,0,0.0261900593815545,0.3129558247884166,0.2652016924860942,4
4,4,16,0.0,identity,2,0.0121698921874328,0.3567763277961894,0.2704888437436136,4
4,4,16,0.0,identity,4,0.0092173538362483,0.3684414042440939,0.2210323636501473,3
4,4,16,0.0,relu,1,0.019399423612074,0.7272640232224894,0.088068154697143,4
4,4,16,0.0,relu,3,0.0450997637036252,0.7892052856470162,0.1683853278241057,5
4,4,16,0.25,identity,0,0.0103108327685912,0.9265872976619604,0.0356303697299241,4
4,4,16,0.25,identity,2,0.0099273572602322,0.9255035489683432,0.0341054434891915,3
4,4,16,0.25,identity,4,0.0151165948055525,0.9040413990064244,0.0459288853607035,4
4,4,16,0.25,relu,1,0.0525223667072223,0.9252461636882496,0.0790482317593516,4
4,4,16,0.25,relu,3,0.0353855057356392,0.9183486552315776,0.1221921681094354,4
4,4,16,0.5,identity,0,0.007883726217231,0.9612225687954212,0.0368616347745088,4
4,4,16,0.5,identity,2,0.0096885150940159,0.9561797570252064,0.0492826746221844,4
4,4,16,0.5,identity,4,0.0102844797504109,0.9511638660258454,0.0291401086171808,4
4,4,16,0.5,relu,1,0.1271795521331293,0.9486433084229138,0.1088336853347285,4
4,4,16,0.5,relu,3,0.068291120068081,0.959143510496368,0.1143986973080243,4
4,4,16,0.75,identity,0,0.0119726605155051,0.9796767589610338,0.0459147634524641,4
4,4,16,0.75,identity,2,0.0316707302604641,0.9752376644268448,0.0883519928454247,4
4,4,16,0.75,identity,4,0.0217919725695675,0.9767610446867484,0.0231363728787065,3
4,4,16,0.75,relu,1,0.2883216745010594,0.9715328601016452,0.1239159773987942,4
4,4,16,0.75,relu,3,0.2388074828663796,0.9767996748870562,0.1371235697567852,4
4,4,16,1.0,identity,0,0.3687755486860054,0.9957637485080844,0.0748279065198283,2
4,4,16,1.0,identity,2,0.249982642909252,0.9905595964713187,0.4290715982085704,2
4,4,16,1.0,identity,4,0.3925444612698582,0.9934552303558396,0.0735722204323937,1
4,4,16,1.0,relu,1,0.7499980209712895,0.9878691761834923,0.1077395867564699,2
4,4,16,1.0,relu,3,0.6680217917295111,0.987454660237865,0.1204203170975152,2
4,4,32,0.0,identity,0,0.0217979830677627,0.458150774766409,0.1866254485254354,4
4,4,32,0.0,identity,2,0.0217618806175573,0.5259636364507434,0.1577292140648315,4
4,4,32,0.0,identity,4,0.0091002958839035,0.5163078174059641,0.1937332461393027,4
4,4,32,0.0,relu,1,0.0241793101612485,0.8203814921877911,0.1138280022088176,5
4,4,32,0.0,relu,3,0.0205194293697784,0.8006198397864678,0.1128561283808447,5
4,4,32,0.25,identity,0,0.0096123655216745,0.9280268753705528,0.0438283191997911,4
4,4,32,0.25,identity,2,0.0072395870083707,0.9221874254721044,0.0415622125651177,4
4,4,32,0.25,identity,4,0.0086132347179071,0.9193895203524486,0.0458375433477176,4
4,4,32,0.25,relu,1,0.0184465081212702,0.9222564504094548,0.0453757783715424,4
4,4,32,0.25,relu,3,0.0240240768092575,0.9368454422893112,0.0547998794853724,4
4,4,32,0.5,identity,0,0.0096490657912567,0.9575139212170264,0.039227771037854,4
4,4,32,0.5,identity,2,0.0091743312654062,0.9587923760474304,0.0452236467256979,4
4,4,32,0.5,identity,4,0.0087842135274308,0.9513994411689908,0.0291352061285582,4
4,4,32,0.5,relu,1,0.0907618022845189,0.9515223916307692,0.0791988627221893,5
4,4,32,0.5,relu,3,0.0797661465570927,0.963127981897597,0.0813027832883443,5
4,4,32,0.75,identity,0,0.0217201314397061,0.9746331394322004,0.0471661099478609,4
4,4,32,0.75,identity,2,0.0166347879187078,0.9749368291090376,0.0695788041706789,4
4,4,32,0.75,identity,4,0.0273687097516234,0.969763598074688,0.0370033226074749,4
4,4,32,0.75,relu,1,0.131226927441313,0.9652383670768562,0.0665532593855013,4
4,4,32,0.75,relu,3,0.1382236698563609,0.974872092374871,0.0737510974786284,4
4,4,32,1.0,identity,0,0.4422052594817392,0.9949697273090958,0.1106354082020229,2
4,4,32,1.0,identity,2,0.2734248093750789,0.990815543419822,0.211897222722069,2
4,4,32,1.0,identity,4,0.446343917300624,0.99316144499417,0.0463967050333891,1
4,4,32,1.0,relu,1,0.7208170297270275,0.9872587167047056,0.1297679147633254,2
4,4,32,1.0,relu,3,0.5822686135547204,0.9893742191316868,0.1052072793299825,2
4,4,64,0.0,identity,0,0.0153807258472535,0.5409026242434911,0.1433824666022881,4
4,4,64,0.0,identity,2,0.0148063471623436,0.5973975675536488,0.1410513662385037,4
4,4,64,0.0,identity,4,0.0312084598249346,0.6267221020028969,0.1463834079196676,4
4,4,64,0.0,relu,1,0.0180680746026042,0.7841923613328622,0.0598855142975828,5
4,4,64,0.0,relu,3,0.0178735543696562,0.8221658672429812,0.0746014036143517,6
4,4,64,0.25,identity,0,0.0141515644949487,0.9244392870740232,0.0494516003952991,4
4,4,64,0.25,identity,2,0.0089464623571832,0.9316286823342258,0.0446869731580541,4
4,4,64,0.25,identity,4,0.0176587315963965,0.9140600632247,0.0533092185834202,4
4,4,64,0.25,relu,1,0.0296436927865243,0.9354194099127012,0.0446124053088425,5
4,4,64,0.25,relu,3,0.0197848243523822,0.9507562939813464,0.0616251129824106,6
4,4,64,0.5,identity,0,0.0107123423896983,0.9619924861560024,0.0402940632892767,4
4,4,64,0.5,identity,2,0.0092049174221743,0.9569884100316712,0.0421793876281275,4
4,4,64,0.5,identity,4,0.0076803076567245,0.9489387372894847,0.0371184706500317,4
4,4,64,0.5,relu,1,0.0793353817989762,0.9558411908303968,0.0515505823472823,5
4,4,64,0.5,relu,3,0.0661381217079808,0.9640904797079942,0.0710020057053321,6
4,4,64,0.75,identity,0,0.0155239537102649,0.975437186444692,0.0443688903332349,4
4,4,64,0.75,identity,2,0.0308030415214808,0.9740552991653544,0.0682834691634905,4
4,4,64,0.75,identity,4,0.0213703506947343,0.9706176709532296,0.0479663695064262,4
4,4,64,0.75,relu,1,0.1353987746130706,0.9694788540624985,0.0608669636669058,5
4,4,64,0.75,relu,3,0.1539707708784082,0.976103828858581,0.0850342288674387,6
4,4,64,1.0,identity,0,0.4705029086930245,0.9956927242113832,0.2624931097801534,3
4,4,64,1.0,identity,2,0.2456893802557958,0.9888554177380784,0.1626182258191617,2
4,4,64,1.0,identity,4,0.5336331939686805,0.9916738614066096,0.0883433126512193,2
4,4,64,1.0,relu,1,0.6515299685082946,0.9870408585084608,0.1180916653534333,2
4,4,64,1.0,relu,3,0.5416699639871349,0.986265067181654,0.0928410986883638,2
4,4,96,0.0,identity,0,0.0155845180004689,0.632556177412208,0.1051260525794537,4
4,4,96,0.0,identity,2,0.0121441973225374,0.7093829115641227,0.1034347546446605,4
4,4,96,0.0,identity,4,0.0113155372677028,0.6758220634656901,0.0914744913369475,4
4,4,96,0.0,relu,1,0.0105986734450167,0.8136248722315484,0.0584493154574154,5
4,4,96,0.0,relu,3,0.0168209271135253,0.8670487104807953,0.0714545002959257,6
4,4,96,0.25,identity,0,0.0110524778001735,0.9383793851646984,0.0398088144469199,4
4,4,96,0.25,identity,2,0.0137068161529785,0.9302870225819232,0.058416667399947,4
4,4,96,0.25,identity,4,0.0109338946461599,0.9273590364070712,0.0431556748071584,4
4,4,96,0.25,relu,1,0.0210663212880708,0.9389213890274384,0.0479840607184429,5
4,4,96,0.25,relu,3,0.0279890504712344,0.9549220070286012,0.0596787350620753,6
4,4,96,0.5,identity,0,0.0144395397341481,0.9629349023956624,0.0433160765311455,4
4,4,96,0.5,identity,2,0.0090465019783084,0.9609483402585356,0.0407585045633672,4
4,4,96,0.5,identity,4,0.0108985745512784,0.9525755448728306,0.033402750560204,4
4,4,96,0.5,relu,1,0.0507056853178242,0.9566258590020712,0.0549633784205624,5
4,4,96,0.5,relu,3,0.0571338006516193,0.9669655030656656,0.0661526763661137,6
4,4,96,0.75,identity,0,0.0132723464847421,0.9751065405222064,0.0441986841686762,4
4,4,96,0.75,identity,2,0.020922069828434,0.9738909841736602,0.0598031029092857,4
4,4,96,0.75,identity,4,0.0160058868825265,0.9683006081581416,0.0331586142375884,4
4,4,96,0.75,relu,1,0.1350808022658088,0.970151317147352,0.0696917248240554,5
4,4,96,0.75,relu,3,0.1615431886245563,0.9773873573319786,0.0823259198591841,6
4,4,96,1.0,identity,0,0.3709329976843876,0.9960559866882182,0.1883042372592516,3
4,4,96,1.0,identity,2,0.2315982883896978,0.990235463811288,0.23855524492981,2
4,4,96,1.0,identity,4,0.296321700731858,0.9940607191826044,0.0439211195611637,1
4,4,96,1.0,relu,1,0.5904055284316042,0.9874803792356748,0.1033962662960032,2
4,4,96,1.0,relu,3,0.5098258770341119,0.9866650923237756,0.1043710667638995,3
4,8,16,0.0,identity,0,0.0087333303183476,0.2691937465671523,0.2793930492529813,4
4,8,16,0.0,identity,2,0.0045569361087006,0.3133866652546769,0.1818457674442307,3
4,8,16,0.0,identity,4,0.0078164391701492,0.3153623620613839,0.2201133185946593,3
4,8,16,0.0,relu,1,0.0207631767122946,0.7804899937720837,0.0839975420081628,4
4,8,16,0.0,relu,3,0.0333297724654476,0.7939862101949444,0.1761785832028812,4
4,8,16,0.25,identity,0,0.0046221480691464,0.8937311867452608,0.0249700309070824,4
4,8,16,0.25,identity,2,0.0061875189253949,0.901606529746534,0.0180957565323363,3
4,8,16,0.25,identity,4,0.0041779870270753,0.9030301025469598,0.0204703006672961,3
4,8,16,0.25,relu,1,0.0425636202258924,0.90927683717256,0.0680291131956462,3
4,8,16,0.25,relu,3,0.0808480527892947,0.9114239896790476,0.1243434669391346,4
4,8,16,0.5,identity,0,0.007975201770349,0.9421984200974736,0.0259178075799855,4
4,8,16,0.5,identity,2,0.0044098095170359,0.9492107166277634,0.0144077250294598,3
4,8,16,0.5,identity,4,0.0068359921772078,0.9498421288992458,0.0143507706675916,3
4,8,16,0.5,relu,1,0.2206655776996473,0.951479085131246,0.1995779683493571,4
4,8,16,0.5,relu,3,0.1040702240435092,0.9456026014325348,0.1607926307345102,4
4,8,16,0.75,identity,0,0.0173946623087467,0.9693120085718292,0.0282236798715265,4
4,8,16,0.75,identity,2,0.0092881885973827,0.9741141865117862,0.0291879906711466,4
4,8,16,0.75,identity,4,0.0084439667855508,0.9756384072771402,0.0250184125912356,3
4,8,16,0.75,relu,1,0.4268130291002825,0.9705620809209834,0.215854174387083,4
4,8,16,0.75,relu,3,0.2398748296491978,0.962514180454832,0.1296649012506864,3
4,8,16,1.0,identity,0,0.3892320724612537,0.9912975737353116,0.0850730192680258,1
4,8,16,1.0,identity,2,0.4722959437286816,0.9949241313029452,0.0652562880753905,1
4,8,16,1.0,identity,4,0.3826461343244538,0.995985553367405,0.0598299081496181,1
4,8,16,1.0,relu,1,0.7329158658705813,0.9872781038990152,0.1202792467728149,2
4,8,16,1.0,relu,3,0.6625528315361885,0.9863434708025104,0.1638008601235466,2
4,8,32,0.0,identity,0,0.0060456486374648,0.5186473082119352,0.1343863218886032,4
4,8,32,0.0,identity,2,0.0088045723057442,0.4598514483616905,0.1722051832115828,4
4,8,32,0.0,identity,4,0.007410222847373,0.4634624341911066,0.1420378816232342,4
4,8,32,0.0,relu,1,0.0072554941125146,0.7662972743120341,0.050638128006418,4
4,8,32,0.0,relu,3,0.0205422745886246,0.7860971941506083,0.1087578994207599,5
4,8,32,0.25,identity,0,0.0111789845559555,0.9001673023157413,0.0359005424622155,4
4,8,32,0.25,identity,2,0.0087509536294627,0.9031600520559092,0.0345144163626829,4
4,8,32,0.25,identity,4,0.0093999207602763,0.9103421111963224,0.0338624863610702,4
4,8,32,0.25,relu,1,0.0157330340218808,0.9276813005340712,0.0328505768186806,4
4,8,32,0.25,relu,3,0.0248723551034042,0.9265699917053,0.0834361378829849,5
4,8,32,0.5,identity,0,0.0125351355947,0.941836260752645,0.0264162291971909,4
4,8,32,0.5,identity,2,0.0102308112089954,0.9453205980720448,0.0289090764387121,4
4,8,32,0.5,identity,4,0.0068136303451638,0.9428053755622264,0.0286661654208302,4
4,8,32,0.5,relu,1,0.0791672120189992,0.951724805232722,0.0681668506212277,5
4,8,32,0.5,relu,3,0.0375167020910591,0.9470703972533412,0.0645455910672275,5
4,8,32,0.75,identity,0,0.0134215007435209,0.967716407514504,0.0277949906274012,4
4,8,32,0.75,identity,2,0.0132364909938671,0.970378806444767,0.0310514644653672,4
4,8,32,0.75,identity,4,0.0137355168354802,0.9688585249478624,0.0350959387349308,4
4,8,32,0.75,relu,1,0.1805744854941487,0.9707853880361011,0.0915830095858582,5
4,8,32,0.75,relu,3,0.1140268475769367,0.9661166993649776,0.0773911743196834,5
4,8,32,1.0,identity,0,0.3134832536787895,0.99103446796783,0.15943917963541,2
4,8,32,1.0,identity,2,0.468558791482724,0.9945519326898336,0.0716643902438595,2
4,8,32,1.0,identity,4,0.2770736907553121,0.9957621574157264,0.0547953212445807,1
4,8,32,1.0,relu,1,0.7252848036101572,0.9854103201526048,0.1572247411656194,3
4,8,32,1.0,relu,3,0.630991340902191,0.984548662611462,0.122713984090325,2
4,8,64,0.0,identity,0,0.0067939811973521,0.5099943792095951,0.131969262672564,4
4,8,64,0.0,identity,2,0.0131017876714294,0.5107693838877003,0.1518925906749521,4
4,8,64,0.0,identity,4,0.007765354320868,0.5353050357719628,0.1346023131064842,4
4,8,64,0.0,relu,1,0.0058431606493738,0.8004771851806626,0.042696429462197,4
4,8,64,0.0,relu,3,0.0182801093294167,0.8315881293618098,0.0702445542837505,6
4,8,64,0.25,identity,0,0.0081150509916423,0.9020708739674866,0.0399451320396232,4
4,8,64,0.25,identity,2,0.0069234116799831,0.908851366325226,0.0297783571202132,4
4,8,64,0.25,identity,4,0.0064763869632524,0.9065345420962224,0.0391238628630086,4
4,8,64,0.25,relu,1,0.0158184896235157,0.9326908474103448,0.0369108119048865,5
4,8,64,0.25,relu,3,0.0158976423855426,0.93800903035285,0.0489557876949703,5
4,8,64,0.5,identity,0,0.0068797376422005,0.9387436417453346,0.0347269524447621,4
4,8,64,0.5,identity,2,0.0093834448919182,0.9480998274191406,0.0350438071321436,4
4,8,64,0.5,identity,4,0.0103640898412524,0.947008673160444,0.0345246115648992,4
4,8,64,0.5,relu,1,0.054631540805992,0.95439402984328,0.051312816967184,5
4,8,64,0.5,relu,3,0.0435173059731451,0.9552597906836636,0.0502691345966576,5
4,8,64,0.75,identity,0,0.0182096522619996,0.961814038932729,0.0334600204664833,4
4,8,64,0.75,identity,2,0.0231827112442753,0.9696885438427923,0.032199893547767,4
4,8,64,0.75,identity,4,0.0160641239575396,0.9728096587214132,0.0479673427460892,4
4,8,64,0.75,relu,1,0.1338559750257307,0.9699739431329136,0.076169041618896,5
4,8,64,0.75,relu,3,0.103940868256581,0.966281647432756,0.0558128282422522,5
4,8,64,1.0,identity,0,0.3168434926910696,0.9904251249239696,0.1422260331314927,1
4,8,64,1.0,identity,2,0.5770627964856531,0.9933569405547752,0.078878498936513,2
4,8,64,1.0,identity,4,0.473304151691754,0.996193325703896,0.3305602839485241,2
4,8,64,1.0,relu,1,0.5593671928515308,0.9881399479268,0.1186933760381182,2
4,8,64,1.0,relu,3,0.5787390989985772,0.9845563045178763,0.1410619045407478,2
4,8,96,0.0,identity,0,0.0064343424211816,0.6095137902871188,0.0951329534110155,4
4,8,96,0.0,identity,2,0.0090319109604883,0.6147280216369115,0.1013239931613426,4
4,8,96,0.0,identity,4,0.0051002417420197,0.5968752430340825,0.1027218324420161,4
4,8,96,0.0,relu,1,0.0063892392761458,0.8011326310206671,0.0522606211539898,5
4,8,96,0.0,relu,3,0.0159440613743787,0.8562858494859386,0.0609621190771811,6
4,8,96,0.25,identity,0,0.0098124325294167,0.9033579264085432,0.0485470601430154,4
4,8,96,0.25,identity,2,0.0107480170386432,0.9112324040484432,0.037458376617669,4
4,8,96,0.25,identity,4,0.0059305118314028,0.9050251448607616,0.0309888602745174,4
4,8,96,0.25,relu,1,0.0184290136674926,0.9357711451064016,0.040827140355663,5
4,8,96,0.25,relu,3,0.015593705622148,0.9424035186969068,0.0453888465007641,5
4,8,96,0.5,identity,0,0.0099807428986373,0.943571844222089,0.0322596309491737,4
4,8,96,0.5,identity,2,0.0095861979137256,0.945472236318002,0.0361793620301033,4
4,8,96,0.5,identity,4,0.0064218220058149,0.9443044393476526,0.0294220122360194,4
4,8,96,0.5,relu,1,0.0543924828350513,0.9575127245574924,0.048585823585185,5
4,8,96,0.5,relu,3,0.0461658769311628,0.9563773549342356,0.0603841977928179,6
4,8,96,0.75,identity,0,0.02092086202931,0.9648267812337972,0.0395200495414761,4
4,8,96,0.75,identity,2,0.0315858803453874,0.966515848067675,0.04722801661472,4
4,8,96,0.75,identity,4,0.0159036996116808,0.9671954061232988,0.0280405655351214,4
4,8,96,0.75,relu,1,0.1554406354117207,0.9712780981376024,0.0870169433730826,5
4,8,96,0.75,relu,3,0.1008940420795531,0.9661353720277944,0.0628989043552654,5
4,8,96,1.0,identity,0,0.2752481577418483,0.99037790415373,0.0407757676761234,1
4,8,96,1.0,identity,2,0.5551079370151242,0.9929979946617442,0.0805337633076738,2
4,8,96,1.0,identity,4,0.587209989594995,0.9953498934909464,0.2018638337838817,2
4,8,96,1.0,relu,1,0.7072331107876607,0.9885830961008704,0.112996201701801,3
4,8,96,1.0,relu,3,0.5355410193416196,0.9858541594758794,0.1151393977324589,2
8,16,16,0.0,identity,0,0.0365584337889099,0.5387618098642513,0.2983234656109123,5
8,16,16,0.0,identity,2,0.0669477054211748,0.5488945795909861,0.3136278612946351,5
8,16,16,0.0,identity,4,0.0218922901639138,0.5858731061100402,0.3156681555737798,5
8,16,16,0.0,relu,1,0.1672252543933791,0.7965641594299153,0.6370079985306781,4
8,16,16,0.0,relu,3,0.2352447264553473,0.8196771001595722,0.6833229291616729,5
8,16,16,0.25,identity,0,0.0292781260806699,0.887257599136915,0.0790893377564814,4
8,16,16,0.25,identity,2,0.0175952413199507,0.8947273304709229,0.0691976704832906,4
8,16,16,0.25,identity,4,0.0333782956436319,0.9188662553133228,0.0843514018155455,5
8,16,16,0.25,relu,1,0.2163542604992088,0.9405349186728412,0.3591561136832517,4
8,16,16,0.25,relu,3,0.1962784356899262,0.9243176992653626,0.3282184286348002,4
8,16,16,0.5,identity,0,0.0549499315300791,0.9707953035942508,0.036380903856188,4
8,16,16,0.5,identity,2,0.0517510405197115,0.9540816526725568,0.0729995151915345,5
8,16,16,0.5,identity,4,0.0543825764894343,0.9737232222284862,0.0522083443366326,5
8,16,16,0.5,relu,1,0.2864234168894976,0.9693448091856788,0.2198864932450277,4
8,16,16,0.5,relu,3,0.2798812781256073,0.9670178966627346,0.2540795241841737,4
8,16,16,0.75,identity,0,0.0672272823524301,0.9856347668365166,0.0285438820399108,4
8,16,16,0.75,identity,2,0.0353350277769781,0.981438259717483,0.0276991629867453,4
8,16,16,0.75,identity,4,0.0496099386345793,0.9860335139389168,0.0356143137987054,5
8,16,16,0.75,relu,1,0.4321719014017245,0.9862063656654712,0.1829089045332022,3
8,16,16,0.75,relu,3,0.3512004489357036,0.9801514415481166,0.1932165158902004,4
8,16,16,1.0,identity,0,0.1776573840481429,0.9926259413475182,0.1033423952392997,3
8,16,16,1.0,identity,2,0.1186270536982159,0.9893950536502452,0.1434448996471369,2
8,16,16,1.0,identity,4,0.2416513590689719,0.9932113902918328,0.2646099735780304,3
8,16,16,1.0,relu,1,0.5808997674045719,0.9903063782252404,0.1081004314187405,2
8,16,16,1.0,relu,3,0.3445316839805185,0.9852330342633668,0.07034032971321,1
8,16,32,0.0,identity,0,0.0080208794797254,0.4437306803737144,0.1872296233127966,6
8,16,32,0.0,identity,2,0.0065695746174581,0.3915614408228452,0.1950415486047111,6
8,16,32,0.0,identity,4,0.0091085668038522,0.4108642120264219,0.2280342885583479,7
8,16,32,0.0,relu,1,0.0121261142472319,0.7572640785818792,0.0798632424823459,6
8,16,32,0.0,relu,3,0.0156457901032804,0.7500846092098228,0.1081746811703826,6
8,16,32,0.25,identity,0,0.0065247110850246,0.9006454462097665,0.0272974123877277,6
8,16,32,0.25,identity,2,0.0073995153988607,0.8893361294918617,0.0294566587073861,6
8,16,32,0.25,identity,4,0.007834783636243,0.8970942136065321,0.0389389768406863,7
8,16,32,0.25,relu,1,0.0239097755416689,0.9068821670256731,0.0942152579287697,6
8,16,32,0.25,relu,3,0.0244730452841218,0.9151363032119352,0.0881624321193269,6
8,16,32,0.5,identity,0,0.0093104524807755,0.9417648414312696,0.0241290391415502,6
8,16,32,0.5,identity,2,0.007101692583544,0.9367061924062224,0.0301454302357227,6
8,16,32,0.5,identity,4,0.0067241084550955,0.9421067128798072,0.0305879855186998,7
8,16,32,0.5,relu,1,0.0392830686546392,0.94811141961217,0.0938974710148998,5
8,16,32,0.5,relu,3,0.0449591027501228,0.9437806898647692,0.0776112507565785,6
8,16,32,0.75,identity,0,0.0114401028382038,0.9677384343155432,0.0238098010239113,5
8,16,32,0.75,identity,2,0.0097390367746717,0.9632746223868928,0.0320502624616408,6
8,16,32,0.75,identity,4,0.0109177915594339,0.967434617154797,0.0343747225498304,6
8,16,32,0.75,relu,1,0.0920387315790202,0.9688962943681152,0.0785596181552039,5
8,16,32,0.75,relu,3,0.0980730150638501,0.9647166372540872,0.0843668034612332,5
8,16,32,1.0,identity,0,0.144714403145226,0.992518519489408,0.0655531207318793,3
8,16,32,1.0,identity,2,0.1595911301043217,0.9902437537640412,0.0838945313502588,2
8,16,32,1.0,identity,4,0.1648928279390561,0.9931103903346266,0.2072568954753599,3
8,16,32,1.0,relu,1,0.4592954747643886,0.9903940998227918,0.0725738830248915,2
8,16,32,1.0,relu,3,0.3597862712348683,0.9851705736577604,0.0773828138452964,2
8,16,64,0.0,identity,0,0.0107729060072082,0.5511746796463155,0.1344956044600332,6
8,16,64,0.0,identity,2,0.0093085884221775,0.4644629373861051,0.1857368634230691,7
8,16,64,0.0,identity,4,0.0128603731011484,0.5415573934931291,0.1631028333993648,7
8,16,64,0.0,relu,1,0.0100474606486069,0.76930553245252,0.0615239044515171,7
8,16,64,0.0,relu,3,0.01350172809726,0.8040833398193932,0.0619729846597244,8
8,16,64,0.25,identity,0,0.0104945102019408,0.907046229365183,0.0362156593023652,6
8,16,64,0.25,identity,2,0.0117207069597765,0.8964388461826958,0.0434952263684914,7
8,16,64,0.25,identity,4,0.0085760410735808,0.9090944759869962,0.0401412717638339,7
8,16,64,0.25,relu,1,0.0168229322515793,0.9336322350182172,0.0465511450292282,7
8,16,64,0.25,relu,3,0.0227327908151452,0.9331575296212884,0.0487322584024065,7
8,16,64,0.5,identity,0,0.0126029321226321,0.9443811299880408,0.0377312302005559,6
8,16,64,0.5,identity,2,0.0098559023515457,0.9386079407559206,0.0333692219679292,6
8,16,64,0.5,identity,4,0.0114116775162217,0.945749456521706,0.0383633036143541,7
8,16,64,0.5,relu,1,0.0316325544441189,0.9588074587288752,0.0531656195331382,7
8,16,64,0.5,relu,3,0.0353547511056798,0.9562413450240616,0.0510102835023745,7
8,16,64,0.75,identity,0,0.0191584328268252,0.9694384275669228,0.0352407442460942,6
8,16,64,0.75,identity,2,0.0174011721979247,0.9650883832732792,0.0403176322106519,6
8,16,64,0.75,identity,4,0.0180284072413578,0.9682135776244596,0.0383540896102551,7
8,16,64,0.75,relu,1,0.0789651918409324,0.9764985016562228,0.0635298953195777,7
8,16,64,0.75,relu,3,0.0936194383041615,0.971138741524494,0.0717126399437798,7
8,16,64,1.0,identity,0,0.1652961558311122,0.9927495959409708,0.0879164394190844,3
8,16,64,1.0,identity,2,0.2117780527074383,0.9905262517272506,0.1132300944623468,3
8,16,64,1.0,identity,4,0.1429303626073224,0.9920795321629712,0.1017169375062076,3
8,16,64,1.0,relu,1,0.4208764943512666,0.9899088199697228,0.0889538995972303,3
8,16,64,1.0,relu,3,0.3643921531448125,0.9847408446517064,0.08730649616893,2
8,16,96,0.0,identity,0,0.0110466323274353,0.5708761292503849,0.1357267027647934,6
8,16,96,0.0,identity,2,0.009601943778044,0.5371543472130799,0.1343553392245417,6
8,16,96,0.0,identity,4,0.0122319441910555,0.5654214649365916,0.1622323929583289,7
8,16,96,0.0,relu,1,0.0087339926395862,0.7672153387412967,0.0493216582755679,8
8,16,96,0.0,relu,3,0.0091407229768767,0.7925516016045981,0.0501785696911609,10
8,16,96,0.25,identity,0,0.0096739285718952,0.9103234715625508,0.0388084290902394,6
8,16,96,0.25,identity,2,0.0097926891410682,0.8985056398680245,0.0452944802307288,7
8,16,96,0.25,identity,4,0.0089538959879257,0.9059886247864593,0.0377126962056805,7
8,16,96,0.25,relu,1,0.0176048496702265,0.9401148964381532,0.0436630204373773,8
8,16,96,0.25,relu,3,0.0193173065847354,0.940434903261914,0.0458263978336991,8
8,16,96,0.5,identity,0,0.0096917826010368,0.9447620027948642,0.033508371341411,6
8,16,96,0.5,identity,2,0.013172775282101,0.9368060620115988,0.04056424042707,7
8,16,96,0.5,identity,4,0.0118790286169975,0.9462593183157584,0.0386956622926907,7
8,16,96,0.5,relu,1,0.0239547630661119,0.9619787024714448,0.0388020557217115,7
8,16,96,0.5,relu,3,0.0303068925992905,0.962191194238492,0.0446318404439395,7
8,16,96,0.75,identity,0,0.012411184088173,0.9678215693118766,0.0309548400594613,6
8,16,96,0.75,identity,2,0.0196078627889034,0.9630083598510676,0.0401197177144596,7
8,16,96,0.75,identity,4,0.016946137093167,0.969256722303898,0.0386239225742184,7
8,16,96,0.75,relu,1,0.0644160224449499,0.9766635021877376,0.0534948038559441,7
8,16,96,0.75,relu,3,0.0854360412111464,0.974467614736317,0.0601113816776889,7
8,16,96,1.0,identity,0,0.1444562446266241,0.9933706087007312,0.0501959282956766,3
8,16,96,1.0,identity,2,0.2308094374399772,0.989944478509464,0.0811136330670498,3
8,16,96,1.0,identity,4,0.1794120109160907,0.9927941749606872,0.2057694197735653,3
8,16,96,1.0,relu,1,0.4372929142528443,0.9901049817389004,0.081942329420386,4
8,16,96,1.0,relu,3,0.3392265373571018,0.9840117600510518,0.0785773441022979,2
8,1,16,0.0,identity,0,0.0835575361244377,0.5701672364654897,0.2862675630975592,6
8,1,16,0.0,identity,2,0.0179763578515943,0.508904001950374,0.4120136386724135,6
8,1,16,0.0,identity,4,0.012510205660779,0.5884737115501136,0.2720612431119223,6
8,1,16,0.0,relu,1,0.1033282721432755,0.4782045195977218,0.2927427547631874,6
8,1,16,0.0,relu,3,0.1012176938424982,0.4915542733724565,0.3703458382568126,7
8,1,16,0.25,identity,0,0.0426910257869239,0.9216057416322796,0.0806608196729581,6
8,1,16,0.25,identity,2,0.051878911964374,0.9372449027621602,0.1214088885950658,6
8,1,16,0.25,identity,4,0.0600871152908202,0.9230504031106012,0.0909649267366923,6
8,1,16,0.25,relu,1,0.1533567233711141,0.9071089297613896,0.1995083048480797,6
8,1,16,0.25,relu,3,0.1872848747327818,0.9456209414142324,0.2900565567496906,6
8,1,16,0.5,identity,0,0.1127386237275902,0.955194158918074,0.1266523563528612,7
8,1,16,0.5,identity,2,0.0838101245213368,0.9498598591998064,0.0769275918293544,6
8,1,16,0.5,identity,4,0.0454065909487692,0.958150562608771,0.0490681023932106,7
8,1,16,0.5,relu,1,0.252817547162604,0.9542619897758556,0.1733366272685066,6
8,1,16,0.5,relu,3,0.2370972156354533,0.9651147148224724,0.349271222531007,5
8,1,16,0.75,identity,0,0.1697686951276182,0.9600608613430652,0.2059805625612567,6
8,1,16,0.75,identity,2,0.0650382423423472,0.961139486756292,0.1531919653719024,6
8,1,16,0.75,identity,4,0.0853631420763797,0.9748839167430284,0.0610511579576767,6
8,1,16,0.75,relu,1,0.4245126686394682,0.9503765146114456,0.2022472539432597,5
8,1,16,0.75,relu,3,0.4509048536028657,0.968712011742337,0.3350894966339769,4
8,1,16,1.0,identity,0,0.8317569113002903,0.9892066300570344,0.1111723374513184,1
8,1,16,1.0,identity,2,0.5249494867020751,0.9786558217336632,0.2414406606503928,1
8,1,16,1.0,identity,4,0.734357730759934,0.989316810718514,0.1554582134187893,1
8,1,16,1.0,relu,1,0.7167388421154585,0.9760453284971984,0.1097618878926598,1
8,1,16,1.0,relu,3,0.904764799489271,0.9776879750409514,0.3631528052657023,1
8,1,32,0.0,identity,0,0.0247434003607367,0.7585369371719469,0.244761313165294,6
8,1,32,0.0,identity,2,0.0680709017057043,0.6486456995494465,0.2645767413045042,6
8,1,32,0.0,identity,4,0.0765621643383468,0.7223290431797813,0.2511642275320598,7
8,1,32,0.0,relu,1,0.0335735984124082,0.7665888884970805,0.2127712398168893,7
8,1,32,0.0,relu,3,0.0394301044426806,0.7536261627115768,0.1966525710174683,8
8,1,32,0.25,identity,0,0.0625545374530631,0.936107462012518,0.1157592085929321,6
8,1,32,0.25,identity,2,0.1358010761044508,0.9134206316949486,0.1404668366566098,6
8,1,32,0.25,identity,4,0.0535010810083508,0.9209052605005552,0.124570055333577,7
8,1,32,0.25,relu,1,0.1908430180722657,0.9407041759871184,0.165697280883954,7
8,1,32,0.25,relu,3,0.1091491197700997,0.9410219670536238,0.1421896732003713,8
8,1,32,0.5,identity,0,0.0675875526093754,0.9454430332344204,0.1103929768921075,6
8,1,32,0.5,identity,2,0.0880319879882877,0.9421806116061452,0.1111342415489613,6
8,1,32,0.5,identity,4,0.0966017856820918,0.9627051057020772,0.1278483467178392,6
8,1,32,0.5,relu,1,0.1493974915707094,0.9469107566959608,0.1458521863584538,7
8,1,32,0.5,relu,3,0.2289306651723722,0.9523191377500364,0.249935677495338,7
8,1,32,0.75,identity,0,0.1752969467021392,0.9630382942823752,0.1023682839956037,6
8,1,32,0.75,identity,2,0.1477791421474708,0.9444177932879432,0.0778249695164698,6
8,1,32,0.75,identity,4,0.1602025701521388,0.9740579459230378,0.2350918795268355,5
8,1,32,0.75,relu,1,0.2932237935092307,0.9622753463280648,0.1703567337875629,6
8,1,32,0.75,relu,3,0.3067498133939526,0.9659962282562804,0.2982240930398894,5
8,1,32,1.0,identity,0,0.9028350866332572,0.9852905163881536,0.1530205865144859,1
8,1,32,1.0,identity,2,0.3962529413822118,0.9798892040988144,0.1073585524746091,1
8,1,32,1.0,identity,4,0.687875629602598,0.9858757281769436,0.1688914917432214,1
8,1,32,1.0,relu,1,0.7445855630841288,0.9750596689842292,0.1384285082175478,1
8,1,32,1.0,relu,3,0.7990059292356996,0.9859239921055588,0.2988849237987602,1
8,1,64,0.0,identity,0,0.0690348727130137,0.7713398294316595,0.2191990764226046,6
8,1,64,0.0,identity,2,0.0377519795089416,0.758514194046323,0.1914317586043735,6
8,1,64,0.0,identity,4,0.0981494760836625,0.7049043449205117,0.2007604766946079,6
8,1,64,0.0,relu,1,0.0462497981591106,0.85729554226835,0.1600185017518863,8
8,1,64,0.0,relu,3,0.1019849020637643,0.7661705124656304,0.1682182843143816,10
8,1,64,0.25,identity,0,0.0226145008875833,0.9365587455759348,0.1056045362160999,6
8,1,64,0.25,identity,2,0.0493978724084526,0.9439384213172074,0.0859422833353034,6
8,1,64,0.25,identity,4,0.1376683875293975,0.8826874317075752,0.1343122216337062,7
8,1,64,0.25,relu,1,0.0712420632807394,0.9497072207265284,0.1145399774504034,7
8,1,64,0.25,relu,3,0.0967215889950442,0.945126292436877,0.1786933103601098,9
8,1,64,0.5,identity,0,0.0772794367631564,0.9420141110890896,0.0928433645419992,6
8,1,64,0.5,identity,2,0.1484660925579358,0.9309000161521964,0.1298081122064731,6
8,1,64,0.5,identity,4,0.0885516731367649,0.9563862372744316,0.1147178374952281,6
8,1,64,0.5,relu,1,0.1741293337040585,0.9602335044702338,0.1571089607038999,8
8,1,64,0.5,relu,3,0.1906610312134885,0.9527656408567002,0.2452824725452465,7
8,1,64,0.75,identity,0,0.1163044207722744,0.9599908343574252,0.1320990108995698,7
8,1,64,0.75,identity,2,0.1439272475716316,0.955998049077225,0.0900357187557128,6
8,1,64,0.75,identity,4,0.0836284917205488,0.953772618197254,0.1188198529072536,6
8,1,64,0.75,relu,1,0.3132672839194557,0.9656584847919888,0.174358163961812,6
8,1,64,0.75,relu,3,0.3769735690525606,0.9623469390155284,0.3251119632041472,6
8,1,64,1.0,identity,0,0.8720234672779189,0.9889709759783604,0.2571797787818414,1
8,1,64,1.0,identity,2,0.361195592027409,0.9840422144835312,0.2366032100784205,1
8,1,64,1.0,identity,4,0.6432581431180742,0.9889971119660382,0.1497662518351933,1
8,1,64,1.0,relu,1,0.5531192710766707,0.9843613505470123,0.0513117774253666,1
8,1,64,1.0,relu,3,0.8323816274428726,0.9840373796318718,0.3250903049793804,1
8,1,96,0.0,identity,0,0.0239327956304234,0.8455186896705964,0.1471807849070015,6
8,1,96,0.0,identity,2,0.0372041986268259,0.8292470952662828,0.1709439291511198,6
8,1,96,0.0,identity,4,0.0387702608653512,0.8195289883914842,0.1628759409826219,7
8,1,96,0.0,relu,1,0.0432745299668964,0.8234778752239207,0.1479396606794447,9
8,1,96,0.0,relu,3,0.0633066636769037,0.7689133353971276,0.1755158298405082,10
8,1,96,0.25,identity,0,0.0361253379282586,0.9485112403177254,0.0926412077301714,6
8,1,96,0.25,identity,2,0.0399808051730345,0.9183311862568896,0.1319038630776266,6
8,1,96,0.25,identity,4,0.033321876628526,0.9456090761155022,0.1099807792947634,7
8,1,96,0.25,relu,1,0.0644039986386106,0.936071002408898,0.0941956889196031,8
8,1,96,0.25,relu,3,0.1676243121136382,0.9399571462432832,0.1818102031656017,9
8,1,96,0.5,identity,0,0.0750753583220192,0.9592181947574512,0.0748241497043566,6
8,1,96,0.5,identity,2,0.1053643282874906,0.9515139622174524,0.0940932953215533,6
8,1,96,0.5,identity,4,0.1008201556007689,0.9654072675478992,0.1203097685325313,7
8,1,96,0.5,relu,1,0.1744406086709949,0.946345938689216,0.1257384143980962,8
8,1,96,0.5,relu,3,0.2003372347640854,0.9561193857525884,0.2148065924470521,8
8,1,96,0.75,identity,0,0.0949197178919504,0.973858347167626,0.0922560335136884,7
8,1,96,0.75,identity,2,0.2211668062053404,0.960607209128574,0.203766091144099,6
8,1,96,0.75,identity,4,0.1747075973295448,0.9753007216076018,0.0946672253184767,6
8,1,96,0.75,relu,1,0.3059127670338716,0.9522998881277402,0.2124914828980408,7
8,1,96,0.75,relu,3,0.3677783281709383,0.9691583586404108,0.2950632364501672,5
8,1,96,1.0,identity,0,0.825087849138056,0.988963989899035,0.123940691926525,1
8,1,96,1.0,identity,2,0.6392463110184289,0.9786155606908044,0.386908111531251,1
8,1,96,1.0,identity,4,0.1467024567319533,0.9939389303468624,0.0165779173274699,1
8,1,96,1.0,relu,1,0.646948113291718,0.98203146778048,0.0862651927353053,1
8,1,96,1.0,relu,3,0.755348642053162,0.98962703947463,0.3117910478584181,1
8,2,16,0.0,identity,0,0.0257165905500124,0.4151928983502074,0.3430187041301634,6
8,2,16,0.0,identity,2,0.0098569916359247,0.4159588423258615,0.3690475148115047,6
8,2,16,0.0,identity,4,0.0314398024641644,0.4506770918935207,0.4168503538590362,6
8,2,16,0.0,relu,1,0.0953722497420994,0.7066202790452241,0.1827610189254802,5
8,2,16,0.0,relu,3,0.1038694942986298,0.6519661065981265,0.3980507465866442,7
8,2,16,0.25,identity,0,0.0245895523947248,0.924581741314343,0.0622683286347595,6
8,2,16,0.25,identity,2,0.0184322236590307,0.932957289448726,0.050483573342249,6
8,2,16,0.25,identity,4,0.0289537690775807,0.9198147702826568,0.0627810059944364,7
8,2,16,0.25,relu,1,0.0741438329266487,0.9225906333096416,0.1596415292479359,5
8,2,16,0.25,relu,3,0.0828832501078393,0.9254935701873778,0.1000402475369455,4
8,2,16,0.5,identity,0,0.0270075436970774,0.965138558516788,0.0483739405589336,6
8,2,16,0.5,identity,2,0.0238519140429469,0.96481232559978,0.048584534588354,6
8,2,16,0.5,identity,4,0.0295469094234369,0.9521008729873646,0.0530664629248077,7
8,2,16,0.5,relu,1,0.1644675410705708,0.948608044484889,0.1835169941295899,5
8,2,16,0.5,relu,3,0.173929696488412,0.9533961474721206,0.1393978000745281,5
8,2,16,0.75,identity,0,0.0290548301672013,0.9817644101946126,0.105210133192554,6
8,2,16,0.75,identity,2,0.071019492151263,0.9824765196703792,0.0893504696449861,6
8,2,16,0.75,identity,4,0.1605636781025408,0.9707831600334978,0.0977625415163854,7
8,2,16,0.75,relu,1,0.3172683840514954,0.9707155812808748,0.1555525004302464,5
8,2,16,0.75,relu,3,0.3606739248764788,0.9721217530517768,0.1918285762737658,5
8,2,16,1.0,identity,0,0.7297018350984128,0.9919585079875362,0.1144571325532653,1
8,2,16,1.0,identity,2,0.7717428294835371,0.9945682831790024,0.4433066179813052,2
8,2,16,1.0,identity,4,0.8208310611239819,0.984487367867153,0.2509816414766149,2
8,2,16,1.0,relu,1,0.8975875666683162,0.980638665856603,0.1521383201948624,1
8,2,16,1.0,relu,3,0.8013512953794053,0.9816212148237684,0.0791052190735786,1
8,2,32,0.0,identity,0,0.0335469937089166,0.5862155913589553,0.2522983874624208,6
8,2,32,0.0,identity,2,0.0177756203763736,0.5717606345509504,0.2456635624513395,6
8,2,32,0.0,identity,4,0.0189982191225596,0.634030844896453,0.2557420229114625,6
8,2,32,0.0,relu,1,0.053059356865368,0.6857988244162597,0.153207289129392,7
8,2,32,0.0,relu,3,0.0566797238931187,0.6778756009959148,0.1554686007851806,8
8,2,32,0.25,identity,0,0.017630244636097,0.9219445175023906,0.0697183024433358,6
8,2,32,0.25,identity,2,0.0522924763312583,0.9280699965100794,0.062473128657565,6
8,2,32,0.25,identity,4,0.0270780394957773,0.9231741018235472,0.071354553869627,7
8,2,32,0.25,relu,1,0.0630803524584485,0.9234465443689572,0.0991857950932397,7
8,2,32,0.25,relu,3,0.0447616377996338,0.9316011805454704,0.1132000777679154,7
8,2,32,0.5,identity,0,0.0417016017054737,0.9577275676106644,0.0679436997174768,6
8,2,32,0.5,identity,2,0.0675523031367802,0.9620128595975276,0.1064327281089413,7
8,2,32,0.5,identity,4,0.0338135657828328,0.9418642580239897,0.0775624845335204,7
8,2,32,0.5,relu,1,0.1330815417697252,0.9548028707655456,0.0970781542373584,6
8,2,32,0.5,relu,3,0.1120505340821222,0.960573652247656,0.0830452026119334,6
8,2,32,0.75,identity,0,0.0456678600720914,0.974789375476502,0.0731673319029015,6
8,2,32,0.75,identity,2,0.1390986149387409,0.9742763682938772,0.1396020429769744,7
8,2,32,0.75,identity,4,0.1869167060704135,0.9648802346600448,0.1142560054362636,7
8,2,32,0.75,relu,1,0.3620344029028734,0.9670043031494228,0.1338784428707984,6
8,2,32,0.75,relu,3,0.2678458330472839,0.9694673839580789,0.1631369519998059,6
8,2,32,1.0,identity,0,0.7281636709398042,0.9928246543456942,0.0490145252484448,1
8,2,32,1.0,identity,2,0.54954379938103,0.9930455986111456,0.1067205618757036,1
8,2,32,1.0,identity,4,0.7627900165783398,0.9886106952910384,0.2733507140401315,1
8,2,32,1.0,relu,1,0.9083227462846108,0.9804940015562786,0.1680436661916197,1
8,2,32,1.0,relu,3,0.7285640260644477,0.9829015286795574,0.0650410900147547,1
8,2,64,0.0,identity,0,0.0364209746036055,0.6035523266193091,0.2156791335237431,6
8,2,64,0.0,identity,2,0.0151039609038118,0.6472819927188641,0.1656534880368654,6
8,2,64,0.0,identity,4,0.0336651238820994,0.6538849973445321,0.2535942940380051,7
8,2,64,0.0,relu,1,0.030276510067185,0.7880021934197129,0.087606411192607,8
8,2,64,0.0,relu,3,0.0630859084433177,0.7079445569748479,0.1502875098201807,10
8,2,64,0.25,identity,0,0.043419451554698,0.921357883783747,0.0833801345675957,6
8,2,64,0.25,identity,2,0.0306407504828083,0.9286585160649996,0.0678813283445292,6
8,2,64,0.25,identity,4,0.0428617103267439,0.915926375388926,0.0888629806677481,7
8,2,64,0.25,relu,1,0.0356525578000442,0.9281208399331298,0.0658941529811762,7
8,2,64,0.25,relu,3,0.0535897098655574,0.9350123490305124,0.0955166998159035,8
8,2,64,0.5,identity,0,0.0246455191871312,0.953793146375306,0.0745209334318437,6
8,2,64,0.5,identity,2,0.0513431794669023,0.954752658510099,0.0725752254594377,6
8,2,64,0.5,identity,4,0.0300535897133559,0.9464281348287036,0.0684740329755679,7
8,2,64,0.5,relu,1,0.1284331739634414,0.9597924242823244,0.1045627757903523,7
8,2,64,0.5,relu,3,0.1131640906299637,0.960359133207924,0.0962803718797916,8
8,2,64,0.75,identity,0,0.1333776229754116,0.9729666094789772,0.1112699788611933,6
8,2,64,0.75,identity,2,0.1650259391290367,0.9761476632929929,0.1450624044200844,7
8,2,64,0.75,identity,4,0.1489176686957173,0.9570675121558788,0.0920487204722448,7
8,2,64,0.75,relu,1,0.2811787318099542,0.972975860585188,0.1050735821641818,6
8,2,64,0.75,relu,3,0.1828919018880515,0.9657167267200144,0.0874914179625938,7
8,2,64,1.0,identity,0,0.6418284942966441,0.9947896862199864,0.1007241371499,1
8,2,64,1.0,identity,2,0.7209560306059172,0.9919862164523596,0.2332346543587147,2
8,2,64,1.0,identity,4,0.7974116479280994,0.9850354568155114,0.1796217050477123,2
8,2,64,1.0,relu,1,0.8743980825788752,0.9794783073038024,0.1727177687534767,1
8,2,64,1.0,relu,3,0.7232277311339887,0.9784159858487768,0.0797449458872249,1
8,2,96,0.0,identity,0,0.0214850375568036,0.7451137903850379,0.1511317105743769,6
8,2,96,0.0,identity,2,0.0265791207568979,0.7707452937319218,0.1290741806934355,6
8,2,96,0.0,identity,4,0.0561364608917105,0.7513269337597838,0.219944982614925,7
8,2,96,0.0,relu,1,0.031206863002594,0.7451589514528366,0.103449105090912,8
8,2,96,0.0,relu,3,0.0531956941336927,0.7710626642640382,0.1084737944677151,9
8,2,96,0.25,identity,0,0.0287003065783711,0.9388116105073292,0.0720426685343146,6
8,2,96,0.25,identity,2,0.0133112975107463,0.947837399567364,0.0688095868233152,6
8,2,96,0.25,identity,4,0.0324187432134782,0.925163208205559,0.0829403126183077,7
8,2,96,0.25,relu,1,0.0489497403093599,0.930020736439339,0.0943437097012115,8
8,2,96,0.25,relu,3,0.0439574109959715,0.9496277087301416,0.0716008532655013,8
8,2,96,0.5,identity,0,0.0406882682492688,0.9619912068725822,0.0877399786034736,7
8,2,96,0.5,identity,2,0.0451288164928559,0.9602549756559068,0.0931414294265921,7
8,2,96,0.5,identity,4,0.0339157594064365,0.951667123472608,0.0858563643036986,7
8,2,96,0.5,relu,1,0.1061258637774582,0.9557972894233449,0.0824430586222113,7
8,2,96,0.5,relu,3,0.0813092093212032,0.959598710955467,0.0837729007351874,8
8,2,96,0.75,identity,0,0.0576176063710674,0.9790774986878832,0.0820765127010589,7
8,2,96,0.75,identity,2,0.1768575291659535,0.9795647730252878,0.1208840231939465,7
8,2,96,0.75,identity,4,0.1135535777383396,0.974223302653521,0.1311993454905638,7
8,2,96,0.75,relu,1,0.2691652602350051,0.9630627471988148,0.1391561629642398,6
8,2,96,0.75,relu,3,0.2684967434139341,0.9663653640236386,0.1306339499653569,8
8,2,96,1.0,identity,0,0.7283959454834702,0.9930498432666488,0.0593699742827757,1
8,2,96,1.0,identity,2,0.7345252863513427,0.9938697908800452,0.2846539484812548,1
8,2,96,1.0,identity,4,0.7522445070543698,0.9877261561811266,0.1499742891298743,2
8,2,96,1.0,relu,1,0.8785767581931098,0.9819578391078712,0.126161246217748,1
8,2,96,1.0,relu,3,0.7453382825513931,0.978729581305744,0.0852122518297146,1
8,32,16,0.0,identity,0,0.0429948237602198,0.7515173547169318,0.2671664443069315,5
8,32,16,0.0,identity,2,0.0513566640614217,0.7711985037444604,0.2810250960526904,5
8,32,16,0.0,identity,4,0.027381817991778,0.7700705025260667,0.260012385140371,5
8,32,16,0.0,relu,1,0.1480934473168555,0.8629813957866137,0.3518532428321688,4
8,32,16,0.0,relu,3,0.0979265395251976,0.8850509502510759,0.3454655850151185,5
8,32,16,0.25,identity,0,0.0612603523073363,0.9652404972943778,0.0789820462548205,5
8,32,16,0.25,identity,2,0.079880186421599,0.9498022226747858,0.0952128382630315,5
8,32,16,0.25,identity,4,0.0555915704054145,0.9724037180364392,0.0763886645743797,5
8,32,16,0.25,relu,1,0.2063446337317652,0.9627744312993576,0.2486769088492272,4
8,32,16,0.25,relu,3,0.1992927980821538,0.966085971492208,0.2220513683093842,5
8,32,16,0.5,identity,0,0.0553041696926725,0.9884395270072898,0.0345298586446203,4
8,32,16,0.5,identity,2,0.0830541359482512,0.9785732550074934,0.0585181795719915,5
8,32,16,0.5,identity,4,0.0815135990423367,0.989421891469046,0.0467948419311536,5
8,32,16,0.5,relu,1,0.2967471996356927,0.985207427521029,0.2065838017839461,4
8,32,16,0.5,relu,3,0.3837708531362162,0.9880502417973376,0.2424954775482076,4
8,32,16,0.75,identity,0,0.0532119360679144,0.9934688856053208,0.0278311624434806,4
8,32,16,0.75,identity,2,0.0610515445064487,0.9880962583388424,0.0357577629688243,5
8,32,16,0.75,identity,4,0.1431249805363389,0.9940796481474165,0.0442168897270851,6
8,32,16,0.75,relu,1,0.3783143834925634,0.988758865002734,0.1316723496553363,2
8,32,16,0.75,relu,3,0.5003418299553136,0.9880387535926816,0.1584759469660065,4
8,32,16,1.0,identity,0,0.2180286793837678,0.9977139022435124,0.1453661239394544,4
8,32,16,1.0,identity,2,0.2156489130465152,0.9928224834097344,0.1440453646131871,3
8,32,16,1.0,identity,4,0.1133835522624953,0.9971890336565568,0.0349194814411253,3
8,32,16,1.0,relu,1,0.512059888894401,0.9934187680934332,0.0680297290237144,1
8,32,16,1.0,relu,3,0.5333321927191955,0.9921754644193632,0.0659400889667393,1
8,32,32,0.0,identity,0,0.009384598136307,0.5000103788284403,0.1496060791756128,5
8,32,32,0.0,identity,2,0.0091917813019407,0.514262198055804,0.1435652466409908,5
8,32,32,0.0,identity,4,0.0111158171318473,0.5388133002374486,0.1738074326502323,6
8,32,32,0.0,relu,1,0.0247401754981621,0.672222151753222,0.177852465599117,5
8,32,32,0.0,relu,3,0.0177068742697765,0.7157757445969477,0.158505869699371,5
8,32,32,0.25,identity,0,0.0142638691178435,0.9158244082941628,0.0332093878619647,5
8,32,32,0.25,identity,2,0.0114415891763873,0.8897622310918493,0.0417687493353128,5
8,32,32,0.25,identity,4,0.0171596485242559,0.9206599721692724,0.0402223669363889,6
8,32,32,0.25,relu,1,0.0219259975505581,0.9141773866577984,0.0591107649640037,5
8,32,32,0.25,relu,3,0.0295536110780561,0.9313118079274406,0.0874776467562249,5
8,32,32,0.5,identity,0,0.0147585421007917,0.9563820039981944,0.0229291301240526,5
8,32,32,0.5,identity,2,0.0128625887826654,0.946803682048095,0.0273207156586556,5
8,32,32,0.5,identity,4,0.0143711013405051,0.9582419356570824,0.0299007672566429,6
8,32,32,0.5,relu,1,0.0466788717112078,0.955701264317168,0.0653387470329648,5
8,32,32,0.5,relu,3,0.0352721477872857,0.9601496896062776,0.0488944465452279,5
8,32,32,0.75,identity,0,0.0167157308119317,0.9772344290190424,0.0245744775030453,5
8,32,32,0.75,identity,2,0.020123775018939,0.9705087856200858,0.0313331876138997,6
8,32,32,0.75,identity,4,0.0139525641218507,0.9772144257413908,0.0262544099290303,6
8,32,32,0.75,relu,1,0.1135935009647173,0.9734011734706663,0.0895911198441445,5
8,32,32,0.75,relu,3,0.0928991988474648,0.97656197652334,0.0754957249754954,6
8,32,32,1.0,identity,0,0.1840464202368038,0.9976273691950364,0.1563851293592117,3
8,32,32,1.0,identity,2,0.2357186062168745,0.992332322864944,0.1426326687771333,3
8,32,32,1.0,identity,4,0.11020629544134,0.9970372969137272,0.0342894958235965,3
8,32,32,1.0,relu,1,0.4413435543477225,0.9923766379902984,0.0708057235964842,2
8,32,32,1.0,relu,3,0.4329532660514549,0.9916713172277796,0.0581745765869191,2
8,32,64,0.0,identity,0,0.0072151969539983,0.5538527643197597,0.0958944297571681,6
8,32,64,0.0,identity,2,0.0091571822904503,0.5741802416908562,0.115395129130698,7
8,32,64,0.0,identity,4,0.0084014597226079,0.5853332657473357,0.1152765742119895,7
8,32,64,0.0,relu,1,0.0109572137865057,0.7820555864680082,0.0619675633533646,7
8,32,64,0.0,relu,3,0.0112069896591401,0.7653311635397492,0.0658608281748762,9
8,32,64,0.25,identity,0,0.0069412788377155,0.892423788739746,0.0289314147450356,6
8,32,64,0.25,identity,2,0.0086399204573871,0.8860036702653631,0.0389267722915546,7
8,32,64,0.25,identity,4,0.0082222559349657,0.8942873959846263,0.0344145671696034,7
8,32,64,0.25,relu,1,0.013900677666237,0.9182099796559848,0.0412959838514906,6
8,32,64,0.25,relu,3,0.0169109770724919,0.92781724515878,0.0504676022355053,7
8,32,64,0.5,identity,0,0.0095857786595375,0.937945471044356,0.0268123142433403,6
8,32,64,0.5,identity,2,0.0106697033009616,0.9309705752736168,0.0311429744058024,6
8,32,64,0.5,identity,4,0.0092987730746996,0.9380711339751464,0.0301767096804806,7
8,32,64,0.5,relu,1,0.0177788421072282,0.9488439048170012,0.0471570433693851,6
8,32,64,0.5,relu,3,0.0296568466701923,0.9560870691402896,0.0507491835310383,7
8,32,64,0.75,identity,0,0.0142494724036411,0.9683091871050664,0.028888527605748,6
8,32,64,0.75,identity,2,0.0132486886282868,0.9611723135054824,0.031589916108824,6
8,32,64,0.75,identity,4,0.014091656484525,0.967481833179002,0.0298338905951392,7
8,32,64,0.75,relu,1,0.047116713435903,0.969405342352715,0.0559121376194523,6
8,32,64,0.75,relu,3,0.0492121122015451,0.9755000102958682,0.0509316692364361,6
8,32,64,1.0,identity,0,0.307605746153561,0.9972099150761472,0.1331784630978474,4
8,32,64,1.0,identity,2,0.2111899658718555,0.9924536208634076,0.1412759992952893,3
8,32,64,1.0,identity,4,0.1468147396421552,0.9968083181348564,0.0494107791807196,3
8,32,64,1.0,relu,1,0.3556056300468374,0.9927660459499016,0.0579405142317763,2
8,32,64,1.0,relu,3,0.4635478041813133,0.9898015030317334,0.0811275427433168,4
8,32,96,0.0,identity,0,0.0087358458293325,0.5843865434646013,0.0988321279757375,6
8,32,96,0.0,identity,2,0.0101046347108674,0.596464190729647,0.1095134872408595,7
8,32,96,0.0,identity,4,0.0099587290370218,0.6784384781070463,0.1060463060719791,7
8,32,96,0.0,relu,1,0.0063276956733863,0.8012399574681991,0.0460045874876936,8
8,32,96,0.0,relu,3,0.0074031163941459,0.8062307097534054,0.0389162156476023,9
8,32,96,0.25,identity,0,0.008079307972588,0.8934843776783329,0.0305817004514594,6
8,32,96,0.25,identity,2,0.01187064604401,0.8932330573843029,0.0444625682383243,7
8,32,96,0.25,identity,4,0.0108020674717241,0.9051872365904344,0.0419615496173565,7
8,32,96,0.25,relu,1,0.0115864426197229,0.934444771804534,0.035193592359535,7
8,32,96,0.25,relu,3,0.0141774912538642,0.9445868874608664,0.0341992909212646,7
8,32,96,0.5,identity,0,0.0108785368324114,0.939808009628571,0.0291152744629497,6
8,32,96,0.5,identity,2,0.0114071879466732,0.9326776614462968,0.0328945087018687,6
8,32,96,0.5,identity,4,0.0124549662782108,0.9425938240362698,0.0354714193302604,7
8,32,96,0.5,relu,1,0.0177307696235561,0.959630610189264,0.0352284365809973,6
8,32,96,0.5,relu,3,0.0264284007172263,0.9637067470695216,0.0412383131912411,8
8,32,96,0.75,identity,0,0.0148380323147243,0.9678913966314172,0.0304147416911578,6
8,32,96,0.75,identity,2,0.0163224287598319,0.9614601517752432,0.0334381871556395,6
8,32,96,0.75,identity,4,0.0177887495091868,0.9692707153051744,0.03144715072113,7
8,32,96,0.75,relu,1,0.0473562991210722,0.9752013477120918,0.0466936796974663,6
8,32,96,0.75,relu,3,0.0695103517258434,0.9784526085212056,0.0509056726773585,8
8,32,96,1.0,identity,0,0.232194319991613,0.9971499865091524,0.1434830848884866,4
8,32,96,1.0,identity,2,0.1894682820377231,0.9925975225403966,0.0989153493313185,3
8,32,96,1.0,identity,4,0.1544194655941662,0.996446302400074,0.0416020403491272,3
8,32,96,1.0,relu,1,0.389013922891029,0.9923672026291792,0.0723157674208825,3
8,32,96,1.0,relu,3,0.4446014948731387,0.9900097655786412,0.0794963706013614,4
8,4,16,0.0,identity,0,0.0106087529446929,0.3963665482488303,0.4166292615036205,6
8,4,16,0.0,identity,2,0.0177759434229832,0.3152294594345734,0.3890735846722384,6
8,4,16,0.0,identity,4,0.0093176881832781,0.3064947276339749,0.4641186037814365,6
8,4,16,0.0,relu,1,0.0835173351225756,0.6772237735854559,0.3061777116621356,6
8,4,16,0.0,relu,3,0.0679446318936686,0.6476753061550192,0.3491492067817134,7
8,4,16,0.25,identity,0,0.0173015777512525,0.9155916893877734,0.053789006778797,6
8,4,16,0.25,identity,2,0.0119335535343186,0.9115326021945244,0.0522503695848588,6
8,4,16,0.25,identity,4,0.0059448929813178,0.9192199487572114,0.0439064190761378,6
8,4,16,0.25,relu,1,0.0824415569712084,0.9259979169564964,0.1523257105896314,5
8,4,16,0.25,relu,3,0.1186115762667645,0.9172226781283632,0.1939526930708617,5
8,4,16,0.5,identity,0,0.0135012604368641,0.9535275163283264,0.0363713102874532,6
8,4,16,0.5,identity,2,0.012304669781316,0.9516421486260302,0.0425205304120083,6
8,4,16,0.5,identity,4,0.0138357032562972,0.9550350873802232,0.0387418068450703,6
8,4,16,0.5,relu,1,0.1117894635377557,0.956453524203546,0.1478553738320882,4
8,4,16,0.5,relu,3,0.2110791269285074,0.9579143657267404,0.2160177289961185,5
8,4,16,0.75,identity,0,0.0202570430664608,0.9721101782691772,0.0338840866229596,6
8,4,16,0.75,identity,2,0.0241508996111807,0.9725341049662788,0.062279750581044,6
8,4,16,0.75,identity,4,0.0243269267653078,0.9740824451169254,0.0464150779584062,7
8,4,16,0.75,relu,1,0.3267935824682988,0.977766349320356,0.1508813722928309,4
8,4,16,0.75,relu,3,0.2985720559905199,0.9745649549967847,0.1492090602552851,4
8,4,16,1.0,identity,0,0.2279262474013257,0.9899675875917208,0.0754897693992524,2
8,4,16,1.0,identity,2,0.4228191372849901,0.9907191511630437,0.2018486354552225,2
8,4,16,1.0,identity,4,0.234298363139198,0.991608928080678,0.072037486632724,2
8,4,16,1.0,relu,1,0.8372186001214617,0.9877890341473108,0.1631616469691885,2
8,4,16,1.0,relu,3,0.6796728827919609,0.983763043379364,0.0935488360609847,2
8,4,32,0.0,identity,0,0.0250960954017791,0.5518672055039952,0.2638122622983384,6
8,4,32,0.0,identity,2,0.0235866613180274,0.4592832939848277,0.2531415724526882,6
8,4,32,0.0,identity,4,0.0146635738869685,0.5243867838149303,0.262479876872055,7
8,4,32,0.0,relu,1,0.0354332896811614,0.7440821651645811,0.1060283130226147,7
8,4,32,0.0,relu,3,0.0206752489006066,0.6725897443133814,0.1162116500757571,7
8,4,32,0.25,identity,0,0.0177140479024804,0.922173318623858,0.0540005904958579,6
8,4,32,0.25,identity,2,0.0122180329401145,0.9181622290485032,0.0479683423434686,6
8,4,32,0.25,identity,4,0.0220739974486456,0.922922532861762,0.0630984221204304,7
8,4,32,0.25,relu,1,0.0250541281528904,0.9387038095021631,0.087210315868283,6
8,4,32,0.25,relu,3,0.0444861389313664,0.9282805763173412,0.1139047194125321,7
8,4,32,0.5,identity,0,0.0182521546468519,0.9543007871897063,0.0369784765055284,6
8,4,32,0.5,identity,2,0.0111278654180715,0.9524835303698208,0.0382648756193627,6
8,4,32,0.5,identity,4,0.0204116651720318,0.9523056963508596,0.043749205081457,7
8,4,32,0.5,relu,1,0.076990651429766,0.9597650332443038,0.0928183563659251,6
8,4,32,0.5,relu,3,0.0572240482858333,0.9522768297403416,0.0828133980364861,6
8,4,32,0.75,identity,0,0.0232037551030945,0.9715400261632776,0.0427280215903517,6
8,4,32,0.75,identity,2,0.0389994685894332,0.9723876674308464,0.0718277301230418,6
8,4,32,0.75,identity,4,0.0562996199909292,0.9704863127402176,0.0641978263351096,7
8,4,32,0.75,relu,1,0.2268272419389439,0.974195469127542,0.1298603070918625,6
8,4,32,0.75,relu,3,0.1953443023727472,0.9728482515652956,0.1057253482321413,6
8,4,32,1.0,identity,0,0.1908387658566029,0.9873154252270456,0.0708138647409746,2
8,4,32,1.0,identity,2,0.307856475978061,0.9918779300733926,0.1956407968418503,2
8,4,32,1.0,identity,4,0.4290864090761258,0.9906810730223804,0.0772296420929413,2
8,4,32,1.0,relu,1,0.7628150848943113,0.9869012251580156,0.1807779647258602,2
8,4,32,1.0,relu,3,0.677255376199353,0.9833146350704626,0.1853433557067426,4
8,4,64,0.0,identity,0,0.0271377985995191,0.6135736910156363,0.2028259098961699,6
8,4,64,0.0,identity,2,0.0260940737544565,0.5718706859185871,0.2051583355111895,6
8,4,64,0.0,identity,4,0.0162514181093379,0.6312690289529753,0.2344143850737481,7
8,4,64,0.0,relu,1,0.0237175646021013,0.7674829499988324,0.0822246779912436,8
8,4,64,0.0,relu,3,0.0284334018332398,0.6970127906786171,0.1017812531365873,9
8,4,64,0.25,identity,0,0.0225116063194719,0.9231490253474062,0.0589533637884994,6
8,4,64,0.25,identity,2,0.0134369716977174,0.9156336186579396,0.063892468431218,6
8,4,64,0.25,identity,4,0.0152696868217479,0.9212045648490884,0.0646589207378844,6
8,4,64,0.25,relu,1,0.0337612664269075,0.9387625847899234,0.0722436438636428,7
8,4,64,0.25,relu,3,0.0420442509351403,0.9401550044089676,0.0709911688437891,8
8,4,64,0.5,identity,0,0.0120472891840033,0.953119796706856,0.0419593107492028,6
8,4,64,0.5,identity,2,0.0246634491818718,0.9530579489204264,0.0633391485131818,7
8,4,64,0.5,identity,4,0.0246149235178207,0.9515722748344416,0.0596239984951623,7
8,4,64,0.5,relu,1,0.0654265697367434,0.9617152459679408,0.0831885976232489,7
8,4,64,0.5,relu,3,0.0761135070144769,0.960182826694815,0.0758150114529598,8
8,4,64,0.75,identity,0,0.0321898107733555,0.9728294427188632,0.0605558085692064,6
8,4,64,0.75,identity,2,0.0535598905818617,0.9748426393813852,0.1172066411906636,7
8,4,64,0.75,identity,4,0.0405276513026551,0.9701466424819112,0.0553875100810155,7
8,4,64,0.75,relu,1,0.1929080632597975,0.9729331478736792,0.1227723071094417,6
8,4,64,0.75,relu,3,0.1651872240653061,0.9728137312337994,0.0977173856576973,8
8,4,64,1.0,identity,0,0.2588137402306576,0.9904883932651448,0.1458089138273874,3
8,4,64,1.0,identity,2,0.2511121115500258,0.9917819311549008,0.1494541348284818,2
8,4,64,1.0,identity,4,0.2884205186711016,0.9918949555603592,0.075275918067212,2
8,4,64,1.0,relu,1,0.7730201883260902,0.9863785691102572,0.2085807233198388,2
8,4,64,1.0,relu,3,0.5548493458211622,0.9855046096394284,0.1300077538729243,3
8,4,96,0.0,identity,0,0.0174296713234804,0.6720586613378505,0.1987473590311028,6
8,4,96,0.0,identity,2,0.0157218252731409,0.6634896278186416,0.1362382058991651,6
8,4,96,0.0,identity,4,0.0229088461878692,0.6690025285064422,0.1634941476688771,7
8,4,96,0.0,relu,1,0.0374099817678042,0.7514168892692505,0.0850165655924945,8
8,4,96,0.0,relu,3,0.0221189173903005,0.7373314315214342,0.0964690286469969,10
8,4,96,0.25,identity,0,0.0180908847250201,0.9226632133778436,0.0559516515363343,6
8,4,96,0.25,identity,2,0.0154209764698162,0.9183179518296212,0.0611197979228946,6
8,4,96,0.25,identity,4,0.0165273331237568,0.9265465531991414,0.0706230155675404,7
8,4,96,0.25,relu,1,0.032961619003437,0.948475288587102,0.0715280497129853,7
8,4,96,0.25,relu,3,0.0323692465433025,0.9439880206523196,0.0700946511500114,9
8,4,96,0.5,identity,0,0.0110597677008031,0.9543695780871044,0.0510948181118502,6
8,4,96,0.5,identity,2,0.0171800281442558,0.953076115236546,0.062362557019736,6
8,4,96,0.5,identity,4,0.0267634352915155,0.9567627438484086,0.0588697544700356,7
8,4,96,0.5,relu,1,0.074739415240086,0.9665696157072778,0.0820910616011897,7
8,4,96,0.5,relu,3,0.0829667036865049,0.9658070426000968,0.0740742273182237,9
8,4,96,0.75,identity,0,0.0292103627084573,0.972583850431872,0.0414710301784388,6
8,4,96,0.75,identity,2,0.0512651137042159,0.9706225931620812,0.0662316780770513,7
8,4,96,0.75,identity,4,0.0562282349883765,0.9721063249440348,0.0865929166889238,7
8,4,96,0.75,relu,1,0.1941381779760647,0.9767710456420268,0.0934416111999406,6
8,4,96,0.75,relu,3,0.151873595605935,0.9749725175868096,0.0831377720668282,8
8,4,96,1.0,identity,0,0.1791413371634194,0.9911563337568928,0.1107705834152788,3
8,4,96,1.0,identity,2,0.3563541703437509,0.9903831226043018,0.1193753209800729,2
8,4,96,1.0,identity,4,0.4133062692674731,0.990185688486152,0.0923895916805981,2
8,4,96,1.0,relu,1,0.7527232736856,0.9876154065556302,0.1704834085068428,2
8,4,96,1.0,relu,3,0.590859332802645,0.9846516224303496,0.1520832629567995,3
8,8,16,0.0,identity,0,0.0100321792539182,0.2630186976962924,0.4014017156560638,6
8,8,16,0.0,identity,2,0.008994796280661,0.2689617564867133,0.3938919453501669,6
8,8,16,0.0,identity,4,0.0056137222457258,0.2647665913523189,0.4040070068473932,6
8,8,16,0.0,relu,1,0.0332111099175934,0.6388118296176469,0.2872801617893579,5
8,8,16,0.0,relu,3,0.0257913980730652,0.532545913429692,0.547750451703718,5
8,8,16,0.25,identity,0,0.0067424606294972,0.8548945939454716,0.0955292327270847,5
8,8,16,0.25,identity,2,0.0077186768723184,0.8511913009727674,0.1271324486195303,5
8,8,16,0.25,identity,4,0.0059653584470754,0.8705750395261013,0.0818302325108866,5
8,8,16,0.25,relu,1,0.0584678575368712,0.8942127883787006,0.216926005900995,4
8,8,16,0.25,relu,3,0.0792429101882312,0.8792633856672021,0.345266429774279,5
8,8,16,0.5,identity,0,0.0060732829486672,0.9438562729451024,0.034286528662396,4
8,8,16,0.5,identity,2,0.0096386612800977,0.9433981116819676,0.0318858216766042,4
8,8,16,0.5,identity,4,0.0611560754714182,0.96397558210828,0.0467310706957758,5
8,8,16,0.5,relu,1,0.205969060127096,0.9550412576786,0.2201832887795564,4
8,8,16,0.5,relu,3,0.1601937960526672,0.9634980856504995,0.1987706617047508,4
8,8,16,0.75,identity,0,0.0183700566101568,0.9722233650679916,0.0325086007719553,4
8,8,16,0.75,identity,2,0.0384035969262577,0.9728800104395376,0.0314350422960976,4
8,8,16,0.75,identity,4,0.1180828407120033,0.9881971776154632,0.0319113110335435,5
8,8,16,0.75,relu,1,0.3573869126425444,0.978472228810254,0.1550504830686211,3
8,8,16,0.75,relu,3,0.4257585548614629,0.983859536495068,0.2072281985013769,3
8,8,16,1.0,identity,0,0.30352372074639,0.987832944144843,0.3797041687585607,4
8,8,16,1.0,identity,2,0.0790918997657766,0.9901564668793742,0.0774151123916113,2
8,8,16,1.0,identity,4,0.256900021295864,0.9969845043173372,0.1960784878199521,3
8,8,16,1.0,relu,1,0.6553461923338705,0.9899203749650852,0.1148104196689731,2
8,8,16,1.0,relu,3,0.6060099943351153,0.9898300628626264,0.1067436801550455,2
8,8,32,0.0,identity,0,0.0097736629175787,0.4831518850358596,0.2164765884749609,6
8,8,32,0.0,identity,2,0.0149400310418114,0.4799292188326424,0.2224032206159673,7
8,8,32,0.0,identity,4,0.0143875650287977,0.5133067889387569,0.222494326854284,7
8,8,32,0.0,relu,1,0.0259738314597022,0.735194574734611,0.1239179512552923,7
8,8,32,0.0,relu,3,0.0181793499726713,0.7702003731652957,0.1130621224225155,7
8,8,32,0.25,identity,0,0.0096403503737867,0.9171390263990308,0.039237714203196,6
8,8,32,0.25,identity,2,0.0078197430752056,0.9175025894556766,0.0308433923670313,6
8,8,32,0.25,identity,4,0.0097308911131921,0.9284839401218684,0.035506877487817,7
8,8,32,0.25,relu,1,0.0348746234882701,0.9399441097722588,0.0883686696928234,6
8,8,32,0.25,relu,3,0.0335303986296505,0.9410823271169052,0.079544811689112,6
8,8,32,0.5,identity,0,0.011894262345728,0.9500411687211824,0.033652494334297,6
8,8,32,0.5,identity,2,0.011361130185859,0.9512534754055658,0.0319687144293486,6
8,8,32,0.5,identity,4,0.0111126709081753,0.9602644921528984,0.0352814113101969,7
8,8,32,0.5,relu,1,0.0385011939060117,0.9631860170667034,0.0801943000479393,5
8,8,32,0.5,relu,3,0.061677924084841,0.9672538470487756,0.1117630011261889,6
8,8,32,0.75,identity,0,0.0206774441637685,0.9694578917387028,0.0383541259821074,6
8,8,32,0.75,identity,2,0.0123876259118155,0.9706600287790343,0.0278875414772582,6
8,8,32,0.75,identity,4,0.0136617604089416,0.9771189119205812,0.0376383418327147,7
8,8,32,0.75,relu,1,0.1250203917026321,0.9775331185314172,0.076430306453486,5
8,8,32,0.75,relu,3,0.1157524091248893,0.9790236677344988,0.0862144643364282,5
8,8,32,1.0,identity,0,0.2070600625704668,0.9870667158131642,0.2622420547343535,4
8,8,32,1.0,identity,2,0.0583903288367165,0.9906489586007622,0.0425762383997382,2
8,8,32,1.0,identity,4,0.3023807759492317,0.9964035013836512,0.0898612692211054,3
8,8,32,1.0,relu,1,0.510691808114603,0.9894856764722778,0.0907496953394017,3
8,8,32,1.0,relu,3,0.4546146764995083,0.9903691779564144,0.0737956583399536,2
8,8,64,0.0,identity,0,0.0124700775249276,0.513027412417913,0.1870071352432172,6
8,8,64,0.0,identity,2,0.0172384520229909,0.5789073033390606,0.188465958471394,6
8,8,64,0.0,identity,4,0.0150539111665578,0.5169395953884206,0.2009852566280181,7
8,8,64,0.0,relu,1,0.0216214108933972,0.7895524906867734,0.0749457023068734,8
8,8,64,0.0,relu,3,0.0125509468577424,0.7382962397268269,0.0728262821579222,9
8,8,64,0.25,identity,0,0.0131578820543135,0.9172274591233978,0.0510967092618148,6
8,8,64,0.25,identity,2,0.0090910926814841,0.9160058676762344,0.0380446296858062,6
8,8,64,0.25,identity,4,0.010321852959212,0.9306130543959434,0.0452400229656971,7
8,8,64,0.25,relu,1,0.0217288391815199,0.9455106415062206,0.0581925324579826,7
8,8,64,0.25,relu,3,0.0272624308237017,0.9465132309511136,0.0638061186724755,8
8,8,64,0.5,identity,0,0.0137761408318438,0.9520490467245,0.0409078403608339,6
8,8,64,0.5,identity,2,0.0163820491381824,0.9522063157758938,0.0440068150231277,7
8,8,64,0.5,identity,4,0.0132048799796903,0.9596889233083954,0.0398017135219791,7
8,8,64,0.5,relu,1,0.0426341159175037,0.9638659338750052,0.0602900660699537,7
8,8,64,0.5,relu,3,0.0496127388106425,0.9683719032639448,0.0576186535870985,7
8,8,64,0.75,identity,0,0.0204256806374085,0.968723147757398,0.0404194638049507,6
8,8,64,0.75,identity,2,0.0242290607435362,0.9700214572563784,0.0467685580941481,7
8,8,64,0.75,identity,4,0.0167888534168609,0.9771412693301952,0.0380638213436195,7
8,8,64,0.75,relu,1,0.080590266678391,0.9780996755138288,0.0640113111905604,7
8,8,64,0.75,relu,3,0.1000391203590886,0.9808548588446954,0.0658283399068782,7
8,8,64,1.0,identity,0,0.1810091384505845,0.9875267013772392,0.1565914833263735,4
8,8,64,1.0,identity,2,0.1247737040279066,0.9892229085608694,0.0781344775503257,3
8,8,64,1.0,identity,4,0.3068145420209446,0.9960822849394112,0.0792543355535368,4
8,8,64,1.0,relu,1,0.4582670709867427,0.9904031112664774,0.0861197895143999,4
8,8,64,1.0,relu,3,0.3640120750877774,0.9910230652436424,0.0728728323539596,3
8,8,96,0.0,identity,0,0.0110208341918625,0.6004427617858482,0.1476668139482603,6
8,8,96,0.0,identity,2,0.014978041563576,0.6060431767577524,0.1289899690031769,6
8,8,96,0.0,identity,4,0.0103327281939154,0.6040769840096594,0.1480596871026939,7
8,8,96,0.0,relu,1,0.0189428765890685,0.7739228018235292,0.065798886170068,9
8,8,96,0.0,relu,3,0.0144328686505766,0.7439332166222491,0.0681247110414653,10
8,8,96,0.25,identity,0,0.0092110739019618,0.9200814611720878,0.0382184432764149,6
8,8,96,0.25,identity,2,0.0120927663216218,0.9217631791330354,0.0463470266514096,7
8,8,96,0.25,identity,4,0.0111274807073466,0.9312401817829608,0.0435559427821134,7
8,8,96,0.25,relu,1,0.0158576712661795,0.9528013469662014,0.0421258908265879,7
8,8,96,0.25,relu,3,0.0180090583025036,0.955832827386528,0.0462750895005144,8
8,8,96,0.5,identity,0,0.0146260903167771,0.9514572038201442,0.0391270285568387,6
8,8,96,0.5,identity,2,0.0177990618173142,0.9536105591548308,0.0447328429399619,7
8,8,96,0.5,identity,4,0.0110431977867548,0.959964205691571,0.0346688320012616,7
8,8,96,0.5,relu,1,0.0296021701505471,0.9664631370309787,0.0481833306888049,7
8,8,96,0.5,relu,3,0.0423437697075822,0.9729329543511036,0.052777259139836,8
8,8,96,0.75,identity,0,0.0232062577686701,0.9686363509426452,0.0428850887872486,6
8,8,96,0.75,identity,2,0.0184069051093851,0.9703471413671078,0.0381932830019708,6
8,8,96,0.75,identity,4,0.0172494516688313,0.9777997804922532,0.0338794549125343,7
8,8,96,0.75,relu,1,0.0844757845820715,0.9800772123257566,0.0562907604172106,7
8,8,96,0.75,relu,3,0.0958616918402903,0.982367481727428,0.0621637311143033,8
8,8,96,1.0,identity,0,0.1513627798372552,0.9867086706344484,0.1538666982863476,4
8,8,96,1.0,identity,2,0.1378545787913979,0.9897948395943827,0.0805257934150991,3
8,8,96,1.0,identity,4,0.3062956771570956,0.9967125008672336,0.1877540675522544,4
8,8,96,1.0,relu,1,0.3978126394391599,0.9900928376066002,0.0792395384948679,4
8,8,96,1.0,relu,3,0.4329162275560573,0.989914056861546,0.0930670850159052,4
1,16,16,0.0,identity,1,0.0016709881709111,0.2392692002465724,0.0638397363603741,1
1,16,16,0.0,identity,3,0.0020245244647905,0.3989625894258976,0.0762837126258449,1
1,16,16,0.0,relu,0,0.2713583440943337,0.674002089085108,0.7288453064148425,2
1,16,16,0.0,relu,2,0.14339372831599,0.6743005828231949,0.5755799505269545,2
1,16,16,0.0,relu,4,0.1126012862444678,0.6928135824055723,0.6718003498235597,2
1,16,16,0.25,identity,1,0.001800801556998,0.8230673323250519,0.0115184430317036,1
1,16,16,0.25,identity,3,0.0034445754793764,0.8753143152047829,0.0333396768050487,1
1,16,16,0.25,relu,0,0.2758941655394222,0.842339854053053,0.3159277611181856,2
1,16,16,0.25,relu,2,0.1481763673325208,0.8701565283985249,0.3102859313005958,2
1,16,16,0.25,relu,4,0.1405902292420513,0.8896272182530854,0.1933722108771036,2
1,16,16,0.5,identity,1,0.0049079970398245,0.9125569326669865,0.0127534997565418,1
1,16,16,0.5,identity,3,0.005207845998931,0.9365836090408872,0.0279791461178324,1
1,16,16,0.5,relu,0,0.1667346642071305,0.9205991446863896,0.1968967677376781,2
1,16,16,0.5,relu,2,0.161377226924124,0.9113545777656396,0.1853615856562922,2
1,16,16,0.5,relu,4,0.1765225777398975,0.9373500041943498,0.1395087895726675,2
1,16,16,0.75,identity,1,0.0161468867399112,0.9652414694836984,0.0408279292299148,1
1,16,16,0.75,identity,3,0.0102627685971237,0.9691381669798128,0.0326553103147679,1
1,16,16,0.75,relu,0,0.2228370165105467,0.9315679682995428,0.2114444966463818,2
1,16,16,0.75,relu,2,0.3151289658186146,0.951370346331306,0.1442749977624506,2
1,16,16,0.75,relu,4,0.3070446678524086,0.9539927390735148,0.1620841455207765,2
1,16,16,1.0,identity,1,0.5440209349623898,0.995582434239855,0.0843364544724699,1
1,16,16,1.0,identity,3,0.8020929235951391,0.9966889306193508,0.6997434564343993,1
1,16,16,1.0,relu,0,0.8325681413710299,0.9764025979894804,0.3256968388485683,1
1,16,16,1.0,relu,2,0.9431724208487452,0.9817449301220104,0.3014469463985982,1
1,16,16,1.0,relu,4,0.8615650704357135,0.9805381664417028,0.1804781566220268,1
1,16,32,0.0,identity,1,0.0041501456880159,0.3916556613756225,0.0409503491070059,1
1,16,32,0.0,identity,3,0.0074841541224763,0.5142673257650854,0.1783214516536033,2
1,16,32,0.0,relu,0,0.0017604385659979,0.7312379590140662,0.0130191351197597,1
1,16,32,0.0,relu,2,0.0009936146789469,0.7186777684629111,0.0316525292534722,1
1,16,32,0.0,relu,4,0.007879006350166,0.7672520666780537,0.0476626699159526,2
1,16,32,0.25,identity,1,0.0022975277365292,0.7889349557795566,0.0275721166975165,1
1,16,32,0.25,identity,3,0.0081559057142468,0.8518076152123758,0.0579550254272771,2
1,16,32,0.25,relu,0,0.0178551053396213,0.8564204760809639,0.0405252241922549,2
1,16,32,0.25,relu,2,0.0137954022602745,0.8514041495024685,0.0552504022869212,2
1,16,32,0.25,relu,4,0.0152908773451321,0.8775049041858837,0.0567747969375292,2
1,16,32,0.5,identity,1,0.0043731068047775,0.8857089691415649,0.0127524561591795,1
1,16,32,0.5,identity,3,0.0052807924465777,0.902097077083266,0.0534302622518076,1
1,16,32,0.5,relu,0,0.0552312014018554,0.8883015424905132,0.076561684508592,2
1,16,32,0.5,relu,2,0.0436060689030308,0.8959047962806233,0.0618565633826529,2
1,16,32,0.5,relu,4,0.0356859097626827,0.9133264533987931,0.0764348405968857,2
1,16,32,0.75,identity,1,0.1387149085189799,0.9380526260944192,0.0903651293507555,2
1,16,32,0.75,identity,3,0.0100926629791102,0.9586742520619678,0.0366565567290542,1
1,16,32,0.75,relu,0,0.1291510828538712,0.9223017313665584,0.1099263131220818,2
1,16,32,0.75,relu,2,0.095362741685586,0.9256432389900424,0.0935561724964081,2
1,16,32,0.75,relu,4,0.1138558703495915,0.935583767373218,0.1208190480359604,2
1,16,32,1.0,identity,1,0.3648506857237175,0.9969259471416068,0.1545890894770905,1
1,16,32,1.0,identity,3,0.8226891325520403,0.9949065923781656,0.5889728079830527,1
1,16,32,1.0,relu,0,0.7451614861725955,0.980573886570038,0.1902753899475415,1
1,16,32,1.0,relu,2,0.8235636138007094,0.9881817163440758,0.1222509439366038,1
1,16,32,1.0,relu,4,0.9298880366245856,0.9796119711820162,0.2655694147655141,1
1,16,64,0.0,identity,1,0.0033058783099256,0.4663998826264772,0.0349698905072583,1
1,16,64,0.0,identity,3,0.0081116105688624,0.543231786046513,0.1224531653494567,2
1,16,64,0.0,relu,0,0.005505116155308,0.7773617073065564,0.0396216475714487,2
1,16,64,0.0,relu,2,0.0107637838481712,0.7760679992486649,0.0443332714729174,2
1,16,64,0.0,relu,4,0.0049543659104978,0.8339589420456113,0.0381075607937783,2
1,16,64,0.25,identity,1,0.0020086438648619,0.8102509532174612,0.0300442491105787,1
1,16,64,0.25,identity,3,0.0060029537272628,0.8614344152814226,0.073723127676556,1
1,16,64,0.25,relu,0,0.0097789604097442,0.8720901231539848,0.037916315731618,2
1,16,64,0.25,relu,2,0.0106452760466411,0.8807198136867608,0.035535382130852,2
1,16,64,0.25,relu,4,0.0136614308381611,0.899615138409376,0.0408240378612988,2
1,16,64,0.5,identity,1,0.0077591193024484,0.8733237370034103,0.019143399205961,1
1,16,64,0.5,identity,3,0.022642929504593,0.9035465034577668,0.1044377038467006,2
1,16,64,0.5,relu,0,0.0398495181396718,0.9050688224829082,0.0429820850602483,2
1,16,64,0.5,relu,2,0.0267604606527403,0.904201141577012,0.0484214736996291,2
1,16,64,0.5,relu,4,0.0287482487561073,0.9141159073031584,0.0452974409903236,2
1,16,64,0.75,identity,1,0.0437835016532683,0.9451698941828904,0.0302945249455456,1
1,16,64,0.75,identity,3,0.0935395974856183,0.9562546276464136,0.1265505999342836,2
1,16,64,0.75,relu,0,0.1264565576457986,0.9264945731961663,0.1135531972278936,2
1,16,64,0.75,relu,2,0.0933900277863325,0.9299733202839412,0.071319568544395,2
1,16,64,0.75,relu,4,0.0813867250565769,0.935067295251898,0.0825514649598283,2
1,16,64,1.0,identity,1,0.7203188346673799,0.9925325242145474,0.0460885129294377,1
1,16,64,1.0,identity,3,0.8091938583225696,0.9950850923836204,0.640709414154684,1
1,16,64,1.0,relu,0,0.8162122676716101,0.9778519041752932,0.2329145134216324,1
1,16,64,1.0,relu,2,0.8264045601859747,0.9886140290338954,0.1716412995649949,1
1,16,64,1.0,relu,4,0.8520121737295983,0.9843217366623964,0.1082368914766996,1
1,16,96,0.0,identity,1,0.0031491135024946,0.5273687642721456,0.0282299110022666,1
1,16,96,0.0,identity,3,0.0103075841718707,0.6460156831473487,0.0648273304123819,2
1,16,96,0.0,relu,0,0.0057439947876371,0.8327990725421643,0.0289283198210294,2
1,16,96,0.0,relu,2,0.0123280267371534,0.8343459598548667,0.0478607197489799,2
1,16,96,0.0,relu,4,0.0068162567515813,0.8540302406292329,0.0466830914501491,2
1,16,96,0.25,identity,1,0.0028386733732742,0.8124091250567871,0.0226270510027849,1
1,16,96,0.25,identity,3,0.0075149503332708,0.8666057996672017,0.0529254724027311,2
1,16,96,0.25,relu,0,0.0100476107124397,0.8842572963275886,0.0326578107677408,2
1,16,96,0.25,relu,2,0.0092129507706672,0.8886993212762857,0.0295001013981558,2
1,16,96,0.25,relu,4,0.007521247482838,0.9053797658807105,0.0356658648405047,2
1,16,96,0.5,identity,1,0.0082717134992793,0.8921498792734583,0.0320433864048555,1
1,16,96,0.5,identity,3,0.0101608162271105,0.9159723923491288,0.0617819696244781,1
1,16,96,0.5,relu,0,0.0253232076183623,0.902529845030666,0.0411887503782086,2
1,16,96,0.5,relu,2,0.0284792762142321,0.9126964023270197,0.032564147665503,2
1,16,96,0.5,relu,4,0.0181044808261227,0.9186471698275774,0.0586039813877057,2
1,16,96,0.75,identity,1,0.137321699466447,0.946273021468422,0.080197317041449,2
1,16,96,0.75,identity,3,0.1016926393997154,0.96265546702863,0.2087381319383604,2
1,16,96,0.75,relu,0,0.1357039597687855,0.9371508743500452,0.1080889749696971,2
1,16,96,0.75,relu,2,0.079429175704198,0.939409341128086,0.0648074552164139,2
1,16,96,0.75,relu,4,0.0969805498592171,0.9346445786531008,0.0899763222139924,2
1,16,96,1.0,identity,1,0.697720561277159,0.992835745521947,0.067181054233394,1
1,16,96,1.0,identity,3,0.6969431406333705,0.9945990422565424,0.4373250589153888,1
1,16,96,1.0,relu,0,0.7988113639834526,0.9789502785231412,0.2098035203896151,1
1,16,96,1.0,relu,2,0.8188563673779529,0.9873863904060214,0.1570412479304895,1
1,16,96,1.0,relu,4,0.8919502750410158,0.981192246052602,0.1975996495423913,1
1,1,16,0.0,identity,1,0.0181939208659184,0.471585541790077,0.0826372236284683,1
1,1,16,0.0,identity,3,0.0046586307119795,0.8004604078476242,0.1470968279203165,1
1,1,16,0.0,relu,0,0.0608217080993477,0.8188974551279834,0.1375373685174678,1
1,1,16,0.0,relu,2,0.0326847208778051,0.83365658864481,0.0920493601067342,2
1,1,16,0.0,relu,4,0.0301939957208383,0.7585119218036549,0.1892265486335079,2
1,1,16,0.25,identity,1,0.0025765804934087,0.933520302307818,0.0988538425054872,1
1,1,16,0.25,identity,3,0.1010901108351885,0.9009275304825912,0.1976702976263984,2
1,1,16,0.25,relu,0,0.0965065501608469,0.9514896165751384,0.0606059300333665,2
1,1,16,0.25,relu,2,0.11723310393105,0.9328135662332708,0.0805320280369889,2
1,1,16,0.25,relu,4,0.1688942267130592,0.957425537854347,0.1192054606592565,2
1,1,16,0.5,identity,1,0.0144337820027507,0.9397576658109404,0.0865655084261385,1
1,1,16,0.5,identity,3,0.0176734661618327,0.9631065426985232,0.0964803987028601,1
1,1,16,0.5,relu,0,0.1414436210158037,0.9562289075080166,0.080238998506258,2
1,1,16,0.5,relu,2,0.2945327332088714,0.9644340679195804,0.1083701316515195,2
1,1,16,0.5,relu,4,0.1981240807196811,0.9558550220313404,0.0615060532412906,2
1,1,16,0.75,identity,1,0.3824309837059581,0.9773905335754992,0.1752980154592832,2
1,1,16,0.75,identity,3,0.3954312912637667,0.973757157571545,0.2512372743532718,2
1,1,16,0.75,relu,0,0.3744367550090701,0.966546375458444,0.1140002387671173,2
1,1,16,0.75,relu,2,0.4229554903232715,0.9732497698945536,0.2450090989082607,2
1,1,16,0.75,relu,4,0.3862218413048595,0.961979611875865,0.2049961513889689,2
1,1,16,1.0,identity,1,0.7801747776830134,0.9886470067843997,0.1200931965041499,1
1,1,16,1.0,identity,3,0.786701780413273,0.995630072185232,0.6925511054821045,1
1,1,16,1.0,relu,0,0.7344758848592018,0.9808364590073048,0.0974497972440591,1
1,1,16,1.0,relu,2,0.9270582453427978,0.9827278691752188,0.2586188368039487,1
1,1,16,1.0,relu,4,0.9291967899552388,0.9746872454744951,0.3090890805221605,1
1,1,32,0.0,identity,1,0.0048848979087569,0.7267277841978765,0.0290686404647061,1
1,1,32,0.0,identity,3,0.0357907366592387,0.6667733201829519,0.1270244594795778,1
1,1,32,0.0,relu,0,0.0078879784140893,0.8560777730782058,0.0603311050690116,1
1,1,32,0.0,relu,2,0.0428897824098549,0.9015311542991244,0.0643138793628094,2
1,1,32,0.0,relu,4,0.0460615142734871,0.8657155334589925,0.1068578833605093,2
1,1,32,0.25,identity,1,0.0232306888607261,0.9275592862543404,0.0399109734340083,1
1,1,32,0.25,identity,3,0.0246348584240494,0.9389915471015182,0.1002656307217303,2
1,1,32,0.25,relu,0,0.0369584715978626,0.9431100377986334,0.1233087838707068,2
1,1,32,0.25,relu,2,0.145860801888394,0.9503029042159102,0.0809660216301411,2
1,1,32,0.25,relu,4,0.0176946114068832,0.946770158004868,0.1116592891712054,2
1,1,32,0.5,identity,1,0.0043315349800015,0.9429241189279596,0.0287690890051043,1
1,1,32,0.5,identity,3,0.0145265965886542,0.9712451879619584,0.1923734777355243,1
1,1,32,0.5,relu,0,0.2006834764478817,0.9575721307690224,0.0904945869529325,2
1,1,32,0.5,relu,2,0.1816807413733997,0.9623362905036672,0.1681724746975322,2
1,1,32,0.5,relu,4,0.0401903323391383,0.9602209349801502,0.1021259023267496,2
1,1,32,0.75,identity,1,0.3305295268976533,0.9620394383964757,0.1547279290622243,2
1,1,32,0.75,identity,3,0.1078293089754779,0.9807191120738332,0.2430518998683954,1
1,1,32,0.75,relu,0,0.3237895950111105,0.956737049247222,0.1327927915463982,2
1,1,32,0.75,relu,2,0.353847873399519,0.9725278375658144,0.2899559655218567,2
1,1,32,0.75,relu,4,0.4425755339740986,0.9711659862623426,0.1520822426999421,2
1,1,32,1.0,identity,1,0.6669459323415379,0.9897842310564232,0.1218436787670017,1
1,1,32,1.0,identity,3,0.5685253395561292,0.9946950180134992,0.2178468376360871,1
1,1,32,1.0,relu,0,0.7451642692601342,0.9806475447989668,0.1200889945089765,1
1,1,32,1.0,relu,2,0.8752947637122991,0.985413852098546,0.2153949835478541,1
1,1,32,1.0,relu,4,0.870106454628087,0.9799603429949962,0.2271982301834848,1
1,1,64,0.0,identity,1,0.0138193094295607,0.6925429853789452,0.0463188604347463,1
1,1,64,0.0,identity,3,0.0576655340090032,0.8634711468098478,0.2481792955685178,1
1,1,64,0.0,relu,0,0.0400427232653147,0.8066327497905906,0.1721009669444222,2
1,1,64,0.0,relu,2,0.0190257609963272,0.7973381696784391,0.1007907723839472,2
1,1,64,0.0,relu,4,0.0467285487632781,0.8618730320610789,0.1187513088073067,2
1,1,64,0.25,identity,1,0.0473145245786609,0.9383692247024564,0.0447969944023365,1
1,1,64,0.25,identity,3,0.0903968693979344,0.9358970205075388,0.0897057132430796,2
1,1,64,0.25,relu,0,0.0232782745311817,0.945518750591822,0.0460143711925339,2
1,1,64,0.25,relu,2,0.1156786249644117,0.9541887233239276,0.0611345094482037,2
1,1,64,0.25,relu,4,0.007482969609793,0.949627790969068,0.0763392301890367,2
1,1,64,0.5,identity,1,0.071534541925777,0.959687514911246,0.0503183965848257,1
1,1,64,0.5,identity,3,0.1411045298613059,0.9631720603097262,0.2001764990086986,2
1,1,64,0.5,relu,0,0.1779008225326054,0.9556363249801604,0.0697935855147712,2
1,1,64,0.5,relu,2,0.1529379788467705,0.960509092905295,0.1273462696335159,2
1,1,64,0.5,relu,4,0.0733542936509853,0.970345606311688,0.0661461949210087,2
1,1,64,0.75,identity,1,0.3573332356447207,0.9688975217355158,0.1315465497287472,2
1,1,64,0.75,identity,3,0.2511802028672843,0.9777395979697754,0.2122917582817062,2
1,1,64,0.75,relu,0,0.2510135689612784,0.9626742104848484,0.0833287220505171,2
1,1,64,0.75,relu,2,0.3763666115380152,0.974527946967306,0.2469527353570868,2
1,1,64,0.75,relu,4,0.2823787003784416,0.9728427427559226,0.1065154575246861,2
1,1,64,1.0,identity,1,0.7079493021198459,0.9922216474860004,0.2678597700335586,1
1,1,64,1.0,identity,3,0.4843945999093986,0.994366702388102,0.2927730113589035,1
1,1,64,1.0,relu,0,0.6745147536210528,0.9836995891252924,0.0819255755327344,1
1,1,64,1.0,relu,2,0.8934002854857176,0.985745578841418,0.1218360191728038,1
1,1,64,1.0,relu,4,0.8255393649049582,0.9854400917119684,0.1608026637843515,1
1,1,96,0.0,identity,1,0.0449830208748963,0.7062724860518945,0.0485539154263213,1
1,1,96,0.0,identity,3,0.0809592989239714,0.864320579540203,0.1861512272031306,2
1,1,96,0.0,relu,0,0.0426097186142146,0.8806552477748868,0.066799502593577,2
1,1,96,0.0,relu,2,0.0117418608910657,0.8397765303165533,0.1199195691628103,2
1,1,96,0.0,relu,4,0.0816903220344586,0.8874397472847454,0.1215650509438486,2
1,1,96,0.25,identity,1,0.0007514311783622,0.9351384746593638,0.0198894274483214,1
1,1,96,0.25,identity,3,0.0447731012728358,0.9632372953684454,0.1152881462022163,1
1,1,96,0.25,relu,0,0.0635373438568251,0.9532086411139674,0.0609869238897228,2
1,1,96,0.25,relu,2,0.0497077558829846,0.9461668491537276,0.0594900599982761,2
1,1,96,0.25,relu,4,0.0394233341139204,0.9588911829818966,0.118555310138755,2
1,1,96,0.5,identity,1,0.0259779166026212,0.954225433080754,0.0198812077304348,1
1,1,96,0.5,identity,3,0.0883228001095744,0.9658671875365236,0.1136715160433076,1
1,1,96,0.5,relu,0,0.1765204495060041,0.963581311502832,0.0836994682016797,2
1,1,96,0.5,relu,2,0.1375550383299624,0.9607608538162244,0.1094118199609219,2
1,1,96,0.5,relu,4,0.0690750826351263,0.9682796634612932,0.0685736922830979,2
1,1,96,0.75,identity,1,0.451189610274507,0.969808388574272,0.1314927511659166,2
1,1,96,0.75,identity,3,0.3304707852728697,0.9781059173188376,0.2171991393187842,2
1,1,96,0.75,relu,0,0.3884609504386724,0.9657365613910368,0.1349260035884404,2
1,1,96,0.75,relu,2,0.3362182936914573,0.975324380946435,0.2685869444713995,2
1,1,96,0.75,relu,4,0.3428876608646904,0.9701363816301672,0.1463761720059343,2
1,1,96,1.0,identity,1,0.8268442249171445,0.9892659952799624,0.3156731027076264,1
1,1,96,1.0,identity,3,0.3631918008823049,0.9941356561680073,0.1106919354719122,1
1,1,96,1.0,relu,0,0.7478185782762248,0.9811127558413866,0.1054635428765827,1
1,1,96,1.0,relu,2,0.8388099469253196,0.9868708322699884,0.2065898776937835,1
1,1,96,1.0,relu,4,0.9200903381576048,0.9843321889984,0.2238028191100759,1
1,2,16,0.0,identity,1,0.0072440419763363,0.537355535576395,0.0757674120144975,1
1,2,16,0.0,identity,3,0.0350921590224351,0.4905157390283438,0.4085100658088744,1
1,2,16,0.0,relu,0,0.0044558629450303,0.8024259833888719,0.0397395691126003,1
1,2,16,0.0,relu,2,0.0596617825047868,0.7809173325368556,0.1300658402447506,2
1,2,16,0.0,relu,4,0.0099546790513375,0.7793360613027212,0.1602055490330208,2
1,2,16,0.25,identity,1,0.0131565281639841,0.9078839299759016,0.0575057168139084,1
1,2,16,0.25,identity,3,0.0442256139738568,0.906271946870226,0.1394131373019976,2
1,2,16,0.25,relu,0,0.0884476323579505,0.9045214736967216,0.0674948149177007,2
1,2,16,0.25,relu,2,0.1168662607221798,0.9112161741302104,0.1059068308592833,2
1,2,16,0.25,relu,4,0.0597874145132416,0.9262222033857108,0.1198340916902655,2
1,2,16,0.5,identity,1,0.0134160924373917,0.9267454203142556,0.0381769568468625,1
1,2,16,0.5,identity,3,0.0620190434519151,0.9429303407480122,0.1252689901810333,2
1,2,16,0.5,relu,0,0.1371376442270254,0.9290777180079128,0.066633281955707,2
1,2,16,0.5,relu,2,0.1512102675552706,0.9311023092025336,0.0820554017847808,2
1,2,16,0.5,relu,4,0.1872193363139895,0.9594975935435568,0.1369313750948682,2
1,2,16,0.75,identity,1,0.1772011983223699,0.950055991048985,0.0611843437373425,2
1,2,16,0.75,identity,3,0.0948131018332623,0.9700424927139428,0.1389002294855082,2
1,2,16,0.75,relu,0,0.2243851960999792,0.9532493596073977,0.0956186039661287,2
1,2,16,0.75,relu,2,0.2849828073360596,0.9597479135385,0.1354440276473985,2
1,2,16,0.75,relu,4,0.2764859638892425,0.960380817050892,0.142179007858002,2
1,2,16,1.0,identity,1,0.6786352149042929,0.9884714345129502,0.0969571696442581,1
1,2,16,1.0,identity,3,0.1956429975238502,0.9953287777662204,0.1063028112124816,1
1,2,16,1.0,relu,0,0.7741519716426154,0.9823861784461232,0.2265417454216993,1
1,2,16,1.0,relu,2,0.9385604533047914,0.9796601415530888,0.3987200055540484,1
1,2,16,1.0,relu,4,0.9165649598250826,0.9783646030059931,0.2219311831433996,1
1,2,32,0.0,identity,1,0.0280668590489185,0.5651650993877965,0.0684157238643857,1
1,2,32,0.0,identity,3,0.0583537520976325,0.5860746978974628,0.2307273378602976,2
1,2,32,0.0,relu,0,0.0165836726360435,0.7633580014344159,0.1464219395438067,2
1,2,32,0.0,relu,2,0.0693249282643212,0.8060587628576457,0.1203566813523643,2
1,2,32,0.0,relu,4,0.0129464321511561,0.8410673141610461,0.1365511710720632,2
1,2,32,0.25,identity,1,0.0134820715024347,0.8973348537798794,0.0292242094675562,1
1,2,32,0.25,identity,3,0.0671299826241287,0.9323981830581476,0.0476763579860253,1
1,2,32,0.25,relu,0,0.068683433084857,0.9180207062056044,0.070093606089213,2
1,2,32,0.25,relu,2,0.06886409890399,0.9263143931616092,0.1141955821419785,2
1,2,32,0.25,relu,4,0.0874968620968259,0.9336482756122269,0.1431669128060155,2
1,2,32,0.5,identity,1,0.0028237563849294,0.9182030871491786,0.0267880065433127,1
1,2,32,0.5,identity,3,0.0670288870751253,0.9403459480046564,0.07737426428274,1
1,2,32,0.5,relu,0,0.0805517153203996,0.9186696365663656,0.0471399597083331,2
1,2,32,0.5,relu,2,0.11419013281398,0.9287311973238088,0.0809600649523085,2
1,2,32,0.5,relu,4,0.1338369393197647,0.9453951436685616,0.1583622544261515,2
1,2,32,0.75,identity,1,0.2046113637487686,0.9441266807080994,0.0877084591888595,2
1,2,32,0.75,identity,3,0.1507626817496669,0.9712506995103688,0.1670691774544306,2
1,2,32,0.75,relu,0,0.179216696606956,0.9485636280483332,0.0651556368706621,2
1,2,32,0.75,relu,2,0.2144889350568158,0.9499198085977646,0.1195779501982437,2
1,2,32,0.75,relu,4,0.2637976890131463,0.9622816334571712,0.1606640313657459,2
1,2,32,1.0,identity,1,0.7649486368838766,0.983869143751515,0.1226819323345953,1
1,2,32,1.0,identity,3,0.3107200929407575,0.9920166724629036,0.2163761470171071,1
1,2,32,1.0,relu,0,0.7182167121752635,0.98235002114961,0.0997172705555591,1
1,2,32,1.0,relu,2,0.8676131118804138,0.9862125996062896,0.15493859141467,1
1,2,32,1.0,relu,4,0.894104645854462,0.9834537323154672,0.1238142878079754,1
1,2,64,0.0,identity,1,0.0045814824141078,0.6409520154464023,0.0434032165799162,1
1,2,64,0.0,identity,3,0.0037504921435578,0.7087331013752719,0.0634472561711465,1
1,2,64,0.0,relu,0,0.018727984796946,0.8476551715016784,0.1001086991751882,2
1,2,64,0.0,relu,2,0.0639860751493419,0.8701653232194505,0.1178193923940701,2
1,2,64,0.0,relu,4,0.0183220039981498,0.8781374877334447,0.061339435609817,2
1,2,64,0.25,identity,1,0.0131122058830914,0.8998007111001923,0.0330767892973482,1
1,2,64,0.25,identity,3,0.0274156908709385,0.9314306917437528,0.087705466835489,2
1,2,64,0.25,relu,0,0.0428960543499976,0.9290560359159348,0.118396882994474,2
1,2,64,0.25,relu,2,0.0303698963114287,0.9295290543752808,0.0575364176023043,2
1,2,64,0.25,relu,4,0.0347517412252117,0.9506598165808876,0.0697814885671684,2
1,2,64,0.5,identity,1,0.0226783543611304,0.9204393264418592,0.0177558436460176,1
1,2,64,0.5,identity,3,0.0366317488153826,0.9620684923400692,0.0590353786039269,2
1,2,64,0.5,relu,0,0.1100797156484335,0.9408926330058568,0.0727612542574915,2
1,2,64,0.5,relu,2,0.0463511542799458,0.937048731886007,0.0791493011883201,2
1,2,64,0.5,relu,4,0.09922593016908,0.9568383572192872,0.1435898484484203,2
1,2,64,0.75,identity,1,0.1819599117675108,0.9458823223767906,0.0720299235511137,2
1,2,64,0.75,identity,3,0.0673499169554002,0.9739809003732832,0.0953502722848871,2
1,2,64,0.75,relu,0,0.1536416680454473,0.947078045167423,0.0463537999178808,2
1,2,64,0.75,relu,2,0.2269332014405178,0.9517646615723668,0.090287034636101,2
1,2,64,0.75,relu,4,0.2678496212991603,0.9648207246379096,0.1527848326193708,2
1,2,64,1.0,identity,1,0.5210912242191922,0.9920981393077856,0.1798036602517696,1
1,2,64,1.0,identity,3,0.4432479124867397,0.993035955358212,0.1691307286805284,1
1,2,64,1.0,relu,0,0.7249280928617723,0.983458219789685,0.0938286404408209,1
1,2,64,1.0,relu,2,0.8234935589258215,0.9880529292449344,0.2367542992502747,1
1,2,64,1.0,relu,4,0.8681413797445741,0.982716361504397,0.1170225448509224,1
1,2,96,0.0,identity,1,0.0092947510323539,0.750196622678976,0.0310071139176075,1
1,2,96,0.0,identity,3,0.0384458655385095,0.8011495102679744,0.1706616596945821,2
1,2,96,0.0,relu,0,0.007874709042607,0.8710913910111123,0.0351091093934756,2
1,2,96,0.0,relu,2,0.0523707160929432,0.8718021147649265,0.1105213258217822,2
1,2,96,0.0,relu,4,0.0191281512493647,0.8504597335151403,0.0735143414450802,2
1,2,96,0.25,identity,1,0.025971787364608,0.9097947487709536,0.0198506545180062,1
1,2,96,0.25,identity,3,0.0521843708867435,0.941182970176992,0.0687038982284365,2
1,2,96,0.25,relu,0,0.0406105427922346,0.9335401192710748,0.0544904741289407,2
1,2,96,0.25,relu,2,0.0467614117033754,0.9290671085904092,0.0689388578758306,2
1,2,96,0.25,relu,4,0.0283020874366673,0.9477052843597368,0.081387800135635,2
1,2,96,0.5,identity,1,0.005635920828514,0.9239338487724108,0.0158674918623707,1
1,2,96,0.5,identity,3,0.06621885323601,0.9556886439922828,0.1057273471140674,2
1,2,96,0.5,relu,0,0.0987977972752452,0.9417373915400546,0.0554815352102148,2
1,2,96,0.5,relu,2,0.0741243558988413,0.9434992627323548,0.0662931227328238,2
1,2,96,0.5,relu,4,0.0821400923951589,0.9511866458295222,0.1145367230932218,2
1,2,96,0.75,identity,1,0.2061134170761683,0.9498224479300634,0.1390847919848005,2
1,2,96,0.75,identity,3,0.121837001761177,0.967705674442152,0.1465516276027332,2
1,2,96,0.75,relu,0,0.1496571431410537,0.9507488355493768,0.0463661547313848,2
1,2,96,0.75,relu,2,0.1724575807578875,0.9593723170171669,0.1133144643645186,2
1,2,96,0.75,relu,4,0.2460837550918287,0.9633704993960642,0.1363405934891841,2
1,2,96,1.0,identity,1,0.7947317620826185,0.9809679134637278,0.1169083287696189,1
1,2,96,1.0,identity,3,0.4427346652532003,0.9943538147444864,0.2299680170392881,1
1,2,96,1.0,relu,0,0.6845939556698226,0.9838328549480474,0.0876747525950706,1
1,2,96,1.0,relu,2,0.8550982321515963,0.987454467236626,0.3547588321082921,1
1,2,96,1.0,relu,4,0.7751550729927116,0.9875461574093392,0.107481025364934,1
1,32,16,0.0,identity,1,0.0035489214703263,0.4982646679874414,0.0544836961142297,1
1,32,16,0.0,identity,3,0.0065655629742595,0.7492649510617418,0.0557769936843656,1
1,32,16,0.0,relu,0,0.25374443722527,0.7645823241913254,0.5454045251093129,2
1,32,16,0.0,relu,2,0.2856596326531189,0.779704418665088,0.525294411065749,2
1,32,16,0.0,relu,4,0.2291982136508386,0.8605453402265599,0.6918796761820983,2
1,32,16,0.25,identity,1,0.0050446931032175,0.8775573885597427,0.0109025744984229,1
1,32,16,0.25,identity,3,0.0063194996972882,0.9086604576210988,0.0366920105142549,1
1,32,16,0.25,relu,0,0.1975973121541158,0.9150262254913476,0.2564490193075768,2
1,32,16,0.25,relu,2,0.2245685408460185,0.8968888217409593,0.2590910502047037,2
1,32,16,0.25,relu,4,0.1892754682334216,0.9266961073345732,0.1935483591067717,2
1,32,16,0.5,identity,1,0.0037983047461136,0.9444455447237124,0.0073865383842617,1
1,32,16,0.5,identity,3,0.0060501540594339,0.950883857823742,0.023255506019713,1
1,32,16,0.5,relu,0,0.2177272227573232,0.9405199868766212,0.1916774547789619,2
1,32,16,0.5,relu,2,0.2234869469533403,0.9402719834864364,0.1893644543623163,2
1,32,16,0.5,relu,4,0.2494614387543338,0.957976237340978,0.1650921695884007,2
1,32,16,0.75,identity,1,0.0073817974157747,0.9674405555059088,0.0120095368986954,1
1,32,16,0.75,identity,3,0.0087963006749549,0.9681237729882454,0.0211020740159313,1
1,32,16,0.75,relu,0,0.2821241803492511,0.9621882526697972,0.1225481561295755,2
1,32,16,0.75,relu,2,0.3585362699246439,0.961650970343664,0.1394387988461404,2
1,32,16,0.75,relu,4,0.3257541645171172,0.9664054943026362,0.2082365349005588,2
1,32,16,1.0,identity,1,0.6422935291674589,0.987293826462656,0.0498018046211692,1
1,32,16,1.0,identity,3,0.5806635152639359,0.9920871819666274,0.382308822966541,1
1,32,16,1.0,relu,0,0.8138698631944844,0.9802292100569496,0.2287576312939928,1
1,32,16,1.0,relu,2,0.8361651452984394,0.9810792093002068,0.2426286470739857,1
1,32,16,1.0,relu,4,0.9207389307362944,0.983071322136102,0.1544693438218948,1
1,32,32,0.0,identity,1,0.0010349366887812,0.3481234655176149,0.0368744336282501,1
1,32,32,0.0,identity,3,0.0045894103914084,0.6545628951112104,0.0258436246395241,1
1,32,32,0.0,relu,0,0.0053004654884907,0.5727365855792332,0.0335898931363368,1
1,32,32,0.0,relu,2,0.0259107222872007,0.6076794949464905,0.2211648686394423,2
1,32,32,0.0,relu,4,0.0294180611048673,0.6743759702893103,0.15963110045278,2
1,32,32,0.25,identity,1,0.0011699142910917,0.7580541934589029,0.0121339497792692,1
1,32,32,0.25,identity,3,0.0031680548460481,0.8469283313479217,0.0257831903238927,1
1,32,32,0.25,relu,0,0.0507489812755091,0.8451043687660131,0.0843470451245363,2
1,32,32,0.25,relu,2,0.0425720177219332,0.8404398857695947,0.1045043619450632,2
1,32,32,0.25,relu,4,0.0220258956774338,0.8725811139058616,0.074271365850664,2
1,32,32,0.5,identity,1,0.0020803700266541,0.865310523411487,0.0087075387331754,1
1,32,32,0.5,identity,3,0.0028097346814171,0.8960306155914486,0.0386012368490711,1
1,32,32,0.5,relu,0,0.0760657931913182,0.8890480234428492,0.0795294053000219,2
1,32,32,0.5,relu,2,0.0723643186645165,0.8890578235631914,0.0725333310729897,2
1,32,32,0.5,relu,4,0.0595641936025498,0.9048016539017067,0.0957539490802067,2
1,32,32,0.75,identity,1,0.0030313305694038,0.9219189923636648,0.0098968903105568,1
1,32,32,0.75,identity,3,0.0060158664102016,0.9438222341831188,0.0171268489824882,1
1,32,32,0.75,relu,0,0.1283425007632719,0.9251275881973292,0.0943112749942622,2
1,32,32,0.75,relu,2,0.1638184804185521,0.9275334606725092,0.1369910494436755,2
1,32,32,0.75,relu,4,0.1581795992396073,0.9377704237313744,0.156425152718036,2
1,32,32,1.0,identity,1,0.765118834813678,0.9818316960327452,0.0939884277432743,1
1,32,32,1.0,identity,3,0.3412080340919489,0.992792253359124,0.0803257553070506,1
1,32,32,1.0,relu,0,0.7760357080787675,0.9816478085731886,0.2676199548948418,1
1,32,32,1.0,relu,2,0.8668383555736393,0.9863271178391508,0.0767623809080484,1
1,32,32,1.0,relu,4,0.8098596746732956,0.9872387168482284,0.0661251434891921,1
1,32,64,0.0,identity,1,0.001900425940807,0.5200117084139376,0.0198866233412032,1
1,32,64,0.0,identity,3,0.0106116053794496,0.7463399080536787,0.0494534727521942,2
1,32,64,0.0,relu,0,0.0045565862330274,0.77648227123216,0.0423894749652322,2
1,32,64,0.0,relu,2,0.0053305660249184,0.7802352097355527,0.0390870367189078,2
1,32,64,0.0,relu,4,0.0094389059118263,0.8206090116778857,0.0461489267803826,2
1,32,64,0.25,identity,1,0.0037901620944996,0.7666095652283553,0.0213920180319805,1
1,32,64,0.25,identity,3,0.0116396181652886,0.8555455579936404,0.0703505521327992,2
1,32,64,0.25,relu,0,0.0145613102312168,0.8742802609220927,0.0347550626705509,2
1,32,64,0.25,relu,2,0.0142248593907842,0.8673343045999105,0.0431843682575151,2
1,32,64,0.25,relu,4,0.0101436913903825,0.892843405504512,0.0382457350046396,2
1,32,64,0.5,identity,1,0.00238393764784,0.8320471492444379,0.0136626798958105,1
1,32,64,0.5,identity,3,0.0131060983008982,0.8837317079278741,0.0679353169248309,2
1,32,64,0.5,relu,0,0.0316915227818877,0.9001112174460811,0.0437155481241854,2
1,32,64,0.5,relu,2,0.037434810503036,0.8953552429793815,0.0490573220020758,2
1,32,64,0.5,relu,4,0.0412800417185645,0.9179090688214214,0.0662467083496187,2
1,32,64,0.75,identity,1,0.0778591651490912,0.903421118140917,0.0911087130761233,2
1,32,64,0.75,identity,3,0.0395222150463717,0.9287108355434162,0.084952333973066,2
1,32,64,0.75,relu,0,0.1164807355945177,0.9305346511911804,0.0835455206721844,2
1,32,64,0.75,relu,2,0.0890375847258387,0.9307427972622098,0.0867940154919677,2
1,32,64,0.75,relu,4,0.1012346278113712,0.9417402625710096,0.1171321367517986,2
1,32,64,1.0,identity,1,0.7155201038895241,0.982612232948876,0.0987232006213815,1
1,32,64,1.0,identity,3,0.3530215701053408,0.9917378142452908,0.1009286267496905,1
1,32,64,1.0,relu,0,0.7245426261377383,0.9830045129277998,0.2141818049488046,1
1,32,64,1.0,relu,2,0.8097545685704672,0.9876884627522264,0.1122063861836665,1
1,32,64,1.0,relu,4,0.8697029127714548,0.986398379904292,0.1165452369835778,1
1,32,96,0.0,identity,1,0.0024288508617517,0.5499324117115681,0.0197434282473813,1
1,32,96,0.0,identity,3,0.0094286677117518,0.7489562707805502,0.047501057050891,2
1,32,96,0.0,relu,0,0.0037227958688153,0.787306993231663,0.0452035617693365,2
1,32,96,0.0,relu,2,0.0035317040605895,0.8128635971365655,0.0406937942655053,1
1,32,96,0.0,relu,4,0.0069631006965765,0.8487479324397789,0.0519703273626958,2
1,32,96,0.25,identity,1,0.001792439525233,0.7704476293885388,0.0161230797661764,1
1,32,96,0.25,identity,3,0.0077429757815022,0.8553489274676171,0.0517659826507929,2
1,32,96,0.25,relu,0,0.0095668344580173,0.8864761105528761,0.0299713033364056,2
1,32,96,0.25,relu,2,0.0143972029365032,0.8823316673984903,0.0308660224881526,2
1,32,96,0.25,relu,4,0.009462889399317,0.9076372855557796,0.0338005593071083,2
1,32,96,0.5,identity,1,0.0035723849368191,0.8765889145079673,0.0129710149273221,1
1,32,96,0.5,identity,3,0.0054516468565684,0.8915416778546733,0.0543112732750585,1
1,32,96,0.5,relu,0,0.0293055333043357,0.9134894329459644,0.0357827956132282,2
1,32,96,0.5,relu,2,0.0379046663284494,0.9096559232257454,0.0423158876771099,2
1,32,96,0.5,relu,4,0.031605693263622,0.9266788222731238,0.0585718012016554,2
1,32,96,0.75,identity,1,0.0047625008249447,0.9103143259200346,0.0081037179729178,1
1,32,96,0.75,identity,3,0.0475065875019866,0.9300251673429216,0.1009375939063826,2
1,32,96,0.75,relu,0,0.0840106079928221,0.9328272936871624,0.0722123879638672,2
1,32,96,0.75,relu,2,0.0612956360562198,0.9332219830395402,0.0568006269442232,2
1,32,96,0.75,relu,4,0.1328427111205068,0.947330564284102,0.1330420204740166,2
1,32,96,1.0,identity,1,0.3523950998659744,0.9924994544616058,0.0714894154618439,1
1,32,96,1.0,identity,3,0.3379728182884473,0.9918238913115076,0.0753909306029589,1
1,32,96,1.0,relu,0,0.77100801662345,0.9813607026113574,0.2135893351452752,1
1,32,96,1.0,relu,2,0.8230676992247656,0.985896190220196,0.079545984069648,1
1,32,96,1.0,relu,4,0.8504847535576305,0.9857159589305574,0.1258019462399722,1
1,4,16,0.0,identity,1,0.005307622314985,0.3666596466437752,0.0637769165625356,1
1,4,16,0.0,identity,3,0.0061487074578641,0.4369434433132811,0.1229988256713831,1
1,4,16,0.0,relu,0,0.0057254995481384,0.6792274856641195,0.0517845666114427,1
1,4,16,0.0,relu,2,0.0464413084482306,0.7553394772916334,0.2364727615033157,2
1,4,16,0.0,relu,4,0.0254745225030854,0.7372522015432212,0.1347680463436552,2
1,4,16,0.25,identity,1,0.0061555278818953,0.8630068017798114,0.0237288562661881,1
1,4,16,0.25,identity,3,0.0205291575537842,0.9101256751813254,0.1070750734823641,2
1,4,16,0.25,relu,0,0.077783506418508,0.8981820924429215,0.0808571724068078,2
1,4,16,0.25,relu,2,0.0441152992130038,0.8905266152572469,0.1198366754876348,2
1,4,16,0.25,relu,4,0.0382691496228758,0.9247715172657824,0.1301731739839369,2
1,4,16,0.5,identity,1,0.0066102100237513,0.9179012028334932,0.0132192234698882,1
1,4,16,0.5,identity,3,0.0232845579044222,0.9367619297943716,0.0346522144911395,1
1,4,16,0.5,relu,0,0.1631315237645531,0.9320876093842376,0.1051624423659623,2
1,4,16,0.5,relu,2,0.1281406374847435,0.937395347107287,0.1270194932672007,2
1,4,16,0.5,relu,4,0.1257247760817699,0.940613267101594,0.1086501031480794,2
1,4,16,0.75,identity,1,0.1530527512101505,0.9428307283766548,0.0656108950070265,2
1,4,16,0.75,identity,3,0.0099609596095423,0.975919453927636,0.0195485927077764,1
1,4,16,0.75,relu,0,0.2724764644302521,0.945380777987514,0.1934362659008436,2
1,4,16,0.75,relu,2,0.2839439692978486,0.9556695328094494,0.2164243777193011,2
1,4,16,0.75,relu,4,0.2718907685028807,0.9624102736052323,0.1628428720820971,2
1,4,16,1.0,identity,1,0.620737760946007,0.9876098276832732,0.0548552123885834,1
1,4,16,1.0,identity,3,0.5567036166695845,0.9925651558509132,0.1934588392025064,1
1,4,16,1.0,relu,0,0.8078175951074863,0.9794535723692636,0.2828834416417496,1
1,4,16,1.0,relu,2,0.937615966524301,0.9853854794885704,0.4366211712137962,1
1,4,16,1.0,relu,4,0.9480709689644322,0.9831757461470724,0.3265893091844484,1
1,4,32,0.0,identity,1,0.0208146508773819,0.3865444440864375,0.0959532583463384,1
1,4,32,0.0,identity,3,0.0092039954472685,0.5161223084673444,0.1419774224893987,1
1,4,32,0.0,relu,0,0.0017279736687469,0.7164612595645209,0.0219847890041552,1
1,4,32,0.0,relu,2,0.027152553329679,0.7656457704395887,0.0856824953270347,2
1,4,32,0.0,relu,4,0.0090463649992731,0.791664350651509,0.1140175149444043,2
1,4,32,0.25,identity,1,0.0140112460423762,0.8360559373287109,0.0361943486294785,1
1,4,32,0.25,identity,3,0.0208792469132148,0.905560563027884,0.0918918081224396,2
1,4,32,0.25,relu,0,0.0401178932583599,0.8955818348041207,0.0685754403744082,2
1,4,32,0.25,relu,2,0.0248756122280517,0.8850482333167425,0.0600295529479714,2
1,4,32,0.25,relu,4,0.0196258801784577,0.9223218625686924,0.0729672422395239,2
1,4,32,0.5,identity,1,0.0083323567246167,0.8966961139067019,0.0195878881022051,1
1,4,32,0.5,identity,3,0.0069313885032756,0.937901971453913,0.0668076767792719,1
1,4,32,0.5,relu,0,0.1036917614385023,0.9232097929378708,0.075115623957297,2
1,4,32,0.5,relu,2,0.0966120575525208,0.9217800007062354,0.1250187520648492,2
1,4,32,0.5,relu,4,0.0896027776571929,0.9418611307991688,0.1343913560401224,2
1,4,32,0.75,identity,1,0.1864984346806012,0.9337990519806156,0.1144587038246193,2
1,4,32,0.75,identity,3,0.1190439648871678,0.9584670663173684,0.2327592694286804,2
1,4,32,0.75,relu,0,0.2288531142384159,0.9468948162064024,0.1728459960517361,2
1,4,32,0.75,relu,2,0.2771173903039187,0.9569514509915228,0.2030416541041984,2
1,4,32,0.75,relu,4,0.2369610583894972,0.9598089605525192,0.1262160826517098,2
1,4,32,1.0,identity,1,0.7742677947293161,0.9834501092625078,0.1227289433083791,1
1,4,32,1.0,identity,3,0.6155731892817805,0.995716551840908,0.4419901045584907,1
1,4,32,1.0,relu,0,0.7480540760590842,0.9807612574602396,0.1876654712967436,1
1,4,32,1.0,relu,2,0.938072597508319,0.9868341167322316,0.4574747759567827,1
1,4,32,1.0,relu,4,0.9283344929493124,0.9808577641021808,0.3062155816503017,1
1,4,64,0.0,identity,1,0.0055663006033082,0.5119328988251753,0.0548998983272963,1
1,4,64,0.0,identity,3,0.0036113240225622,0.6046016838767688,0.0640762355794427,1
1,4,64,0.0,relu,0,0.0246723929966459,0.7932991632313002,0.0708856727604973,2
1,4,64,0.0,relu,2,0.010278093948955,0.8336567879156946,0.0534163680878194,2
1,4,64,0.0,relu,4,0.0107475507473719,0.8625899498614662,0.0414784753942483,2
1,4,64,0.25,identity,1,0.0039521804858853,0.86002091203167,0.0252463533927049,1
1,4,64,0.25,identity,3,0.0229432421644757,0.91013345969403,0.1236290867597453,2
1,4,64,0.25,relu,0,0.0363229859438553,0.9113012187562324,0.0667663342498741,2
1,4,64,0.25,relu,2,0.0164577384035559,0.9142547500536992,0.0477572212022633,2
1,4,64,0.25,relu,4,0.0160705539106985,0.9333606042846162,0.0520251955296958,2
1,4,64,0.5,identity,1,0.0061550703831922,0.9113555980744528,0.0238723016113722,1
1,4,64,0.5,identity,3,0.0019023087043334,0.9337885889432942,0.0443030942760992,1
1,4,64,0.5,relu,0,0.0614461759303265,0.9256597551649728,0.0755020081921045,2
1,4,64,0.5,relu,2,0.0970241092204489,0.9453008684739448,0.1088217965617708,2
1,4,64,0.5,relu,4,0.0501806911778656,0.9346360136358854,0.0888504910656891,2
1,4,64,0.75,identity,1,0.1447672596567721,0.959825371514813,0.0797511430142473,2
1,4,64,0.75,identity,3,0.1311575789617794,0.9628442242518568,0.1779384770059716,2
1,4,64,0.75,relu,0,0.2079512204428203,0.9496349253784576,0.1363527448690342,2
1,4,64,0.75,relu,2,0.2362524471862543,0.9581371754251766,0.2085778209257483,2
1,4,64,0.75,relu,4,0.2294246855299352,0.9548030268900548,0.1957644299692379,2
1,4,64,1.0,identity,1,0.7492247842171404,0.9887842209376562,0.2815710524285253,1
1,4,64,1.0,identity,3,0.7058521606872561,0.9930899910886072,0.4573421858738273,1
1,4,64,1.0,relu,0,0.7335789289183848,0.9830954882007824,0.1625116605595913,1
1,4,64,1.0,relu,2,0.9360529806034305,0.9869769972310788,0.3534425836634454,1
1,4,64,1.0,relu,4,0.946083840970546,0.9766086451189512,0.4034529636500943,1
1,4,96,0.0,identity,1,0.0056051095560417,0.681203971244236,0.0318824544201092,1
1,4,96,0.0,identity,3,0.0077228812195044,0.7508611161380472,0.0749219063340343,2
1,4,96,0.0,relu,0,0.0069965502433082,0.8250796942847067,0.0459040442548223,2
1,4,96,0.0,relu,2,0.0091443512513528,0.8353469347239658,0.0441350320081919,2
1,4,96,0.0,relu,4,0.0084041804195128,0.8633937788543912,0.0770381719161126,2
1,4,96,0.25,identity,1,0.0039516969399735,0.8720500700234143,0.0217285375604707,1
1,4,96,0.25,identity,3,0.0133336889721477,0.9090565393849532,0.0570970273737365,1
1,4,96,0.25,relu,0,0.0239534946541879,0.9146187484316748,0.0370489546413535,2
1,4,96,0.25,relu,2,0.0155377105851078,0.9182373607263924,0.0423284852020148,2
1,4,96,0.25,relu,4,0.0065632398589184,0.929667131973278,0.0511399748753321,2
1,4,96,0.5,identity,1,0.0030557929005517,0.919133761991734,0.0121920960324942,1
1,4,96,0.5,identity,3,0.0356325998571636,0.9447951399885108,0.1090625370401215,2
1,4,96,0.5,relu,0,0.0755669973113366,0.9335572773474706,0.0565656593923268,2
1,4,96,0.5,relu,2,0.0789927454443967,0.936057804887903,0.0931029618258459,2
1,4,96,0.5,relu,4,0.063923079815639,0.9418216469559676,0.1016014149648317,2
1,4,96,0.75,identity,1,0.1571718916997077,0.9504209277768916,0.0664299305632011,2
1,4,96,0.75,identity,3,0.1025453993141006,0.961176564085578,0.1555310687423792,2
1,4,96,0.75,relu,0,0.201530799085052,0.9503480311925324,0.1443596939082363,2
1,4,96,0.75,relu,2,0.2458325140920424,0.960765117273829,0.1787895365180732,2
1,4,96,0.75,relu,4,0.3008273760144997,0.9576986729871456,0.2226605058705766,2
1,4,96,1.0,identity,1,0.8072335883008976,0.981085286169124,0.128751382768119,1
1,4,96,1.0,identity,3,0.5046850034466511,0.9924085485485628,0.3046830082583662,1
1,4,96,1.0,relu,0,0.7600910901706145,0.9809147347421532,0.1991887476343688,1
1,4,96,1.0,relu,2,0.941437128762434,0.9869316426142368,0.4390014761414471,1
1,4,96,1.0,relu,4,0.8983158995136519,0.982855515606652,0.3471354052201569,1
1,8,16,0.0,identity,1,0.0010536818987269,0.3041377885634485,0.0750580867560438,1
1,8,16,0.0,identity,3,0.0135344468412697,0.5655967186275636,0.1417163629210823,1
1,8,16,0.0,relu,0,0.0040080091415858,0.6970154808939703,0.0194473472755472,1
1,8,16,0.0,relu,2,0.0197914914103992,0.6182853683728909,0.1675810470509348,2
1,8,16,0.0,relu,4,0.0141381330995259,0.7478757242764116,0.1051177013493007,2
1,8,16,0.25,identity,1,0.0033771908067777,0.8382224910620141,0.031617882922744,1
1,8,16,0.25,identity,3,0.0029148212051455,0.8976202114413069,0.0307799197226628,1
1,8,16,0.25,relu,0,0.0609560222266024,0.8871397784997932,0.0907472160738424,2
1,8,16,0.25,relu,2,0.0832739052526642,0.9073222947358208,0.1121826964582115,2
1,8,16,0.25,relu,4,0.0453783782251702,0.9115336443682452,0.1156705491531308,2
1,8,16,0.5,identity,1,0.0035138937595,0.9049263754321376,0.0123899746040545,1
1,8,16,0.5,identity,3,0.003993275485159,0.9321053593308672,0.035524608988603,1
1,8,16,0.5,relu,0,0.1195301166868399,0.9280433943330104,0.0784972495268798,2
1,8,16,0.5,relu,2,0.1176827065580088,0.9386284987726944,0.1583143579157897,2
1,8,16,0.5,relu,4,0.129973922134031,0.9416317014935984,0.1472583744300368,2
1,8,16,0.75,identity,1,0.0047847159594998,0.9519726128914588,0.0216896980046047,1
1,8,16,0.75,identity,3,0.0026662459466428,0.973039550430603,0.0082838559087549,1
1,8,16,0.75,relu,0,0.2395655497037542,0.9549429665471664,0.139842712581068,2
1,8,16,0.75,relu,2,0.3462867093004474,0.964491024589574,0.2317953450658128,2
1,8,16,0.75,relu,4,0.2817590284148472,0.9596354705969774,0.3018296827062086,2
1,8,16,1.0,identity,1,0.7388906479589316,0.9856703732435218,0.1372543840214559,1
1,8,16,1.0,identity,3,0.3731943151051716,0.9943359251937676,0.2633114690972358,1
1,8,16,1.0,relu,0,0.8477574601867419,0.9737287322429532,0.2443334335113923,1
1,8,16,1.0,relu,2,0.971676006424976,0.987810958861616,0.459172957584605,1
1,8,16,1.0,relu,4,0.9346147831307972,0.9831185831882852,0.3552598123787898,1
1,8,32,0.0,identity,1,0.0076717622889548,0.3730475712607397,0.062074704528177,1
1,8,32,0.0,identity,3,0.004938600747488,0.6172859480720717,0.085497848912975,1
1,8,32,0.0,relu,0,0.0017846391207069,0.7389458573536088,0.0152470733951962,1
1,8,32,0.0,relu,2,0.0027764418012082,0.7010075578484636,0.0561779474046386,1
1,8,32,0.0,relu,4,0.0077818111111654,0.769645632602679,0.048445969859802,2
1,8,32,0.25,identity,1,0.0030592289936197,0.8207779671078449,0.0260007694244513,1
1,8,32,0.25,identity,3,0.0124646082249849,0.8703064896618681,0.0955929768465333,2
1,8,32,0.25,relu,0,0.0243537464106824,0.8779180124328907,0.0474632080285792,2
1,8,32,0.25,relu,2,0.0302141456900869,0.8861298131597171,0.091691995690114,2
1,8,32,0.25,relu,4,0.0237652479312456,0.8995124516659924,0.0555744683219869,2
1,8,32,0.5,identity,1,0.005220122223116,0.8971393336306246,0.0392569039262783,1
1,8,32,0.5,identity,3,0.0017569397038843,0.910377040888732,0.0535916732096296,1
1,8,32,0.5,relu,0,0.0844618427009949,0.9153241775949208,0.0682925472258109,2
1,8,32,0.5,relu,2,0.1043630647001498,0.9307182141903382,0.1523385749419616,2
1,8,32,0.5,relu,4,0.0927979082281875,0.9269766253277618,0.1257832456850558,2
1,8,32,0.75,identity,1,0.1217168947717962,0.9313811243903304,0.0711938640768719,2
1,8,32,0.75,identity,3,0.0957664085286893,0.9400345077506668,0.1706337217562923,2
1,8,32,0.75,relu,0,0.1515180043059206,0.9348856042165936,0.0976212830829353,2
1,8,32,0.75,relu,2,0.2398668209147342,0.948787085975066,0.2455012532962878,2
1,8,32,0.75,relu,4,0.2375635487047084,0.9508018203253804,0.2743302135077673,2
1,8,32,1.0,identity,1,0.6310358551862093,0.987027149181984,0.224634895796923,1
1,8,32,1.0,identity,3,0.4110644045165605,0.9921633937839486,0.378026807405915,1
1,8,32,1.0,relu,0,0.7438249257068307,0.979434219950278,0.170365025317815,1
1,8,32,1.0,relu,2,0.9252272059915848,0.9897864863750347,0.5320523015976413,1
1,8,32,1.0,relu,4,0.9477782534600074,0.9841444020337592,0.4163090407367392,1
1,8,64,0.0,identity,1,0.00306282512429,0.4686124969536662,0.0455675104192972,1
1,8,64,0.0,identity,3,0.016560089544943,0.675203248183742,0.1704581411080855,2
1,8,64,0.0,relu,0,0.0091023470780863,0.8186039916441837,0.0488045495653524,2
1,8,64,0.0,relu,2,0.006088240431149,0.8052135240498219,0.0659721925014834,2
1,8,64,0.0,relu,4,0.0075844287892711,0.8295130363286617,0.0338967230999056,2
1,8,64,0.25,identity,1,0.0033089414514659,0.8250077500521352,0.0396144027727893,1
1,8,64,0.25,identity,3,0.0048879371012777,0.8891403211569688,0.1016396794693808,1
1,8,64,0.25,relu,0,0.0306352206551595,0.89474550221631,0.0569546709773046,2
1,8,64,0.25,relu,2,0.0245239088938886,0.90056301294309,0.0543734474862505,2
1,8,64,0.25,relu,4,0.0129923784932677,0.9136166917684488,0.0496356464204176,2
1,8,64,0.5,identity,1,0.0048363476361429,0.8785271460544029,0.0267866772227856,1
1,8,64,0.5,identity,3,0.0091537459171029,0.9221848926602644,0.0774705078229929,1
1,8,64,0.5,relu,0,0.0860253082227426,0.924793078656149,0.0705249850251177,2
1,8,64,0.5,relu,2,0.107580977950642,0.943630167813808,0.1304325200363376,2
1,8,64,0.5,relu,4,0.0786708496545173,0.9351718045373056,0.127003498420145,2
1,8,64,0.75,identity,1,0.0027525756746458,0.9297151380915676,0.0092735066303437,1
1,8,64,0.75,identity,3,0.0687075805805191,0.9427728566354328,0.1559003514919818,2
1,8,64,0.75,relu,0,0.1610579485873725,0.9401440073309734,0.0932325697095059,2
1,8,64,0.75,relu,2,0.2833415129337258,0.9619022760305556,0.3153604211799481,2
1,8,64,0.75,relu,4,0.2134205614707983,0.9530279487709648,0.2152117554928554,2
1,8,64,1.0,identity,1,0.8064279747948528,0.9837485276429992,0.2780188635669398,1
1,8,64,1.0,identity,3,0.5404006467122169,0.9868113160860956,0.1527958442603408,1
1,8,64,1.0,relu,0,0.7580852543577468,0.980171447764222,0.135821259126219,1
1,8,64,1.0,relu,2,0.9224037753476736,0.9865907941229004,0.3073811245054743,1
1,8,64,1.0,relu,4,0.9126613624789236,0.9832916692121016,0.3534288683199866,1
1,8,96,0.0,identity,1,0.0029658760181551,0.5274116600292458,0.0299646755805269,1
1,8,96,0.0,identity,3,0.0046956871266565,0.7733264770076222,0.0900184825201572,1
1,8,96,0.0,relu,0,0.0063016885363393,0.837132625053067,0.0401325456462104,2
1,8,96,0.0,relu,2,0.0057372460320007,0.8219949671574449,0.0403029479539615,2
1,8,96,0.0,relu,4,0.0093215065501621,0.8399066004071877,0.0422750451453839,2
1,8,96,0.25,identity,1,0.0025205093420698,0.8490237762403666,0.0184653831921968,1
1,8,96,0.25,identity,3,0.0058900196165094,0.8906492892018754,0.0852962832645657,1
1,8,96,0.25,relu,0,0.0221197849955339,0.9021648588901356,0.0364227190442423,2
1,8,96,0.25,relu,2,0.0173566594436794,0.9110021674310832,0.0442864976282716,2
1,8,96,0.25,relu,4,0.0083949989780224,0.914871886721395,0.0444526893004732,2
1,8,96,0.5,identity,1,0.0012510088719946,0.8943301166779368,0.0154181272637844,1
1,8,96,0.5,identity,3,0.015798547868371,0.9222612232348956,0.0777751000406189,1
1,8,96,0.5,relu,0,0.0851746479890424,0.9270989761272488,0.0740970102865205,2
1,8,96,0.5,relu,2,0.1027594305669207,0.9465839330755992,0.1244921177980371,2
1,8,96,0.5,relu,4,0.0844747316165668,0.9398496991967578,0.1334493916910425,2
1,8,96,0.75,identity,1,0.0966683730633793,0.9414183272915972,0.0767212967513139,2
1,8,96,0.75,identity,3,0.0191991799844555,0.9546174522197454,0.0576747532147386,1
1,8,96,0.75,relu,0,0.1923485698004245,0.9426167017314772,0.1254050276495764,2
1,8,96,0.75,relu,2,0.2699969311517313,0.9581492147472236,0.2254622752236267,2
1,8,96,0.75,relu,4,0.1988397485290495,0.949974509661312,0.2439441986343605,2
1,8,96,1.0,identity,1,0.7033634519037324,0.989012803298839,0.2833753123721695,1
1,8,96,1.0,identity,3,0.5701727486107696,0.9887057556075092,0.1858331819298151,1
1,8,96,1.0,relu,0,0.6796533841934274,0.9848744018954048,0.0807394817385567,1
1,8,96,1.0,relu,2,0.8954572930964017,0.9890062865562048,0.3731520765318395,1
1,8,96,1.0,relu,4,0.9428071223228875,0.9758803719310752,0.3979532410453464,1
2,16,16,0.0,identity,1,0.004571937246808,0.3964905564168201,0.1229387397348996,2
2,16,16,0.0,identity,3,0.0079578021066943,0.4397923695722804,0.1367328722930278,2
2,16,16,0.0,relu,0,0.1740100417939645,0.6900116404930539,0.4827303278031335,2
2,16,16,0.0,relu,2,0.2287369648727359,0.6838335758731549,0.5747201390357924,2
2,16,16,0.0,relu,4,0.2932651356600874,0.7134800937699429,0.6955957801415089,3
2,16,16,0.25,identity,1,0.0050434926976527,0.8536193390458859,0.0429918089403878,2
2,16,16,0.25,identity,3,0.0082376846260555,0.9058117050443704,0.043495647939288,2
2,16,16,0.25,relu,0,0.241133923073972,0.901955861164741,0.278128460596701,2
2,16,16,0.25,relu,2,0.2282099925155591,0.8853453149910004,0.3229058527311986,3
2,16,16,0.25,relu,4,0.2014595512941216,0.8918891625162539,0.2887881180260133,3
2,16,16,0.5,identity,1,0.0060050356061941,0.93114710525558,0.0274422972490893,2
2,16,16,0.5,identity,3,0.0091860623896025,0.9509711834142178,0.028514867730078,2
2,16,16,0.5,relu,0,0.2980322550410256,0.9368343498381262,0.2191245529966358,3
2,16,16,0.5,relu,2,0.1687512035005659,0.9277597154478464,0.2081497452363693,3
2,16,16,0.5,relu,4,0.2454420701024732,0.9411192480244838,0.1808152365167964,3
2,16,16,0.75,identity,1,0.0064663041047233,0.9600474379764152,0.0346046784936577,2
2,16,16,0.75,identity,3,0.0109872038261184,0.977699616634074,0.0249712417857251,2
2,16,16,0.75,relu,0,0.3395510278204213,0.9652825858445204,0.1446611476240251,2
2,16,16,0.75,relu,2,0.2186046519715028,0.9536162269470084,0.1536987586969039,2
2,16,16,0.75,relu,4,0.3309375315440484,0.959551061991278,0.1796303375630244,3
2,16,16,1.0,identity,1,0.8432755108025066,0.9965919891769583,0.0959028244197345,1
2,16,16,1.0,identity,3,0.666692301079118,0.9976707211641398,0.059780999710913,1
2,16,16,1.0,relu,0,0.4236192536716767,0.9775592435857154,0.1218544875028037,1
2,16,16,1.0,relu,2,0.4086550115577808,0.9759281578789244,0.149724772106903,1
2,16,16,1.0,relu,4,0.7272805638963354,0.9767882846306706,0.1770531207435348,1
2,16,32,0.0,identity,1,0.0054453935789343,0.4565574731362195,0.0751924543581454,2
2,16,32,0.0,identity,3,0.0037726832389275,0.5237595160237009,0.0682060242718275,2
2,16,32,0.0,relu,0,0.0030489536577354,0.7339295963620974,0.0252624132436813,2
2,16,32,0.0,relu,2,0.0086202397215023,0.7472340056492869,0.0908212062447581,3
2,16,32,0.0,relu,4,0.0080660867303691,0.7531297993065513,0.0758173184196849,3
2,16,32,0.25,identity,1,0.0041142704865796,0.8357218506568257,0.0430845311681113,2
2,16,32,0.25,identity,3,0.0049506942222933,0.8845455391570934,0.049912052331,2
2,16,32,0.25,relu,0,0.0242528097721812,0.890269658770792,0.0567111287568993,3
2,16,32,0.25,relu,2,0.0251154753630719,0.88821873529193,0.0738421206279731,4
2,16,32,0.25,relu,4,0.0244866282887253,0.8920014940783372,0.0888192303160065,3
2,16,32,0.5,identity,1,0.005206344946283,0.9001438596416307,0.0512593761416938,2
2,16,32,0.5,identity,3,0.0075914100612938,0.9361910480604216,0.0298835582938925,2
2,16,32,0.5,relu,0,0.0634215310923549,0.9302971039840447,0.0597715675633157,3
2,16,32,0.5,relu,2,0.038508189149493,0.91937524984216,0.0612721761448428,3
2,16,32,0.5,relu,4,0.0543143831808564,0.9275249848822342,0.083864120413988,3
2,16,32,0.75,identity,1,0.0107744226788686,0.9473791404437936,0.0579707803335083,2
2,16,32,0.75,identity,3,0.016371319735285,0.9657652610989146,0.051456834521911,2
2,16,32,0.75,relu,0,0.1182868852192868,0.9523405149606964,0.0754799765912511,3
2,16,32,0.75,relu,2,0.1014657286677483,0.9454538333829056,0.086377098659634,3
2,16,32,0.75,relu,4,0.1328969077005632,0.9483693677546756,0.0812840640723696,3
2,16,32,1.0,identity,1,0.74734159896905,0.9985886894073858,0.0697007764166328,1
2,16,32,1.0,identity,3,0.4729331398482152,0.9972908823792213,0.1229566358197664,1
2,16,32,1.0,relu,0,0.3591022266808094,0.9781851442339768,0.1026640506568242,1
2,16,32,1.0,relu,2,0.5323631494217093,0.9766142711351364,0.2185888438411696,2
2,16,32,1.0,relu,4,0.7359429107646867,0.9805318820972532,0.1233543590913956,1
2,16,64,0.0,identity,1,0.0036041667342818,0.5469068069117735,0.0639421789497229,2
2,16,64,0.0,identity,3,0.0045662071262342,0.5952574893876753,0.0565901793182895,2
2,16,64,0.0,relu,0,0.0060828174200148,0.791101498396842,0.0487274295608654,3
2,16,64,0.0,relu,2,0.0075538855605072,0.7995386051026278,0.056964633298355,4
2,16,64,0.0,relu,4,0.0047698245111885,0.8165065032307464,0.0346874980440241,3
2,16,64,0.25,identity,1,0.0056658001190451,0.8346784426552779,0.0399364261847067,2
2,16,64,0.25,identity,3,0.00517285546669,0.8912571602859124,0.0412881767786499,2
2,16,64,0.25,relu,0,0.0152603830641302,0.9006267262404501,0.0288311725045529,3
2,16,64,0.25,relu,2,0.0147746810507275,0.894780113680362,0.0337334123993216,3
2,16,64,0.25,relu,4,0.0117373916918623,0.90604610600354,0.0366109527069067,3
2,16,64,0.5,identity,1,0.0054941040354705,0.9015428342489804,0.0453889650002406,2
2,16,64,0.5,identity,3,0.0054722794332142,0.9328692574827344,0.0480103569271554,2
2,16,64,0.5,relu,0,0.0401541453702414,0.9255891370714766,0.0461832544815343,3
2,16,64,0.5,relu,2,0.0357880301601629,0.921745583724234,0.0483198952604351,3
2,16,64,0.5,relu,4,0.0444321084607767,0.9245273312603428,0.056448399664353,3
2,16,64,0.75,identity,1,0.0613817738793643,0.9434311812302808,0.1363088039115806,3
2,16,64,0.75,identity,3,0.0081439240612483,0.9614706187905236,0.0409882053239387,2
2,16,64,0.75,relu,0,0.0840749340274406,0.9492793656242888,0.0692135394889087,3
2,16,64,0.75,relu,2,0.1099389910758501,0.9467219376936724,0.0961217179317985,4
2,16,64,0.75,relu,4,0.1593754733985092,0.946361128316652,0.1163913098424527,4
2,16,64,1.0,identity,1,0.9463445509018614,0.9943507221990836,0.1479615696107805,1
2,16,64,1.0,identity,3,0.4609390417567047,0.9968371295670694,0.0659208361209671,1
2,16,64,1.0,relu,0,0.3474876541185357,0.9769292272033828,0.0822159293491863,1
2,16,64,1.0,relu,2,0.6406599990467322,0.9718133269988204,0.2532274113827601,2
2,16,64,1.0,relu,4,0.805505186551245,0.98014076397279,0.1922383472991656,2
2,16,96,0.0,identity,1,0.0036031195916319,0.6128642964253981,0.0530690011925846,2
2,16,96,0.0,identity,3,0.0048928569771393,0.6082474458214716,0.0599278678834247,2
2,16,96,0.0,relu,0,0.0034065264780307,0.8180807919407795,0.0320396219826732,3
2,16,96,0.0,relu,2,0.0066113241989716,0.8325925119364037,0.0453108448081619,4
2,16,96,0.0,relu,4,0.0066805133962479,0.8433409482074238,0.0562530778777044,4
2,16,96,0.25,identity,1,0.0043430150681415,0.8425389394345563,0.0473628997876506,2
2,16,96,0.25,identity,3,0.0077265971754861,0.8965413049849734,0.0517031792214305,2
2,16,96,0.25,relu,0,0.0085704311837925,0.9099673733943082,0.0243173611896879,3
2,16,96,0.25,relu,2,0.0099030666001271,0.9101212244168472,0.0275829657954215,3
2,16,96,0.25,relu,4,0.011507695145546,0.9226314017716344,0.0319915240932757,3
2,16,96,0.5,identity,1,0.0062721541200719,0.8924282256388147,0.0440837649925409,2
2,16,96,0.5,identity,3,0.0105889971238187,0.933975841811226,0.0446614352893782,2
2,16,96,0.5,relu,0,0.0334188410723831,0.9345959856523935,0.0376897979569825,3
2,16,96,0.5,relu,2,0.0309624098790355,0.9314594728709996,0.0481261017157468,4
2,16,96,0.5,relu,4,0.066604354433585,0.9378319098914362,0.0623796165264275,4
2,16,96,0.75,identity,1,0.0613838644338875,0.9461708617500934,0.0919111625247761,3
2,16,96,0.75,identity,3,0.039653564249053,0.9598238173110568,0.05404837988514,3
2,16,96,0.75,relu,0,0.0658213461871833,0.95043935229756,0.0534091730856645,3
2,16,96,0.75,relu,2,0.096997772513603,0.9557964213494996,0.0709518722999655,4
2,16,96,0.75,relu,4,0.1717500078429015,0.9563851015587403,0.1105283321767891,4
2,16,96,1.0,identity,1,0.9104988042531554,0.9962112991493792,0.2997692615550135,1
2,16,96,1.0,identity,3,0.4788179889332409,0.996444478677135,0.0566997175665394,1
2,16,96,1.0,relu,0,0.3629900356126311,0.9757772142957946,0.12477738898433,1
2,16,96,1.0,relu,2,0.58197926873823,0.9754723407786848,0.2139837941329557,2
2,16,96,1.0,relu,4,0.6578294533019583,0.9820472895252657,0.1334617227034889,1
2,1,16,0.0,identity,1,0.0934646975795705,0.6566178567669754,0.1994897699410518,2
2,1,16,0.0,identity,3,0.1163672762605031,0.7674960350853042,0.3047089254996732,2
2,1,16,0.0,relu,0,0.0136614284796873,0.7410290817106736,0.1312471450337125,2
2,1,16,0.0,relu,2,0.1006901058772219,0.651376546052086,0.1835842007656144,3
2,1,16,0.0,relu,4,0.0500614865627006,0.8833099326932184,0.0555816686541997,2
2,1,16,0.25,identity,1,0.0278179208913661,0.9313357098566274,0.1177607977722061,2
2,1,16,0.25,identity,3,0.0074902027912524,0.9328935907783508,0.0687788334861314,2
2,1,16,0.25,relu,0,0.0585814409451363,0.9032961378538163,0.074219111864578,3
2,1,16,0.25,relu,2,0.0904191896320861,0.9267272387123212,0.1100975245339064,3
2,1,16,0.25,relu,4,0.1813672735642433,0.9394403445467608,0.0976414451396664,3
2,1,16,0.5,identity,1,0.0053550367784579,0.9504237733936012,0.1105358717226293,2
2,1,16,0.5,identity,3,0.0113017102414913,0.9567938974623308,0.0907447919827168,2
2,1,16,0.5,relu,0,0.1672166766258867,0.9372448134305243,0.0904947071485503,3
2,1,16,0.5,relu,2,0.2589467506289278,0.9446078511000672,0.095468986996356,3
2,1,16,0.5,relu,4,0.3048229169661181,0.953124455057272,0.0850489433398076,3
2,1,16,0.75,identity,1,0.030301706738674,0.984883985073116,0.045405691864659,2
2,1,16,0.75,identity,3,0.0129404409444186,0.9848906885989324,0.0804088400981096,2
2,1,16,0.75,relu,0,0.3027219891371972,0.9452851554912268,0.0970388998769979,3
2,1,16,0.75,relu,2,0.3557595256423472,0.9504715618717742,0.3030873069395807,3
2,1,16,0.75,relu,4,0.4177802091289479,0.9624193959264906,0.2067195597892053,3
2,1,16,1.0,identity,1,0.9193178939907978,0.9972638333813334,0.1819596791499119,1
2,1,16,1.0,identity,3,0.9783909559471996,0.9937719949366276,0.1132061582568506,1
2,1,16,1.0,relu,0,0.7272907835163699,0.9691990623537708,0.1871117739371111,1
2,1,16,1.0,relu,2,0.5150465664588492,0.9700823362561636,0.2350137059044737,1
2,1,16,1.0,relu,4,0.8640538859610751,0.9747631721730328,0.3981322391571599,1
2,1,32,0.0,identity,1,0.0138828632236966,0.6199007672202765,0.1587548593736017,2
2,1,32,0.0,identity,3,0.0567598491179085,0.7635418457734109,0.1778369940614545,2
2,1,32,0.0,relu,0,0.0106231960844643,0.7504612635990034,0.1344475560352941,3
2,1,32,0.0,relu,2,0.037542745414006,0.8177941979751782,0.1167796392358705,3
2,1,32,0.0,relu,4,0.1504347907844424,0.8764696535550126,0.1202807439462278,3
2,1,32,0.25,identity,1,0.0248033714876723,0.9223955955468676,0.046694165632731,2
2,1,32,0.25,identity,3,0.0030477237094792,0.9468988186178846,0.0423774869785307,2
2,1,32,0.25,relu,0,0.1268076647661189,0.9328913497205856,0.0791080282024289,3
2,1,32,0.25,relu,2,0.0720313227552276,0.9358229688773416,0.0919539824387877,3
2,1,32,0.25,relu,4,0.0746029726076983,0.9496129894390754,0.1452476652555258,3
2,1,32,0.5,identity,1,0.0293371443652421,0.9528526171036508,0.0678418809698915,2
2,1,32,0.5,identity,3,0.0137321616902358,0.9623409981936464,0.0461940127304619,2
2,1,32,0.5,relu,0,0.2478942208685171,0.9417713458192092,0.1530560601997125,3
2,1,32,0.5,relu,2,0.0917829415703887,0.9469137024003722,0.0961951326366263,3
2,1,32,0.5,relu,4,0.1399518593312262,0.9519232969399208,0.0895098125247758,3
2,1,32,0.75,identity,1,0.2372652266804304,0.9794582136946152,0.1718239922236668,3
2,1,32,0.75,identity,3,0.0223845470369224,0.9775485169171452,0.1739066180961891,2
2,1,32,0.75,relu,0,0.3532981599346296,0.9601237706928708,0.1576823770127427,3
2,1,32,0.75,relu,2,0.2249945962318505,0.9583229799725484,0.2674106741308057,4
2,1,32,0.75,relu,4,0.4953012893194646,0.9604274744225604,0.1972530053073849,4
2,1,32,1.0,identity,1,0.929155964801352,0.9976640146822928,0.1608461167830425,1
2,1,32,1.0,identity,3,0.9769717311967244,0.9947840083328716,0.0907079839109675,1
2,1,32,1.0,relu,0,0.624390767388592,0.9740679416915512,0.0935542371598835,1
2,1,32,1.0,relu,2,0.5808189344119921,0.9682907197048128,0.3279687970402354,1
2,1,32,1.0,relu,4,0.8502240613751402,0.9734773712962754,0.3647008308825223,1
2,1,64,0.0,identity,1,0.023298893255582,0.7691240590444925,0.1387916386017288,2
2,1,64,0.0,identity,3,0.1023101682845243,0.8130791576382563,0.1305184165334659,2
2,1,64,0.0,relu,0,0.0395305106784933,0.8604828515713809,0.0702498950371826,3
2,1,64,0.0,relu,2,0.0189730256069707,0.8595961318531348,0.1293951046367854,4
2,1,64,0.0,relu,4,0.0487593488841786,0.9029784068798692,0.0863657950957303,3
2,1,64,0.25,identity,1,0.0538824682570357,0.9454477170752836,0.1136301768683291,3
2,1,64,0.25,identity,3,0.0195435740749718,0.9574425820227828,0.0579765448665976,2
2,1,64,0.25,relu,0,0.0310717886685757,0.93983387432447,0.0760866645095621,3
2,1,64,0.25,relu,2,0.0506243455477878,0.9419981858988654,0.1057830768726307,3
2,1,64,0.25,relu,4,0.0503068384333576,0.9612696958213744,0.0670759648681669,3
2,1,64,0.5,identity,1,0.0057979985471953,0.9553223831344212,0.0848359757941303,2
2,1,64,0.5,identity,3,0.026702784015055,0.9660557076970188,0.0335990819314142,2
2,1,64,0.5,relu,0,0.0301968010199961,0.9558496766193832,0.0603999920043539,3
2,1,64,0.5,relu,2,0.0899382454296284,0.9518432514034576,0.1022899246295297,3
2,1,64,0.5,relu,4,0.1904261794626217,0.9673658355634598,0.0957468497940861,3
2,1,64,0.75,identity,1,0.1738490825735532,0.975589857212932,0.1327766654153303,3
2,1,64,0.75,identity,3,0.2822676051588107,0.9811493020504408,0.1237562764905301,3
2,1,64,0.75,relu,0,0.2341284349063891,0.9673057445440792,0.1009900113823066,3
2,1,64,0.75,relu,2,0.2207475076251486,0.9645854812703428,0.187762568889159,4
2,1,64,0.75,relu,4,0.4900131489963292,0.9638317539771069,0.1766017475824045,4
2,1,64,1.0,identity,1,0.8209198275234385,0.9990108888504444,0.1879123340665366,1
2,1,64,1.0,identity,3,0.9629980381469058,0.9928918503787384,0.2086026000500662,1
2,1,64,1.0,relu,0,0.6002367115547865,0.9769022961091468,0.1343336438030664,1
2,1,64,1.0,relu,2,0.6479409436674239,0.974702058948211,0.4425282788238436,1
2,1,64,1.0,relu,4,0.7687753509622554,0.9781738043820608,0.3146830590511201,1
2,1,96,0.0,identity,1,0.0112205485360025,0.7946085799550413,0.1076566826846569,2
2,1,96,0.0,identity,3,0.0099612852401395,0.8640433989893608,0.1422001201365934,2
2,1,96,0.0,relu,0,0.0209171999892165,0.8371246210342276,0.0588987547577099,3
2,1,96,0.0,relu,2,0.0354762393670414,0.8730775027316657,0.1406137632582908,4
2,1,96,0.0,relu,4,0.0409321154249988,0.8764440217293187,0.1539186474971656,4
2,1,96,0.25,identity,1,0.0142509174693366,0.9493003531890672,0.063164988258787,2
2,1,96,0.25,identity,3,0.0039274825833708,0.9563520721844992,0.0392228540034658,2
2,1,96,0.25,relu,0,0.0242450280171026,0.9443448419367872,0.0780222210220243,3
2,1,96,0.25,relu,2,0.0538660014504102,0.9427073885946052,0.1230420670082019,4
2,1,96,0.25,relu,4,0.0494017801568996,0.9618835670043964,0.1020540164712733,3
2,1,96,0.5,identity,1,0.064760662899094,0.9627782831021752,0.1329279231171873,3
2,1,96,0.5,identity,3,0.0225316612014037,0.9712148269751518,0.0500532647638331,2
2,1,96,0.5,relu,0,0.0795740601420582,0.9561259859669335,0.1368303717164399,3
2,1,96,0.5,relu,2,0.0853424160482239,0.957412877623531,0.1071225413707801,4
2,1,96,0.5,relu,4,0.2584120480301077,0.962078064305142,0.1256477770375645,4
2,1,96,0.75,identity,1,0.2362857149719022,0.972487113240336,0.1900752810073591,3
2,1,96,0.75,identity,3,0.023118765677414,0.9903631588114028,0.0764271836038674,2
2,1,96,0.75,relu,0,0.277275320239905,0.9615319431479676,0.1496918393258186,3
2,1,96,0.75,relu,2,0.2781800833798222,0.9692524582690788,0.1260846925930593,4
2,1,96,0.75,relu,4,0.5021292146331882,0.9605412163584436,0.2529446761176817,4
2,1,96,1.0,identity,1,0.9125064108564112,0.9965132806207608,0.1741189995996412,1
2,1,96,1.0,identity,3,0.9363226347108164,0.993683000441064,0.1186658093222902,1
2,1,96,1.0,relu,0,0.5999499899782746,0.9771737974515992,0.0928132116838267,1
2,1,96,1.0,relu,2,0.5361238852103213,0.9715984551470304,0.2286503241879498,1
2,1,96,1.0,relu,4,0.8609376734082258,0.9780450845927569,0.4083584772305609,1
2,2,16,0.0,identity,1,0.0262684885963249,0.4495913965690311,0.1583339068094431,2
2,2,16,0.0,identity,3,0.0092390482438585,0.6257721996528934,0.1831834543332221,2
2,2,16,0.0,relu,0,0.0066856800164967,0.646296893077119,0.0470550321464631,2
2,2,16,0.0,relu,2,0.0365495719906656,0.7099404399587871,0.1520868647133576,3
2,2,16,0.0,relu,4,0.0182463669934151,0.7507728576669873,0.1448288637441995,3
2,2,16,0.25,identity,1,0.0038010887999528,0.9105574306770484,0.0997991065706133,2
2,2,16,0.25,identity,3,0.0112210871622757,0.9449316506429356,0.0544656489663186,2
2,2,16,0.25,relu,0,0.1419672113565077,0.9108252486032792,0.0593943378642676,3
2,2,16,0.25,relu,2,0.0523753067985446,0.9151255236949712,0.1248848773419428,3
2,2,16,0.25,relu,4,0.069803795918507,0.9361394664003676,0.0827025431748863,3
2,2,16,0.5,identity,1,0.0236451782118606,0.9290674015798522,0.0875378849221736,2
2,2,16,0.5,identity,3,0.0466984578278823,0.9699884468205184,0.0555261667016114,2
2,2,16,0.5,relu,0,0.1977693151902739,0.9266882992656236,0.1245015891053625,3
2,2,16,0.5,relu,2,0.1047608941129002,0.9386013333886724,0.1191506749599842,3
2,2,16,0.5,relu,4,0.2147152495357632,0.9538420631958048,0.1569556322077438,3
2,2,16,0.75,identity,1,0.0361495251245657,0.9708055040937588,0.1352892982078084,2
2,2,16,0.75,identity,3,0.0539174938265149,0.9791678956916636,0.0823188318481485,2
2,2,16,0.75,relu,0,0.3445812581130328,0.9535930078578015,0.2084333402841199,3
2,2,16,0.75,relu,2,0.2694455868249462,0.9597434290604134,0.1234274876792883,3
2,2,16,0.75,relu,4,0.2973402986596002,0.9704831817211722,0.1337000617481827,3
2,2,16,1.0,identity,1,0.8956194913579555,0.9960414979751742,0.1396482683386846,1
2,2,16,1.0,identity,3,0.4790965951646961,0.9962463718527034,0.2037269708236111,1
2,2,16,1.0,relu,0,0.8659080415865726,0.9789734109287528,0.2511273247818697,1
2,2,16,1.0,relu,2,0.4037100220239909,0.9761692830047476,0.0720469055747015,1
2,2,16,1.0,relu,4,0.7146577513365605,0.9835742383961892,0.1611711901998077,1
2,2,32,0.0,identity,1,0.057445464539414,0.5480237494322462,0.1758488025642923,2
2,2,32,0.0,identity,3,0.0101585456382793,0.7265119988999433,0.0825927472960167,2
2,2,32,0.0,relu,0,0.0168473820519401,0.8213489364105333,0.0705716526321221,3
2,2,32,0.0,relu,2,0.0184151914983861,0.7914785339964711,0.1159028040757301,3
2,2,32,0.0,relu,4,0.0241095484692846,0.7573033370437487,0.1038872022260774,3
2,2,32,0.25,identity,1,0.0190476817314429,0.8968752726843635,0.0677720011324016,2
2,2,32,0.25,identity,3,0.0080971529749749,0.9502384060892278,0.0620028649319149,2
2,2,32,0.25,relu,0,0.065456566001214,0.9067518909406376,0.0799557370396055,3
2,2,32,0.25,relu,2,0.0545720998647177,0.933064472911871,0.0633847071462264,3
2,2,32,0.25,relu,4,0.0502796115655459,0.9428163384160224,0.0901108499208325,3
2,2,32,0.5,identity,1,0.0126774105294259,0.9340477112107908,0.0957040693580538,2
2,2,32,0.5,identity,3,0.0677927574118035,0.9677697332534444,0.0966824559385159,3
2,2,32,0.5,relu,0,0.154724258683806,0.9427044965411276,0.0965796716666957,3
2,2,32,0.5,relu,2,0.0840262364731734,0.9460691883814024,0.0730160516478218,3
2,2,32,0.5,relu,4,0.0863876151042441,0.9473141113424262,0.1024411629376117,3
2,2,32,0.75,identity,1,0.0887196996211211,0.9752063404390162,0.1516953600639329,3
2,2,32,0.75,identity,3,0.0319492793302428,0.9813823153005566,0.073199890684631,2
2,2,32,0.75,relu,0,0.2961039170193487,0.9545771188353136,0.1606654840268514,3
2,2,32,0.75,relu,2,0.2969143462179621,0.9575452751256556,0.1622433615233749,4
2,2,32,0.75,relu,4,0.2836107823612903,0.9631985653926604,0.1222018403919077,3
2,2,32,1.0,identity,1,0.922051051249526,0.9946975678483656,0.1407164746779123,1
2,2,32,1.0,identity,3,0.5985441235524837,0.9958210123724892,0.2626562622676043,1
2,2,32,1.0,relu,0,0.7858688227443094,0.9787653801005028,0.201543088271486,1
2,2,32,1.0,relu,2,0.4751229668038264,0.967454874467362,0.1586496811678329,1
2,2,32,1.0,relu,4,0.6452085998594463,0.9823064411368816,0.1159106504820035,1
2,2,64,0.0,identity,1,0.0186029368267642,0.6666753132975473,0.0834206010536653,2
2,2,64,0.0,identity,3,0.007444292672977,0.6770226695942039,0.1060494375868275,2
2,2,64,0.0,relu,0,0.0236163398210492,0.8302796473810413,0.0657359622970259,3
2,2,64,0.0,relu,2,0.0155208837613941,0.8455096350824508,0.0613401349579464,3
2,2,64,0.0,relu,4,0.0145647793030492,0.9000559178486858,0.0762882902784626,3
2,2,64,0.25,identity,1,0.0422919205002369,0.9084465240178408,0.0534430142352699,2
2,2,64,0.25,identity,3,0.0135704421533918,0.9391549720098838,0.0576885138096649,2
2,2,64,0.25,relu,0,0.0570321680405289,0.9214810904490142,0.0612639397091405,3
2,2,64,0.25,relu,2,0.0335701104215627,0.9403403648911396,0.0552049361546504,3
2,2,64,0.25,relu,4,0.043367365506434,0.9541770781707656,0.0959460780974994,3
2,2,64,0.5,identity,1,0.0270497600395128,0.9419455276801096,0.0426851915040973,2
2,2,64,0.5,identity,3,0.0538511384891511,0.96439070700417,0.0842972301208779,3
2,2,64,0.5,relu,0,0.1265072661976272,0.9404563190328544,0.0988633888575729,3
2,2,64,0.5,relu,2,0.0481125586307352,0.952630225956402,0.0743875796917523,3
2,2,64,0.5,relu,4,0.1040899420972519,0.9596308085282972,0.0836974605167114,3
2,2,64,0.75,identity,1,0.0834423054448107,0.9643373532451424,0.0992706285026129,3
2,2,64,0.75,identity,3,0.0943200724947798,0.9811780553775072,0.123154213586312,3
2,2,64,0.75,relu,0,0.247581618550185,0.9535252071499922,0.1506895013365968,3
2,2,64,0.75,relu,2,0.221749649396726,0.9645150121436754,0.139455206091521,4
2,2,64,0.75,relu,4,0.2660584161377229,0.9693469763625842,0.0869003641916916,3
2,2,64,1.0,identity,1,0.7505309564729057,0.998782495615548,0.1693649066557664,1
2,2,64,1.0,identity,3,0.5848842764913087,0.9964065168507376,0.1518820243638081,1
2,2,64,1.0,relu,0,0.834089368861013,0.9829552808431282,0.2958140971309454,1
2,2,64,1.0,relu,2,0.5671694068896751,0.9748139716716558,0.151749401679651,2
2,2,64,1.0,relu,4,0.6356965486463514,0.9842999528029932,0.1143667047175608,1
2,2,96,0.0,identity,1,0.0032970683297052,0.7421415802269189,0.0533530481303175,2
2,2,96,0.0,identity,3,0.0179432868222906,0.7324708999187938,0.0918658964991453,2
2,2,96,0.0,relu,0,0.0102091337656132,0.817649901018356,0.0518695346281085,3
2,2,96,0.0,relu,2,0.0136535540246413,0.810392226540154,0.0708526952504761,3
2,2,96,0.0,relu,4,0.0096043773893577,0.8803717229336437,0.0721065578410541,3
2,2,96,0.25,identity,1,0.013967866581572,0.9193671310223652,0.0690900839572895,2
2,2,96,0.25,identity,3,0.0106662244023311,0.950730990106915,0.04158760827983,2
2,2,96,0.25,relu,0,0.0482879170141935,0.9336287484893666,0.0650244053353252,3
2,2,96,0.25,relu,2,0.0277776245060558,0.9451742469808032,0.067829713689574,4
2,2,96,0.25,relu,4,0.0524857536066228,0.9533031068639728,0.0503928674424926,3
2,2,96,0.5,identity,1,0.0530016083129226,0.9465660658555188,0.1081049111324892,3
2,2,96,0.5,identity,3,0.0306273646162008,0.9700559225930409,0.0510735744878748,2
2,2,96,0.5,relu,0,0.1384709327025263,0.9544555836910242,0.0913986627808608,3
2,2,96,0.5,relu,2,0.0547764476662325,0.9540475953178408,0.0917422435371211,4
2,2,96,0.5,relu,4,0.1563009556425956,0.9610569432366526,0.0674526206397811,3
2,2,96,0.75,identity,1,0.0916785120104798,0.9731870297539288,0.1578153645753025,3
2,2,96,0.75,identity,3,0.0379551121614477,0.9829846388216618,0.042936786527798,2
2,2,96,0.75,relu,0,0.2596513677755773,0.9637581220827895,0.1582996147758768,3
2,2,96,0.75,relu,2,0.2677057430789645,0.9621626383541102,0.1402348639015971,4
2,2,96,0.75,relu,4,0.2435450406882463,0.9678785523209364,0.0853363879668877,3
2,2,96,1.0,identity,1,0.7489583292453167,0.9982625285712838,0.0704801273170189,1
2,2,96,1.0,identity,3,0.4642955551476899,0.99716991698313,0.1529026532014196,1
2,2,96,1.0,relu,0,0.856800945168913,0.9830235967802112,0.3432451229659938,1
2,2,96,1.0,relu,2,0.522247924062672,0.975491149064814,0.1557534468365766,2
2,2,96,1.0,relu,4,0.6060767771808541,0.9870684807412228,0.1524057106842825,1
2,32,16,0.0,identity,1,0.0092259557616232,0.63427400108519,0.1291293484522838,2
2,32,16,0.0,identity,3,0.0082039967279737,0.7063469230490194,0.098149328255931,2
2,32,16,0.0,relu,0,0.2419189841383515,0.7891287685274736,0.5603525888015665,2
2,32,16,0.0,relu,2,0.2043217763135656,0.8342092433240289,0.5026487024342488,2
2,32,16,0.0,relu,4,0.2934353892522671,0.8432383828949981,0.55751141845107,3
2,32,16,0.25,identity,1,0.0098492638575432,0.906897926311774,0.0387995849129933,2
2,32,16,0.25,identity,3,0.0104193498730391,0.920820702671734,0.0469618206700758,2
2,32,16,0.25,relu,0,0.3130351306104001,0.9160449395715408,0.2756570361705272,2
2,32,16,0.25,relu,2,0.2442463910303592,0.9089344628045614,0.2861252110242507,2
2,32,16,0.25,relu,4,0.2553559900895341,0.943052478681916,0.2838965737916945,3
2,32,16,0.5,identity,1,0.0096840004402376,0.9517560675290964,0.0232362691108565,2
2,32,16,0.5,identity,3,0.0123227054752028,0.961932023799998,0.0296732038062784,2
2,32,16,0.5,relu,0,0.2760255930184249,0.9510217286969328,0.196494448514868,3
2,32,16,0.5,relu,2,0.1296854655442619,0.9420415422465432,0.1671746557689338,2
2,32,16,0.5,relu,4,0.252797504121513,0.9599993260387274,0.2203345680926993,3
2,32,16,0.75,identity,1,0.0124553836237968,0.9753150786218642,0.0288952471362686,2
2,32,16,0.75,identity,3,0.023261146026356,0.9813160001760712,0.0234359729561465,2
2,32,16,0.75,relu,0,0.3922907030824958,0.9701332228100438,0.1407430343422534,2
2,32,16,0.75,relu,2,0.2525572418526673,0.9608081325355472,0.1515562494415691,2
2,32,16,0.75,relu,4,0.2991808326885098,0.9712169291813354,0.1698432385578205,3
2,32,16,1.0,identity,1,0.8786730979328802,0.994433716978554,0.16456198239478,1
2,32,16,1.0,identity,3,0.568531327984905,0.995919023181914,0.1060763536733347,1
2,32,16,1.0,relu,0,0.4347665580294111,0.9779615328853046,0.1118456062846226,1
2,32,16,1.0,relu,2,0.5132816635519555,0.9733228943644916,0.2270042885001981,2
2,32,16,1.0,relu,4,0.7480746415018781,0.988125188174478,0.1682646459317453,1
2,32,32,0.0,identity,1,0.0026998334878572,0.4329049598306589,0.0528551873347582,2
2,32,32,0.0,identity,3,0.0029833254773746,0.5042090984211416,0.0500102714403519,2
2,32,32,0.0,relu,0,0.0045057175871853,0.5628781101848487,0.0361044179280098,2
2,32,32,0.0,relu,2,0.060364381535851,0.6253214993852031,0.1965449136087409,3
2,32,32,0.0,relu,4,0.023277540402842,0.6532000495923248,0.1537953171429482,3
2,32,32,0.25,identity,1,0.003686868220614,0.832141703058991,0.0220480105866151,2
2,32,32,0.25,identity,3,0.003694565796724,0.855733512152236,0.0296769673766158,2
2,32,32,0.25,relu,0,0.0052198250207684,0.8534819381545129,0.0142775444651623,2
2,32,32,0.25,relu,2,0.0408710504605569,0.8368290571729256,0.1061540452397966,3
2,32,32,0.25,relu,4,0.0521647617565264,0.8833407552079702,0.1015972188621375,3
2,32,32,0.5,identity,1,0.0055649978496609,0.9123664701997554,0.0366742638765819,2
2,32,32,0.5,identity,3,0.0061883144773346,0.913053382746784,0.0273114276285864,2
2,32,32,0.5,relu,0,0.0901724007192514,0.9077664938212902,0.094284549873994,3
2,32,32,0.5,relu,2,0.0658075982552548,0.8920926073738468,0.1093246635138941,3
2,32,32,0.5,relu,4,0.0678389175675523,0.92711002269208,0.1092209319691007,3
2,32,32,0.75,identity,1,0.0118343586944653,0.955658596566122,0.0524000472266689,2
2,32,32,0.75,identity,3,0.0097703012763407,0.9514859073335764,0.0240621205611486,2
2,32,32,0.75,relu,0,0.1191428637798663,0.9422554905828046,0.079176750922397,3
2,32,32,0.75,relu,2,0.0979940581464732,0.9383411695684748,0.1011231909511106,3
2,32,32,0.75,relu,4,0.0976566444847764,0.9513889590691952,0.0850213028651258,3
2,32,32,1.0,identity,1,0.7385197389215558,0.9981904625537518,0.0463804313627404,1
2,32,32,1.0,identity,3,0.5214605245633501,0.9977807492622006,0.0896204020011799,1
2,32,32,1.0,relu,0,0.4341205828176814,0.9817950520171652,0.0745812793646807,1
2,32,32,1.0,relu,2,0.4799681597173387,0.977402748221161,0.1610462811584465,2
2,32,32,1.0,relu,4,0.8231606451415667,0.9829862731969056,0.2187887987420336,2
2,32,64,0.0,identity,1,0.003092124777653,0.6064535240917805,0.0385655773102868,2
2,32,64,0.0,identity,3,0.0051011215034645,0.6615531203691298,0.0447229196694367,2
2,32,64,0.0,relu,0,0.0090407166964378,0.7695661813047342,0.0729585387319141,3
2,32,64,0.0,relu,2,0.0157698944988464,0.7851485911944813,0.0535454417719264,4
2,32,64,0.0,relu,4,0.0062030596327104,0.831500590174994,0.0388985713225501,3
2,32,64,0.25,identity,1,0.0034334583047237,0.822221827653345,0.0240455678968281,2
2,32,64,0.25,identity,3,0.0062685407136542,0.8588882057013799,0.0350832953274676,2
2,32,64,0.25,relu,0,0.0189135930718646,0.8860607533124177,0.044642551832379,3
2,32,64,0.25,relu,2,0.0172029586241373,0.88459374772341,0.0375459501575388,3
2,32,64,0.25,relu,4,0.017134862752147,0.9116204199448852,0.0436745633468913,3
2,32,64,0.5,identity,1,0.003594591610574,0.8861652143694317,0.026579812158236,2
2,32,64,0.5,identity,3,0.0088385778141668,0.903970917853538,0.0344905021722688,2
2,32,64,0.5,relu,0,0.0491792279163203,0.9166719814567472,0.0589540653116128,3
2,32,64,0.5,relu,2,0.046355990336896,0.9127768918446474,0.0669211727749392,4
2,32,64,0.5,relu,4,0.0318859951697149,0.931188650670587,0.0494684020755568,3
2,32,64,0.75,identity,1,0.0109822459014601,0.9280780653604528,0.0325815103102426,2
2,32,64,0.75,identity,3,0.0104135591627037,0.9478417152802442,0.0318205003696883,2
2,32,64,0.75,relu,0,0.0836397082268869,0.9434687115446876,0.0625455826589744,3
2,32,64,0.75,relu,2,0.1054272801235026,0.9409048243723276,0.1093152872048638,4
2,32,64,0.75,relu,4,0.0598589971665264,0.9538025723437838,0.0652518884167809,3
2,32,64,1.0,identity,1,0.8062538063169549,0.99567701052228,0.1016191055212149,1
2,32,64,1.0,identity,3,0.5639758122319541,0.9966794532008926,0.1218233706806542,1
2,32,64,1.0,relu,0,0.4257201081609482,0.9817603734696192,0.0744675175420776,1
2,32,64,1.0,relu,2,0.372839328115356,0.978648565694106,0.1478004941350358,1
2,32,64,1.0,relu,4,0.7657010454711788,0.9865366704369825,0.165001249378882,2
2,32,96,0.0,identity,1,0.0069716219735606,0.6167965445893976,0.0608380729203815,3
2,32,96,0.0,identity,3,0.0076885018360969,0.6615125625035769,0.0609047352939848,3
2,32,96,0.0,relu,0,0.0054609749192097,0.800630865795987,0.0472429745317467,3
2,32,96,0.0,relu,2,0.0073915077149714,0.8232163198931743,0.032547970725179,4
2,32,96,0.0,relu,4,0.0102461322355051,0.8598534677745908,0.0376048788656609,3
2,32,96,0.25,identity,1,0.0030333395993633,0.8269642807484802,0.022725409864082,2
2,32,96,0.25,identity,3,0.005572981852969,0.8640875384296653,0.0331314499758269,2
2,32,96,0.25,relu,0,0.0156257258495856,0.900492000716834,0.0334767918944537,3
2,32,96,0.25,relu,2,0.0080048592914254,0.8972567444790197,0.0271920115243061,3
2,32,96,0.25,relu,4,0.0107851577941275,0.9224149754261974,0.0292035177013544,3
2,32,96,0.5,identity,1,0.0040539999706727,0.885619209102969,0.0306407149348612,2
2,32,96,0.5,identity,3,0.008360728806495,0.9084348495253892,0.0338841294952628,2
2,32,96,0.5,relu,0,0.0330862620858785,0.9240669644518612,0.0386144975902385,3
2,32,96,0.5,relu,2,0.0336575879595995,0.9212680587443718,0.0492109343270168,4
2,32,96,0.5,relu,4,0.0236031275833804,0.9384167125516284,0.0400719542297073,3
2,32,96,0.75,identity,1,0.0095297277362311,0.93970075240382,0.041949021644936,2
2,32,96,0.75,identity,3,0.0136664147493169,0.9450407631541164,0.0350837338699966,2
2,32,96,0.75,relu,0,0.0776363440840315,0.9473813897125418,0.0597118327972286,3
2,32,96,0.75,relu,2,0.0876127199912678,0.9492202034189337,0.0767067032512258,4
2,32,96,0.75,relu,4,0.1245254181732831,0.958753860890662,0.0983033622652625,4
2,32,96,1.0,identity,1,0.7473505790261716,0.997326535629648,0.0663106739453216,1
2,32,96,1.0,identity,3,0.4402910934412857,0.9952186844223688,0.0969682999584659,1
2,32,96,1.0,relu,0,0.3612414898880629,0.9805756341327924,0.0694941553447042,1
2,32,96,1.0,relu,2,0.4819108747306029,0.9771716971909384,0.1832470205170219,2
2,32,96,1.0,relu,4,0.7743216702947865,0.9865801509651126,0.1871499177691568,2
2,4,16,0.0,identity,1,0.017256686324265,0.3781427585606451,0.257490741244726,2
2,4,16,0.0,identity,3,0.0135526705455454,0.423730672310137,0.1931761413049596,2
2,4,16,0.0,relu,0,0.0093804295690722,0.726593637853028,0.0440757323424834,2
2,4,16,0.0,relu,2,0.0542712173174557,0.7528690438140675,0.2654152158964717,3
2,4,16,0.0,relu,4,0.0271118428048808,0.7975664015377815,0.1372739382350916,3
2,4,16,0.25,identity,1,0.0164176514902593,0.9159976027194032,0.0533675310883988,2
2,4,16,0.25,identity,3,0.0145222196996807,0.9285425205413148,0.056775438989025,2
2,4,16,0.25,relu,0,0.014765148681831,0.8985445351899474,0.0402153677116449,2
2,4,16,0.25,relu,2,0.0570576958848346,0.8937266389486683,0.1079768888572137,3
2,4,16,0.25,relu,4,0.0887856836759462,0.9263735227461632,0.0903427132429041,3
2,4,16,0.5,identity,1,0.0107465362385385,0.9611455510876056,0.0781642928165056,2
2,4,16,0.5,identity,3,0.0067904016936528,0.9600437083065548,0.0603908043679442,2
2,4,16,0.5,relu,0,0.1187596436456856,0.9216485589992534,0.0841005336049887,3
2,4,16,0.5,relu,2,0.1170086676021998,0.9294764603782102,0.1821166422742185,3
2,4,16,0.5,relu,4,0.1167481131750399,0.9574451587556668,0.1246988687459862,3
2,4,16,0.75,identity,1,0.0164670773066008,0.9823920204578368,0.0688610393056728,2
2,4,16,0.75,identity,3,0.0111814549000256,0.9798750414686176,0.0365537771001712,2
2,4,16,0.75,relu,0,0.2617136542255571,0.9553778748999192,0.1142339111201902,3
2,4,16,0.75,relu,2,0.2388904795415561,0.9604840820006532,0.2623230115024311,2
2,4,16,0.75,relu,4,0.2391310865689983,0.97212150683917,0.1573500091862256,3
2,4,16,1.0,identity,1,0.8290922431084594,0.9978615357688794,0.4419787396235689,1
2,4,16,1.0,identity,3,0.310974988624997,0.9960111744794125,0.0579164362414902,1
2,4,16,1.0,relu,0,0.7117057984524794,0.9773928479164452,0.2241851262817909,1
2,4,16,1.0,relu,2,0.948640611047202,0.989449416146134,0.7900039560491098,1
2,4,16,1.0,relu,4,0.6636123612858227,0.9859498261423904,0.3402880915762489,1
2,4,32,0.0,identity,1,0.0125797784557478,0.5125746566031983,0.1960231605596719,2
2,4,32,0.0,identity,3,0.0211235233283276,0.5520820224935804,0.1393895076734264,2
2,4,32,0.0,relu,0,0.0086239576986659,0.7471176279890808,0.0313381134498016,2
2,4,32,0.0,relu,2,0.0300376948883031,0.8139435254392554,0.1014583233461063,3
2,4,32,0.0,relu,4,0.0091941610780444,0.7783320563049064,0.0793475210957912,3
2,4,32,0.25,identity,1,0.0115354102330625,0.9175126090374028,0.0435570750967457,2
2,4,32,0.25,identity,3,0.0081563931075874,0.9264144931468662,0.0543424834737143,2
2,4,32,0.25,relu,0,0.0503255516405479,0.9073998857900982,0.0383209852027241,3
2,4,32,0.25,relu,2,0.0491063522083685,0.9085166426509368,0.083836438265157,3
2,4,32,0.25,relu,4,0.0277202950014501,0.9236213499373436,0.0537905410868825,3
2,4,32,0.5,identity,1,0.0154695890905718,0.952843702875744,0.1106629202780824,2
2,4,32,0.5,identity,3,0.0091554573605485,0.9583723914078258,0.0466925358426832,2
2,4,32,0.5,relu,0,0.1104132169587093,0.9274880484490728,0.0679488668639849,3
2,4,32,0.5,relu,2,0.0929738255387199,0.9296892277184706,0.1231419569000713,3
2,4,32,0.5,relu,4,0.0690159864530045,0.9513785708734892,0.0835414470385903,3
2,4,32,0.75,identity,1,0.0459734514543874,0.9799926785211844,0.2351433148520892,2
2,4,32,0.75,identity,3,0.0189957387435993,0.9763082224490556,0.0457076665824545,2
2,4,32,0.75,relu,0,0.1813043691399143,0.9523883172813146,0.1044440426638046,3
2,4,32,0.75,relu,2,0.2088228006309508,0.9560685360327889,0.2866817904689331,2
2,4,32,0.75,relu,4,0.1915731045704823,0.9679515518051416,0.2015162733075025,3
2,4,32,1.0,identity,1,0.4734272832963238,0.9984084922083222,0.1149616468852084,1
2,4,32,1.0,identity,3,0.3589566215647385,0.9982076252541804,0.2094139501767506,1
2,4,32,1.0,relu,0,0.7491861298872005,0.979533106955857,0.1889021928604858,2
2,4,32,1.0,relu,2,0.9224665695492362,0.9895183911624796,0.5163710945779483,1
2,4,32,1.0,relu,4,0.8620809297997848,0.9855551403304854,0.4197198590425227,2
2,4,64,0.0,identity,1,0.0174465908776038,0.5725064695137663,0.134443106227328,2
2,4,64,0.0,identity,3,0.0162664172798841,0.620093383897731,0.1157492918854718,2
2,4,64,0.0,relu,0,0.0158668304564949,0.827777605815997,0.0456867070460703,3
2,4,64,0.0,relu,2,0.0404517282507131,0.8470484081594433,0.1221355676011653,4
2,4,64,0.0,relu,4,0.0202867132286576,0.8565605036169325,0.0685397011609452,4
2,4,64,0.25,identity,1,0.012295098600813,0.9212516260982404,0.0513668970541107,2
2,4,64,0.25,identity,3,0.0236529541165061,0.9306795011505008,0.0599521848816962,3
2,4,64,0.25,relu,0,0.0415521290805583,0.9147749411105982,0.0366458651563967,3
2,4,64,0.25,relu,2,0.0329559304520672,0.919820343629282,0.0784346504590623,4
2,4,64,0.25,relu,4,0.0105530203477458,0.9401649668197052,0.0403318409756942,3
2,4,64,0.5,identity,1,0.0194112932134304,0.9526682144173462,0.1327032323896324,2
2,4,64,0.5,identity,3,0.0083425660017934,0.95799176056237,0.0433332220764875,2
2,4,64,0.5,relu,0,0.0994448053912814,0.9264820507879836,0.0555028489636222,3
2,4,64,0.5,relu,2,0.0760040981708862,0.933048613503823,0.1475500582318821,4
2,4,64,0.5,relu,4,0.0583802363900067,0.9537025203513873,0.080465666019754,3
2,4,64,0.75,identity,1,0.1068405760595623,0.971898414040259,0.2908259661626982,3
2,4,64,0.75,identity,3,0.0924857570473524,0.9760477288098948,0.0726656554870288,3
2,4,64,0.75,relu,0,0.2197523061397403,0.957201445374579,0.1451907774546404,3
2,4,64,0.75,relu,2,0.1679828153560477,0.9592791182260472,0.2510558975498317,3
2,4,64,0.75,relu,4,0.2245638284759784,0.9686742897171804,0.1517933092374283,3
2,4,64,1.0,identity,1,0.8795875071571754,0.9960315508574064,0.1127491065174965,1
2,4,64,1.0,identity,3,0.684788520940234,0.9954232853817164,0.1054804545023606,1
2,4,64,1.0,relu,0,0.6540547219820044,0.9771294860038656,0.1415788127049527,1
2,4,64,1.0,relu,2,0.8983230169888344,0.9904278722129553,0.4474443772714921,1
2,4,64,1.0,relu,4,0.656569905693748,0.9848420408965808,0.275252281453702,1
2,4,96,0.0,identity,1,0.0110701714282687,0.655972799471151,0.0917321415895993,2
2,4,96,0.0,identity,3,0.0085149537595642,0.7331801638997968,0.1066081724869421,3
2,4,96,0.0,relu,0,0.0107303598535732,0.8310953498557118,0.0563864413948222,3
2,4,96,0.0,relu,2,0.0319947993275471,0.8640800715999659,0.0952256217826902,4
2,4,96,0.0,relu,4,0.007938165251681,0.8934993194107552,0.0480589362164277,3
2,4,96,0.25,identity,1,0.0076762293910773,0.920273979633861,0.055290493275712,2
2,4,96,0.25,identity,3,0.0109336355975711,0.9359190477940356,0.0491895059224033,2
2,4,96,0.25,relu,0,0.0359277639814835,0.9231494421740714,0.0405622924520577,3
2,4,96,0.25,relu,2,0.0375627208957001,0.9238462296242036,0.0786905413660431,4
2,4,96,0.25,relu,4,0.0307202542406857,0.94950785391361,0.059173775431785,4
2,4,96,0.5,identity,1,0.0490263260220436,0.9578031065562472,0.1763286894282456,3
2,4,96,0.5,identity,3,0.0064951424419095,0.9578774787491704,0.0462646213405914,2
2,4,96,0.5,relu,0,0.0949804087253467,0.940149518869584,0.0801008501261748,3
2,4,96,0.5,relu,2,0.0793461744367167,0.9411030888573813,0.1099318366151421,4
2,4,96,0.5,relu,4,0.0822443867718696,0.955905032124435,0.0850335013363527,3
2,4,96,0.75,identity,1,0.0643389098702149,0.9796765226706028,0.2831463900196199,2
2,4,96,0.75,identity,3,0.0126474119932868,0.9790380321468056,0.0491921336507607,2
2,4,96,0.75,relu,0,0.2160894328420035,0.9574679570914476,0.1274983059475272,3
2,4,96,0.75,relu,2,0.2111404166852654,0.9633093484382728,0.2501523105486382,3
2,4,96,0.75,relu,4,0.1995939831877359,0.9675382491642294,0.1836364952423428,3
2,4,96,1.0,identity,1,0.8332882094532683,0.994127621652724,0.2007010846141224,1
2,4,96,1.0,identity,3,0.5490585216905461,0.9955753239971428,0.0881558572579372,1
2,4,96,1.0,relu,0,0.7200303365205818,0.9769911437778436,0.2337761409913369,1
2,4,96,1.0,relu,2,0.9093807248358032,0.990565192994581,0.5411514276205142,1
2,4,96,1.0,relu,4,0.6268472639935073,0.9885077688141284,0.3225614562064818,1
2,8,16,0.0,identity,1,0.006878181146112,0.3743752589836331,0.176223533551213,2
2,8,16,0.0,identity,3,0.0039422888515379,0.3900949841424802,0.1785015440863966,2
2,8,16,0.0,relu,0,0.0067225099331611,0.6928410770479296,0.0382736919217778,2
2,8,16,0.0,relu,2,0.0432834627023632,0.7382390603325194,0.196306136029419,3
2,8,16,0.0,relu,4,0.024260503601825,0.7839270793623362,0.1919590086375092,3
2,8,16,0.25,identity,1,0.0072112024242066,0.8931244625956657,0.0277701189558298,2
2,8,16,0.25,identity,3,0.0116419603441214,0.9054969404210268,0.0380942598962536,2
2,8,16,0.25,relu,0,0.0298292968712671,0.9097582686301184,0.0446288278828668,2
2,8,16,0.25,relu,2,0.06693943153131,0.9008584570592956,0.1468623787427739,3
2,8,16,0.25,relu,4,0.0418326720463648,0.9035926896783214,0.0791206656773618,3
2,8,16,0.5,identity,1,0.0044618060017981,0.9306935822824872,0.0341523341578027,2
2,8,16,0.5,identity,3,0.0043525785696121,0.946594985485168,0.0502431207594056,2
2,8,16,0.5,relu,0,0.1491957378258539,0.9392026717885344,0.1329646299960601,3
2,8,16,0.5,relu,2,0.1246409406970103,0.9346680831163304,0.1155756876225578,3
2,8,16,0.5,relu,4,0.1001678886580985,0.9398516820879008,0.1519450266442848,3
2,8,16,0.75,identity,1,0.0069517175182706,0.9708546714532372,0.032764701506201,2
2,8,16,0.75,identity,3,0.0062437809393459,0.9764088952424724,0.0337662704102377,2
2,8,16,0.75,relu,0,0.27926419344972,0.9591602201507288,0.1577985337191584,3
2,8,16,0.75,relu,2,0.312787970013294,0.9614740178084852,0.1492250940217181,2
2,8,16,0.75,relu,4,0.2129077658381973,0.9616929339592768,0.1767821334109461,3
2,8,16,1.0,identity,1,0.838524493099387,0.9929387803450735,0.1158794926882686,1
2,8,16,1.0,identity,3,0.9226093338647658,0.9969690754640144,0.0693492248563754,1
2,8,16,1.0,relu,0,0.7580924822750783,0.9784764206082722,0.1444475727828625,2
2,8,16,1.0,relu,2,0.6177777056658986,0.9781108044019816,0.1485264117587789,1
2,8,16,1.0,relu,4,0.7939609078878748,0.9841501136328932,0.3368481068560942,1
2,8,32,0.0,identity,1,0.0175311096436994,0.4561542606847684,0.1063826816272714,2
2,8,32,0.0,identity,3,0.0112174499830347,0.5184383148146655,0.1510573488214058,2
2,8,32,0.0,relu,0,0.0063852063431538,0.7570306722998781,0.0237975970772664,2
2,8,32,0.0,relu,2,0.0159957363026122,0.7683653801259273,0.0583012011366522,3
2,8,32,0.0,relu,4,0.0066073420712217,0.7874878853105741,0.0756608056041117,3
2,8,32,0.25,identity,1,0.0081046058629042,0.8894718659995372,0.0285700708607576,2
2,8,32,0.25,identity,3,0.0075162185519127,0.8801448347269811,0.0540985012581409,2
2,8,32,0.25,relu,0,0.0310446739509762,0.8992498579992827,0.0466617562557091,3
2,8,32,0.25,relu,2,0.0405744434869792,0.8985876616505055,0.0718101788557418,3
2,8,32,0.25,relu,4,0.0199088162915013,0.9001419192622109,0.065362990418279,3
2,8,32,0.5,identity,1,0.0120069051335235,0.9336808673483646,0.0450719293015426,2
2,8,32,0.5,identity,3,0.0090280384368032,0.9347046132729838,0.0446068620452708,2
2,8,32,0.5,relu,0,0.0909043991516364,0.9305448745725392,0.0654553207612873,3
2,8,32,0.5,relu,2,0.0882661159259031,0.927113307017207,0.1032100419426787,3
2,8,32,0.5,relu,4,0.0556129979157862,0.929130653236389,0.0915545920285108,3
2,8,32,0.75,identity,1,0.0862680167103053,0.9594314286503022,0.0853090444491063,3
2,8,32,0.75,identity,3,0.0987778363502135,0.973755405750282,0.1992897792557895,3
2,8,32,0.75,relu,0,0.1377578132822655,0.9515967650638416,0.0775155440058909,3
2,8,32,0.75,relu,2,0.1501745261443165,0.9435110495109827,0.1049630198300947,3
2,8,32,0.75,relu,4,0.1537278659252692,0.9543151445263902,0.137176203685754,3
2,8,32,1.0,identity,1,0.8166463588241629,0.9966844012841908,0.0795906816985045,1
2,8,32,1.0,identity,3,0.9684235731760628,0.9935257911182904,0.1173542853242809,1
2,8,32,1.0,relu,0,0.6323196177280535,0.982210074059806,0.1523366765614075,2
2,8,32,1.0,relu,2,0.6446161238391601,0.9791045187418754,0.1215478228544092,1
2,8,32,1.0,relu,4,0.7348843590125703,0.9836619306695707,0.268910337343296,1
2,8,64,0.0,identity,1,0.0074329489201251,0.5451697833354252,0.0980791275424698,2
2,8,64,0.0,identity,3,0.0074170267225811,0.5491204836489282,0.1160705507150588,2
2,8,64,0.0,relu,0,0.0080478006860774,0.79446246025442,0.0490678697928583,3
2,8,64,0.0,relu,2,0.0125330114406424,0.8262682514917261,0.0452643991903586,3
2,8,64,0.0,relu,4,0.0060162143937548,0.8337699651942726,0.0416573357209138,3
2,8,64,0.25,identity,1,0.0054780298559393,0.8837586319293691,0.0289295998702846,2
2,8,64,0.25,identity,3,0.0073145909615397,0.893163385644005,0.0503463750458758,2
2,8,64,0.25,relu,0,0.0280749257199626,0.9118328162706928,0.0451641455204683,3
2,8,64,0.25,relu,2,0.0395662189122181,0.920616285744192,0.0718126148577745,4
2,8,64,0.25,relu,4,0.0118267074547377,0.9157348417727156,0.0367198520998331,3
2,8,64,0.5,identity,1,0.0070107181536131,0.9302064959527414,0.0314303732627537,2
2,8,64,0.5,identity,3,0.0038403610680767,0.9389064432808006,0.034776584701284,2
2,8,64,0.5,relu,0,0.0735832301383693,0.93236569034788,0.0641487478927467,3
2,8,64,0.5,relu,2,0.0704062404485076,0.9394391121314256,0.0637177905160159,3
2,8,64,0.5,relu,4,0.0550652670453931,0.9363346836181756,0.0895442810179598,3
2,8,64,0.75,identity,1,0.0126029059316781,0.9625049143300974,0.0307442634271173,2
2,8,64,0.75,identity,3,0.0186844542254008,0.9760708841229482,0.0289451611880946,2
2,8,64,0.75,relu,0,0.1723146274800049,0.9531956207007004,0.0994872500203114,3
2,8,64,0.75,relu,2,0.1889937843576864,0.9505115790773908,0.1222250912447122,3
2,8,64,0.75,relu,4,0.1646580019502184,0.9532792027735086,0.1237058498273312,3
2,8,64,1.0,identity,1,0.8234646196390022,0.9958201532366536,0.1334683771968044,1
2,8,64,1.0,identity,3,0.9434434637503384,0.9956359201241384,0.0807505002897722,1
2,8,64,1.0,relu,0,0.6730974520370165,0.9825558271821992,0.1218223793864722,2
2,8,64,1.0,relu,2,0.5858117989176991,0.979270230238152,0.1325034057959841,1
2,8,64,1.0,relu,4,0.7377061097277445,0.9866817679913,0.2461643048112148,1
2,8,96,0.0,identity,1,0.0063491705979011,0.6060274699019746,0.066966074090964,2
2,8,96,0.0,identity,3,0.0071700759068427,0.6513911613060193,0.0775484974748805,2
2,8,96,0.0,relu,0,0.0078652592588828,0.8541825477645686,0.0365872979672055,3
2,8,96,0.0,relu,2,0.0122785159918519,0.8503117536467686,0.0532475524856716,4
2,8,96,0.0,relu,4,0.0134384169024705,0.8616749570025196,0.0677907677541066,4
2,8,96,0.25,identity,1,0.0051431435841433,0.8915461147537622,0.038634733128024,2
2,8,96,0.25,identity,3,0.004797315386511,0.8877693528111821,0.0576167235736241,2
2,8,96,0.25,relu,0,0.0222953321434314,0.9225972361010168,0.0526163255941412,3
2,8,96,0.25,relu,2,0.0356706728496934,0.9226166189552883,0.0807926907114783,4
2,8,96,0.25,relu,4,0.0143652168246956,0.9257059626598304,0.0369016528123361,3
2,8,96,0.5,identity,1,0.0069313652591708,0.9343717387268518,0.03492576364203,2
2,8,96,0.5,identity,3,0.002867982849626,0.9387965575154714,0.0374227049819808,2
2,8,96,0.5,relu,0,0.0841193493062863,0.9460461537193728,0.0870659209447107,3
2,8,96,0.5,relu,2,0.0795195080410167,0.941691595294224,0.076116481713337,4
2,8,96,0.5,relu,4,0.0426328269729084,0.9394901615825,0.0689143087045676,4
2,8,96,0.75,identity,1,0.0135530555509031,0.9683463102419672,0.0398280670232262,2
2,8,96,0.75,identity,3,0.0170567474686368,0.9684447910077688,0.0402677624109282,2
2,8,96,0.75,relu,0,0.1791665862468425,0.957475542873112,0.1400131497638546,4
2,8,96,0.75,relu,2,0.1705382176480956,0.9542307970375536,0.1151225836638348,3
2,8,96,0.75,relu,4,0.1567123244083778,0.9598063507292902,0.1439557592778288,3
2,8,96,1.0,identity,1,0.775504911436194,0.9959370168293512,0.182559029467027,1
2,8,96,1.0,identity,3,0.9318352619655504,0.9927090547988184,0.1155914212724859,1
2,8,96,1.0,relu,0,0.6601304995670095,0.9800916808323822,0.1380139873576713,2
2,8,96,1.0,relu,2,0.670206995796242,0.978785298948648,0.1683721020283569,1
2,8,96,1.0,relu,4,0.7471128751710725,0.9847376654763592,0.2701098864095247,1
4,16,16,0.0,identity,1,0.0048922637269196,0.4600578488804848,0.1913438823612602,3
4,16,16,0.0,identity,3,0.0065425493049553,0.5035896422853032,0.157228027024,3
4,16,16,0.0,relu,0,0.1447836223467696,0.7871251583115572,0.6527954762632027,3
4,16,16,0.0,relu,2,0.200794987330202,0.812447026409239,0.6146028709595703,3
4,16,16,0.0,relu,4,0.0478597857364153,0.7750205272774834,0.2280303792181364,3
4,16,16,0.25,identity,1,0.0066978680865249,0.8915203865386084,0.0415817183339743,3
4,16,16,0.25,identity,3,0.0087753001757224,0.9081974710434256,0.0358409634924955,3
4,16,16,0.25,relu,0,0.1043386619946454,0.9188993091840812,0.1580553653647393,3
4,16,16,0.25,relu,2,0.1981938912914145,0.9221882019671196,0.2984891249312659,3
4,16,16,0.25,relu,4,0.1602575116580961,0.9167864336138511,0.1984044349319795,4
4,16,16,0.5,identity,1,0.0085385316608678,0.954421501139636,0.0261996706548396,3
4,16,16,0.5,identity,3,0.0113800341794096,0.9640796116594444,0.0211223469706467,3
4,16,16,0.5,relu,0,0.2516942643008176,0.9602872360748878,0.2268531483490903,3
4,16,16,0.5,relu,2,0.2259900520030024,0.9604156301823834,0.1736205240886988,3
4,16,16,0.5,relu,4,0.2705727011813285,0.9622612312573698,0.1932856790018306,4
4,16,16,0.75,identity,1,0.0174297537501507,0.97805931553573,0.0436065565540916,3
4,16,16,0.75,identity,3,0.0136869460879115,0.9815062004283592,0.0180597966133167,3
4,16,16,0.75,relu,0,0.2984665739391579,0.9736272642181436,0.1837879310140207,3
4,16,16,0.75,relu,2,0.2305983249466387,0.9742983449195772,0.1512609510894494,2
4,16,16,0.75,relu,4,0.3645549999889241,0.9710549011725552,0.1562500150000861,3
4,16,16,1.0,identity,1,0.5631895985607629,0.9938126605163882,0.053624867003936,1
4,16,16,1.0,identity,3,0.5409535723312956,0.9945489376671496,0.1153214069428492,2
4,16,16,1.0,relu,0,0.4602681386509177,0.9863635959732192,0.066868338106801,1
4,16,16,1.0,relu,2,0.4530665164785473,0.9874408136660784,0.0748702954839738,1
4,16,16,1.0,relu,4,0.5438447435140497,0.9847142266100852,0.1027768371084926,2
4,16,32,0.0,identity,1,0.0058600939827655,0.3898424836554878,0.1352671961641837,4
4,16,32,0.0,identity,3,0.0049948729605124,0.4744665381199507,0.1190811390820241,4
4,16,32,0.0,relu,0,0.0095176305705346,0.7624171013671238,0.0508011692082558,4
4,16,32,0.0,relu,2,0.0086823946106913,0.7872168607871137,0.045466917521438,4
4,16,32,0.0,relu,4,0.0080079422772737,0.7944793567559256,0.0707026094737706,4
4,16,32,0.25,identity,1,0.0051025951007629,0.8709651496138647,0.0300104339623796,4
4,16,32,0.25,identity,3,0.0054806784425075,0.8842650339162964,0.0343167356152793,4
4,16,32,0.25,relu,0,0.0125956272565703,0.9113844358302,0.0383060336205577,4
4,16,32,0.25,relu,2,0.0144373032285375,0.9193385551318624,0.0503797571646619,4
4,16,32,0.25,relu,4,0.0173720782808008,0.9167087206834538,0.0444949194035281,4
4,16,32,0.5,identity,1,0.005536347710038,0.922231501318383,0.0243921577935448,4
4,16,32,0.5,identity,3,0.0072142970510768,0.9351108431445088,0.027408834688219,4
4,16,32,0.5,relu,0,0.0439981814522434,0.9468878218579272,0.0589766094844996,4
4,16,32,0.5,relu,2,0.0328407531693826,0.9445988770983906,0.0539747432500988,4
4,16,32,0.5,relu,4,0.0493787946187289,0.9483715577085028,0.0688222870994007,4
4,16,32,0.75,identity,1,0.0142105420873695,0.9607661013863548,0.038883011635496,4
4,16,32,0.75,identity,3,0.0105020373552675,0.9644253570053308,0.0277622484726353,4
4,16,32,0.75,relu,0,0.1021819733354175,0.9639132113432108,0.0637205091544962,4
4,16,32,0.75,relu,2,0.0890061666898276,0.9659566775710408,0.0606757559632864,3
4,16,32,0.75,relu,4,0.1391444549689441,0.963378294057272,0.0978067494456618,5
4,16,32,1.0,identity,1,0.4864374163628243,0.9964677706857008,0.1534768650399078,2
4,16,32,1.0,identity,3,0.539301535287496,0.9946485746712104,0.1901676503041652,2
4,16,32,1.0,relu,0,0.3518767306450365,0.983865104324756,0.0836815275128913,1
4,16,32,1.0,relu,2,0.4772895036251808,0.9880821989314575,0.0935895119965602,2
4,16,32,1.0,relu,4,0.4999154996305128,0.9863919565471764,0.0913564080677764,2
4,16,64,0.0,identity,1,0.0076251745803918,0.5481351567612657,0.1086398056421298,4
4,16,64,0.0,identity,3,0.0071785709957541,0.5527692825046965,0.1126648846854597,4
4,16,64,0.0,relu,0,0.0106117507509351,0.8298788687976466,0.0511366974417532,5
4,16,64,0.0,relu,2,0.0097659871996012,0.8237029274362386,0.054834380860947,5
4,16,64,0.0,relu,4,0.0107637541372331,0.8092616926680343,0.0561333601091591,6
4,16,64,0.25,identity,1,0.00685242565763,0.8797472476566226,0.0472039055070307,4
4,16,64,0.25,identity,3,0.0051181982106604,0.8895059115081821,0.0389847561997569,4
4,16,64,0.25,relu,0,0.0176114743675289,0.9292888379869232,0.0381278555253865,5
4,16,64,0.25,relu,2,0.0126009236917479,0.9227907432095184,0.0396414768610655,5
4,16,64,0.25,relu,4,0.0222608023452827,0.9311613116152558,0.0372793302736221,5
4,16,64,0.5,identity,1,0.0080994715965736,0.9289029459199782,0.0361190200853734,4
4,16,64,0.5,identity,3,0.0073729907011096,0.9351352052274036,0.031298510692672,4
4,16,64,0.5,relu,0,0.0428817487997212,0.948446623520986,0.0463588212238201,5
4,16,64,0.5,relu,2,0.0373095441742566,0.949594731593596,0.0446860307678947,5
4,16,64,0.5,relu,4,0.0501756924399339,0.9525777021982472,0.0464979590011608,5
4,16,64,0.75,identity,1,0.016923750097765,0.9661073782457612,0.045725243089346,4
4,16,64,0.75,identity,3,0.0161834447907778,0.9639437327829526,0.0361960427960633,4
4,16,64,0.75,relu,0,0.0838193138013734,0.9662991474721544,0.058685783315171,4
4,16,64,0.75,relu,2,0.0776968764066635,0.9663064494409556,0.0548789860508688,5
4,16,64,0.75,relu,4,0.1006601974960945,0.9656971313751148,0.0590625281980504,5
4,16,64,1.0,identity,1,0.5587840035030074,0.9943232358975588,0.0820924041327413,2
4,16,64,1.0,identity,3,0.4894158169941199,0.9940406319772004,0.1545209338663883,2
4,16,64,1.0,relu,0,0.4580872536082612,0.984350015426338,0.0909180519612615,2
4,16,64,1.0,relu,2,0.4542843836855258,0.9861731387339804,0.072665008516736,2
4,16,64,1.0,relu,4,0.4379886180216972,0.9856315247733002,0.065211027516097,2
4,16,96,0.0,identity,1,0.0058034545924416,0.5168073126077559,0.1013796719726312,4
4,16,96,0.0,identity,3,0.0074271955538709,0.598945605243384,0.0833455983490442,4
4,16,96,0.0,relu,0,0.0078119790061383,0.8547734633482689,0.0419849104329995,5
4,16,96,0.0,relu,2,0.0067938542830192,0.8439547022080724,0.0488803831216527,5
4,16,96,0.0,relu,4,0.0059404580092121,0.8713775841915373,0.0357557000257426,5
4,16,96,0.25,identity,1,0.0076404771020172,0.8826677887276871,0.0382038485335762,4
4,16,96,0.25,identity,3,0.0077759331896037,0.8947521215208972,0.032490799058876,4
4,16,96,0.25,relu,0,0.0155638285572372,0.9350838245155102,0.0299742354840593,5
4,16,96,0.25,relu,2,0.0126734861315415,0.931429139304301,0.0325765969682894,5
4,16,96,0.25,relu,4,0.0127578635976992,0.9374682579471484,0.0300181939582747,5
4,16,96,0.5,identity,1,0.0102860258523002,0.9249545642139928,0.02651532975036,4
4,16,96,0.5,identity,3,0.0093517460790739,0.935143181775518,0.0352244611258774,4
4,16,96,0.5,relu,0,0.0388793081793099,0.954787355406036,0.0395015728752242,5
4,16,96,0.5,relu,2,0.0309598864176663,0.9522747392528048,0.0400481940736682,5
4,16,96,0.5,relu,4,0.0363111249076085,0.9556244604857946,0.0396239505014968,5
4,16,96,0.75,identity,1,0.014897556614086,0.9670769528360924,0.0650059035831481,4
4,16,96,0.75,identity,3,0.0141715418523397,0.9619368049336884,0.0320823620956306,4
4,16,96,0.75,relu,0,0.0849931896239144,0.9691631937691224,0.062108842721852,5
4,16,96,0.75,relu,2,0.0692583255449892,0.9691088878193296,0.0498056138662671,5
4,16,96,0.75,relu,4,0.0946053159615543,0.9684694063335006,0.0547377528091525,5
4,16,96,1.0,identity,1,0.607691083424763,0.993861294245588,0.0903456795432414,2
4,16,96,1.0,identity,3,0.5590715177875142,0.9938445950375115,0.0773491884123653,2
4,16,96,1.0,relu,0,0.3616378697654103,0.9856509713969858,0.081806960463754,2
4,16,96,1.0,relu,2,0.4211375537580965,0.98733834544103,0.0735787570923032,2
4,16,96,1.0,relu,4,0.4228172902971214,0.9844513751063624,0.0927178283494793,2
4,1,16,0.0,identity,1,0.0380640288545159,0.5089056837428786,0.2200815161470538,3
4,1,16,0.0,identity,3,0.0657061244512339,0.5848323488189133,0.1533236980603866,3
4,1,16,0.0,relu,0,0.0875353379483961,0.7908090105331161,0.2748077677532547,5
4,1,16,0.0,relu,2,0.0199345819008712,0.5727006506625663,0.2680717576761929,5
4,1,16,0.0,relu,4,0.0915998132091526,0.6794903338964866,0.2477108164906764,5
4,1,16,0.25,identity,1,0.0954014947420647,0.9164126190914712,0.0837625549420276,4
4,1,16,0.25,identity,3,0.0462491688955094,0.9112185863039494,0.1431073299031592,4
4,1,16,0.25,relu,0,0.178123223607636,0.9336290185542558,0.1419660518651593,4
4,1,16,0.25,relu,2,0.1093295266141776,0.9247697466874126,0.1564472050195933,3
4,1,16,0.25,relu,4,0.1680423543456768,0.941827669591342,0.1202316591342048,5
4,1,16,0.5,identity,1,0.056472190413153,0.9403333132000432,0.1570850886581395,4
4,1,16,0.5,identity,3,0.0824713838152226,0.9508935282268758,0.1906393742126697,4
4,1,16,0.5,relu,0,0.2692462868091922,0.947635796412002,0.1250251176926589,4
4,1,16,0.5,relu,2,0.4818529016171506,0.9565955591575588,0.2860457517632568,4
4,1,16,0.5,relu,4,0.1265039100939869,0.9524457976049436,0.102922853226691,4
4,1,16,0.75,identity,1,0.0491993771836383,0.9751421407694464,0.0620877590731016,4
4,1,16,0.75,identity,3,0.2308221860592599,0.9759420828705148,0.1807305272882847,4
4,1,16,0.75,relu,0,0.3811692297401753,0.9518316279550268,0.2313782179320672,5
4,1,16,0.75,relu,2,0.5997633805467469,0.96825243749589,0.3987517939691563,4
4,1,16,0.75,relu,4,0.4532383109100182,0.9693108875612708,0.2057525697703246,4
4,1,16,1.0,identity,1,0.8358734143974348,0.993696312162474,0.1332953737011754,1
4,1,16,1.0,identity,3,0.7584474676552657,0.9913416243296234,0.1724821801088285,1
4,1,16,1.0,relu,0,0.6359977879914945,0.9691389125188682,0.0831443601929044,1
4,1,16,1.0,relu,2,0.9245669134239596,0.9722840077052962,0.2563752501172608,1
4,1,16,1.0,relu,4,0.9212946947829158,0.9774434252101812,0.1645013130463321,1
4,1,32,0.0,identity,1,0.0761464486718579,0.6624384364613649,0.1914431522305724,4
4,1,32,0.0,identity,3,0.0296482427751122,0.679974558040293,0.1648527326979975,4
4,1,32,0.0,relu,0,0.0395604601284534,0.8349715485450137,0.1379038481047204,5
4,1,32,0.0,relu,2,0.0873636539622924,0.7757637220813741,0.212482597958908,5
4,1,32,0.0,relu,4,0.0213463014051099,0.7098314394884949,0.1145528191280036,5
4,1,32,0.25,identity,1,0.0282549115994166,0.9229128780694292,0.0787557607843532,4
4,1,32,0.25,identity,3,0.0111277481340563,0.9152703168805212,0.1124584585405297,4
4,1,32,0.25,relu,0,0.061709156666922,0.9435923811866654,0.1193840167168309,5
4,1,32,0.25,relu,2,0.2324016166849075,0.9421265369868898,0.1840532427899275,5
4,1,32,0.25,relu,4,0.0736410648127568,0.948871948056042,0.1047231518062473,5
4,1,32,0.5,identity,1,0.0515586114441685,0.9608809517799394,0.0608553686998256,4
4,1,32,0.5,identity,3,0.0690778515220954,0.9433297556808978,0.1224816919336439,4
4,1,32,0.5,relu,0,0.1707035224271353,0.954008415896604,0.1269108455319227,5
4,1,32,0.5,relu,2,0.4127570977466684,0.9522929118053768,0.2874383045171846,5
4,1,32,0.5,relu,4,0.2799235890733153,0.9621353730579428,0.1333079835408597,6
4,1,32,0.75,identity,1,0.1284636763211159,0.9803758336475532,0.204585752411757,4
4,1,32,0.75,identity,3,0.228625014870738,0.9801542280088864,0.1950258971392951,4
4,1,32,0.75,relu,0,0.3253499513855019,0.959694514562164,0.1048569813945353,5
4,1,32,0.75,relu,2,0.5028509453051508,0.9566252205221416,0.2572597766389629,4
4,1,32,0.75,relu,4,0.4158434402183829,0.9649678226913072,0.1727298532908781,5
4,1,32,1.0,identity,1,0.8382210327445163,0.99294388100924,0.09200415948694,1
4,1,32,1.0,identity,3,0.9917006630930852,0.9974825692341592,0.9931942934210312,2
4,1,32,1.0,relu,0,0.5733177516284705,0.974306205621508,0.0401294536995173,1
4,1,32,1.0,relu,2,0.8320505325629454,0.9817243977654402,0.1057865072693237,1
4,1,32,1.0,relu,4,0.901160386126012,0.9720421378164212,0.2680530515797299,1
4,1,64,0.0,identity,1,0.0185410767803803,0.8032781729944245,0.1437830705428995,4
4,1,64,0.0,identity,3,0.0550338671148918,0.8147281074659303,0.1616730704775196,4
4,1,64,0.0,relu,0,0.0304317972065436,0.8455079085200752,0.1099930599853831,6
4,1,64,0.0,relu,2,0.0271997496194854,0.813534084691132,0.1121691116093602,5
4,1,64,0.0,relu,4,0.032106615663605,0.812802516294344,0.1422245752849491,6
4,1,64,0.25,identity,1,0.0137562889598958,0.9303096258990338,0.0651665746281177,4
4,1,64,0.25,identity,3,0.0816455937791115,0.9333012509790783,0.1163467686666502,4
4,1,64,0.25,relu,0,0.0416447313148386,0.9548192681039386,0.091724396889236,6
4,1,64,0.25,relu,2,0.1728039538901141,0.954383204102185,0.1951498000928616,6
4,1,64,0.25,relu,4,0.0681343883510866,0.9549361527467378,0.0956523222928973,6
4,1,64,0.5,identity,1,0.0229870910725386,0.9508015521735756,0.0594787335568777,4
4,1,64,0.5,identity,3,0.0510543302601246,0.952191073900318,0.1250974367236995,4
4,1,64,0.5,relu,0,0.1861174739922543,0.95885121395584,0.1523162376690643,6
4,1,64,0.5,relu,2,0.3368962403854071,0.966493866040621,0.2564125243564708,5
4,1,64,0.5,relu,4,0.1849130058609162,0.9575139556127344,0.1306531735065924,6
4,1,64,0.75,identity,1,0.0910324056913,0.9655154997435366,0.0947280793311331,4
4,1,64,0.75,identity,3,0.2670717683091164,0.9710753424154872,0.2407713253416038,4
4,1,64,0.75,relu,0,0.2801363148477091,0.96179705291242,0.1003090692195971,6
4,1,64,0.75,relu,2,0.4462882908714569,0.9655062660616054,0.2423776342020635,5
4,1,64,0.75,relu,4,0.4696568980350379,0.9681354676367886,0.1209960943948045,5
4,1,64,1.0,identity,1,0.7129885606184814,0.9966426044088568,0.2392536669157521,1
4,1,64,1.0,identity,3,0.5052060561752196,0.995883241634058,0.0579164483727431,1
4,1,64,1.0,relu,0,0.5579956167958314,0.9754892940432418,0.0502245991502245,1
4,1,64,1.0,relu,2,0.8408081126699191,0.9788824598199496,0.1412759262276113,1
4,1,64,1.0,relu,4,0.8918680968265356,0.9743935633340504,0.1995137878581808,1
4,1,96,0.0,identity,1,0.0178286568268353,0.7937391097880931,0.1198797867955146,4
4,1,96,0.0,identity,3,0.031235609518089,0.8081702920896012,0.1221258761051497,4
4,1,96,0.0,relu,0,0.0400480131346188,0.8544789931850202,0.0963160747865726,6
4,1,96,0.0,relu,2,0.0324067240404242,0.9038441581297604,0.1424332903024158,6
4,1,96,0.0,relu,4,0.0572668724355156,0.8617761446386669,0.1180868704483403,6
4,1,96,0.25,identity,1,0.0283723511741192,0.9195866561848668,0.0483286246199284,4
4,1,96,0.25,identity,3,0.0465355200966583,0.9415298797746052,0.0873282195204329,4
4,1,96,0.25,relu,0,0.0397624135176333,0.9514354611947268,0.0900609050191002,5
4,1,96,0.25,relu,2,0.1685105922312696,0.9560494778501946,0.1852339623558965,6
4,1,96,0.25,relu,4,0.0570474640184799,0.9562113748984468,0.0901062688099599,6
4,1,96,0.5,identity,1,0.0405677429287949,0.9604993854631604,0.0395833308524313,4
4,1,96,0.5,identity,3,0.0369751436555117,0.9624389882906508,0.0838838299469068,4
4,1,96,0.5,relu,0,0.2250377259020802,0.9654007093355432,0.128273992238344,6
4,1,96,0.5,relu,2,0.3815166454182752,0.9617069390908172,0.3348846641857477,5
4,1,96,0.5,relu,4,0.1914597827697191,0.962419062927195,0.1059939557573321,6
4,1,96,0.75,identity,1,0.1284142256230786,0.975224478672674,0.1138235424238851,4
4,1,96,0.75,identity,3,0.2038771892769405,0.9824593926906215,0.1244733692607773,4
4,1,96,0.75,relu,0,0.3283980850041347,0.9580409067534712,0.1637409875648052,6
4,1,96,0.75,relu,2,0.5442219332620967,0.9689839901641112,0.3118607269623937,4
4,1,96,0.75,relu,4,0.4458795805484793,0.9710825040873388,0.130624050590734,5
4,1,96,1.0,identity,1,0.7569853698487845,0.9950295428079404,0.1511117543128506,1
4,1,96,1.0,identity,3,0.7706388238564134,0.992402322339348,0.1752924190860578,1
4,1,96,1.0,relu,0,0.6071418227326919,0.974265838632278,0.0755298710264587,1
4,1,96,1.0,relu,2,0.7645364810360273,0.983600566723282,0.0771615512949631,1
4,1,96,1.0,relu,4,0.865676503417388,0.98040877144702,0.1343895105259886,1
4,2,16,0.0,identity,1,0.0080146223204127,0.4076388213144057,0.1861413691122884,3
4,2,16,0.0,identity,3,0.0104535848446283,0.4944519909732348,0.1492565401644445,3
4,2,16,0.0,relu,0,0.0315324606872621,0.7501513912010946,0.1313009454493653,4
4,2,16,0.0,relu,2,0.0220539228488197,0.7856669980009946,0.1025492656307382,4
4,2,16,0.0,relu,4,0.029495201461369,0.7674174329084249,0.2037472303435928,4
4,2,16,0.25,identity,1,0.0242909579319292,0.9059434288328672,0.0473584155928123,4
4,2,16,0.25,identity,3,0.0126262549627851,0.9314813371873883,0.0659292158901557,3
4,2,16,0.25,relu,0,0.0501967372216922,0.9305190154550754,0.095739964769071,4
4,2,16,0.25,relu,2,0.0542492507052791,0.9284384395839536,0.1874749139676663,4
4,2,16,0.25,relu,4,0.0350046904715373,0.8845112368055676,0.1046019603653534,4
4,2,16,0.5,identity,1,0.020126469254054,0.9486294079781348,0.0545998670616681,4
4,2,16,0.5,identity,3,0.017077001546948,0.9613582023918056,0.0407531010156943,3
4,2,16,0.5,relu,0,0.2070470401668849,0.9533957405893836,0.1869922362673752,5
4,2,16,0.5,relu,2,0.0908684476651047,0.9390898154925196,0.1137897607974753,4
4,2,16,0.5,relu,4,0.1154962528482285,0.914671143712196,0.1430965408233533,4
4,2,16,0.75,identity,1,0.09564392786668,0.9695653862582144,0.0755023219538516,4
4,2,16,0.75,identity,3,0.061071097070406,0.984297947823637,0.1384618850420668,4
4,2,16,0.75,relu,0,0.3529778799725824,0.968777431274903,0.1734303488919373,4
4,2,16,0.75,relu,2,0.1484933740345965,0.9593349182437187,0.119955787048686,3
4,2,16,0.75,relu,4,0.3862957326719773,0.9454053473177736,0.2689862708079112,4
4,2,16,1.0,identity,1,0.6424026553054022,0.9975777084428749,0.0677956618106038,1
4,2,16,1.0,identity,3,0.6601124766261206,0.994465822512494,0.076587158927051,1
4,2,16,1.0,relu,0,0.7711278837545927,0.9769880762485804,0.2974476980321973,2
4,2,16,1.0,relu,2,0.4805931924716799,0.9766296942461252,0.1759679421223146,1
4,2,16,1.0,relu,4,0.7016599161703864,0.9690649247177022,0.1758546387063956,1
4,2,32,0.0,identity,1,0.0176437694527318,0.6136765042779351,0.1774861075442228,4
4,2,32,0.0,identity,3,0.0140375620020482,0.5508631627990463,0.219688377205268,4
4,2,32,0.0,relu,0,0.0326125329489343,0.743947503043786,0.1277360846662148,6
4,2,32,0.0,relu,2,0.0626588942199262,0.821294534982095,0.1275880272667078,5
4,2,32,0.0,relu,4,0.0501444167568124,0.7856343558687305,0.1103495019695496,5
4,2,32,0.25,identity,1,0.0077433172523854,0.9099407385991488,0.0614940212294884,4
4,2,32,0.25,identity,3,0.0172778678769622,0.937579594346389,0.0714568609302873,4
4,2,32,0.25,relu,0,0.0809799924304786,0.9370831619065472,0.0932446865276987,5
4,2,32,0.25,relu,2,0.0860435785881505,0.9313716749618652,0.1333831853178042,5
4,2,32,0.25,relu,4,0.0201737551328399,0.9148952902972324,0.1026557704970814,5
4,2,32,0.5,identity,1,0.0383434368891131,0.9379382563368892,0.0823837105878103,4
4,2,32,0.5,identity,3,0.025065017136167,0.9617258074596932,0.0622455258116379,4
4,2,32,0.5,relu,0,0.1632840583169035,0.9526289389426033,0.1251881559876438,5
4,2,32,0.5,relu,2,0.071571868407003,0.9489164256958954,0.1240137425895337,5
4,2,32,0.5,relu,4,0.1281369337702269,0.9341774714023836,0.122190569166185,5
4,2,32,0.75,identity,1,0.1032321425363712,0.972329582678674,0.1492203567807645,4
4,2,32,0.75,identity,3,0.1736793059985143,0.9730851121421208,0.0769917743012,4
4,2,32,0.75,relu,0,0.3129081545527473,0.968644504342262,0.1723814023707309,4
4,2,32,0.75,relu,2,0.1469733493667889,0.957590231272214,0.133137339208179,4
4,2,32,0.75,relu,4,0.4471162530341191,0.9541003676527108,0.2526748301736747,4
4,2,32,1.0,identity,1,0.830034746037797,0.9955346416869856,0.2961476877924252,1
4,2,32,1.0,identity,3,0.8005918910427133,0.994052221931448,0.3017533862465177,2
4,2,32,1.0,relu,0,0.7545713223242323,0.978594963383194,0.2834149127604808,2
4,2,32,1.0,relu,2,0.6260525080174194,0.9753546886947598,0.3696083965786697,2
4,2,32,1.0,relu,4,0.7639904612087834,0.95962389739692,0.3600975627631287,1
4,2,64,0.0,identity,1,0.0462576632464645,0.6361980203902339,0.1643088025268767,4
4,2,64,0.0,identity,3,0.0179196983756019,0.688709403989051,0.1319663136331261,4
4,2,64,0.0,relu,0,0.0161961117153656,0.814660981389688,0.0744926229937446,5
4,2,64,0.0,relu,2,0.0245262623734498,0.837215208964671,0.1019292547485952,6
4,2,64,0.0,relu,4,0.0201104176955678,0.7493409401422199,0.1198421114748938,6
4,2,64,0.25,identity,1,0.0385010458371171,0.911358416911341,0.0598690367043235,4
4,2,64,0.25,identity,3,0.0187239753556987,0.9360185583196582,0.0505166155594886,4
4,2,64,0.25,relu,0,0.0470620703401807,0.9464096708783176,0.0949728020563037,6
4,2,64,0.25,relu,2,0.0297662227747531,0.9424323595919044,0.1270529892229767,5
4,2,64,0.25,relu,4,0.0397436281672543,0.9311917508661802,0.0939339952902778,6
4,2,64,0.5,identity,1,0.0696146304306229,0.9462925164108796,0.0885941678338878,4
4,2,64,0.5,identity,3,0.0245805255855918,0.9601379697952216,0.0518292317533428,4
4,2,64,0.5,relu,0,0.1697642957755944,0.9550693213947632,0.1720747968723608,6
4,2,64,0.5,relu,2,0.0454000133848065,0.9521543544090352,0.0981669793974516,5
4,2,64,0.5,relu,4,0.1465948838684203,0.9333720574480808,0.1507290820651727,6
4,2,64,0.75,identity,1,0.1353862910525329,0.9605174047596952,0.1110620845858208,4
4,2,64,0.75,identity,3,0.0408425679148904,0.9805329825518464,0.0749757634032111,4
4,2,64,0.75,relu,0,0.2740252743531129,0.9674385629776748,0.1748002034589347,5
4,2,64,0.75,relu,2,0.1920253911164341,0.96688849044676,0.1328761795282684,5
4,2,64,0.75,relu,4,0.3683731303392757,0.9533186680642632,0.2630703568896547,4
4,2,64,1.0,identity,1,0.8179104604099856,0.994813905132477,0.1349449659013352,1
4,2,64,1.0,identity,3,0.7143247867521018,0.9916746734192587,0.1027494696062523,1
4,2,64,1.0,relu,0,0.6925983622708028,0.9812364703081904,0.2480946209641278,2
4,2,64,1.0,relu,2,0.5925196745389694,0.976280154207116,0.2555758712969412,2
4,2,64,1.0,relu,4,0.7053418407734147,0.9630353635904548,0.1980104550695941,1
4,2,96,0.0,identity,1,0.0147688152976002,0.7470094592591715,0.1012417477918604,4
4,2,96,0.0,identity,3,0.0219319163977811,0.8049400612482709,0.1044567711985155,4
4,2,96,0.0,relu,0,0.0167938911293365,0.8359341349646667,0.0839706852337289,6
4,2,96,0.0,relu,2,0.0239066532067874,0.841936626367203,0.1133501090903134,7
4,2,96,0.0,relu,4,0.0199291010237139,0.7866871030927244,0.1041293037857068,6
4,2,96,0.25,identity,1,0.0376903721085371,0.9224061432736576,0.0469026048860785,4
4,2,96,0.25,identity,3,0.0172348454997183,0.9392127760304824,0.0510703869667123,3
4,2,96,0.25,relu,0,0.048754825419529,0.947455590056893,0.0991765632368319,6
4,2,96,0.25,relu,2,0.0263323992507833,0.943712668547146,0.1408144502462898,5
4,2,96,0.25,relu,4,0.0328088528645153,0.9197700202444674,0.0831141814469985,5
4,2,96,0.5,identity,1,0.0230291990835135,0.954196873688854,0.0663029226559761,4
4,2,96,0.5,identity,3,0.0097543863302777,0.9622241165032618,0.0430867387640379,4
4,2,96,0.5,relu,0,0.1227512806627259,0.959478354343563,0.1290354200799124,6
4,2,96,0.5,relu,2,0.0471958558677949,0.9542201469595232,0.0748042460807122,5
4,2,96,0.5,relu,4,0.1451771395873169,0.9291464402257664,0.1812630094980628,5
4,2,96,0.75,identity,1,0.1164548774476376,0.9713699880990072,0.0797180982966798,4
4,2,96,0.75,identity,3,0.0885186907739286,0.9791148664401084,0.0809872462281239,4
4,2,96,0.75,relu,0,0.267670678037874,0.9694172113372346,0.1300901317550916,5
4,2,96,0.75,relu,2,0.1748683233880716,0.9685783634557394,0.1306312156422975,5
4,2,96,0.75,relu,4,0.4246179960703473,0.951584758188365,0.3053369252514822,4
4,2,96,1.0,identity,1,0.8605914641328269,0.9929568048715492,0.2295256207208457,1
4,2,96,1.0,identity,3,0.7576661737835568,0.9903669420369878,0.1144292208125232,1
4,2,96,1.0,relu,0,0.7274454026739994,0.9808151357273374,0.2723776387867685,2
4,2,96,1.0,relu,2,0.537241769397338,0.9763240015062182,0.2663162272818287,2
4,2,96,1.0,relu,4,0.7548806016982976,0.9696742006867636,0.3358789158094633,1
4,32,16,0.0,identity,1,0.024717700842238,0.6916047395738198,0.2319788798815883,4
4,32,16,0.0,identity,3,0.0136359067703087,0.7552880471533501,0.1357238525822795,3
4,32,16,0.0,relu,0,0.2269666989078895,0.872059569391873,0.5973810098953034,4
4,32,16,0.0,relu,2,0.1631856668584512,0.8657861427304823,0.3859841590404937,3
4,32,16,0.0,relu,4,0.1254368575864274,0.8877606393850747,0.4058928475702603,4
4,32,16,0.25,identity,1,0.0376985422462125,0.946777479292244,0.0612986371197751,4
4,32,16,0.25,identity,3,0.0203798667664505,0.95910236738654,0.034182262946718,3
4,32,16,0.25,relu,0,0.2887714156687312,0.9475220976289778,0.3794827863383726,4
4,32,16,0.25,relu,2,0.1658310678095477,0.94644824752297,0.1629820063568824,3
4,32,16,0.25,relu,4,0.3576300435339157,0.953849852829014,0.3467206649091237,4
4,32,16,0.5,identity,1,0.037105428046522,0.972103927763544,0.0373867364178312,4
4,32,16,0.5,identity,3,0.0174541937368301,0.9775219994087264,0.0245846333811678,3
4,32,16,0.5,relu,0,0.36388149649112,0.9718180866556948,0.2460219176904939,4
4,32,16,0.5,relu,2,0.2626128141657819,0.9669194919705956,0.2008792099879665,4
4,32,16,0.5,relu,4,0.3122242043697934,0.969444628924962,0.2479711985631883,3
4,32,16,0.75,identity,1,0.0334523878953799,0.9854201194859812,0.027867559797921,4
4,32,16,0.75,identity,3,0.0212940100073352,0.9882636632785556,0.0210448702986006,3
4,32,16,0.75,relu,0,0.4992400904643826,0.9772336321635592,0.2641920898646909,4
4,32,16,0.75,relu,2,0.2496005764639895,0.9779127382012224,0.1341689575733824,3
4,32,16,0.75,relu,4,0.372601932798704,0.9789370963740676,0.1909579069048254,3
4,32,16,1.0,identity,1,0.5782855535551921,0.9977362377666066,0.0620877300106967,2
4,32,16,1.0,identity,3,0.4279700133766982,0.998388067042978,0.3879020102933441,3
4,32,16,1.0,relu,0,0.5883176630239068,0.986431232850319,0.1304399050729351,1
4,32,16,1.0,relu,2,0.5286245656912111,0.987121399029605,0.1213899836897282,2
4,32,16,1.0,relu,4,0.629143846854236,0.9880090884158848,0.189449200841358,2
4,32,32,0.0,identity,1,0.0043765145345731,0.403827178431147,0.1144726711670959,4
4,32,32,0.0,identity,3,0.004614837583944,0.4746885808958199,0.0775705154353133,3
4,32,32,0.0,relu,0,0.0149228831982966,0.650641017019781,0.1136016697393165,4
4,32,32,0.0,relu,2,0.022823291820214,0.6222069549360053,0.1122083905997513,4
4,32,32,0.0,relu,4,0.014486055520979,0.6711782206751783,0.1616771115871486,4
4,32,32,0.25,identity,1,0.0049407511964165,0.8738182124439494,0.0275744974874334,4
4,32,32,0.25,identity,3,0.0045527558975325,0.8940166155367336,0.0179114451268664,3
4,32,32,0.25,relu,0,0.032322294194556,0.8926013363140991,0.0762651347418573,4
4,32,32,0.25,relu,2,0.0156738526271157,0.8853057717028834,0.0385812753266181,4
4,32,32,0.25,relu,4,0.0240308495421801,0.90214729156709,0.0551837146772317,4
4,32,32,0.5,identity,1,0.0056442516227296,0.9283019876709356,0.0227657131767208,4
4,32,32,0.5,identity,3,0.0053620105928433,0.9404456881621168,0.0148005512413608,3
4,32,32,0.5,relu,0,0.0855522668276453,0.9403334419856106,0.1243310231786327,4
4,32,32,0.5,relu,2,0.0313751986605435,0.9308815047606288,0.0451985967151371,4
4,32,32,0.5,relu,4,0.0461676194395268,0.9381278437228512,0.0623520735991048,4
4,32,32,0.75,identity,1,0.0101051678673222,0.9621571376655922,0.0173792886311309,4
4,32,32,0.75,identity,3,0.0093553978992853,0.9708599018994766,0.0180487387041886,3
4,32,32,0.75,relu,0,0.2101207242949038,0.9643274813482232,0.170562095239819,4
4,32,32,0.75,relu,2,0.0839251123772033,0.9595583680643418,0.0659572348751532,4
4,32,32,0.75,relu,4,0.1058224504592275,0.9652899610314972,0.0856830309890274,4
4,32,32,1.0,identity,1,0.4588298838368309,0.997915344084146,0.0648087223737479,2
4,32,32,1.0,identity,3,0.6016154931935466,0.9969399660178272,0.2401702919576021,3
4,32,32,1.0,relu,0,0.7035882574400629,0.9839960998604652,0.1773113551062426,2
4,32,32,1.0,relu,2,0.4376022795854359,0.9890023663321093,0.0719980541231248,2
4,32,32,1.0,relu,4,0.5610671334882065,0.9887216252538386,0.1244444106529581,2
4,32,64,0.0,identity,1,0.005808430139467,0.5485929930851144,0.0721802682590687,4
4,32,64,0.0,identity,3,0.0053869095538254,0.62152721012458,0.0661163707144966,4
4,32,64,0.0,relu,0,0.010020584819491,0.8051775729745625,0.0618805308068966,5
4,32,64,0.0,relu,2,0.0081394985586061,0.8113759222795676,0.0519021611884548,5
4,32,64,0.0,relu,4,0.010941867274232,0.8280273767771278,0.0584131936523539,5
4,32,64,0.25,identity,1,0.0049936215189049,0.8567274314249734,0.0280962064898318,4
4,32,64,0.25,identity,3,0.0072386879045059,0.8820776831746606,0.0317526473008838,4
4,32,64,0.25,relu,0,0.023522640696846,0.9167188274539644,0.0540819443285177,5
4,32,64,0.25,relu,2,0.0081939238715073,0.914242162057808,0.0249983630217037,4
4,32,64,0.25,relu,4,0.0155533506518632,0.9193581551857032,0.0464836879485276,5
4,32,64,0.5,identity,1,0.0062085378815473,0.9141736825263876,0.0266974742055968,4
4,32,64,0.5,identity,3,0.0069463322384103,0.9342190370691656,0.0186315635389115,3
4,32,64,0.5,relu,0,0.0546369583586632,0.9437839383783804,0.083013651731493,5
4,32,64,0.5,relu,2,0.0158221494521589,0.9389121845078068,0.0283783213042879,4
4,32,64,0.5,relu,4,0.0462843230356623,0.9457724097713882,0.0647149317707385,5
4,32,64,0.75,identity,1,0.0106142724757009,0.9547936196343976,0.0306317139481656,4
4,32,64,0.75,identity,3,0.011648430824295,0.9662274439932726,0.0229264071326904,3
4,32,64,0.75,relu,0,0.1240380475346487,0.9646159099189195,0.1079365584817409,5
4,32,64,0.75,relu,2,0.0603865420498229,0.9628790910888252,0.0552974264793352,5
4,32,64,0.75,relu,4,0.1044059850903787,0.9637428835279463,0.1024739381214633,5
4,32,64,1.0,identity,1,0.4625593204560068,0.9966999560761324,0.0942458651380579,2
4,32,64,1.0,identity,3,0.4812753612447567,0.9966033293750604,0.0370959594667491,2
4,32,64,1.0,relu,0,0.7031059823035943,0.9848826649923572,0.19383632853853,2
4,32,64,1.0,relu,2,0.3849964840395734,0.9890397856485972,0.0635486859082801,2
4,32,64,1.0,relu,4,0.5277174564632943,0.988121009195614,0.1622938270797339,2
4,32,96,0.0,identity,1,0.0055763613215491,0.566143491576779,0.0700174079964217,4
4,32,96,0.0,identity,3,0.0065517541302579,0.6469788607988688,0.0657374387912713,4
4,32,96,0.0,relu,0,0.0059624469800682,0.8459510757094449,0.0387036643035439,5
4,32,96,0.0,relu,2,0.005282410600258,0.8468746798021737,0.0364588150423047,5
4,32,96,0.0,relu,4,0.0056240208161995,0.8518337061993277,0.0368294738467398,5
4,32,96,0.25,identity,1,0.0053228344344965,0.8638533999169176,0.0310530315071873,4
4,32,96,0.25,identity,3,0.0062746447814076,0.888744479554666,0.0262790399545026,4
4,32,96,0.25,relu,0,0.0133838279559672,0.9290159266560014,0.0367210333744174,5
4,32,96,0.25,relu,2,0.0086977202949989,0.9298954418496708,0.0270375785625292,5
4,32,96,0.25,relu,4,0.0120799464630652,0.9305962804472372,0.0338844488961544,5
4,32,96,0.5,identity,1,0.0068249402308545,0.9170676160854524,0.0282807190951058,4
4,32,96,0.5,identity,3,0.0092066401722173,0.9305699430040928,0.0225074518438077,4
4,32,96,0.5,relu,0,0.0404211938582883,0.952184943596556,0.0541667226205307,5
4,32,96,0.5,relu,2,0.0268551259691337,0.9507043343728844,0.0355752207809444,5
4,32,96,0.5,relu,4,0.0350126436935001,0.9519940115177348,0.0467386268591302,5
4,32,96,0.75,identity,1,0.009251585181542,0.9594614939254532,0.0282466079182347,4
4,32,96,0.75,identity,3,0.0091686456930535,0.966987746481017,0.0147340324599702,3
4,32,96,0.75,relu,0,0.1250624900270427,0.969825699156795,0.0950521065379835,5
4,32,96,0.75,relu,2,0.0568127613113493,0.9651220547924754,0.0477355263362948,5
4,32,96,0.75,relu,4,0.1076691188221963,0.9689320143854414,0.0828135770053076,5
4,32,96,1.0,identity,1,0.490074507251775,0.9973414132022164,0.0560835422299761,3
4,32,96,1.0,identity,3,0.5024357116224897,0.9959834221881884,0.0692957284327633,2
4,32,96,1.0,relu,0,0.606404366370055,0.9857512015337913,0.1768695512187333,2
4,32,96,1.0,relu,2,0.5644697430182216,0.98769237074487,0.0909300655127354,3
4,32,96,1.0,relu,4,0.536916223081647,0.9882127167972246,0.1543717927398229,2
4,4,16,0.0,identity,1,0.0109379720284467,0.3359537138162257,0.2942640373910669,4
4,4,16,0.0,identity,3,0.0110053129016502,0.3516700042673756,0.2882060842572438,4
4,4,16,0.0,relu,0,0.0317545952709425,0.7702711085967581,0.1985957488113317,4
4,4,16,0.0,relu,2,0.0133154376614771,0.7389536709910813,0.1050845518026782,4
4,4,16,0.0,relu,4,0.0184152923172351,0.7387967966420278,0.1091484264249134,4
4,4,16,0.25,identity,1,0.0205479356242184,0.9066999811429308,0.0501718082267759,4
4,4,16,0.25,identity,3,0.0094499369011274,0.9337257393717604,0.0260861809187784,3
4,4,16,0.25,relu,0,0.0512624601231815,0.9288059419572368,0.1366287474058597,4
4,4,16,0.25,relu,2,0.0623320077920145,0.9173602880296684,0.1684012486715093,4
4,4,16,0.25,relu,4,0.0784846564462122,0.921683750259872,0.0937565373472106,4
4,4,16,0.5,identity,1,0.011270618054898,0.957175216735512,0.0230820911917653,4
4,4,16,0.5,identity,3,0.0069692393555212,0.9628235206406472,0.0251834761673553,3
4,4,16,0.5,relu,0,0.1434411039102505,0.9614508223786205,0.179783068851098,4
4,4,16,0.5,relu,2,0.0963215246547967,0.9513801288602348,0.0922996758114966,4
4,4,16,0.5,relu,4,0.0832390743643183,0.9480074544547792,0.100049666268658,4
4,4,16,0.75,identity,1,0.0112175477210922,0.975568530534922,0.0372499728175667,4
4,4,16,0.75,identity,3,0.0174028955927146,0.9811943274765408,0.0264116304680124,4
4,4,16,0.75,relu,0,0.2874154952503683,0.9760963797038478,0.1453692022389829,4
4,4,16,0.75,relu,2,0.2609078498585089,0.9723364926787708,0.1736714744991024,3
4,4,16,0.75,relu,4,0.2690113957265996,0.97556537960937,0.1188794272623234,4
4,4,16,1.0,identity,1,0.7081263579411515,0.9963397665082728,0.0371616490179033,1
4,4,16,1.0,identity,3,0.5438918611695654,0.9974353580850048,0.3850145254112559,2
4,4,16,1.0,relu,0,0.6412723319936574,0.9881187069989849,0.1289550306825378,2
4,4,16,1.0,relu,2,0.5204724926274554,0.9818935803324054,0.1421809596919867,2
4,4,16,1.0,relu,4,0.5272404158392106,0.9845498207163398,0.0629922277100933,1
4,4,32,0.0,identity,1,0.0125893622663354,0.4733578143756585,0.1801914400660909,4
4,4,32,0.0,identity,3,0.0245576311057532,0.4421726288616046,0.2182920130777042,4
4,4,32,0.0,relu,0,0.0140119396762558,0.739087288168684,0.0897884978821509,5
4,4,32,0.0,relu,2,0.0286783081475933,0.8126302420340779,0.0965721892031827,5
4,4,32,0.0,relu,4,0.0155140983432605,0.8171694278744933,0.0805647656742729,5
4,4,32,0.25,identity,1,0.0111384212544071,0.9130361110021386,0.0534956411268368,4
4,4,32,0.25,identity,3,0.0088289360376322,0.9271401957374938,0.0442951335257762,4
4,4,32,0.25,relu,0,0.0639309075379575,0.9426681208407324,0.0677674299197901,5
4,4,32,0.25,relu,2,0.0189337868220672,0.935551564084772,0.0531411794347698,4
4,4,32,0.25,relu,4,0.0348457261814467,0.9384558151453568,0.0505442646550642,4
4,4,32,0.5,identity,1,0.0124127525353119,0.949265090223522,0.0770512121829417,4
4,4,32,0.5,identity,3,0.0138781001304309,0.9629816533804714,0.0336463301869708,4
4,4,32,0.5,relu,0,0.0817081863228472,0.963070352804702,0.08424826124294,5
4,4,32,0.5,relu,2,0.0912493530590919,0.9591352564365137,0.0843644735480966,5
4,4,32,0.5,relu,4,0.0872781562872933,0.9501371852877928,0.076454118880675,5
4,4,32,0.75,identity,1,0.0276338613809446,0.9728229169982928,0.0350199752991239,4
4,4,32,0.75,identity,3,0.0212666015046278,0.9788279908613772,0.0332429349233054,4
4,4,32,0.75,relu,0,0.1614365674463606,0.976164292422208,0.0964926256994506,4
4,4,32,0.75,relu,2,0.1690443879319309,0.9694680155391884,0.0879946440755374,4
4,4,32,0.75,relu,4,0.1675543495384538,0.9653900810278956,0.0762713065740034,5
4,4,32,1.0,identity,1,0.7926304439659833,0.9966375517577764,0.0873166797523107,2
4,4,32,1.0,identity,3,0.4961643640752556,0.996340047736776,0.1121759065537342,2
4,4,32,1.0,relu,0,0.5676888950126329,0.9887357238298284,0.11745072655845,2
4,4,32,1.0,relu,2,0.4440485315003519,0.9813318623063264,0.1283344498086428,2
4,4,32,1.0,relu,4,0.5408332857156873,0.9841833400118204,0.0814854652246023,2
4,4,64,0.0,identity,1,0.0171485387122571,0.5225269030340036,0.1650796951407563,4
4,4,64,0.0,identity,3,0.0094348499240898,0.5961588817970688,0.1317005404281327,4
4,4,64,0.0,relu,0,0.015290348078046,0.8195498718067582,0.0634390785424686,5
4,4,64,0.0,relu,2,0.0201581727997712,0.8460125049439193,0.0769440705685195,6
4,4,64,0.0,relu,4,0.0212720819722145,0.8428411737064035,0.0644357738244649,5
4,4,64,0.25,identity,1,0.0247387654550215,0.9155289664780324,0.0557211582787595,4
4,4,64,0.25,identity,3,0.0046307484882143,0.9383273990785628,0.0497543520296737,4
4,4,64,0.25,relu,0,0.0269286539653497,0.947982142186331,0.0523641070679157,5
4,4,64,0.25,relu,2,0.0234251037782625,0.9457079441983492,0.056399162408796,5
4,4,64,0.25,relu,4,0.0294285057960837,0.9403043153671492,0.0439967902474651,5
4,4,64,0.5,identity,1,0.0245471434421775,0.9573553871608308,0.0503012972386655,4
4,4,64,0.5,identity,3,0.0151594804475739,0.9612109814579496,0.0523143569936016,4
4,4,64,0.5,relu,0,0.0509874675492148,0.964009251798008,0.0534250074317438,5
4,4,64,0.5,relu,2,0.0758390218082682,0.9628049231492584,0.067551749241709,6
4,4,64,0.5,relu,4,0.0739999500069812,0.9571371681241172,0.0542276985843751,5
4,4,64,0.75,identity,1,0.0355595879379164,0.976707619357368,0.0391173669531983,4
4,4,64,0.75,identity,3,0.025818366112374,0.9795123456125476,0.0457348828465045,4
4,4,64,0.75,relu,0,0.1428892768370657,0.9738709563245704,0.082958320330291,5
4,4,64,0.75,relu,2,0.1735626921671288,0.969619057805058,0.1089994505399966,6
4,4,64,0.75,relu,4,0.1334573262472575,0.9688008800196256,0.0580204154120782,5
4,4,64,1.0,identity,1,0.5878066513285075,0.9978788005799464,0.0358434838349569,1
4,4,64,1.0,identity,3,0.5333053346116297,0.9958062172728762,0.0709865372807722,2
4,4,64,1.0,relu,0,0.5303549260220257,0.9875405029012908,0.1030517925738249,2
4,4,64,1.0,relu,2,0.5048519906923963,0.983401227530196,0.1512107224912892,3
4,4,64,1.0,relu,4,0.5343011215212615,0.9834130086227236,0.1166234999423935,2
4,4,96,0.0,identity,1,0.0101839972657627,0.6134087044665651,0.104073419172,4
4,4,96,0.0,identity,3,0.0099333724187653,0.729190801327248,0.0841342951919596,4
4,4,96,0.0,relu,0,0.0208412318717373,0.8500045793962665,0.060071080987182,6
4,4,96,0.0,relu,2,0.0210133085329238,0.8536718485084848,0.0755364466767832,6
4,4,96,0.0,relu,4,0.0231888411382638,0.8083206232525255,0.0747345429256088,6
4,4,96,0.25,identity,1,0.0096808986392898,0.9129489204837244,0.0478901786880419,4
4,4,96,0.25,identity,3,0.0157994695955214,0.9336310935155212,0.0492570339699598,4
4,4,96,0.25,relu,0,0.0165439429338275,0.953782729048612,0.0414409830196148,5
4,4,96,0.25,relu,2,0.0184321110847733,0.9523583767088992,0.0458019374966786,5
4,4,96,0.25,relu,4,0.0292283230044469,0.945323623362617,0.0482677913789512,5
4,4,96,0.5,identity,1,0.0071361654555578,0.9534063864902956,0.0353010383977071,4
4,4,96,0.5,identity,3,0.0074816490058546,0.9646505335768554,0.0414025914747114,4
4,4,96,0.5,relu,0,0.0763972574843414,0.9695086883907492,0.0700489092918952,6
4,4,96,0.5,relu,2,0.0447502971783789,0.967686397312053,0.0642685910733806,6
4,4,96,0.5,relu,4,0.0552011616776659,0.9602682310561196,0.0526652259803987,5
4,4,96,0.75,identity,1,0.01883355388913,0.9746256452213324,0.0353364234858555,4
4,4,96,0.75,identity,3,0.0145064277596116,0.9805375510019212,0.0433824923730952,4
4,4,96,0.75,relu,0,0.151870005454611,0.9751855315669048,0.0874738208213369,5
4,4,96,0.75,relu,2,0.1742323799575654,0.9734125971801864,0.1168762085641362,6
4,4,96,0.75,relu,4,0.1165911865300658,0.9694840618199462,0.0558325982935575,5
4,4,96,1.0,identity,1,0.8034971868338515,0.9956102350502574,0.1180800867259734,2
4,4,96,1.0,identity,3,0.5776825818384429,0.995213091993574,0.0795018448716746,2
4,4,96,1.0,relu,0,0.4820590296358567,0.9880747184024188,0.0894248914385434,2
4,4,96,1.0,relu,2,0.4112757215379076,0.984461663948796,0.1030556533483317,2
4,4,96,1.0,relu,4,0.5074425291444842,0.9840383888996662,0.0924465822505132,2
4,8,16,0.0,identity,1,0.0046587849542025,0.262079753084291,0.2564698675866157,4
4,8,16,0.0,identity,3,0.0070646672596659,0.3102457869966684,0.2225296285268085,3
4,8,16,0.0,relu,0,0.0217493974500452,0.7781796203570327,0.2654987574627221,4
4,8,16,0.0,relu,2,0.0307366792506262,0.8034434343749027,0.1350770347898337,4
4,8,16,0.0,relu,4,0.0320288822384676,0.7972295687794063,0.2154260401056306,4
4,8,16,0.25,identity,1,0.003254727583188,0.8908373108616429,0.0277961865617388,4
4,8,16,0.25,identity,3,0.0045727789747211,0.8970487706739371,0.0237685992379351,3
4,8,16,0.25,relu,0,0.0308235021794249,0.8880166135095722,0.099449409969057,4
4,8,16,0.25,relu,2,0.0963975862563627,0.9262920718392568,0.1819932696836179,4
4,8,16,0.25,relu,4,0.1090587107927673,0.9271257784113276,0.2203335004424447,4
4,8,16,0.5,identity,1,0.0089441614670895,0.947580416076747,0.0214110361534894,4
4,8,16,0.5,identity,3,0.004035935266766,0.9465127631958092,0.0159103036490373,3
4,8,16,0.5,relu,0,0.1834688771688969,0.9536173861824512,0.2169702690384214,4
4,8,16,0.5,relu,2,0.1785108132492387,0.9526963541541482,0.1536393438864401,3
4,8,16,0.5,relu,4,0.2531779828420392,0.948138591817976,0.1909679508447796,4
4,8,16,0.75,identity,1,0.0162250938227313,0.9740656639141332,0.034162918381184,4
4,8,16,0.75,identity,3,0.0096400603869263,0.9705204944478673,0.0169047232517257,3
4,8,16,0.75,relu,0,0.30701787068343,0.9658738854060857,0.1475007043301196,4
4,8,16,0.75,relu,2,0.3428572611946642,0.9710235224300507,0.1434479449238432,3
4,8,16,0.75,relu,4,0.3360226494400231,0.9728452996149304,0.1401244371398481,3
4,8,16,1.0,identity,1,0.4935454503200779,0.9958471911077258,0.0888197195356025,2
4,8,16,1.0,identity,3,0.3910864718043952,0.9952922314720318,0.0667716610341356,1
4,8,16,1.0,relu,0,0.5833611248653215,0.9808983617567664,0.1297757543677184,2
4,8,16,1.0,relu,2,0.6775952720154513,0.9846263140681774,0.123077668728628,2
4,8,16,1.0,relu,4,0.5996469682029817,0.9883112640290904,0.0828795243841596,2
4,8,32,0.0,identity,1,0.0087507001333656,0.4032330524921227,0.1678102746730627,4
4,8,32,0.0,identity,3,0.0079054117152018,0.4832386615168825,0.1941654796384293,4
4,8,32,0.0,relu,0,0.0161718853687583,0.7692894779193614,0.1155300593335379,5
4,8,32,0.0,relu,2,0.0174114213973309,0.7912660101151469,0.1186636418744602,5
4,8,32,0.0,relu,4,0.0142916484757519,0.8073789805730829,0.084321276787886,5
4,8,32,0.25,identity,1,0.006107074187227,0.8982960461004837,0.037628766271883,4
4,8,32,0.25,identity,3,0.0079017910857009,0.9028064373148716,0.0404982095308709,4
4,8,32,0.25,relu,0,0.0155578247551719,0.9272230720885696,0.0407121665715026,4
4,8,32,0.25,relu,2,0.0297338447187339,0.9267953256870326,0.0702481293714366,5
4,8,32,0.25,relu,4,0.032612597853169,0.9343195405560022,0.0554721109864208,5
4,8,32,0.5,identity,1,0.0086173460143506,0.9452762863430408,0.0343509399621505,4
4,8,32,0.5,identity,3,0.0076911730091775,0.9427747015653972,0.0339227139753829,4
4,8,32,0.5,relu,0,0.0836652300018527,0.9455749423836408,0.0747861120853534,5
4,8,32,0.5,relu,2,0.0310990545516434,0.9547435288754338,0.0401161891538417,4
4,8,32,0.5,relu,4,0.0517497714941271,0.953954036144329,0.066302762293977,4
4,8,32,0.75,identity,1,0.0163726287550557,0.9691921632949548,0.0428964201360712,4
4,8,32,0.75,identity,3,0.0326070723648309,0.961380806394661,0.0493750087938941,4
4,8,32,0.75,relu,0,0.1650323394758441,0.9646930071962558,0.0987356454800386,5
4,8,32,0.75,relu,2,0.1506818644705745,0.9695196410448882,0.0657529209013986,4
4,8,32,0.75,relu,4,0.1367560464579203,0.9723161669148644,0.0586970552258628,4
4,8,32,1.0,identity,1,0.608992438844863,0.9954673956496038,0.2898230286500698,3
4,8,32,1.0,identity,3,0.5225355641803178,0.9934977504926644,0.0773531234998211,1
4,8,32,1.0,relu,0,0.6154439405397982,0.9809686174271464,0.162713742324309,3
4,8,32,1.0,relu,2,0.6815523803719993,0.984359734733922,0.1454489636224041,2
4,8,32,1.0,relu,4,0.602702646477374,0.9886410481298618,0.0789816723118293,2
4,8,64,0.0,identity,1,0.0079743545396685,0.4464031679710916,0.1501336737871524,4
4,8,64,0.0,identity,3,0.0225174794957842,0.5822302390421782,0.1336822504304549,4
4,8,64,0.0,relu,0,0.0119184324381714,0.8149131825478144,0.0567635190867527,5
4,8,64,0.0,relu,2,0.0144399038470965,0.8382128164344205,0.0733317539003743,6
4,8,64,0.0,relu,4,0.0108150032039195,0.8348554541464062,0.0501560454551575,5
4,8,64,0.25,identity,1,0.0115365990527098,0.907694013027746,0.0442156146325889,4
4,8,64,0.25,identity,3,0.0091710738935448,0.9005233097807569,0.0409273452339335,4
4,8,64,0.25,relu,0,0.0134201458634453,0.9341910885802912,0.0418729176234464,5
4,8,64,0.25,relu,2,0.0206448466954478,0.9304406556733714,0.0436458209164568,5
4,8,64,0.25,relu,4,0.029108086499341,0.9398237795618928,0.04614472973657,5
4,8,64,0.5,identity,1,0.0113642067945129,0.9468734684790872,0.0351927837200225,4
4,8,64,0.5,identity,3,0.01266154120045,0.9415524921564616,0.0370226067459783,4
4,8,64,0.5,relu,0,0.0477799682632162,0.9511090209057516,0.0506980068967131,5
4,8,64,0.5,relu,2,0.0688664501891929,0.9547431166470568,0.0502459028982683,5
4,8,64,0.5,relu,4,0.0588492988636871,0.9556653288447144,0.055225106828509,5
4,8,64,0.75,identity,1,0.0195890080476058,0.9711103952317184,0.0494509465896862,4
4,8,64,0.75,identity,3,0.0269212312344572,0.966903375296364,0.0396147064271994,4
4,8,64,0.75,relu,0,0.1262671774602299,0.9644459611611303,0.0777916483554087,5
4,8,64,0.75,relu,2,0.1349853675682862,0.9689405189196072,0.0690177090813519,5
4,8,64,0.75,relu,4,0.0995343794270463,0.9711785646974196,0.0547481993802303,5
4,8,64,1.0,identity,1,0.4943384620449969,0.9951529295629488,0.0904625245576664,2
4,8,64,1.0,identity,3,0.5387908332762927,0.9931946018073728,0.0751762102381233,1
4,8,64,1.0,relu,0,0.5132916792462457,0.9827790851507312,0.1046619149346456,2
4,8,64,1.0,relu,2,0.6125124075058334,0.9847006565576472,0.1256341954366835,2
4,8,64,1.0,relu,4,0.364373756426329,0.9863655358193129,0.0583864642896761,2
4,8,96,0.0,identity,1,0.0061859869602266,0.5660296562381318,0.1122268754881678,4
4,8,96,0.0,identity,3,0.0166276234377445,0.6437018645634598,0.1215166225535305,4
4,8,96,0.0,relu,0,0.0088743871722324,0.8514110335335394,0.0568589485432904,6
4,8,96,0.0,relu,2,0.0192588853556073,0.8424078366272791,0.0630359037955409,6
4,8,96,0.0,relu,4,0.0108642783252821,0.869092372128034,0.0584226954568315,6
4,8,96,0.25,identity,1,0.0053035002851514,0.9045355341838396,0.0352303759465283,4
4,8,96,0.25,identity,3,0.007301846401094,0.909603247536129,0.0435328371348544,4
4,8,96,0.25,relu,0,0.0151017422883595,0.9437134111384512,0.0360638171449932,5
4,8,96,0.25,relu,2,0.0182262201021229,0.9455307456239732,0.0410329649611644,5
4,8,96,0.25,relu,4,0.0150072631768026,0.9457599535587528,0.0305665489346271,5
4,8,96,0.5,identity,1,0.0098292077419718,0.9469272735024222,0.0351376460328819,4
4,8,96,0.5,identity,3,0.0084184990763039,0.9452929224323756,0.031056204041271,4
4,8,96,0.5,relu,0,0.0585987551776171,0.9574999030890502,0.0543154522386645,6
4,8,96,0.5,relu,2,0.0564069319604316,0.9562827554882009,0.0545119872723226,5
4,8,96,0.5,relu,4,0.0422891495435614,0.9591476314597563,0.0424360475283506,5
4,8,96,0.75,identity,1,0.0135157229763507,0.9728297430365472,0.0518011861913889,4
4,8,96,0.75,identity,3,0.0225148476696109,0.9665300944840788,0.0429082464309339,4
4,8,96,0.75,relu,0,0.1382675806209218,0.9672443887544144,0.0739294572271359,6
4,8,96,0.75,relu,2,0.1840610082261342,0.9707863667510974,0.0924569628656878,6
4,8,96,0.75,relu,4,0.0994009528185857,0.9709619051784564,0.0491596895726053,5
4,8,96,1.0,identity,1,0.5355869464109598,0.9965057067005436,0.2649288694169769,2
4,8,96,1.0,identity,3,0.3940430265899826,0.9944706704866292,0.0551910550854516,1
4,8,96,1.0,relu,0,0.5319066612451189,0.9810637029395716,0.1628574190897757,2
4,8,96,1.0,relu,2,0.5318452175437002,0.9873589064931116,0.1335319514548925,3
4,8,96,1.0,relu,4,0.3490208157298775,0.9848149120804413,0.0663443676457465,2
8,16,16,0.0,identity,1,0.0357634334460558,0.5232316801200381,0.2681367041253806,4
8,16,16,0.0,identity,3,0.0225091466617096,0.5718989561898513,0.2406390438120035,4
8,16,16,0.0,relu,0,0.1542451131443266,0.7458982177804288,0.5812185576299435,4
8,16,16,0.0,relu,2,0.1420221108346986,0.8185478254182172,0.4843785130853095,4
8,16,16,0.0,relu,4,0.1508976988406561,0.8092934223211545,0.705849408112918,5
8,16,16,0.25,identity,1,0.0382124831692987,0.9153950661263356,0.0983401631429588,4
8,16,16,0.25,identity,3,0.0192407938189392,0.9058531248068912,0.0637516829210336,4
8,16,16,0.25,relu,0,0.2260552076933196,0.9160808602390362,0.3682163794427858,4
8,16,16,0.25,relu,2,0.1733080121971948,0.9244776198143324,0.3801420785196666,4
8,16,16,0.25,relu,4,0.2570629282036549,0.9431308851880428,0.3975282664184647,5
8,16,16,0.5,identity,1,0.0133630923875653,0.965955489145665,0.0283030109126932,3
8,16,16,0.5,identity,3,0.0259184761965874,0.965746688159396,0.0312627854740271,4
8,16,16,0.5,relu,0,0.2551523820298249,0.9696235666638972,0.2173104883196512,3
8,16,16,0.5,relu,2,0.2466071974548621,0.963139994434119,0.2536925914793152,3
8,16,16,0.5,relu,4,0.296169884363986,0.9751044105907128,0.2545778471816829,4
8,16,16,0.75,identity,1,0.027550652461788,0.987934442228216,0.0218678420487269,3
8,16,16,0.75,identity,3,0.0319315290509311,0.9834943469299424,0.0250704735344225,4
8,16,16,0.75,relu,0,0.4197796259419312,0.9793341115382828,0.2091044556767911,4
8,16,16,0.75,relu,2,0.3014598213558883,0.97927756720742,0.1757024345095083,3
8,16,16,0.75,relu,4,0.4052641513895366,0.9825632691767072,0.1949068916896725,4
8,16,16,1.0,identity,1,0.1973191120997807,0.9968053724087448,0.033442042853166,2
8,16,16,1.0,identity,3,0.2227709847600852,0.9903246084133076,0.0402452663471508,1
8,16,16,1.0,relu,0,0.4989898280161801,0.9881824324430152,0.1193436333476538,2
8,16,16,1.0,relu,2,0.4505608837706263,0.9843383193482927,0.1234073278092345,2
8,16,16,1.0,relu,4,0.4239313975360503,0.987449298364763,0.102071310255142,2
8,16,32,0.0,identity,1,0.0067192940042997,0.4249096074993042,0.1806279206289875,6
8,16,32,0.0,identity,3,0.0072171683776783,0.429175251170725,0.1937228854608299,6
8,16,32,0.0,relu,0,0.0152428489667379,0.7561145566403507,0.1201820355482357,6
8,16,32,0.0,relu,2,0.0186414669333897,0.711216538140615,0.1312038115985734,7
8,16,32,0.0,relu,4,0.0146870786451174,0.6831754155176231,0.1373629986715345,7
8,16,32,0.25,identity,1,0.0049676856957836,0.8987504348523636,0.0271709358480086,5
8,16,32,0.25,identity,3,0.0064625480998061,0.8947600869672241,0.0332473583005149,6
8,16,32,0.25,relu,0,0.0185594660274304,0.9131415705615092,0.0900743950303825,5
8,16,32,0.25,relu,2,0.0261095397033278,0.9089104846182804,0.1037605484197632,6
8,16,32,0.25,relu,4,0.0220477103140508,0.9128785048007309,0.082157498231985,6
8,16,32,0.5,identity,1,0.0073241330417656,0.9441320267040416,0.0291823975813747,6
8,16,32,0.5,identity,3,0.0093602501276982,0.9405483754830652,0.0303769630342855,6
8,16,32,0.5,relu,0,0.0552489166774734,0.9517686758478432,0.0857130171656958,5
8,16,32,0.5,relu,2,0.0404678731718087,0.9438256412924676,0.0894278958477694,6
8,16,32,0.5,relu,4,0.030491239924156,0.9496015347837508,0.0573411990977727,5
8,16,32,0.75,identity,1,0.0108084382460872,0.9698308499178928,0.0226023844152932,5
8,16,32,0.75,identity,3,0.0139253859427546,0.9660994626676024,0.0296274303542528,6
8,16,32,0.75,relu,0,0.1074735520369685,0.9688541002679784,0.1010241783786569,6
8,16,32,0.75,relu,2,0.1002934455021878,0.9642185414683796,0.0907428422451595,6
8,16,32,0.75,relu,4,0.0794760417987331,0.9684196941525008,0.0736361407045344,6
8,16,32,1.0,identity,1,0.2684108048241552,0.9964463913119996,0.0635369754711291,3
8,16,32,1.0,identity,3,0.1108033546903037,0.9903413671547634,0.0477867948403252,1
8,16,32,1.0,relu,0,0.3677624309377879,0.987811786217252,0.0773135166944351,2
8,16,32,1.0,relu,2,0.3253067403134742,0.9848390269848916,0.0742593216176606,2
8,16,32,1.0,relu,4,0.382171924053509,0.9876498668063846,0.0783194241096386,2
8,16,64,0.0,identity,1,0.0093040043363773,0.573955958903548,0.1370604187087167,6
8,16,64,0.0,identity,3,0.0095916964772501,0.5537297197300766,0.1411036836233943,6
8,16,64,0.0,relu,0,0.0086116599932849,0.7891025322510868,0.0591023385332636,7
8,16,64,0.0,relu,2,0.0118920283165978,0.7616549966351928,0.0656081023289972,8
8,16,64,0.0,relu,4,0.014190505732143,0.7930531665935471,0.0676496016726898,9
8,16,64,0.25,identity,1,0.0087710350906458,0.907398266816481,0.0347436600115302,6
8,16,64,0.25,identity,3,0.0097062223937849,0.9021123301981802,0.0336196723629208,6
8,16,64,0.25,relu,0,0.0176311336003565,0.933154320761146,0.0477179670984636,7
8,16,64,0.25,relu,2,0.0135865492938065,0.9281830443604908,0.0426502502966083,7
8,16,64,0.25,relu,4,0.0155847317608054,0.9396939229911474,0.0432896971353471,7
8,16,64,0.5,identity,1,0.0089326141664355,0.9447946404316632,0.0350392884142787,6
8,16,64,0.5,identity,3,0.0149705870823897,0.9424153079564678,0.0379008464716275,6
8,16,64,0.5,relu,0,0.0383555293358781,0.960965958823326,0.053678941273778,7
8,16,64,0.5,relu,2,0.0264536604879372,0.955245603329816,0.0476031808789081,7
8,16,64,0.5,relu,4,0.0395686058446313,0.9631301737567238,0.050855091485969,7
8,16,64,0.75,identity,1,0.0141875500416421,0.9683496992299176,0.0308811165613633,6
8,16,64,0.75,identity,3,0.0287898745293401,0.9663505659816768,0.0405860297489917,6
8,16,64,0.75,relu,0,0.0820282151908859,0.9753496770985244,0.0605897654112655,7
8,16,64,0.75,relu,2,0.0737030339614305,0.9702353998986676,0.0608052881910624,7
8,16,64,0.75,relu,4,0.0702800865174605,0.9750989159915744,0.0556870931725487,7
8,16,64,1.0,identity,1,0.3225397131642064,0.9962307818179922,0.0639574401551052,3
8,16,64,1.0,identity,3,0.1752681370069676,0.9903654002792284,0.0373464442493687,1
8,16,64,1.0,relu,0,0.3044352842933729,0.98848193981658,0.0683394620406512,3
8,16,64,1.0,relu,2,0.3334710948979619,0.9847153501237086,0.0732778572383233,3
8,16,64,1.0,relu,4,0.3207144100110366,0.9873656663892176,0.0700036876793752,3
8,16,96,0.0,identity,1,0.0100241545759324,0.5872350152591435,0.139933046555893,6
8,16,96,0.0,identity,3,0.0092201160851018,0.5449629697581921,0.154055133815606,7
8,16,96,0.0,relu,0,0.0081252503366382,0.8005461679034557,0.0510846929058805,8
8,16,96,0.0,relu,2,0.0089789286621218,0.7753310064330892,0.0482010995062474,9
8,16,96,0.0,relu,4,0.0079332362576211,0.7381357671116354,0.0529701224810401,10
8,16,96,0.25,identity,1,0.0084670218650736,0.903278381091823,0.037201588571318,6
8,16,96,0.25,identity,3,0.0120163273391467,0.9035444827958724,0.0368249922725592,6
8,16,96,0.25,relu,0,0.0168040189566614,0.9415031895460836,0.0410725738872424,8
8,16,96,0.25,relu,2,0.0151449921264443,0.9367073630489412,0.0425174798059174,8
8,16,96,0.25,relu,4,0.0180024333246466,0.9493482460298428,0.0404728705806089,8
8,16,96,0.5,identity,1,0.0140722495935348,0.946022867100953,0.0338576534155889,6
8,16,96,0.5,identity,3,0.015908103835842,0.9450143430541432,0.0409673243803254,6
8,16,96,0.5,relu,0,0.0334783838435665,0.9632344755581512,0.0461308895458447,8
8,16,96,0.5,relu,2,0.0319898715051008,0.9581470278333464,0.0514113799038299,8
8,16,96,0.5,relu,4,0.0303731431518654,0.9644559345737034,0.0451257493532338,8
8,16,96,0.75,identity,1,0.0129419146029968,0.9686036074989448,0.03086664630185,6
8,16,96,0.75,identity,3,0.0304272210327113,0.9673109681448724,0.0556114131787002,6
8,16,96,0.75,relu,0,0.0696120499188898,0.9765512907302633,0.0519874199640905,7
8,16,96,0.75,relu,2,0.0669635935968142,0.9732792195027956,0.0582345425981919,8
8,16,96,0.75,relu,4,0.0695306182551227,0.9780460488913568,0.0481620769996837,7
8,16,96,1.0,identity,1,0.3097749867740543,0.9962030288767564,0.0632702071018275,3
8,16,96,1.0,identity,3,0.2042128689647624,0.990343119978559,0.0646367088094781,2
8,16,96,1.0,relu,0,0.3818621943819621,0.9870843157460376,0.0920372998894132,4
8,16,96,1.0,relu,2,0.3183405988452074,0.9853022553598996,0.0739491362611409,3
8,16,96,1.0,relu,4,0.3150206989128399,0.9870284359808276,0.0720545741411956,3
8,1,16,0.0,identity,1,0.0943013028385569,0.6205539096712498,0.3092737631260869,5
8,1,16,0.0,identity,3,0.0734341572012115,0.5893209994882037,0.2879217939333053,5
8,1,16,0.0,relu,0,0.1260519245755498,0.6111938722506286,0.2798682792470882,6
8,1,16,0.0,relu,2,0.2638129725809401,0.6548923356031872,0.3679953266459977,6
8,1,16,0.0,relu,4,0.2144388099980164,0.7406422779760385,0.3067529452297811,6
8,1,16,0.25,identity,1,0.0205137171982955,0.928187983581342,0.068405904531747,5
8,1,16,0.25,identity,3,0.0331744082646457,0.9476912015748322,0.1658951213271788,6
8,1,16,0.25,relu,0,0.1387509120505311,0.9395863867492305,0.1409553860196632,5
8,1,16,0.25,relu,2,0.1022142956570701,0.9310524710312618,0.1788517984421527,5
8,1,16,0.25,relu,4,0.1843823083699843,0.944296153829124,0.1790417496168112,6
8,1,16,0.5,identity,1,0.1713150334698309,0.942208713731956,0.1634907284134546,6
8,1,16,0.5,identity,3,0.0273047881422094,0.9755361171836652,0.1356471428915295,6
8,1,16,0.5,relu,0,0.1519751919844255,0.9561325010500338,0.2022937755549342,5
8,1,16,0.5,relu,2,0.2281278271219379,0.9354805935316076,0.2770712130710916,5
8,1,16,0.5,relu,4,0.1889706394383995,0.9566753000336488,0.1557073300654003,5
8,1,16,0.75,identity,1,0.2425737444540502,0.9692550974564004,0.2797737271440091,6
8,1,16,0.75,identity,3,0.1292949216843683,0.9818066572253238,0.3407885801970143,5
8,1,16,0.75,relu,0,0.3425671791304677,0.9602798321154408,0.2031885589455282,5
8,1,16,0.75,relu,2,0.3223311336716486,0.9297089486170216,0.2184259691084703,5
8,1,16,0.75,relu,4,0.3067748961675098,0.9601906321028728,0.160155457402596,4
8,1,16,1.0,identity,1,0.7330477703746514,0.9919964675058686,0.1392820359309082,1
8,1,16,1.0,identity,3,0.7071781860873941,0.994440010471646,0.4923028347902333,1
8,1,16,1.0,relu,0,0.8237691610658842,0.9797136755770526,0.130068809382806,1
8,1,16,1.0,relu,2,0.6760524231439142,0.9665480809156336,0.2115016569100084,1
8,1,16,1.0,relu,4,0.8287164492752622,0.9797316869596326,0.1440380620257959,1
8,1,32,0.0,identity,1,0.0542675518958222,0.6429461033178309,0.2182869102833799,4
8,1,32,0.0,identity,3,0.066051094222953,0.7081216653017883,0.2275828950326703,5
8,1,32,0.0,relu,0,0.1031400700672172,0.7332117825938708,0.1842515501761767,8
8,1,32,0.0,relu,2,0.0733215000170238,0.6445847319388741,0.2285799916628553,8
8,1,32,0.0,relu,4,0.1132771966286207,0.7520627024277736,0.1985179965430192,9
8,1,32,0.25,identity,1,0.0759792998710015,0.912588362836414,0.0929679406613594,5
8,1,32,0.25,identity,3,0.0677524181594902,0.9405677521844288,0.1462997489525048,6
8,1,32,0.25,relu,0,0.1238338079885927,0.9337261027133842,0.1506787132737828,6
8,1,32,0.25,relu,2,0.1310956384609118,0.9341517568169508,0.2319293009853231,6
8,1,32,0.25,relu,4,0.1048895421757202,0.9485132265519906,0.1609161688363579,7
8,1,32,0.5,identity,1,0.0795298190272831,0.9240352437226312,0.0907170025443441,5
8,1,32,0.5,identity,3,0.0761054588696539,0.9627887687967184,0.2172959460908294,6
8,1,32,0.5,relu,0,0.1196932846998062,0.9554786273115649,0.1217654698086484,5
8,1,32,0.5,relu,2,0.2611442677522842,0.9334503999266824,0.1981456771555347,6
8,1,32,0.5,relu,4,0.161427321843441,0.9558697402335904,0.1650433435070413,7
8,1,32,0.75,identity,1,0.1337719992959977,0.9709734783455788,0.1202140694454665,5
8,1,32,0.75,identity,3,0.2050326401863611,0.9817196948114022,0.1717584947315598,6
8,1,32,0.75,relu,0,0.3510394369034488,0.9629604300768094,0.1449554566991866,6
8,1,32,0.75,relu,2,0.3590431828473356,0.9434167135264158,0.2060257921501544,5
8,1,32,0.75,relu,4,0.2699745766502752,0.9587322896646489,0.1765072654443431,6
8,1,32,1.0,identity,1,0.7208128989228443,0.9946060646633113,0.4064719144836515,1
8,1,32,1.0,identity,3,0.8323166284787104,0.9930916894583146,0.6264319167832042,1
8,1,32,1.0,relu,0,0.8079218765719288,0.9801245473302084,0.0870280325064007,1
8,1,32,1.0,relu,2,0.5466609659943351,0.9766685101636484,0.2106475655692163,1
8,1,32,1.0,relu,4,0.8281140344355938,0.9811143085587158,0.0988136026043254,1
8,1,64,0.0,identity,1,0.08610403871862,0.7600510610666549,0.269145346273503,6
8,1,64,0.0,identity,3,0.0182404605647023,0.785839564030055,0.1999358932300547,6
8,1,64,0.0,relu,0,0.0324113142166306,0.6776463582510719,0.1681844887137405,9
8,1,64,0.0,relu,2,0.0660913061627021,0.7104576521554645,0.1756426961097426,9
8,1,64,0.0,relu,4,0.0779356229541288,0.6349783972037647,0.1587649554031722,10
8,1,64,0.25,identity,1,0.0279742988636082,0.9427495503040342,0.0755443620959187,5
8,1,64,0.25,identity,3,0.03183070791304,0.9492962193140404,0.1852466314901739,6
8,1,64,0.25,relu,0,0.0989998726784382,0.943348299269854,0.1396200714385817,7
8,1,64,0.25,relu,2,0.1247581625859971,0.9428406789033672,0.1231746597312086,8
8,1,64,0.25,relu,4,0.0975351714309247,0.9473152842915272,0.1698085347802652,8
8,1,64,0.5,identity,1,0.069680209812097,0.9577501470006108,0.1761560323978736,6
8,1,64,0.5,identity,3,0.1361188602140127,0.9588893871129196,0.2419027597267772,6
8,1,64,0.5,relu,0,0.1416572601211246,0.9557605694938454,0.156149414694819,7
8,1,64,0.5,relu,2,0.2872827719566577,0.9523759232791044,0.259053635358142,6
8,1,64,0.5,relu,4,0.2459896337985946,0.9510113996446896,0.1758330132927635,8
8,1,64,0.75,identity,1,0.2690774510853658,0.9704011141619844,0.114254078117551,5
8,1,64,0.75,identity,3,0.1773285378474885,0.982456744486443,0.1398671445112198,5
8,1,64,0.75,relu,0,0.3994111635513362,0.9684368831471984,0.2030265184061153,7
8,1,64,0.75,relu,2,0.3498774991503566,0.9530333488717404,0.26389707181079,5
8,1,64,0.75,relu,4,0.3204340610926925,0.9675033143155636,0.148043109116878,6
8,1,64,1.0,identity,1,0.814759569642056,0.9882933729770204,0.1966402436358995,1
8,1,64,1.0,identity,3,0.6171867375794141,0.9922501471822838,0.1281892221204376,1
8,1,64,1.0,relu,0,0.7082673765281315,0.9851369176609808,0.0857554610973495,1
8,1,64,1.0,relu,2,0.7062308469743863,0.966725348912334,0.2510137575966605,1
8,1,64,1.0,relu,4,0.7678708773552609,0.9832009229360824,0.0936472189273076,1
8,1,96,0.0,identity,1,0.0148994336811757,0.8180288485052601,0.1107411823814994,5
8,1,96,0.0,identity,3,0.0306990512352288,0.8370287390814481,0.1549980530289838,6
8,1,96,0.0,relu,0,0.0747874813223996,0.8096624350123967,0.1190103219140272,10
8,1,96,0.0,relu,2,0.0509837231848937,0.7284187821601706,0.1692629138410362,9
8,1,96,0.0,relu,4,0.0383277593292761,0.784151011867346,0.162471588418788,10
8,1,96,0.25,identity,1,0.020437699856399,0.9246414505213958,0.0990390786697815,5
8,1,96,0.25,identity,3,0.0474427029256227,0.948035322636806,0.1391983156996606,6
8,1,96,0.25,relu,0,0.1238552558295641,0.9463253574946504,0.1367915918448035,8
8,1,96,0.25,relu,2,0.151277232378469,0.9383386960732284,0.1881009059119538,8
8,1,96,0.25,relu,4,0.1018494183766088,0.9509078875119285,0.1308518211779658,8
8,1,96,0.5,identity,1,0.0437196380328849,0.9509384825050584,0.0927345004779918,6
8,1,96,0.5,identity,3,0.1469453842286569,0.9644429769629604,0.1581133414381481,6
8,1,96,0.5,relu,0,0.2125035402177903,0.9560612463598276,0.1514270891684252,8
8,1,96,0.5,relu,2,0.1674181768301301,0.9438158954616778,0.1747132281842392,6
8,1,96,0.5,relu,4,0.1605092405140743,0.9564419765988984,0.1431480082822015,8
8,1,96,0.75,identity,1,0.0806832806316245,0.9779526167307432,0.0964327300684642,6
8,1,96,0.75,identity,3,0.2534026240068251,0.9725504893454336,0.199388404279144,6
8,1,96,0.75,relu,0,0.296323396056193,0.9622603095683212,0.1602119214021226,7
8,1,96,0.75,relu,2,0.3489086201968142,0.9523349904920212,0.2263663459377836,6
8,1,96,0.75,relu,4,0.2246913502622167,0.9672392257091358,0.1254343793421093,6
8,1,96,1.0,identity,1,0.752437298399645,0.9917455108374394,0.135154801066215,1
8,1,96,1.0,identity,3,0.6929330142039675,0.9910141502071688,0.1523114866237344,1
8,1,96,1.0,relu,0,0.7869372483424695,0.9803085170736716,0.1093737663340575,1
8,1,96,1.0,relu,2,0.579908946939351,0.9754985989685876,0.1410793733865794,1
8,1,96,1.0,relu,4,0.7010402971294025,0.9867782137110462,0.0679094073083104,1
8,2,16,0.0,identity,1,0.0202225077603704,0.5177642948230637,0.276870090652168,5
8,2,16,0.0,identity,3,0.0108045441438853,0.4488063950530973,0.3981404833175667,6
8,2,16,0.0,relu,0,0.1043950252763827,0.6359510938246025,0.336959536948238,6
8,2,16,0.0,relu,2,0.1392475745311423,0.5864997169062982,0.3458871757237039,7
8,2,16,0.0,relu,4,0.148172724941793,0.680809437321036,0.3603287914884402,7
8,2,16,0.25,identity,1,0.0458500889140465,0.9273676265137184,0.0592348615100357,6
8,2,16,0.25,identity,3,0.0413937745307791,0.9230927220261096,0.0514787385548327,6
8,2,16,0.25,relu,0,0.0856119840449219,0.9231157746262748,0.1728184365558817,5
8,2,16,0.25,relu,2,0.0445681744246054,0.9178816968252562,0.1549476075199281,5
8,2,16,0.25,relu,4,0.0689248268570234,0.9209259814617284,0.1501857546243571,6
8,2,16,0.5,identity,1,0.0445903293352769,0.9717933853822242,0.1163429154862743,6
8,2,16,0.5,identity,3,0.0524526996989572,0.955834167954026,0.0923454347804568,6
8,2,16,0.5,relu,0,0.2914541418512067,0.9543400080332743,0.1626749021038074,6
8,2,16,0.5,relu,2,0.1938230288869455,0.955847911707384,0.1808560763015479,5
8,2,16,0.5,relu,4,0.1494080936196127,0.9444267683420084,0.1510574306287165,6
8,2,16,0.75,identity,1,0.1522813484053808,0.9745710302666032,0.0840029941931079,6
8,2,16,0.75,identity,3,0.0437494536006967,0.976510897969739,0.1204579185227469,6
8,2,16,0.75,relu,0,0.3376590125822216,0.966881025800534,0.1674562220538719,5
8,2,16,0.75,relu,2,0.3865158251605429,0.97362202775075,0.17970781346658,5
8,2,16,0.75,relu,4,0.3582470888958693,0.9624430720374088,0.1420249267135465,5
8,2,16,1.0,identity,1,0.8287125744861848,0.9977419399509072,0.2941057872134687,1
8,2,16,1.0,identity,3,0.9010158280460792,0.9842249798728496,0.1355973051407871,1
8,2,16,1.0,relu,0,0.8709243662202474,0.9824708848308495,0.2090581802093657,2
8,2,16,1.0,relu,2,0.605849740482448,0.9824662232278252,0.1070941288313272,1
8,2,16,1.0,relu,4,0.7543535702348558,0.973071203128249,0.1435826625867338,1
8,2,32,0.0,identity,1,0.0236576556089218,0.6352460538583588,0.2201321910162748,6
8,2,32,0.0,identity,3,0.0945124696509113,0.6438814842300788,0.2614335826196233,6
8,2,32,0.0,relu,0,0.0444501270037001,0.6378907675208463,0.1605461263058579,8
8,2,32,0.0,relu,2,0.0391458362652368,0.6724137430953295,0.1549381803109489,8
8,2,32,0.0,relu,4,0.0730475714287035,0.6115175371546806,0.1735440616069092,9
8,2,32,0.25,identity,1,0.0279551389981184,0.9228997852800356,0.0755418348031807,6
8,2,32,0.25,identity,3,0.0241562057970722,0.9254756035559518,0.0754329870133451,6
8,2,32,0.25,relu,0,0.0707365632256733,0.9337905884024904,0.1294503317897494,6
8,2,32,0.25,relu,2,0.0798853250616019,0.9388836269028992,0.1230363555871217,7
8,2,32,0.25,relu,4,0.046947080119939,0.9070452626041788,0.1393699229580531,7
8,2,32,0.5,identity,1,0.0583175784664271,0.9504440589861962,0.0824524243129392,6
8,2,32,0.5,identity,3,0.0249260436720469,0.9525754408967936,0.0729269918541015,6
8,2,32,0.5,relu,0,0.1015188098970061,0.9572441435156788,0.0952497023892615,6
8,2,32,0.5,relu,2,0.1332866598909849,0.9612724299056232,0.1315454237822743,7
8,2,32,0.5,relu,4,0.0958054941272783,0.9212057413990729,0.1267285832853307,7
8,2,32,0.75,identity,1,0.1728043970067705,0.9742501916641008,0.1060596095951785,6
8,2,32,0.75,identity,3,0.1368184024482128,0.9682123955897236,0.0776860878673932,6
8,2,32,0.75,relu,0,0.2311741246951764,0.9676113576615412,0.1380850618507419,6
8,2,32,0.75,relu,2,0.2870182609354159,0.9718911200853456,0.1913195938969052,6
8,2,32,0.75,relu,4,0.2054026201289922,0.949601148224886,0.1188999627866754,7
8,2,32,1.0,identity,1,0.9176745410919253,0.9933473940391352,0.0869804959253163,1
8,2,32,1.0,identity,3,0.9023179015278072,0.9880834235794738,0.082685136122818,1
8,2,32,1.0,relu,0,0.8482661670812631,0.9832692376321418,0.1703548273266764,2
8,2,32,1.0,relu,2,0.8396504002423377,0.9804137187877164,0.2614524345087404,2
8,2,32,1.0,relu,4,0.7550667811370563,0.9814472301083,0.1471686494370148,2
8,2,64,0.0,identity,1,0.0264241665400133,0.7080985498425213,0.1589992513441691,5
8,2,64,0.0,identity,3,0.0242368113242123,0.6918420035095887,0.2075330729751526,6
8,2,64,0.0,relu,0,0.0386375764304126,0.6835001329248028,0.1236016922238182,10
8,2,64,0.0,relu,2,0.0549431944343968,0.7351899327867991,0.1382428844098297,10
8,2,64,0.0,relu,4,0.0600065125451282,0.6981547442711769,0.1544479439869763,10
8,2,64,0.25,identity,1,0.029865988587868,0.9274624790399556,0.077359876269665,6
8,2,64,0.25,identity,3,0.03811909943371,0.9295396141623375,0.085542207202532,6
8,2,64,0.25,relu,0,0.0462526852766807,0.945019477429968,0.0903321001306567,8
8,2,64,0.25,relu,2,0.0486200846296491,0.9479226909139165,0.1014726535551081,9
8,2,64,0.25,relu,4,0.0790919292857944,0.935385403148198,0.0990524056895858,9
8,2,64,0.5,identity,1,0.0445597019016664,0.9570121785136152,0.0829447063538662,6
8,2,64,0.5,identity,3,0.0461751098111661,0.9510939471684338,0.0632858193900236,6
8,2,64,0.5,relu,0,0.1363358642976519,0.9573872197908044,0.1052760179093572,7
8,2,64,0.5,relu,2,0.1179304201990772,0.9616863120479062,0.0977376990139313,8
8,2,64,0.5,relu,4,0.0830243686953594,0.9447404396345128,0.1068514707778797,9
8,2,64,0.75,identity,1,0.1866149466398095,0.9698672583610752,0.0976660417530368,6
8,2,64,0.75,identity,3,0.0970007901102837,0.9705227063479652,0.0680822728113991,6
8,2,64,0.75,relu,0,0.2468880264657446,0.9701623272347656,0.1284525381088707,6
8,2,64,0.75,relu,2,0.2753007296920591,0.9720844759670376,0.1720289372062699,7
8,2,64,0.75,relu,4,0.2039341277028337,0.9544233806942206,0.1173662222003212,9
8,2,64,1.0,identity,1,0.83118071979446,0.997371521495546,0.0300885985372877,1
8,2,64,1.0,identity,3,0.8904402596063039,0.9878741419996262,0.112950217662025,1
8,2,64,1.0,relu,0,0.8119031067719619,0.9836497556538818,0.1297091066408709,2
8,2,64,1.0,relu,2,0.810935788492631,0.9805322109867878,0.2736684484902131,2
8,2,64,1.0,relu,4,0.793463998240544,0.97935560466871,0.1835896210044832,2
8,2,96,0.0,identity,1,0.0381116284638948,0.7659332475430956,0.126734887361362,6
8,2,96,0.0,identity,3,0.0499344479589035,0.7506748662153703,0.1445444107834768,6
8,2,96,0.0,relu,0,0.0261741862630899,0.5606763900221955,0.1339832047272123,11
8,2,96,0.0,relu,2,0.0361547989617073,0.5957919889071063,0.1605831892007038,10
8,2,96,0.0,relu,4,0.0807263405262489,0.6972177276248706,0.156818669730904,11
8,2,96,0.25,identity,1,0.026877607196365,0.9270173771476056,0.1049238239316939,6
8,2,96,0.25,identity,3,0.025603184722256,0.9319418313208798,0.0632939221621776,6
8,2,96,0.25,relu,0,0.0366572705320495,0.9401805900203688,0.0928711189835487,7
8,2,96,0.25,relu,2,0.0394777808199735,0.9484724723770396,0.1049776443009824,9
8,2,96,0.25,relu,4,0.048735516366876,0.9333102565184956,0.0753656133445793,10
8,2,96,0.5,identity,1,0.0519710143326038,0.9568960513027182,0.0662599769481044,6
8,2,96,0.5,identity,3,0.024908310076345,0.9595614132018632,0.0712649856533504,6
8,2,96,0.5,relu,0,0.1324901655570745,0.9575814614405486,0.1076874761372632,8
8,2,96,0.5,relu,2,0.1068512399681146,0.9638676487158006,0.1120266762055443,9
8,2,96,0.5,relu,4,0.08232384949801,0.9363588252615116,0.0937989595541455,9
8,2,96,0.75,identity,1,0.1721098046960616,0.9754148731222748,0.0916530756905321,6
8,2,96,0.75,identity,3,0.1175061242059177,0.972238387049479,0.0833714177830094,6
8,2,96,0.75,relu,0,0.302946543756816,0.9682079882887084,0.148608106665619,7
8,2,96,0.75,relu,2,0.2920941160361479,0.9737029570961482,0.1739314244987388,7
8,2,96,0.75,relu,4,0.2158353051824234,0.9521879457422732,0.1660807424428886,8
8,2,96,1.0,identity,1,0.9233224352382524,0.9926335879334832,0.1393417859293542,1
8,2,96,1.0,identity,3,0.901746152452801,0.9882288491835168,0.0796288233550466,1
8,2,96,1.0,relu,0,0.7794188522998665,0.9848223844779418,0.0999277520438035,2
8,2,96,1.0,relu,2,0.8314755611045798,0.9817437792499164,0.2960949979583043,2
8,2,96,1.0,relu,4,0.7925739600543904,0.9815156176306272,0.161797066809104,2
8,32,16,0.0,identity,1,0.0364984923711975,0.7518791551487247,0.2296478844292618,4
8,32,16,0.0,identity,3,0.0468148272062781,0.7972494805221327,0.2749348356288969,5
8,32,16,0.0,relu,0,0.1477357220048221,0.8750837345860459,0.3712232052962768,4
8,32,16,0.0,relu,2,0.126414221731111,0.8913446364409785,0.4207054833578986,4
8,32,16,0.0,relu,4,0.0732248778802531,0.897425374359709,0.2482933041948203,4
8,32,16,0.25,identity,1,0.047856157946397,0.9535412043848142,0.081562050633631,4
8,32,16,0.25,identity,3,0.0628513864638676,0.9676469394599668,0.0790645644609189,5
8,32,16,0.25,relu,0,0.3003388208976142,0.9630981812827568,0.3226540941831528,4
8,32,16,0.25,relu,2,0.243390638799312,0.9565954067523416,0.3277832645786351,4
8,32,16,0.25,relu,4,0.2118708259752161,0.976597284111171,0.3131036627402621,4
8,32,16,0.5,identity,1,0.0784478121375362,0.9841076573989622,0.0549852647056934,4
8,32,16,0.5,identity,3,0.0520999037523609,0.9897963638619068,0.0365477420890304,4
8,32,16,0.5,relu,0,0.4891572095754008,0.98572139975419,0.2334273521580461,5
8,32,16,0.5,relu,2,0.3249026451800086,0.978472743418893,0.2997692672035265,4
8,32,16,0.5,relu,4,0.3751392397804896,0.9872970156010226,0.214363592052945,5
8,32,16,0.75,identity,1,0.1140643427703994,0.9929188673315614,0.0353788780350891,4
8,32,16,0.75,identity,3,0.0913454075436402,0.994307218932398,0.0341766920698176,5
8,32,16,0.75,relu,0,0.4899470761804869,0.9894678671787838,0.165394550932801,5
8,32,16,0.75,relu,2,0.378855928466815,0.98402225601642,0.188425388181067,3
8,32,16,0.75,relu,4,0.5201408066384313,0.9887745593316204,0.2066022324150967,5
8,32,16,1.0,identity,1,0.1733191607454694,0.9982100373155168,0.1191086363025688,2
8,32,16,1.0,identity,3,0.2018477366897846,0.9971796168591353,0.0588049927354236,2
8,32,16,1.0,relu,0,0.5464227315370345,0.9924701008785594,0.0648542493973849,1
8,32,16,1.0,relu,2,0.3550591344013463,0.9879488218762332,0.0850012631576248,1
8,32,16,1.0,relu,4,0.5489699096895048,0.9918504689366728,0.1032367919200545,2
8,32,32,0.0,identity,1,0.0136100024790316,0.5083964682280199,0.15202470038379,5
8,32,32,0.0,identity,3,0.009540972354768,0.5463541686552704,0.1370357726087787,5
8,32,32,0.0,relu,0,0.0151821542278413,0.6435770735613086,0.1647920333945636,5
8,32,32,0.0,relu,2,0.0194994956524939,0.6750559890102993,0.1882554220228286,5
8,32,32,0.0,relu,4,0.0208095856998531,0.673268121221139,0.2010291312836913,6
8,32,32,0.25,identity,1,0.0200632053416081,0.9013048954629348,0.0442585485217042,5
8,32,32,0.25,identity,3,0.0108353785246181,0.920225985256054,0.0337975275823207,5
8,32,32,0.25,relu,0,0.0286712749849162,0.9229062290193364,0.0756979900364924,5
8,32,32,0.25,relu,2,0.0275298679130301,0.9064250096263646,0.0851905229643238,5
8,32,32,0.25,relu,4,0.0476098155317539,0.9305618422319066,0.1046725501416831,7
8,32,32,0.5,identity,1,0.020489592094157,0.9523254203161036,0.0330882921422457,5
8,32,32,0.5,identity,3,0.0119800619197542,0.9608497252167456,0.0256795230216546,5
8,32,32,0.5,relu,0,0.0643315863074582,0.9582604483158134,0.0635487544420511,6
8,32,32,0.5,relu,2,0.04488480047349,0.9521673979033444,0.0745580150143248,5
8,32,32,0.5,relu,4,0.057389032394438,0.9582033630963278,0.0732717381918804,7
8,32,32,0.75,identity,1,0.0270661038006196,0.9757278626868164,0.0328483019477666,5
8,32,32,0.75,identity,3,0.0171349871035773,0.9784681414437936,0.0282437976430243,5
8,32,32,0.75,relu,0,0.1004027435585445,0.9740110453995696,0.0738681132124201,6
8,32,32,0.75,relu,2,0.10545198666212,0.9693024081802076,0.089913034672527,6
8,32,32,0.75,relu,4,0.0900904149341152,0.9742918032787248,0.0769767552619565,7
8,32,32,1.0,identity,1,0.2003743632750761,0.9982136600023628,0.0800596362759745,2
8,32,32,1.0,identity,3,0.2663557959577731,0.9964444612404272,0.0349450593301997,2
8,32,32,1.0,relu,0,0.505697504143033,0.9916060582109616,0.0731227186311901,2
8,32,32,1.0,relu,2,0.3483507564622049,0.9872095015539688,0.0956261230742511,2
8,32,32,1.0,relu,4,0.3952279697666954,0.9920171222155252,0.0575425197399013,2
8,32,64,0.0,identity,1,0.0078998136784941,0.5690806602872671,0.097137233377927,6
8,32,64,0.0,identity,3,0.0074593802341371,0.6027388569943365,0.098287783882171,6
8,32,64,0.0,relu,0,0.0099256640057126,0.792301942992417,0.0606508389485685,7
8,32,64,0.0,relu,2,0.0108748512885778,0.7681056592390015,0.0597692327222224,8
8,32,64,0.0,relu,4,0.0110785406385889,0.7808746226603768,0.0725271995685459,8
8,32,64,0.25,identity,1,0.0072270829369396,0.8870088613193149,0.0337599836312288,6
8,32,64,0.25,identity,3,0.0074126776143082,0.9006363317106003,0.0309705440769868,6
8,32,64,0.25,relu,0,0.0164619484681138,0.9237812720850288,0.045619484743964,7
8,32,64,0.25,relu,2,0.0179574908919328,0.9184810262676002,0.0484102095665764,7
8,32,64,0.25,relu,4,0.0160973470848432,0.9275090529942862,0.0497887785053577,7
8,32,64,0.5,identity,1,0.0086483888919559,0.9314725728739094,0.0333687051881312,6
8,32,64,0.5,identity,3,0.0106750963699189,0.943467061561587,0.0291506895883683,6
8,32,64,0.5,relu,0,0.0246800873888958,0.9544364096019948,0.0478403982651007,7
8,32,64,0.5,relu,2,0.0254493245063518,0.9460771095574192,0.0466343725299146,7
8,32,64,0.5,relu,4,0.0237945558500901,0.9545434935322664,0.0551952738517342,8
8,32,64,0.75,identity,1,0.0149688229995955,0.963313071021786,0.0351377963178117,6
8,32,64,0.75,identity,3,0.0144599053538762,0.9687299670528364,0.0299558829213004,6
8,32,64,0.75,relu,0,0.0696032315343273,0.9741097783429542,0.05492640335814,7
8,32,64,0.75,relu,2,0.0602074252973878,0.9694519276578628,0.0674263150800567,7
8,32,64,0.75,relu,4,0.067334201134827,0.9751477523214926,0.0615922053455711,8
8,32,64,1.0,identity,1,0.1953644333954796,0.9979671393898484,0.1014027810579216,2
8,32,64,1.0,identity,3,0.3288736772966256,0.9962320536676832,0.059969177481623,3
8,32,64,1.0,relu,0,0.3780039217711007,0.9913187108729276,0.0547492367579805,3
8,32,64,1.0,relu,2,0.3674401018572649,0.98749694161279,0.1038923265820425,3
8,32,64,1.0,relu,4,0.3950879735847253,0.9910179501953011,0.0764239771465191,4
8,32,96,0.0,identity,1,0.010086644856578,0.6868803695403866,0.088785602814729,6
8,32,96,0.0,identity,3,0.0119737955142238,0.6018826788431557,0.1168558260793608,7
8,32,96,0.0,relu,0,0.0047963783229255,0.7841408772124643,0.0390595696066099,8
8,32,96,0.0,relu,2,0.0064576928939,0.772631275923317,0.0421529737745896,10
8,32,96,0.0,relu,4,0.0058276276724418,0.7858096075014851,0.0433719069412089,9
8,32,96,0.25,identity,1,0.009148407015835,0.8931918243651434,0.0361923460686245,6
8,32,96,0.25,identity,3,0.0094653454730132,0.907406489594762,0.0337325040787448,6
8,32,96,0.25,relu,0,0.0145749524215605,0.9395691960025284,0.0407150357473782,8
8,32,96,0.25,relu,2,0.0161483362543291,0.9348687050227118,0.0425368861005379,8
8,32,96,0.25,relu,4,0.0178837891577354,0.939076240326998,0.0434426079526973,9
8,32,96,0.5,identity,1,0.0104680840837794,0.9333868600329372,0.0351061059762011,6
8,32,96,0.5,identity,3,0.0138400432029262,0.946080661398603,0.0303478243007331,6
8,32,96,0.5,relu,0,0.0212208071499513,0.964088032892966,0.0327887211087193,7
8,32,96,0.5,relu,2,0.0234199060403752,0.95647641198497,0.0426838266372423,8
8,32,96,0.5,relu,4,0.0310555199198201,0.963920487039496,0.0480352770429578,9
8,32,96,0.75,identity,1,0.0165263541280335,0.963235160935612,0.0365952464215359,6
8,32,96,0.75,identity,3,0.0168420291131835,0.970787698292422,0.0352927365819065,6
8,32,96,0.75,relu,0,0.0560313428345129,0.9791152480959514,0.0418975470983784,7
8,32,96,0.75,relu,2,0.0818235973057625,0.9728509062004248,0.0651964189525733,8
8,32,96,0.75,relu,4,0.0649852465845808,0.9778473390939134,0.0541728367293588,9
8,32,96,1.0,identity,1,0.1840206628618829,0.9977693975090324,0.058867664556754,2
8,32,96,1.0,identity,3,0.2769628097929623,0.9964832299433968,0.0554221549389191,3
8,32,96,1.0,relu,0,0.3920538369688952,0.9912877867236376,0.0667045798700882,4
8,32,96,1.0,relu,2,0.4207064201772302,0.9868482739045394,0.1370181612655446,4
8,32,96,1.0,relu,4,0.3986622174631305,0.9913200462357884,0.0798738855598248,4
8,4,16,0.0,identity,1,0.0275361523165306,0.3838941842315909,0.3478970561320804,5
8,4,16,0.0,identity,3,0.0122754931323111,0.3247153885267206,0.4456891899495813,6
8,4,16,0.0,relu,0,0.0413049822451313,0.7307849578903373,0.3203673386691674,6
8,4,16,0.0,relu,2,0.0609454494735026,0.6447772512609939,0.3279508857875682,7
8,4,16,0.0,relu,4,0.0471649022495656,0.7539787565705621,0.259497285986457,7
8,4,16,0.25,identity,1,0.015217437079408,0.9231162432308916,0.0498709850626139,5
8,4,16,0.25,identity,3,0.0144424803173127,0.9178103435840334,0.041916405883982,6
8,4,16,0.25,relu,0,0.0862382379344238,0.909722901626782,0.2098350321742181,4
8,4,16,0.25,relu,2,0.1319693855266025,0.9213898303752543,0.2189162937608817,6
8,4,16,0.25,relu,4,0.117430745099669,0.9210805906932418,0.2645635694055562,6
8,4,16,0.5,identity,1,0.0136857702912278,0.9594021957541424,0.0358064232459001,5
8,4,16,0.5,identity,3,0.0131851801302168,0.96145205463538,0.0369492018026582,6
8,4,16,0.5,relu,0,0.1370740000352953,0.9546431654395476,0.1732377527286572,5
8,4,16,0.5,relu,2,0.1332447683008376,0.9578666366872822,0.2095887487902783,5
8,4,16,0.5,relu,4,0.2104444669993373,0.9559107252399528,0.211938693537464,5
8,4,16,0.75,identity,1,0.025697566244015,0.9833282493296984,0.0394081066812213,5
8,4,16,0.75,identity,3,0.0211413076253597,0.9786076488669894,0.036787212938969,6
8,4,16,0.75,relu,0,0.1507674134261566,0.974090645254011,0.0976803603265393,4
8,4,16,0.75,relu,2,0.2447353849501154,0.9720842234098864,0.1523451142582901,4
8,4,16,0.75,relu,4,0.272496955927054,0.9669074211688377,0.1358071554087699,4
8,4,16,1.0,identity,1,0.6885492687063953,0.9956985884512052,0.1610639190018963,2
8,4,16,1.0,identity,3,0.2499366067005972,0.99431728297802,0.0366026389196813,2
8,4,16,1.0,relu,0,0.3705180574572674,0.9836553622444116,0.1243573585006605,2
8,4,16,1.0,relu,2,0.5005140685311029,0.983891109194308,0.0643488060446028,1
8,4,16,1.0,relu,4,0.6040788931892713,0.9786553388921452,0.0890678221043712,2
8,4,32,0.0,identity,1,0.0177804713221427,0.5750076307679085,0.21836377903349,5
8,4,32,0.0,identity,3,0.0170020116602908,0.5464847242210187,0.2738187845061377,6
8,4,32,0.0,relu,0,0.0444925738768816,0.7623643217411392,0.1721842197878858,8
8,4,32,0.0,relu,2,0.0311561740851139,0.6965959625751015,0.1288753119729942,8
8,4,32,0.0,relu,4,0.0364434678288848,0.688073794546062,0.1204672144216174,8
8,4,32,0.25,identity,1,0.0243110904684995,0.9281959685504226,0.0614627900380902,6
8,4,32,0.25,identity,3,0.0143250609684661,0.923195278130853,0.050751448913165,6
8,4,32,0.25,relu,0,0.033855950819233,0.9355194424481464,0.0921655471768765,6
8,4,32,0.25,relu,2,0.0292710646195896,0.927713044107974,0.1075540588345738,7
8,4,32,0.25,relu,4,0.0437131491091432,0.9374852092190996,0.0921421700040502,7
8,4,32,0.5,identity,1,0.0221540180282774,0.9590774606738268,0.0482219987733473,6
8,4,32,0.5,identity,3,0.0143697537147275,0.9556396667655396,0.0454534607960761,6
8,4,32,0.5,relu,0,0.0591500401896036,0.9533611405651404,0.0931041999879108,6
8,4,32,0.5,relu,2,0.0811946411953269,0.9555763095312012,0.1027831308359754,7
8,4,32,0.5,relu,4,0.1220942266899175,0.9529126470547372,0.1092928052522684,7
8,4,32,0.75,identity,1,0.0527757352599346,0.9780614042206378,0.0586635030178503,5
8,4,32,0.75,identity,3,0.0697657003834529,0.9725943331957878,0.0614345956788308,7
8,4,32,0.75,relu,0,0.1190687655119051,0.9706143538040264,0.073386165705139,6
8,4,32,0.75,relu,2,0.1584956439518687,0.9721098293005234,0.097688661845421,6
8,4,32,0.75,relu,4,0.1860810817705421,0.9689771908104068,0.0902666115086002,7
8,4,32,1.0,identity,1,0.535741919529325,0.997042656349648,0.2031838762233609,2
8,4,32,1.0,identity,3,0.3653303541580667,0.9939798097155302,0.1447635892430151,2
8,4,32,1.0,relu,0,0.4637843458167086,0.9818725282671454,0.1216193478939019,3
8,4,32,1.0,relu,2,0.5654635294975111,0.983725330963341,0.0990738306218395,2
8,4,32,1.0,relu,4,0.6125064461047686,0.9835922862647454,0.0915511075482916,3
8,4,64,0.0,identity,1,0.0301835238265714,0.596717440631897,0.1972167838631095,5
8,4,64,0.0,identity,3,0.0162178406353617,0.5964974088089271,0.1968865096032871,6
8,4,64,0.0,relu,0,0.0266123938301036,0.733021028951431,0.1058383144706226,8
8,4,64,0.0,relu,2,0.0329450633030347,0.7259046060187019,0.1041630566436161,9
8,4,64,0.0,relu,4,0.0173906262762584,0.7310570857261246,0.0970068857886244,10
8,4,64,0.25,identity,1,0.0139994433271351,0.927769448373454,0.0642188667539139,6
8,4,64,0.25,identity,3,0.0178283713669035,0.927672658402382,0.0645689787063046,7
8,4,64,0.25,relu,0,0.0372330459259442,0.9459844433348564,0.072113481072228,8
8,4,64,0.25,relu,2,0.0277558603070925,0.939258950927118,0.0715963613070368,8
8,4,64,0.25,relu,4,0.0346204246584897,0.9389061426740836,0.0702874140565689,8
8,4,64,0.5,identity,1,0.0274812880747325,0.9603511622404324,0.0578906394791465,6
8,4,64,0.5,identity,3,0.0257339946619085,0.9546781047098624,0.0454096574142313,7
8,4,64,0.5,relu,0,0.0517230892499918,0.9576326749490124,0.0728887435152275,8
8,4,64,0.5,relu,2,0.0697158937477617,0.9591798054213262,0.0797298849469154,8
8,4,64,0.5,relu,4,0.0912109559060688,0.9585496122810748,0.0821266458511903,9
8,4,64,0.75,identity,1,0.0703725697654894,0.9784877214884414,0.0731630355594681,6
8,4,64,0.75,identity,3,0.0790000954577691,0.9712075960632024,0.0737763503518465,7
8,4,64,0.75,relu,0,0.1793415667578102,0.9719357354127548,0.0988713444121323,8
8,4,64,0.75,relu,2,0.1516205599571905,0.9705856510041684,0.1014944401715348,8
8,4,64,0.75,relu,4,0.1512933639490329,0.967645176779618,0.0968651305821835,8
8,4,64,1.0,identity,1,0.6009823090784053,0.9960521956218302,0.1223744550508918,2
8,4,64,1.0,identity,3,0.3829619503898285,0.9921024941865578,0.082634197814738,2
8,4,64,1.0,relu,0,0.5534535997518851,0.9827100771465936,0.1430583704030766,4
8,4,64,1.0,relu,2,0.6352091564728289,0.9819117650633796,0.1095425182158195,3
8,4,64,1.0,relu,4,0.4491859358616734,0.9825749324895998,0.1401454728617691,3
8,4,96,0.0,identity,1,0.0253378638460263,0.6493646223014418,0.1297423594304447,5
8,4,96,0.0,identity,3,0.0137639098538644,0.6789530342036151,0.1410439425243066,6
8,4,96,0.0,relu,0,0.0266399307274141,0.7546995107865057,0.0926389944001763,9
8,4,96,0.0,relu,2,0.0158369356851666,0.7443659739441622,0.0789048372967284,8
8,4,96,0.0,relu,4,0.0403900894130666,0.6741998471889747,0.1037239660256895,11
8,4,96,0.25,identity,1,0.0193901556196192,0.9320995202685846,0.0579366929956271,6
8,4,96,0.25,identity,3,0.014279394842243,0.9313879294873678,0.0498341849639392,6
8,4,96,0.25,relu,0,0.0373004433437924,0.9459846769244268,0.0677228885896812,8
8,4,96,0.25,relu,2,0.0328062767775385,0.9430734352084864,0.0694377722802393,8
8,4,96,0.25,relu,4,0.0311170688020423,0.9350844059648568,0.0848451162060093,10
8,4,96,0.5,identity,1,0.0183430207153951,0.9614710093224672,0.0501133506929226,6
8,4,96,0.5,identity,3,0.0153174978664402,0.9600716986082912,0.0558446212478113,7
8,4,96,0.5,relu,0,0.0491023704187695,0.9647734299575784,0.0794076513533293,8
8,4,96,0.5,relu,2,0.065963613964841,0.9564194550988836,0.0835567523898097,9
8,4,96,0.5,relu,4,0.0658309643120179,0.9551842374111464,0.09322057241269,10
8,4,96,0.75,identity,1,0.085680562394403,0.979386002046719,0.081115672481191,6
8,4,96,0.75,identity,3,0.037762676985333,0.9721128072328632,0.053056604378968,7
8,4,96,0.75,relu,0,0.147471108554862,0.9745977182065596,0.0898475415008557,8
8,4,96,0.75,relu,2,0.1792045596702072,0.973318224580314,0.092964260170527,9
8,4,96,0.75,relu,4,0.1417343958196348,0.9683286905929654,0.1255022064967972,9
8,4,96,1.0,identity,1,0.6177194908976912,0.9943942059937236,0.1639255707864561,2
8,4,96,1.0,identity,3,0.3884764866079563,0.9914367239829672,0.1012330382775661,2
8,4,96,1.0,relu,0,0.4504357896777181,0.9838461608598996,0.1547797400945818,4
8,4,96,1.0,relu,2,0.59912897472257,0.9841894960829142,0.1393655920861483,3
8,4,96,1.0,relu,4,0.5113030505503398,0.9830158534991932,0.1448998112207915,4
8,8,16,0.0,identity,1,0.0058271338515825,0.2841360595784748,0.367361155166967,5
8,8,16,0.0,identity,3,0.0050591043685055,0.2628501516130369,0.3797471263452413,6
8,8,16,0.0,relu,0,0.0475177144222647,0.6633328004025938,0.5678676633165997,5
8,8,16,0.0,relu,2,0.056511318953629,0.5894379247836224,0.7216586308765593,5
8,8,16,0.0,relu,4,0.050665618788409,0.550026850077883,0.583092786979757,6
8,8,16,0.25,identity,1,0.0050983026970451,0.8781286004710557,0.0660328214473785,4
8,8,16,0.25,identity,3,0.0058552474191799,0.8874018367215389,0.0647110218642874,5
8,8,16,0.25,relu,0,0.079417566698288,0.8786150976946503,0.266430772702265,5
8,8,16,0.25,relu,2,0.1241776292695408,0.8747142187658218,0.43138598201807,5
8,8,16,0.25,relu,4,0.0703355549754255,0.8908081850954224,0.2479425414248078,5
8,8,16,0.5,identity,1,0.0081363755915105,0.9525144141324432,0.0670957711375615,4
8,8,16,0.5,identity,3,0.0136539079270701,0.9575260462245386,0.0478345256738787,4
8,8,16,0.5,relu,0,0.0989508477479263,0.953488429510278,0.2090258297865153,3
8,8,16,0.5,relu,2,0.1422166059142955,0.9553911213005812,0.287365739203013,4
8,8,16,0.5,relu,4,0.2553882705809406,0.9631076119088376,0.2464073981247165,5
8,8,16,0.75,identity,1,0.0396333589792383,0.9803126658376284,0.0247918194536997,3
8,8,16,0.75,identity,3,0.0142484314470008,0.98508486150075,0.0132810027325779,3
8,8,16,0.75,relu,0,0.2411944782394328,0.9674392790712164,0.1659750112221874,4
8,8,16,0.75,relu,2,0.2509369645707948,0.9716294024992348,0.1765606465069046,3
8,8,16,0.75,relu,4,0.477924041023419,0.9819335283263304,0.1541715256743015,5
8,8,16,1.0,identity,1,0.3319315947257593,0.9963915210036178,0.1410567346393262,3
8,8,16,1.0,identity,3,0.1729444132461097,0.996830028225126,0.058344147128174,2
8,8,16,1.0,relu,0,0.4076271551859423,0.981732289826482,0.1049195654192728,2
8,8,16,1.0,relu,2,0.3871409553703018,0.9852527390976712,0.137298634830396,2
8,8,16,1.0,relu,4,0.7452618291916551,0.9898326045849828,0.1428371799525915,3
8,8,32,0.0,identity,1,0.0118708795662695,0.4959250478661254,0.2201356315150207,6
8,8,32,0.0,identity,3,0.0107791411218256,0.4729753032243939,0.2435772808055974,7
8,8,32,0.0,relu,0,0.0201363461483981,0.7067756515169639,0.0993891067335123,7
8,8,32,0.0,relu,2,0.0197235805923438,0.7782824358376829,0.0962113793204503,7
8,8,32,0.0,relu,4,0.0248397145675813,0.7419541866494249,0.1325229872638753,7
8,8,32,0.25,identity,1,0.0114884252532287,0.9200467329245904,0.0427262968043523,6
8,8,32,0.25,identity,3,0.0088866708014372,0.930344445488549,0.0316108684387162,6
8,8,32,0.25,relu,0,0.0291146837573473,0.9302520043911712,0.07565881242926,6
8,8,32,0.25,relu,2,0.0367636143370322,0.9310979578760687,0.0981831147231666,7
8,8,32,0.25,relu,4,0.0318028700426657,0.9444149581417696,0.0937314589440384,7
8,8,32,0.5,identity,1,0.0079368163970986,0.956607677521212,0.0340803289492172,6
8,8,32,0.5,identity,3,0.0099240996582578,0.9607357216088356,0.0305954032973836,6
8,8,32,0.5,relu,0,0.0497362053159851,0.9577250524379076,0.0707612304796172,5
8,8,32,0.5,relu,2,0.0566554620281134,0.9587189494118958,0.10183927473807,6
8,8,32,0.5,relu,4,0.0354108690770997,0.9655419780549492,0.0795445461505923,6
8,8,32,0.75,identity,1,0.0126086913768391,0.9766304263048082,0.0313444116182446,6
8,8,32,0.75,identity,3,0.0159690414854229,0.9782044094388808,0.0291326601052453,6
8,8,32,0.75,relu,0,0.1347531450941721,0.9705489227765772,0.0986901475138807,6
8,8,32,0.75,relu,2,0.0940222516584186,0.974265148436639,0.1080734238932095,6
8,8,32,0.75,relu,4,0.0819336049626665,0.9780465334762808,0.0733495659831546,6
8,8,32,1.0,identity,1,0.2017468316594328,0.996162226621044,0.0632298515233821,3
8,8,32,1.0,identity,3,0.3378181130276352,0.9959334628380484,0.0581893350062155,3
8,8,32,1.0,relu,0,0.3278277127088869,0.9828814636287464,0.092687571886007,3
8,8,32,1.0,relu,2,0.2764106186827085,0.9853761477333424,0.0847300191131214,2
8,8,32,1.0,relu,4,0.5863318703990477,0.9887584644651064,0.1016228084040434,4
8,8,64,0.0,identity,1,0.0117719184392074,0.5612350345277523,0.1938102038783534,6
8,8,64,0.0,identity,3,0.0144682891778927,0.5243581889117068,0.2299080851465046,7
8,8,64,0.0,relu,0,0.0148986450315805,0.754167527007583,0.0722830168567714,8
8,8,64,0.0,relu,2,0.0174557115461676,0.7468025840933665,0.0762778777839117,8
8,8,64,0.0,relu,4,0.0150202065163541,0.7259219777085173,0.0767780996960031,9
8,8,64,0.25,identity,1,0.0093424449951978,0.9242283690317712,0.0370236205230852,6
8,8,64,0.25,identity,3,0.0155585256284146,0.9335738307239764,0.0492003706138055,7
8,8,64,0.25,relu,0,0.0243342297931987,0.9399440169000348,0.0602893835132411,7
8,8,64,0.25,relu,2,0.0218838152339018,0.9414746402597568,0.069569265606006,8
8,8,64,0.25,relu,4,0.0180271841554918,0.9498797910675436,0.0521449722303249,8
8,8,64,0.5,identity,1,0.0143466698713655,0.9569923181839548,0.0410141722538027,6
8,8,64,0.5,identity,3,0.0123822744386158,0.9624584137681504,0.0363092684497932,6
8,8,64,0.5,relu,0,0.0398684842498466,0.9592372582614884,0.0523275505679682,7
8,8,64,0.5,relu,2,0.033366296936987,0.9624613964374652,0.0688894212398092,7
8,8,64,0.5,relu,4,0.0335700064533237,0.9688589084219714,0.0557217483342552,8
8,8,64,0.75,identity,1,0.0180925528865542,0.9752827076065445,0.0386529013110612,6
8,8,64,0.75,identity,3,0.0231771013626213,0.978847732105451,0.0392977990808575,7
8,8,64,0.75,relu,0,0.0892076874327739,0.9734257692075592,0.0596468504940588,7
8,8,64,0.75,relu,2,0.0711002679057873,0.975627285709144,0.0713125012222093,7
8,8,64,0.75,relu,4,0.0800493972951257,0.9796669654800924,0.058428547294099,8
8,8,64,1.0,identity,1,0.2949343006828133,0.996281726535968,0.1005102780075635,4
8,8,64,1.0,identity,3,0.2642267835678888,0.9960953987059638,0.058652977356509,3
8,8,64,1.0,relu,0,0.2882947384192674,0.9832529258237594,0.0998257878910565,4
8,8,64,1.0,relu,2,0.3215151010310874,0.9852935933697868,0.1027209276382216,4
8,8,64,1.0,relu,4,0.5200414546730278,0.9894321415496968,0.0762946536344248,4
8,8,96,0.0,identity,1,0.0133782794016495,0.6126197525354974,0.139863023484184,6
8,8,96,0.0,identity,3,0.0100185807871604,0.6311085370231234,0.1433087288170308,6
8,8,96,0.0,relu,0,0.0188467240154025,0.7377561600178941,0.0748948387368245,10
8,8,96,0.0,relu,2,0.0167997800727913,0.7648912021801799,0.0713199866995017,9
8,8,96,0.0,relu,4,0.0196790604351507,0.7381653870992759,0.0614986165951222,11
8,8,96,0.25,identity,1,0.0103223260678524,0.9256266286356648,0.0458481399097851,6
8,8,96,0.25,identity,3,0.0163797523163483,0.9343262256462008,0.0427540403427942,7
8,8,96,0.25,relu,0,0.0162856569837728,0.9479290122341808,0.0422223684227985,7
8,8,96,0.25,relu,2,0.0195303763850841,0.9483835593209842,0.0490287645305769,8
8,8,96,0.25,relu,4,0.0197581645022436,0.9551634100491307,0.0570997684293192,9
8,8,96,0.5,identity,1,0.0150638693134574,0.9580228245589936,0.042426800433292,6
8,8,96,0.5,identity,3,0.0171901842361201,0.9604161181438964,0.0409381414931148,7
8,8,96,0.5,relu,0,0.0279332357131539,0.9631646567172788,0.0458137271530479,7
8,8,96,0.5,relu,2,0.0321962575396559,0.9664021324003106,0.0580404079240581,8
8,8,96,0.5,relu,4,0.0342685307361124,0.972084879301922,0.0534455654152253,9
8,8,96,0.75,identity,1,0.0143670420753162,0.976005922281639,0.0366279940793792,6
8,8,96,0.75,identity,3,0.0256568094358538,0.978653052237135,0.0409844641459468,7
8,8,96,0.75,relu,0,0.0648174140011504,0.9745969437617884,0.0508177466921504,7
8,8,96,0.75,relu,2,0.0490788782070983,0.9776018215254582,0.0565202328530982,7
8,8,96,0.75,relu,4,0.0922959699217102,0.9820767274809776,0.0619448974802539,9
8,8,96,1.0,identity,1,0.2650685153163092,0.996096210966262,0.0762896930303185,3
8,8,96,1.0,identity,3,0.2647951025420594,0.995950778219097,0.0669701200974255,3
8,8,96,1.0,relu,0,0.3256301173931657,0.9823830840104,0.1086557647131275,5
8,8,96,1.0,relu,2,0.2965850800259976,0.9863364241603512,0.0941521834159265,4
8,8,96,1.0,relu,4,0.444938800488951,0.9902224540644918,0.0896844292884584,5
