activation,alpha,d,h_dim,n_classes,items_per_class,n_verbs,n_steps,seed,model,final_loss,ratio_embedding,ratio_hidden,wratio_embedding,wratio_hidden
identity,0.0,16,16,4,8,32,2000,3,A,6.3910231590271,0.7683348655700684,0.6755232214927673,0.7706464478328918,0.6830134549847124
identity,0.0,16,16,4,8,32,2000,3,B,6.3900370597839355,0.4282090961933136,0.40291154384613037,0.4319758841437218,0.41166237731461447
identity,0.0,16,16,4,8,32,2000,3,C,6.627506256103516,4.852865695953369,4.852865219116211,4.852865567553228,4.852865578044057
identity,0.0,16,16,4,8,32,2000,1,A,6.373237133026123,0.7415329813957214,0.6657177209854126,0.7583694298191317,0.6421787369836045
identity,0.0,16,16,4,8,32,2000,1,B,6.371503829956055,0.4464849531650543,0.3847692012786865,0.42962172168336366,0.3712409641876082
identity,0.0,16,16,4,8,32,2000,1,C,6.607440948486328,4.778518199920654,4.7785186767578125,4.778518738887017,4.7785187476019475
identity,0.0,16,16,4,8,32,2000,2,A,6.379715919494629,0.7946193218231201,0.7171273827552795,0.7964926177606219,0.7356855105039491
identity,0.0,16,16,4,8,32,2000,2,B,6.391402721405029,0.4717579185962677,0.42531639337539673,0.45304970975110787,0.40134593308037647
identity,0.0,16,16,4,8,32,2000,2,C,6.6070451736450195,4.906922340393066,4.906921863555908,4.906922336776616,4.9069222938464225
identity,0.0,16,16,4,8,32,2000,4,A,6.423883438110352,0.7292712926864624,0.6615482568740845,0.7362113416002458,0.6364210353086416
identity,0.0,16,16,4,8,32,2000,4,B,6.414518356323242,0.4175528287887573,0.36009377241134644,0.4165106516349942,0.3739259297598161
identity,0.0,16,16,4,8,32,2000,4,C,6.655682563781738,5.020599842071533,5.020598888397217,5.020599505568686,5.020599500158534
identity,0.0,16,16,4,8,32,2000,0,A,6.4283366203308105,0.9375361204147339,0.7655671834945679,0.9375363879427943,0.7747566987728568
identity,0.0,16,16,4,8,32,2000,0,B,6.441630840301514,0.4495818316936493,0.4974488914012909,0.4221446496819383,0.4044659009318369
identity,0.0,16,16,4,8,32,2000,0,C,6.645501613616943,4.981961727142334,4.981962203979492,4.9819619351043976,4.98196192681653
identity,0.0,64,64,4,8,32,2000,0,A,6.487262725830078,0.8671249747276306,0.976158857345581,1.0,0.9657472628476648
identity,0.0,64,64,4,8,32,2000,0,B,6.465333461761475,0.7498383522033691,0.8008025288581848,0.8509232082106111,0.8642457969170958
identity,0.0,64,64,4,8,32,2000,0,C,6.669338226318359,19.152122497558594,19.152124404907227,19.15212266026921,19.152122580403354
identity,0.0,64,64,4,8,32,2000,3,A,6.432919502258301,0.9112239480018616,0.9764730930328369,1.0000000000000007,1.0000000000000004
identity,0.0,64,64,4,8,32,2000,3,B,6.418551445007324,0.7380111217498779,0.7579429149627686,0.8668713996887804,0.8767775853349278
identity,0.0,64,64,4,8,32,2000,3,C,6.652323246002197,18.931482315063477,18.931480407714844,18.93148382334685,18.93148375344683
identity,0.0,64,64,4,8,32,2000,2,A,6.425997257232666,0.8921332955360413,1.0553793907165527,0.9999999999999996,0.9954392979725155
identity,0.0,64,64,4,8,32,2000,2,B,6.4061279296875,0.7589526176452637,0.8520551919937134,0.900141695033933,0.9374464370540867
identity,0.0,64,64,4,8,32,2000,2,C,6.628114700317383,19.432544708251953,19.432546615600586,19.432543579175977,19.43254359583068
identity,0.0,64,64,4,8,32,2000,4,A,6.457756996154785,0.8812869191169739,1.0096282958984375,0.9999999999999997,0.9934269306290798
identity,0.0,64,64,4,8,32,2000,4,B,6.441709518432617,0.7825634479522705,0.7880899906158447,0.8844356608059306,0.9366280210736742
identity,0.0,64,64,4,8,32,2000,4,C,6.667420387268066,19.155725479125977,19.155729293823242,19.15572620968454,19.155726411620705
identity,0.0,64,64,4,8,32,2000,1,A,6.424001216888428,0.9157012701034546,1.0605159997940063,0.9999999999999997,0.9904615934259353
identity,0.0,64,64,4,8,32,2000,1,B,6.395655632019043,0.7831825017929077,0.7499526143074036,0.8690312295020449,0.8787068601186834
identity,0.0,64,64,4,8,32,2000,1,C,6.633252143859863,18.56687355041504,18.56687355041504,18.566874753641528,18.566874655274695
identity,0.0,128,128,4,8,32,2000,3,A,6.507917404174805,0.9140620231628418,1.6267167329788208,0.9563994228643056,0.9142358827352983
identity,0.0,128,128,4,8,32,2000,3,B,6.4655914306640625,0.7742279171943665,1.1001206636428833,0.8999764761085906,0.8666734018012388
identity,0.0,128,128,4,8,32,2000,3,C,6.694433212280273,37.38469696044922,37.38469314575195,37.38470124963901,37.38470075586798
identity,0.0,128,128,4,8,32,2000,2,A,6.472266674041748,0.9788930416107178,1.6135669946670532,0.9878458333491787,0.9427704055692496
identity,0.0,128,128,4,8,32,2000,2,B,6.456210136413574,0.8165726065635681,1.1696206331253052,0.9032139929175337,0.8887554216253298
identity,0.0,128,128,4,8,32,2000,2,C,6.66081428527832,37.612247467041016,37.61227035522461,37.6122695830512,37.61226951891795
identity,0.0,128,128,4,8,32,2000,4,A,6.5466437339782715,0.9997254610061646,1.874679446220398,0.976754067591798,0.9267134049252322
identity,0.0,128,128,4,8,32,2000,4,B,6.502025604248047,0.797172486782074,1.062746524810791,0.910084578394206,0.8829457074563734
identity,0.0,128,128,4,8,32,2000,4,C,6.713632583618164,40.58037567138672,40.58039474487305,40.5803802654526,40.58038020362317
identity,0.0,128,128,4,8,32,2000,1,A,6.495295524597168,0.8890669345855713,1.462079644203186,0.9554965485138421,0.8995751398905444
identity,0.0,128,128,4,8,32,2000,1,B,6.4532880783081055,0.7715811729431152,0.9695360660552979,0.8917729924089646,0.8657487399793652
identity,0.0,128,128,4,8,32,2000,1,C,6.661884784698486,38.330413818359375,38.33041763305664,38.33042379270854,38.33042325879212
identity,0.0,128,128,4,8,32,2000,0,A,6.531169891357422,0.8727055788040161,1.3259937763214111,0.9513398565570946,0.891653631998163
identity,0.0,128,128,4,8,32,2000,0,B,6.554104804992676,0.7436627149581909,1.0317251682281494,0.905915402932386,0.90246813659106
identity,0.0,128,128,4,8,32,2000,0,C,6.714049339294434,37.443206787109375,37.443206787109375,37.44320498243344,37.443205244062845
identity,0.0,256,256,4,8,32,2000,1,A,6.6377739906311035,1.3836899995803833,3.118906021118164,0.9080916554861246,0.8945949553053388
identity,0.0,256,256,4,8,32,2000,1,B,6.577744483947754,0.9615883231163025,1.9541316032409668,0.8929626726429086,0.8764216573434467
identity,0.0,256,256,4,8,32,2000,1,C,6.728124618530273,75.10100555419922,75.10103607177734,75.10103498975306,75.10103520523464
identity,0.0,256,256,4,8,32,2000,0,A,6.692480564117432,1.1878063678741455,2.722682237625122,0.9100056918933922,0.8908120863281048
identity,0.0,256,256,4,8,32,2000,0,B,6.683360576629639,0.872981071472168,2.195152521133423,0.9102613579898933,0.9008154181707089
identity,0.0,256,256,4,8,32,2000,0,C,6.76725959777832,77.74077606201172,77.74075317382812,77.740787849477,77.74078779941877
identity,0.0,256,256,4,8,32,2000,2,A,6.629086971282959,1.2162315845489502,2.751953363418579,0.9145973594349248,0.9012675256896788
identity,0.0,256,256,4,8,32,2000,2,B,6.567196846008301,0.9003621339797974,1.7062472105026245,0.9002583350262725,0.8877598395034167
identity,0.0,256,256,4,8,32,2000,2,C,6.742244243621826,76.57949829101562,76.57949829101562,76.57951207793568,76.57951231832081
identity,0.0,256,256,4,8,32,2000,3,A,6.61281156539917,1.0434287786483765,2.258770704269409,0.9147514304910516,0.8977828806042707
identity,0.0,256,256,4,8,32,2000,3,B,6.685766696929932,0.8794700503349304,1.652397871017456,0.9127894060064153,0.9131489324878415
identity,0.0,256,256,4,8,32,2000,3,C,6.738025665283203,78.49272918701172,78.49270629882812,78.49269651481457,78.4926957311175
identity,0.0,256,256,4,8,32,2000,4,A,6.675497055053711,1.2310068607330322,2.289999485015869,0.9182994627803258,0.9038418600607983
identity,0.0,256,256,4,8,32,2000,4,B,6.656469821929932,0.9096949100494385,2.3613438606262207,0.9068417985962504,0.9045265591042981
identity,0.0,256,256,4,8,32,2000,4,C,6.789755821228027,79.24629974365234,79.24633026123047,79.24633856864604,79.24633855843163
identity,0.0,16,16,4,32,128,8000,0,A,6.507678031921387,0.5921120643615723,0.5200836062431335,0.548110579511253,0.49001902159558547
identity,0.0,16,16,4,32,128,8000,0,B,6.540032386779785,0.15045641362667084,0.16825681924819946,0.13105030969917114,0.13092566612928552
identity,0.0,16,16,4,32,128,8000,0,C,6.812682151794434,5.162871837615967,5.162871360778809,5.162871141978865,5.1628711436540184
identity,0.0,16,16,4,32,128,8000,3,A,6.476811408996582,0.6180455684661865,0.5500211119651794,0.5649727063054454,0.5066379798422123
identity,0.0,16,16,4,32,128,8000,3,B,6.531060695648193,0.1652035415172577,0.21865206956863403,0.1315136534611175,0.13285236900195999
identity,0.0,16,16,4,32,128,8000,3,C,6.798369884490967,5.146132469177246,5.1461310386657715,5.1461317293775295,5.146131733281097
identity,0.0,16,16,4,32,128,8000,4,A,6.515012741088867,0.5787196159362793,0.4976457357406616,0.5374669335340376,0.4826032962987978
identity,0.0,16,16,4,32,128,8000,4,B,6.560478687286377,0.1583135426044464,0.19962382316589355,0.13470332450011113,0.13562172436213452
identity,0.0,16,16,4,32,128,8000,4,C,6.809437274932861,5.092399597167969,5.092399597167969,5.092399701482926,5.0923997131904315
identity,0.0,16,16,4,32,128,8000,1,A,6.5135626792907715,0.5675184726715088,0.5258265137672424,0.5314805656023608,0.4823742386336036
identity,0.0,16,16,4,32,128,8000,1,B,6.538889408111572,0.15961739420890808,0.15556344389915466,0.12862702468118123,0.12775131257675076
identity,0.0,16,16,4,32,128,8000,1,C,6.799347400665283,5.0773138999938965,5.0773138999938965,5.077314072382924,5.077314049931766
identity,0.0,16,16,4,32,128,8000,2,A,6.510575294494629,0.6260654926300049,0.5575749278068542,0.5714037585600422,0.5175401238842617
identity,0.0,16,16,4,32,128,8000,2,B,6.542393684387207,0.14932729303836823,0.18856118619441986,0.13286986334485684,0.13356511670488136
identity,0.0,16,16,4,32,128,8000,2,C,6.790168285369873,5.147253513336182,5.147253036499023,5.147252879764314,5.147252874394339
identity,0.0,64,64,4,32,128,8000,1,A,6.574601173400879,0.9484240412712097,1.0056109428405762,1.0000000000000002,0.9446625934822793
identity,0.0,64,64,4,32,128,8000,1,B,6.524832725524902,0.48612624406814575,0.6049938201904297,0.49764891741488415,0.47895709106626005
identity,0.0,64,64,4,32,128,8000,1,C,6.838548183441162,20.259065628051758,20.259063720703125,20.25906298930302,20.25906293162225
identity,0.0,64,64,4,32,128,8000,2,A,6.560157775878906,0.938639223575592,0.9545618891716003,1.0000000000000004,0.9411197852901692
identity,0.0,64,64,4,32,128,8000,2,B,6.540980339050293,0.4874439537525177,0.5726131200790405,0.49658409429691597,0.4740935968875457
identity,0.0,64,64,4,32,128,8000,2,C,6.823661804199219,20.438640594482422,20.438644409179688,20.43864034478664,20.438640352124168
identity,0.0,64,64,4,32,128,8000,0,A,6.576464653015137,0.9508132934570312,1.272306203842163,1.0000000000000002,0.9533499393302827
identity,0.0,64,64,4,32,128,8000,0,B,6.5480265617370605,0.4858158826828003,0.5963261723518372,0.503814873875639,0.483388489748722
identity,0.0,64,64,4,32,128,8000,0,C,6.82334041595459,20.48261070251465,20.482608795166016,20.482611992330106,20.482611935694713
identity,0.0,64,64,4,32,128,8000,4,A,6.578169345855713,0.984492838382721,0.9246458411216736,1.0,0.9999999999999996
identity,0.0,64,64,4,32,128,8000,4,B,6.522495269775391,0.48637300729751587,0.5446900725364685,0.49884310921041225,0.47946945168400174
identity,0.0,64,64,4,32,128,8000,4,C,6.848961353302002,20.47768211364746,20.47768211364746,20.477680627016777,20.47768061843073
identity,0.0,64,64,4,32,128,8000,3,A,6.543395519256592,0.9999998807907104,1.1177544593811035,1.0000000000000002,0.9999999999999997
identity,0.0,64,64,4,32,128,8000,3,B,6.5119476318359375,0.4888361394405365,0.5782076120376587,0.5009908351668765,0.48304278901092257
identity,0.0,64,64,4,32,128,8000,3,C,6.823136329650879,20.409038543701172,20.409034729003906,20.409036785222355,20.409036796123917
identity,0.0,128,128,4,32,128,8000,0,A,6.691115379333496,0.882461428642273,1.5880277156829834,1.0,0.7877325280931947
identity,0.0,128,128,4,32,128,8000,0,B,6.671401023864746,0.5816527605056763,0.9165109395980835,0.7654663169742885,0.6901949200870199
identity,0.0,128,128,4,32,128,8000,0,C,6.881587982177734,41.15178680419922,41.151798248291016,41.15179616653296,41.151796158194706
identity,0.0,128,128,4,32,128,8000,1,A,6.693367004394531,0.8620864748954773,1.6168910264968872,0.9999999999999993,0.7912306714611235
identity,0.0,128,128,4,32,128,8000,1,B,6.631018161773682,0.5688059329986572,0.869882345199585,0.7764881139085421,0.6901691782551623
identity,0.0,128,128,4,32,128,8000,1,C,6.869242191314697,40.157257080078125,40.15724563598633,40.157248470125424,40.157249200723925
identity,0.0,128,128,4,32,128,8000,2,A,6.675611972808838,0.8059913516044617,1.576525092124939,0.9999999999999992,0.7879540142769346
identity,0.0,128,128,4,32,128,8000,2,B,6.623265743255615,0.5984530448913574,0.8082484602928162,0.7619309545875075,0.6682493434268932
identity,0.0,128,128,4,32,128,8000,2,C,6.878396987915039,40.92432403564453,40.9243278503418,40.92432517939221,40.92432510989253
identity,0.0,128,128,4,32,128,8000,3,A,6.682207107543945,0.8351847529411316,1.5902906656265259,0.9999999999999998,0.7867906153930415
identity,0.0,128,128,4,32,128,8000,3,B,6.616171836853027,0.5608704686164856,0.923958957195282,0.7671582321610679,0.6909684160600245
identity,0.0,128,128,4,32,128,8000,3,C,6.852800369262695,41.042842864990234,41.04283905029297,41.04284127094165,41.042841151309396
identity,0.0,128,128,4,32,128,8000,4,A,6.682589054107666,0.8631380796432495,1.6992141008377075,0.999999999999999,0.8060579415525473
identity,0.0,128,128,4,32,128,8000,4,B,6.651963233947754,0.5891138911247253,0.7924526929855347,0.777757648419568,0.6838731766223548
identity,0.0,128,128,4,32,128,8000,4,C,6.865214824676514,41.05618667602539,41.05618667602539,41.05618894766144,41.056188828273356
identity,0.0,256,256,4,32,128,8000,0,A,6.87930965423584,1.2972053289413452,2.275698184967041,0.9764711621281454,0.8042087510520718
identity,0.0,256,256,4,32,128,8000,0,B,6.919511795043945,0.6196654438972473,1.443537950515747,0.8838315895756235,0.7500006998732885
identity,0.0,256,256,4,32,128,8000,0,C,6.977384567260742,82.55638122558594,82.55636596679688,82.55637499158861,82.55637419375434
identity,0.0,256,256,4,32,128,8000,1,A,6.886763095855713,1.3145753145217896,2.881643056869507,0.9866965709482353,0.7870906437605909
identity,0.0,256,256,4,32,128,8000,1,B,6.878664016723633,0.617872953414917,1.4833120107650757,0.872914232616382,0.7327572242792292
identity,0.0,256,256,4,32,128,8000,1,C,6.963525772094727,81.43327331542969,81.43323516845703,81.43327132419094,81.43327099189854
identity,0.0,256,256,4,32,128,8000,2,A,6.908991813659668,1.2083758115768433,2.5388710498809814,0.9844111652979938,0.7869006345425509
identity,0.0,256,256,4,32,128,8000,2,B,6.845637321472168,0.6239758133888245,1.1620155572891235,0.8714989094862087,0.743500816433935
identity,0.0,256,256,4,32,128,8000,2,C,7.005455493927002,81.65829467773438,81.65833282470703,81.6583280899297,81.65832763526124
identity,0.0,256,256,4,32,128,8000,3,A,6.85836124420166,1.3116408586502075,2.7309014797210693,0.9801571759039915,0.7929606613384027
identity,0.0,256,256,4,32,128,8000,3,B,6.836180686950684,0.6056374907493591,1.1283961534500122,0.860959012704824,0.7183434320059949
identity,0.0,256,256,4,32,128,8000,3,C,6.953836441040039,82.5860595703125,82.58607482910156,82.5860663284342,82.58606578629298
identity,0.0,256,256,4,32,128,8000,4,A,6.889659404754639,1.1617475748062134,2.346097946166992,0.9773007155122265,0.773411302465608
identity,0.0,256,256,4,32,128,8000,4,B,6.860916614532471,0.657558023929596,1.2687186002731323,0.8644511423990706,0.7308073884242492
identity,0.0,256,256,4,32,128,8000,4,C,6.965444087982178,80.94342803955078,80.94338989257812,80.94341493986488,80.94341333957385
identity,0.0,16,16,4,128,512,32000,4,A,6.731616020202637,0.45233607292175293,0.5226743221282959,0.3278258563498895,0.27643430543477615
identity,0.0,16,16,4,128,512,32000,4,B,6.760262966156006,0.06931526213884354,0.15693964064121246,0.04344339556950664,0.04352256857336621
identity,0.0,16,16,4,128,512,32000,4,C,6.914761543273926,5.259250164031982,5.259251594543457,5.259250724577463,5.259250724782191
identity,0.0,16,16,4,128,512,32000,2,A,6.7192840576171875,0.4441133141517639,0.46153900027275085,0.32976125231679104,0.2763043400871056
identity,0.0,16,16,4,128,512,32000,2,B,6.747086048126221,0.05816040560603142,0.17333132028579712,0.04352098731234776,0.04357477155813121
identity,0.0,16,16,4,128,512,32000,2,C,6.942113399505615,5.258955478668213,5.258955001831055,5.258955220632562,5.258955215115868
identity,0.0,16,16,4,128,512,32000,1,A,6.70866584777832,0.43800586462020874,0.5203836560249329,0.31938483625287234,0.2718376786688683
identity,0.0,16,16,4,128,512,32000,1,B,6.750303268432617,0.05363653972744942,0.13407447934150696,0.043513485414881335,0.04354726800076845
identity,0.0,16,16,4,128,512,32000,1,C,6.908501625061035,5.232478141784668,5.232479095458984,5.232478365964502,5.232478367117672
identity,0.0,16,16,4,128,512,32000,0,A,6.736522197723389,0.43841615319252014,0.5949640870094299,0.3160952898692904,0.27469646538529624
identity,0.0,16,16,4,128,512,32000,0,B,6.756425380706787,0.06095445528626442,0.14649781584739685,0.0438135093710141,0.04388923046039529
identity,0.0,16,16,4,128,512,32000,0,C,6.9100141525268555,5.233821392059326,5.233821868896484,5.2338216591588065,5.233821661700243
identity,0.0,16,16,4,128,512,32000,3,A,6.731747150421143,0.47116121649742126,0.5892807841300964,0.33888608545117777,0.285276982828702
identity,0.0,16,16,4,128,512,32000,3,B,6.758243560791016,0.05959198251366615,0.15278930962085724,0.043606335323704545,0.043736823886329164
identity,0.0,16,16,4,128,512,32000,3,C,6.910602569580078,5.242892742156982,5.242891788482666,5.2428927735981,5.24289277701089
identity,0.0,64,64,4,128,512,32000,2,A,6.773059844970703,1.0,0.9133011102676392,1.0000000000000009,0.8467985371764734
identity,0.0,64,64,4,128,512,32000,2,B,6.721402168273926,0.19764715433120728,0.4557647407054901,0.13427006264267824,0.13289244016824858
identity,0.0,64,64,4,128,512,32000,2,C,6.953702926635742,21.0404109954834,21.0404052734375,21.040408188360473,21.040408180762395
identity,0.0,64,64,4,128,512,32000,4,A,6.778678894042969,1.0000001192092896,0.9098812341690063,1.0,0.7040132148261345
identity,0.0,64,64,4,128,512,32000,4,B,6.7410969734191895,0.2000335305929184,0.3780931532382965,0.13367782157824035,0.1321929369448869
identity,0.0,64,64,4,128,512,32000,4,C,6.9380106925964355,20.997909545898438,20.997907638549805,20.997907438366287,20.997907410985494
identity,0.0,64,64,4,128,512,32000,0,A,6.77634334564209,1.0000001192092896,0.9616579413414001,1.0000000000000013,0.7570903015204494
identity,0.0,64,64,4,128,512,32000,0,B,6.7302093505859375,0.20530903339385986,0.3842591941356659,0.13510139919049977,0.1335774730698865
identity,0.0,64,64,4,128,512,32000,0,C,6.94911003112793,20.958633422851562,20.95863151550293,20.95862943606779,20.958629355211148
identity,0.0,64,64,4,128,512,32000,1,A,6.772701740264893,0.9999999403953552,1.1006747484207153,1.0000000000000002,0.7556236588301773
identity,0.0,64,64,4,128,512,32000,1,B,6.730978012084961,0.19836997985839844,0.44270750880241394,0.1331027005719114,0.13238449302307967
identity,0.0,64,64,4,128,512,32000,1,C,6.929512977600098,20.961687088012695,20.961685180664062,20.961688625541147,20.961688618244718
identity,0.0,64,64,4,128,512,32000,3,A,6.756421089172363,1.0000001192092896,0.8550963401794434,1.0000000000000004,0.7763784753367384
identity,0.0,64,64,4,128,512,32000,3,B,6.7397661209106445,0.19747693836688995,0.4281594157218933,0.1340931162043097,0.1331282647816427
identity,0.0,64,64,4,128,512,32000,3,C,6.952040672302246,21.01695442199707,21.016956329345703,21.016961063756963,21.016960995028906
identity,0.0,128,128,4,128,512,32000,0,A,6.998251914978027,0.8267874121665955,1.3852641582489014,1.0000000000000013,0.6910277810330949
identity,0.0,128,128,4,128,512,32000,0,B,6.895023345947266,0.3033231198787689,0.5452430844306946,0.2544407929893196,0.2472227886651755
identity,0.0,128,128,4,128,512,32000,0,C,7.0,42.12651062011719,42.12651062011719,42.126513633260245,42.12651336774361
identity,0.0,128,128,4,128,512,32000,2,A,6.98687219619751,0.8108822107315063,1.3767465353012085,1.0000000000000002,0.6804761410891461
identity,0.0,128,128,4,128,512,32000,2,B,6.8866777420043945,0.305267333984375,0.6100153923034668,0.2551919755761676,0.2470862282186313
identity,0.0,128,128,4,128,512,32000,2,C,6.998768329620361,42.14834213256836,42.14834976196289,42.148349538220266,42.14834923042523
identity,0.0,128,128,4,128,512,32000,1,A,6.971266746520996,0.8454703092575073,1.4709277153015137,0.9999999999999997,0.7037168872180011
identity,0.0,128,128,4,128,512,32000,1,B,6.878475666046143,0.29857146739959717,0.6566250920295715,0.2555309432419609,0.2486100258608964
identity,0.0,128,128,4,128,512,32000,1,C,6.992170333862305,41.98712158203125,41.98712158203125,41.98711990301246,41.987119552436646
identity,0.0,128,128,4,128,512,32000,3,A,6.96740198135376,0.8536463379859924,1.445807695388794,1.0000000000000004,0.6962525825686242
identity,0.0,128,128,4,128,512,32000,3,B,6.893580436706543,0.30741584300994873,0.7846369743347168,0.25529239745954874,0.24820050688852632
identity,0.0,128,128,4,128,512,32000,3,C,6.994164943695068,41.88588333129883,41.885868072509766,41.88587502118908,41.8858747322298
identity,0.0,128,128,4,128,512,32000,4,A,6.9882307052612305,0.8216321468353271,1.402669906616211,0.9999999999999997,0.687213268431119
identity,0.0,128,128,4,128,512,32000,4,B,6.88554048538208,0.30206236243247986,0.6294957399368286,0.2548381383381225,0.2459382104471768
identity,0.0,128,128,4,128,512,32000,4,C,6.993194580078125,42.06656265258789,42.066558837890625,42.0665483749759,42.06654812595234
identity,0.0,256,256,4,128,512,32000,0,A,7.214919090270996,1.287084937095642,2.2625222206115723,0.9850995877478461,0.6098669535957438
identity,0.0,256,256,4,128,512,32000,0,B,7.137255668640137,0.3760533034801483,0.915274441242218,0.47020985762837253,0.4243647798389109
identity,0.0,256,256,4,128,512,32000,0,C,7.120211601257324,84.4645767211914,84.46454620361328,84.46457964818211,84.464576985341
identity,0.0,256,256,4,128,512,32000,1,A,7.17033576965332,1.3578180074691772,2.3668129444122314,1.0000000000000002,0.6173658598596466
identity,0.0,256,256,4,128,512,32000,1,B,7.10966682434082,0.4020858705043793,0.8893297910690308,0.4723914005284456,0.4251618195734263
identity,0.0,256,256,4,128,512,32000,1,C,7.1017560958862305,84.52953338623047,84.5295181274414,84.52952482867968,84.52952293362172
identity,0.0,256,256,4,128,512,32000,2,A,7.179025650024414,1.258129358291626,2.1830620765686035,0.9817195908835931,0.6096364242718272
identity,0.0,256,256,4,128,512,32000,2,B,7.1416497230529785,0.3812108039855957,0.961595892906189,0.4715844157265497,0.4270310371938365
identity,0.0,256,256,4,128,512,32000,2,C,7.153101921081543,84.47823333740234,84.4782485961914,84.47824508867409,84.47824345818863
identity,0.0,256,256,4,128,512,32000,4,A,7.238461017608643,1.2085477113723755,2.301403284072876,0.9879822606476837,0.60126520747084
identity,0.0,256,256,4,128,512,32000,4,B,7.129571437835693,0.3905058205127716,0.9759292602539062,0.47314437693431227,0.42376884399908543
identity,0.0,256,256,4,128,512,32000,4,C,7.092166900634766,84.17355346679688,84.17353057861328,84.17354473217827,84.1735427583137
identity,0.0,256,256,4,128,512,32000,3,A,7.229874134063721,1.2505371570587158,2.2600889205932617,0.9869023407878952,0.6051988430128976
identity,0.0,256,256,4,128,512,32000,3,B,7.146822929382324,0.3750276267528534,0.9907920360565186,0.4709643566699369,0.4256278057099814
identity,0.0,256,256,4,128,512,32000,3,C,7.099117755889893,84.23719024658203,84.23719024658203,84.23718584593867,84.2371838717129
identity,0.0,16,16,4,512,2048,128000,0,A,6.897493839263916,0.3875523805618286,0.6098509430885315,0.20200733829330375,0.1933417072947191
identity,0.0,16,16,4,512,2048,128000,0,B,6.88262939453125,0.026791667565703392,0.10298347473144531,0.013749654353831919,0.013758247109838877
identity,0.0,16,16,4,512,2048,128000,0,C,6.953449249267578,5.301876068115234,5.301876544952393,5.301876558023953,5.301876555715734
identity,0.0,16,16,4,512,2048,128000,1,A,6.895127296447754,0.39895984530448914,0.5706064105033875,0.20138712963416758,0.19588723045515866
identity,0.0,16,16,4,512,2048,128000,1,B,6.893712043762207,0.033313579857349396,0.20958782732486725,0.014299324327563387,0.014416749066783512
identity,0.0,16,16,4,512,2048,128000,1,C,6.962644577026367,5.308603286743164,5.308603763580322,5.308603818546094,5.3086038155549575
identity,0.0,16,16,4,512,2048,128000,2,A,6.893560409545898,0.3949679434299469,0.511913001537323,0.1975412625875009,0.1890381090289646
identity,0.0,16,16,4,512,2048,128000,2,B,6.887416839599609,0.031086381524801254,0.12505505979061127,0.014249993580518322,0.01425148355157598
identity,0.0,16,16,4,512,2048,128000,2,C,6.955896377563477,5.3128156661987305,5.312816619873047,5.3128162783295645,5.31281627799968
identity,0.0,16,16,4,512,2048,128000,3,A,6.903667449951172,0.3911617398262024,0.6770161986351013,0.20412325670518444,0.19772198771086824
identity,0.0,16,16,4,512,2048,128000,3,B,6.887652397155762,0.022289609536528587,0.11279776692390442,0.0139611505983272,0.013960882011498763
identity,0.0,16,16,4,512,2048,128000,3,C,6.966797351837158,5.305501461029053,5.3055009841918945,5.305501348695563,5.3055013453505095
identity,0.25,16,16,4,8,32,2000,0,A,6.646798133850098,0.8226761221885681,0.7097243666648865,0.8742870323950013,0.6680965847918349
identity,0.25,16,16,4,8,32,2000,0,B,6.658289432525635,0.5513807535171509,0.5331575870513916,0.4946955039662423,0.44772497820593793
identity,0.25,16,16,4,8,32,2000,0,C,6.759210586547852,5.017075061798096,5.017075061798096,5.017074817829551,5.0170748026942595
identity,0.0,16,16,4,512,2048,128000,4,A,6.898561954498291,0.40641629695892334,0.6363192796707153,0.1971123848164502,0.18921127608149946
identity,0.0,16,16,4,512,2048,128000,4,B,6.893095016479492,0.02382737398147583,0.21886132657527924,0.013839428480783015,0.013873699906120467
identity,0.0,16,16,4,512,2048,128000,4,C,6.961367130279541,5.303149700164795,5.303149700164795,5.303150118624246,5.303150116878386
identity,0.25,16,16,4,8,32,2000,1,A,6.595841407775879,0.8688940405845642,0.7696168422698975,0.8920265136112391,0.7226486157530013
identity,0.25,16,16,4,8,32,2000,1,B,6.599394798278809,0.5264822244644165,0.5671101808547974,0.4831217802138487,0.4171141621469779
identity,0.25,16,16,4,8,32,2000,1,C,6.714652061462402,5.01971435546875,5.01971435546875,5.019714249766963,5.019714238033417
identity,0.25,16,16,4,8,32,2000,2,A,6.515673637390137,0.7443514466285706,0.7076700925827026,0.7700741418427673,0.6144275551605624
identity,0.25,16,16,4,8,32,2000,2,B,6.516534805297852,0.5114689469337463,0.4629015326499939,0.4598425603899441,0.37653899766757126
identity,0.25,16,16,4,8,32,2000,2,C,6.616228103637695,5.035501480102539,5.035501956939697,5.0355022384568215,5.035502225410348
identity,0.25,16,16,4,8,32,2000,3,A,6.5742363929748535,0.7511612772941589,0.7073647975921631,0.7962462473255223,0.6494279468276688
identity,0.25,16,16,4,8,32,2000,3,B,6.578531265258789,0.4716053605079651,0.506453812122345,0.4579964949871939,0.4144489800714611
identity,0.25,16,16,4,8,32,2000,3,C,6.68805456161499,4.932343482971191,4.932343006134033,4.932342780945175,4.932342786523574
identity,0.25,16,16,4,8,32,2000,4,A,6.610452651977539,0.7596037983894348,0.6245989203453064,0.7866422774908085,0.6315624878141884
identity,0.25,16,16,4,8,32,2000,4,B,6.609114646911621,0.5100035071372986,0.5391230583190918,0.49301089697310974,0.47257504379716575
identity,0.25,16,16,4,8,32,2000,4,C,6.7259039878845215,5.098820686340332,5.098820686340332,5.098820811811226,5.098820831615258
identity,0.25,64,64,4,8,32,2000,0,A,6.708789825439453,0.9232630729675293,1.3128371238708496,1.0000000000000002,0.8826970723294021
identity,0.25,64,64,4,8,32,2000,0,B,6.6759748458862305,0.743963360786438,0.9224994778633118,0.8474871511485097,0.8378522509429891
identity,0.25,64,64,4,8,32,2000,0,C,6.776554584503174,19.82465171813965,19.824655532836914,19.824654271577515,19.824654236291202
identity,0.25,64,64,4,8,32,2000,1,A,6.640385627746582,0.9509108066558838,1.35146164894104,0.9999999999999998,0.9380342049661947
identity,0.25,64,64,4,8,32,2000,1,B,6.612170696258545,0.7779126167297363,1.1196213960647583,0.85281087795946,0.8322142112504856
identity,0.25,64,64,4,8,32,2000,1,C,6.752290725708008,19.822845458984375,19.822843551635742,19.822847108883177,19.822847054964978
identity,0.25,64,64,4,8,32,2000,2,A,6.555948257446289,0.9552146196365356,1.4378209114074707,0.9999999999999998,0.9372024246392867
identity,0.25,64,64,4,8,32,2000,2,B,6.5409746170043945,0.7817502617835999,1.0329453945159912,0.9097669447125313,0.8949027688603298
identity,0.25,64,64,4,8,32,2000,2,C,6.63831901550293,19.506488800048828,19.506488800048828,19.506488679297178,19.506488662297613
identity,0.25,64,64,4,8,32,2000,3,A,6.622044563293457,0.9449252486228943,1.2741427421569824,0.9999999999999997,0.974526494930319
identity,0.25,64,64,4,8,32,2000,3,B,6.6078386306762695,0.7388129830360413,0.8261961936950684,0.8828667241948029,0.8616041932756376
identity,0.25,64,64,4,8,32,2000,3,C,6.702782154083252,18.91274070739746,18.912736892700195,18.91273955717824,18.91273965934231
identity,0.25,64,64,4,8,32,2000,4,A,6.642186164855957,0.8750706911087036,1.254874587059021,0.9999999999999999,0.9789789016946819
identity,0.25,64,64,4,8,32,2000,4,B,6.627114772796631,0.7781615257263184,0.9236035346984863,0.8765212956696878,0.868931945760809
identity,0.25,64,64,4,8,32,2000,4,C,6.7538557052612305,20.022151947021484,20.02215003967285,20.02215158425332,20.02215174166412
identity,0.25,128,128,4,8,32,2000,0,A,6.742746829986572,1.2865358591079712,2.2631051540374756,0.9813704914904487,0.9192858514562309
identity,0.25,128,128,4,8,32,2000,0,B,6.799871444702148,0.7876940965652466,1.4060614109039307,0.9200961984494188,0.8812407869918507
identity,0.25,128,128,4,8,32,2000,0,C,6.813117980957031,40.20834732055664,40.20832824707031,40.20834178807789,40.20834181795435
identity,0.25,128,128,4,8,32,2000,1,A,6.713342666625977,1.1710280179977417,1.821203351020813,0.9721548103928916,0.914606279132689
identity,0.25,128,128,4,8,32,2000,1,B,6.684391021728516,0.8070311546325684,1.4420652389526367,0.8959501736989491,0.8609514473479633
identity,0.25,128,128,4,8,32,2000,1,C,6.749140739440918,39.41815948486328,39.418155670166016,39.418161576898925,39.418161179480755
identity,0.0,64,64,4,512,2048,128000,1,A,7.060299873352051,0.7478175163269043,1.0983033180236816,0.8850472649649348,0.36707987628683075
identity,0.0,64,64,4,512,2048,128000,1,B,6.966570854187012,0.10398166626691818,0.513596773147583,0.03577117143483356,0.03573675572108149
identity,0.0,64,64,4,512,2048,128000,1,C,6.993587970733643,21.266704559326172,21.266704559326172,21.26670518251043,21.266705031838054
identity,0.25,128,128,4,8,32,2000,2,A,6.597954750061035,1.077458143234253,1.869657278060913,0.9737442378722988,0.9184015419815639
identity,0.25,128,128,4,8,32,2000,2,B,6.598251819610596,0.8691354990005493,2.06268572807312,0.9104924662545745,0.8834603097076543
identity,0.25,128,128,4,8,32,2000,2,C,6.7012529373168945,39.21023941040039,39.21023941040039,39.21023529866591,39.21023510969297
identity,0.0,64,64,4,512,2048,128000,2,A,7.056076526641846,0.7527578473091125,1.0415422916412354,0.884122705778561,0.3707472862582838
identity,0.0,64,64,4,512,2048,128000,2,B,6.966374397277832,0.09365664422512054,0.477100670337677,0.03581456936307917,0.035779193246800955
identity,0.0,64,64,4,512,2048,128000,2,C,6.995608329772949,21.269132614135742,21.269132614135742,21.269131502033254,21.269131345196215
identity,0.0,64,64,4,512,2048,128000,0,A,7.062713623046875,0.7506822347640991,1.148210048675537,0.8914098597928898,0.34866292196723053
identity,0.0,64,64,4,512,2048,128000,0,B,6.965327739715576,0.0938311293721199,0.4037337601184845,0.035667214891741066,0.03560847680733713
identity,0.0,64,64,4,512,2048,128000,0,C,7.002861499786377,21.231346130371094,21.23134422302246,21.231344396216844,21.231344251297568
identity,0.25,128,128,4,8,32,2000,3,A,6.6783857345581055,1.0479010343551636,1.887847900390625,0.9700333534109088,0.9110594523842129
identity,0.25,128,128,4,8,32,2000,3,B,6.662595748901367,0.7599695920944214,1.2467166185379028,0.8905670791300018,0.8477517002347528
identity,0.25,128,128,4,8,32,2000,3,C,6.717568397521973,38.41913604736328,38.41914749145508,38.41914016934316,38.41913987112211
identity,0.25,128,128,4,8,32,2000,4,A,6.708682060241699,1.122016191482544,2.1152634620666504,0.9720279999488265,0.9001102264726196
identity,0.25,128,128,4,8,32,2000,4,B,6.70701789855957,0.8153378367424011,1.5386974811553955,0.9073968593935433,0.8603768370664165
identity,0.25,128,128,4,8,32,2000,4,C,6.789562225341797,39.41446304321289,39.414466857910156,39.414467802457885,39.4144680821828
identity,0.25,256,256,4,8,32,2000,0,A,6.904017925262451,1.4153550863265991,2.839778184890747,0.9175801570147626,0.9032619795486682
identity,0.25,256,256,4,8,32,2000,0,B,6.857325077056885,0.8494868874549866,1.7336866855621338,0.9042490715139783,0.8865449753606941
identity,0.25,256,256,4,8,32,2000,0,C,6.888910293579102,81.81470489501953,81.81470489501953,81.81470464785619,81.81470448094903
identity,0.25,256,256,4,8,32,2000,1,A,6.8705949783325195,1.5578681230545044,2.9752631187438965,0.9216232700841555,0.9005511409252056
identity,0.25,256,256,4,8,32,2000,1,B,6.790650367736816,1.0158694982528687,2.2255611419677734,0.8944846979283964,0.87042640977658
identity,0.25,256,256,4,8,32,2000,1,C,6.798994541168213,81.00753784179688,81.00756072998047,81.0075351881161,81.00753532551289
identity,0.25,256,256,4,8,32,2000,2,A,6.775226593017578,1.3031301498413086,2.68381667137146,0.9181198536418296,0.9020575244168958
identity,0.25,256,256,4,8,32,2000,2,B,6.738567352294922,0.8810378909111023,1.8681355714797974,0.9021872254423061,0.8788753264161779
identity,0.25,256,256,4,8,32,2000,2,C,6.7201337814331055,79.5582046508789,79.55818176269531,79.55818648640177,79.55818668723046
identity,0.25,256,256,4,8,32,2000,3,A,6.819425106048584,1.3856534957885742,2.884549140930176,0.9200758099496597,0.8985075016420686
identity,0.25,256,256,4,8,32,2000,3,B,6.856895923614502,0.962183952331543,2.054480791091919,0.9054076425560628,0.8924777881922381
identity,0.25,256,256,4,8,32,2000,3,C,6.81723165512085,76.902099609375,76.90213012695312,76.90212832497474,76.90212656733999
identity,0.25,256,256,4,8,32,2000,4,A,6.836042881011963,1.402767300605774,3.2439537048339844,0.9188454923912333,0.898508364360932
identity,0.25,256,256,4,8,32,2000,4,B,6.838983535766602,0.9254218339920044,2.7956368923187256,0.9017109848373965,0.885829008663051
identity,0.25,256,256,4,8,32,2000,4,C,6.867014408111572,81.09581756591797,81.0958480834961,81.09585401083851,81.0958533555437
identity,0.0,64,64,4,512,2048,128000,3,A,7.073171138763428,0.7521888017654419,1.0566885471343994,0.8920180657654342,0.3811287277014106
identity,0.0,64,64,4,512,2048,128000,3,B,6.976726055145264,0.07161884009838104,0.4377093017101288,0.035544072431149126,0.03556868473438323
identity,0.0,64,64,4,512,2048,128000,3,C,6.999729633331299,21.262502670288086,21.26250457763672,21.262505853651454,21.262505701806507
identity,0.0,64,64,4,512,2048,128000,4,A,7.04356575012207,0.7465325593948364,1.1629735231399536,0.8868885197161325,0.3898794695724722
identity,0.0,64,64,4,512,2048,128000,4,B,6.973416805267334,0.0741797536611557,0.39084863662719727,0.03560648902591003,0.035582066036984696
identity,0.0,64,64,4,512,2048,128000,4,C,6.989171981811523,21.257129669189453,21.25712776184082,21.257128622999375,21.257128465719138
identity,0.25,16,16,4,32,128,8000,0,A,6.700949668884277,0.7614462971687317,0.6318873763084412,0.7026141715437754,0.5372925884690954
identity,0.25,16,16,4,32,128,8000,0,B,6.713321208953857,0.21924428641796112,0.36341920495033264,0.1502898567154514,0.14889336009509083
identity,0.25,16,16,4,32,128,8000,0,C,6.826330184936523,5.257400989532471,5.2574005126953125,5.2574014975243495,5.25740149247752
identity,0.25,16,16,4,32,128,8000,2,A,6.637559413909912,0.7243091464042664,0.660193681716919,0.6858909699775574,0.5374730461328581
identity,0.25,16,16,4,32,128,8000,2,B,6.642185211181641,0.22094208002090454,0.30887389183044434,0.15686589344646978,0.15474620856894994
identity,0.25,16,16,4,32,128,8000,2,C,6.743162155151367,5.235129356384277,5.235128879547119,5.235129452582209,5.235129444424893
identity,0.25,16,16,4,32,128,8000,1,A,6.641895771026611,0.7172302007675171,0.6465429663658142,0.6401431858568258,0.5286962099297894
identity,0.25,16,16,4,32,128,8000,1,B,6.6551618576049805,0.258579820394516,0.35766997933387756,0.1451154125755546,0.14174492429682264
identity,0.25,16,16,4,32,128,8000,1,C,6.76767635345459,5.1988019943237305,5.198801040649414,5.198801692274146,5.198801689550791
identity,0.25,16,16,4,32,128,8000,3,A,6.666864395141602,0.7436811327934265,0.6461448669433594,0.6308963619413357,0.5576580547864578
identity,0.25,16,16,4,32,128,8000,3,B,6.691431999206543,0.25385504961013794,0.3439837098121643,0.14917057290622865,0.1465274227124173
identity,0.25,16,16,4,32,128,8000,3,C,6.789458274841309,5.198493003845215,5.198493957519531,5.198493640161542,5.19849365267638
identity,0.25,16,16,4,32,128,8000,4,A,6.6434245109558105,0.7970609068870544,0.6441123485565186,0.7233354268480715,0.5606185557473282
identity,0.25,16,16,4,32,128,8000,4,B,6.667055606842041,0.24079561233520508,0.3321322798728943,0.15608066457040123,0.1545221732584607
identity,0.25,16,16,4,32,128,8000,4,C,6.759890556335449,5.256495475769043,5.256495475769043,5.256494980820253,5.256494975554869
identity,0.25,64,64,4,32,128,8000,0,A,6.776212692260742,0.9102938771247864,1.3127094507217407,0.9999999999999996,0.8491805849427083
identity,0.25,64,64,4,32,128,8000,0,B,6.751871109008789,0.5035104155540466,0.8678067326545715,0.5023823985033201,0.47914836434826324
identity,0.25,64,64,4,32,128,8000,0,C,6.846057415008545,20.980792999267578,20.98079490661621,20.980794435495373,20.980794411373168
identity,0.25,64,64,4,32,128,8000,1,A,6.716733932495117,0.9253566265106201,1.2596908807754517,0.9999999999999998,0.8379043970031141
identity,0.25,64,64,4,32,128,8000,1,B,6.680295944213867,0.4849267601966858,0.8629332184791565,0.49491885282318504,0.4791088316471075
identity,0.25,64,64,4,32,128,8000,1,C,6.772695064544678,20.624427795410156,20.62442970275879,20.624425652384602,20.624425622281503
identity,0.25,64,64,4,32,128,8000,2,A,6.703342437744141,0.9057655334472656,1.2936557531356812,0.9999999999999998,0.847604564420191
identity,0.25,64,64,4,32,128,8000,2,B,6.677472114562988,0.5107058882713318,0.8012115955352783,0.5068052880555117,0.4819001589823615
identity,0.25,64,64,4,32,128,8000,2,C,6.764396667480469,20.724565505981445,20.724567413330078,20.72456930203675,20.724569320667428
identity,0.25,64,64,4,32,128,8000,3,A,6.7380595207214355,0.9157859086990356,1.5004712343215942,1.0000000000000002,0.8634208110364988
identity,0.25,64,64,4,32,128,8000,3,B,6.727478981018066,0.48422226309776306,0.7844257950782776,0.5002923777150078,0.4826859196056558
identity,0.25,64,64,4,32,128,8000,3,C,6.8369927406311035,20.862224578857422,20.86222267150879,20.862224776820383,20.86222474739706
identity,0.25,64,64,4,32,128,8000,4,A,6.72178840637207,0.9144788980484009,1.269263505935669,0.9999999999999998,0.8577941469985717
identity,0.25,64,64,4,32,128,8000,4,B,6.68235969543457,0.5134851336479187,0.7503612041473389,0.5020770902736185,0.47564205541924803
identity,0.25,64,64,4,32,128,8000,4,C,6.787879467010498,20.887359619140625,20.887353897094727,20.887355772403083,20.887355732328672
identity,0.0,128,128,4,512,2048,128000,0,A,7.294887542724609,0.8734503388404846,1.64890456199646,0.9999999999999999,0.5292747403143051
identity,0.0,128,128,4,512,2048,128000,0,B,7.174096584320068,0.14538367092609406,0.7759169936180115,0.06438517638784987,0.06425484624805221
identity,0.0,128,128,4,512,2048,128000,0,C,7.050320625305176,42.51333236694336,42.5133056640625,42.5133181170803,42.513317230457446
identity,0.25,128,128,4,32,128,8000,0,A,6.88788366317749,1.0869073867797852,1.8639764785766602,0.9999999999999991,0.7487378820960833
identity,0.25,128,128,4,32,128,8000,0,B,6.85883903503418,0.5786771178245544,1.1802008152008057,0.7403261093356825,0.6132869329638535
identity,0.25,128,128,4,32,128,8000,0,C,6.914975166320801,42.00090789794922,42.00092315673828,42.00091965127515,42.00091975701598
identity,0.25,128,128,4,32,128,8000,1,A,6.822138786315918,1.1452991962432861,2.0103635787963867,0.9999999999999999,0.7479990657218858
identity,0.25,128,128,4,32,128,8000,1,B,6.770624160766602,0.5458818078041077,0.9495741724967957,0.7436146441700123,0.6318098721500753
identity,0.25,128,128,4,32,128,8000,1,C,6.82630729675293,41.349327087402344,41.34933853149414,41.34933740291759,41.34933742501623
identity,0.25,128,128,4,32,128,8000,2,A,6.817234992980957,1.1279397010803223,2.119875907897949,0.9999999999999997,0.7495189419658995
identity,0.25,128,128,4,32,128,8000,2,B,6.771911144256592,0.5754537582397461,1.1421304941177368,0.7506445135060341,0.6340996465905723
identity,0.25,128,128,4,32,128,8000,2,C,6.833775043487549,41.80472183227539,41.80472946166992,41.80471823032206,41.80471820675171
identity,0.0,128,128,4,512,2048,128000,1,A,7.296693325042725,0.8687182664871216,1.474041223526001,0.9999999999999996,0.5303772973438353
identity,0.0,128,128,4,512,2048,128000,1,B,7.186534404754639,0.1517919898033142,0.5095171928405762,0.06441771464467677,0.0641556182285129
identity,0.0,128,128,4,512,2048,128000,1,C,7.05482292175293,42.573631286621094,42.57363510131836,42.573625558469175,42.573624663359055
identity,0.25,128,128,4,32,128,8000,3,A,6.869479179382324,1.0705446004867554,1.8620566129684448,1.0000000000000007,0.7351805333807075
identity,0.25,128,128,4,32,128,8000,3,B,6.818010330200195,0.5811040997505188,1.2517671585083008,0.753065640123955,0.6395116143041237
identity,0.25,128,128,4,32,128,8000,3,C,6.855980396270752,41.689598083496094,41.68962097167969,41.68961655183316,41.689616334547004
identity,0.0,128,128,4,512,2048,128000,2,A,7.313941478729248,0.8700183629989624,1.4061845541000366,1.0000000000000002,0.5152667177817596
identity,0.0,128,128,4,512,2048,128000,2,B,7.174594402313232,0.14069072902202606,0.6221768856048584,0.06433132863294685,0.06422799802940468
identity,0.0,128,128,4,512,2048,128000,2,C,7.056421279907227,42.57460021972656,42.57460403442383,42.574606021330624,42.57460450834077
identity,0.25,128,128,4,32,128,8000,4,A,6.849184036254883,1.081041932106018,1.8495385646820068,0.9999999999999994,0.7452592429869839
identity,0.25,128,128,4,32,128,8000,4,B,6.7932353019714355,0.5844452977180481,0.9593363404273987,0.7456623213387921,0.6224290496630179
identity,0.25,128,128,4,32,128,8000,4,C,6.833649158477783,41.923587799072266,41.92359924316406,41.923595856415346,41.92359574504873
identity,0.25,256,256,4,32,128,8000,0,A,7.073609352111816,1.6421470642089844,2.6994831562042236,0.9466977740135949,0.7773698907536546
identity,0.25,256,256,4,32,128,8000,0,B,7.059004783630371,0.6703647971153259,1.3802123069763184,0.8445356859224721,0.6980158463942762
identity,0.25,256,256,4,32,128,8000,0,C,7.043911933898926,84.28684997558594,84.28684997558594,84.28684638364889,84.2868455486499
identity,0.25,256,256,4,32,128,8000,1,A,6.982026100158691,1.7472877502441406,3.0732262134552,0.9488718607153106,0.7738521386564093
identity,0.25,256,256,4,32,128,8000,1,B,6.9955034255981445,0.6759554743766785,1.5698343515396118,0.8423756288400593,0.7029798250985779
identity,0.25,256,256,4,32,128,8000,1,C,6.909048080444336,83.4240951538086,83.42406463623047,83.424074349889,83.42407377383365
identity,0.0,128,128,4,512,2048,128000,3,A,7.296507835388184,0.8699852824211121,1.5739164352416992,0.9999999999999993,0.5288999326611533
identity,0.0,128,128,4,512,2048,128000,3,B,7.169946193695068,0.1522810459136963,0.5428501963615417,0.06447533762415872,0.06422136685325532
identity,0.0,128,128,4,512,2048,128000,3,C,7.052816390991211,42.58021926879883,42.58020782470703,42.580219780930896,42.58021874108662
identity,0.25,256,256,4,32,128,8000,2,A,6.99861478805542,1.4564740657806396,2.7587461471557617,0.9604493234477403,0.7654739306822185
identity,0.25,256,256,4,32,128,8000,2,B,6.967434406280518,0.6489044427871704,1.5195926427841187,0.8402708201632045,0.7029950635885053
identity,0.25,256,256,4,32,128,8000,2,C,6.9602532386779785,83.66944122314453,83.6694107055664,83.66942537837605,83.66942451483723
identity,0.25,256,256,4,32,128,8000,3,A,7.022919178009033,1.7232575416564941,2.8851850032806396,0.95547231310817,0.7810652103729098
identity,0.25,256,256,4,32,128,8000,3,B,6.995702743530273,0.643412172794342,1.1856356859207153,0.8423132616111241,0.7026661325980466
identity,0.25,256,256,4,32,128,8000,3,C,6.947429180145264,83.98709869384766,83.98707580566406,83.98708726685786,83.98708663685876
identity,0.25,256,256,4,32,128,8000,4,A,7.000452995300293,1.4532722234725952,2.8362488746643066,0.9571830809226056,0.7623614430441545
identity,0.25,256,256,4,32,128,8000,4,B,7.018857479095459,0.651053786277771,1.5021876096725464,0.8490607974741323,0.7062651709757318
identity,0.25,256,256,4,32,128,8000,4,C,6.92442512512207,84.16870880126953,84.168701171875,84.1687009745972,84.1687003870045
identity,0.0,128,128,4,512,2048,128000,4,A,7.306527137756348,0.8614781498908997,1.591926097869873,1.0000000000000002,0.5303597059529822
identity,0.0,128,128,4,512,2048,128000,4,B,7.173778533935547,0.15413154661655426,0.5880988836288452,0.06427117128174677,0.06402570089732332
identity,0.0,128,128,4,512,2048,128000,4,C,7.043895721435547,42.54503631591797,42.54502868652344,42.54503093707408,42.54502993931947
identity,0.25,16,16,4,128,512,32000,2,A,6.751256942749023,0.6124869585037231,0.7591350674629211,0.3440861631328913,0.2817734537302982
identity,0.25,16,16,4,128,512,32000,2,B,6.7420654296875,0.18786895275115967,0.5176380276679993,0.049057108596110705,0.04900651144924103
identity,0.25,16,16,4,128,512,32000,2,C,6.79600715637207,5.3105998039245605,5.3105998039245605,5.310599424293545,5.310599426497852
identity,0.25,16,16,4,128,512,32000,1,A,6.7711100578308105,0.6113336682319641,0.7092999219894409,0.33592854672229006,0.28209722987101704
identity,0.25,16,16,4,128,512,32000,1,B,6.776059627532959,0.16343073546886444,0.2506214678287506,0.04916673495486438,0.04880328500605024
identity,0.25,16,16,4,128,512,32000,1,C,6.838192939758301,5.304237365722656,5.304238319396973,5.304238063712389,5.304238064425752
identity,0.25,16,16,4,128,512,32000,0,A,6.774487018585205,0.639167845249176,0.7657577395439148,0.34658137995798927,0.2912896125044554
identity,0.25,16,16,4,128,512,32000,0,B,6.775856971740723,0.18324731290340424,0.34855055809020996,0.04788722867501197,0.04761018548360594
identity,0.25,16,16,4,128,512,32000,0,C,6.8102593421936035,5.31682014465332,5.316819667816162,5.316820368496379,5.316820368817569
identity,0.25,16,16,4,128,512,32000,3,A,6.775651931762695,0.6403250098228455,0.8231028914451599,0.34115720357213597,0.28264380123325356
identity,0.25,16,16,4,128,512,32000,3,B,6.764351844787598,0.18077056109905243,0.39764082431793213,0.04874158851753229,0.04835421699074016
identity,0.25,16,16,4,128,512,32000,3,C,6.807090759277344,5.312435626983643,5.312436103820801,5.312435426641638,5.312435427662364
identity,0.25,16,16,4,128,512,32000,4,A,6.750612258911133,0.641322135925293,0.7500810027122498,0.34134439899721286,0.2837957906859934
identity,0.25,16,16,4,128,512,32000,4,B,6.752274513244629,0.14774881303310394,0.39606067538261414,0.04908268160378559,0.04884326962779278
identity,0.25,16,16,4,128,512,32000,4,C,6.785179615020752,5.310925483703613,5.310926914215088,5.310925553617963,5.310925552782639
identity,0.25,64,64,4,128,512,32000,0,A,6.891443729400635,0.9241443276405334,1.5311611890792847,1.0000000000000002,0.6243606622125764
identity,0.25,64,64,4,128,512,32000,0,B,6.84231424331665,0.3030425012111664,0.9236540794372559,0.13693027173591765,0.1353693581705363
identity,0.25,64,64,4,128,512,32000,0,C,6.837358474731445,21.243860244750977,21.243865966796875,21.243862025802713,21.24386199358309
identity,0.25,64,64,4,128,512,32000,1,A,6.889272689819336,0.9265344738960266,1.3810391426086426,0.9999999999999997,0.652326378297851
identity,0.25,64,64,4,128,512,32000,1,B,6.8647356033325195,0.2998654842376709,1.0939358472824097,0.13637396725950757,0.13490135489753738
identity,0.25,64,64,4,128,512,32000,1,C,6.844656467437744,21.196062088012695,21.196060180664062,21.19605983894622,21.19605979430513
identity,0.25,64,64,4,128,512,32000,2,A,6.875539302825928,0.9141274690628052,1.361836552619934,0.9999999999999996,0.5984986103005197
identity,0.25,64,64,4,128,512,32000,2,B,6.824985504150391,0.2954043447971344,0.5951911211013794,0.13720019598137898,0.1350390798601254
identity,0.25,64,64,4,128,512,32000,2,C,6.825734615325928,21.244104385375977,21.24410057067871,21.244098851655966,21.244098802321762
identity,0.25,64,64,4,128,512,32000,3,A,6.899887561798096,0.921018123626709,1.3914039134979248,0.9999999999999999,0.6150566292831736
identity,0.25,64,64,4,128,512,32000,3,B,6.839322566986084,0.2967911958694458,0.8157768249511719,0.13659499757712382,0.13490178917646373
identity,0.25,64,64,4,128,512,32000,3,C,6.835331916809082,21.22524070739746,21.225242614746094,21.225243456390764,21.2252434255295
identity,0.0,256,256,4,512,2048,128000,0,A,7.466989517211914,0.9252069592475891,2.384201765060425,1.0000000000000007,0.6713904933393522
identity,0.0,256,256,4,512,2048,128000,0,B,7.450496673583984,0.1815960556268692,0.8923887610435486,0.1260994259103188,0.12537046794787965
identity,0.0,256,256,4,512,2048,128000,0,C,7.176514148712158,85.16236877441406,85.16240692138672,85.162395445785,85.16238792380372
identity,0.25,64,64,4,128,512,32000,4,A,6.863985061645508,0.9204610586166382,1.3732504844665527,1.0000000000000009,0.5994181954922377
identity,0.25,64,64,4,128,512,32000,4,B,6.829251766204834,0.2653386890888214,0.8172956109046936,0.1354653058473256,0.13353301497636386
identity,0.25,64,64,4,128,512,32000,4,C,6.824069023132324,21.227392196655273,21.227388381958008,21.22739002317858,21.22738997365168
identity,0.25,128,128,4,128,512,32000,0,A,7.031855583190918,0.9366891980171204,1.7648123502731323,1.0000000000000004,0.7208174987728725
identity,0.25,128,128,4,128,512,32000,0,B,6.964343547821045,0.3418056070804596,0.7431733012199402,0.25405167639350196,0.24474490150894435
identity,0.25,128,128,4,128,512,32000,0,C,6.8889360427856445,42.50141143798828,42.50140380859375,42.5014053326615,42.50140502864592
identity,0.25,128,128,4,128,512,32000,1,A,7.050471305847168,0.9301564693450928,1.6606968641281128,1.0000000000000004,0.7319745727568602
identity,0.25,128,128,4,128,512,32000,1,B,6.982942581176758,0.36202576756477356,1.0137691497802734,0.2557530576225117,0.24682372912158174
identity,0.25,128,128,4,128,512,32000,1,C,6.9079132080078125,42.445098876953125,42.44510269165039,42.44509074006739,42.44509041739684
identity,0.25,128,128,4,128,512,32000,2,A,7.020262718200684,0.9415775537490845,1.6272153854370117,1.0000000000000009,0.7131104592471491
identity,0.25,128,128,4,128,512,32000,2,B,6.967265605926514,0.35805049538612366,0.9196128249168396,0.2554288693714807,0.24685571519436522
identity,0.25,128,128,4,128,512,32000,2,C,6.877664089202881,42.480064392089844,42.480079650878906,42.480073223873035,42.48007293118806
identity,0.0,256,256,4,512,2048,128000,2,A,7.486233234405518,0.9134344458580017,2.364128589630127,0.9999999999999993,0.665233740156793
identity,0.0,256,256,4,512,2048,128000,2,B,7.420830726623535,0.19504418969154358,0.8497545719146729,0.1262035839290754,0.1254562306459107
identity,0.0,256,256,4,512,2048,128000,2,C,7.1618571281433105,85.2196044921875,85.21957397460938,85.2195774915298,85.21956955130189
identity,0.0,256,256,4,512,2048,128000,1,A,7.468977451324463,0.9055623412132263,2.2323527336120605,0.9999999999999993,0.6525516201923518
identity,0.0,256,256,4,512,2048,128000,1,B,7.457079887390137,0.18240389227867126,0.8176596164703369,0.12623097102934194,0.12558994620373212
identity,0.0,256,256,4,512,2048,128000,1,C,7.206005573272705,85.1548843383789,85.1549301147461,85.15490438329569,85.15489721266023
identity,0.25,128,128,4,128,512,32000,3,A,7.0417375564575195,0.9544008374214172,1.7813866138458252,0.9999999999999997,0.73501701158241
identity,0.25,128,128,4,128,512,32000,3,B,6.977415084838867,0.3453971743583679,0.9305365085601807,0.2546613010149085,0.24414125355342836
identity,0.25,128,128,4,128,512,32000,3,C,6.891584873199463,42.46116638183594,42.46115493774414,42.461154093823026,42.46115377548333
identity,0.25,128,128,4,128,512,32000,4,A,7.003044605255127,0.9533942341804504,1.6992955207824707,1.0,0.7348608030984646
identity,0.25,128,128,4,128,512,32000,4,B,6.949250221252441,0.33356374502182007,0.9349133968353271,0.2540425549065867,0.2475468577169232
identity,0.25,128,128,4,128,512,32000,4,C,6.853311538696289,42.46129608154297,42.4612922668457,42.46128956495653,42.461289300611405
identity,0.25,256,256,4,128,512,32000,0,A,7.207197189331055,1.4451415538787842,2.7292251586914062,0.9852644351979024,0.6151455820349437
identity,0.25,256,256,4,128,512,32000,0,B,7.149680137634277,0.4040660560131073,0.9762097597122192,0.4715945962167662,0.4203482666457395
identity,0.25,256,256,4,128,512,32000,0,C,7.031476974487305,85.08757781982422,85.08755493164062,85.08758527885811,85.08758277028642
identity,0.25,256,256,4,128,512,32000,1,A,7.186245918273926,1.4034695625305176,2.700913906097412,0.9955676109565254,0.6125063746279541
identity,0.25,256,256,4,128,512,32000,1,B,7.15948486328125,0.40677040815353394,1.0927833318710327,0.4704406232707959,0.4194567593865979
identity,0.25,256,256,4,128,512,32000,1,C,6.993680953979492,84.98673248291016,84.98677825927734,84.98676428073881,84.98676210629515
identity,0.25,256,256,4,128,512,32000,2,A,7.151846885681152,1.3841350078582764,2.398725748062134,0.9999999999999999,0.6114430674851733
identity,0.25,256,256,4,128,512,32000,2,B,7.131659507751465,0.3865903317928314,1.0878961086273193,0.46983480164621494,0.41890621069517087
identity,0.25,256,256,4,128,512,32000,2,C,6.986489295959473,85.02651977539062,85.0264892578125,85.02648163391008,85.02647909228008
identity,0.25,256,256,4,128,512,32000,3,A,7.185518741607666,1.380938172340393,2.6228439807891846,0.9822891270948851,0.6091761814834626
identity,0.25,256,256,4,128,512,32000,3,B,7.174000263214111,0.3918289542198181,1.03616464138031,0.47008107481617817,0.4214365446120504
identity,0.25,256,256,4,128,512,32000,3,C,7.016549110412598,84.88568115234375,84.88567352294922,84.8856506732958,84.88564882480604
identity,0.25,256,256,4,128,512,32000,4,A,7.1827592849731445,1.4593509435653687,2.6834499835968018,0.9929501937289221,0.6119784162140294
identity,0.25,256,256,4,128,512,32000,4,B,7.153996467590332,0.39128395915031433,1.1348663568496704,0.4712404711465173,0.4288376462175279
identity,0.25,256,256,4,128,512,32000,4,C,6.983391761779785,84.9692153930664,84.96920013427734,84.9691961000769,84.96919392444028
identity,0.0,256,256,4,512,2048,128000,3,A,7.463169574737549,0.9220128059387207,2.3780617713928223,0.9999999999999997,0.6518711160330919
identity,0.0,256,256,4,512,2048,128000,3,B,7.463183403015137,0.20527483522891998,1.04391610622406,0.12640190463242787,0.12554401079160862
identity,0.0,256,256,4,512,2048,128000,3,C,7.163340091705322,85.16966247558594,85.16970825195312,85.1696835452341,85.16967662674494
identity,0.0,256,256,4,512,2048,128000,4,A,7.465214252471924,0.9125519394874573,2.3062314987182617,0.9999999999999996,0.6573620883718126
identity,0.0,256,256,4,512,2048,128000,4,B,7.439332008361816,0.19084863364696503,0.959148645401001,0.1262885394859299,0.12545982401195377
identity,0.0,256,256,4,512,2048,128000,4,C,7.18884801864624,85.18310546875,85.18311309814453,85.18309478626504,85.18308813246877
identity,0.25,16,16,4,512,2048,128000,0,A,6.848846912384033,0.6824433207511902,1.405574083328247,0.18621360247608337,0.19159495292242107
identity,0.25,16,16,4,512,2048,128000,0,B,6.816235065460205,0.05125803500413895,0.8249316811561584,0.01233542295782431,0.012600491540366136
identity,0.25,16,16,4,512,2048,128000,0,C,6.822346210479736,5.3277812004089355,5.327780723571777,5.327780968530978,5.327780966619491
identity,0.25,16,16,4,512,2048,128000,2,A,6.8465576171875,0.6799877882003784,1.3805829286575317,0.18458789334609757,0.18881510217840908
identity,0.25,16,16,4,512,2048,128000,2,B,6.817638874053955,0.08718729764223099,0.36820682883262634,0.011444544477189384,0.011493236109261102
identity,0.25,16,16,4,512,2048,128000,2,C,6.821288108825684,5.328747272491455,5.328747272491455,5.328747128261894,5.32874712640989
identity,0.25,16,16,4,512,2048,128000,1,A,6.855563163757324,0.6722822189331055,1.4736900329589844,0.19056715974434232,0.1978650909700437
identity,0.25,16,16,4,512,2048,128000,1,B,6.828249454498291,0.03299419954419136,0.7955633401870728,0.012884743852785279,0.012937408721731266
identity,0.25,16,16,4,512,2048,128000,1,C,6.825369834899902,5.328059673309326,5.328059673309326,5.328060076055713,5.328060074858861
identity,0.25,16,16,4,512,2048,128000,3,A,6.842185974121094,0.7011430859565735,1.4539772272109985,0.18838826587536622,0.19048095769161433
identity,0.25,16,16,4,512,2048,128000,3,B,6.816459655761719,0.08112222701311111,0.46062353253364563,0.012359429548777948,0.012375059952370097
identity,0.25,16,16,4,512,2048,128000,3,C,6.824252128601074,5.32861328125,5.32861328125,5.328613571086879,5.328613569609508
identity,0.5,16,16,4,8,32,2000,0,A,6.732604503631592,0.8190299272537231,0.9864368438720703,0.834653113102981,0.5591600565948455
identity,0.5,16,16,4,8,32,2000,0,B,6.732179641723633,0.6587777733802795,0.9212982058525085,0.5681063523172816,0.5151341891738319
identity,0.5,16,16,4,8,32,2000,0,C,6.760800361633301,5.166969299316406,5.166968822479248,5.1669698024776896,5.166969795746284
identity,0.5,16,16,4,8,32,2000,1,A,6.678375244140625,0.9044396281242371,1.0530368089675903,0.9941852706030901,0.6853071783896196
identity,0.5,16,16,4,8,32,2000,1,B,6.674584865570068,0.6161211133003235,0.9072311520576477,0.5426656697125684,0.45378786000689475
identity,0.5,16,16,4,8,32,2000,1,C,6.712579727172852,5.117109775543213,5.117109298706055,5.117109670943405,5.11710968757176
identity,0.25,16,16,4,512,2048,128000,4,A,6.8461408615112305,0.6781507134437561,1.4521677494049072,0.18249758894477358,0.1860395374411519
identity,0.25,16,16,4,512,2048,128000,4,B,6.8256144523620605,0.06654620170593262,0.5361664891242981,0.011217649557570212,0.011270883736591367
identity,0.25,16,16,4,512,2048,128000,4,C,6.813002586364746,5.328529357910156,5.328529357910156,5.328528764040241,5.328528762563073
identity,0.5,16,16,4,8,32,2000,2,A,6.546189308166504,0.8904561400413513,1.0636323690414429,1.0,0.722772778319766
identity,0.5,16,16,4,8,32,2000,2,B,6.54561185836792,0.6784856915473938,0.8275609612464905,0.5361973825065683,0.4212893174281508
identity,0.5,16,16,4,8,32,2000,2,C,6.573287487030029,5.208951473236084,5.208951473236084,5.208951771488476,5.208951764418308
identity,0.5,16,16,4,8,32,2000,3,A,6.643674373626709,0.7959961891174316,0.8868559002876282,0.8598275323538134,0.5984494832291845
identity,0.5,16,16,4,8,32,2000,3,B,6.635979652404785,0.5515559315681458,0.9372553825378418,0.5192212853801582,0.4290962895221282
identity,0.5,16,16,4,8,32,2000,3,C,6.67092227935791,5.125056266784668,5.12505578994751,5.125056150357222,5.12505614406246
identity,0.5,16,16,4,8,32,2000,4,A,6.693116664886475,0.8170166015625,0.8227005004882812,0.8735829865216489,0.6292262908169354
identity,0.5,16,16,4,8,32,2000,4,B,6.685976028442383,0.5242598652839661,0.7092020511627197,0.5154773520143501,0.40582061222973304
identity,0.5,16,16,4,8,32,2000,4,C,6.71859884262085,5.185394763946533,5.18539571762085,5.185395645275712,5.185395648039079
identity,0.5,64,64,4,8,32,2000,0,A,6.770617485046387,1.105027198791504,1.8437365293502808,1.0,0.8778542408270268
identity,0.5,64,64,4,8,32,2000,0,B,6.774843215942383,0.7480154037475586,1.217618465423584,0.7933438781477195,0.7034490657215104
identity,0.5,64,64,4,8,32,2000,0,C,6.783495903015137,20.534835815429688,20.534833908081055,20.534834934389938,20.53483498352735
identity,0.5,64,64,4,8,32,2000,1,A,6.720093727111816,1.2234240770339966,2.254626750946045,1.0000000000000002,0.8735751973610101
identity,0.5,64,64,4,8,32,2000,1,B,6.702110290527344,0.8781625628471375,2.0082502365112305,0.8416474759036144,0.7665655296445801
identity,0.5,64,64,4,8,32,2000,1,C,6.743582725524902,20.243175506591797,20.243175506591797,20.243175784302192,20.243175777857164
identity,0.5,64,64,4,8,32,2000,2,A,6.584946632385254,1.1685574054718018,2.5499277114868164,1.0000000000000007,0.8723994707447004
identity,0.5,64,64,4,8,32,2000,2,B,6.592716217041016,0.8152384757995605,2.1589977741241455,0.8669571136197325,0.7624748418325941
identity,0.5,64,64,4,8,32,2000,2,C,6.600997447967529,20.68364906311035,20.68364906311035,20.683647542444096,20.683647531218853
identity,0.5,64,64,4,8,32,2000,3,A,6.679048538208008,1.1720291376113892,2.1602485179901123,0.999999999999999,0.9225190894435541
identity,0.5,64,64,4,8,32,2000,3,B,6.685980796813965,0.7377282977104187,1.0418027639389038,0.8018155570897395,0.7459137407860346
identity,0.5,64,64,4,8,32,2000,3,C,6.675172805786133,19.570903778076172,19.570899963378906,19.57090209537463,19.570902029167787
identity,0.5,64,64,4,8,32,2000,4,A,6.716061592102051,1.0391223430633545,1.5991400480270386,1.0000000000000002,0.8853605394212344
identity,0.5,64,64,4,8,32,2000,4,B,6.722670555114746,0.6885367035865784,0.9965295195579529,0.817556833402988,0.7407855267618031
identity,0.5,64,64,4,8,32,2000,4,C,6.734922409057617,20.472152709960938,20.47215461730957,20.472156387342114,20.47215639753924
identity,0.5,128,128,4,8,32,2000,0,A,6.815828800201416,1.7688729763031006,2.924260139465332,0.9540320258154634,0.8874095504976676
identity,0.5,128,128,4,8,32,2000,0,B,6.852892875671387,0.8513034582138062,1.8007020950317383,0.897151169724346,0.8459229500624108
identity,0.5,128,128,4,8,32,2000,0,C,6.816818714141846,40.62872314453125,40.62873077392578,40.6287249875863,40.62872487229896
identity,0.5,128,128,4,8,32,2000,1,A,6.787862777709961,1.5017231702804565,2.6671791076660156,0.94259349714046,0.8758572429961512
identity,0.5,128,128,4,8,32,2000,1,B,6.764750003814697,0.903168261051178,3.261138439178467,0.8713034402022867,0.8049353026306979
identity,0.5,128,128,4,8,32,2000,1,C,6.749853134155273,40.272830963134766,40.272850036621094,40.27282977179492,40.27282995744177
identity,0.5,128,128,4,8,32,2000,2,A,6.6327009201049805,1.5336878299713135,2.8165814876556396,0.9735153433315252,0.877455123633278
identity,0.5,128,128,4,8,32,2000,2,B,6.625057220458984,1.0431787967681885,2.7565979957580566,0.8915210902447936,0.8080245000770431
identity,0.5,128,128,4,8,32,2000,2,C,6.618905544281006,41.45360565185547,41.45359420776367,41.45359014810105,41.45359013443056
identity,0.5,128,128,4,8,32,2000,3,A,6.733807563781738,1.4655022621154785,2.4666004180908203,0.9756663223618316,0.8931406533830983
identity,0.5,128,128,4,8,32,2000,3,B,6.722046852111816,0.7886373996734619,2.256333351135254,0.8975514028037501,0.8401900637533846
identity,0.5,128,128,4,8,32,2000,3,C,6.70740270614624,39.0803108215332,39.08032989501953,39.08032317123657,39.08032315871187
identity,0.5,128,128,4,8,32,2000,4,A,6.813175201416016,1.4220823049545288,3.226728916168213,0.9718974951424856,0.8988135111242588
identity,0.5,128,128,4,8,32,2000,4,B,6.775113582611084,0.8138060569763184,1.6489709615707397,0.8571946455285506,0.7869226484696867
identity,0.5,128,128,4,8,32,2000,4,C,6.765955448150635,40.79130172729492,40.79130554199219,40.791302543728,40.79130266624387
identity,0.5,256,256,4,8,32,2000,0,A,6.972987651824951,2.124828577041626,4.122326850891113,0.9224561899139238,0.9069529055396308
identity,0.5,256,256,4,8,32,2000,0,B,6.9420952796936035,1.1235872507095337,2.933746337890625,0.8979039515861017,0.8690938530463719
identity,0.5,256,256,4,8,32,2000,0,C,6.87861967086792,81.9542236328125,81.95421600341797,81.95422212915497,81.95422214388822
identity,0.25,64,64,4,512,2048,128000,0,A,7.006964683532715,0.9255845546722412,1.6508705615997314,0.9015028561046491,0.39157106318978074
identity,0.25,64,64,4,512,2048,128000,0,B,6.923837661743164,0.20773184299468994,0.7458920478820801,0.03268674152362679,0.03259449301554941
identity,0.25,64,64,4,512,2048,128000,0,C,6.839224815368652,21.311946868896484,21.311948776245117,21.311951279259596,21.311951165415945
identity,0.5,256,256,4,8,32,2000,1,A,6.913946151733398,2.210756778717041,3.581205129623413,0.9206297166933597,0.8971165397398562
identity,0.5,256,256,4,8,32,2000,1,B,6.8878984451293945,1.0451160669326782,2.513885974884033,0.9129901312209712,0.8891062406937825
identity,0.5,256,256,4,8,32,2000,1,C,6.864688873291016,81.89148712158203,81.89151763916016,81.89148753570578,81.8914872573062
identity,0.5,256,256,4,8,32,2000,2,A,6.811075210571289,2.0090761184692383,5.208947658538818,0.9161791989326223,0.8893211058650093
identity,0.5,256,256,4,8,32,2000,2,B,6.764981269836426,1.0499590635299683,2.3575825691223145,0.8993968057716437,0.8722472422596206
identity,0.5,256,256,4,8,32,2000,2,C,6.683428764343262,82.779541015625,82.77954864501953,82.77954098696296,82.77954102897662
identity,0.5,256,256,4,8,32,2000,3,A,6.880256652832031,2.000091075897217,3.672558069229126,0.923481829558256,0.8961842380681961
identity,0.5,256,256,4,8,32,2000,3,B,6.879338264465332,1.1416927576065063,2.87910795211792,0.9028430340034151,0.8794443887331668
identity,0.5,256,256,4,8,32,2000,3,C,6.769296646118164,75.87777709960938,75.87775421142578,75.87775216247213,75.87775354237941
identity,0.25,64,64,4,512,2048,128000,1,A,7.001980781555176,0.9326873421669006,1.585696816444397,0.9062979350741668,0.39701620632104423
identity,0.25,64,64,4,512,2048,128000,1,B,6.933887481689453,0.17441625893115997,0.7334240078926086,0.03270915788886901,0.03267366526948343
identity,0.25,64,64,4,512,2048,128000,1,C,6.86897087097168,21.310832977294922,21.310827255249023,21.310829273455766,21.310829144566448
identity,0.5,256,256,4,8,32,2000,4,A,6.917444229125977,1.823964238166809,3.829375743865967,0.9135992635132802,0.8829751473640647
identity,0.5,256,256,4,8,32,2000,4,B,6.925793647766113,1.0160582065582275,2.5619423389434814,0.9035043622409765,0.8760169574833359
identity,0.5,256,256,4,8,32,2000,4,C,6.831507682800293,82.77264404296875,82.77262878417969,82.77264128697911,82.77264103022512
identity,0.5,16,16,4,32,128,8000,0,A,6.744253158569336,0.9005348682403564,1.1736022233963013,0.8394693173062092,0.5143577303130438
identity,0.5,16,16,4,32,128,8000,0,B,6.7442827224731445,0.3045831024646759,0.7144622206687927,0.1695147297918096,0.16829405647231063
identity,0.5,16,16,4,32,128,8000,0,C,6.770400524139404,5.266899108886719,5.266899585723877,5.266899240722495,5.266899237493444
identity,0.5,16,16,4,32,128,8000,1,A,6.656013488769531,0.9691670536994934,1.2112895250320435,0.8629744710231071,0.5202418502230215
identity,0.5,16,16,4,32,128,8000,1,B,6.653637886047363,0.3154255747795105,0.8493900299072266,0.17888898168249578,0.17560092029616892
identity,0.5,16,16,4,32,128,8000,1,C,6.670289993286133,5.257699489593506,5.257697582244873,5.257699253979956,5.257699254282946
identity,0.5,16,16,4,32,128,8000,2,A,6.643122673034668,0.8489498496055603,0.973456859588623,0.8160896813748881,0.5287353161403805
identity,0.5,16,16,4,32,128,8000,2,B,6.6328654289245605,0.2839978039264679,0.7696375250816345,0.1822545719294071,0.1806822860523458
identity,0.5,16,16,4,32,128,8000,2,C,6.6640119552612305,5.2738356590271,5.273837089538574,5.273836014065439,5.273836011532208
identity,0.5,16,16,4,32,128,8000,3,A,6.69981575012207,0.9564208388328552,1.1307276487350464,0.8861261504364608,0.587124216588507
identity,0.5,16,16,4,32,128,8000,3,B,6.704265117645264,0.29231688380241394,0.6944044232368469,0.18512331147501418,0.18405443870783225
identity,0.5,16,16,4,32,128,8000,3,C,6.719353675842285,5.236148357391357,5.236146926879883,5.236147941100359,5.236147946079646
identity,0.5,16,16,4,32,128,8000,4,A,6.661702632904053,0.9771720170974731,0.9697018265724182,0.877941224760961,0.5429939651689949
identity,0.5,16,16,4,32,128,8000,4,B,6.657052040100098,0.3494180738925934,0.6779706478118896,0.18736418728382073,0.18286037022342191
identity,0.5,16,16,4,32,128,8000,4,C,6.679337024688721,5.245068550109863,5.2450690269470215,5.245069174942747,5.245069168899112
identity,0.25,64,64,4,512,2048,128000,2,A,7.002860069274902,0.9440015554428101,1.7032049894332886,0.9003329331428228,0.36998500475428575
identity,0.25,64,64,4,512,2048,128000,2,B,6.93179988861084,0.17155398428440094,0.857285737991333,0.032506597896860175,0.0324858598986373
identity,0.25,64,64,4,512,2048,128000,2,C,6.851663112640381,21.309566497802734,21.3095645904541,21.309562474650587,21.309562344529443
identity,0.5,64,64,4,32,128,8000,0,A,6.823631286621094,1.1024502515792847,1.9742804765701294,1.0,0.7226049067574123
identity,0.5,64,64,4,32,128,8000,0,B,6.811623573303223,0.561122715473175,1.5131678581237793,0.4901805471149259,0.44128614206215927
identity,0.5,64,64,4,32,128,8000,0,C,6.778420925140381,21.024017333984375,21.024015426635742,21.02401664428283,21.02401664769948
identity,0.5,64,64,4,32,128,8000,1,A,6.728629112243652,1.1738947629928589,2.3438284397125244,0.9999999999999996,0.7370285939341229
identity,0.5,64,64,4,32,128,8000,1,B,6.698764324188232,0.5999755859375,1.619016170501709,0.48775979429573996,0.44083155415982234
identity,0.5,64,64,4,32,128,8000,1,C,6.698707580566406,20.850482940673828,20.850486755371094,20.850483134325735,20.850483101173687
identity,0.25,64,64,4,512,2048,128000,3,A,7.006187438964844,0.9442875385284424,1.6662636995315552,0.9109900681016888,0.41569641077554076
identity,0.25,64,64,4,512,2048,128000,3,B,6.927829742431641,0.19449423253536224,1.0978200435638428,0.03255142800836772,0.03250116287447532
identity,0.25,64,64,4,512,2048,128000,3,C,6.853053092956543,21.30881690979004,21.308815002441406,21.308819480813185,21.308819369477032
identity,0.5,64,64,4,32,128,8000,2,A,6.71058464050293,1.126523733139038,2.3819820880889893,0.9999999999999998,0.699888403809845
identity,0.5,64,64,4,32,128,8000,2,B,6.708703994750977,0.4985235631465912,1.31522798538208,0.4898422561430297,0.42299161955448433
identity,0.5,64,64,4,32,128,8000,2,C,6.676928997039795,20.979812622070312,20.979812622070312,20.97981253719774,20.97981248616667
identity,0.5,64,64,4,32,128,8000,3,A,6.787306308746338,1.240060567855835,2.6151297092437744,1.0,0.7489251319891668
identity,0.5,64,64,4,32,128,8000,3,B,6.7838029861450195,0.502466082572937,1.6458523273468018,0.49410604097680333,0.45088463690177144
identity,0.5,64,64,4,32,128,8000,3,C,6.754677772521973,20.920230865478516,20.920230865478516,20.92022913128248,20.92022916238524
identity,0.5,64,64,4,32,128,8000,4,A,6.744901180267334,1.1041923761367798,2.1230099201202393,1.0000000000000002,0.6972564252215684
identity,0.5,64,64,4,32,128,8000,4,B,6.728401184082031,0.5691558718681335,1.414760947227478,0.4945791057613348,0.43418226142398714
identity,0.5,64,64,4,32,128,8000,4,C,6.7139482498168945,20.933393478393555,20.93338966369629,20.933392396317075,20.93339241319275
identity,0.25,64,64,4,512,2048,128000,4,A,7.00091552734375,0.9462214112281799,1.583999514579773,0.9093655810656712,0.4051634314527835
identity,0.25,64,64,4,512,2048,128000,4,B,6.929134368896484,0.16504396498203278,0.8491792678833008,0.03271685924863571,0.03272834325183992
identity,0.25,64,64,4,512,2048,128000,4,C,6.84523344039917,21.31304168701172,21.31304359436035,21.313038515637764,21.313038384827667
identity,0.5,128,128,4,32,128,8000,0,A,6.928165435791016,1.6650798320770264,2.9582390785217285,0.9447677785516349,0.7384491836154822
identity,0.5,128,128,4,32,128,8000,0,B,6.8968353271484375,0.7073953747749329,1.7624512910842896,0.719087876061935,0.5918473460228842
identity,0.5,128,128,4,32,128,8000,0,C,6.849676132202148,41.980533599853516,41.98051452636719,41.980522667400095,41.980522545998994
identity,0.5,128,128,4,32,128,8000,1,A,6.821256637573242,1.6168116331100464,3.385179281234741,0.9677417319333642,0.7251588021781333
identity,0.5,128,128,4,32,128,8000,1,B,6.776932716369629,0.7047725915908813,1.9404176473617554,0.7184620335369611,0.5705316403952857
identity,0.5,128,128,4,32,128,8000,1,C,6.744126319885254,41.95568084716797,41.9556770324707,41.955692182221576,41.955692237306806
identity,0.5,128,128,4,32,128,8000,2,A,6.818513870239258,1.5177350044250488,3.451282262802124,0.9720538753929587,0.716454576629094
identity,0.5,128,128,4,32,128,8000,2,B,6.774574279785156,0.79453444480896,2.5300118923187256,0.7104541962508332,0.5859005145822527
identity,0.5,128,128,4,32,128,8000,2,C,6.744915008544922,41.888309478759766,41.88832092285156,41.888314703169534,41.88831459875074
identity,0.5,128,128,4,32,128,8000,3,A,6.872696876525879,1.5661743879318237,2.943117380142212,0.952731216172481,0.7226279902265289
identity,0.5,128,128,4,32,128,8000,3,B,6.850963115692139,0.7501327991485596,1.5829426050186157,0.7279185480070478,0.589524881765924
identity,0.5,128,128,4,32,128,8000,3,C,6.778859615325928,41.796295166015625,41.796295166015625,41.79628172581893,41.79628184656754
identity,0.5,128,128,4,32,128,8000,4,A,6.83253288269043,1.4421602487564087,3.033601760864258,0.9688028813243234,0.716528992931185
identity,0.5,128,128,4,32,128,8000,4,B,6.801329612731934,0.6822277903556824,1.8858234882354736,0.7258226712849318,0.5903147239947647
identity,0.5,128,128,4,32,128,8000,4,C,6.74977970123291,41.81703567504883,41.81703186035156,41.81703507884,41.81703508659411
identity,0.5,256,256,4,32,128,8000,0,A,7.073576927185059,1.9522181749343872,2.950309991836548,0.9423289593268029,0.7854631781324773
identity,0.5,256,256,4,32,128,8000,0,B,7.098628044128418,0.7848061323165894,1.6953186988830566,0.8538756778921954,0.702146659532581
identity,0.5,256,256,4,32,128,8000,0,C,7.009277820587158,83.99520111083984,83.99518585205078,83.99519197993123,83.995191611776
identity,0.5,256,256,4,32,128,8000,1,A,6.984556674957275,1.9448585510253906,3.2664756774902344,0.9497976810158614,0.7762616979282339
identity,0.5,256,256,4,32,128,8000,1,B,6.962553977966309,0.768679678440094,1.7965015172958374,0.8528284399898032,0.7052263818892792
identity,0.5,256,256,4,32,128,8000,1,C,6.8197174072265625,84.04116821289062,84.04116821289062,84.04117851866442,84.04117801516901
identity,0.5,256,256,4,32,128,8000,2,A,6.948980331420898,1.8617758750915527,3.4601426124572754,0.9501611396443608,0.7660534110830213
identity,0.5,256,256,4,32,128,8000,2,B,6.963149070739746,0.7879194617271423,1.8029767274856567,0.846980139274787,0.7138539486054195
identity,0.5,256,256,4,32,128,8000,2,C,6.867585182189941,84.18562316894531,84.18569946289062,84.18569115916628,84.18569083364461
identity,0.25,128,128,4,512,2048,128000,0,A,7.210742950439453,0.9427387714385986,1.8152753114700317,1.0000000000000002,0.5636067952052808
identity,0.25,128,128,4,512,2048,128000,0,B,7.105647563934326,0.2726728916168213,0.9474411606788635,0.06399584943279209,0.06364357958286057
identity,0.25,128,128,4,512,2048,128000,0,C,6.927765369415283,42.62752914428711,42.62752151489258,42.627520211846964,42.62751929552687
identity,0.5,256,256,4,32,128,8000,3,A,7.010287284851074,2.1015849113464355,3.7974400520324707,0.9492154177367412,0.8037110127239575
identity,0.5,256,256,4,32,128,8000,3,B,7.02370023727417,0.9126164317131042,2.6594347953796387,0.8426417527018825,0.707863991576625
identity,0.5,256,256,4,32,128,8000,3,C,6.898895263671875,83.82288360595703,83.82289123535156,83.82288749879258,83.82288678648636
identity,0.5,256,256,4,32,128,8000,4,A,6.983135223388672,1.8285971879959106,3.1491644382476807,0.943553005954147,0.7692144519970531
identity,0.5,256,256,4,32,128,8000,4,B,6.992807388305664,0.7682520747184753,1.6346906423568726,0.8524670127366242,0.6983117078879355
identity,0.5,256,256,4,32,128,8000,4,C,6.866016864776611,83.96623992919922,83.96627044677734,83.96626460921584,83.96626370828844
identity,0.25,128,128,4,512,2048,128000,1,A,7.236173152923584,0.94370037317276,1.699990153312683,1.0000000000000007,0.5501937682195691
identity,0.25,128,128,4,512,2048,128000,1,B,7.118649959564209,0.25204727053642273,0.7312853336334229,0.06389264621268051,0.06344030622253372
identity,0.25,128,128,4,512,2048,128000,1,C,6.916725158691406,42.62288284301758,42.62286376953125,42.62287408815269,42.62287320589551
identity,0.25,128,128,4,512,2048,128000,2,A,7.206799507141113,0.9428696632385254,1.7265312671661377,0.9999999999999992,0.5842328766894974
identity,0.25,128,128,4,512,2048,128000,2,B,7.1041059494018555,0.2557945251464844,0.7894523739814758,0.06420704164633413,0.06380410890985595
identity,0.25,128,128,4,512,2048,128000,2,C,6.901114463806152,42.62773132324219,42.62773132324219,42.62773321473979,42.62773220765987
identity,0.25,128,128,4,512,2048,128000,3,A,7.214118480682373,0.9507827162742615,1.8263822793960571,0.9999999999999997,0.575847616987081
identity,0.25,128,128,4,512,2048,128000,3,B,7.105581760406494,0.24749235808849335,0.915589451789856,0.06389136045608938,0.06358120685383642
identity,0.25,128,128,4,512,2048,128000,3,C,6.911650657653809,42.62677001953125,42.626766204833984,42.62676215482955,42.62676126671444
identity,0.25,128,128,4,512,2048,128000,4,A,7.191818714141846,0.9523741006851196,1.8183097839355469,0.9999999999999993,0.5637717502788093
identity,0.25,128,128,4,512,2048,128000,4,B,7.110669136047363,0.2821328938007355,1.0672329664230347,0.06404561205758988,0.0635993054722024
identity,0.25,128,128,4,512,2048,128000,4,C,6.9164018630981445,42.62604904174805,42.626068115234375,42.62605741474447,42.626056525335024
identity,0.5,16,16,4,128,512,32000,0,A,6.706589698791504,1.0000001192092896,2.0321390628814697,0.3151622941026265,0.26447278506248956
identity,0.5,16,16,4,128,512,32000,0,B,6.705267906188965,0.23904180526733398,1.6415730714797974,0.03795210756914356,0.03830782659333866
identity,0.5,16,16,4,128,512,32000,0,C,6.7099432945251465,5.318057537078857,5.318057537078857,5.318057828053596,5.318057827173244
identity,0.5,16,16,4,128,512,32000,1,A,6.721661567687988,0.9954357743263245,2.199727773666382,0.3314625660463677,0.2991087894045623
identity,0.5,16,16,4,128,512,32000,1,B,6.718456268310547,0.23981276154518127,1.21445631980896,0.040984020337821114,0.042763787107530746
identity,0.5,16,16,4,128,512,32000,1,C,6.714471340179443,5.314655303955078,5.314655303955078,5.314656192767512,5.314656192557027
identity,0.5,16,16,4,128,512,32000,2,A,6.683062553405762,0.9665639400482178,2.0603182315826416,0.31913085718066286,0.27807338580492147
identity,0.5,16,16,4,128,512,32000,2,B,6.6636962890625,0.2675993740558624,1.8615392446517944,0.03824073625618413,0.03906503470935438
identity,0.5,16,16,4,128,512,32000,2,C,6.680507183074951,5.3171563148498535,5.317155361175537,5.317155615299407,5.317155615008988
identity,0.5,16,16,4,128,512,32000,3,A,6.708988189697266,0.9982035756111145,2.1720314025878906,0.3188723619032998,0.2681273738480527
identity,0.5,16,16,4,128,512,32000,3,B,6.694341659545898,0.24192948639392853,1.459704041481018,0.04204650005950516,0.04262446086243403
identity,0.5,16,16,4,128,512,32000,3,C,6.692807674407959,5.315408229827881,5.315409183502197,5.315408893969793,5.315408893565472
identity,0.5,16,16,4,128,512,32000,4,A,6.6789469718933105,0.9664695858955383,1.8168983459472656,0.32232949535305905,0.2747483064463188
identity,0.5,16,16,4,128,512,32000,4,B,6.6636643409729,0.19895370304584503,1.9760465621948242,0.03978194663235292,0.04383292938897384
identity,0.5,16,16,4,128,512,32000,4,C,6.663214683532715,5.314272403717041,5.314272403717041,5.314272646737257,5.314272646746238
identity,0.5,64,64,4,128,512,32000,0,A,6.823727607727051,0.9905030727386475,1.9255924224853516,0.9999999999999997,0.6301177145448202
identity,0.5,64,64,4,128,512,32000,0,B,6.775110244750977,0.45752137899398804,1.5612090826034546,0.12992425164921093,0.128508874771036
identity,0.5,64,64,4,128,512,32000,0,C,6.731564998626709,21.256067276000977,21.256065368652344,21.256068720202485,21.25606869794714
identity,0.5,64,64,4,128,512,32000,1,A,6.82472038269043,0.996801495552063,2.01855206489563,1.0000000000000007,0.6738884563278802
identity,0.5,64,64,4,128,512,32000,1,B,6.800506114959717,0.42847740650177,1.4367306232452393,0.1306801659240004,0.1294798172035126
identity,0.5,64,64,4,128,512,32000,1,C,6.743067741394043,21.250268936157227,21.250267028808594,21.25026150109642,21.250261468912196
identity,0.5,64,64,4,128,512,32000,2,A,6.794980525970459,0.9948207139968872,1.8438469171524048,1.0000000000000002,0.666511349819581
identity,0.5,64,64,4,128,512,32000,2,B,6.745277404785156,0.5441151261329651,1.0322016477584839,0.13002905938036052,0.12849738738456146
identity,0.5,64,64,4,128,512,32000,2,C,6.704278945922852,21.246068954467773,21.246070861816406,21.246072154766978,21.246072134419183
identity,0.5,64,64,4,128,512,32000,3,A,6.826966285705566,0.9896038770675659,1.7554444074630737,1.0000000000000004,0.652301804872353
identity,0.5,64,64,4,128,512,32000,3,B,6.781713008880615,0.5076568126678467,1.5562167167663574,0.13028573569424498,0.12834577147388274
identity,0.5,64,64,4,128,512,32000,3,C,6.740204811096191,21.248916625976562,21.248920440673828,21.248918081713512,21.24891805750268
identity,0.5,64,64,4,128,512,32000,4,A,6.793280601501465,0.9972566962242126,2.008201837539673,0.9999999999999997,0.6734220944821173
identity,0.5,64,64,4,128,512,32000,4,B,6.752870559692383,0.5323631763458252,1.9012457132339478,0.13070682713166187,0.12917182935221472
identity,0.5,64,64,4,128,512,32000,4,C,6.709664344787598,21.26275634765625,21.262754440307617,21.26275453987786,21.2627545041122
identity,0.25,256,256,4,512,2048,128000,0,A,7.3662614822387695,1.1061300039291382,2.8355908393859863,1.0000000000000002,0.6911704179157764
identity,0.25,256,256,4,512,2048,128000,0,B,7.356759071350098,0.22821657359600067,1.0674495697021484,0.12609308943154446,0.12518130740288907
identity,0.25,256,256,4,512,2048,128000,0,C,7.028666019439697,85.245361328125,85.24539947509766,85.24539117363143,85.24538336603169
identity,0.5,128,128,4,128,512,32000,0,A,6.947315216064453,1.0494791269302368,2.0930092334747314,0.9999999999999997,0.7636840434703505
identity,0.5,128,128,4,128,512,32000,0,B,6.900416851043701,0.5183567404747009,1.160202145576477,0.25259925670248357,0.24510175454264288
identity,0.5,128,128,4,128,512,32000,0,C,6.7669453620910645,42.511871337890625,42.511844635009766,42.51185363176441,42.511853404890296
identity,0.5,128,128,4,128,512,32000,1,A,6.983975887298584,1.04002046585083,2.0176801681518555,0.9999999999999993,0.7525229290968308
identity,0.5,128,128,4,128,512,32000,1,B,6.908012390136719,0.5308501720428467,1.3698641061782837,0.2539653139484196,0.24570647639509094
identity,0.5,128,128,4,128,512,32000,1,C,6.807257652282715,42.47234344482422,42.472347259521484,42.47233794074277,42.47233771294313
identity,0.5,128,128,4,128,512,32000,2,A,6.924830436706543,1.0623112916946411,2.0202507972717285,1.0000000000000002,0.7461651381646678
identity,0.5,128,128,4,128,512,32000,2,B,6.865331649780273,0.5495850443840027,1.0787341594696045,0.25385876895907267,0.2459869202542583
identity,0.5,128,128,4,128,512,32000,2,C,6.766140937805176,42.479835510253906,42.479827880859375,42.47982792931074,42.47982777360843
identity,0.5,128,128,4,128,512,32000,3,A,6.963788986206055,1.0770649909973145,1.9377228021621704,0.999999999999999,0.747333237180357
identity,0.5,128,128,4,128,512,32000,3,B,6.887746810913086,0.5450249910354614,1.2866064310073853,0.2546218960547747,0.2471269014485707
identity,0.5,128,128,4,128,512,32000,3,C,6.787075042724609,42.481407165527344,42.481380462646484,42.48139387589523,42.481393671248235
identity,0.5,128,128,4,128,512,32000,4,A,6.915665626525879,1.0697444677352905,2.155702590942383,1.0000000000000002,0.7604769779541549
identity,0.5,128,128,4,128,512,32000,4,B,6.8618855476379395,0.5778918266296387,1.4118520021438599,0.25311082634535914,0.24710225177441433
identity,0.5,128,128,4,128,512,32000,4,C,6.750117778778076,42.50882339477539,42.50883865356445,42.50882968425409,42.508829482027615
identity,0.5,256,256,4,128,512,32000,0,A,7.083278656005859,1.7574955224990845,3.265561580657959,0.9999999999999999,0.6367762953302977
identity,0.5,256,256,4,128,512,32000,0,B,7.062026023864746,0.5623121857643127,1.2804335355758667,0.4718825181858998,0.42105406132536655
identity,0.5,256,256,4,128,512,32000,0,C,6.889242172241211,85.034423828125,85.03440856933594,85.03438065216932,85.03437913394839
identity,0.5,256,256,4,128,512,32000,1,A,7.121323585510254,1.704714298248291,2.936840534210205,0.9926868484486784,0.6273014095017447
identity,0.5,256,256,4,128,512,32000,1,B,7.0751142501831055,0.6356927752494812,1.6270155906677246,0.47115520582939274,0.41166697959541504
identity,0.5,256,256,4,128,512,32000,1,C,6.927422523498535,84.9382095336914,84.93818664550781,84.93818873431714,84.93818694477122
identity,0.5,256,256,4,128,512,32000,2,A,7.062138080596924,1.718018889427185,2.8940601348876953,0.9920776196070566,0.6258805934418871
identity,0.5,256,256,4,128,512,32000,2,B,7.077413558959961,0.6217684149742126,1.3636934757232666,0.47165026113169384,0.4182606977670692
identity,0.5,256,256,4,128,512,32000,2,C,6.849396705627441,84.99817657470703,84.9981918334961,84.99819608646206,84.99819399676701
identity,0.5,256,256,4,128,512,32000,3,A,7.105146884918213,1.7184059619903564,3.172205924987793,0.9813471142906397,0.6308184073769418
identity,0.5,256,256,4,128,512,32000,3,B,7.088873863220215,0.566814661026001,1.3367265462875366,0.47113229757877223,0.4171709769167946
identity,0.5,256,256,4,128,512,32000,3,C,6.945906639099121,84.9970474243164,84.99700927734375,84.99707825553656,84.99707651427865
identity,0.5,256,256,4,128,512,32000,4,A,7.049441814422607,1.7657262086868286,3.0602192878723145,0.9981270981403029,0.627543492160247
identity,0.5,256,256,4,128,512,32000,4,B,7.062864303588867,0.5299376845359802,1.307944416999817,0.4710143692230289,0.41964293668207436
identity,0.5,256,256,4,128,512,32000,4,C,6.8662848472595215,84.95416259765625,84.95418548583984,84.95418546284894,84.95418396949015
identity,0.25,256,256,4,512,2048,128000,1,A,7.365440845489502,1.0631719827651978,2.7727112770080566,1.0000000000000002,0.6739594668945306
identity,0.25,256,256,4,512,2048,128000,1,B,7.340669631958008,0.25468525290489197,1.1301594972610474,0.1262258810690998,0.1252479534188794
identity,0.25,256,256,4,512,2048,128000,1,C,7.045328140258789,85.25054931640625,85.25051879882812,85.25051109312878,85.2505033736823
identity,0.25,256,256,4,512,2048,128000,2,A,7.349959373474121,1.06727933883667,2.7299022674560547,1.0000000000000004,0.6726927208031377
identity,0.25,256,256,4,512,2048,128000,2,B,7.303838729858398,0.21263661980628967,1.1476545333862305,0.12617205328138376,0.12533638543638442
identity,0.25,256,256,4,512,2048,128000,2,C,7.0133442878723145,85.24791717529297,85.24788665771484,85.24789602789947,85.24788834614245
identity,0.25,256,256,4,512,2048,128000,3,A,7.325538635253906,1.1018500328063965,2.924098014831543,1.0000000000000009,0.677419473950153
identity,0.25,256,256,4,512,2048,128000,3,B,7.370732307434082,0.2348845899105072,1.050240397453308,0.12608002766196208,0.12541717334819472
identity,0.25,256,256,4,512,2048,128000,3,C,7.019124984741211,85.25323486328125,85.25316619873047,85.25320055780064,85.25319380645253
identity,0.25,256,256,4,512,2048,128000,4,A,7.346433639526367,1.0804067850112915,3.0322840213775635,1.0000000000000002,0.6835561462892848
identity,0.25,256,256,4,512,2048,128000,4,B,7.325303554534912,0.24614691734313965,1.0118881464004517,0.1262232536528011,0.12539368281176258
identity,0.25,256,256,4,512,2048,128000,4,C,7.062145233154297,85.25202178955078,85.25201416015625,85.2520251497791,85.25201813512103
identity,0.5,16,16,4,512,2048,128000,1,A,6.739063262939453,0.964263379573822,1.858237385749817,0.20768392250813905,0.21748119279714426
identity,0.5,16,16,4,512,2048,128000,1,B,6.717010498046875,0.030740641057491302,1.34317946434021,0.009356995782434369,0.009482958721946634
identity,0.5,16,16,4,512,2048,128000,1,C,6.709410667419434,5.328108787536621,5.328108787536621,5.32810835235408,5.328108351516459
identity,0.5,16,16,4,512,2048,128000,0,A,6.741074562072754,0.9268938302993774,1.7315479516983032,0.2029257858283088,0.211065336153558
identity,0.5,16,16,4,512,2048,128000,0,B,6.699432849884033,0.05762282386422157,1.3889803886413574,0.009430207022875902,0.01041107705307059
identity,0.5,16,16,4,512,2048,128000,0,C,6.693506240844727,5.328335285186768,5.328334808349609,5.328335049173665,5.3283350480586
identity,0.5,16,16,4,512,2048,128000,2,A,6.725285530090332,0.9371271729469299,2.1673200130462646,0.20611008046120358,0.21897464933185112
identity,0.5,16,16,4,512,2048,128000,2,B,6.694838047027588,0.08061365783214569,1.3837705850601196,0.009357220537306294,0.009457485160161067
identity,0.5,16,16,4,512,2048,128000,2,C,6.70379114151001,5.328815937042236,5.328817367553711,5.328817083056688,5.328817081804658
identity,0.5,16,16,4,512,2048,128000,3,A,6.719925403594971,0.971296489238739,2.1484172344207764,0.20931787214894562,0.22094023284139291
identity,0.5,16,16,4,512,2048,128000,3,B,6.6884636878967285,0.09257911890745163,1.383668303489685,0.009067120776246248,0.009172693740579389
identity,0.5,16,16,4,512,2048,128000,3,C,6.694911479949951,5.328737735748291,5.328737258911133,5.328737336770364,5.328737335670362
identity,0.75,16,16,4,8,32,2000,0,A,6.7159833908081055,1.3109380006790161,2.5399911403656006,0.9450539438973714,0.7235116223222582
identity,0.75,16,16,4,8,32,2000,0,B,6.719821929931641,0.8835031390190125,2.6710774898529053,0.47206711974217075,0.5005177263680693
identity,0.75,16,16,4,8,32,2000,0,C,6.727664470672607,5.168943405151367,5.168944358825684,5.168943969940971,5.168943961871918
identity,0.5,16,16,4,512,2048,128000,4,A,6.710937023162842,0.9383174777030945,1.9770686626434326,0.20689690378980807,0.21608353029343189
identity,0.5,16,16,4,512,2048,128000,4,B,6.698465347290039,0.08832467347383499,0.9001168608665466,0.009401977802801208,0.0095501203639895
identity,0.5,16,16,4,512,2048,128000,4,C,6.68715238571167,5.328463554382324,5.328463554382324,5.32846329292205,5.328463291651559
identity,0.75,16,16,4,8,32,2000,1,A,6.652914524078369,1.4621517658233643,3.1511857509613037,0.9084023148346148,0.7976040126312095
identity,0.75,16,16,4,8,32,2000,1,B,6.650841236114502,0.8794218897819519,2.746763229370117,0.48965791296684136,0.5331270881702115
identity,0.75,16,16,4,8,32,2000,1,C,6.664494514465332,5.138031959533691,5.138031005859375,5.138032031990631,5.138032029371887
identity,0.75,16,16,4,8,32,2000,2,A,6.492130756378174,1.379830241203308,2.844940423965454,0.9999999999999997,0.7458450679217015
identity,0.75,16,16,4,8,32,2000,2,B,6.497060775756836,1.14815092086792,2.612030267715454,0.5021089611421748,0.5036418689504207
identity,0.75,16,16,4,8,32,2000,2,C,6.498311519622803,5.196845531463623,5.196844577789307,5.196845734008604,5.196845733160285
identity,0.75,16,16,4,8,32,2000,3,A,6.617071628570557,1.271968960762024,2.5042850971221924,0.8814493167954844,0.6352854144961491
identity,0.75,16,16,4,8,32,2000,3,B,6.603525638580322,0.7521171569824219,2.656566858291626,0.5287050758489703,0.43762419847377904
identity,0.75,16,16,4,8,32,2000,3,C,6.614459037780762,5.084539413452148,5.084540367126465,5.084539358550959,5.084539359515958
identity,0.75,16,16,4,8,32,2000,4,A,6.677680969238281,1.3563354015350342,2.6119225025177,0.9452729363752601,0.7269073675529529
identity,0.75,16,16,4,8,32,2000,4,B,6.669715881347656,0.6513367295265198,3.033874750137329,0.4446270419405582,0.4602448942200093
identity,0.75,16,16,4,8,32,2000,4,C,6.677219390869141,5.181828022003174,5.181828498840332,5.181827687961383,5.1818276891253126
identity,0.75,64,64,4,8,32,2000,0,A,6.7592854499816895,1.9305589199066162,4.198169708251953,0.9999999999999999,0.8674440212504416
identity,0.75,64,64,4,8,32,2000,0,B,6.777380466461182,1.141120195388794,3.449397563934326,0.8006932327697084,0.6712944232911922
identity,0.75,64,64,4,8,32,2000,0,C,6.744779586791992,20.51285743713379,20.512855529785156,20.512855925119037,20.512855925729134
identity,0.75,64,64,4,8,32,2000,1,A,6.68921422958374,2.48569917678833,4.72861385345459,1.0000000000000002,0.8212696459093694
identity,0.75,64,64,4,8,32,2000,1,B,6.674524307250977,1.5790157318115234,5.887126922607422,0.8268625921302568,0.686132750172839
identity,0.75,64,64,4,8,32,2000,1,C,6.693953037261963,20.414697647094727,20.41469383239746,20.414697139070636,20.41469708074174
identity,0.75,64,64,4,8,32,2000,2,A,6.532652378082275,1.945962905883789,5.412346839904785,0.9915580490641598,0.7685838298878924
identity,0.75,64,64,4,8,32,2000,2,B,6.529810905456543,1.0455073118209839,5.061278820037842,0.8161251478571317,0.6460846535292777
identity,0.75,64,64,4,8,32,2000,2,C,6.5181121826171875,20.66158676147461,20.661584854125977,20.661584599418227,20.661584581926792
identity,0.75,64,64,4,8,32,2000,3,A,6.657924175262451,2.2625653743743896,6.046001434326172,0.9776993841446878,0.7830477447237357
identity,0.75,64,64,4,8,32,2000,3,B,6.6490631103515625,0.9940282106399536,3.15527081489563,0.8066143069530956,0.6887862345204318
identity,0.75,64,64,4,8,32,2000,3,C,6.622432231903076,20.18975830078125,20.189760208129883,20.18975569309426,20.189755620655855
identity,0.75,64,64,4,8,32,2000,4,A,6.705715179443359,1.7722160816192627,3.8620364665985107,0.9790329802113077,0.7913841603046787
identity,0.75,64,64,4,8,32,2000,4,B,6.711373805999756,0.7611638307571411,2.571518898010254,0.7440004970555624,0.6473596723746774
identity,0.75,64,64,4,8,32,2000,4,C,6.6982831954956055,20.441030502319336,20.441028594970703,20.44103019775332,20.44103020861731
identity,0.75,128,128,4,8,32,2000,0,A,6.794615745544434,2.4276630878448486,4.112903118133545,0.959473582240759,0.8721516737978222
identity,0.75,128,128,4,8,32,2000,0,B,6.847841262817383,0.9319219589233398,2.770888090133667,0.8861842470777385,0.8087237987888133
identity,0.75,128,128,4,8,32,2000,0,C,6.787611484527588,40.50172805786133,40.501731872558594,40.50173336348347,40.501733598122804
identity,0.75,128,128,4,8,32,2000,1,A,6.781299114227295,2.6938369274139404,4.957821369171143,0.9588853541382466,0.8956972891498535
identity,0.75,128,128,4,8,32,2000,1,B,6.738525390625,1.1949495077133179,4.5432233810424805,0.8760112951322667,0.7703716654444734
identity,0.75,128,128,4,8,32,2000,1,C,6.705660820007324,40.48848342895508,40.48849105834961,40.48848263541691,40.48848263809091
identity,0.75,128,128,4,8,32,2000,2,A,6.565072059631348,2.3757386207580566,3.738438606262207,0.9615099074017653,0.8570923366608101
identity,0.75,128,128,4,8,32,2000,2,B,6.583754539489746,1.3473577499389648,4.437206745147705,0.8989121977437852,0.8014466156684623
identity,0.75,128,128,4,8,32,2000,2,C,6.541202545166016,41.52618408203125,41.52617645263672,41.526192051650334,41.52619220879672
identity,0.75,128,128,4,8,32,2000,3,A,6.7001190185546875,1.971629023551941,3.9710030555725098,0.9611081328666923,0.8891488982239601
identity,0.75,128,128,4,8,32,2000,3,B,6.6791887283325195,0.9910345077514648,3.00832462310791,0.8588717128872165,0.7666324474430691
identity,0.75,128,128,4,8,32,2000,3,C,6.663547039031982,39.60101318359375,39.60102081298828,39.601018489721646,39.60101822952452
identity,0.75,128,128,4,8,32,2000,4,A,6.835516929626465,2.1292736530303955,5.86061954498291,0.940884219116926,0.8662564803780812
identity,0.75,128,128,4,8,32,2000,4,B,6.755447864532471,0.9273490905761719,2.2223494052886963,0.8767929248913285,0.7793469360611123
identity,0.75,128,128,4,8,32,2000,4,C,6.74589729309082,40.84885787963867,40.848854064941406,40.848854718455584,40.84885489621467
identity,0.75,256,256,4,8,32,2000,0,A,6.924783706665039,2.1684255599975586,3.8006410598754883,0.9212889994558271,0.8979529590564865
identity,0.75,256,256,4,8,32,2000,0,B,6.9003801345825195,1.3658517599105835,2.3161509037017822,0.9034698584089763,0.8798634261097992
identity,0.75,256,256,4,8,32,2000,0,C,6.826063632965088,81.97052001953125,81.9704818725586,81.97051370264217,81.97051333778712
identity,0.5,64,64,4,512,2048,128000,0,A,6.891683578491211,0.9838270545005798,1.9231282472610474,0.9544403360232766,0.41462049415302243
identity,0.5,64,64,4,512,2048,128000,0,B,6.8109965324401855,0.37076425552368164,1.1894361972808838,0.032533714240950015,0.03245564135819843
identity,0.5,64,64,4,512,2048,128000,0,C,6.726584434509277,21.311786651611328,21.311784744262695,21.311786290130854,21.311786186194347
identity,0.75,256,256,4,8,32,2000,1,A,6.863753318786621,2.775451421737671,4.637880802154541,0.9253476748813809,0.9018216207678754
identity,0.75,256,256,4,8,32,2000,1,B,6.8731160163879395,1.1294481754302979,1.9557571411132812,0.9051150959939005,0.8731247082232861
identity,0.75,256,256,4,8,32,2000,1,C,6.805255889892578,82.30748748779297,82.30741882324219,82.30743732641565,82.30743691839929
identity,0.75,256,256,4,8,32,2000,2,A,6.758661270141602,2.346470832824707,4.9011712074279785,0.9214972722004209,0.8954509385277806
identity,0.75,256,256,4,8,32,2000,2,B,6.687923431396484,1.3084616661071777,3.440708637237549,0.9023443648989792,0.8863223099089506
identity,0.75,256,256,4,8,32,2000,2,C,6.596810340881348,83.01100158691406,83.01101684570312,83.01101776188437,83.01101772649443
identity,0.5,64,64,4,512,2048,128000,1,A,6.905925273895264,0.9953553676605225,2.0212771892547607,0.9617727762105294,0.4091642392789601
identity,0.5,64,64,4,512,2048,128000,1,B,6.819122314453125,0.390952467918396,1.263983130455017,0.032588485827008525,0.032497217137408614
identity,0.5,64,64,4,512,2048,128000,1,C,6.750629901885986,21.311532974243164,21.311532974243164,21.31153455451649,21.311534457841276
identity,0.75,256,256,4,8,32,2000,3,A,6.853970527648926,2.706936836242676,4.891245365142822,0.9267903815617817,0.903803842781149
identity,0.75,256,256,4,8,32,2000,3,B,6.8565993309021,1.0979840755462646,2.4714999198913574,0.8999118787621083,0.8621725737149689
identity,0.75,256,256,4,8,32,2000,3,C,6.73154878616333,77.3852767944336,77.38518524169922,77.38521324995759,77.38521447541044
identity,0.75,256,256,4,8,32,2000,4,A,6.884364604949951,1.886252522468567,3.5525546073913574,0.9209997189645068,0.8940589130154993
identity,0.75,256,256,4,8,32,2000,4,B,6.9113264083862305,1.1905325651168823,2.9782509803771973,0.9034500311711092,0.8736175659926424
identity,0.75,256,256,4,8,32,2000,4,C,6.807425022125244,82.76727294921875,82.76727294921875,82.76725526093946,82.76725551265801
identity,0.75,16,16,4,32,128,8000,0,A,6.701541423797607,1.1606546640396118,3.58931565284729,0.8196674807108134,0.49876245482393705
identity,0.75,16,16,4,32,128,8000,0,B,6.7034196853637695,0.34355679154396057,2.4252002239227295,0.15560736430831132,0.15695262949062108
identity,0.75,16,16,4,32,128,8000,0,C,6.703839302062988,5.2752156257629395,5.2752156257629395,5.2752161182141855,5.27521611697066
identity,0.75,16,16,4,32,128,8000,1,A,6.592079162597656,1.1145503520965576,3.5471436977386475,0.8116881218329053,0.46340329160655624
identity,0.75,16,16,4,32,128,8000,1,B,6.580671310424805,0.42622071504592896,2.7789387702941895,0.16802420102361365,0.1909125477810196
identity,0.75,16,16,4,32,128,8000,1,C,6.585624694824219,5.255097389221191,5.255098342895508,5.255097761366736,5.255097760620138
identity,0.75,16,16,4,32,128,8000,3,A,6.644739627838135,1.1092818975448608,2.9170682430267334,0.8578244125691477,0.4871110271281145
identity,0.75,16,16,4,32,128,8000,3,B,6.643228054046631,0.42659810185432434,2.634589195251465,0.15630792109570238,0.1505875003627222
identity,0.75,16,16,4,32,128,8000,3,C,6.64518404006958,5.243703842163086,5.2437028884887695,5.243703128529744,5.243703129689664
identity,0.75,16,16,4,32,128,8000,2,A,6.578778266906738,1.0242350101470947,3.246746063232422,0.7721365736734528,0.4298303274110367
identity,0.75,16,16,4,32,128,8000,2,B,6.563594341278076,0.2996204197406769,2.6974315643310547,0.17028770220855435,0.15391760941810068
identity,0.75,16,16,4,32,128,8000,2,C,6.577332019805908,5.273633003234863,5.27363395690918,5.273632900810317,5.27363290543213
identity,0.75,16,16,4,32,128,8000,4,A,6.600070476531982,1.0670716762542725,3.2205710411071777,0.8090831440520394,0.4393825644530953
identity,0.75,16,16,4,32,128,8000,4,B,6.59548282623291,0.4442119300365448,2.325854539871216,0.17524255286172177,0.1695702381453683
identity,0.75,16,16,4,32,128,8000,4,C,6.60268497467041,5.2411088943481445,5.24110746383667,5.241107951340211,5.241107951015252
identity,0.5,64,64,4,512,2048,128000,2,A,6.895680904388428,0.985348641872406,1.818767786026001,0.9418934378924377,0.4068681368244448
identity,0.5,64,64,4,512,2048,128000,2,B,6.810409069061279,0.35051074624061584,1.074639916419983,0.032430384299007214,0.03237450052488434
identity,0.5,64,64,4,512,2048,128000,2,C,6.7267746925354,21.307851791381836,21.307851791381836,21.30785137957189,21.307851306519794
identity,0.75,64,64,4,32,128,8000,0,A,6.768009185791016,1.4770679473876953,3.4162235260009766,0.9999999999999996,0.68727300600851
identity,0.75,64,64,4,32,128,8000,0,B,6.768291473388672,0.7158190011978149,2.5737085342407227,0.4784748892234147,0.40889785672962803
identity,0.75,64,64,4,32,128,8000,0,C,6.732738971710205,21.076595306396484,21.07659339904785,21.076596105632596,21.076596105275463
identity,0.5,64,64,4,512,2048,128000,3,A,6.882512092590332,0.9926766157150269,1.8476853370666504,0.9570251663375111,0.4285518321195847
identity,0.5,64,64,4,512,2048,128000,3,B,6.801848888397217,0.3277656137943268,1.418786883354187,0.032454707748317796,0.03239912614644924
identity,0.5,64,64,4,512,2048,128000,3,C,6.736305236816406,21.310346603393555,21.310346603393555,21.310345419984852,21.310345322379252
identity,0.75,64,64,4,32,128,8000,1,A,6.647858142852783,1.629363775253296,3.814666986465454,1.0000000000000002,0.6938348414814434
identity,0.75,64,64,4,32,128,8000,1,B,6.640780448913574,0.6723037362098694,2.7223706245422363,0.4803430895475531,0.4202836139008284
identity,0.75,64,64,4,32,128,8000,1,C,6.625731468200684,20.85980987548828,20.859811782836914,20.859813762786512,20.859813777343764
identity,0.75,64,64,4,32,128,8000,2,A,6.649164199829102,1.445072054862976,3.8029985427856445,1.0000000000000002,0.6915264557375462
identity,0.75,64,64,4,32,128,8000,2,B,6.63292121887207,0.8093451261520386,2.735333204269409,0.48821458950007735,0.43039480419546133
identity,0.75,64,64,4,32,128,8000,2,C,6.604037284851074,20.947423934936523,20.947425842285156,20.947424917233867,20.947424926964857
identity,0.75,64,64,4,32,128,8000,3,A,6.7173967361450195,1.6490329504013062,4.036384582519531,1.0000000000000002,0.6958977605453651
identity,0.75,64,64,4,32,128,8000,3,B,6.704012393951416,0.8205940127372742,3.44803524017334,0.4841652252438447,0.4060851888767886
identity,0.75,64,64,4,32,128,8000,3,C,6.694580554962158,20.919649124145508,20.91965103149414,20.91965433032076,20.91965431212169
identity,0.75,64,64,4,32,128,8000,4,A,6.661941051483154,1.5114915370941162,3.60752534866333,1.0000000000000007,0.6859529114425219
identity,0.75,64,64,4,32,128,8000,4,B,6.655237197875977,0.8171486258506775,2.87392520904541,0.4818548421922565,0.41689017073871565
identity,0.75,64,64,4,32,128,8000,4,C,6.642046928405762,20.90823745727539,20.908241271972656,20.908239294889277,20.908239326240178
identity,0.5,64,64,4,512,2048,128000,4,A,6.880196571350098,0.9927824139595032,2.1572763919830322,0.9565206494344702,0.41194194419981234
identity,0.5,64,64,4,512,2048,128000,4,B,6.8102126121521,0.35405367612838745,1.028459072113037,0.032434838508114815,0.0323945497982358
identity,0.5,64,64,4,512,2048,128000,4,C,6.7173662185668945,21.312822341918945,21.312835693359375,21.312825915532596,21.312825816752703
identity,0.75,128,128,4,32,128,8000,0,A,6.85721492767334,2.0486810207366943,3.783599853515625,0.9396359118619471,0.7536598514447955
identity,0.75,128,128,4,32,128,8000,0,B,6.869051933288574,0.8477885723114014,2.200333833694458,0.6971389137369945,0.5505973144392972
identity,0.75,128,128,4,32,128,8000,0,C,6.771917343139648,42.03434753417969,42.03435134887695,42.03434310061007,42.034342918989566
identity,0.75,128,128,4,32,128,8000,1,A,6.741225719451904,1.877625584602356,3.634280204772949,0.9404312738745435,0.7429445029683894
identity,0.75,128,128,4,32,128,8000,1,B,6.718585014343262,1.0516364574432373,2.567047357559204,0.7072285968575167,0.5581948778429681
identity,0.75,128,128,4,32,128,8000,1,C,6.667433738708496,41.862281799316406,41.862281799316406,41.86227762377738,41.8622775264089
identity,0.75,128,128,4,32,128,8000,2,A,6.719202518463135,1.8301836252212524,3.4828152656555176,0.9492518058844278,0.7161091024768582
identity,0.75,128,128,4,32,128,8000,2,B,6.701982498168945,0.9257431626319885,2.4697701930999756,0.6937349883247146,0.551847291133404
identity,0.75,128,128,4,32,128,8000,2,C,6.657331943511963,41.969749450683594,41.96975326538086,41.96975126864169,41.969751058165166
identity,0.75,128,128,4,32,128,8000,3,A,6.826536655426025,2.081465005874634,4.34237003326416,0.9439068424340205,0.7514566041863718
identity,0.75,128,128,4,32,128,8000,3,B,6.794970512390137,0.9017565846443176,2.3445863723754883,0.6985841257672952,0.5534893261193967
identity,0.75,128,128,4,32,128,8000,3,C,6.718971252441406,41.800132751464844,41.80012893676758,41.800138774837826,41.800138684890555
identity,0.75,128,128,4,32,128,8000,4,A,6.763693332672119,1.896005392074585,4.192749500274658,0.938974011092322,0.7296923721269294
identity,0.75,128,128,4,32,128,8000,4,B,6.74778938293457,0.9457348585128784,2.698413133621216,0.7050070187209146,0.5658142013287999
identity,0.75,128,128,4,32,128,8000,4,C,6.665555953979492,41.79353713989258,41.793556213378906,41.79354209765465,41.79354197888784
identity,0.75,256,256,4,32,128,8000,0,A,7.019864082336426,2.1943843364715576,3.4042935371398926,0.9435089046758319,0.8138483272580667
identity,0.75,256,256,4,32,128,8000,0,B,7.0248236656188965,0.8680077195167542,1.857477068901062,0.8358618505255863,0.6950755016586878
identity,0.75,256,256,4,32,128,8000,0,C,6.891291618347168,84.25096893310547,84.25106811523438,84.25102051046957,84.25102014424768
identity,0.75,256,256,4,32,128,8000,1,A,6.915068626403809,2.4013822078704834,4.015808582305908,0.9504623394307073,0.8250439149910779
identity,0.75,256,256,4,32,128,8000,1,B,6.8807902336120605,1.0194222927093506,2.398859977722168,0.8506170512880998,0.6994542740537036
identity,0.75,256,256,4,32,128,8000,1,C,6.729891777038574,83.87010192871094,83.87010192871094,83.87011147761687,83.8701110447215
identity,0.75,256,256,4,32,128,8000,2,A,6.890203952789307,2.2854912281036377,3.8496804237365723,0.9589542589145693,0.7943069994100251
identity,0.75,256,256,4,32,128,8000,2,B,6.866275787353516,0.8064799904823303,2.1171467304229736,0.8384914940860542,0.6985121169096549
identity,0.75,256,256,4,32,128,8000,2,C,6.8229522705078125,84.14556884765625,84.14553833007812,84.14553912769489,84.14553877560964
identity,0.75,256,256,4,32,128,8000,3,A,6.970892906188965,2.4651999473571777,3.9534363746643066,0.9531048899795198,0.8332655645325292
identity,0.75,256,256,4,32,128,8000,3,B,6.960879325866699,1.1426382064819336,2.6851351261138916,0.8478218902073839,0.6996824227304599
identity,0.75,256,256,4,32,128,8000,3,C,6.854207992553711,83.67594909667969,83.67594146728516,83.67597020948789,83.67596967647343
identity,0.75,256,256,4,32,128,8000,4,A,6.914273738861084,2.084953784942627,3.512471914291382,0.9342729034426582,0.7975187937511725
identity,0.75,256,256,4,32,128,8000,4,B,6.9448628425598145,0.8266046047210693,2.0975148677825928,0.8415944363628132,0.7004600029716317
identity,0.75,256,256,4,32,128,8000,4,C,6.8373703956604,83.94154357910156,83.94158935546875,83.94156345489871,83.94156269115636
identity,0.5,128,128,4,512,2048,128000,0,A,7.104406356811523,0.9882636070251465,2.123042106628418,0.9999999999999991,0.5908731225997352
identity,0.5,128,128,4,512,2048,128000,0,B,6.979413032531738,0.43224966526031494,1.0586731433868408,0.06409164484329785,0.06365539135565342
identity,0.5,128,128,4,512,2048,128000,0,C,6.809758186340332,42.623992919921875,42.6240119934082,42.62400222715034,42.62400158445403
identity,0.5,128,128,4,512,2048,128000,1,A,7.106980323791504,0.9885854125022888,1.9444645643234253,0.9999999999999993,0.6041165372427892
identity,0.5,128,128,4,512,2048,128000,1,B,6.985641956329346,0.4060114324092865,1.170683741569519,0.06389043021550785,0.06337629865515852
identity,0.5,128,128,4,512,2048,128000,1,C,6.796574592590332,42.621055603027344,42.62105941772461,42.62105753581337,42.62105695578169
identity,0.5,128,128,4,512,2048,128000,2,A,7.096875190734863,0.9870982766151428,2.0810914039611816,1.000000000000001,0.618185966133786
identity,0.5,128,128,4,512,2048,128000,2,B,6.9770612716674805,0.4026423394680023,1.1420572996139526,0.0637939076515493,0.06349282510518563
identity,0.5,128,128,4,512,2048,128000,2,C,6.772882461547852,42.62382888793945,42.623809814453125,42.62382384807004,42.623822878944885
identity,0.5,128,128,4,512,2048,128000,3,A,7.081563949584961,0.9948563575744629,1.9684194326400757,1.0000000000000007,0.5905450010251961
identity,0.5,128,128,4,512,2048,128000,3,B,6.982624053955078,0.40059763193130493,1.2940380573272705,0.06387119567055051,0.06353653772602648
identity,0.5,128,128,4,512,2048,128000,3,C,6.79633903503418,42.62449264526367,42.62451171875,42.62450447669158,42.624503839171894
identity,0.75,16,16,4,128,512,32000,0,A,6.612823486328125,1.0090688467025757,2.6990294456481934,0.3427381543658532,0.2947221865388994
identity,0.75,16,16,4,128,512,32000,0,B,6.606971263885498,0.44888174533843994,2.0839860439300537,0.03683358087158496,0.038716406356508845
identity,0.75,16,16,4,128,512,32000,0,C,6.618982315063477,5.319468021392822,5.319468021392822,5.319467769112151,5.319467768531633
identity,0.75,16,16,4,128,512,32000,1,A,6.638418197631836,1.006138563156128,2.2124955654144287,0.3475686707239836,0.2961529750198225
identity,0.75,16,16,4,128,512,32000,1,B,6.6340556144714355,0.3918463885784149,2.243173360824585,0.03853917576086258,0.03959187245301196
identity,0.75,16,16,4,128,512,32000,1,C,6.635462760925293,5.314843654632568,5.314842700958252,5.314842374562817,5.314842374306912
identity,0.75,16,16,4,128,512,32000,2,A,6.5785369873046875,1.0935531854629517,2.5223188400268555,0.3395316648063279,0.29441471240997863
identity,0.75,16,16,4,128,512,32000,2,B,6.565672397613525,0.49334657192230225,2.7479147911071777,0.038795080528443354,0.03987902484951564
identity,0.75,16,16,4,128,512,32000,2,C,6.598294258117676,5.317462921142578,5.31746244430542,5.31746246928274,5.317462468962886
identity,0.75,16,16,4,128,512,32000,4,A,6.577419281005859,1.0047011375427246,2.3692054748535156,0.3328390270996759,0.28933216910594106
identity,0.75,16,16,4,128,512,32000,4,B,6.564523220062256,0.4590664803981781,2.794156074523926,0.03909995492688164,0.03875745752308575
identity,0.75,16,16,4,128,512,32000,4,C,6.563045978546143,5.315462589263916,5.315463066101074,5.315463807741626,5.315463807765458
identity,0.75,16,16,4,128,512,32000,3,A,6.620598316192627,1.0312325954437256,2.6134095191955566,0.35062882233042747,0.308381334986348
identity,0.75,16,16,4,128,512,32000,3,B,6.607941627502441,0.4848358631134033,2.3149454593658447,0.03726695022172991,0.03881338233546376
identity,0.75,16,16,4,128,512,32000,3,C,6.604324817657471,5.316042423248291,5.316043376922607,5.3160430501389415,5.316043049766306
identity,0.75,64,64,4,128,512,32000,0,A,6.715594291687012,1.0492743253707886,2.4650752544403076,1.0,0.7354223209892544
identity,0.75,64,64,4,128,512,32000,0,B,6.68425178527832,0.8080984950065613,1.9985113143920898,0.12957698840369794,0.12837434046465868
identity,0.75,64,64,4,128,512,32000,0,C,6.638286590576172,21.26346778869629,21.263469696044922,21.263470517090855,21.26347048547598
identity,0.75,64,64,4,128,512,32000,1,A,6.747774600982666,1.0503809452056885,2.2038748264312744,0.9999999999999997,0.673671267961378
identity,0.75,64,64,4,128,512,32000,1,B,6.703035354614258,0.7651423811912537,2.1726438999176025,0.1301598847848368,0.12856799077269038
identity,0.75,64,64,4,128,512,32000,1,C,6.65431022644043,21.24908447265625,21.249082565307617,21.24908061492356,21.24908060543472
identity,0.75,64,64,4,128,512,32000,2,A,6.692582607269287,1.053658366203308,2.244450569152832,0.9999999999999996,0.7021869688530777
identity,0.75,64,64,4,128,512,32000,2,B,6.645759582519531,0.8966873288154602,1.7334084510803223,0.13025875623317826,0.12829925027383712
identity,0.75,64,64,4,128,512,32000,2,C,6.598220348358154,21.247249603271484,21.247241973876953,21.247249912622852,21.247249889556347
identity,0.75,64,64,4,128,512,32000,3,A,6.732239246368408,1.0471099615097046,2.2232987880706787,0.9999999999999999,0.6904619056966749
identity,0.75,64,64,4,128,512,32000,3,B,6.6912031173706055,0.735156774520874,1.9300483465194702,0.13099248746948722,0.12929901077750222
identity,0.75,64,64,4,128,512,32000,3,C,6.643607139587402,21.254114151000977,21.254114151000977,21.254116650454474,21.254116641497244
identity,0.75,64,64,4,128,512,32000,4,A,6.686131954193115,1.0568138360977173,2.352447748184204,1.0000000000000004,0.6934692224348911
identity,0.75,64,64,4,128,512,32000,4,B,6.640180587768555,0.8885806202888489,2.3795735836029053,0.1313228274175676,0.13020816974689567
identity,0.75,64,64,4,128,512,32000,4,C,6.61434268951416,21.264667510986328,21.26466941833496,21.26467131643449,21.264671284922077
identity,0.5,128,128,4,512,2048,128000,4,A,7.094253063201904,0.9936408400535583,2.1269779205322266,0.9999999999999997,0.5856902092708746
identity,0.5,128,128,4,512,2048,128000,4,B,6.976372241973877,0.38802269101142883,1.1976046562194824,0.06382945490082644,0.06351824251639623
identity,0.5,128,128,4,512,2048,128000,4,C,6.791840553283691,42.62248992919922,42.62250900268555,42.62250282365448,42.62250224644006
identity,0.75,128,128,4,128,512,32000,0,A,6.869678020477295,1.1749686002731323,2.4038546085357666,1.0000000000000004,0.7579253061811921
identity,0.75,128,128,4,128,512,32000,0,B,6.817485809326172,0.6220397353172302,1.512425422668457,0.25414405287576297,0.24630974263177652
identity,0.75,128,128,4,128,512,32000,0,C,6.685038089752197,42.535118103027344,42.535133361816406,42.53511632269529,42.53511615763545
identity,0.75,128,128,4,128,512,32000,1,A,6.906118392944336,1.1464329957962036,2.2879724502563477,0.9999999999999994,0.7583740773376675
identity,0.75,128,128,4,128,512,32000,1,B,6.828026294708252,0.7236493825912476,1.7298225164413452,0.2535849254655318,0.2462522665185716
identity,0.75,128,128,4,128,512,32000,1,C,6.707241058349609,42.47288131713867,42.47288131713867,42.472882059276564,42.47288186527953
identity,0.75,128,128,4,128,512,32000,2,A,6.837554931640625,1.1624644994735718,2.302957057952881,0.9999999999999988,0.7687321489801011
identity,0.75,128,128,4,128,512,32000,2,B,6.78239631652832,0.8151634931564331,1.7456544637680054,0.2550344280642559,0.24609717046509597
identity,0.75,128,128,4,128,512,32000,2,C,6.646068572998047,42.50394821166992,42.503971099853516,42.50396023306537,42.50396010314133
identity,0.75,128,128,4,128,512,32000,3,A,6.882927894592285,1.1752197742462158,2.4131689071655273,0.9999999999999994,0.7770972735927221
identity,0.75,128,128,4,128,512,32000,3,B,6.814725875854492,0.6978107690811157,1.9514985084533691,0.25550279458847835,0.2481097665406385
identity,0.75,128,128,4,128,512,32000,3,C,6.683040618896484,42.505245208740234,42.50525665283203,42.50524446012835,42.50524427879498
identity,0.75,128,128,4,128,512,32000,4,A,6.82382869720459,1.1853529214859009,2.4238855838775635,1.0000000000000004,0.7772732739528427
identity,0.75,128,128,4,128,512,32000,4,B,6.753812789916992,0.7556948065757751,1.994498372077942,0.2537478262539703,0.24656065722854303
identity,0.75,128,128,4,128,512,32000,4,C,6.6503586769104,42.505401611328125,42.5053825378418,42.50538978841597,42.50538961994841
identity,0.5,256,256,4,512,2048,128000,0,A,7.2334885597229,1.302001714706421,3.417154312133789,1.0000000000000002,0.7005234590479678
identity,0.5,256,256,4,512,2048,128000,0,B,7.252859592437744,0.33127692341804504,1.39508855342865,0.12632674818787173,0.1254567476709732
identity,0.5,256,256,4,512,2048,128000,0,C,6.913702964782715,85.24468231201172,85.24469757080078,85.24469162338877,85.24468605634569
identity,0.75,256,256,4,128,512,32000,0,A,6.989499568939209,2.1128838062286377,3.853440761566162,0.9999999999999996,0.6640834204713877
identity,0.75,256,256,4,128,512,32000,0,B,7.002098083496094,0.6939688324928284,1.7387936115264893,0.47157858206783293,0.4179052026940041
identity,0.75,256,256,4,128,512,32000,0,C,6.812833786010742,85.07052612304688,85.07051086425781,85.07051692741845,85.07051569310987
identity,0.75,256,256,4,128,512,32000,1,A,7.003578186035156,2.0749287605285645,3.550490379333496,0.9999999999999996,0.6721343902386132
identity,0.75,256,256,4,128,512,32000,1,B,7.008464813232422,0.7851873636245728,1.5579538345336914,0.4733641020609128,0.41486066101195207
identity,0.75,256,256,4,128,512,32000,1,C,6.842553615570068,84.94571685791016,84.94568634033203,84.94569085393012,84.94568926006525
identity,0.75,256,256,4,128,512,32000,2,A,6.971024990081787,2.0997660160064697,3.378065347671509,1.0,0.6660372278951541
identity,0.75,256,256,4,128,512,32000,2,B,6.978723526000977,0.8206381797790527,1.8090908527374268,0.47218805457426505,0.42258815869115335
identity,0.75,256,256,4,128,512,32000,2,C,6.818168640136719,85.01504516601562,85.01506042480469,85.01505157639453,85.0150494558854
identity,0.75,256,256,4,128,512,32000,3,A,7.000221252441406,1.9672629833221436,3.24695086479187,0.9939509228691615,0.647593856801382
identity,0.75,256,256,4,128,512,32000,3,B,6.9961419105529785,0.6799788475036621,1.9108649492263794,0.473702222585871,0.4253547647978879
identity,0.75,256,256,4,128,512,32000,3,C,6.779454231262207,85.01936340332031,85.01936340332031,85.01934947198335,85.01934807356062
identity,0.75,256,256,4,128,512,32000,4,A,6.956040382385254,2.076833724975586,3.43534517288208,0.9999999999999994,0.6429876403081085
identity,0.75,256,256,4,128,512,32000,4,B,6.946286201477051,0.800247848033905,1.8460052013397217,0.4730390067991609,0.42553977811209004
identity,0.75,256,256,4,128,512,32000,4,C,6.751097679138184,84.99089050292969,84.99089050292969,84.99089282655616,84.99089153618185
identity,0.5,256,256,4,512,2048,128000,1,A,7.224900245666504,1.2863043546676636,3.4450788497924805,1.0000000000000002,0.7135311243278735
identity,0.5,256,256,4,512,2048,128000,1,B,7.222292423248291,0.38388586044311523,1.2601999044418335,0.12641322076287806,0.1253385536042951
identity,0.5,256,256,4,512,2048,128000,1,C,6.966926574707031,85.24130249023438,85.2413558959961,85.24131605029768,85.24131010450866
identity,0.5,256,256,4,512,2048,128000,2,A,7.242969512939453,1.2765480279922485,3.414595365524292,1.0000000000000004,0.6974432488393925
identity,0.5,256,256,4,512,2048,128000,2,B,7.218693733215332,0.3365456759929657,1.2743313312530518,0.12616673844721837,0.12542597546731254
identity,0.5,256,256,4,512,2048,128000,2,C,6.896501541137695,85.25004577636719,85.25004577636719,85.25003461217383,85.25002707396375
identity,0.5,256,256,4,512,2048,128000,3,A,7.194882392883301,1.3199398517608643,3.3284549713134766,1.0000000000000007,0.7095323163548704
identity,0.5,256,256,4,512,2048,128000,3,B,7.2518181800842285,0.35316920280456543,1.4046800136566162,0.12623849645224347,0.12546632092631646
identity,0.5,256,256,4,512,2048,128000,3,C,6.928267478942871,85.25337982177734,85.25342559814453,85.25337793402066,85.25337295710405
identity,0.5,256,256,4,512,2048,128000,4,A,7.22023868560791,1.3032350540161133,3.538822650909424,1.0000000000000002,0.6995756835198143
identity,0.5,256,256,4,512,2048,128000,4,B,7.216236114501953,0.3646715581417084,1.3051424026489258,0.12639833081121268,0.12533382706191143
identity,0.5,256,256,4,512,2048,128000,4,C,6.901472091674805,85.25086975097656,85.25086212158203,85.25087570726677,85.25086953403431
identity,0.75,16,16,4,512,2048,128000,0,A,6.634634971618652,1.0017763376235962,1.9299185276031494,0.23468877443357605,0.2476012960161519
identity,0.75,16,16,4,512,2048,128000,0,B,6.607176780700684,0.1974634826183319,1.9335603713989258,0.009578209466427345,0.009931545645626675
identity,0.75,16,16,4,512,2048,128000,0,C,6.603681564331055,5.328548431396484,5.328547477722168,5.32854764679838,5.32854764579169
identity,0.75,16,16,4,512,2048,128000,1,A,6.653863906860352,1.0,1.9850064516067505,0.24181053276108858,0.24443900542642277
identity,0.75,16,16,4,512,2048,128000,1,B,6.623510837554932,0.1451060175895691,1.355316162109375,0.009568861155614724,0.009723434420975587
identity,0.75,16,16,4,512,2048,128000,1,C,6.621881484985352,5.328259468078613,5.3282599449157715,5.32826002686403,5.328260026310495
identity,0.75,16,16,4,512,2048,128000,2,A,6.6352386474609375,1.0014042854309082,2.2710139751434326,0.2353422287406598,0.2443183086533112
identity,0.75,16,16,4,512,2048,128000,2,B,6.603010654449463,0.27219048142433167,1.080659031867981,0.009637939799621199,0.00970374796742198
identity,0.75,16,16,4,512,2048,128000,2,C,6.61345100402832,5.3287835121154785,5.3287835121154785,5.328783117378932,5.328783116458096
identity,1.0,16,16,4,8,32,2000,0,A,6.665003776550293,1.6158745288848877,3.1735892295837402,0.8784053014048119,0.9409751569956112
identity,1.0,16,16,4,8,32,2000,0,B,6.671653747558594,1.177725911140442,3.2239320278167725,0.5141340053486695,0.8529248773694883
identity,1.0,16,16,4,8,32,2000,0,C,6.678347587585449,5.163578033447266,5.163577556610107,5.163577705085561,5.16357771313462
identity,0.75,16,16,4,512,2048,128000,3,A,6.6214118003845215,1.0092922449111938,2.211982488632202,0.24007513715731607,0.2550657585608395
identity,0.75,16,16,4,512,2048,128000,3,B,6.593242645263672,0.3049214780330658,1.4174805879592896,0.009477570564673748,0.009583115911362997
identity,0.75,16,16,4,512,2048,128000,3,C,6.598237037658691,5.328827381134033,5.328828811645508,5.328828816225801,5.328828815523885
identity,1.0,16,16,4,8,32,2000,1,A,6.584637641906738,1.8516494035720825,3.5465915203094482,0.9335830404522728,1.2854579068881202
identity,1.0,16,16,4,8,32,2000,1,B,6.581446170806885,1.0442434549331665,3.5073654651641846,0.46092082495973064,0.8230287308239791
identity,1.0,16,16,4,8,32,2000,1,C,6.5992279052734375,5.138924598693848,5.138925075531006,5.1389243802773015,5.138924382940783
identity,1.0,16,16,4,8,32,2000,2,A,6.404971599578857,1.8615678548812866,3.7422780990600586,0.8898265022667182,1.230523549221968
identity,1.0,16,16,4,8,32,2000,2,B,6.41207218170166,1.3375988006591797,3.302614212036133,0.5229341047920235,0.7148097385389321
identity,1.0,16,16,4,8,32,2000,2,C,6.41575288772583,5.190004348754883,5.190005779266357,5.190004594406076,5.190004584785356
identity,0.75,16,16,4,512,2048,128000,4,A,6.6235151290893555,1.0105490684509277,2.2665293216705322,0.23564813293923628,0.24359625555317146
identity,0.75,16,16,4,512,2048,128000,4,B,6.599954605102539,0.23259830474853516,1.099714994430542,0.009484327080732309,0.009528204583004586
identity,0.75,16,16,4,512,2048,128000,4,C,6.597946643829346,5.328545093536377,5.328545570373535,5.3285455745318835,5.328545573682211
identity,1.0,16,16,4,8,32,2000,3,A,6.5478034019470215,1.639641523361206,3.0935091972351074,0.840984969918427,0.9666407851997139
identity,1.0,16,16,4,8,32,2000,3,B,6.532388687133789,0.8764956593513489,3.2804417610168457,0.47237429533175634,0.6418875576677486
identity,1.0,16,16,4,8,32,2000,3,C,6.545474052429199,5.069462299346924,5.069462776184082,5.069462571987998,5.06946259120974
identity,1.0,16,16,4,8,32,2000,4,A,6.623431205749512,1.6337171792984009,3.2868757247924805,0.8922268663142008,0.9998520965803435
identity,1.0,16,16,4,8,32,2000,4,B,6.613056182861328,0.7993048429489136,3.680400848388672,0.4368756117362334,0.7642191959174687
identity,1.0,16,16,4,8,32,2000,4,C,6.6272149085998535,5.1750593185424805,5.1750593185424805,5.1750588617813325,5.175058867015773
identity,1.0,64,64,4,8,32,2000,0,A,6.701892852783203,2.745845317840576,7.1313958168029785,1.0000000000000007,0.8602245231450715
identity,1.0,64,64,4,8,32,2000,0,B,6.7171220779418945,1.4946403503417969,4.741997241973877,0.775491239282021,0.6406536586362463
identity,1.0,64,64,4,8,32,2000,0,C,6.70065975189209,20.450647354125977,20.450651168823242,20.450647369861024,20.450647419620598
identity,1.0,64,64,4,8,32,2000,1,A,6.622345447540283,3.02512788772583,6.251819610595703,0.955677318510176,0.8200222378456185
identity,1.0,64,64,4,8,32,2000,1,B,6.62652063369751,1.7847989797592163,7.1613616943359375,0.749866001757563,0.6065061659607713
identity,1.0,64,64,4,8,32,2000,1,C,6.627923965454102,20.477367401123047,20.477373123168945,20.477372743331564,20.477372711148313
identity,1.0,64,64,4,8,32,2000,2,A,6.440277099609375,2.548647403717041,7.361382007598877,0.9641760983035668,0.7886263309711575
identity,1.0,64,64,4,8,32,2000,2,B,6.451125144958496,1.493536114692688,7.495530605316162,0.7754734935087546,0.6143208803489881
identity,1.0,64,64,4,8,32,2000,2,C,6.436741352081299,20.671916961669922,20.671916961669922,20.67191866436812,20.67191861213677
identity,1.0,64,64,4,8,32,2000,3,A,6.590420246124268,2.5028650760650635,6.55417013168335,0.9820589093041513,0.8010442768550153
identity,1.0,64,64,4,8,32,2000,3,B,6.578851699829102,1.192336082458496,6.4501566886901855,0.7664397145204723,0.61725747633344
identity,1.0,64,64,4,8,32,2000,3,C,6.558834075927734,20.058725357055664,20.058727264404297,20.05872385052126,20.05872386451772
identity,1.0,64,64,4,8,32,2000,4,A,6.6654253005981445,2.1909360885620117,4.77030086517334,0.9509892426947122,0.7938414107199917
identity,1.0,64,64,4,8,32,2000,4,B,6.65596342086792,1.3360412120819092,4.230536937713623,0.7655003601699698,0.6449538396704624
identity,1.0,64,64,4,8,32,2000,4,C,6.651907920837402,20.33943748474121,20.33943748474121,20.339437810988375,20.33943776995729
identity,1.0,128,128,4,8,32,2000,0,A,6.738607406616211,2.7971420288085938,5.440393924713135,0.9486194112222622,0.8853944509191742
identity,1.0,128,128,4,8,32,2000,0,B,6.780181884765625,1.2377361059188843,2.8928561210632324,0.8789738838984059,0.8061340356517128
identity,1.0,128,128,4,8,32,2000,0,C,6.726638317108154,40.81434631347656,40.81433868408203,40.81434084074796,40.81434086896388
identity,1.0,128,128,4,8,32,2000,1,A,6.7098164558410645,2.9179632663726807,5.190964698791504,0.9539011902417043,0.8997335359632459
identity,1.0,128,128,4,8,32,2000,1,B,6.681003570556641,1.5310884714126587,5.644182205200195,0.8642951735484407,0.7626059624865797
identity,1.0,128,128,4,8,32,2000,1,C,6.631278991699219,40.530128479003906,40.53012466430664,40.53012545554081,40.530125402188276
identity,1.0,128,128,4,8,32,2000,2,A,6.491438388824463,2.854228973388672,5.509073734283447,0.9563206739903052,0.8641113421379896
identity,1.0,128,128,4,8,32,2000,2,B,6.509509086608887,1.6480780839920044,4.6511149406433105,0.8562544564592078,0.7761559713934211
identity,1.0,128,128,4,8,32,2000,2,C,6.43648624420166,41.34906005859375,41.34904861450195,41.349033820551455,41.34903346004776
identity,1.0,128,128,4,8,32,2000,3,A,6.638625144958496,2.4799840450286865,4.663544654846191,0.9323700790875052,0.8452332843635043
identity,1.0,128,128,4,8,32,2000,3,B,6.610161781311035,1.0766539573669434,2.9478869438171387,0.879003229509962,0.8014903671722569
identity,1.0,128,128,4,8,32,2000,3,C,6.586349010467529,39.83781051635742,39.83784484863281,39.83781496187005,39.837815890232534
identity,1.0,128,128,4,8,32,2000,4,A,6.760190010070801,2.2723309993743896,4.781704902648926,0.9338326494747967,0.8350899857018641
identity,1.0,128,128,4,8,32,2000,4,B,6.742972373962402,1.541510820388794,3.8770246505737305,0.8911286273838338,0.7973523941070253
identity,1.0,128,128,4,8,32,2000,4,C,6.675970077514648,40.59481430053711,40.59481430053711,40.5948142840129,40.594814322691505
identity,1.0,256,256,4,8,32,2000,0,A,6.888068199157715,2.4578475952148438,4.1485371589660645,0.9222206678300324,0.904558909226677
identity,1.0,256,256,4,8,32,2000,0,B,6.866087436676025,1.3853381872177124,3.111751079559326,0.90283991463754,0.8801628294123138
identity,1.0,256,256,4,8,32,2000,0,C,6.796779155731201,81.8836669921875,81.8836669921875,81.88365464115564,81.88365459381455
identity,1.0,256,256,4,8,32,2000,1,A,6.8208184242248535,2.9697957038879395,4.571779727935791,0.9221589244640747,0.8959033779111231
identity,1.0,256,256,4,8,32,2000,1,B,6.774050235748291,1.7926054000854492,4.814000129699707,0.9097323130033869,0.8950055471173528
identity,1.0,256,256,4,8,32,2000,1,C,6.723532199859619,82.36339569091797,82.36339569091797,82.36339793281768,82.36339749410553
identity,1.0,256,256,4,8,32,2000,2,A,6.648303031921387,2.3678665161132812,5.356832504272461,0.9179711737109799,0.8905833861370868
identity,1.0,256,256,4,8,32,2000,2,B,6.644318103790283,1.5273306369781494,4.101879596710205,0.9006739189438263,0.8682633715416632
identity,1.0,256,256,4,8,32,2000,2,C,6.513749599456787,82.92876434326172,82.92871856689453,82.9287440176416,82.92874382539223
identity,1.0,256,256,4,8,32,2000,3,A,6.779677867889404,2.5095133781433105,4.300296306610107,0.9248525945480589,0.9072393970186582
identity,1.0,256,256,4,8,32,2000,3,B,6.789277076721191,1.6024928092956543,2.875112771987915,0.9068505763033983,0.8854164276773349
identity,1.0,256,256,4,8,32,2000,3,C,6.690677642822266,78.57767486572266,78.57766723632812,78.57769315456667,78.57769402868995
identity,1.0,256,256,4,8,32,2000,4,A,6.826195240020752,1.9894946813583374,3.3364782333374023,0.9198802711794414,0.8929299909185334
identity,1.0,256,256,4,8,32,2000,4,B,6.851224899291992,1.6703890562057495,4.102301597595215,0.9001713611657517,0.8725603388678737
identity,1.0,256,256,4,8,32,2000,4,C,6.7459282875061035,82.75749969482422,82.75749969482422,82.75749879256648,82.75749873079263
identity,1.0,16,16,4,32,128,8000,0,A,6.641973972320557,1.1340699195861816,3.3435959815979004,0.9018334110972405,0.5353069900484609
identity,1.0,16,16,4,32,128,8000,0,B,6.648921966552734,0.47604480385780334,2.8364124298095703,0.15796142909499233,0.15170633586122687
identity,1.0,16,16,4,32,128,8000,0,C,6.6559600830078125,5.275787353515625,5.275787830352783,5.275787600100572,5.2757876023537715
identity,1.0,16,16,4,32,128,8000,1,A,6.512166500091553,1.200836181640625,3.7688419818878174,0.8718992318356883,0.5112738563415756
identity,1.0,16,16,4,32,128,8000,1,B,6.508222579956055,0.6093199849128723,2.9458887577056885,0.17638975129107884,0.17359206486239506
identity,1.0,16,16,4,32,128,8000,1,C,6.519160270690918,5.246838092803955,5.246838092803955,5.2468382056415495,5.2468382004971374
identity,1.0,16,16,4,32,128,8000,2,A,6.5052385330200195,1.11423921585083,3.352325439453125,0.7998728884048549,0.4600946289388994
identity,1.0,16,16,4,32,128,8000,2,B,6.486891746520996,0.564866840839386,3.6224019527435303,0.17137753048133855,0.20573195857368326
identity,1.0,16,16,4,32,128,8000,2,C,6.5063629150390625,5.275612831115723,5.275613307952881,5.275614064073989,5.275614061650365
identity,0.75,64,64,4,512,2048,128000,0,A,6.7919769287109375,1.0054559707641602,2.20597505569458,1.0,0.45678832020418614
identity,0.75,64,64,4,512,2048,128000,0,B,6.716800689697266,0.7176235318183899,1.4997642040252686,0.03264070797129069,0.032468490082607646
identity,0.75,64,64,4,512,2048,128000,0,C,6.6313910484313965,21.312116622924805,21.31212043762207,21.312122062990536,21.312121977709445
identity,0.75,64,64,4,512,2048,128000,2,A,6.783186435699463,0.9999998807907104,2.260380268096924,0.9975057588916852,0.44898281255122946
identity,0.75,64,64,4,512,2048,128000,2,B,6.712279796600342,0.7239115238189697,1.2439826726913452,0.03278534631058733,0.032622090026767914
identity,0.75,64,64,4,512,2048,128000,2,C,6.629350185394287,21.30965805053711,21.30966567993164,21.309657385760143,21.309657310320397
identity,0.75,64,64,4,512,2048,128000,1,A,6.807469844818115,1.0065605640411377,2.1175038814544678,0.9999999999999997,0.4623103579438613
identity,0.75,64,64,4,512,2048,128000,1,B,6.7310333251953125,0.6618481278419495,1.4703489542007446,0.03278541986428945,0.032585810710647777
identity,0.75,64,64,4,512,2048,128000,1,C,6.663769721984863,21.31121826171875,21.31122398376465,21.31122351746069,21.311223418263804
identity,1.0,16,16,4,32,128,8000,3,A,6.582673072814941,1.216300129890442,3.1568946838378906,0.9033067672523748,0.5231228665975199
identity,1.0,16,16,4,32,128,8000,3,B,6.576040744781494,0.4708595871925354,3.0667202472686768,0.1534503157498431,0.1774111146004224
identity,1.0,16,16,4,32,128,8000,3,C,6.579852104187012,5.248189449310303,5.248188495635986,5.248188975383712,5.2481889752771185
identity,1.0,16,16,4,32,128,8000,4,A,6.529873371124268,1.2044498920440674,3.617316961288452,0.8917002271602504,0.5233758606331983
identity,1.0,16,16,4,32,128,8000,4,B,6.528059005737305,0.5005519390106201,2.56131649017334,0.16593800256771835,0.18141325498422348
identity,1.0,16,16,4,32,128,8000,4,C,6.536953926086426,5.242724895477295,5.242725372314453,5.24272537087471,5.242725367827059
identity,1.0,64,64,4,32,128,8000,0,A,6.71518611907959,1.699211835861206,3.848543167114258,0.9999999999999997,0.7030546117448484
identity,1.0,64,64,4,32,128,8000,0,B,6.711529731750488,0.8213504552841187,3.007924795150757,0.4829756038403279,0.41672667319459705
identity,1.0,64,64,4,32,128,8000,0,C,6.682107925415039,21.073286056518555,21.073286056518555,21.073288651728443,21.0732886380042
identity,1.0,64,64,4,32,128,8000,1,A,6.580456733703613,1.8653630018234253,4.598446369171143,0.9999999999999999,0.7107912331997248
identity,1.0,64,64,4,32,128,8000,1,B,6.567615509033203,0.8129769563674927,3.057457447052002,0.48743687192651064,0.42702221287025216
identity,1.0,64,64,4,32,128,8000,1,C,6.533281326293945,20.88167953491211,20.88167953491211,20.88167909224898,20.88167916408194
identity,0.75,64,64,4,512,2048,128000,3,A,6.7743120193481445,1.000428557395935,2.2522361278533936,0.9999999999999999,0.4508026019635789
identity,0.75,64,64,4,512,2048,128000,3,B,6.712035179138184,0.7310792207717896,1.6406118869781494,0.032684655016301134,0.032554649524041517
identity,0.75,64,64,4,512,2048,128000,3,C,6.656179428100586,21.31197738647461,21.31198501586914,21.311979379242263,21.311979316969353
identity,1.0,64,64,4,32,128,8000,2,A,6.573841094970703,1.6508792638778687,4.2590250968933105,0.9999999999999996,0.6832622942386072
identity,1.0,64,64,4,32,128,8000,2,B,6.55472469329834,0.9196860194206238,3.445725679397583,0.48189055005234493,0.4163572488485454
identity,1.0,64,64,4,32,128,8000,2,C,6.518009185791016,20.94223976135254,20.942237854003906,20.942239798006373,20.942239768501334
identity,1.0,64,64,4,32,128,8000,3,A,6.654376029968262,1.8895241022109985,4.841486930847168,1.0000000000000002,0.691734491915804
identity,1.0,64,64,4,32,128,8000,3,B,6.633585453033447,0.999651312828064,3.7118587493896484,0.484268090387625,0.3971578830936262
identity,1.0,64,64,4,32,128,8000,3,C,6.611090183258057,20.903146743774414,20.90315055847168,20.903146116434634,20.903146076429255
identity,0.75,64,64,4,512,2048,128000,4,A,6.781908988952637,1.0066999197006226,2.2911877632141113,0.9999999999999991,0.4554942875184981
identity,0.75,64,64,4,512,2048,128000,4,B,6.70441198348999,0.7957051992416382,1.5659046173095703,0.032751295480511346,0.032563367325479806
identity,0.75,64,64,4,512,2048,128000,4,C,6.629331588745117,21.312904357910156,21.312902450561523,21.31290418610472,21.312904125290917
identity,1.0,64,64,4,32,128,8000,4,A,6.600180149078369,1.7642775774002075,4.647115230560303,1.0000000000000007,0.6985612298940946
identity,1.0,64,64,4,32,128,8000,4,B,6.589591979980469,1.0306745767593384,3.4971585273742676,0.4873868714943964,0.41834352329270125
identity,1.0,64,64,4,32,128,8000,4,C,6.5720391273498535,20.98214340209961,20.982141494750977,20.98213990010755,20.982139868061207
identity,1.0,128,128,4,32,128,8000,0,A,6.803430080413818,2.3178343772888184,4.44691276550293,0.9461631244687071,0.7759387620555894
identity,1.0,128,128,4,32,128,8000,0,B,6.825385570526123,0.9497441053390503,2.6862502098083496,0.6955594266363919,0.5577697311469415
identity,1.0,128,128,4,32,128,8000,0,C,6.71956729888916,42.03709411621094,42.037105560302734,42.03710333783808,42.03710324925845
identity,1.0,128,128,4,32,128,8000,1,A,6.653817653656006,2.35099196434021,4.228837966918945,0.9564941131327285,0.7549593453953075
identity,1.0,128,128,4,32,128,8000,1,B,6.650412559509277,1.1935001611709595,3.7086493968963623,0.6974317843447617,0.5623599012902342
identity,1.0,128,128,4,32,128,8000,1,C,6.569393157958984,41.896148681640625,41.89616394042969,41.89615840203328,41.89615846911314
identity,1.0,128,128,4,32,128,8000,2,A,6.655238628387451,2.060887098312378,3.8510282039642334,0.9506163878739341,0.7406203484246383
identity,1.0,128,128,4,32,128,8000,2,B,6.621078968048096,1.204580545425415,3.3074185848236084,0.6916082389639904,0.5379400396955517
identity,1.0,128,128,4,32,128,8000,2,C,6.603240013122559,42.05074691772461,42.05073547363281,42.05073327769283,42.05073320912454
identity,1.0,128,128,4,32,128,8000,3,A,6.761512279510498,2.301851511001587,4.8441057205200195,0.934805554152001,0.7632412686735139
identity,1.0,128,128,4,32,128,8000,3,B,6.718461513519287,1.248143196105957,3.2535877227783203,0.7072410689764184,0.5598287103183581
identity,1.0,128,128,4,32,128,8000,3,C,6.654613494873047,41.89259719848633,41.89260482788086,41.89260202815249,41.89260186271196
identity,1.0,128,128,4,32,128,8000,4,A,6.692694187164307,2.2900383472442627,4.179230690002441,0.9590573851509754,0.7673578200108109
identity,1.0,128,128,4,32,128,8000,4,B,6.67324686050415,1.2667490243911743,3.5975441932678223,0.7118736672462426,0.5577565043769549
identity,1.0,128,128,4,32,128,8000,4,C,6.613677978515625,41.7430419921875,41.7430305480957,41.743031735638965,41.7430317218225
identity,1.0,256,256,4,32,128,8000,0,A,6.9891791343688965,2.631467580795288,4.353520393371582,0.95798770931263,0.8498071458851769
identity,1.0,256,256,4,32,128,8000,0,B,6.9917826652526855,0.9094256162643433,2.0328776836395264,0.8317282808011675,0.6928202606986992
identity,1.0,256,256,4,32,128,8000,0,C,6.8748908042907715,84.27920532226562,84.27921295166016,84.2792395683912,84.2792393525218
identity,1.0,256,256,4,32,128,8000,1,A,6.830925464630127,2.6891307830810547,5.074088096618652,0.9601683224457067,0.848735403778125
identity,1.0,256,256,4,32,128,8000,1,B,6.818944454193115,1.0515838861465454,2.400709629058838,0.8446950835649875,0.6965971738878203
identity,1.0,256,256,4,32,128,8000,1,C,6.689654350280762,83.87277221679688,83.8727798461914,83.87277952215435,83.87277899790537
identity,1.0,256,256,4,32,128,8000,2,A,6.801456451416016,2.6900830268859863,4.976428031921387,0.9624437791243452,0.8143409231458096
identity,1.0,256,256,4,32,128,8000,2,B,6.810816287994385,0.9980189800262451,2.814579725265503,0.851312027045237,0.6985312137396968
identity,1.0,256,256,4,32,128,8000,2,C,6.709805965423584,84.10860443115234,84.10863494873047,84.1086124686893,84.10861196531363
identity,1.0,256,256,4,32,128,8000,3,A,6.890652179718018,2.9318392276763916,5.139820098876953,0.9630575943493371,0.8346814557790971
identity,1.0,256,256,4,32,128,8000,3,B,6.926544189453125,1.428293228149414,3.1859164237976074,0.8496619631341761,0.6933482899592175
identity,1.0,256,256,4,32,128,8000,3,C,6.77943229675293,83.67340850830078,83.67337036132812,83.67339211260283,83.67339172668105
identity,0.75,128,128,4,512,2048,128000,0,A,7.007638454437256,1.0306684970855713,2.3002114295959473,0.9999999999999996,0.6155492727633433
identity,0.75,128,128,4,512,2048,128000,0,B,6.8899335861206055,0.6114663481712341,1.453598141670227,0.06391424046695966,0.0635224707586245
identity,0.75,128,128,4,512,2048,128000,0,C,6.732088088989258,42.621917724609375,42.621910095214844,42.62191693670349,42.62191639152627
identity,1.0,256,256,4,32,128,8000,4,A,6.834397315979004,2.48797869682312,4.276995658874512,0.9650048953078266,0.8242740386219385
identity,1.0,256,256,4,32,128,8000,4,B,6.843681812286377,1.3794268369674683,2.7655770778656006,0.8584178191759506,0.7011526940945854
identity,1.0,256,256,4,32,128,8000,4,C,6.723280906677246,83.85350799560547,83.85350036621094,83.85349333541508,83.85349291260395
identity,0.75,128,128,4,512,2048,128000,1,A,7.007741928100586,1.0300534963607788,2.3084850311279297,1.0000000000000002,0.5981785922937581
identity,0.75,128,128,4,512,2048,128000,1,B,6.903776168823242,0.6487764120101929,1.4108775854110718,0.06408547020601423,0.06356357491311848
identity,0.75,128,128,4,512,2048,128000,1,C,6.707367897033691,42.61876678466797,42.6187629699707,42.61876148725511,42.61876093935554
identity,0.75,128,128,4,512,2048,128000,2,A,6.995447158813477,1.035548448562622,2.2739808559417725,0.9999999999999993,0.6158268694941692
identity,0.75,128,128,4,512,2048,128000,2,B,6.883573532104492,0.7224817276000977,1.5018502473831177,0.06402879353960797,0.06354330587323846
identity,0.75,128,128,4,512,2048,128000,2,C,6.696563720703125,42.62636947631836,42.62636947631836,42.62636736908242,42.62636667943245
identity,0.75,128,128,4,512,2048,128000,3,A,6.992327690124512,1.0388062000274658,2.323866367340088,0.9999999999999999,0.5972493053641902
identity,0.75,128,128,4,512,2048,128000,3,B,6.893594741821289,0.697361946105957,1.468611478805542,0.06412902486558142,0.06353455905375906
identity,0.75,128,128,4,512,2048,128000,3,C,6.691194534301758,42.62630844116211,42.62629699707031,42.62631320115787,42.62631254989781
identity,0.75,128,128,4,512,2048,128000,4,A,6.982874870300293,1.0441361665725708,2.5045979022979736,1.0000000000000002,0.6240388535361422
identity,0.75,128,128,4,512,2048,128000,4,B,6.8879899978637695,0.6764460206031799,1.3842304944992065,0.06428091947678641,0.06372186346108627
identity,0.75,128,128,4,512,2048,128000,4,C,6.680111885070801,42.62420654296875,42.62419509887695,42.62419746780681,42.62419694651312
identity,1.0,16,16,4,128,512,32000,0,A,6.538470268249512,1.076249599456787,2.937690258026123,0.3813460954954083,0.33963275937121523
identity,1.0,16,16,4,128,512,32000,0,B,6.53060245513916,0.5269194841384888,1.9468390941619873,0.03955792435523017,0.04108660493003452
identity,1.0,16,16,4,128,512,32000,0,C,6.531754016876221,5.320589065551758,5.320589542388916,5.320589818844746,5.320589818814729
identity,1.0,16,16,4,128,512,32000,1,A,6.5672478675842285,1.1037158966064453,2.9887351989746094,0.39163480754323005,0.3528971148072182
identity,1.0,16,16,4,128,512,32000,1,B,6.564168453216553,0.5298305749893188,1.8070626258850098,0.04188338451956637,0.04207029878173607
identity,1.0,16,16,4,128,512,32000,1,C,6.567775726318359,5.316678524017334,5.31667947769165,5.316679411480526,5.3166794107204485
identity,1.0,16,16,4,128,512,32000,2,A,6.500185012817383,1.1326814889907837,2.7891016006469727,0.37087087298713134,0.32669817714749677
identity,1.0,16,16,4,128,512,32000,2,B,6.491824150085449,0.7116838693618774,2.7348790168762207,0.039205257705206255,0.04112084457648215
identity,1.0,16,16,4,128,512,32000,2,C,6.518223762512207,5.317531585693359,5.317531108856201,5.317531698169551,5.3175316984037195
identity,1.0,16,16,4,128,512,32000,3,A,6.542899131774902,1.1044495105743408,3.085737705230713,0.38291123798273735,0.3371836823283644
identity,1.0,16,16,4,128,512,32000,3,B,6.532888889312744,0.799656867980957,2.4448838233947754,0.038617114486687996,0.04041953114310032
identity,1.0,16,16,4,128,512,32000,3,C,6.534773349761963,5.3159499168396,5.3159499168396,5.315950326741291,5.3159503278694356
identity,1.0,16,16,4,128,512,32000,4,A,6.498363494873047,1.0795830488204956,2.579537868499756,0.35984085300872887,0.3144438206275624
identity,1.0,16,16,4,128,512,32000,4,B,6.483896255493164,0.5170917510986328,1.884650468826294,0.04201805747380604,0.04241744963914133
identity,1.0,16,16,4,128,512,32000,4,C,6.488486289978027,5.315217971801758,5.315217971801758,5.315218702271314,5.315218700438093
identity,1.0,64,64,4,128,512,32000,0,A,6.653845310211182,1.0931205749511719,2.422224521636963,0.9999999999999992,0.6964796530041788
identity,1.0,64,64,4,128,512,32000,0,B,6.611132621765137,1.0690659284591675,2.361351490020752,0.13004138817382266,0.12835019537581502
identity,1.0,64,64,4,128,512,32000,0,C,6.571008682250977,21.27012825012207,21.270132064819336,21.27012694826176,21.270126929360778
identity,1.0,64,64,4,128,512,32000,1,A,6.669079780578613,1.0853157043457031,2.5721311569213867,1.0,0.6890692597270512
identity,1.0,64,64,4,128,512,32000,1,B,6.636101722717285,0.9968681335449219,2.3200488090515137,0.13095529970301603,0.12906876969727302
identity,1.0,64,64,4,128,512,32000,1,C,6.588351249694824,21.24905776977539,21.249046325683594,21.24904854778705,21.249048545646662
identity,1.0,64,64,4,128,512,32000,2,A,6.609945774078369,1.0754034519195557,2.559760808944702,0.9999999999999997,0.7246816637589529
identity,1.0,64,64,4,128,512,32000,2,B,6.561412334442139,1.076382040977478,1.9938875436782837,0.1302361594234039,0.12838390302846436
identity,1.0,64,64,4,128,512,32000,2,C,6.532806873321533,21.251550674438477,21.25155258178711,21.251553183474567,21.251553165271
identity,1.0,64,64,4,128,512,32000,3,A,6.657107353210449,1.0951597690582275,2.577789068222046,1.0000000000000002,0.6892154677814795
identity,1.0,64,64,4,128,512,32000,3,B,6.621590614318848,1.140494704246521,2.621251106262207,0.1311510304461612,0.12922360491446494
identity,1.0,64,64,4,128,512,32000,3,C,6.579961776733398,21.255884170532227,21.255882263183594,21.25588333116831,21.25588332445952
identity,1.0,64,64,4,128,512,32000,4,A,6.616215705871582,1.1409128904342651,2.7060048580169678,0.9999999999999999,0.7242350768075666
identity,1.0,64,64,4,128,512,32000,4,B,6.556744575500488,1.185217261314392,3.0198259353637695,0.13058422283065402,0.1293269329132428
identity,1.0,64,64,4,128,512,32000,4,C,6.533295631408691,21.262815475463867,21.2628173828125,21.262814597167594,21.262814585062678
identity,1.0,128,128,4,128,512,32000,0,A,6.785079002380371,1.2877470254898071,2.7041783332824707,0.9999999999999997,0.7724764282478165
identity,1.0,128,128,4,128,512,32000,0,B,6.737344741821289,0.9427663087844849,1.9254865646362305,0.25424195069216865,0.24698075954902585
identity,1.0,128,128,4,128,512,32000,0,C,6.61904239654541,42.53451919555664,42.53453063964844,42.534531385486474,42.53453122184176
identity,1.0,128,128,4,128,512,32000,1,A,6.832640171051025,1.258373498916626,2.4569435119628906,1.0,0.776847094224846
identity,1.0,128,128,4,128,512,32000,1,B,6.769068241119385,1.0632226467132568,2.426906108856201,0.2545126717594653,0.24674620010169393
identity,1.0,128,128,4,128,512,32000,1,C,6.645249366760254,42.47010803222656,42.47011947631836,42.47011584403212,42.47011566353766
identity,0.75,256,256,4,512,2048,128000,0,A,7.143597602844238,1.4973666667938232,3.750497579574585,0.9999999999999992,0.7099629343809507
identity,0.75,256,256,4,512,2048,128000,0,B,7.129908561706543,0.5262267589569092,1.7879055738449097,0.12633508679429625,0.12549745617065142
identity,0.75,256,256,4,512,2048,128000,0,C,6.863927364349365,85.2479248046875,85.24790954589844,85.24791438636791,85.2479101744291
identity,1.0,128,128,4,128,512,32000,2,A,6.759218215942383,1.275475263595581,2.4965226650238037,1.0000000000000004,0.7625720562098742
identity,1.0,128,128,4,128,512,32000,2,B,6.695969581604004,1.0031744241714478,1.826759934425354,0.2552251310966226,0.24691394355632246
identity,1.0,128,128,4,128,512,32000,2,C,6.579202651977539,42.511112213134766,42.511104583740234,42.51110805001246,42.51110790162502
identity,1.0,128,128,4,128,512,32000,3,A,6.805215835571289,1.3039960861206055,2.678363084793091,0.9999999999999997,0.7706343486849618
identity,1.0,128,128,4,128,512,32000,3,B,6.7388081550598145,1.0698680877685547,2.275960683822632,0.25579109172861003,0.24647561374153695
identity,1.0,128,128,4,128,512,32000,3,C,6.616323471069336,42.50285339355469,42.50282669067383,42.502838642350554,42.50283850424838
identity,1.0,128,128,4,128,512,32000,4,A,6.742416858673096,1.3445358276367188,2.7872700691223145,1.0000000000000002,0.7878720289828242
identity,1.0,128,128,4,128,512,32000,4,B,6.6702752113342285,1.0466535091400146,2.4589271545410156,0.25416196975260275,0.24728567159950998
identity,1.0,128,128,4,128,512,32000,4,C,6.573581695556641,42.49786376953125,42.49785232543945,42.497846034956545,42.49784585500174
identity,1.0,256,256,4,128,512,32000,0,A,6.9185099601745605,2.3926312923431396,4.192144393920898,1.0000000000000002,0.683529565036597
identity,1.0,256,256,4,128,512,32000,0,B,6.922460079193115,0.9536218047142029,1.7064223289489746,0.47476649891276307,0.4215482859938142
identity,1.0,256,256,4,128,512,32000,0,C,6.751208782196045,85.07075500488281,85.07073974609375,85.07075559610657,85.07075432077391
identity,1.0,256,256,4,128,512,32000,1,A,6.952104568481445,2.4033005237579346,4.017130374908447,1.0000000000000007,0.6886830574891597
identity,1.0,256,256,4,128,512,32000,1,B,6.927377700805664,0.9130402207374573,1.884647011756897,0.4738650032197935,0.4180142527720901
identity,1.0,256,256,4,128,512,32000,1,C,6.758079528808594,85.0028305053711,85.00284576416016,85.00284626491862,85.00284491308913
identity,1.0,256,256,4,128,512,32000,2,A,6.882884979248047,2.4110114574432373,3.921639919281006,1.0000000000000002,0.6788423596637467
identity,1.0,256,256,4,128,512,32000,2,B,6.889452934265137,0.9303792119026184,1.9029717445373535,0.471674905993348,0.4169928108456697
identity,1.0,256,256,4,128,512,32000,2,C,6.713284492492676,85.01715087890625,85.01719665527344,85.01717699604818,85.01717545134521
identity,1.0,256,256,4,128,512,32000,3,A,6.921668529510498,2.342144727706909,3.995316505432129,0.9999999999999998,0.6724882161536232
identity,1.0,256,256,4,128,512,32000,3,B,6.923069477081299,0.905146062374115,1.9434341192245483,0.47220715899964355,0.42040953092363714
identity,1.0,256,256,4,128,512,32000,3,C,6.732317924499512,84.99551391601562,84.9955062866211,84.99549656570622,84.99549538318495
identity,1.0,256,256,4,128,512,32000,4,A,6.870844841003418,2.355229377746582,3.9004275798797607,1.0000000000000004,0.6660075580889413
identity,1.0,256,256,4,128,512,32000,4,B,6.884263515472412,1.0760756731033325,2.104391098022461,0.47441846707438057,0.4211438823153982
identity,1.0,256,256,4,128,512,32000,4,C,6.676844120025635,84.97350311279297,84.97347259521484,84.97345481341493,84.97345359437027
identity,0.75,256,256,4,512,2048,128000,1,A,7.140058517456055,1.4860670566558838,3.7598376274108887,0.9999999999999996,0.7138607779673166
identity,0.75,256,256,4,512,2048,128000,1,B,7.136746406555176,0.5464357137680054,1.5897356271743774,0.126453750334735,0.12553597009252174
identity,0.75,256,256,4,512,2048,128000,1,C,6.839421272277832,85.24678039550781,85.24676513671875,85.24675554471976,85.24675027563075
identity,0.75,256,256,4,512,2048,128000,2,A,7.107831001281738,1.4930593967437744,3.791700839996338,1.0000000000000002,0.7255000520224983
identity,0.75,256,256,4,512,2048,128000,2,B,7.106017112731934,0.5762395262718201,1.3798314332962036,0.12640421041070996,0.12552066894165248
identity,0.75,256,256,4,512,2048,128000,2,C,6.8091020584106445,85.25101470947266,85.25102996826172,85.25101658343576,85.25101171948121
identity,0.75,256,256,4,512,2048,128000,3,A,7.113678932189941,1.5366448163986206,3.9474830627441406,0.9999999999999999,0.730368835695184
identity,0.75,256,256,4,512,2048,128000,3,B,7.108188152313232,0.7658763527870178,1.4469866752624512,0.12638838493041388,0.12548876692035982
identity,0.75,256,256,4,512,2048,128000,3,C,6.808207988739014,85.25401306152344,85.2540054321289,85.25399360179635,85.25398932443437
identity,0.75,256,256,4,512,2048,128000,4,A,7.119770526885986,1.4984283447265625,3.8655309677124023,0.999999999999999,0.718095554318317
identity,0.75,256,256,4,512,2048,128000,4,B,7.084830284118652,0.6126818060874939,1.6279338598251343,0.1263922959640598,0.1254924030574935
identity,0.75,256,256,4,512,2048,128000,4,C,6.817874431610107,85.24301147460938,85.2430191040039,85.24302241602267,85.24301761432075
identity,1.0,16,16,4,512,2048,128000,0,A,6.564597129821777,1.1213070154190063,2.111433982849121,0.2614304998594617,0.2707049095112905
identity,1.0,16,16,4,512,2048,128000,0,B,6.534174919128418,0.5355885028839111,1.731370210647583,0.00961656224249794,0.009652886083408085
identity,1.0,16,16,4,512,2048,128000,0,C,6.533600807189941,5.328558444976807,5.3285603523254395,5.328559470631772,5.328559469904287
identity,1.0,16,16,4,512,2048,128000,1,A,6.577108383178711,1.1518335342407227,2.4241225719451904,0.27359486200679023,0.29390808052295425
identity,1.0,16,16,4,512,2048,128000,1,B,6.546619415283203,0.5552489161491394,1.5201853513717651,0.009826441222494202,0.010675466922090966
identity,1.0,16,16,4,512,2048,128000,1,C,6.5541534423828125,5.3284196853637695,5.328420162200928,5.328419402399298,5.32841940153901
identity,1.0,16,16,4,512,2048,128000,2,A,6.546110153198242,1.1580744981765747,2.3195788860321045,0.26168691929230603,0.27227586833320755
identity,1.0,16,16,4,512,2048,128000,2,B,6.5200371742248535,0.6269879937171936,1.5064951181411743,0.00957037861388671,0.009651047186272816
identity,1.0,16,16,4,512,2048,128000,2,C,6.531099319458008,5.328822612762451,5.328822612762451,5.328822542261158,5.3288225412640395
relu,0.0,16,16,4,8,32,2000,0,A,6.460118293762207,0.7759014368057251,0.8782973885536194,0.7563480587591057,0.748012120529704
relu,0.0,16,16,4,8,32,2000,0,B,6.4669365882873535,0.5484095811843872,0.7192279696464539,0.49505637173120487,0.6974677029947823
relu,0.0,16,16,4,8,32,2000,0,C,6.640387535095215,4.828835487365723,2.316279888153076,4.828834993691049,0.5372066679666685
relu,0.0,16,16,4,8,32,2000,1,A,6.38007116317749,0.9521322250366211,0.8708598017692566,0.9999999999999996,0.9839943230356608
relu,0.0,16,16,4,8,32,2000,1,B,6.449568748474121,0.43519359827041626,0.7688822746276855,0.4666178055158863,0.569771507983172
relu,0.0,16,16,4,8,32,2000,1,C,6.589906692504883,4.9004225730896,1.6233234405517578,4.900423089172443,0.44137406021946474
identity,1.0,16,16,4,512,2048,128000,3,A,6.546322345733643,1.1571681499481201,2.3276286125183105,0.26686856092210814,0.2808831942731861
identity,1.0,16,16,4,512,2048,128000,3,B,6.520260810852051,0.6028458476066589,1.8216418027877808,0.009534753617354681,0.009901788443527794
identity,1.0,16,16,4,512,2048,128000,3,C,6.516622543334961,5.328907489776611,5.328908920288086,5.328908840230505,5.328908839650411
relu,0.0,16,16,4,8,32,2000,2,A,6.425539493560791,0.8021672964096069,0.9233406186103821,0.7088969384793886,0.6825900246685789
relu,0.0,16,16,4,8,32,2000,2,B,6.426364898681641,0.5404230356216431,0.7401137948036194,0.4389446197581633,0.5848207170615449
relu,0.0,16,16,4,8,32,2000,2,C,6.5986647605896,4.981705665588379,2.190566062927246,4.9817052961649235,0.3101425736884024
relu,0.0,16,16,4,8,32,2000,3,A,6.419528007507324,0.8044209480285645,0.8288893699645996,0.8078484749981006,0.770931067188915
relu,0.0,16,16,4,8,32,2000,3,B,6.441840171813965,0.46563059091567993,0.7482367157936096,0.4578967164890915,0.6085188519065504
relu,0.0,16,16,4,8,32,2000,3,C,6.61714506149292,4.843786239624023,1.8478143215179443,4.8437852132892605,0.3745844403632891
relu,0.0,16,16,4,8,32,2000,4,A,6.463671684265137,0.7517251372337341,0.8558523654937744,0.6746447577474853,0.6396223501948759
relu,0.0,16,16,4,8,32,2000,4,B,6.483211994171143,0.42319798469543457,0.6547635793685913,0.3967379587170948,0.5342890205738943
relu,0.0,16,16,4,8,32,2000,4,C,6.651627063751221,4.775089263916016,2.144878625869751,4.77509049345191,0.37200363702752304
identity,1.0,16,16,4,512,2048,128000,4,A,6.54807186126709,1.146972894668579,2.260106325149536,0.26468204948408613,0.28083198849998026
identity,1.0,16,16,4,512,2048,128000,4,B,6.527899265289307,0.49483510851860046,2.0595860481262207,0.009910989445230781,0.00996587333414707
identity,1.0,16,16,4,512,2048,128000,4,C,6.523265838623047,5.32859468460083,5.328594207763672,5.328594068447095,5.328594067467382
relu,0.0,64,64,4,8,32,2000,0,A,6.528175354003906,1.0835793018341064,1.452742338180542,0.9234412409785502,0.9643984817507949
relu,0.0,64,64,4,8,32,2000,0,B,6.492623805999756,0.5712113976478577,1.0076513290405273,0.7418148709272323,0.926798577919235
relu,0.0,64,64,4,8,32,2000,0,C,6.651808738708496,18.95842170715332,5.906763076782227,18.958424744465205,0.5369849221526869
relu,0.0,64,64,4,8,32,2000,1,A,6.480813026428223,1.0591899156570435,1.2147295475006104,0.9634166836877943,0.989876279988126
relu,0.0,64,64,4,8,32,2000,1,B,6.457370758056641,0.6646883487701416,0.9584549069404602,0.7944214975314687,0.9729957987722809
relu,0.0,64,64,4,8,32,2000,1,C,6.580094337463379,19.295316696166992,3.790076732635498,19.295315600526234,0.5110390852922505
relu,0.0,64,64,4,8,32,2000,2,A,6.462477207183838,1.0061348676681519,1.181418538093567,0.9108316461637497,0.9928558216442488
relu,0.0,64,64,4,8,32,2000,2,B,6.448402404785156,0.6635686755180359,0.9544143080711365,0.7723545363965155,0.9830899859404894
relu,0.0,64,64,4,8,32,2000,2,C,6.5995917320251465,19.99128532409668,4.316783905029297,19.991290039658,0.37353543171749004
relu,0.0,64,64,4,8,32,2000,3,A,6.50930118560791,1.0246626138687134,1.1140518188476562,0.9727811424764602,0.9805159278444019
relu,0.0,64,64,4,8,32,2000,3,B,6.447768211364746,0.683299720287323,1.0005075931549072,0.8380357754174792,0.9999999999999997
relu,0.0,64,64,4,8,32,2000,3,C,6.614575386047363,19.798229217529297,5.885141372680664,19.798230418681804,0.41026885374809363
relu,0.0,64,64,4,8,32,2000,4,A,6.532749176025391,1.1170611381530762,1.287782907485962,0.9506107465430697,0.9672548963604033
relu,0.0,64,64,4,8,32,2000,4,B,6.482586860656738,0.6337472200393677,1.008705735206604,0.7522438270840605,0.9134734204574952
relu,0.0,64,64,4,8,32,2000,4,C,6.654120445251465,19.501440048217773,7.095851421356201,19.501442559036345,0.3964181261067706
relu,0.0,128,128,4,8,32,2000,0,A,6.607300758361816,2.3191404342651367,4.0390753746032715,0.9464425991518955,0.8626517804696948
relu,0.0,128,128,4,8,32,2000,0,B,6.559668064117432,0.9461790323257446,2.34004807472229,0.8574873315681351,0.9124128121074753
relu,0.0,128,128,4,8,32,2000,0,C,6.631477355957031,38.46583557128906,13.91446304321289,38.46582794718022,0.5787495936724557
relu,0.0,128,128,4,8,32,2000,1,A,6.540253639221191,2.3340723514556885,2.820693016052246,0.9378544883079777,0.8896119641953251
relu,0.0,128,128,4,8,32,2000,1,B,6.489163875579834,0.8432666659355164,1.811171293258667,0.871159278355602,0.9504415132018638
relu,0.0,128,128,4,8,32,2000,1,C,6.606054306030273,39.170448303222656,7.4151434898376465,39.170455701165295,0.4131067002962874
relu,0.0,128,128,4,8,32,2000,2,A,6.553627967834473,2.4940638542175293,3.176119804382324,0.9653420575847143,0.9650471833153155
relu,0.0,128,128,4,8,32,2000,2,B,6.5160722732543945,0.9825770258903503,1.9985724687576294,0.8662071364246876,0.9660840348014339
relu,0.0,128,128,4,8,32,2000,2,C,6.606959819793701,38.420475006103516,15.576626777648926,38.42047259853931,0.48596901650870694
relu,0.0,128,128,4,8,32,2000,3,A,6.589145660400391,2.3820338249206543,4.715840816497803,0.9470624829151929,0.8957039093133929
relu,0.0,128,128,4,8,32,2000,3,B,6.526002407073975,0.9130531549453735,2.480438709259033,0.8704771524298152,0.9574680458137221
relu,0.0,128,128,4,8,32,2000,3,C,6.6383256912231445,39.071266174316406,10.524008750915527,39.07127150516497,0.41272327782121176
relu,0.0,128,128,4,8,32,2000,4,A,6.629349708557129,2.4211535453796387,4.149522304534912,0.960873815559973,0.8377672261563912
relu,0.0,128,128,4,8,32,2000,4,B,6.576024532318115,0.7323055863380432,2.089409112930298,0.834764510449279,0.9326859136461355
relu,0.0,128,128,4,8,32,2000,4,C,6.655277252197266,40.44947814941406,7.591821193695068,40.449482499055456,0.34377838509634456
relu,0.0,256,256,4,8,32,2000,0,A,6.716134071350098,7.116734027862549,7.820442199707031,0.9093543467510299,0.8974433381123157
relu,0.0,256,256,4,8,32,2000,0,B,6.656405448913574,1.3124383687973022,4.284021377563477,0.8704839502255722,0.8227687766949013
relu,0.0,256,256,4,8,32,2000,0,C,6.649242401123047,78.2771224975586,15.753427505493164,78.27714483259868,0.44700288359060014
identity,1.0,64,64,4,512,2048,128000,0,A,6.708014965057373,1.028847098350525,2.5513570308685303,0.9999999999999996,0.48138870005284223
identity,1.0,64,64,4,512,2048,128000,0,B,6.641261577606201,1.151916742324829,1.7652360200881958,0.032755197455353914,0.03250681720575338
identity,1.0,64,64,4,512,2048,128000,0,C,6.562827110290527,21.31195640563965,21.311954498291016,21.311954878003696,21.311954802168575
relu,0.0,256,256,4,8,32,2000,1,A,6.585692405700684,9.460808753967285,15.031631469726562,0.9108216864935823,1.202075458571618
relu,0.0,256,256,4,8,32,2000,1,B,6.576999187469482,1.792439579963684,3.975527048110962,0.8311383749694042,0.8708251059101525
relu,0.0,256,256,4,8,32,2000,1,C,6.602248191833496,78.48912811279297,14.69757080078125,78.48909804890452,0.5407505508914049
relu,0.0,256,256,4,8,32,2000,2,A,6.6565375328063965,3.527440071105957,5.518820762634277,0.8963709198591592,0.8269317398756183
relu,0.0,256,256,4,8,32,2000,2,B,6.587730407714844,2.9905102252960205,7.678156852722168,0.8686543165421912,0.847450288912456
relu,0.0,256,256,4,8,32,2000,2,C,6.603933811187744,76.45886993408203,21.106552124023438,76.45889102840135,0.5587459041625438
relu,0.0,256,256,4,8,32,2000,3,A,6.645744800567627,4.4293670654296875,11.288195610046387,0.9103994384138963,0.9108353928395194
relu,0.0,256,256,4,8,32,2000,3,B,6.602169036865234,2.0312039852142334,5.356634616851807,0.8691212757290093,0.8151290575860527
relu,0.0,256,256,4,8,32,2000,3,C,6.635915756225586,75.89728546142578,22.358806610107422,75.89728101952235,0.5696807032557305
relu,0.0,256,256,4,8,32,2000,4,A,6.70080041885376,7.7860517501831055,12.068451881408691,0.9151049420047098,0.8880636795388328
relu,0.0,256,256,4,8,32,2000,4,B,6.641260147094727,1.4002076387405396,7.971434593200684,0.8660725178173793,0.8511474478686267
relu,0.0,256,256,4,8,32,2000,4,C,6.672721862792969,78.11546325683594,22.936031341552734,78.11546436758874,0.5799135283595135
relu,0.0,16,16,4,32,128,8000,0,A,6.583762168884277,0.6759598851203918,0.8814516067504883,0.5317560822349889,0.5096466340818853
relu,0.0,16,16,4,32,128,8000,0,B,6.574619293212891,0.16878840327262878,0.49309974908828735,0.1389112164451571,0.34513233393873083
relu,0.0,16,16,4,32,128,8000,0,C,6.768031120300293,5.190878391265869,1.8710967302322388,5.190878624396888,0.1766426483728698
relu,0.0,16,16,4,32,128,8000,1,A,6.545851230621338,0.6784025430679321,0.737375795841217,0.5928022315996889,0.6117662797622985
relu,0.0,16,16,4,32,128,8000,1,B,6.579618453979492,0.15025852620601654,0.3711531460285187,0.1333226577270303,0.2787471180942522
relu,0.0,16,16,4,32,128,8000,1,C,6.764382362365723,5.127628803253174,1.4890832901000977,5.127629191772053,0.2657153231469218
identity,1.0,64,64,4,512,2048,128000,1,A,6.729218006134033,1.0292210578918457,2.3542356491088867,1.0,0.47573943376700434
identity,1.0,64,64,4,512,2048,128000,1,B,6.654788494110107,1.0502947568893433,1.5210654735565186,0.03281693806578607,0.03268107295813942
identity,1.0,64,64,4,512,2048,128000,1,C,6.581722736358643,21.311012268066406,21.31100845336914,21.311006129802774,21.311006050919442
relu,0.0,16,16,4,32,128,8000,2,A,6.592555999755859,0.6128825545310974,0.7285792231559753,0.44751674440890316,0.400125913843617
relu,0.0,16,16,4,32,128,8000,2,B,6.577552795410156,0.17762435972690582,0.45338067412376404,0.1497079988520817,0.34874293258531136
relu,0.0,16,16,4,32,128,8000,2,C,6.7510504722595215,5.188633441925049,1.234112024307251,5.188633579512613,0.2163253138105731
relu,0.0,16,16,4,32,128,8000,3,A,6.557482719421387,0.5568926334381104,0.6873708367347717,0.4190634190718549,0.38413616343963547
relu,0.0,16,16,4,32,128,8000,3,B,6.524353504180908,0.1422605961561203,0.4404784142971039,0.12785535197115058,0.5346255084866454
relu,0.0,16,16,4,32,128,8000,3,C,6.760316371917725,5.203981876373291,1.6074708700180054,5.203980989253175,0.23509321161855565
identity,1.0,64,64,4,512,2048,128000,3,A,6.694356918334961,1.0465253591537476,2.456953525543213,1.0000000000000002,0.48309883069750287
identity,1.0,64,64,4,512,2048,128000,3,B,6.631059169769287,1.091294765472412,1.8145908117294312,0.03273796016648045,0.032618160514520524
identity,1.0,64,64,4,512,2048,128000,3,C,6.579549789428711,21.313032150268555,21.31302833557129,21.31303000966708,21.313029948489184
identity,1.0,64,64,4,512,2048,128000,2,A,6.706904888153076,1.0347577333450317,2.4890077114105225,1.0000000000000002,0.45783864000256735
identity,1.0,64,64,4,512,2048,128000,2,B,6.637386322021484,1.0688719749450684,1.6919680833816528,0.03278754615361751,0.03257694436982345
identity,1.0,64,64,4,512,2048,128000,2,C,6.551643371582031,21.31259536743164,21.312591552734375,21.312589830289696,21.312589766081256
relu,0.0,16,16,4,32,128,8000,4,A,6.585773468017578,0.6556016206741333,0.8130385279655457,0.5796277448207906,0.5304340385777899
relu,0.0,16,16,4,32,128,8000,4,B,6.556745529174805,0.15052258968353271,0.4933929145336151,0.13105940840882618,0.4422403036893113
relu,0.0,16,16,4,32,128,8000,4,C,6.791677474975586,5.157773494720459,2.3911244869232178,5.157773106019663,0.17602355043374757
relu,0.0,64,64,4,32,128,8000,0,A,6.633471965789795,1.7952609062194824,2.7192516326904297,0.9999999999999999,0.6715535782171886
relu,0.0,64,64,4,32,128,8000,0,B,6.577024459838867,0.2994224429130554,1.5038102865219116,0.42665824270555347,0.48863123440949335
relu,0.0,64,64,4,32,128,8000,0,C,6.758288860321045,20.710901260375977,5.366951942443848,20.71089739288281,0.28759092189908575
relu,0.0,64,64,4,32,128,8000,1,A,6.63731575012207,1.6923249959945679,2.4593732357025146,0.9999999999999998,0.7482706023214257
relu,0.0,64,64,4,32,128,8000,1,B,6.534270286560059,0.516143262386322,1.5447471141815186,0.4158721934588973,0.5438571029520156
relu,0.0,64,64,4,32,128,8000,1,C,6.765780448913574,20.664112091064453,5.634272575378418,20.664115029335996,0.3691405019874763
relu,0.0,64,64,4,32,128,8000,2,A,6.634738445281982,2.117025375366211,3.0903751850128174,1.0000000000000004,0.7540592571372527
relu,0.0,64,64,4,32,128,8000,2,B,6.549246311187744,0.4641111195087433,1.6222918033599854,0.44174499855571864,0.4813139873066116
relu,0.0,64,64,4,32,128,8000,2,C,6.758081912994385,20.660276412963867,6.586392879486084,20.66028394859346,0.24125587786243893
relu,0.0,64,64,4,32,128,8000,3,A,6.5939836502075195,2.3141815662384033,3.1806108951568604,0.9999999999999994,0.7122919045412981
relu,0.0,64,64,4,32,128,8000,3,B,6.526675224304199,0.3594362437725067,0.8472099900245667,0.40810637115584253,0.39125595463660656
relu,0.0,64,64,4,32,128,8000,3,C,6.739879608154297,20.8361873626709,5.351303577423096,20.83618780104932,0.26318669996467614
relu,0.0,64,64,4,32,128,8000,4,A,6.625697135925293,1.7151098251342773,2.382668972015381,0.936642877331494,0.5628651243694915
relu,0.0,64,64,4,32,128,8000,4,B,6.567404270172119,0.5087686777114868,1.8539539575576782,0.41524203379287505,0.5484805916225132
relu,0.0,64,64,4,32,128,8000,4,C,6.778182506561279,20.622535705566406,2.6318857669830322,20.622540726510387,0.26778772698845166
identity,1.0,64,64,4,512,2048,128000,4,A,6.703218936920166,1.046093225479126,2.4211292266845703,1.0,0.48039350477473053
identity,1.0,64,64,4,512,2048,128000,4,B,6.647640228271484,1.1661678552627563,1.6608272790908813,0.032929657598227705,0.032653322431803286
identity,1.0,64,64,4,512,2048,128000,4,C,6.554956912994385,21.3134765625,21.3134708404541,21.313475186315944,21.31347513360228
relu,0.0,128,128,4,32,128,8000,0,A,6.824331283569336,2.3110063076019287,20.051700592041016,0.9999999999999999,8.169145108327756
relu,0.0,128,128,4,32,128,8000,0,B,6.649499416351318,0.6665577292442322,3.463033676147461,0.5958395118437386,0.5509262239564602
relu,0.0,128,128,4,32,128,8000,0,C,6.772408485412598,41.57843017578125,8.73911190032959,41.5784404761084,0.33415469084513416
relu,0.0,128,128,4,32,128,8000,1,A,6.844945907592773,2.7515909671783447,17.141538619995117,1.000000000000001,3.3551447888741315
relu,0.0,128,128,4,32,128,8000,1,B,6.617130756378174,0.6051362156867981,2.6944127082824707,0.5944084818389658,0.5930722293687302
relu,0.0,128,128,4,32,128,8000,1,C,6.759797096252441,41.03031539916992,8.749683380126953,41.03030832176284,0.3843625767739426
relu,0.0,128,128,4,32,128,8000,2,A,6.774033069610596,3.966683864593506,22.007997512817383,1.0000000000000009,4.1801190494044596
relu,0.0,128,128,4,32,128,8000,2,B,6.644903182983398,0.6177907586097717,3.4725427627563477,0.5856922414702508,0.5998086892945491
relu,0.0,128,128,4,32,128,8000,2,C,6.7731475830078125,41.37120819091797,4.811985015869141,41.371216973693876,0.30642637317229227
relu,0.0,128,128,4,32,128,8000,3,A,6.806570053100586,4.516022205352783,25.991436004638672,0.9999999999999996,4.4122024776236355
relu,0.0,128,128,4,32,128,8000,3,B,6.633586883544922,1.0408766269683838,2.4255502223968506,0.6045577982591649,0.3939421014050051
relu,0.0,128,128,4,32,128,8000,3,C,6.75040340423584,41.55596160888672,7.601675033569336,41.5559636773322,0.2843894933685648
relu,0.0,128,128,4,32,128,8000,4,A,6.871706008911133,1.7999191284179688,35.51493835449219,0.9999999999999996,16.82849694206407
relu,0.0,128,128,4,32,128,8000,4,B,6.668254375457764,0.5875797867774963,3.8880972862243652,0.5623338212096425,0.6140939675669524
relu,0.0,128,128,4,32,128,8000,4,C,6.793484687805176,41.36088943481445,5.801033020019531,41.360884854411616,0.3423033658029479
relu,0.0,256,256,4,32,128,8000,0,A,7.171441078186035,2.983362913131714,53.43544006347656,0.9999999999999989,47.24549182313697
relu,0.0,256,256,4,32,128,8000,0,B,6.766762733459473,0.609744131565094,4.880147457122803,0.7922920849229362,0.7741145870297178
relu,0.0,256,256,4,32,128,8000,0,C,6.783024787902832,83.22611236572266,23.020620346069336,83.22613167524604,0.38206335823567605
relu,0.0,256,256,4,32,128,8000,1,A,7.013334274291992,2.0166749954223633,82.65003967285156,1.0000000000000009,84.16306623138948
relu,0.0,256,256,4,32,128,8000,1,B,6.7820000648498535,0.5688658952713013,10.156999588012695,0.8394975910794231,1.0839621000104191
relu,0.0,256,256,4,32,128,8000,1,C,6.767080307006836,82.64476776123047,17.930063247680664,82.6447980115887,0.5046895412424403
relu,0.0,256,256,4,32,128,8000,2,A,7.159676551818848,3.015873908996582,83.56180572509766,1.0000000000000016,83.56179061890883
relu,0.0,256,256,4,32,128,8000,2,B,6.781596660614014,0.754558801651001,12.088799476623535,0.8517920304361395,0.8646503745582819
relu,0.0,256,256,4,32,128,8000,2,C,6.760596752166748,82.41099548339844,32.58506393432617,82.41098155310415,0.5915880375744659
relu,0.0,256,256,4,32,128,8000,3,A,7.170950889587402,3.0498270988464355,83.76768493652344,1.0000000000000004,83.76769551218233
relu,0.0,256,256,4,32,128,8000,3,B,6.797131538391113,0.9816083908081055,12.080038070678711,0.8040278254062304,2.606700316003129
relu,0.0,256,256,4,32,128,8000,3,C,6.752105236053467,83.4417495727539,23.865835189819336,83.44174452675091,0.449779964826871
relu,0.0,256,256,4,32,128,8000,4,A,7.167496681213379,3.179287910461426,84.14703369140625,0.9999999999999997,84.14701461690424
relu,0.0,256,256,4,32,128,8000,4,B,6.801064491271973,0.5456440448760986,19.312711715698242,0.7947843475490031,3.435750190440654
relu,0.0,256,256,4,32,128,8000,4,C,6.79656982421875,82.21681213378906,21.12635612487793,82.21685357280644,0.3582634681885774
identity,1.0,128,128,4,512,2048,128000,0,A,6.9278764724731445,1.086829662322998,2.6282637119293213,1.0000000000000002,0.6383654925392157
identity,1.0,128,128,4,512,2048,128000,0,B,6.809615612030029,0.9298173785209656,1.6851919889450073,0.0643509295121179,0.06367236595453078
identity,1.0,128,128,4,512,2048,128000,0,C,6.6419453620910645,42.62403869628906,42.62404251098633,42.62404030169706,42.62403975183946
identity,1.0,128,128,4,512,2048,128000,1,A,6.931344985961914,1.0936063528060913,2.669908285140991,0.9999999999999996,0.6340114068695542
identity,1.0,128,128,4,512,2048,128000,1,B,6.829146385192871,1.048986792564392,1.6474828720092773,0.0640529364363848,0.0635462773896122
identity,1.0,128,128,4,512,2048,128000,1,C,6.63169002532959,42.6206169128418,42.62062454223633,42.6206220753858,42.62062158971649
identity,1.0,128,128,4,512,2048,128000,2,A,6.9196624755859375,1.0849840641021729,2.6135828495025635,1.0000000000000002,0.617965109910688
identity,1.0,128,128,4,512,2048,128000,2,B,6.802396774291992,0.9865151047706604,1.623293161392212,0.0643067778655793,0.06367239543662072
identity,1.0,128,128,4,512,2048,128000,2,C,6.607000827789307,42.626216888427734,42.626220703125,42.626218100687204,42.626217483521046
identity,1.0,128,128,4,512,2048,128000,3,A,6.907259464263916,1.094293475151062,2.5504822731018066,0.9999999999999997,0.6402986901946923
identity,1.0,128,128,4,512,2048,128000,3,B,6.810879707336426,0.9880466461181641,1.8904857635498047,0.0640473044552073,0.06358186878577439
identity,1.0,128,128,4,512,2048,128000,3,C,6.629187107086182,42.62873077392578,42.628719329833984,42.62872306343604,42.62872255594823
identity,1.0,128,128,4,512,2048,128000,4,A,6.898129463195801,1.103646993637085,2.6567037105560303,1.0,0.6382479656912119
identity,1.0,128,128,4,512,2048,128000,4,B,6.804910659790039,0.9744096994400024,1.4101412296295166,0.06418315870206467,0.06356411675019112
identity,1.0,128,128,4,512,2048,128000,4,C,6.616237640380859,42.6265983581543,42.626590728759766,42.62659691524221,42.626596446109176
relu,0.0,16,16,4,128,512,32000,0,A,6.8068037033081055,0.6165962219238281,0.914158046245575,0.36444139650581714,0.37274461774446865
relu,0.0,16,16,4,128,512,32000,0,B,6.783194065093994,0.09597180783748627,0.5598465800285339,0.04617044535487474,0.1685377716700073
relu,0.0,16,16,4,128,512,32000,0,C,6.878302097320557,5.284078598022461,1.5251916646957397,5.284078648338976,0.1304611679986577
relu,0.0,16,16,4,128,512,32000,1,A,6.794375419616699,0.624598503112793,0.8776057362556458,0.36320720970413795,0.3178401178716731
relu,0.0,16,16,4,128,512,32000,1,B,6.767600059509277,0.08752843737602234,0.5021946430206299,0.04443767354648059,0.17432619205573574
relu,0.0,16,16,4,128,512,32000,1,C,6.869335651397705,5.2716288566589355,1.8794399499893188,5.271629231239939,0.16393103355152702
relu,0.0,16,16,4,128,512,32000,2,A,6.800920486450195,0.686512291431427,1.011789321899414,0.40579516614626465,0.4290373767382552
relu,0.0,16,16,4,128,512,32000,2,B,6.783763885498047,0.08071726560592651,0.6348674893379211,0.04342304942172077,0.2104405204699232
relu,0.0,16,16,4,128,512,32000,2,C,6.888648986816406,5.27777624130249,1.9892566204071045,5.2777758270989645,0.11473131308113942
relu,0.0,16,16,4,128,512,32000,3,A,6.817651271820068,0.6160414218902588,0.9369725584983826,0.36233734150437436,0.3789477521196146
relu,0.0,16,16,4,128,512,32000,3,B,6.774417877197266,0.08226706832647324,0.5007742047309875,0.04281882626616124,0.18045862750575212
relu,0.0,16,16,4,128,512,32000,3,C,6.878239631652832,5.2819623947143555,1.1611924171447754,5.281961833724764,0.14626940173257916
relu,0.0,16,16,4,128,512,32000,4,A,6.803141117095947,0.6291038990020752,1.0193487405776978,0.37676575531726764,0.347275725604099
relu,0.0,16,16,4,128,512,32000,4,B,6.812440872192383,0.07673949003219604,0.71807461977005,0.044030710452748895,0.1893251244461834
relu,0.0,16,16,4,128,512,32000,4,C,6.897888660430908,5.2868828773498535,1.4703646898269653,5.286883313927272,0.10852210362326713
relu,0.0,64,64,4,128,512,32000,0,A,6.942477703094482,1.1296141147613525,17.023441314697266,0.9999999999999999,4.329814010572535
relu,0.0,64,64,4,128,512,32000,0,B,6.823614597320557,0.17677214741706848,2.521470785140991,0.13041415603626794,0.48525366731231895
relu,0.0,64,64,4,128,512,32000,0,C,6.873264312744141,21.171274185180664,5.357223033905029,21.17127230635945,0.11597561720486356
relu,0.0,64,64,4,128,512,32000,1,A,6.916347503662109,1.0877543687820435,13.137140274047852,1.0000000000000004,5.152708346141294
relu,0.0,64,64,4,128,512,32000,1,B,6.814921855926514,0.21459552645683289,2.7607100009918213,0.13056262666763854,0.32729675657869745
relu,0.0,64,64,4,128,512,32000,1,C,6.867307186126709,21.164236068725586,5.063454627990723,21.164236771442173,0.1383181720768755
relu,0.0,64,64,4,128,512,32000,2,A,6.94285249710083,1.0636430978775024,17.69670867919922,0.9999999999999996,7.94857668342327
relu,0.0,64,64,4,128,512,32000,2,B,6.825253009796143,0.25690123438835144,3.267359495162964,0.12951152940394473,0.555441762765032
relu,0.0,64,64,4,128,512,32000,2,C,6.87272310256958,21.14522361755371,3.622159004211426,21.145221366351382,0.22755638005076764
relu,0.0,64,64,4,128,512,32000,3,A,6.942256927490234,0.8736865520477295,14.40622329711914,1.0000000000000002,6.930750219466306
relu,0.0,64,64,4,128,512,32000,3,B,6.829222679138184,0.13617083430290222,1.8915421962738037,0.1311665343397648,0.41637788172887963
relu,0.0,64,64,4,128,512,32000,3,C,6.881113052368164,21.113840103149414,5.189085006713867,21.113846541116914,0.19867799234443473
relu,0.0,64,64,4,128,512,32000,4,A,6.946001052856445,1.0600380897521973,18.087024688720703,1.0000000000000002,8.551780831028776
relu,0.0,64,64,4,128,512,32000,4,B,6.843897342681885,0.21363407373428345,3.562361001968384,0.13150414439166985,0.5683258658256504
relu,0.0,64,64,4,128,512,32000,4,C,6.876420974731445,21.16107749938965,4.63359260559082,21.16108039754728,0.160714407464111
identity,1.0,256,256,4,512,2048,128000,0,A,7.024457931518555,1.7117723226547241,4.518187999725342,0.9999999999999989,0.7461526530461942
identity,1.0,256,256,4,512,2048,128000,0,B,7.058566093444824,0.6847007870674133,1.7947187423706055,0.12648531121646225,0.12561762045645727
identity,1.0,256,256,4,512,2048,128000,0,C,6.767131805419922,85.24993896484375,85.24993133544922,85.24993989730088,85.24993546194654
relu,0.0,128,128,4,128,512,32000,0,A,7.287565231323242,1.0619175434112549,2.3724491596221924,0.9999999999999993,6.31096058336308
relu,0.0,128,128,4,128,512,32000,0,B,6.91824197769165,0.21097023785114288,11.981467247009277,0.25606856430402697,2.183911996803866
relu,0.0,128,128,4,128,512,32000,0,C,6.885148048400879,42.2685546875,16.84615707397461,42.26855263649688,0.29614893258005776
relu,0.0,128,128,4,128,512,32000,1,A,7.21611213684082,1.1089880466461182,42.483150482177734,1.0000000000000007,27.463557109121233
relu,0.0,128,128,4,128,512,32000,1,B,6.913989067077637,0.21697764098644257,8.201919555664062,0.2609462226165757,0.7483686420128021
relu,0.0,128,128,4,128,512,32000,1,C,6.862032890319824,42.28984451293945,9.543292045593262,42.289858370992874,0.6422543847146576
relu,0.0,128,128,4,128,512,32000,2,A,7.160543918609619,0.8215936422348022,1.699182152748108,0.9999999999999998,6.554432952524293
relu,0.0,128,128,4,128,512,32000,2,B,6.926120281219482,0.17262430489063263,15.725523948669434,0.2544632627595847,2.7774054434443065
relu,0.0,128,128,4,128,512,32000,2,C,6.877677917480469,42.28287124633789,9.733856201171875,42.282876841773465,0.4335868769966409
relu,0.0,128,128,4,128,512,32000,3,A,7.224697113037109,1.0343725681304932,42.498958587646484,1.0000000000000004,42.4989508275469
relu,0.0,128,128,4,128,512,32000,3,B,6.921161651611328,0.1591678112745285,12.774862289428711,0.25569602209853326,2.3394874877897296
relu,0.0,128,128,4,128,512,32000,3,C,6.89594841003418,42.20640563964844,20.472021102905273,42.20639560996885,0.38594029736188257
relu,0.0,128,128,4,128,512,32000,4,A,7.212578296661377,1.0836269855499268,42.490901947021484,0.9999999999999994,42.49090242790401
relu,0.0,128,128,4,128,512,32000,4,B,6.923244953155518,0.28147196769714355,8.469247817993164,0.25930494435564,0.7406995579059866
relu,0.0,128,128,4,128,512,32000,4,C,6.882427215576172,42.28768539428711,9.935141563415527,42.2876769235549,0.19473121653159242
relu,0.0,256,256,4,128,512,32000,0,A,7.600902557373047,3.4382317066192627,,1.0,
relu,0.0,256,256,4,128,512,32000,0,B,6.936767578125,0.23888644576072693,21.30335235595703,0.4762219390517441,4.867352121692323
relu,0.0,256,256,4,128,512,32000,0,C,6.892361640930176,84.07189178466797,37.51707077026367,84.07187752779558,1.597678807879948
relu,0.0,256,256,4,128,512,32000,1,A,7.600902557373047,4.03568172454834,,1.0000000000000002,
relu,0.0,256,256,4,128,512,32000,1,B,6.948277473449707,0.23322337865829468,22.32058334350586,0.4877644615760965,3.8710001544965267
relu,0.0,256,256,4,128,512,32000,1,C,6.895891189575195,84.49703216552734,18.080764770507812,84.4970313876097,2.5778690412196186
relu,0.0,256,256,4,128,512,32000,2,A,7.600902557373047,3.843860387802124,,0.9999999999999991,
relu,0.0,256,256,4,128,512,32000,2,B,6.996066093444824,0.23308852314949036,1.4996716976165771,0.48378435209075726,2.4999352554191936
relu,0.0,256,256,4,128,512,32000,2,C,6.884396553039551,84.3023910522461,35.56727600097656,84.30239820202266,0.6940665352491365
relu,0.0,256,256,4,128,512,32000,3,A,7.234838962554932,1.3357013463974,84.96573638916016,1.0000000000000002,84.9657056836774
relu,0.0,256,256,4,128,512,32000,3,B,6.955014228820801,0.21384723484516144,38.63227081298828,0.48769203817322654,8.72179169337435
relu,0.0,256,256,4,128,512,32000,3,C,6.8997578620910645,84.50534057617188,36.165348052978516,84.5053256842198,0.8160613103415333
relu,0.0,256,256,4,128,512,32000,4,A,7.237336158752441,1.2748792171478271,85.01671600341797,1.0000000000000002,85.01673135082036
relu,0.0,256,256,4,128,512,32000,4,B,6.967216968536377,0.2387537956237793,62.70386505126953,0.48375296063198187,8.110670247596897
relu,0.0,256,256,4,128,512,32000,4,C,6.879061222076416,84.55809020996094,12.108267784118652,84.55808228882097,1.6811417382222147
identity,1.0,256,256,4,512,2048,128000,1,A,7.0823798179626465,1.6694711446762085,4.313429355621338,1.0000000000000004,0.7408343150793588
identity,1.0,256,256,4,512,2048,128000,1,B,7.054603576660156,0.8473400473594666,1.8072841167449951,0.12664467457904083,0.12561847534415194
identity,1.0,256,256,4,512,2048,128000,1,C,6.76252555847168,85.24038696289062,85.2403564453125,85.24035687188916,85.24035230700831
identity,1.0,256,256,4,512,2048,128000,2,A,7.048251628875732,1.7006134986877441,4.336004734039307,1.0000000000000002,0.7395688769248464
identity,1.0,256,256,4,512,2048,128000,2,B,7.030908107757568,0.7262400984764099,1.8622325658798218,0.12661200420359284,0.12566534378572314
identity,1.0,256,256,4,512,2048,128000,2,C,6.693111419677734,85.25104522705078,85.25103759765625,85.25101351441583,85.25100939574723
identity,1.0,256,256,4,512,2048,128000,3,A,7.021754264831543,1.7443296909332275,4.5555644035339355,0.9999999999999997,0.7488004480841435
identity,1.0,256,256,4,512,2048,128000,3,B,7.034861087799072,0.9212490916252136,2.1566834449768066,0.12655582845006566,0.12565287704876327
identity,1.0,256,256,4,512,2048,128000,3,C,6.734975814819336,85.25594329833984,85.2559814453125,85.25597687423924,85.25597264595251
identity,1.0,256,256,4,512,2048,128000,4,A,7.0301594734191895,1.6856187582015991,4.425649166107178,1.0000000000000013,0.7442879424740858
identity,1.0,256,256,4,512,2048,128000,4,B,7.050191402435303,0.8593022227287292,1.8364670276641846,0.12646047029405932,0.1255925864882704
identity,1.0,256,256,4,512,2048,128000,4,C,6.752761363983154,85.24674987792969,85.24674987792969,85.246750096245,85.24674588356945
relu,0.0,16,16,4,512,2048,128000,0,A,6.9853715896606445,0.7774263024330139,4.632550239562988,0.2014465698614031,1.9813707446015831
relu,0.0,16,16,4,512,2048,128000,0,B,6.9633941650390625,0.04378479719161987,3.6789088249206543,0.008933406502314728,0.6882158124796075
relu,0.0,16,16,4,512,2048,128000,0,C,6.932538986206055,5.315324306488037,2.0108139514923096,5.315323522305223,0.10691462692439853
relu,0.0,16,16,4,512,2048,128000,1,A,6.973507881164551,0.7296156883239746,4.517512798309326,0.1941960525562401,1.715085058274659
relu,0.0,16,16,4,512,2048,128000,1,B,6.934378623962402,0.07941452413797379,1.0271176099777222,0.010447935074932808,0.1347988400414595
relu,0.0,16,16,4,512,2048,128000,1,C,6.943150520324707,5.3161540031433105,3.0472476482391357,5.316154247195444,0.13217213692142138
relu,0.0,16,16,4,512,2048,128000,2,A,6.966519355773926,0.6756351590156555,3.4121336936950684,0.18257176629766048,1.0861646380092707
relu,0.0,16,16,4,512,2048,128000,2,B,6.943356513977051,0.03252548351883888,2.4624783992767334,0.00963425533831432,0.45358475563579614
relu,0.0,16,16,4,512,2048,128000,2,C,6.941424369812012,5.320587158203125,1.7032783031463623,5.3205872775630985,0.32445777778977797
relu,0.25,16,16,4,8,32,2000,0,A,6.676802635192871,0.8637835383415222,1.0219786167144775,0.8191667060547624,0.7113336431549506
relu,0.25,16,16,4,8,32,2000,0,B,6.685715198516846,0.467340886592865,0.9294544458389282,0.47868257925133206,0.6742370135106391
relu,0.25,16,16,4,8,32,2000,0,C,6.747247219085693,5.049962520599365,2.5138933658599854,5.049962743813013,0.42849430603906186
relu,0.0,16,16,4,512,2048,128000,3,A,6.978389739990234,0.7915776371955872,4.772291660308838,0.18780597534502877,1.6823073038029632
relu,0.0,16,16,4,512,2048,128000,3,B,6.935336112976074,0.027591126039624214,1.5913177728652954,0.009573436492061257,0.26791191872756986
relu,0.0,16,16,4,512,2048,128000,3,C,6.933107852935791,5.315628528594971,1.1632179021835327,5.315627374311031,0.11184664276299802
relu,0.0,16,16,4,512,2048,128000,4,A,6.970712661743164,0.7239130735397339,4.7902302742004395,0.18186313991887737,1.7292119300611555
relu,0.0,16,16,4,512,2048,128000,4,B,6.930887222290039,0.04377641901373863,0.3674814701080322,0.010837117589006887,0.04851990901552676
relu,0.0,16,16,4,512,2048,128000,4,C,6.945395469665527,5.310701370239258,2.015371084213257,5.310702499654297,0.24636613159410753
relu,0.25,16,16,4,8,32,2000,1,A,6.6030988693237305,0.8852088451385498,0.8785082101821899,0.9195026359396062,0.9476814847387857
relu,0.25,16,16,4,8,32,2000,1,B,6.644753456115723,0.4886511564254761,1.1935724020004272,0.4772951783912216,0.5891406562846426
relu,0.25,16,16,4,8,32,2000,1,C,6.695687294006348,4.971282482147217,1.4964851140975952,4.971281783525911,0.3499970858274299
relu,0.25,16,16,4,8,32,2000,2,A,6.543702602386475,0.8191684484481812,0.9748051166534424,0.7062333452663299,0.6537410121065664
relu,0.25,16,16,4,8,32,2000,2,B,6.552145004272461,0.665337324142456,1.1497889757156372,0.509137018080861,0.6012941124038806
relu,0.25,16,16,4,8,32,2000,2,C,6.608576774597168,4.901150226593018,3.5568361282348633,4.9011501876089225,0.4286942461690326
relu,0.25,16,16,4,8,32,2000,3,A,6.603045463562012,0.8560823202133179,0.8519636988639832,0.8080737292198775,0.7359206999213105
relu,0.25,16,16,4,8,32,2000,3,B,6.623931407928467,0.5343854427337646,0.834891676902771,0.519922389665798,0.5868216351076222
relu,0.25,16,16,4,8,32,2000,3,C,6.670992851257324,4.911930084228516,2.0121867656707764,4.911930238758092,0.4216308726834858
relu,0.25,16,16,4,8,32,2000,4,A,6.649182319641113,0.765792191028595,1.0316089391708374,0.6865784131910753,0.6780033082884503
relu,0.25,16,16,4,8,32,2000,4,B,6.650407791137695,0.5248368978500366,0.9618935585021973,0.5061531061991512,0.6119711893393657
relu,0.25,16,16,4,8,32,2000,4,C,6.713857650756836,5.0179057121276855,2.401360511779785,5.017905951659569,0.3405265541598324
relu,0.25,64,64,4,8,32,2000,0,A,6.716671466827393,1.456721305847168,1.8784680366516113,0.9639450589903302,0.8586239309240254
relu,0.25,64,64,4,8,32,2000,0,B,6.720876693725586,0.6871759295463562,1.3549314737319946,0.6990448318599791,0.8597678817287601
relu,0.25,64,64,4,8,32,2000,0,C,6.7464799880981445,19.972476959228516,6.004615306854248,19.972474143365844,0.4276876881483628
relu,0.25,64,64,4,8,32,2000,1,A,6.676424026489258,1.6430785655975342,2.7448220252990723,0.8886027758254104,0.7932453877489763
relu,0.25,64,64,4,8,32,2000,1,B,6.664440155029297,0.6574882864952087,1.7901208400726318,0.7280688075658881,0.8280691908330688
relu,0.25,64,64,4,8,32,2000,1,C,6.6958231925964355,19.349870681762695,7.325258731842041,19.349875139127175,0.5079750305058682
relu,0.25,64,64,4,8,32,2000,2,A,6.57808256149292,1.6215990781784058,2.4114739894866943,0.9172894557675078,0.8870362162702324
relu,0.25,64,64,4,8,32,2000,2,B,6.584968566894531,0.6461225152015686,1.4231014251708984,0.7322254166702543,0.8101286507995311
relu,0.25,64,64,4,8,32,2000,2,C,6.616120338439941,19.08582305908203,9.964729309082031,19.08582250865471,0.528737882987575
relu,0.25,64,64,4,8,32,2000,3,A,6.673539161682129,1.47190523147583,2.1829309463500977,0.9453322951393567,0.8175093348583465
relu,0.25,64,64,4,8,32,2000,3,B,6.6240458488464355,0.7101392149925232,1.8836818933486938,0.7299002043426175,0.7880988036649014
relu,0.25,64,64,4,8,32,2000,3,C,6.690718173980713,19.792673110961914,8.72580337524414,19.79267134310679,0.5289605564989953
relu,0.25,64,64,4,8,32,2000,4,A,6.681300163269043,1.2906107902526855,1.7121078968048096,0.8867118385871492,0.8674593851014477
relu,0.25,64,64,4,8,32,2000,4,B,6.6636199951171875,0.7153986692428589,1.702843427658081,0.7143948289817975,0.8127841326955153
relu,0.25,64,64,4,8,32,2000,4,C,6.718173503875732,19.506298065185547,10.926427841186523,19.506298739136636,0.4814056798528892
relu,0.25,128,128,4,8,32,2000,0,A,6.761991500854492,3.8907699584960938,6.48976469039917,0.8841629152287026,0.8688332039919505
relu,0.25,128,128,4,8,32,2000,0,B,6.757410526275635,0.8960521817207336,2.4896786212921143,0.7883514521579172,0.7689487594963241
relu,0.25,128,128,4,8,32,2000,0,C,6.769697666168213,40.2285041809082,16.62213706970215,40.228514968035086,0.436369442390392
relu,0.25,128,128,4,8,32,2000,1,A,6.710915565490723,3.949784755706787,7.124027252197266,0.8918940869618035,0.8584790118189092
relu,0.25,128,128,4,8,32,2000,1,B,6.700982570648193,1.1474465131759644,7.503381252288818,0.7639538863257421,0.7913352489743838
relu,0.25,128,128,4,8,32,2000,1,C,6.706225395202637,39.84458923339844,14.23230266571045,39.84457825269519,0.5996357303386134
relu,0.25,128,128,4,8,32,2000,2,A,6.6397600173950195,2.69279408454895,4.468985080718994,0.9134014157207616,0.7332610887368219
relu,0.25,128,128,4,8,32,2000,2,B,6.592788219451904,0.7972995638847351,2.240142822265625,0.8053025588742955,0.7940569925297455
relu,0.25,128,128,4,8,32,2000,2,C,6.636714935302734,39.60026550292969,18.97247314453125,39.600263323498694,0.687422770775794
relu,0.25,128,128,4,8,32,2000,3,A,6.713198661804199,2.5075693130493164,6.933061122894287,0.8809041200216056,0.8995390769142927
relu,0.25,128,128,4,8,32,2000,3,B,6.67530632019043,1.3047668933868408,4.351042747497559,0.8129443458606119,0.723152335057289
relu,0.25,128,128,4,8,32,2000,3,C,6.697337627410889,38.331146240234375,15.4786376953125,38.331149277378316,0.5210848236132997
relu,0.25,128,128,4,8,32,2000,4,A,6.730556964874268,3.0170111656188965,6.061708450317383,0.9147177892068654,0.7424309475596207
relu,0.25,128,128,4,8,32,2000,4,B,6.7272443771362305,0.631817638874054,3.3987529277801514,0.734326520796877,0.6583794647631762
relu,0.25,128,128,4,8,32,2000,4,C,6.747862815856934,39.0893440246582,19.01835060119629,39.08934547804992,0.6027184636579968
relu,0.25,256,256,4,8,32,2000,0,A,6.812472343444824,6.077617645263672,28.19642448425293,0.88591960591782,3.5087889516668875
relu,0.25,256,256,4,8,32,2000,0,B,6.776750564575195,1.4027514457702637,18.66783332824707,0.7598456004330906,0.9822378438264392
relu,0.25,256,256,4,8,32,2000,0,C,6.758088111877441,79.83260345458984,33.910892486572266,79.83264968828853,0.8124749617519249
relu,0.25,256,256,4,8,32,2000,1,A,6.7495198249816895,9.420073509216309,33.39869689941406,0.8777290252072858,5.151242791898102
relu,0.25,256,256,4,8,32,2000,1,B,6.706611633300781,1.8110706806182861,9.697396278381348,0.7740268607093057,0.7255945940312464
relu,0.25,256,256,4,8,32,2000,1,C,6.706216812133789,79.31250762939453,41.150020599365234,79.31249128099113,0.6820298697814235
relu,0.0,64,64,4,512,2048,128000,0,A,7.02556037902832,0.776136577129364,21.270469665527344,0.9999999999999999,21.306871846324643
relu,0.0,64,64,4,512,2048,128000,0,B,6.982738971710205,0.21435154974460602,17.30836296081543,0.03348442959772786,4.466172339596334
relu,0.0,64,64,4,512,2048,128000,0,C,6.943639755249023,21.2593994140625,8.672203063964844,21.259392614355534,0.36498811123622754
relu,0.25,256,256,4,8,32,2000,2,A,6.673869609832764,7.244830131530762,32.120113372802734,0.8839659432590842,1.83556232412891
relu,0.25,256,256,4,8,32,2000,2,B,6.641277313232422,1.693610429763794,11.121901512145996,0.7657926513170127,0.5955576051297435
relu,0.25,256,256,4,8,32,2000,2,C,6.6265130043029785,80.51506042480469,24.231958389282227,80.51507781044005,0.7217067342586385
relu,0.25,256,256,4,8,32,2000,3,A,6.748196601867676,7.581620693206787,26.343379974365234,0.8955321992107564,3.047449705447616
relu,0.25,256,256,4,8,32,2000,3,B,6.709604263305664,2.067937135696411,5.725804805755615,0.7924852717956482,0.6250737686296285
relu,0.25,256,256,4,8,32,2000,3,C,6.695976734161377,77.76052856445312,38.28874588012695,77.76051738078966,0.7191614456019239
relu,0.25,256,256,4,8,32,2000,4,A,6.75931453704834,8.493095397949219,19.31492042541504,0.8872974398966951,1.8376378852132853
relu,0.25,256,256,4,8,32,2000,4,B,6.748637676239014,1.3863188028335571,8.18443775177002,0.7965656303779014,0.6214934539409016
relu,0.25,256,256,4,8,32,2000,4,C,6.738408088684082,80.44957733154297,35.683258056640625,80.44957995390719,0.4976583484511148
relu,0.0,64,64,4,512,2048,128000,1,A,7.023167610168457,0.6349084973335266,21.274572372436523,0.9423450829660989,21.30673846459677
relu,0.0,64,64,4,512,2048,128000,1,B,6.984091758728027,0.1142364963889122,15.873929977416992,0.032337587622627874,1.6234382515987493
relu,0.0,64,64,4,512,2048,128000,1,C,6.927287578582764,21.26804542541504,7.954517364501953,21.268043066391243,0.34902283460912026
relu,0.25,16,16,4,32,128,8000,0,A,6.741657257080078,0.7294410467147827,1.077445387840271,0.5612606088203005,0.42751337273877915
relu,0.25,16,16,4,32,128,8000,0,B,6.734058380126953,0.19935473799705505,0.5507185459136963,0.1546401917562308,0.29155960381594503
relu,0.25,16,16,4,32,128,8000,0,C,6.804805755615234,5.273458003997803,3.1412174701690674,5.273457993864998,0.2359353172550968
relu,0.25,16,16,4,32,128,8000,1,A,6.669257164001465,0.6805251240730286,0.9006513953208923,0.5139458491028789,0.41427188589227265
relu,0.25,16,16,4,32,128,8000,1,B,6.677176475524902,0.16864895820617676,0.5227275490760803,0.16061185368263928,0.3092712607243224
relu,0.25,16,16,4,32,128,8000,1,C,6.732654571533203,5.209689140319824,2.604741096496582,5.209688594710563,0.3486971349076927
relu,0.25,16,16,4,32,128,8000,2,A,6.687937259674072,0.7765060067176819,1.3086282014846802,0.5934743522989911,0.39837736959999537
relu,0.25,16,16,4,32,128,8000,2,B,6.661814212799072,0.2344174087047577,0.6800026297569275,0.16885882227425186,0.3258737520526466
relu,0.25,16,16,4,32,128,8000,2,C,6.725903034210205,5.229318141937256,2.1109771728515625,5.229318039859992,0.2371962276151528
relu,0.25,16,16,4,32,128,8000,3,A,6.713832378387451,0.715362012386322,1.0368101596832275,0.6188142401468341,0.4568497844948729
relu,0.25,16,16,4,32,128,8000,3,B,6.701655387878418,0.183475524187088,0.6495862603187561,0.16125589988419617,0.39452335615698636
relu,0.25,16,16,4,32,128,8000,3,C,6.767958641052246,5.227221965789795,1.5054068565368652,5.2272218933754235,0.20037353274220115
relu,0.25,16,16,4,32,128,8000,4,A,6.6746063232421875,0.7089866995811462,0.8304192423820496,0.6634093009875324,0.5085938930552323
relu,0.25,16,16,4,32,128,8000,4,B,6.677489280700684,0.1804930716753006,0.6073752045631409,0.16018788551391422,0.3381010514608992
relu,0.25,16,16,4,32,128,8000,4,C,6.743576526641846,5.233182430267334,2.473337411880493,5.23318232659876,0.21379677866930583
relu,0.0,64,64,4,512,2048,128000,2,A,7.018398761749268,0.7745072841644287,21.27781867980957,1.0000000000000002,21.30968413697596
relu,0.0,64,64,4,512,2048,128000,2,B,6.9795308113098145,0.08181872218847275,12.000737190246582,0.03271970603739402,2.187456616018633
relu,0.0,64,64,4,512,2048,128000,2,C,6.9475507736206055,21.248374938964844,6.780616283416748,21.248372342463238,0.8383588969695903
relu,0.25,64,64,4,32,128,8000,1,A,6.734295845031738,2.113888740539551,10.303892135620117,1.0000000000000002,1.5584743199941453
relu,0.25,64,64,4,32,128,8000,1,B,6.70143985748291,0.3783945143222809,3.1038167476654053,0.44071476073596716,0.5521026872491918
relu,0.25,64,64,4,32,128,8000,1,C,6.734113693237305,20.6994686126709,6.828185558319092,20.699469195896075,0.3707439726687239
relu,0.25,64,64,4,32,128,8000,0,A,6.79586935043335,1.701608419418335,6.462765693664551,1.0000000000000002,1.2607237359062688
relu,0.25,64,64,4,32,128,8000,0,B,6.76622200012207,0.4056780934333801,2.4739139080047607,0.4570813697006407,0.448317837585293
relu,0.25,64,64,4,32,128,8000,0,C,6.804377555847168,20.917888641357422,7.23425817489624,20.917890298006025,0.2715397445012152
relu,0.0,64,64,4,512,2048,128000,3,A,7.117610931396484,0.7743811011314392,21.292234420776367,1.0000000000000002,21.308199785850384
relu,0.0,64,64,4,512,2048,128000,3,B,6.9941606521606445,0.07296714931726456,10.817510604858398,0.03277038707838604,1.800032601251783
relu,0.0,64,64,4,512,2048,128000,3,C,6.942224979400635,21.255151748657227,11.840324401855469,21.255156239162762,1.93383020514856
relu,0.25,64,64,4,32,128,8000,2,A,6.723427772521973,2.063760280609131,8.073118209838867,0.9999999999999998,1.071331295100199
relu,0.25,64,64,4,32,128,8000,2,B,6.677424430847168,0.24597734212875366,2.310056209564209,0.44438818601626806,0.34038167062325897
relu,0.25,64,64,4,32,128,8000,2,C,6.721038341522217,20.895586013793945,5.625187397003174,20.895584390667743,0.31642144070112826
relu,0.25,64,64,4,32,128,8000,3,A,6.748194217681885,2.0661911964416504,5.483672142028809,0.9999999999999998,1.0474000357581377
relu,0.25,64,64,4,32,128,8000,3,B,6.775501728057861,0.32667306065559387,2.7949471473693848,0.4622070335408354,0.6229171967235446
relu,0.25,64,64,4,32,128,8000,3,C,6.767500877380371,20.73055076599121,6.5924811363220215,20.73055263143854,0.35262666484868166
relu,0.25,64,64,4,32,128,8000,4,A,6.719986915588379,1.8727997541427612,5.001377582550049,1.0000000000000002,0.8261246075490286
relu,0.25,64,64,4,32,128,8000,4,B,6.701600551605225,0.4399638772010803,2.016937255859375,0.4558854751534781,0.3909258466701407
relu,0.25,64,64,4,32,128,8000,4,C,6.742692947387695,20.89927101135254,5.3534464836120605,20.899271787308376,0.2594868222120927
relu,0.25,128,128,4,32,128,8000,0,A,6.850196361541748,2.231531858444214,35.450172424316406,0.9999999999999999,16.5533533673283
relu,0.25,128,128,4,32,128,8000,0,B,6.793438911437988,0.531397819519043,9.934737205505371,0.6264321520795345,1.48868147505619
relu,0.25,128,128,4,32,128,8000,0,C,6.810685157775879,41.97872543334961,15.8734130859375,41.97872333980146,0.5227359205270462
relu,0.0,64,64,4,512,2048,128000,4,A,7.105770111083984,0.7665023803710938,21.29587173461914,0.9999999999999997,21.30643985730152
relu,0.0,64,64,4,512,2048,128000,4,B,6.981547832489014,0.09196468442678452,8.987746238708496,0.03275370487174855,1.214343035404192
relu,0.0,64,64,4,512,2048,128000,4,C,6.93772554397583,21.246976852416992,10.358963966369629,21.246976303840768,0.5983017920980834
relu,0.25,128,128,4,32,128,8000,1,A,6.75473165512085,2.3036065101623535,20.212106704711914,0.9959071772363686,5.252556480336721
relu,0.25,128,128,4,32,128,8000,1,B,6.733641624450684,0.3799736797809601,10.504740715026855,0.631192996204307,1.3965943762224295
relu,0.25,128,128,4,32,128,8000,1,C,6.737724781036377,41.401153564453125,12.580304145812988,41.401146027199815,0.4934815234396892
relu,0.25,128,128,4,32,128,8000,2,A,6.7653045654296875,2.374276876449585,26.240154266357422,0.9999999999999994,5.842700031861503
relu,0.25,128,128,4,32,128,8000,2,B,6.7178497314453125,0.41250526905059814,5.045903205871582,0.637406273099966,0.4540827485039392
relu,0.25,128,128,4,32,128,8000,2,C,6.7455973625183105,41.69770812988281,13.1862211227417,41.69770488464829,0.3783411257750723
relu,0.25,128,128,4,32,128,8000,3,A,6.798975467681885,2.885760545730591,26.28708267211914,1.0000000000000007,7.072752568360421
relu,0.25,128,128,4,32,128,8000,3,B,6.757101535797119,0.8091748356819153,7.132656574249268,0.5719503041142158,0.9537419634109859
relu,0.25,128,128,4,32,128,8000,3,C,6.77059268951416,41.56008529663086,13.672406196594238,41.56007809400515,0.22559676895075545
relu,0.25,128,128,4,32,128,8000,4,A,6.803956031799316,2.560019016265869,2.9762814044952393,0.9880970981394573,2.809560170254691
relu,0.25,128,128,4,32,128,8000,4,B,6.733428001403809,0.5550590753555298,7.495143413543701,0.5970584563650742,1.1520240506292485
relu,0.25,128,128,4,32,128,8000,4,C,6.749945640563965,41.67898941040039,10.25635051727295,41.678998473959986,0.3125952878569469
relu,0.25,256,256,4,32,128,8000,0,A,6.877490997314453,2.577090263366699,81.93350219726562,1.0000000000000002,58.70135997732974
relu,0.25,256,256,4,32,128,8000,0,B,6.820649147033691,0.5429964661598206,21.647119522094727,0.7159107566608014,1.995388401769484
relu,0.25,256,256,4,32,128,8000,0,C,6.807794570922852,83.86640930175781,21.949871063232422,83.86641560489754,0.4501363462148589
relu,0.25,256,256,4,32,128,8000,1,A,6.807984828948975,2.576261520385742,81.65843963623047,0.9999999999999997,83.54774914969512
relu,0.25,256,256,4,32,128,8000,1,B,6.774816513061523,0.5816424489021301,37.38904571533203,0.8154092351951107,6.3710579983402615
relu,0.25,256,256,4,32,128,8000,1,C,6.748706817626953,82.57630157470703,33.046268463134766,82.57630512231675,0.44128801586405375
relu,0.25,256,256,4,32,128,8000,2,A,6.8620829582214355,2.889625072479248,79.7151107788086,0.9999999999999996,25.172858314942786
relu,0.25,256,256,4,32,128,8000,2,B,6.748673439025879,0.5066158771514893,12.20428466796875,0.7211919074007811,1.1070088293585534
relu,0.25,256,256,4,32,128,8000,2,C,6.7406005859375,83.30785369873047,23.976289749145508,83.30785917343103,0.5643454563115672
relu,0.25,256,256,4,32,128,8000,3,A,6.814614295959473,4.494274139404297,73.30101776123047,0.9999999999999999,23.212656060631584
relu,0.25,256,256,4,32,128,8000,3,B,6.79925537109375,0.6114717721939087,22.23246192932129,0.769726116536149,3.9419733474470378
relu,0.25,256,256,4,32,128,8000,3,C,6.792964458465576,83.30628967285156,42.495941162109375,83.30628350229415,0.6142651210246484
relu,0.25,256,256,4,32,128,8000,4,A,6.8314056396484375,2.362417459487915,34.6104736328125,0.9999999999999993,16.63055032584126
relu,0.25,256,256,4,32,128,8000,4,B,6.779971122741699,0.8067027926445007,21.229963302612305,0.8465484891877779,2.6607044806165256
relu,0.25,256,256,4,32,128,8000,4,C,6.773936748504639,83.38664245605469,22.555845260620117,83.38663694672616,0.4571331675869343
relu,0.0,128,128,4,512,2048,128000,0,A,7.246196746826172,1.0135557651519775,42.62466049194336,0.9999999999999996,42.62467186765183
relu,0.0,128,128,4,512,2048,128000,0,B,7.015869140625,0.10397045314311981,17.76922035217285,0.06419436826104354,2.3418852530393828
relu,0.0,128,128,4,512,2048,128000,0,C,6.936851978302002,42.50587463378906,17.136459350585938,42.50588214938987,1.239966076495287
relu,0.0,128,128,4,512,2048,128000,1,A,7.248684883117676,1.0018666982650757,42.61952590942383,1.0000000000000007,21.5920685778528
relu,0.0,128,128,4,512,2048,128000,1,B,7.035120964050293,0.1060851514339447,6.468633651733398,0.06365012509591095,1.6514447246008832
relu,0.0,128,128,4,512,2048,128000,1,C,6.95155143737793,42.48270797729492,15.415803909301758,42.48270247605126,2.1637564507450837
relu,0.0,128,128,4,512,2048,128000,3,A,7.258528709411621,1.0142645835876465,42.62507247924805,0.9999999999999999,42.625071201789765
relu,0.0,128,128,4,512,2048,128000,3,B,7.013720512390137,0.10902578383684158,31.960430145263672,0.06362423295954768,4.569036593213679
relu,0.0,128,128,4,512,2048,128000,3,C,6.946609973907471,42.47318649291992,28.781368255615234,42.473180048458694,5.228052409284023
relu,0.0,128,128,4,512,2048,128000,2,A,7.2610015869140625,1.0068106651306152,42.457157135009766,0.9999999999999996,20.94672937083655
relu,0.0,128,128,4,512,2048,128000,2,B,7.04263973236084,0.1280912458896637,25.077259063720703,0.06351123964183909,2.095379968273547
relu,0.0,128,128,4,512,2048,128000,2,C,6.950057506561279,42.52598571777344,15.84163761138916,42.525992557352055,1.7308534093013048
relu,0.0,128,128,4,512,2048,128000,4,A,7.249234199523926,1.0115457773208618,42.62782669067383,0.9999999999999996,34.17905369683089
relu,0.0,128,128,4,512,2048,128000,4,B,7.01498556137085,0.0908941775560379,22.361957550048828,0.06401862670063439,2.440370914998014
relu,0.0,128,128,4,512,2048,128000,4,C,6.954377174377441,42.48234939575195,25.678878784179688,42.48234647331592,3.563077375747913
relu,0.25,16,16,4,128,512,32000,0,A,6.788112640380859,0.741844654083252,1.8621994256973267,0.3014359982059705,0.38429759450013135
relu,0.25,16,16,4,128,512,32000,0,B,6.781590938568115,0.1310945302248001,0.7082989811897278,0.03716754018623945,0.14325276615456473
relu,0.25,16,16,4,128,512,32000,0,C,6.795358180999756,5.30790901184082,2.170346736907959,5.307907736570266,0.12382230765880162
relu,0.25,16,16,4,128,512,32000,1,A,6.806037902832031,0.8036660552024841,1.7826628684997559,0.321928942224453,0.4375373309899062
relu,0.25,16,16,4,128,512,32000,1,B,6.7957611083984375,0.11285975575447083,1.0653254985809326,0.04268464328300916,0.16194428340836514
relu,0.25,16,16,4,128,512,32000,1,C,6.801817893981934,5.304282188415527,2.3090403079986572,5.3042822339881015,0.13125170668042999
relu,0.25,16,16,4,128,512,32000,2,A,6.7819929122924805,0.8205036520957947,2.2209854125976562,0.3134944997432754,0.4936730115419044
relu,0.25,16,16,4,128,512,32000,2,B,6.761503219604492,0.0836428627371788,1.3157753944396973,0.04296258585160234,0.20633281813513565
relu,0.25,16,16,4,128,512,32000,2,C,6.784308433532715,5.299585342407227,2.149095296859741,5.2995849056784206,0.14417147099050012
relu,0.25,16,16,4,128,512,32000,3,A,6.796163558959961,0.8597071170806885,1.9190412759780884,0.32459139951450233,0.4295683855161705
relu,0.25,16,16,4,128,512,32000,3,B,6.7784833908081055,0.1393948197364807,0.8102697730064392,0.038816190521762065,0.15117106850486284
relu,0.25,16,16,4,128,512,32000,3,C,6.794431686401367,5.316016674041748,2.1766016483306885,5.3160167319916285,0.19461933916331117
relu,0.25,16,16,4,128,512,32000,4,A,6.784290790557861,0.8653446435928345,2.1777474880218506,0.3221678924822609,0.38948714603973345
relu,0.25,16,16,4,128,512,32000,4,B,6.774452209472656,0.07399167120456696,1.234778642654419,0.04163281934877408,0.20267331684698045
relu,0.25,16,16,4,128,512,32000,4,C,6.766986846923828,5.310148239135742,2.0370943546295166,5.310148218385469,0.10953258404062587
relu,0.25,64,64,4,128,512,32000,0,A,6.83859920501709,1.0209203958511353,14.947318077087402,0.9999999999999997,3.36601613230254
relu,0.25,64,64,4,128,512,32000,0,B,6.806132793426514,0.13269199430942535,6.294869422912598,0.13091551989909575,1.0581900343661896
relu,0.25,64,64,4,128,512,32000,0,C,6.789614677429199,21.189733505249023,8.029520988464355,21.189733808471992,0.19406693053223942
relu,0.25,64,64,4,128,512,32000,1,A,6.834855556488037,1.0740488767623901,12.521706581115723,1.0000000000000009,3.13314043738177
relu,0.25,64,64,4,128,512,32000,1,B,6.816689968109131,0.18338589370250702,7.622677326202393,0.13069431437579995,0.9457549599299191
relu,0.25,64,64,4,128,512,32000,1,C,6.797874927520752,21.196229934692383,9.953011512756348,21.196229480513423,0.33544009856200696
relu,0.25,64,64,4,128,512,32000,2,A,6.818670272827148,1.0499732494354248,14.112502098083496,0.9999999999999996,3.270293085850063
relu,0.25,64,64,4,128,512,32000,2,B,6.79347038269043,0.18000134825706482,8.132003784179688,0.1318153472824033,1.6810460497888537
relu,0.25,64,64,4,128,512,32000,2,C,6.778221130371094,21.16572380065918,8.147521018981934,21.165729990573155,0.2573465853701381
relu,0.25,64,64,4,128,512,32000,3,A,6.829984188079834,0.9473618865013123,12.804584503173828,1.0000000000000009,2.708720838847568
relu,0.25,64,64,4,128,512,32000,3,B,6.8085222244262695,0.13324280083179474,7.38726806640625,0.13194171207640165,1.2774437913687005
relu,0.25,64,64,4,128,512,32000,3,C,6.8019118309021,21.251646041870117,10.25677490234375,21.25164760318312,0.3223580705749712
relu,0.25,64,64,4,128,512,32000,4,A,6.813128471374512,0.9488828182220459,17.3316650390625,0.9999999999999993,6.767411617576589
relu,0.25,64,64,4,128,512,32000,4,B,6.799918174743652,0.11910746246576309,8.594606399536133,0.1314036976802784,1.3593038097789225
relu,0.25,64,64,4,128,512,32000,4,C,6.774645805358887,21.18743896484375,8.497551918029785,21.187439531096715,0.6711221071232233
relu,0.25,128,128,4,128,512,32000,0,A,6.980640888214111,0.9672141075134277,42.303810119628906,0.9999999999999993,4.187314082116517
relu,0.25,128,128,4,128,512,32000,0,B,6.831356525421143,0.203226238489151,23.531967163085938,0.2599006474223166,1.9927066429087938
relu,0.25,128,128,4,128,512,32000,0,C,6.796128273010254,42.43324279785156,18.959049224853516,42.43323359035857,0.7627419608361362
relu,0.25,128,128,4,128,512,32000,1,A,6.967739105224609,0.9188326001167297,42.323822021484375,0.999999999999999,42.44737877876884
relu,0.25,128,128,4,128,512,32000,1,B,6.844830513000488,0.23567570745944977,31.790531158447266,0.2600337492082621,1.980749598512836
relu,0.25,128,128,4,128,512,32000,1,C,6.799506187438965,42.323081970214844,14.115524291992188,42.3230789958223,0.9408553357547175
relu,0.25,128,128,4,128,512,32000,2,A,6.9934611320495605,0.9777138233184814,12.655085563659668,1.0000000000000002,3.243199381256326
relu,0.25,128,128,4,128,512,32000,2,B,6.822751045227051,0.19754640758037567,25.083127975463867,0.2571581041930302,4.971367943332167
relu,0.25,128,128,4,128,512,32000,2,C,6.771324157714844,42.338951110839844,15.224475860595703,42.33896932413252,0.8680396124046491
relu,0.0,256,256,4,512,2048,128000,0,A,7.277979373931885,1.0245048999786377,85.2552261352539,0.9999999999999992,85.25523265403015
relu,0.0,256,256,4,512,2048,128000,0,B,7.120546340942383,0.45361781120300293,85.03573608398438,0.1456722568425981,85.21610493970977
relu,0.0,256,256,4,512,2048,128000,0,C,6.974877834320068,84.96923065185547,27.484384536743164,84.96920790274334,7.289360759399503
relu,0.25,128,128,4,128,512,32000,3,A,6.969882965087891,0.9858683347702026,42.34961700439453,1.0000000000000007,42.4546268005109
relu,0.25,128,128,4,128,512,32000,3,B,6.843358516693115,0.1922605186700821,26.378326416015625,0.25569997382639736,6.401574786876146
relu,0.25,128,128,4,128,512,32000,3,C,6.79191780090332,42.437198638916016,13.789078712463379,42.43721067975902,0.8165196350814159
relu,0.25,128,128,4,128,512,32000,4,A,7.114067077636719,1.1995372772216797,42.51250076293945,0.9999999999999993,42.51249811907394
relu,0.25,128,128,4,128,512,32000,4,B,6.808590412139893,0.17379741370677948,31.507156372070312,0.25373854127912215,3.9880099708155554
relu,0.25,128,128,4,128,512,32000,4,C,6.779422283172607,42.385440826416016,13.982037544250488,42.38543867675056,0.4649930928674798
relu,0.25,256,256,4,128,512,32000,0,A,7.270020484924316,1.5466134548187256,3.057804822921753,1.0,9.579129252551216
relu,0.25,256,256,4,128,512,32000,0,B,6.851643085479736,0.2103525996208191,63.51194381713867,0.4814794880239371,10.010206710327397
relu,0.25,256,256,4,128,512,32000,0,C,6.820952892303467,85.02095794677734,63.1701774597168,85.02094458996508,3.6056388737757397
relu,0.25,256,256,4,128,512,32000,1,A,7.150228500366211,1.6158370971679688,85.00739288330078,1.0,85.00739688746756
relu,0.25,256,256,4,128,512,32000,1,B,6.867115497589111,0.22011524438858032,62.81907653808594,0.4729881126624609,10.562041389189398
relu,0.25,256,256,4,128,512,32000,1,C,6.842235088348389,84.66256713867188,36.56867599487305,84.66258747895958,1.525979052784216
relu,0.25,256,256,4,128,512,32000,2,A,7.133536338806152,1.313857913017273,85.01577758789062,1.0000000000000004,85.01577989309051
relu,0.25,256,256,4,128,512,32000,2,B,6.8401031494140625,0.2787630558013916,63.75604248046875,0.47907055563405804,17.20732132907877
relu,0.25,256,256,4,128,512,32000,2,C,6.776299476623535,84.89057159423828,39.21842956542969,84.89059452111623,1.312740282191488
relu,0.25,256,256,4,128,512,32000,3,A,7.147132873535156,1.4675474166870117,84.99650573730469,1.0,84.99654589549452
relu,0.25,256,256,4,128,512,32000,3,B,6.8720855712890625,0.2179701328277588,1.670444369316101,0.4800892382017021,2.819809747264646
relu,0.25,256,256,4,128,512,32000,3,C,6.812541484832764,84.94381713867188,29.6845645904541,84.94380388033717,1.9077165476998297
relu,0.25,256,256,4,128,512,32000,4,A,7.19417667388916,1.511932611465454,6.709766387939453,1.0000000000000004,34.70499170978125
relu,0.25,256,256,4,128,512,32000,4,B,6.828445911407471,0.24632257223129272,67.15132904052734,0.48123078704832023,16.124356433092345
relu,0.25,256,256,4,128,512,32000,4,C,6.773457050323486,84.85061645507812,36.533599853515625,84.85061646781166,1.7529465300347367
relu,0.0,256,256,4,512,2048,128000,1,A,7.600902557373047,2.019714117050171,,1.0,
relu,0.0,256,256,4,512,2048,128000,1,B,7.065345764160156,0.13523681461811066,33.91101837158203,0.12619659025999985,4.7735332127932875
relu,0.0,256,256,4,512,2048,128000,1,C,6.950666427612305,85.00557708740234,34.279823303222656,85.0054998864728,5.409509522548889
relu,0.0,256,256,4,512,2048,128000,2,A,7.600902557373047,1.9591001272201538,,1.0000000000000004,
relu,0.0,256,256,4,512,2048,128000,2,B,7.052145481109619,0.20937718451023102,85.11573028564453,0.12966700737551862,85.23312927812394
relu,0.0,256,256,4,512,2048,128000,2,C,6.961012840270996,85.16929626464844,80.60208892822266,85.1692408223042,13.653496721045942
relu,0.0,256,256,4,512,2048,128000,3,A,7.279702186584473,1.0368396043777466,85.25050354003906,1.0000000000000002,85.2505140773645
relu,0.0,256,256,4,512,2048,128000,3,B,7.104826927185059,0.23002350330352783,85.04940032958984,0.1324795225424028,85.22355329663068
relu,0.0,256,256,4,512,2048,128000,3,C,6.955678462982178,85.03245544433594,46.61884307861328,85.0324709094596,3.153237519685783
relu,0.0,256,256,4,512,2048,128000,4,A,7.868467807769775,1.045171856880188,1.7294600009918213,1.0000000000000007,2.810659062402106
relu,0.0,256,256,4,512,2048,128000,4,B,7.052263259887695,0.19442030787467957,63.67201232910156,0.12628109522195402,11.140737094741313
relu,0.0,256,256,4,512,2048,128000,4,C,6.944097518920898,84.94270324707031,50.07342529296875,84.94271113512661,6.75733038854962
relu,0.25,16,16,4,512,2048,128000,0,A,6.836380958557129,0.7097760438919067,4.488006114959717,0.17560018271328456,1.5081353720120418
relu,0.25,16,16,4,512,2048,128000,0,B,6.818587303161621,0.8170546889305115,4.34839391708374,0.00890479367761125,0.9097966003252395
relu,0.25,16,16,4,512,2048,128000,0,C,6.807942867279053,5.326684474945068,2.89482045173645,5.326685141156431,0.25806101377339064
relu,0.25,16,16,4,512,2048,128000,1,A,6.854935169219971,0.7424924969673157,4.590112686157227,0.19806785090647372,1.5361967438262358
relu,0.25,16,16,4,512,2048,128000,1,B,6.823614597320557,0.8100067377090454,4.407907962799072,0.00942014667939025,0.8291203809559106
relu,0.25,16,16,4,512,2048,128000,1,C,6.814610481262207,5.327404499053955,3.4060556888580322,5.327404853699597,0.24528770405347805
relu,0.25,16,16,4,512,2048,128000,2,A,6.824117183685303,0.7330455780029297,4.591254234313965,0.17862724869918825,1.4453856376951673
relu,0.25,16,16,4,512,2048,128000,2,B,6.820897102355957,0.794939398765564,4.232651233673096,0.008981178877677385,0.6923840471588687
relu,0.25,16,16,4,512,2048,128000,2,C,6.808431625366211,5.3281073570251465,2.445040702819824,5.328108467914416,0.2278312589321839
relu,0.5,16,16,4,8,32,2000,0,A,6.74048376083374,0.9790844917297363,1.2889939546585083,0.7052976753154853,0.6577399934182606
relu,0.5,16,16,4,8,32,2000,0,B,6.7422332763671875,0.4869505763053894,1.3077894449234009,0.4024383919128312,0.4668039426603071
relu,0.5,16,16,4,8,32,2000,0,C,6.749077796936035,5.146927356719971,3.372638702392578,5.146927718200041,0.4843010828164478
relu,0.5,16,16,4,8,32,2000,1,A,6.686389923095703,0.9219415783882141,1.2991536855697632,0.7342947722899898,0.7228024234942106
relu,0.5,16,16,4,8,32,2000,1,B,6.689715385437012,0.7092036008834839,2.004153251647949,0.4273765887712774,0.42336790376735867
relu,0.5,16,16,4,8,32,2000,1,C,6.6973419189453125,5.0500168800354,2.4807560443878174,5.050016947211941,0.4502192757810445
relu,0.25,16,16,4,512,2048,128000,4,A,6.8288984298706055,0.7452054023742676,4.522225856781006,0.18122401354288872,1.5159861271790631
relu,0.25,16,16,4,512,2048,128000,4,B,6.818686485290527,0.47902753949165344,4.486452579498291,0.008942089132242993,0.505449055830106
relu,0.25,16,16,4,512,2048,128000,4,C,6.798441410064697,5.328350067138672,3.559621572494507,5.3283506459116365,0.1683841296754841
relu,0.5,16,16,4,8,32,2000,2,A,6.566622734069824,1.1319990158081055,1.6077077388763428,0.7234734235387655,0.5923001660535996
relu,0.5,16,16,4,8,32,2000,2,B,6.55253791809082,0.7664774060249329,1.4642550945281982,0.520461628302134,0.4383228044457265
relu,0.5,16,16,4,8,32,2000,2,C,6.563461780548096,5.1599249839782715,3.1908504962921143,5.159925124499113,0.5315721607302543
relu,0.5,16,16,4,8,32,2000,3,A,6.659729957580566,0.8687041997909546,1.179028868675232,0.6982120032557214,0.5842958666300192
relu,0.5,16,16,4,8,32,2000,3,B,6.646831512451172,0.585367739200592,1.417862892150879,0.5094430603294091,0.49174918603665685
relu,0.5,16,16,4,8,32,2000,3,C,6.65921688079834,5.1317524909973145,3.2733802795410156,5.131752383382258,0.4949158165270689
relu,0.25,16,16,4,512,2048,128000,3,A,6.838574409484863,0.784822940826416,4.435679912567139,0.18020110922784616,1.5166999570680026
relu,0.25,16,16,4,512,2048,128000,3,B,6.821142196655273,0.6993548274040222,4.025198936462402,0.009338560283897767,0.8893734961393054
relu,0.25,16,16,4,512,2048,128000,3,C,6.8131608963012695,5.328586578369141,2.274683952331543,5.328587283752676,0.2044034886415493
relu,0.5,16,16,4,8,32,2000,4,A,6.70760440826416,1.0460538864135742,1.260012149810791,0.724935439859801,0.6123956312158502
relu,0.5,16,16,4,8,32,2000,4,B,6.698205947875977,0.3977746367454529,1.209088683128357,0.458036278544852,0.5681770510919073
relu,0.5,16,16,4,8,32,2000,4,C,6.706044673919678,5.183273792266846,3.0375494956970215,5.183274388607218,0.3926782133212878
relu,0.5,64,64,4,8,32,2000,0,A,6.759464740753174,2.2489395141601562,5.354152202606201,0.8772344608330168,0.6953175830335484
relu,0.5,64,64,4,8,32,2000,0,B,6.757482051849365,0.6153398156166077,3.112912654876709,0.6890450672815162,0.5861504708808519
relu,0.5,64,64,4,8,32,2000,0,C,6.769104957580566,20.41105079650879,12.708333969116211,20.41104875912672,0.566438499103378
relu,0.5,64,64,4,8,32,2000,1,A,6.707381725311279,2.338757038116455,5.84037446975708,0.8635735074646617,0.7255293502242615
relu,0.5,64,64,4,8,32,2000,1,B,6.701516151428223,0.9869002103805542,6.604262351989746,0.6800425303561729,0.6079229769903022
relu,0.5,64,64,4,8,32,2000,1,C,6.713177680969238,20.170459747314453,9.57104778289795,20.170460008835697,0.6977452142770846
relu,0.5,64,64,4,8,32,2000,2,A,6.580741882324219,2.2295234203338623,5.450666904449463,0.9203769067329137,0.6863853514737934
relu,0.5,64,64,4,8,32,2000,2,B,6.587652206420898,0.6223421096801758,3.9479527473449707,0.6643392861417623,0.5890823236277382
relu,0.5,64,64,4,8,32,2000,2,C,6.574428558349609,19.7534122467041,8.902259826660156,19.75341505193384,0.5969169866556585
relu,0.5,64,64,4,8,32,2000,3,A,6.682096481323242,2.0807502269744873,4.794809818267822,0.8629746234426736,0.643221772678811
relu,0.5,64,64,4,8,32,2000,3,B,6.664896011352539,0.4822925925254822,2.446761131286621,0.6695570519501023,0.5965414490692711
relu,0.5,64,64,4,8,32,2000,3,C,6.654020309448242,19.8369083404541,8.249608993530273,19.836905348743883,0.6579229986057805
relu,0.5,64,64,4,8,32,2000,4,A,6.7249250411987305,2.8461124897003174,6.734410285949707,0.8382760470790243,0.6768489272605079
relu,0.5,64,64,4,8,32,2000,4,B,6.717988967895508,0.8026006817817688,2.306612253189087,0.6908382804802485,0.7081092574840191
relu,0.5,64,64,4,8,32,2000,4,C,6.712913513183594,20.45769500732422,9.654365539550781,20.45769710189646,0.6278147425532284
relu,0.5,128,128,4,8,32,2000,0,A,6.777929306030273,4.513834476470947,10.226032257080078,0.8548386482521813,1.1175102740432423
relu,0.5,128,128,4,8,32,2000,0,B,6.792823314666748,1.108503818511963,8.631658554077148,0.7333356209286968,0.6107587161643122
relu,0.5,128,128,4,8,32,2000,0,C,6.775574207305908,40.55353927612305,17.164472579956055,40.55355584655571,0.5609277708722761
relu,0.5,128,128,4,8,32,2000,1,A,6.734846115112305,5.531973361968994,15.28853988647461,0.8793281864144037,1.1343888646809623
relu,0.5,128,128,4,8,32,2000,1,B,6.719719886779785,1.0640134811401367,10.177094459533691,0.7345240824822757,0.5978260032277627
relu,0.5,128,128,4,8,32,2000,1,C,6.704961776733398,40.04875946044922,17.983922958374023,40.048766200118514,0.7131198297449136
relu,0.5,128,128,4,8,32,2000,2,A,6.603655815124512,3.3863818645477295,7.088382244110107,0.8580095499033632,0.7919354419069592
relu,0.5,128,128,4,8,32,2000,2,B,6.578859806060791,1.53215754032135,10.092175483703613,0.7005647043278415,0.590173493992076
relu,0.5,128,128,4,8,32,2000,2,C,6.596720218658447,40.272457122802734,19.948373794555664,40.272463089732206,0.9174928260478312
relu,0.5,128,128,4,8,32,2000,3,A,6.691945552825928,4.2051544189453125,16.179290771484375,0.881021412590822,0.8769721209296747
relu,0.5,128,128,4,8,32,2000,3,B,6.683884143829346,1.4695700407028198,11.067486763000488,0.6912170754052965,0.546715795261308
relu,0.5,128,128,4,8,32,2000,3,C,6.6788859367370605,39.84696578979492,18.044479370117188,39.84696634045286,0.6230813149891887
relu,0.5,128,128,4,8,32,2000,4,A,6.742604732513428,3.716066837310791,13.460173606872559,0.8678840848328466,0.6650834563460917
relu,0.5,128,128,4,8,32,2000,4,B,6.740001678466797,1.2811614274978638,6.49802827835083,0.7151305570236445,0.5637345145548477
relu,0.5,128,128,4,8,32,2000,4,C,6.746774673461914,40.675758361816406,23.162004470825195,40.67576133497278,0.6254502456027766
relu,0.5,256,256,4,8,32,2000,0,A,6.793601036071777,12.773270606994629,52.8937873840332,0.8485038062575868,4.49858974453221
relu,0.5,256,256,4,8,32,2000,0,B,6.785945415496826,1.8656666278839111,23.47271728515625,0.7133492575567554,1.0837579232964696
relu,0.5,256,256,4,8,32,2000,0,C,6.7748541831970215,81.9827651977539,46.331729888916016,81.98275773185411,0.9368188304825541
relu,0.5,256,256,4,8,32,2000,1,A,6.738213062286377,10.291535377502441,38.64787673950195,0.8835043966707576,2.6534225646179683
relu,0.5,256,256,4,8,32,2000,1,B,6.72442626953125,2.5122525691986084,43.70333480834961,0.7468811309034274,3.0146101681226893
relu,0.5,256,256,4,8,32,2000,1,C,6.739130973815918,81.04167175292969,35.90503692626953,81.04169173132436,0.774828805828208
relu,0.5,256,256,4,8,32,2000,2,A,6.614609718322754,8.915258407592773,45.559112548828125,0.8875685603405179,1.9940313146774322
relu,0.5,256,256,4,8,32,2000,2,B,6.605222702026367,2.1324634552001953,18.668254852294922,0.7637249146702935,0.6965445587036821
relu,0.5,256,256,4,8,32,2000,2,C,6.578500747680664,81.90751647949219,39.1898193359375,81.90753374809033,0.802784637749116
relu,0.5,256,256,4,8,32,2000,3,A,6.694790840148926,7.806394100189209,34.747093200683594,0.871106467209985,1.2840295954936822
relu,0.5,256,256,4,8,32,2000,3,B,6.683040142059326,2.758134126663208,35.71440887451172,0.7593737420635608,0.6603326270859607
relu,0.5,256,256,4,8,32,2000,3,C,6.692288398742676,81.13426208496094,29.089906692504883,81.13426732579023,0.8904129387054385
relu,0.25,64,64,4,512,2048,128000,0,A,6.88427734375,0.8862442970275879,21.274890899658203,1.0000000000000007,21.30394127772438
relu,0.25,64,64,4,512,2048,128000,0,B,6.841132164001465,1.2134891748428345,18.08437156677246,0.03264713256336587,4.912016356307279
relu,0.25,64,64,4,512,2048,128000,0,C,6.824707984924316,21.297000885009766,10.81316089630127,21.29700752453446,0.835185190613252
relu,0.5,256,256,4,8,32,2000,4,A,6.744644641876221,9.006794929504395,46.20452880859375,0.8713060292786596,3.3251815216796157
relu,0.5,256,256,4,8,32,2000,4,B,6.735723972320557,1.8135093450546265,22.937467575073242,0.7293419442149754,0.6584675791732518
relu,0.5,256,256,4,8,32,2000,4,C,6.7212629318237305,81.91083526611328,51.467552185058594,81.91084133586834,0.6799445976887696
relu,0.25,64,64,4,512,2048,128000,1,A,6.883906841278076,0.8400865793228149,16.764057159423828,0.800270693477984,6.613839126849438
relu,0.25,64,64,4,512,2048,128000,1,B,6.854153156280518,1.6088217496871948,16.986774444580078,0.03257242730861318,3.090894485120498
relu,0.25,64,64,4,512,2048,128000,1,C,6.8229546546936035,21.307022094726562,13.381160736083984,21.307023657615535,1.4292134951625832
relu,0.5,16,16,4,32,128,8000,0,A,6.749568462371826,0.8218511939048767,1.93698251247406,0.765195074545263,0.4367979229041587
relu,0.5,16,16,4,32,128,8000,0,B,6.750558853149414,0.14628250896930695,0.9767251014709473,0.15748183945472236,0.21420292620558995
relu,0.5,16,16,4,32,128,8000,0,C,6.758914947509766,5.2511820793151855,3.0921552181243896,5.2511818940888695,0.3373435592032662
relu,0.5,16,16,4,32,128,8000,1,A,6.65460205078125,0.9218923449516296,2.0010688304901123,0.7428947055930596,0.48279568392023314
relu,0.5,16,16,4,32,128,8000,1,B,6.649165630340576,0.17224334180355072,1.572077989578247,0.16299726165115577,0.28527490997115146
relu,0.5,16,16,4,32,128,8000,1,C,6.650174140930176,5.251821994781494,3.003767490386963,5.251822018447179,0.3434396599504864
relu,0.5,16,16,4,32,128,8000,2,A,6.649687767028809,1.0384521484375,2.27878999710083,0.7492322005693681,0.4079297630655271
relu,0.5,16,16,4,32,128,8000,2,B,6.642849445343018,0.14904925227165222,1.4583768844604492,0.16920653743291572,0.3176452655005905
relu,0.5,16,16,4,32,128,8000,2,C,6.6547112464904785,5.268030643463135,2.412503242492676,5.268030978178833,0.21729522415683103
relu,0.5,16,16,4,32,128,8000,3,A,6.7091779708862305,1.0624579191207886,1.9780728816986084,0.7972786778034094,0.4274158773356869
relu,0.5,16,16,4,32,128,8000,3,B,6.702353477478027,0.18428121507167816,1.5074458122253418,0.1674763469929558,0.2559530883881272
relu,0.5,16,16,4,32,128,8000,3,C,6.704792499542236,5.21550178527832,3.2939071655273438,5.21550096581512,0.3966771823807929
relu,0.25,64,64,4,512,2048,128000,2,A,6.8808393478393555,0.8728271722793579,21.27104949951172,1.0,21.305612451746512
relu,0.25,64,64,4,512,2048,128000,2,B,6.845362186431885,1.4048529863357544,15.000789642333984,0.0324895534084133,1.185200744169006
relu,0.25,64,64,4,512,2048,128000,2,C,6.813920497894287,21.306882858276367,13.974091529846191,21.30688418994432,1.314273217586023
relu,0.25,64,64,4,512,2048,128000,3,A,6.8771257400512695,0.8540362119674683,17.58496856689453,0.8055921834804805,6.25054361341728
relu,0.25,64,64,4,512,2048,128000,3,B,6.850409507751465,0.8993775248527527,16.280925750732422,0.03253277941816645,4.793011053112376
relu,0.25,64,64,4,512,2048,128000,3,C,6.801693916320801,21.31003761291504,8.324678421020508,21.31003644495923,0.9810088442348465
relu,0.5,16,16,4,32,128,8000,4,A,6.666674613952637,0.943108856678009,2.065931797027588,0.8740231277872499,0.5803613208846045
relu,0.5,16,16,4,32,128,8000,4,B,6.661713600158691,0.12399154901504517,1.102046251296997,0.14820132339640021,0.4043810995451982
relu,0.5,16,16,4,32,128,8000,4,C,6.666398525238037,5.258779525756836,2.6031999588012695,5.2587795151162755,0.2848390831871155
relu,0.5,64,64,4,32,128,8000,0,A,6.781829833984375,1.8887343406677246,11.068182945251465,0.9999999999999997,1.2140433157868942
relu,0.5,64,64,4,32,128,8000,0,B,6.7735419273376465,0.2800113558769226,5.406871318817139,0.45258389453574055,0.48456873963499303
relu,0.5,64,64,4,32,128,8000,0,C,6.760711669921875,21.08479881286621,11.804685592651367,21.084797255835362,0.26784291396182797
relu,0.5,64,64,4,32,128,8000,1,A,6.670816421508789,1.7949620485305786,12.764775276184082,1.0000000000000002,1.7430702356043122
relu,0.5,64,64,4,32,128,8000,1,B,6.670339584350586,0.3622027039527893,7.116302013397217,0.46723437468557405,0.46556619031492463
relu,0.5,64,64,4,32,128,8000,1,C,6.651817321777344,20.831418991088867,7.552677631378174,20.83142362213703,0.34776869887691036
relu,0.5,64,64,4,32,128,8000,2,A,6.679174900054932,1.6059856414794922,10.193861961364746,1.0000000000000004,0.9543258716524836
relu,0.5,64,64,4,32,128,8000,2,B,6.65322732925415,0.30509012937545776,4.951568603515625,0.46943882754444255,0.2985224290496927
relu,0.5,64,64,4,32,128,8000,2,C,6.647558212280273,20.936790466308594,10.013284683227539,20.936788077860854,0.36194787842968135
relu,0.25,64,64,4,512,2048,128000,4,A,6.873379707336426,0.8678926229476929,16.685054779052734,0.7975236395277722,6.996508111344839
relu,0.25,64,64,4,512,2048,128000,4,B,6.84786319732666,0.7961133718490601,16.859018325805664,0.032539402795034526,3.6395662651568275
relu,0.25,64,64,4,512,2048,128000,4,C,6.8111467361450195,21.30713653564453,16.907270431518555,21.307138144291077,0.5672867546686312
relu,0.5,64,64,4,32,128,8000,3,A,6.732450008392334,2.1069705486297607,8.92447566986084,0.9999999999999998,1.3736124271403882
relu,0.5,64,64,4,32,128,8000,3,B,6.748569488525391,0.5894942879676819,11.354804039001465,0.47878433481358273,0.8039548283421424
relu,0.5,64,64,4,32,128,8000,3,C,6.7119903564453125,20.96086311340332,9.079505920410156,20.96086228448553,0.31775341558253584
relu,0.5,64,64,4,32,128,8000,4,A,6.688520431518555,2.0029635429382324,12.262341499328613,1.0000000000000007,1.1555777098350812
relu,0.5,64,64,4,32,128,8000,4,B,6.6871256828308105,0.27417534589767456,3.6578292846679688,0.4602969227149376,0.36290285600912786
relu,0.5,64,64,4,32,128,8000,4,C,6.676708221435547,20.92466163635254,11.431072235107422,20.924660577865843,0.39168032245558443
relu,0.5,128,128,4,32,128,8000,0,A,6.781213760375977,2.7376158237457275,26.86735725402832,0.9999999999999998,5.266119188830548
relu,0.5,128,128,4,32,128,8000,0,B,6.780123233795166,0.612917959690094,25.5015869140625,0.6097834694551113,1.7117575414375863
relu,0.5,128,128,4,32,128,8000,0,C,6.755438804626465,42.07102584838867,18.949644088745117,42.07103251927839,0.355063824740164
relu,0.5,128,128,4,32,128,8000,1,A,6.685032844543457,2.537588596343994,24.124601364135742,1.0000000000000009,3.864216338581786
relu,0.5,128,128,4,32,128,8000,1,B,6.682347297668457,0.47694236040115356,18.622825622558594,0.6213545239322645,1.5377503237997294
relu,0.5,128,128,4,32,128,8000,1,C,6.670252799987793,41.926456451416016,18.579212188720703,41.926440776988365,0.498060498816107
relu,0.5,128,128,4,32,128,8000,2,A,6.673266887664795,2.8664653301239014,34.56950759887695,1.0000000000000007,4.761630705550139
relu,0.5,128,128,4,32,128,8000,2,B,6.664219856262207,0.7485611438751221,19.49978256225586,0.6171742736698217,1.4812358491438682
relu,0.5,128,128,4,32,128,8000,2,C,6.6596879959106445,42.015907287597656,13.533373832702637,42.01591405416033,0.3631963105686025
relu,0.5,128,128,4,32,128,8000,3,A,6.742720603942871,3.6802423000335693,32.60032653808594,1.0000000000000002,6.888086426941633
relu,0.5,128,128,4,32,128,8000,3,B,6.725680828094482,0.6737849712371826,25.10222816467285,0.6126032754738412,3.8522464417611
relu,0.5,128,128,4,32,128,8000,3,C,6.715165138244629,41.802894592285156,19.575117111206055,41.802879129286865,0.3652419903610626
relu,0.5,128,128,4,32,128,8000,4,A,6.705793380737305,2.86651873588562,30.266082763671875,0.9999999999999998,6.859360135053788
relu,0.5,128,128,4,32,128,8000,4,B,6.697063446044922,0.5570759773254395,17.07195472717285,0.5917782225275573,0.973893614120323
relu,0.5,128,128,4,32,128,8000,4,C,6.6803812980651855,41.90583038330078,13.945232391357422,41.905821527690435,0.3034364227094627
relu,0.5,256,256,4,32,128,8000,0,A,6.869156360626221,4.386783599853516,82.59563446044922,0.9999999999999999,83.15632044342127
relu,0.5,256,256,4,32,128,8000,0,B,6.800558090209961,0.7470957040786743,10.678106307983398,0.7666299953788098,3.6349431825874228
relu,0.5,256,256,4,32,128,8000,0,C,6.752596855163574,84.03898620605469,42.09474182128906,84.03899651675633,1.1842800932782298
relu,0.5,256,256,4,32,128,8000,1,A,6.696235656738281,3.8828725814819336,82.09644317626953,1.0000000000000004,68.3954854899772
relu,0.5,256,256,4,32,128,8000,1,B,6.6784844398498535,1.019357442855835,62.23120880126953,0.7222077896452612,9.353849309504643
relu,0.5,256,256,4,32,128,8000,1,C,6.6768999099731445,83.99457550048828,47.36141586303711,83.99459092491229,1.4065896448192927
relu,0.5,256,256,4,32,128,8000,2,A,6.696606159210205,3.6258368492126465,81.76969146728516,0.9999999999999996,82.71246520911701
relu,0.5,256,256,4,32,128,8000,2,B,6.673454284667969,1.013350486755371,64.88546752929688,0.7559908165629556,4.693008799122617
relu,0.5,256,256,4,32,128,8000,2,C,6.669114112854004,83.76399230957031,39.992313385009766,83.76400177153431,0.43316100070671854
relu,0.5,256,256,4,32,128,8000,3,A,6.816567420959473,3.2043955326080322,57.59622573852539,1.0000000000000004,33.4278693868991
relu,0.5,256,256,4,32,128,8000,3,B,6.763733863830566,0.7785172462463379,22.682538986206055,0.7442254561245405,2.9092019088634657
relu,0.5,256,256,4,32,128,8000,3,C,6.73107385635376,83.53376770019531,42.167022705078125,83.53378920733174,0.434210259577657
relu,0.5,256,256,4,32,128,8000,4,A,6.858394145965576,3.8588194847106934,82.58717346191406,0.9999999999999996,82.98832578209323
relu,0.5,256,256,4,32,128,8000,4,B,6.702065467834473,1.0732511281967163,66.3738784790039,0.7776407882283771,4.256127410927224
relu,0.5,256,256,4,32,128,8000,4,C,6.701131820678711,83.84939575195312,44.442047119140625,83.84940788361139,0.7463191389958392
relu,0.25,128,128,4,512,2048,128000,0,A,7.254611015319824,1.159577488899231,6.8266215324401855,0.9999999999999994,19.83840506981467
relu,0.25,128,128,4,512,2048,128000,0,B,6.871028900146484,0.9360347390174866,31.90836524963379,0.06402409770911652,5.791399553695374
relu,0.25,128,128,4,512,2048,128000,0,C,6.823703289031982,42.61185836791992,32.05119323730469,42.611869889575246,2.9695908324621523
relu,0.25,128,128,4,512,2048,128000,1,A,7.187562942504883,1.7094968557357788,41.54997253417969,0.9999999999999997,20.422867063085334
relu,0.25,128,128,4,512,2048,128000,1,B,6.880073070526123,0.9372720122337341,32.42326354980469,0.0638612101584752,4.703082064358151
relu,0.25,128,128,4,512,2048,128000,1,C,6.83158540725708,42.60561752319336,33.81947326660156,42.605612680397115,4.202842157819139
relu,0.25,128,128,4,512,2048,128000,2,A,7.029009819030762,0.9156549572944641,42.351314544677734,1.0,15.633321475551123
relu,0.25,128,128,4,512,2048,128000,2,B,6.873353958129883,0.5718515515327454,31.972347259521484,0.06393256752316008,5.893649090710953
relu,0.25,128,128,4,512,2048,128000,2,C,6.80406379699707,42.61009216308594,31.532730102539062,42.61009105800351,3.2078471210895483
relu,0.25,128,128,4,512,2048,128000,3,A,7.001436233520508,0.9135013818740845,42.587581634521484,1.0000000000000002,42.61103059934689
relu,0.25,128,128,4,512,2048,128000,3,B,6.8723907470703125,0.5985396504402161,31.976726531982422,0.06395653653728718,4.917680571126841
relu,0.25,128,128,4,512,2048,128000,3,C,6.808357238769531,42.61177444458008,21.838376998901367,42.61178563674236,1.975504535284106
relu,0.25,128,128,4,512,2048,128000,4,A,7.1428704261779785,1.3043274879455566,42.62635040283203,1.0000000000000004,42.62635907657293
relu,0.25,128,128,4,512,2048,128000,4,B,6.865355014801025,0.6418725848197937,31.852529525756836,0.0638184316860201,4.773098123571634
relu,0.25,128,128,4,512,2048,128000,4,C,6.807340621948242,42.61824035644531,32.4643669128418,42.61823137147644,2.9236233425477165
relu,0.5,16,16,4,128,512,32000,0,A,6.696928977966309,0.9848153591156006,4.588270664215088,0.31477322929944707,0.8043162138613427
relu,0.5,16,16,4,128,512,32000,0,B,6.692314624786377,0.04658801108598709,1.3103469610214233,0.03544725321097856,0.14337428955595719
relu,0.5,16,16,4,128,512,32000,0,C,6.69413423538208,5.318792343139648,1.791404366493225,5.318792412881888,0.17595071072134275
relu,0.5,16,16,4,128,512,32000,1,A,6.71929931640625,0.9848001599311829,4.116768836975098,0.32917656651352845,0.9356409109828642
relu,0.5,16,16,4,128,512,32000,1,B,6.718027591705322,0.04421975836157799,1.973462462425232,0.03588865402870214,0.23821384179239238
relu,0.5,16,16,4,128,512,32000,1,C,6.696516036987305,5.314133167266846,3.3918373584747314,5.314133408723232,0.13694711984092267
relu,0.5,16,16,4,128,512,32000,2,A,6.677248954772949,1.0567578077316284,4.777834892272949,0.32539941059758376,1.644096018209672
relu,0.5,16,16,4,128,512,32000,2,B,6.655017375946045,0.04916475713253021,2.2172813415527344,0.0375574053509939,0.3211759842576126
relu,0.5,16,16,4,128,512,32000,2,C,6.6613640785217285,5.315155029296875,2.1265571117401123,5.315154896160907,0.15269813997930115
relu,0.5,16,16,4,128,512,32000,4,A,6.67860221862793,0.9873244762420654,3.8498380184173584,0.3122780684759539,0.6647138509560229
relu,0.5,16,16,4,128,512,32000,4,B,6.656221866607666,0.0501619391143322,1.7169456481933594,0.03913276257124779,0.25360074890705125
relu,0.5,16,16,4,128,512,32000,4,C,6.64482307434082,5.314633369445801,4.538511753082275,5.314633015923067,0.4590520267826912
relu,0.5,16,16,4,128,512,32000,3,A,6.6999831199646,1.0053801536560059,4.3492255210876465,0.3308229251463259,0.7547163486188448
relu,0.5,16,16,4,128,512,32000,3,B,6.68965482711792,0.06087736785411835,2.1355679035186768,0.03745513940804585,0.24023541183547428
relu,0.5,16,16,4,128,512,32000,3,C,6.688091278076172,5.3129496574401855,3.283510446548462,5.3129488655088775,0.17333675360455195
relu,0.5,64,64,4,128,512,32000,0,A,6.734614372253418,0.9983077645301819,13.395439147949219,1.0000000000000002,2.203652053278509
relu,0.5,64,64,4,128,512,32000,0,B,6.710860252380371,0.194840207695961,12.582784652709961,0.13489324504603434,1.3020174932321904
relu,0.5,64,64,4,128,512,32000,0,C,6.681397914886475,21.253374099731445,10.68251895904541,21.253378662479832,0.7479741361253451
relu,0.5,64,64,4,128,512,32000,1,A,6.753817558288574,1.0350399017333984,8.597949981689453,1.000000000000001,2.0919030614496155
relu,0.5,64,64,4,128,512,32000,1,B,6.720321178436279,0.14771738648414612,18.448762893676758,0.13182966339724325,4.666131281819657
relu,0.5,64,64,4,128,512,32000,1,C,6.6956000328063965,21.239788055419922,12.207127571105957,21.23978797653275,0.998085315193861
relu,0.5,64,64,4,128,512,32000,2,A,6.714810371398926,1.2276687622070312,15.268495559692383,1.0000000000000004,3.986453789197884
relu,0.5,64,64,4,128,512,32000,2,B,6.679903030395508,0.10808955132961273,8.537872314453125,0.13115682491370498,0.8833733575117948
relu,0.5,64,64,4,128,512,32000,2,C,6.6588897705078125,21.24958610534668,10.223795890808105,21.2495860164856,0.5968232638023807
relu,0.5,64,64,4,128,512,32000,3,A,6.727297782897949,1.0220112800598145,18.421058654785156,0.999999999999999,5.3850814821637565
relu,0.5,64,64,4,128,512,32000,3,B,6.714858055114746,0.12825816869735718,12.614250183105469,0.13076428955180452,2.7983411409740393
relu,0.5,64,64,4,128,512,32000,3,C,6.706893444061279,21.237377166748047,13.738649368286133,21.23738393552392,0.35185893064685253
relu,0.5,64,64,4,128,512,32000,4,A,6.692440986633301,1.0777149200439453,18.17330551147461,1.0,5.982144380718623
relu,0.5,64,64,4,128,512,32000,4,B,6.679841995239258,0.16727705299854279,14.220876693725586,0.13200427609040116,3.2087764942187182
relu,0.5,64,64,4,128,512,32000,4,C,6.652849197387695,21.25422477722168,9.748119354248047,21.2542241539816,0.6193064735579661
relu,0.5,128,128,4,128,512,32000,0,A,6.75541877746582,1.0481523275375366,42.18115997314453,1.0000000000000009,42.39668876320572
relu,0.5,128,128,4,128,512,32000,0,B,6.728236198425293,0.1839994192123413,24.07282829284668,0.25529528799395823,5.144449533341623
relu,0.5,128,128,4,128,512,32000,0,C,6.694735527038574,42.51669692993164,22.908899307250977,42.516726136412046,1.656906494051617
relu,0.25,256,256,4,512,2048,128000,0,A,7.600902557373047,2.5153629779815674,,0.9999999999999993,
relu,0.25,256,256,4,512,2048,128000,0,B,6.930692672729492,0.36559978127479553,24.65880584716797,0.12651838210110997,4.655326172547039
relu,0.25,256,256,4,512,2048,128000,0,C,6.839519500732422,85.21068572998047,61.47564697265625,85.21070210545561,8.02154348646823
relu,0.5,128,128,4,128,512,32000,1,A,6.764282703399658,1.1184241771697998,34.6015739440918,1.0,12.413833392430815
relu,0.5,128,128,4,128,512,32000,1,B,6.748110294342041,0.16929379105567932,32.79530334472656,0.25812116625530673,4.030302901954177
relu,0.5,128,128,4,128,512,32000,1,C,6.702085018157959,42.42757797241211,22.00840950012207,42.42758080314183,1.1286005338521237
relu,0.5,128,128,4,128,512,32000,2,A,6.724482536315918,1.12242591381073,42.22625732421875,1.0,42.44489972818562
relu,0.5,128,128,4,128,512,32000,2,B,6.704151630401611,0.1724446713924408,34.5847282409668,0.25535840355798833,8.670416321408174
relu,0.5,128,128,4,128,512,32000,2,C,6.658548355102539,42.48093795776367,19.790895462036133,42.48093663973895,1.6965456251915059
relu,0.5,128,128,4,128,512,32000,3,A,6.761627197265625,1.1811999082565308,41.953025817871094,1.0,11.774546453813326
relu,0.5,128,128,4,128,512,32000,3,B,6.726051330566406,0.14657989144325256,35.092857360839844,0.2616020309294235,11.971817849951059
relu,0.5,128,128,4,128,512,32000,3,C,6.717900276184082,42.49457550048828,18.70208740234375,42.49459448384524,1.535592046507488
relu,0.5,128,128,4,128,512,32000,4,A,6.720691680908203,1.1894253492355347,42.15957260131836,1.0000000000000002,23.014536843168077
relu,0.5,128,128,4,128,512,32000,4,B,6.682708263397217,0.18897061049938202,36.98775100708008,0.2571771134713367,9.174698729057978
relu,0.5,128,128,4,128,512,32000,4,C,6.655968189239502,42.50189971923828,24.517263412475586,42.50189047535618,1.4382730674473483
relu,0.5,256,256,4,128,512,32000,0,A,7.066580772399902,2.048962116241455,84.93201446533203,1.0000000000000004,43.10969032950095
relu,0.5,256,256,4,128,512,32000,0,B,6.745981216430664,0.23189550638198853,70.94547271728516,0.48588215534935775,21.697684626080672
relu,0.5,256,256,4,128,512,32000,0,C,6.689914226531982,85.06501007080078,45.19443893432617,85.06501328947017,1.672119201164699
relu,0.5,256,256,4,128,512,32000,1,A,7.3279829025268555,2.005695343017578,2.2751123905181885,1.0000000000000004,2.580348895487114
relu,0.5,256,256,4,128,512,32000,1,B,6.767741680145264,0.22278667986392975,70.8964614868164,0.4891075077849134,18.96386618222198
relu,0.5,256,256,4,128,512,32000,1,C,6.70862340927124,84.88207244873047,57.39356231689453,84.88208383913101,1.115845857689196
relu,0.5,256,256,4,128,512,32000,2,A,7.048983097076416,1.4341034889221191,85.03633880615234,1.0,85.03635926698365
relu,0.5,256,256,4,128,512,32000,2,B,6.711395263671875,0.36050593852996826,71.78714752197266,0.4853078666867212,18.06734537861201
relu,0.5,256,256,4,128,512,32000,2,C,6.657549858093262,84.99166107177734,61.36564636230469,84.99165636962269,9.767044700499653
relu,0.5,256,256,4,128,512,32000,3,A,7.064465522766113,1.7488473653793335,85.04019165039062,1.0000000000000009,85.04016440795277
relu,0.5,256,256,4,128,512,32000,3,B,6.744479179382324,0.23542624711990356,73.19196319580078,0.49025831842606965,15.220958456144684
relu,0.5,256,256,4,128,512,32000,3,C,6.7085065841674805,84.8971176147461,47.50211715698242,84.89712435422338,2.546977768236168
relu,0.5,256,256,4,128,512,32000,4,A,7.045986175537109,1.6292750835418701,85.02762603759766,1.0000000000000004,85.02760195218562
relu,0.5,256,256,4,128,512,32000,4,B,6.701205253601074,0.3581044375896454,71.24547576904297,0.478518160170711,12.221904097994432
relu,0.5,256,256,4,128,512,32000,4,C,6.659908294677734,84.94366455078125,66.88131713867188,84.94368002856822,2.152203777111032
relu,0.25,256,256,4,512,2048,128000,2,A,7.600902557373047,2.204502582550049,,1.0,
relu,0.25,256,256,4,512,2048,128000,2,B,6.905984878540039,0.5352495312690735,64.00060272216797,0.12671987096373324,12.015997391622907
relu,0.25,256,256,4,512,2048,128000,2,C,6.8091607093811035,85.2210922241211,55.49143981933594,85.22106462869334,5.868837696535462
relu,0.25,256,256,4,512,2048,128000,1,A,7.188915252685547,1.4985121488571167,85.24940490722656,0.9999999999999997,43.141263949309604
relu,0.25,256,256,4,512,2048,128000,1,B,6.922542572021484,0.7776699662208557,63.958763122558594,0.1267983164816822,14.794334918652643
relu,0.25,256,256,4,512,2048,128000,1,C,6.836971282958984,85.20085906982422,65.10626220703125,85.20079628798511,6.032177655098995
relu,0.25,256,256,4,512,2048,128000,3,A,7.204205513000488,1.6194813251495361,84.60499572753906,1.0000000000000002,19.261906193574294
relu,0.25,256,256,4,512,2048,128000,3,B,6.897650718688965,0.6034072637557983,63.61121368408203,0.12682746240833814,4.204680797184712
relu,0.25,256,256,4,512,2048,128000,3,C,6.808649063110352,85.22769165039062,63.207061767578125,85.22766164652266,6.724396730078646
relu,0.25,256,256,4,512,2048,128000,4,A,7.494754314422607,1.1910779476165771,3.062962532043457,1.0000000000000007,19.290916735574324
relu,0.25,256,256,4,512,2048,128000,4,B,6.910322189331055,0.5460947155952454,63.25910949707031,0.12673276351627744,12.974448785192363
relu,0.25,256,256,4,512,2048,128000,4,C,6.80812406539917,85.20372009277344,60.13479995727539,85.20374356290488,6.175334161152137
relu,0.5,16,16,4,512,2048,128000,0,A,6.720685958862305,0.90756756067276,4.724681854248047,0.21744974761448474,1.7026285706338495
relu,0.5,16,16,4,512,2048,128000,0,B,6.688904762268066,1.3679355382919312,4.668207168579102,0.00895867508903302,1.0296103614459395
relu,0.5,16,16,4,512,2048,128000,0,C,6.6838154792785645,5.327613830566406,3.151942253112793,5.327613766737447,0.22089387540686242
relu,0.5,16,16,4,512,2048,128000,1,A,6.7363057136535645,0.9282451272010803,4.773571014404297,0.21805696191689683,1.791917423323236
relu,0.5,16,16,4,512,2048,128000,1,B,6.701318740844727,1.3285770416259766,4.887791633605957,0.009031171406592013,1.2802956498395546
relu,0.5,16,16,4,512,2048,128000,1,C,6.689846992492676,5.32828950881958,2.5314018726348877,5.328289939892635,0.33106776549067335
relu,0.5,16,16,4,512,2048,128000,2,A,6.713678359985352,1.0542651414871216,3.507762908935547,0.5069970285613772,1.2694794374284037
relu,0.5,16,16,4,512,2048,128000,2,B,6.6904449462890625,1.0197118520736694,4.467106819152832,0.00892283361672248,0.9041941881387215
relu,0.5,16,16,4,512,2048,128000,2,C,6.69516658782959,5.329068660736084,3.370349407196045,5.32906821671454,0.22608828975020648
relu,0.75,16,16,4,8,32,2000,0,A,6.712475299835205,1.450197458267212,2.473196268081665,0.8333215833575285,0.6342459362178976
relu,0.75,16,16,4,8,32,2000,0,B,6.7146100997924805,0.5340122580528259,2.0434491634368896,0.46244122453962183,0.5389592586550762
relu,0.75,16,16,4,8,32,2000,0,C,6.715339183807373,5.172115802764893,3.8655147552490234,5.172115983377458,0.675472769545094
relu,0.75,16,16,4,8,32,2000,1,A,6.6567463874816895,1.6106969118118286,2.809101104736328,0.7976471994972681,0.6876981373137737
relu,0.75,16,16,4,8,32,2000,1,B,6.642910003662109,0.951728343963623,2.5197010040283203,0.4269463804827008,0.7538945910077335
relu,0.75,16,16,4,8,32,2000,1,C,6.645403861999512,5.140912055969238,3.317662000656128,5.140911823922409,0.4611647626829319
relu,0.75,16,16,4,8,32,2000,2,A,6.488996505737305,1.8258857727050781,2.6676743030548096,0.6877126080209421,0.5805739560240409
relu,0.75,16,16,4,8,32,2000,2,B,6.486461162567139,0.9783390760421753,1.8645532131195068,0.4594735926727557,0.5033899529951064
relu,0.75,16,16,4,8,32,2000,2,C,6.486388683319092,5.158239841461182,3.6942899227142334,5.158239796275013,0.5477821035102427
relu,0.5,16,16,4,512,2048,128000,3,A,6.708413124084473,0.8895483016967773,4.809049606323242,0.22018287738229883,1.4780276884898913
relu,0.5,16,16,4,512,2048,128000,3,B,6.68780517578125,0.9469653367996216,4.325851917266846,0.009465550482700456,1.2507987969162224
relu,0.5,16,16,4,512,2048,128000,3,C,6.674548149108887,5.3287787437438965,4.053838729858398,5.3287774090731315,0.5752113872898008
relu,0.75,16,16,4,8,32,2000,3,A,6.615312099456787,1.4604229927062988,2.201145887374878,0.7939439845045401,0.5916322643415034
relu,0.75,16,16,4,8,32,2000,3,B,6.593890190124512,0.6702708601951599,2.4596428871154785,0.45146978601510057,0.43687147237296575
relu,0.75,16,16,4,8,32,2000,3,C,6.603877067565918,5.131595134735107,4.005180835723877,5.131595282856243,0.5753662782231591
relu,0.5,16,16,4,512,2048,128000,4,A,6.704563140869141,0.8779226541519165,4.746464729309082,0.20841793856092866,1.7306684207164857
relu,0.5,16,16,4,512,2048,128000,4,B,6.685296058654785,1.6278538703918457,4.889445781707764,0.008923410436102227,0.8815538833533942
relu,0.5,16,16,4,512,2048,128000,4,C,6.670653820037842,5.328142166137695,3.7343406677246094,5.328141641119026,0.34035225975334443
relu,0.75,16,16,4,8,32,2000,4,A,6.678566932678223,1.6351301670074463,2.8744752407073975,0.6986561792777543,0.6977764709113228
relu,0.75,16,16,4,8,32,2000,4,B,6.668001174926758,0.42443615198135376,1.99406099319458,0.402668776515354,0.4491667104305634
relu,0.75,16,16,4,8,32,2000,4,C,6.665499687194824,5.179315567016602,3.4756202697753906,5.179315493720795,0.48238800931023174
relu,0.75,64,64,4,8,32,2000,0,A,6.722850799560547,3.9365804195404053,8.783759117126465,0.8598069058504608,0.7886616901228999
relu,0.75,64,64,4,8,32,2000,0,B,6.73676872253418,1.1072813272476196,5.224874019622803,0.6372881907474148,0.44382257642270356
relu,0.75,64,64,4,8,32,2000,0,C,6.725860595703125,20.47353744506836,11.476285934448242,20.473538660682745,0.5501692731684118
relu,0.75,64,64,4,8,32,2000,1,A,6.662566661834717,4.478968143463135,11.686958312988281,0.8831662633999516,0.9741056307610582
relu,0.75,64,64,4,8,32,2000,1,B,6.649447441101074,1.2023370265960693,8.406664848327637,0.6102620479622267,0.541787001927114
relu,0.75,64,64,4,8,32,2000,1,C,6.655189514160156,20.29164695739746,12.813250541687012,20.291649546275615,0.7273969309447083
relu,0.75,64,64,4,8,32,2000,2,A,6.498201370239258,4.478942394256592,12.200925827026367,0.8700984492932102,1.0119757079988827
relu,0.75,64,64,4,8,32,2000,2,B,6.507782459259033,1.0145814418792725,5.988194942474365,0.6286347963305297,0.4696667145297489
relu,0.75,64,64,4,8,32,2000,2,C,6.4943437576293945,20.627771377563477,12.088860511779785,20.62776754095759,0.6299334356883238
relu,0.75,64,64,4,8,32,2000,3,A,6.629639625549316,3.2735109329223633,9.323175430297852,0.885772522661699,0.8139332418054117
relu,0.75,64,64,4,8,32,2000,3,B,6.615644931793213,1.1284598112106323,8.53836727142334,0.6632205245048018,0.5323480911202119
relu,0.75,64,64,4,8,32,2000,3,C,6.604682445526123,20.389005661010742,10.097332954406738,20.38900685919708,0.8315944024634134
relu,0.75,64,64,4,8,32,2000,4,A,6.690155029296875,2.833630323410034,6.836109161376953,0.8089471893956264,0.7148131749967871
relu,0.75,64,64,4,8,32,2000,4,B,6.686631202697754,0.7749223113059998,5.647387504577637,0.6829306827814675,0.5714370790453337
relu,0.75,64,64,4,8,32,2000,4,C,6.670975208282471,20.54828643798828,13.192113876342773,20.548290815828413,0.7227358197710989
relu,0.75,128,128,4,8,32,2000,0,A,6.7376861572265625,5.747147560119629,17.700862884521484,0.855662320496438,1.1487465193266533
relu,0.75,128,128,4,8,32,2000,0,B,6.742515563964844,2.3147969245910645,20.85432243347168,0.7238677316607245,0.7726574139613015
relu,0.75,128,128,4,8,32,2000,0,C,6.738650321960449,40.962711334228516,20.736997604370117,40.96270332444788,0.7744545286219509
relu,0.75,128,128,4,8,32,2000,1,A,6.682320594787598,8.981103897094727,25.38395881652832,0.8687256538448016,1.352788232439021
relu,0.75,128,128,4,8,32,2000,1,B,6.671388626098633,1.7254120111465454,16.632780075073242,0.6909855582941835,0.8203043052901731
relu,0.75,128,128,4,8,32,2000,1,C,6.672658443450928,40.620147705078125,23.373144149780273,40.62014915167914,1.0248320096454437
relu,0.75,128,128,4,8,32,2000,2,A,6.517735481262207,7.06469202041626,23.194503784179688,0.8656332740318422,0.9271886035316179
relu,0.75,128,128,4,8,32,2000,2,B,6.5012431144714355,2.125525712966919,14.41335391998291,0.728842037570135,0.5973737377826531
relu,0.75,128,128,4,8,32,2000,2,C,6.521109104156494,41.18435287475586,31.281230926513672,41.184371111968254,0.9658329603039089
relu,0.75,128,128,4,8,32,2000,3,A,6.640942573547363,5.084568023681641,16.812114715576172,0.8727478898529576,0.8941353997617811
relu,0.75,128,128,4,8,32,2000,3,B,6.624222755432129,1.8994135856628418,16.113473892211914,0.6930921875853893,0.590943582578534
relu,0.75,128,128,4,8,32,2000,3,C,6.614580154418945,40.31886291503906,25.527545928955078,40.31886780095684,0.6701599839183988
relu,0.75,128,128,4,8,32,2000,4,A,6.697304725646973,6.2677998542785645,22.260305404663086,0.8447816460953886,1.7172981291438254
relu,0.75,128,128,4,8,32,2000,4,B,6.699357032775879,1.0924150943756104,8.198246002197266,0.6665385210364545,0.5760971525796499
relu,0.75,128,128,4,8,32,2000,4,C,6.693516731262207,40.91642761230469,28.669586181640625,40.91643697075376,0.9238108680519602
relu,0.75,256,256,4,8,32,2000,0,A,6.762289047241211,8.708168983459473,31.74848175048828,0.8746847123392842,1.5010666691337176
relu,0.75,256,256,4,8,32,2000,0,B,6.7464752197265625,2.129938840866089,32.87263488769531,0.7840500919670703,1.1546913126705716
relu,0.75,256,256,4,8,32,2000,0,C,6.732314109802246,82.15035247802734,44.66034698486328,82.15034683861349,1.0929725905919974
relu,0.75,256,256,4,8,32,2000,1,A,6.690938949584961,12.618099212646484,51.7836799621582,0.8635452272127211,4.052581430590866
relu,0.75,256,256,4,8,32,2000,1,B,6.681832313537598,2.364823579788208,38.07502746582031,0.7291040798590244,2.6458293085051325
relu,0.75,256,256,4,8,32,2000,1,C,6.6770124435424805,82.38123321533203,49.084781646728516,82.38127938066268,0.915167400841334
relu,0.75,256,256,4,8,32,2000,2,A,6.548557758331299,11.38637924194336,47.798152923583984,0.8644467784695825,1.6593217589595983
relu,0.75,256,256,4,8,32,2000,2,B,6.535439491271973,4.383234977722168,37.24032974243164,0.7953211102838389,1.5672557453679477
relu,0.75,256,256,4,8,32,2000,2,C,6.504481792449951,82.63916015625,55.7022819519043,82.63918992138116,0.6945570390380251
relu,0.75,256,256,4,8,32,2000,3,A,6.653421401977539,10.11571979522705,34.07500457763672,0.861834595684921,2.435524903083729
relu,0.75,256,256,4,8,32,2000,3,B,6.648299694061279,2.9986791610717773,25.91149139404297,0.7689296081277299,0.7416970154149279
relu,0.75,256,256,4,8,32,2000,3,C,6.6126790046691895,81.3077621459961,59.49127197265625,81.3077962732385,0.9588902253339885
relu,0.5,64,64,4,512,2048,128000,0,A,6.760477066040039,0.9466256499290466,18.03607177734375,0.8522978416996344,5.785151533631604
relu,0.5,64,64,4,512,2048,128000,0,B,6.7212042808532715,1.2923394441604614,18.281747817993164,0.03267255886864077,4.14950233230107
relu,0.5,64,64,4,512,2048,128000,0,C,6.692004203796387,21.308103561401367,13.388861656188965,21.308100604608057,0.8140570009537843
relu,0.75,256,256,4,8,32,2000,4,A,6.7001471519470215,9.86895751953125,29.931943893432617,0.8527833456775091,2.1071853868478696
relu,0.75,256,256,4,8,32,2000,4,B,6.723420143127441,1.6482175588607788,10.461722373962402,0.7975419882209551,0.593462532060341
relu,0.75,256,256,4,8,32,2000,4,C,6.687042236328125,82.60450744628906,46.470237731933594,82.60451077078305,0.7116440589732901
relu,0.5,64,64,4,512,2048,128000,1,A,6.765114784240723,0.9313321113586426,16.962217330932617,0.864474807951408,6.8269177311310605
relu,0.5,64,64,4,512,2048,128000,1,B,6.742645263671875,1.858227014541626,16.314781188964844,0.03278012084129223,4.515829053635611
relu,0.5,64,64,4,512,2048,128000,1,C,6.702854633331299,21.309282302856445,14.790427207946777,21.309284919941618,2.2887640134198417
relu,0.75,16,16,4,32,128,8000,0,A,6.693589210510254,1.0991851091384888,2.6840436458587646,0.7600102705513675,0.7589422213095708
relu,0.75,16,16,4,32,128,8000,0,B,6.697598457336426,0.15524952113628387,1.8944159746170044,0.14442976590434567,0.22537217182768882
relu,0.75,16,16,4,32,128,8000,0,C,6.690815448760986,5.2787299156188965,4.081321716308594,5.278730755911993,0.3605233723759171
relu,0.75,16,16,4,32,128,8000,1,A,6.579327583312988,1.2038432359695435,3.509956121444702,0.7430884736439872,0.5085538936213296
relu,0.75,16,16,4,32,128,8000,1,B,6.573609352111816,0.12632767856121063,1.8054183721542358,0.1640293580978071,0.18072723259329576
relu,0.75,16,16,4,32,128,8000,1,C,6.564720630645752,5.248544216156006,3.691356658935547,5.2485439794533,0.38215563082211407
relu,0.75,16,16,4,32,128,8000,2,A,6.570034027099609,1.4310208559036255,3.8576695919036865,0.6932209205189281,0.5597159545088382
relu,0.75,16,16,4,32,128,8000,2,B,6.561188220977783,0.09950900822877884,2.3091211318969727,0.1571816629107073,0.20474414389481518
relu,0.75,16,16,4,32,128,8000,2,C,6.560917854309082,5.267026424407959,2.8919808864593506,5.267027343657369,0.3077454138209807
relu,0.75,16,16,4,32,128,8000,3,A,6.639159679412842,1.1755121946334839,2.5958683490753174,0.7920798687298544,0.4870921246669687
relu,0.75,16,16,4,32,128,8000,3,B,6.632821083068848,0.13310013711452484,2.0936803817749023,0.14935374766999387,0.23315308598959963
relu,0.75,16,16,4,32,128,8000,3,C,6.628976345062256,5.252547740936279,2.7985799312591553,5.252547872366626,0.34492752001058335
relu,0.75,16,16,4,32,128,8000,4,A,6.595139026641846,1.0759251117706299,2.9258692264556885,0.7748857176822213,0.47745149390257996
relu,0.75,16,16,4,32,128,8000,4,B,6.588536262512207,0.11843152344226837,1.0217314958572388,0.15773498399574273,0.199243376137469
relu,0.75,16,16,4,32,128,8000,4,C,6.587956428527832,5.239322185516357,3.055525302886963,5.239321449274169,0.3832227732635838
relu,0.5,64,64,4,512,2048,128000,2,A,6.7414164543151855,0.9913942217826843,18.447185516357422,0.8628718382118644,6.908116913307604
relu,0.5,64,64,4,512,2048,128000,2,B,6.720857620239258,2.5251352787017822,17.582439422607422,0.0329532550904043,6.219199261585127
relu,0.5,64,64,4,512,2048,128000,2,C,6.673768997192383,21.307600021362305,11.16482925415039,21.30760181657701,1.012171960693542
relu,0.75,64,64,4,32,128,8000,0,A,6.711832046508789,2.168853998184204,15.822739601135254,1.0000000000000002,2.0871538546335895
relu,0.75,64,64,4,32,128,8000,0,B,6.71790885925293,0.35767361521720886,7.466723918914795,0.4616793378228094,0.6954813079678837
relu,0.75,64,64,4,32,128,8000,0,C,6.696503162384033,21.067935943603516,14.678994178771973,21.06793808109096,0.5731658275637438
relu,0.5,64,64,4,512,2048,128000,3,A,6.751090049743652,0.9609185457229614,18.253406524658203,0.856309172419426,5.832249388733239
relu,0.5,64,64,4,512,2048,128000,3,B,6.722773551940918,1.3444955348968506,17.88201141357422,0.03301071554642999,5.631586349790016
relu,0.5,64,64,4,512,2048,128000,3,C,6.675259113311768,21.309974670410156,9.117814064025879,21.309974743552754,0.9480007440325335
relu,0.75,64,64,4,32,128,8000,1,A,6.591439247131348,2.344660997390747,14.298490524291992,0.9999999999999998,2.690496450344569
relu,0.75,64,64,4,32,128,8000,1,B,6.592365741729736,0.3360807001590729,11.22755241394043,0.4783232250128064,0.5786932742444059
relu,0.75,64,64,4,32,128,8000,1,C,6.568058013916016,20.92421531677246,8.917928695678711,20.92420880849504,0.409857980893886
relu,0.75,64,64,4,32,128,8000,3,A,6.659204006195068,2.462404251098633,13.640026092529297,1.0,1.7675546471485368
relu,0.75,64,64,4,32,128,8000,3,B,6.675440788269043,0.2589837610721588,9.381705284118652,0.46978457719926126,0.6216337020977626
relu,0.75,64,64,4,32,128,8000,3,C,6.637179851531982,20.952714920043945,10.221366882324219,20.952713522123005,0.4086815559758617
relu,0.75,64,64,4,32,128,8000,2,A,6.589346408843994,2.1870388984680176,17.108928680419922,1.0000000000000002,1.8158550791473689
relu,0.75,64,64,4,32,128,8000,2,B,6.571642875671387,0.27426877617836,8.29450511932373,0.4578148659669827,0.4774592767240604
relu,0.75,64,64,4,32,128,8000,2,C,6.566036701202393,20.968828201293945,12.906366348266602,20.968824375033737,0.505869517924725
relu,0.75,64,64,4,32,128,8000,4,A,6.613095283508301,2.026700019836426,12.954435348510742,1.0000000000000002,1.3010842248293448
relu,0.75,64,64,4,32,128,8000,4,B,6.614871025085449,0.5017898082733154,12.295685768127441,0.4807798283283843,0.6282010978759506
relu,0.75,64,64,4,32,128,8000,4,C,6.600597858428955,20.94733428955078,9.744359016418457,20.947336842448912,0.369898975604983
relu,0.5,64,64,4,512,2048,128000,4,A,6.750369548797607,0.9547777771949768,18.16478729248047,0.8533114422300352,5.46426471431825
relu,0.5,64,64,4,512,2048,128000,4,B,6.717592239379883,2.6749367713928223,17.388965606689453,0.03255666001390844,4.362288821068933
relu,0.5,64,64,4,512,2048,128000,4,C,6.683116912841797,21.308988571166992,18.885520935058594,21.30898860099751,2.369575650717134
relu,0.75,128,128,4,32,128,8000,0,A,6.726848125457764,3.644458293914795,33.86856460571289,1.0,9.369491954823415
relu,0.75,128,128,4,32,128,8000,0,B,6.729963302612305,0.5430167317390442,20.85110092163086,0.6285362898233979,2.1736419118482924
relu,0.75,128,128,4,32,128,8000,0,C,6.699677467346191,42.034141540527344,24.993135452270508,42.03412159595622,0.5985420854867792
relu,0.75,128,128,4,32,128,8000,1,A,6.599123001098633,4.038758277893066,31.88018035888672,0.9999999999999993,7.336940603888428
relu,0.75,128,128,4,32,128,8000,1,B,6.610807418823242,0.9714329242706299,10.713902473449707,0.6209441559073445,1.0291127335559898
relu,0.75,128,128,4,32,128,8000,1,C,6.571774005889893,41.87117004394531,23.216522216796875,41.871168800627856,0.6254784725475057
relu,0.75,128,128,4,32,128,8000,2,A,6.597495079040527,2.936279296875,25.82101821899414,0.9660494881043717,3.5388503278620016
relu,0.75,128,128,4,32,128,8000,2,B,6.576042175292969,0.6960421800613403,17.909807205200195,0.6020388580854283,1.3404545415686013
relu,0.75,128,128,4,32,128,8000,2,C,6.586172103881836,42.12615966796875,26.329944610595703,42.12614972630103,0.4774678855998746
relu,0.75,128,128,4,32,128,8000,3,A,6.676983833312988,3.2615253925323486,21.61090660095215,1.000000000000001,3.3625003564865863
relu,0.75,128,128,4,32,128,8000,3,B,6.6599907875061035,0.9222127795219421,27.202245712280273,0.6495179547707997,1.8673093609839884
relu,0.75,128,128,4,32,128,8000,3,C,6.642996311187744,41.96897888183594,27.363418579101562,41.96897140583956,0.5380933409163132
relu,0.75,128,128,4,32,128,8000,4,A,6.638749122619629,3.551281213760376,27.631025314331055,1.000000000000001,3.226568536459856
relu,0.75,128,128,4,32,128,8000,4,B,6.624993801116943,0.7094137072563171,25.423276901245117,0.6349803402844029,1.819958876098657
relu,0.75,128,128,4,32,128,8000,4,C,6.59812068939209,41.95825958251953,23.015628814697266,41.958264080466535,0.7257561919876787
relu,0.75,256,256,4,32,128,8000,0,A,6.813601016998291,4.376540660858154,82.35362243652344,0.9999999999999994,82.93565297643649
relu,0.75,256,256,4,32,128,8000,0,B,6.728714942932129,1.3626128435134888,62.5179443359375,0.7835239814234912,15.232582229358414
relu,0.75,256,256,4,32,128,8000,0,C,6.688274383544922,84.15555572509766,59.6511344909668,84.15558807057658,0.6095743636109843
relu,0.75,256,256,4,32,128,8000,1,A,6.627125263214111,4.5527143478393555,27.940462112426758,0.9999999999999996,25.09397689935452
relu,0.75,256,256,4,32,128,8000,1,B,6.606911659240723,0.867347240447998,55.51821517944336,0.7692528729217241,6.80244239850411
relu,0.75,256,256,4,32,128,8000,1,C,6.587948322296143,83.92727661132812,45.8659553527832,83.92726549542617,1.1090395302904394
relu,0.75,256,256,4,32,128,8000,2,A,6.6078267097473145,5.200814723968506,71.5842514038086,0.9999999999999996,26.583839288102222
relu,0.75,256,256,4,32,128,8000,2,B,6.582233905792236,1.0548228025436401,64.54839324951172,0.8083673799345402,9.951633807733865
relu,0.75,256,256,4,32,128,8000,2,C,6.584671497344971,84.02641296386719,54.627803802490234,84.02641344264318,0.8980661772569665
relu,0.75,256,256,4,32,128,8000,3,A,6.6817307472229,5.9518866539001465,67.37218475341797,0.9856313602786131,28.530215765885306
relu,0.75,256,256,4,32,128,8000,3,B,6.676229000091553,1.4445987939834595,54.65812301635742,0.745070329208416,4.696101033013409
relu,0.75,256,256,4,32,128,8000,3,C,6.6659440994262695,83.62882232666016,47.45341491699219,83.62880516739293,1.3553257152107034
relu,0.75,256,256,4,32,128,8000,4,A,6.642487049102783,4.256146430969238,68.0306167602539,1.0000000000000004,16.29476807423694
relu,0.75,256,256,4,32,128,8000,4,B,6.6346282958984375,1.1450080871582031,69.92414093017578,0.796099498697217,15.562103661098766
relu,0.75,256,256,4,32,128,8000,4,C,6.620363235473633,83.86591339111328,53.07624053955078,83.86589962112159,0.5978046340548203
relu,0.5,128,128,4,512,2048,128000,0,A,7.063027858734131,1.2894335985183716,42.62838363647461,1.0000000000000002,42.62838236037686
relu,0.5,128,128,4,512,2048,128000,0,B,6.7639594078063965,2.4618747234344482,33.60285568237305,0.06368027607072764,8.611317471168396
relu,0.5,128,128,4,512,2048,128000,0,C,6.699464321136475,42.61062240600586,24.93727684020996,42.610626878816944,2.2381392004156555
relu,0.5,128,128,4,512,2048,128000,1,A,6.805180072784424,0.9352349638938904,42.55420684814453,1.0000000000000002,42.603196740713784
relu,0.5,128,128,4,512,2048,128000,1,B,6.760491371154785,1.1903926134109497,35.59129333496094,0.06428794292667897,8.553423323250387
relu,0.5,128,128,4,512,2048,128000,1,C,6.71413516998291,42.612892150878906,36.40206527709961,42.612889410875766,3.773164461660942
relu,0.5,128,128,4,512,2048,128000,2,A,6.893186569213867,1.0100698471069336,42.582462310791016,0.9999999999999992,13.903177266435769
relu,0.5,128,128,4,512,2048,128000,2,B,6.741945266723633,1.4083925485610962,33.38200759887695,0.06425702055386563,10.643036546937596
relu,0.5,128,128,4,512,2048,128000,2,C,6.690176963806152,42.62038803100586,26.409442901611328,42.62037162868656,1.97427671679381
relu,0.5,128,128,4,512,2048,128000,3,A,6.95233154296875,0.972561776638031,10.87960147857666,0.9999999999999999,12.77231877611415
relu,0.5,128,128,4,512,2048,128000,3,B,6.744443893432617,1.7764911651611328,34.18904113769531,0.06371794653200157,3.6397752266757144
relu,0.5,128,128,4,512,2048,128000,3,C,6.6838178634643555,42.6205940246582,26.747966766357422,42.62060304712154,2.4695930273005224
relu,0.5,128,128,4,512,2048,128000,4,A,7.064272880554199,1.5873372554779053,42.62709045410156,0.9999999999999999,15.498260527671256
relu,0.5,128,128,4,512,2048,128000,4,B,6.742055892944336,2.0439376831054688,35.16814422607422,0.06397937128578941,7.803362977959234
relu,0.5,128,128,4,512,2048,128000,4,C,6.693653583526611,42.62348556518555,17.120864868164062,42.623494027032294,1.7395068862159546
relu,0.75,16,16,4,128,512,32000,0,A,6.611532211303711,1.0953646898269653,3.5156774520874023,0.3357725484503276,0.6492083020076014
relu,0.75,16,16,4,128,512,32000,0,B,6.5974650382995605,0.055931560695171356,2.2476484775543213,0.03661427831958468,0.17110936721204842
relu,0.75,16,16,4,128,512,32000,0,C,6.603389739990234,5.319250583648682,3.518843173980713,5.319250286377271,0.24619360615494906
relu,0.75,16,16,4,128,512,32000,2,A,6.572085857391357,1.1487051248550415,4.2950005531311035,0.3735207993876605,0.9613001390590714
relu,0.75,16,16,4,128,512,32000,2,B,6.556256294250488,0.08185209333896637,2.62890625,0.037722709319144225,0.6774000223509233
relu,0.75,16,16,4,128,512,32000,2,C,6.564452171325684,5.314312934875488,3.5456526279449463,5.314312017415593,0.1546536850876559
relu,0.75,16,16,4,128,512,32000,1,A,6.633663654327393,1.1580928564071655,2.928271532058716,0.36600159426944473,1.0065404416324728
relu,0.75,16,16,4,128,512,32000,1,B,6.631287574768066,0.05156370997428894,1.9630464315414429,0.0378224085637696,0.21624411000848
relu,0.75,16,16,4,128,512,32000,1,C,6.610925197601318,5.315495491027832,4.092524528503418,5.315495621669192,0.2472029482260098
relu,0.75,16,16,4,128,512,32000,3,A,6.607461929321289,1.213083028793335,4.4490275382995605,0.34309965376306933,0.8824912845667207
relu,0.75,16,16,4,128,512,32000,3,B,6.593854904174805,0.11370877176523209,2.960935592651367,0.03769616284650079,0.7348529091936348
relu,0.75,16,16,4,128,512,32000,3,C,6.594890117645264,5.317000389099121,3.1195952892303467,5.317000153115219,0.27697537952742135
relu,0.75,16,16,4,128,512,32000,4,A,6.57163143157959,0.9721343517303467,3.536328077316284,0.335724959914624,0.6844404940784993
relu,0.75,16,16,4,128,512,32000,4,B,6.558737277984619,0.08960425108671188,2.6419808864593506,0.03958588212526746,0.3885178052874926
relu,0.75,16,16,4,128,512,32000,4,C,6.546308517456055,5.314410209655762,2.9810938835144043,5.314410606071131,0.21645046679273852
relu,0.75,64,64,4,128,512,32000,0,A,6.637755393981934,1.2546406984329224,18.50330924987793,1.0000000000000002,7.062980790111264
relu,0.75,64,64,4,128,512,32000,0,B,6.617937088012695,0.11374323070049286,18.391599655151367,0.13088070011084818,6.968104891997955
relu,0.75,64,64,4,128,512,32000,0,C,6.5969343185424805,21.25861167907715,10.937361717224121,21.25860929338986,0.8316222461684792
relu,0.75,64,64,4,128,512,32000,1,A,6.652420997619629,1.274463176727295,18.77593231201172,1.0,7.91968653306409
relu,0.75,64,64,4,128,512,32000,1,B,6.636368274688721,0.12599578499794006,13.180290222167969,0.12980404379751304,2.957000467231926
relu,0.75,64,64,4,128,512,32000,1,C,6.613757610321045,21.254018783569336,12.755309104919434,21.254018309220708,0.44800099226348866
relu,0.75,64,64,4,128,512,32000,2,A,6.603833198547363,1.2321265935897827,18.669816970825195,1.0000000000000002,6.703320527379989
relu,0.75,64,64,4,128,512,32000,2,B,6.584340572357178,0.17453698813915253,13.435437202453613,0.13152502864394203,3.4246421011954475
relu,0.75,64,64,4,128,512,32000,2,C,6.566699981689453,21.25859832763672,10.040999412536621,21.258595641069224,0.7380269949430418
relu,0.75,64,64,4,128,512,32000,3,A,6.638437747955322,1.2127128839492798,18.51097297668457,0.9999999999999996,6.701197902166492
relu,0.75,64,64,4,128,512,32000,3,B,6.6272993087768555,0.15641875565052032,13.59636116027832,0.13403866215797602,1.6639078301462518
relu,0.75,64,64,4,128,512,32000,3,C,6.607906341552734,21.257156372070312,13.133058547973633,21.25715387706169,0.8967998715738053
relu,0.75,64,64,4,128,512,32000,4,A,6.603212833404541,1.2919870615005493,16.930835723876953,0.9999999999999999,4.731863500413704
relu,0.75,64,64,4,128,512,32000,4,B,6.578398704528809,0.1380642205476761,14.496241569519043,0.13177157937045822,4.0113164155470304
relu,0.75,64,64,4,128,512,32000,4,C,6.5615949630737305,21.255966186523438,13.206381797790527,21.255965851139788,0.6383489118674089
relu,0.75,128,128,4,128,512,32000,0,A,6.652005672454834,1.311407208442688,35.86845016479492,0.9999999999999997,11.614295442065156
relu,0.75,128,128,4,128,512,32000,0,B,6.626204013824463,0.3148518204689026,38.10811233520508,0.262391585995511,9.877477589075088
relu,0.75,128,128,4,128,512,32000,0,C,6.606545925140381,42.53179931640625,22.56228256225586,42.53180932390195,1.8645977556371611
relu,0.75,128,128,4,128,512,32000,1,A,6.685523986816406,1.2092325687408447,42.208553314208984,1.0,42.39267396583917
relu,0.75,128,128,4,128,512,32000,1,B,6.655951976776123,0.2529740333557129,33.448299407958984,0.25685728744978337,7.943353632390333
relu,0.75,128,128,4,128,512,32000,1,C,6.616078853607178,42.465763092041016,30.58909034729004,42.465759183637,1.6289277595784855
relu,0.5,256,256,4,512,2048,128000,0,A,7.154847621917725,1.0461827516555786,74.1630859375,0.9999999999999996,40.682017362062595
relu,0.5,256,256,4,512,2048,128000,0,B,6.805306911468506,0.7588387131690979,65.06964874267578,0.12686844687997645,2.6911744998523353
relu,0.5,256,256,4,512,2048,128000,0,C,6.724786758422852,85.21365356445312,69.28178405761719,85.21362558226136,9.199203034864928
relu,0.75,128,128,4,128,512,32000,2,A,6.626258850097656,1.3409161567687988,42.23738479614258,0.9999999999999997,42.40616388313466
relu,0.75,128,128,4,128,512,32000,2,B,6.594171047210693,0.22612306475639343,35.45238494873047,0.2599329024001405,3.5664052549091463
relu,0.75,128,128,4,128,512,32000,2,C,6.558887004852295,42.50075912475586,26.339696884155273,42.500772819933516,1.1299123449916617
relu,0.75,128,128,4,128,512,32000,3,A,6.66181755065918,1.3607614040374756,35.56578826904297,0.999999999999999,13.887094937282212
relu,0.75,128,128,4,128,512,32000,3,B,6.626870155334473,0.18135234713554382,39.2530403137207,0.2591219377679101,14.288018882624625
relu,0.75,128,128,4,128,512,32000,3,C,6.609563827514648,42.507843017578125,22.12715721130371,42.50784810462372,1.8459542483747298
relu,0.75,128,128,4,128,512,32000,4,A,6.60875940322876,1.3297016620635986,37.139251708984375,1.0000000000000007,13.857650971254177
relu,0.75,128,128,4,128,512,32000,4,B,6.5896897315979,0.20004397630691528,27.26748275756836,0.2571640294709831,7.366914879975377
relu,0.75,128,128,4,128,512,32000,4,C,6.556300640106201,42.49421310424805,34.803951263427734,42.494222288113434,4.48298302077433
relu,0.75,256,256,4,128,512,32000,0,A,7.030505180358887,2.144613265991211,55.3081169128418,0.9999999999999996,31.120206137305477
relu,0.75,256,256,4,128,512,32000,0,B,6.655134677886963,0.32945019006729126,75.48591613769531,0.4946894766727062,23.187740354244013
relu,0.75,256,256,4,128,512,32000,0,C,6.601627826690674,85.04363250732422,68.24127960205078,85.04362981432448,3.093932203383406
relu,0.75,256,256,4,128,512,32000,1,A,7.029217720031738,1.7418370246887207,56.650901794433594,0.9999999999999996,42.31917919605041
relu,0.75,256,256,4,128,512,32000,1,B,6.6712188720703125,0.19646094739437103,74.02849578857422,0.496955298015266,21.421475372420232
relu,0.75,256,256,4,128,512,32000,1,C,6.659697532653809,84.93811798095703,48.57533264160156,84.93813253916252,2.603501653718838
relu,0.75,256,256,4,128,512,32000,2,A,6.979308605194092,1.5069775581359863,85.02417755126953,1.0000000000000002,85.0241781637178
relu,0.75,256,256,4,128,512,32000,2,B,6.621294021606445,0.2949405014514923,74.85321044921875,0.4884933029462255,24.48968471930485
relu,0.75,256,256,4,128,512,32000,2,C,6.556764602661133,85.03102111816406,77.53540802001953,85.03099668078309,9.278582191534825
relu,0.75,256,256,4,128,512,32000,3,A,7.077949047088623,1.6845766305923462,8.204215049743652,0.9999999999999998,37.41816838471372
relu,0.75,256,256,4,128,512,32000,3,B,6.661669731140137,0.392509400844574,76.68880462646484,0.49053449035100466,21.00077152923053
relu,0.75,256,256,4,128,512,32000,3,C,6.606234073638916,85.00222778320312,37.70540237426758,85.00222462459338,4.69054428262282
relu,0.75,256,256,4,128,512,32000,4,A,6.788156509399414,1.6388049125671387,84.57027435302734,1.0000000000000004,36.94248066000701
relu,0.75,256,256,4,128,512,32000,4,B,6.625340461730957,0.3275608420372009,71.12932586669922,0.4910582259616837,26.87942862272829
relu,0.75,256,256,4,128,512,32000,4,C,6.563272953033447,84.93387603759766,45.223201751708984,84.9338615909865,2.618463178114706
relu,0.5,256,256,4,512,2048,128000,1,A,7.133092880249023,1.1280213594436646,82.3882827758789,1.0000000000000002,42.230269458817794
relu,0.5,256,256,4,512,2048,128000,1,B,6.809499740600586,1.1964223384857178,67.69207763671875,0.12678266686859188,20.131502605244265
relu,0.5,256,256,4,512,2048,128000,1,C,6.708513259887695,85.2423324584961,51.463356018066406,85.2422933976069,9.957704711549551
relu,0.5,256,256,4,512,2048,128000,2,A,7.34002685546875,1.3036974668502808,7.792573928833008,0.9999999999999996,37.27849633411902
relu,0.5,256,256,4,512,2048,128000,2,B,6.784553527832031,0.8022028207778931,64.51805114746094,0.126602328582494,14.454327352487358
relu,0.5,256,256,4,512,2048,128000,2,C,6.698016166687012,85.21424865722656,59.92487335205078,85.21424462853699,9.382661531154962
relu,0.5,256,256,4,512,2048,128000,3,A,7.091418266296387,1.520601749420166,85.25301361083984,1.0000000000000002,17.71606295981342
relu,0.5,256,256,4,512,2048,128000,3,B,6.789433479309082,0.44182348251342773,65.1651840209961,0.1270444295182758,7.785324987168667
relu,0.5,256,256,4,512,2048,128000,3,C,6.693143367767334,85.2110595703125,66.94551086425781,85.21105381829709,10.967706313108193
relu,0.5,256,256,4,512,2048,128000,4,A,7.220651626586914,2.6039445400238037,37.9504508972168,0.9999999999999997,32.08583868685379
relu,0.5,256,256,4,512,2048,128000,4,B,6.80358362197876,0.5852162837982178,64.35204315185547,0.12661557897184877,16.74684901690802
relu,0.5,256,256,4,512,2048,128000,4,C,6.680259704589844,85.23738098144531,44.25300979614258,85.23741610162465,4.559600173823809
relu,0.75,16,16,4,512,2048,128000,0,A,6.615304470062256,1.3126307725906372,4.643654823303223,0.23978102760139675,1.1657271726519502
relu,0.75,16,16,4,512,2048,128000,0,B,6.600285530090332,0.7552862167358398,3.4116523265838623,0.010050989975265536,0.762991385424235
relu,0.75,16,16,4,512,2048,128000,0,C,6.591951370239258,5.327830791473389,3.535337209701538,5.327830864395639,0.3001743483602529
relu,0.75,16,16,4,512,2048,128000,1,A,6.639922142028809,1.122450828552246,4.757823944091797,0.2528060973793664,2.002086329331734
relu,0.75,16,16,4,512,2048,128000,1,B,6.608541965484619,0.380967915058136,3.5709457397460938,0.01019902430505201,0.6041420500817496
relu,0.75,16,16,4,512,2048,128000,1,C,6.598859786987305,5.328485012054443,4.069217681884766,5.328484060513497,0.6248447241583901
relu,0.75,16,16,4,512,2048,128000,2,A,6.606578826904297,1.065142035484314,4.725813865661621,0.27508476419286276,1.879251070632905
relu,0.75,16,16,4,512,2048,128000,2,B,6.598936080932617,0.9758337736129761,4.268834590911865,0.009992901716323367,0.9529408946014561
relu,0.75,16,16,4,512,2048,128000,2,C,6.59844970703125,5.328519821166992,3.161975622177124,5.328519129739256,0.3366538094661799
relu,1.0,16,16,4,8,32,2000,0,A,6.665799617767334,1.4680970907211304,2.7806036472320557,0.8104731716248782,0.8352836586716942
relu,1.0,16,16,4,8,32,2000,0,B,6.664203643798828,0.6640516519546509,2.623307943344116,0.4258492239106482,0.551331212599524
relu,1.0,16,16,4,8,32,2000,0,C,6.662932872772217,5.17603063583374,3.0042717456817627,5.1760310512917025,0.6813817309163706
relu,1.0,16,16,4,8,32,2000,1,A,6.58871603012085,1.6805340051651,3.0376386642456055,0.8030981203158488,0.8618034815255404
relu,1.0,16,16,4,8,32,2000,1,B,6.577382564544678,1.0880064964294434,2.9408390522003174,0.37321138213738003,0.8011547385339733
relu,1.0,16,16,4,8,32,2000,1,C,6.582067012786865,5.135581016540527,3.9148590564727783,5.135581755258101,0.7053307575011539
relu,0.75,16,16,4,512,2048,128000,3,A,6.6078596115112305,1.1062297821044922,4.860283374786377,0.23524033756870708,1.671152268344668
relu,0.75,16,16,4,512,2048,128000,3,B,6.58607292175293,0.5365760922431946,3.4127461910247803,0.00934461920817154,0.36178436309558826
relu,0.75,16,16,4,512,2048,128000,3,C,6.591014862060547,5.328883647918701,4.131687641143799,5.328882861113598,0.6894349908201579
relu,1.0,16,16,4,8,32,2000,2,A,6.402801990509033,2.022352933883667,2.9444081783294678,0.7347575780197811,0.7799706939229925
relu,1.0,16,16,4,8,32,2000,2,B,6.399520397186279,1.4473519325256348,2.8809502124786377,0.4732707474159412,0.5789993098037245
relu,1.0,16,16,4,8,32,2000,2,C,6.403253078460693,5.1498847007751465,3.012650966644287,5.14988497398316,0.5050427578328485
relu,1.0,16,16,4,8,32,2000,3,A,6.542643070220947,1.7126206159591675,2.6397664546966553,0.7307980526791604,0.7237020524931652
relu,1.0,16,16,4,8,32,2000,3,B,6.527792930603027,0.6833457946777344,2.469884157180786,0.4650253190344094,0.4829131749975351
relu,1.0,16,16,4,8,32,2000,3,C,6.537473201751709,5.153425693511963,3.8199265003204346,5.153426028722503,0.6490798746377549
relu,0.75,16,16,4,512,2048,128000,4,A,6.602311611175537,1.106921911239624,4.788917541503906,0.24276455251701545,1.8492718954477323
relu,0.75,16,16,4,512,2048,128000,4,B,6.590065956115723,0.772964358329773,2.8029890060424805,0.009005410515169242,0.5575353074224663
relu,0.75,16,16,4,512,2048,128000,4,C,6.581203460693359,5.3281965255737305,3.513421058654785,5.3281965516192065,0.3481086968383942
relu,1.0,16,16,4,8,32,2000,4,A,6.6230058670043945,1.59612238407135,2.4592761993408203,0.7669170150546563,0.7092462748200995
relu,1.0,16,16,4,8,32,2000,4,B,6.610577583312988,0.49145880341529846,2.6063525676727295,0.43165885732715364,0.5296656345466136
relu,1.0,16,16,4,8,32,2000,4,C,6.613071918487549,5.195528984069824,3.7965571880340576,5.1955293635432485,0.6334599068424147
relu,1.0,64,64,4,8,32,2000,0,A,6.671755790710449,3.912757158279419,9.24663257598877,0.8544137142760829,0.8090955942816843
relu,1.0,64,64,4,8,32,2000,0,B,6.689492225646973,0.9534161686897278,6.820330619812012,0.6516005898870169,0.5816267495728176
relu,1.0,64,64,4,8,32,2000,0,C,6.676804065704346,20.526409149169922,10.12509822845459,20.526406829661685,0.5977680447918362
relu,1.0,64,64,4,8,32,2000,1,A,6.605762481689453,6.011472702026367,12.133057594299316,0.9108130589130223,1.0960080723727805
relu,1.0,64,64,4,8,32,2000,1,B,6.598392963409424,1.673287272453308,9.310563087463379,0.628028947730129,0.6711647980716169
relu,1.0,64,64,4,8,32,2000,1,C,6.598525047302246,20.37663459777832,13.456433296203613,20.37663326949425,0.6359838106244902
relu,1.0,64,64,4,8,32,2000,2,A,6.422867298126221,4.334668159484863,8.807088851928711,0.8777438254423764,0.8256836206892003
relu,1.0,64,64,4,8,32,2000,2,B,6.425734996795654,1.287824273109436,7.761725902557373,0.6462428422214082,0.42456678378117085
relu,1.0,64,64,4,8,32,2000,2,C,6.412469863891602,20.62368392944336,12.022136688232422,20.6236855284602,0.5697996206406631
relu,1.0,64,64,4,8,32,2000,3,A,6.554928779602051,3.665050983428955,10.34847640991211,0.8754455563834838,0.861943214821776
relu,1.0,64,64,4,8,32,2000,3,B,6.542942047119141,1.2009857892990112,7.469545364379883,0.6534664042100065,0.5437130254149969
relu,1.0,64,64,4,8,32,2000,3,C,6.541236400604248,20.3532772064209,11.948981285095215,20.353277200021395,0.8179880382797698
relu,1.0,64,64,4,8,32,2000,4,A,6.639862060546875,3.888949155807495,7.5728888511657715,0.8245179176012327,0.8170520635407791
relu,1.0,64,64,4,8,32,2000,4,B,6.646390438079834,0.9632702469825745,5.200789451599121,0.6615910742629707,0.5791234643096805
relu,1.0,64,64,4,8,32,2000,4,C,6.643360137939453,20.505067825317383,11.004634857177734,20.505068162304095,0.8110880290434668
relu,1.0,128,128,4,8,32,2000,0,A,6.70729923248291,7.910703182220459,19.692018508911133,0.9057931060816792,2.679405129911286
relu,1.0,128,128,4,8,32,2000,0,B,6.696239471435547,1.5987900495529175,20.843318939208984,0.663511272416528,1.0016966452873834
relu,1.0,128,128,4,8,32,2000,0,C,6.692223072052002,41.00577163696289,20.70937156677246,41.00576317478479,0.5893755650863919
relu,1.0,128,128,4,8,32,2000,1,A,6.613533020019531,8.461278915405273,21.39603614807129,0.9083501723796138,1.869583657178817
relu,1.0,128,128,4,8,32,2000,1,B,6.611985206604004,3.0089521408081055,20.869972229003906,0.717892894125806,1.2981658342411941
relu,1.0,128,128,4,8,32,2000,1,C,6.6203203201293945,40.83271408081055,23.22293472290039,40.83271450732149,1.3215384597295181
relu,1.0,128,128,4,8,32,2000,2,A,6.437747955322266,6.995796203613281,22.0305118560791,0.8779002507340041,1.0789364709617029
relu,1.0,128,128,4,8,32,2000,2,B,6.421396255493164,2.1997663974761963,14.279789924621582,0.6970673959131096,0.5815997269655078
relu,1.0,128,128,4,8,32,2000,2,C,6.430817127227783,41.198238372802734,26.301801681518555,41.198235325360415,0.8126067026985678
relu,1.0,128,128,4,8,32,2000,3,A,6.554027557373047,7.274154186248779,25.2840518951416,0.8734991314820243,2.2783458545783315
relu,1.0,128,128,4,8,32,2000,3,B,6.54732608795166,1.8791277408599854,14.042678833007812,0.6823029177632532,0.6184396902105873
relu,1.0,128,128,4,8,32,2000,3,C,6.5535078048706055,40.246822357177734,27.733386993408203,40.24682695019538,0.704580262930637
relu,1.0,128,128,4,8,32,2000,4,A,6.649230480194092,5.792064666748047,18.422996520996094,0.8492445879113694,1.195460378913645
relu,1.0,128,128,4,8,32,2000,4,B,6.66838264465332,1.6867650747299194,10.978378295898438,0.6620935644753171,0.6393038911914257
relu,1.0,128,128,4,8,32,2000,4,C,6.631466388702393,41.10379409790039,26.988508224487305,41.10379038946639,0.7177665424553576
relu,1.0,256,256,4,8,32,2000,0,A,6.70644474029541,10.690430641174316,40.56212615966797,0.8771228963900285,5.154968705367434
relu,1.0,256,256,4,8,32,2000,0,B,6.734915256500244,3.397160768508911,27.705347061157227,0.8007027685299017,1.0612962883147972
relu,1.0,256,256,4,8,32,2000,0,C,6.685766220092773,81.54889678955078,49.836116790771484,81.54891561055071,1.1197651732950267
relu,1.0,256,256,4,8,32,2000,1,A,6.637423992156982,11.694843292236328,47.0713996887207,0.9057307018059599,2.9463583228126766
relu,1.0,256,256,4,8,32,2000,1,B,6.637075424194336,3.4664244651794434,35.95729446411133,0.7175694719269982,1.2192853559825656
relu,1.0,256,256,4,8,32,2000,1,C,6.603131294250488,82.14952850341797,50.11083984375,82.14955763828931,0.9915659839857858
relu,1.0,256,256,4,8,32,2000,2,A,6.442869186401367,12.95832633972168,53.32594299316406,0.8796390289275341,2.9422765625397314
relu,1.0,256,256,4,8,32,2000,2,B,6.4502668380737305,4.646152973175049,43.33131790161133,0.7545794698981864,1.16903017415843
relu,1.0,256,256,4,8,32,2000,2,C,6.417511940002441,82.58843994140625,53.28680419921875,82.58843715222704,1.5251457779182365
relu,0.75,64,64,4,512,2048,128000,0,A,6.657305717468262,1.1273140907287598,18.629261016845703,0.8935414725620644,6.0302934521059735
relu,0.75,64,64,4,512,2048,128000,0,B,6.625563621520996,2.4185972213745117,18.474205017089844,0.033010595661812255,6.251134732049178
relu,0.75,64,64,4,512,2048,128000,0,C,6.5911102294921875,21.30808448791504,19.273025512695312,21.30808468600412,2.437906382907684
relu,1.0,256,256,4,8,32,2000,3,A,6.56574821472168,10.95486831665039,47.297943115234375,0.8739802649240308,1.9705982965802975
relu,1.0,256,256,4,8,32,2000,3,B,6.576915740966797,3.3442978858947754,39.01725769042969,0.7461219786138699,1.9210711010978245
relu,1.0,256,256,4,8,32,2000,3,C,6.552571773529053,81.7018051147461,50.953617095947266,81.70181009566669,1.133076992387344
relu,1.0,256,256,4,8,32,2000,4,A,6.653812408447266,10.747056007385254,46.750675201416016,0.831436967806482,1.911418587846475
relu,1.0,256,256,4,8,32,2000,4,B,6.640494346618652,3.536573886871338,23.837358474731445,0.7448987088201056,1.1019466937255311
relu,1.0,256,256,4,8,32,2000,4,C,6.625504493713379,82.61160278320312,48.10346221923828,82.61161579076364,0.7911186661862118
relu,1.0,16,16,4,32,128,8000,0,A,6.632872104644775,1.2245945930480957,2.5566725730895996,0.8437949397125019,0.7812074884902809
relu,1.0,16,16,4,32,128,8000,0,B,6.636417865753174,0.2133673131465912,1.717118740081787,0.15716689224362956,0.2342196185444121
relu,1.0,16,16,4,32,128,8000,0,C,6.6343560218811035,5.265336036682129,3.3774807453155518,5.265337376261903,0.40027295573721067
relu,0.75,64,64,4,512,2048,128000,1,A,6.680113792419434,1.1402894258499146,17.925756454467773,0.9016177432448681,6.8041017277294795
relu,0.75,64,64,4,512,2048,128000,1,B,6.634772300720215,2.1152164936065674,19.440475463867188,0.03265685053934188,4.475938320232488
relu,0.75,64,64,4,512,2048,128000,1,C,6.612140655517578,21.309473037719727,14.799670219421387,21.309467475895175,1.335755833011106
relu,1.0,16,16,4,32,128,8000,1,A,6.504483222961426,1.3456813097000122,3.4241249561309814,0.8568095506703944,0.6178953699666414
relu,1.0,16,16,4,32,128,8000,1,B,6.504598617553711,0.24746949970722198,2.913818597793579,0.17089327666121154,0.2600735428877098
relu,1.0,16,16,4,32,128,8000,1,C,6.491613864898682,5.259378910064697,2.9977364540100098,5.259378298233642,0.4616996629445233
relu,1.0,16,16,4,32,128,8000,2,A,6.492521286010742,1.2490571737289429,3.297522783279419,0.739127014386332,0.5707667269251422
relu,1.0,16,16,4,32,128,8000,2,B,6.484243392944336,0.29705357551574707,2.5623464584350586,0.17796961008153533,0.38269921210891494
relu,1.0,16,16,4,32,128,8000,2,C,6.487107276916504,5.2666425704956055,2.8951125144958496,5.2666424076945235,0.31665180545868704
relu,1.0,16,16,4,32,128,8000,3,A,6.572315216064453,1.1787011623382568,2.4364840984344482,0.8277227033889096,0.4873085452673795
relu,1.0,16,16,4,32,128,8000,3,B,6.570969581604004,0.22504188120365143,2.4110045433044434,0.16243159212860175,0.281105762889737
relu,1.0,16,16,4,32,128,8000,3,C,6.563637733459473,5.242313385009766,4.187601089477539,5.242313937121071,0.6110274443839845
relu,0.75,64,64,4,512,2048,128000,2,A,6.660981178283691,1.0043796300888062,18.264205932617188,0.9050154341676961,6.375660529293906
relu,0.75,64,64,4,512,2048,128000,2,B,6.62803316116333,1.2035399675369263,18.731433868408203,0.0326309651953833,5.570130039854563
relu,0.75,64,64,4,512,2048,128000,2,C,6.577392578125,21.30571746826172,13.920509338378906,21.305715935579144,0.97559593359785
relu,0.75,64,64,4,512,2048,128000,3,A,6.645471572875977,1.002279281616211,18.885541915893555,0.9147763519313409,6.480885382317172
relu,0.75,64,64,4,512,2048,128000,3,B,6.626961708068848,1.5423585176467896,18.436565399169922,0.03269191149458521,6.606499809287934
relu,0.75,64,64,4,512,2048,128000,3,C,6.591619968414307,21.312145233154297,16.764171600341797,21.312145236727428,2.391311209545345
relu,1.0,16,16,4,32,128,8000,4,A,6.522904396057129,1.1482951641082764,3.079063653945923,0.7919624108318574,0.4670143174980343
relu,1.0,16,16,4,32,128,8000,4,B,6.523344039916992,0.14499519765377045,2.2510931491851807,0.17251163065231417,0.27762976846677095
relu,1.0,16,16,4,32,128,8000,4,C,6.518520832061768,5.256016731262207,2.8147737979888916,5.256016301558025,0.39345913666355375
relu,1.0,64,64,4,32,128,8000,0,A,6.648301124572754,2.079160690307617,12.422619819641113,1.0000000000000004,1.3094783565832602
relu,1.0,64,64,4,32,128,8000,0,B,6.664576530456543,0.3907155394554138,10.701103210449219,0.472814716019979,0.7091638687998597
relu,1.0,64,64,4,32,128,8000,0,C,6.642498016357422,21.056411743164062,11.062487602233887,21.05640960715969,0.531326048473944
relu,1.0,64,64,4,32,128,8000,1,A,6.520973205566406,2.385834217071533,13.909917831420898,1.0,2.3256317482757267
relu,1.0,64,64,4,32,128,8000,1,B,6.522817134857178,0.3917924761772156,9.945271492004395,0.46606612242629547,0.6700597956215297
relu,1.0,64,64,4,32,128,8000,1,C,6.493929386138916,20.966888427734375,12.092885971069336,20.966889477532476,0.4114089434909445
relu,1.0,64,64,4,32,128,8000,2,A,6.516269683837891,2.629099130630493,15.779942512512207,1.0000000000000004,2.5556834941987403
relu,1.0,64,64,4,32,128,8000,2,B,6.493274211883545,0.37640655040740967,10.232694625854492,0.47626772662071454,0.6812231684778733
relu,1.0,64,64,4,32,128,8000,2,C,6.491499423980713,21.01758575439453,13.194188117980957,21.017586490091308,0.41854235306354354
relu,1.0,64,64,4,32,128,8000,3,A,6.592799663543701,2.808725118637085,14.642074584960938,1.0,2.490120730638622
relu,1.0,64,64,4,32,128,8000,3,B,6.598397254943848,0.35684382915496826,10.205201148986816,0.4711931258118235,0.665046665955118
relu,1.0,64,64,4,32,128,8000,3,C,6.573227882385254,20.97994041442871,10.381254196166992,20.97993692796528,0.5540974575432672
relu,0.75,64,64,4,512,2048,128000,4,A,6.659852027893066,1.0526466369628906,21.283781051635742,1.0000000000000002,21.30038204031411
relu,0.75,64,64,4,512,2048,128000,4,B,6.626368999481201,2.552823543548584,17.437969207763672,0.033103311340978867,1.9385971305621414
relu,0.75,64,64,4,512,2048,128000,4,C,6.582326889038086,21.30990982055664,12.746819496154785,21.309913475576337,0.9565542618168204
relu,1.0,64,64,4,32,128,8000,4,A,6.541556358337402,2.3480091094970703,13.176087379455566,0.9999999999999994,1.8826955739380846
relu,1.0,64,64,4,32,128,8000,4,B,6.5442891120910645,0.36476895213127136,11.387039184570312,0.4913990393697796,1.0123228819087458
relu,1.0,64,64,4,32,128,8000,4,C,6.528843402862549,20.994239807128906,12.242720603942871,20.994241712730105,0.410276783893031
relu,1.0,128,128,4,32,128,8000,0,A,6.655246734619141,4.180492401123047,34.81368637084961,0.9999999999999998,9.073560761371919
relu,1.0,128,128,4,32,128,8000,0,B,6.667008876800537,0.4865528345108032,19.473974227905273,0.6028017122320932,2.542820140108809
relu,1.0,128,128,4,32,128,8000,0,C,6.6349687576293945,42.13480758666992,27.969722747802734,42.13481182911229,0.7916960303980308
relu,1.0,128,128,4,32,128,8000,1,A,6.5213422775268555,3.7901456356048584,29.713661193847656,0.9999999999999997,8.317318114644461
relu,1.0,128,128,4,32,128,8000,1,B,6.529685020446777,1.3699994087219238,19.017475128173828,0.6205748448654232,1.8790558638606976
relu,1.0,128,128,4,32,128,8000,1,C,6.5099592208862305,41.99470520019531,24.732969284057617,41.994699092584696,0.5591630381071601
relu,1.0,128,128,4,32,128,8000,2,A,6.521462440490723,3.3122854232788086,27.241636276245117,0.9569761509471131,3.742642209011536
relu,1.0,128,128,4,32,128,8000,2,B,6.50148344039917,1.022969365119934,29.067577362060547,0.6451942996671811,3.2963708120527713
relu,1.0,128,128,4,32,128,8000,2,C,6.493356704711914,42.06204605102539,24.193052291870117,42.06204128218146,0.5987228884646041
relu,1.0,128,128,4,32,128,8000,3,A,6.602396011352539,4.111260414123535,35.98040008544922,1.0000000000000002,6.900789237933116
relu,1.0,128,128,4,32,128,8000,3,B,6.593988418579102,0.6854149103164673,16.729433059692383,0.620633102477428,1.5106256843264598
relu,1.0,128,128,4,32,128,8000,3,C,6.5724334716796875,41.8798828125,26.59803009033203,41.87988153677788,0.6389489016670435
relu,1.0,128,128,4,32,128,8000,4,A,6.568207740783691,3.7390897274017334,26.804075241088867,0.9999999999999991,4.0101371370973276
relu,1.0,128,128,4,32,128,8000,4,B,6.546931266784668,0.4728667736053467,20.936084747314453,0.5910554273493197,1.5340254612702384
relu,1.0,128,128,4,32,128,8000,4,C,6.550172328948975,41.87289810180664,22.35714340209961,41.87290600132648,0.5605805905156886
relu,1.0,256,256,4,32,128,8000,0,A,6.810824871063232,4.677542686462402,82.6914291381836,0.9999999999999996,73.89844087076662
relu,1.0,256,256,4,32,128,8000,0,B,6.656728744506836,0.5574077367782593,60.823883056640625,0.7929498954221272,18.518030137749747
relu,1.0,256,256,4,32,128,8000,0,C,6.659942626953125,84.16261291503906,38.7894287109375,84.16259441715046,1.1669697925926543
relu,1.0,256,256,4,32,128,8000,1,A,6.563249588012695,6.3949809074401855,36.42717742919922,0.999999999999999,21.846133294758953
relu,1.0,256,256,4,32,128,8000,1,B,6.5232696533203125,1.0223515033721924,50.970298767089844,0.7146005999835909,6.718566455788679
relu,1.0,256,256,4,32,128,8000,1,C,6.512221336364746,83.9569320678711,49.20244598388672,83.95694552526787,1.0833069507123843
relu,1.0,256,256,4,32,128,8000,2,A,6.527496814727783,5.523703575134277,81.382568359375,1.0000000000000002,82.13789773989038
relu,1.0,256,256,4,32,128,8000,2,B,6.51924467086792,1.3301796913146973,54.15529251098633,0.724621935008901,4.9647178636192795
relu,1.0,256,256,4,32,128,8000,2,C,6.491362571716309,84.0772476196289,55.035911560058594,84.07725858783049,1.7606033088437762
relu,1.0,256,256,4,32,128,8000,3,A,6.674164295196533,4.70198917388916,67.45630645751953,1.0,48.99197237156999
relu,1.0,256,256,4,32,128,8000,3,B,6.6004862785339355,0.8263463377952576,46.08616638183594,0.7186352064316126,7.363658867349821
relu,1.0,256,256,4,32,128,8000,3,C,6.608931541442871,83.60460662841797,58.0632438659668,83.60465913200007,0.9481656475524515
relu,0.75,128,128,4,512,2048,128000,0,A,6.931738376617432,1.055026650428772,30.706127166748047,0.9999999999999999,8.712289038993644
relu,0.75,128,128,4,512,2048,128000,0,B,6.657463073730469,0.6549134254455566,36.35970687866211,0.06403876337918435,10.815126994044597
relu,0.75,128,128,4,512,2048,128000,0,C,6.596656322479248,42.61494827270508,30.4586181640625,42.61494566792113,2.9647261425941456
relu,1.0,256,256,4,32,128,8000,4,A,6.64306116104126,5.289087295532227,31.330467224121094,1.0000000000000004,25.732799835263332
relu,1.0,256,256,4,32,128,8000,4,B,6.570687294006348,0.8873654007911682,53.49384307861328,0.7737511747600878,8.746575214854957
relu,1.0,256,256,4,32,128,8000,4,C,6.5504150390625,83.66590118408203,53.8263053894043,83.66590071791994,1.460781016548408
relu,0.75,128,128,4,512,2048,128000,1,A,6.8335418701171875,1.012750506401062,42.56283187866211,1.0000000000000002,7.247949803983779
relu,0.75,128,128,4,512,2048,128000,1,B,6.671989440917969,2.3333895206451416,38.011749267578125,0.06457377796371201,12.41936496232036
relu,0.75,128,128,4,512,2048,128000,1,C,6.609027862548828,42.62154769897461,36.464420318603516,42.6215524572844,5.609417952116948
relu,0.75,128,128,4,512,2048,128000,2,A,6.852270603179932,1.0957653522491455,39.01190948486328,0.9999999999999997,14.774106559839336
relu,0.75,128,128,4,512,2048,128000,2,B,6.6466522216796875,1.0822967290878296,36.36638641357422,0.06495431379417323,9.381251332961495
relu,0.75,128,128,4,512,2048,128000,2,C,6.591340065002441,42.61613082885742,25.18914031982422,42.616129703575076,2.3823222288524257
relu,0.75,128,128,4,512,2048,128000,3,A,7.0282883644104,1.8764046430587769,41.30026626586914,1.0,23.695441133922717
relu,0.75,128,128,4,512,2048,128000,3,B,6.648443698883057,1.8054908514022827,35.1717643737793,0.0647367002071781,14.509070644724073
relu,0.75,128,128,4,512,2048,128000,3,C,6.584104537963867,42.62400817871094,34.925865173339844,42.62402616319371,5.298610458334473
relu,0.75,128,128,4,512,2048,128000,4,A,6.8418731689453125,1.033798098564148,41.81672286987305,0.9999999999999992,7.93895031487144
relu,0.75,128,128,4,512,2048,128000,4,B,6.653337001800537,1.570380449295044,36.348350524902344,0.06457879606788783,11.01072924517776
relu,0.75,128,128,4,512,2048,128000,4,C,6.585460662841797,42.61625671386719,28.412628173828125,42.6162756906555,3.191215174611066
relu,1.0,16,16,4,128,512,32000,1,A,6.55940055847168,1.046556830406189,2.478947877883911,0.37647118255810336,0.7465483182321884
relu,1.0,16,16,4,128,512,32000,1,B,6.563100814819336,0.08526796102523804,2.488101005554199,0.04109464216529923,0.4733820244550113
relu,1.0,16,16,4,128,512,32000,1,C,6.54347562789917,5.316965103149414,3.2182116508483887,5.316964778962483,0.3118195363328689
relu,1.0,16,16,4,128,512,32000,2,A,6.4943695068359375,1.2012757062911987,4.095757961273193,0.399505336018648,1.134997157832684
relu,1.0,16,16,4,128,512,32000,2,B,6.473167419433594,0.033076558262109756,2.7094380855560303,0.03834142534024518,0.7982694333032586
relu,1.0,16,16,4,128,512,32000,2,C,6.484647274017334,5.316992282867432,4.459350109100342,5.316992236223444,0.5580495632250408
relu,1.0,16,16,4,128,512,32000,0,A,6.531044960021973,1.1433390378952026,4.628227710723877,0.3739622641423906,1.0685715431002538
relu,1.0,16,16,4,128,512,32000,0,B,6.525873184204102,0.09458465874195099,2.88991117477417,0.03743829536778135,0.6587003869343353
relu,1.0,16,16,4,128,512,32000,0,C,6.524885654449463,5.320492267608643,4.306069850921631,5.320492115928487,0.20317109903682998
relu,1.0,16,16,4,128,512,32000,3,A,6.530470848083496,1.5162017345428467,5.032194137573242,0.4037197635561712,1.9245579375413755
relu,1.0,16,16,4,128,512,32000,3,B,6.518399238586426,0.08509813249111176,1.8951226472854614,0.04020740857714997,0.7181370262811695
relu,1.0,16,16,4,128,512,32000,3,C,6.521543502807617,5.314882278442383,4.024587631225586,5.314882451715967,0.590684858083398
relu,1.0,16,16,4,128,512,32000,4,A,6.48867130279541,1.216842532157898,3.5842223167419434,0.3793031960004967,1.1293622979024847
relu,1.0,16,16,4,128,512,32000,4,B,6.474093914031982,0.06956840306520462,2.881948471069336,0.03882586119918191,0.3636806607585809
relu,1.0,16,16,4,128,512,32000,4,C,6.470541477203369,5.314606189727783,2.6558289527893066,5.314606213269056,0.2004659742633901
relu,1.0,64,64,4,128,512,32000,0,A,6.562008380889893,1.2632012367248535,18.986467361450195,0.9999999999999996,7.902723491443034
relu,1.0,64,64,4,128,512,32000,0,B,6.542572498321533,0.2202625423669815,14.151394844055176,0.13544326913695307,2.511519457818995
relu,1.0,64,64,4,128,512,32000,0,C,6.531869411468506,21.258474349975586,11.692695617675781,21.25847438325928,0.7694255072210986
relu,1.0,64,64,4,128,512,32000,1,A,6.587554931640625,1.4622982740402222,18.896364212036133,0.9999999999999999,8.164184302785694
relu,1.0,64,64,4,128,512,32000,1,B,6.566089153289795,0.12884774804115295,15.470810890197754,0.13321568179204224,4.067596368204626
relu,1.0,64,64,4,128,512,32000,1,C,6.547478675842285,21.259925842285156,13.960965156555176,21.259926450510527,0.6461710176646438
relu,1.0,64,64,4,128,512,32000,2,A,6.525843620300293,1.312263011932373,18.78072166442871,0.9999999999999999,7.402277274836225
relu,1.0,64,64,4,128,512,32000,2,B,6.497439384460449,0.23676635324954987,18.562807083129883,0.13101782498000564,5.916029655944168
relu,1.0,64,64,4,128,512,32000,2,C,6.477952003479004,21.25373649597168,8.866960525512695,21.25373304427713,0.6134390636416606
relu,1.0,64,64,4,128,512,32000,3,A,6.568320274353027,1.2028193473815918,19.330955505371094,0.9999999999999999,7.538870446747207
relu,1.0,64,64,4,128,512,32000,3,B,6.549686431884766,0.12458159774541855,13.988052368164062,0.1333761670292612,2.099606192477019
relu,1.0,64,64,4,128,512,32000,3,C,6.546587944030762,21.26167106628418,13.204611778259277,21.26166891805179,0.9466714938958198
relu,1.0,64,64,4,128,512,32000,4,A,6.518679141998291,1.337913155555725,15.0267915725708,0.9999999999999997,5.218103693040125
relu,1.0,64,64,4,128,512,32000,4,B,6.493600368499756,0.1991146355867386,18.850040435791016,0.13275454466828462,7.695465661267296
relu,1.0,64,64,4,128,512,32000,4,C,6.487709045410156,21.2508602142334,14.24337100982666,21.250860191135963,0.6882004157654612
relu,1.0,128,128,4,128,512,32000,0,A,6.596035003662109,1.3363064527511597,36.73284912109375,0.9999999999999998,12.870207286998168
relu,1.0,128,128,4,128,512,32000,0,B,6.5565290451049805,0.1987619251012802,36.7927131652832,0.25591375570881014,12.64884874335137
relu,1.0,128,128,4,128,512,32000,0,C,6.529394149780273,42.52460479736328,21.51016616821289,42.52460988225975,1.9549308548016073
relu,1.0,128,128,4,128,512,32000,1,A,6.605891704559326,1.558957576751709,36.15310287475586,1.0000000000000002,15.377510460908375
relu,1.0,128,128,4,128,512,32000,1,B,6.593958854675293,0.2602008879184723,36.15979766845703,0.2644104769825733,8.782490669217367
relu,1.0,128,128,4,128,512,32000,1,C,6.541208267211914,42.49021911621094,32.64323806762695,42.4902033822432,4.509955310801234
relu,0.75,256,256,4,512,2048,128000,0,A,7.262357711791992,1.0351582765579224,3.104731798171997,1.0000000000000007,19.659373822862133
relu,0.75,256,256,4,512,2048,128000,0,B,6.704836845397949,1.7757925987243652,68.90837097167969,0.1274539410000128,23.869101655513738
relu,0.75,256,256,4,512,2048,128000,0,C,6.6036152839660645,85.21381378173828,62.55998229980469,85.21384599030253,11.223941659611162
relu,1.0,128,128,4,128,512,32000,2,A,6.554826736450195,1.4566352367401123,42.2492561340332,1.0000000000000004,42.412553138213504
relu,1.0,128,128,4,128,512,32000,2,B,6.51609992980957,0.35408926010131836,37.05150604248047,0.2607694950305127,12.038166590285865
relu,1.0,128,128,4,128,512,32000,2,C,6.47764778137207,42.487308502197266,29.124156951904297,42.48731710754481,1.203665325735427
relu,1.0,128,128,4,128,512,32000,3,A,6.70298957824707,1.2565702199935913,42.29864501953125,0.9999999999999994,42.356445688483866
relu,1.0,128,128,4,128,512,32000,3,B,6.569157123565674,0.21637365221977234,38.39127731323242,0.265601918729961,15.774297480939628
relu,1.0,128,128,4,128,512,32000,3,C,6.588151931762695,42.52666091918945,24.27195930480957,42.526657493446585,1.9757100158404792
relu,1.0,128,128,4,128,512,32000,4,A,6.525574684143066,1.5012531280517578,37.08299255371094,0.9999999999999993,15.06018715476019
relu,1.0,128,128,4,128,512,32000,4,B,6.5063581466674805,0.27719709277153015,36.18278884887695,0.25971002206718075,8.027212117821417
relu,1.0,128,128,4,128,512,32000,4,C,6.490250587463379,42.47659683227539,30.954425811767578,42.4765924256893,1.4297467693779284
relu,1.0,256,256,4,128,512,32000,0,A,7.129833221435547,2.190558910369873,2.997981071472168,0.9999999999999992,9.407440156583498
relu,1.0,256,256,4,128,512,32000,0,B,6.580982208251953,0.3127371072769165,74.24552917480469,0.49601547948775776,24.48721366253264
relu,1.0,256,256,4,128,512,32000,0,C,6.52567195892334,85.0978012084961,48.88347244262695,85.09779272385958,5.571475112988631
relu,1.0,256,256,4,128,512,32000,1,A,6.75184440612793,1.5653986930847168,84.55235290527344,0.9999999999999996,84.75422882229238
relu,1.0,256,256,4,128,512,32000,1,B,6.61119270324707,0.3563312590122223,73.73978424072266,0.49088517819684985,27.25574730227965
relu,1.0,256,256,4,128,512,32000,1,C,6.545928955078125,84.9696044921875,64.01542663574219,84.96964033175873,8.636151470202863
relu,1.0,256,256,4,128,512,32000,2,A,6.9321794509887695,1.4391169548034668,85.02140808105469,1.0000000000000007,85.02137041398328
relu,1.0,256,256,4,128,512,32000,2,B,6.580239772796631,0.35851672291755676,73.72956085205078,0.48992833023400045,24.002056725542054
relu,1.0,256,256,4,128,512,32000,2,C,6.476309776306152,84.95923614501953,56.62984848022461,84.95917872484841,2.9368201137397425
relu,1.0,256,256,4,128,512,32000,3,A,6.95726203918457,2.003103017807007,85.06407165527344,1.0,44.96601490192286
relu,1.0,256,256,4,128,512,32000,3,B,6.595177173614502,0.3466557264328003,74.7308120727539,0.49208449269142185,24.95796427815369
relu,1.0,256,256,4,128,512,32000,3,C,6.547634124755859,85.01475524902344,68.59452819824219,85.01474692084386,3.791450459285415
relu,1.0,256,256,4,128,512,32000,4,A,6.94450569152832,1.71751868724823,82.09166717529297,1.0,42.92402292881224
relu,1.0,256,256,4,128,512,32000,4,B,6.5239081382751465,0.3541450798511505,74.38941955566406,0.49484253229093766,25.933705729091685
relu,1.0,256,256,4,128,512,32000,4,C,6.496636390686035,84.98695373535156,50.20305252075195,84.98695447028511,4.90883939140457
relu,0.75,256,256,4,512,2048,128000,1,A,7.350506782531738,1.3439075946807861,11.29472541809082,1.0000000000000004,25.10707383109552
relu,0.75,256,256,4,512,2048,128000,1,B,6.712123870849609,1.8029981851577759,72.23014831542969,0.12784522114068494,24.52630203127132
relu,0.75,256,256,4,512,2048,128000,1,C,6.6463494300842285,85.23936462402344,32.456363677978516,85.23934252749314,5.520786126203215
relu,0.75,256,256,4,512,2048,128000,2,A,7.266716480255127,1.2812763452529907,4.0746564865112305,0.9999999999999999,27.171442658769934
relu,0.75,256,256,4,512,2048,128000,2,B,6.721303462982178,0.49840033054351807,9.580464363098145,0.12779132795560516,5.591841889730302
relu,0.75,256,256,4,512,2048,128000,2,C,6.597834587097168,85.23817443847656,61.581485748291016,85.2381799215107,9.553325600916645
relu,0.75,256,256,4,512,2048,128000,3,A,7.240293502807617,2.439394474029541,15.068526268005371,1.0000000000000002,34.514126271168756
relu,0.75,256,256,4,512,2048,128000,3,B,6.707417964935303,0.9476193189620972,70.82427215576172,0.12811877634353494,24.01502314991159
relu,0.75,256,256,4,512,2048,128000,3,C,6.594982624053955,85.25177764892578,68.93533325195312,85.2517756841339,9.927797380936163
relu,0.75,256,256,4,512,2048,128000,4,A,7.041107177734375,1.7337894439697266,85.25824737548828,0.9999999999999999,28.983481660031387
relu,0.75,256,256,4,512,2048,128000,4,B,6.723842144012451,0.9362301230430603,67.01852416992188,0.12660023395710504,22.012848960279324
relu,0.75,256,256,4,512,2048,128000,4,C,6.609240531921387,85.24314880371094,53.725860595703125,85.24316733719873,4.825597704098069
relu,1.0,16,16,4,512,2048,128000,0,A,6.541142463684082,1.286389708518982,4.514101028442383,0.2835210230778378,1.2594429275884163
relu,1.0,16,16,4,512,2048,128000,0,B,6.519344329833984,0.838383674621582,3.961970090866089,0.010136513840716874,0.8093961444429677
relu,1.0,16,16,4,512,2048,128000,0,C,6.528561592102051,5.3279128074646,3.500073194503784,5.327912723317288,0.3391731522640061
relu,1.0,16,16,4,512,2048,128000,1,A,6.5673956871032715,1.3612765073776245,4.834462642669678,0.2806164032490177,2.125642697605415
relu,1.0,16,16,4,512,2048,128000,1,B,6.54062032699585,1.1544502973556519,2.1891045570373535,0.009241205775864647,0.7897843014198239
relu,1.0,16,16,4,512,2048,128000,1,C,6.528136253356934,5.328100681304932,2.920656204223633,5.328100693743905,0.4169873252149512
relu,1.0,16,16,4,512,2048,128000,2,A,6.532675743103027,1.255867600440979,4.797887325286865,0.27251753673946166,1.9926900598898916
relu,1.0,16,16,4,512,2048,128000,2,B,6.523107051849365,0.9249913692474365,3.8524363040924072,0.009252991157973598,0.6155051065843219
relu,1.0,16,16,4,512,2048,128000,2,C,6.520707130432129,5.328853130340576,3.7126407623291016,5.328853636671701,0.31208346048281854
tanh,0.0,16,16,4,8,32,2000,0,A,6.42981481552124,0.91009920835495,0.7759708762168884,0.9100993916289819,0.7837235352355896
tanh,0.0,16,16,4,8,32,2000,0,B,6.439216613769531,0.48020681738853455,0.4967590868473053,0.44465182038657336,0.42475891106633684
tanh,0.0,16,16,4,8,32,2000,0,C,6.6295166015625,4.352892875671387,4.144480228424072,4.352893145180473,0.8273186233510615
tanh,0.0,16,16,4,8,32,2000,1,A,6.371279239654541,0.7691327929496765,0.6607250571250916,0.776852781693582,0.653980831821485
tanh,0.0,16,16,4,8,32,2000,1,B,6.372959613800049,0.44151052832603455,0.3754267692565918,0.43209222405969516,0.38486775128850714
tanh,0.0,16,16,4,8,32,2000,1,C,6.603724479675293,4.721054553985596,4.126321315765381,4.721054803470211,0.7797863948140089
relu,1.0,16,16,4,512,2048,128000,3,A,6.5472822189331055,1.3566046953201294,4.324008464813232,0.27167682324674103,1.1961693685295638
relu,1.0,16,16,4,512,2048,128000,3,B,6.5045552253723145,1.4005547761917114,4.839317798614502,0.009008788173757628,1.293659945009755
relu,1.0,16,16,4,512,2048,128000,3,C,6.499374866485596,5.32877254486084,2.7794082164764404,5.328773034388383,0.32901090813831707
tanh,0.0,16,16,4,8,32,2000,2,A,6.379706382751465,0.8468193411827087,0.746039628982544,0.8468194894294485,0.7647882810690159
tanh,0.0,16,16,4,8,32,2000,2,B,6.39384126663208,0.48181119561195374,0.4284985363483429,0.4568736023176596,0.41444800906073903
tanh,0.0,16,16,4,8,32,2000,2,C,6.585116386413574,5.010361194610596,3.1853761672973633,5.010361360308056,0.5713002578614402
relu,1.0,16,16,4,512,2048,128000,4,A,6.526158332824707,1.2798641920089722,4.9591145515441895,0.2995486993052142,2.0918888721549114
relu,1.0,16,16,4,512,2048,128000,4,B,6.511956214904785,1.5961405038833618,4.845378398895264,0.008957252842547331,1.3002883282454003
relu,1.0,16,16,4,512,2048,128000,4,C,6.501143932342529,5.328263282775879,3.934713840484619,5.328264492135676,0.493241375220723
tanh,0.0,16,16,4,8,32,2000,3,A,6.389413833618164,0.7507708668708801,0.7072170376777649,0.7516755316131277,0.6978013558661461
tanh,0.0,16,16,4,8,32,2000,3,B,6.39330530166626,0.45667344331741333,0.43014204502105713,0.4547502635810853,0.4415391971772765
tanh,0.0,16,16,4,8,32,2000,3,C,6.608138084411621,4.986415386199951,3.630775213241577,4.98641621751853,0.4077695280831536
tanh,0.0,16,16,4,8,32,2000,4,A,6.424111366271973,0.7878162264823914,0.6647298336029053,0.7903967113602048,0.6622128196049545
tanh,0.0,16,16,4,8,32,2000,4,B,6.416449546813965,0.428068071603775,0.3834666907787323,0.4228430539364615,0.39521265692638086
tanh,0.0,16,16,4,8,32,2000,4,C,6.639018535614014,4.8114166259765625,4.011846542358398,4.8114162443810375,0.5509243281015379
tanh,0.0,64,64,4,8,32,2000,0,A,6.485712051391602,0.8750894665718079,0.942359983921051,1.0,0.9728437847321801
tanh,0.0,64,64,4,8,32,2000,0,B,6.466273307800293,0.7441456317901611,0.8123725652694702,0.8454727627703831,0.8578106431144269
tanh,0.0,64,64,4,8,32,2000,0,C,6.666491508483887,19.29887580871582,18.8665714263916,19.298873797111685,3.610833111451599
tanh,0.0,64,64,4,8,32,2000,1,A,6.4246954917907715,0.9228885769844055,1.1122304201126099,1.0000000000000002,0.9966203186134489
tanh,0.0,64,64,4,8,32,2000,1,B,6.396915435791016,0.7718147039413452,0.7468265891075134,0.8592464115999124,0.8749375481416974
tanh,0.0,64,64,4,8,32,2000,1,C,6.635512351989746,18.788330078125,18.765100479125977,18.788330332314548,8.722988496289389
tanh,0.0,64,64,4,8,32,2000,2,A,6.423575401306152,0.8962695002555847,1.077656865119934,1.000000000000001,0.9999999999999997
tanh,0.0,64,64,4,8,32,2000,2,B,6.403814792633057,0.767147958278656,0.8464895486831665,0.8940907880483054,0.9465869219631108
tanh,0.0,64,64,4,8,32,2000,2,C,6.62660026550293,19.39310073852539,19.18359375,19.393097291082725,3.994646702926147
tanh,0.0,64,64,4,8,32,2000,3,A,6.434137344360352,0.902518630027771,0.9687749147415161,1.0,0.9999999999999997
tanh,0.0,64,64,4,8,32,2000,3,B,6.415387153625488,0.743948757648468,0.7545173764228821,0.8669068619955864,0.89381275215537
tanh,0.0,64,64,4,8,32,2000,3,C,6.653728485107422,18.901445388793945,18.81913948059082,18.901444254161188,5.630858414217821
tanh,0.0,64,64,4,8,32,2000,4,A,6.45693302154541,0.882716178894043,0.996213972568512,1.0000000000000002,0.994373364112206
tanh,0.0,64,64,4,8,32,2000,4,B,6.443567752838135,0.7886144518852234,0.8069176077842712,0.8789428272499074,0.9219187786216689
tanh,0.0,64,64,4,8,32,2000,4,C,6.657696723937988,19.31499671936035,17.143321990966797,19.314997338961337,3.3106516497715632
tanh,0.0,128,128,4,8,32,2000,0,A,6.521801948547363,0.8543999195098877,1.2210155725479126,0.9592161211161292,0.9154331482556223
tanh,0.0,128,128,4,8,32,2000,0,B,6.550759792327881,0.7679371237754822,1.2847384214401245,0.9164991922573328,0.901655304977464
tanh,0.0,128,128,4,8,32,2000,0,C,6.708066940307617,37.666378021240234,37.631221771240234,37.6663914054919,26.502716526192405
tanh,0.0,128,128,4,8,32,2000,1,A,6.491401195526123,0.881062388420105,1.4872459173202515,0.9578569489274769,0.9058483630914712
tanh,0.0,128,128,4,8,32,2000,1,B,6.451056003570557,0.7820654511451721,1.0112143754959106,0.8921361514474618,0.8641348419693738
tanh,0.0,128,128,4,8,32,2000,1,C,6.6599602699279785,37.90404510498047,37.90727996826172,37.9040473619998,33.17504089336922
tanh,0.0,128,128,4,8,32,2000,2,A,6.472597122192383,1.0012706518173218,1.7137356996536255,0.9888066474790123,0.9452268532745285
tanh,0.0,128,128,4,8,32,2000,2,B,6.459203243255615,0.786644697189331,1.1420013904571533,0.9011869041526314,0.8939756148627621
tanh,0.0,128,128,4,8,32,2000,2,C,6.665205478668213,37.625526428222656,37.643638610839844,37.62552659413882,25.26572774016162
tanh,0.0,128,128,4,8,32,2000,3,A,6.515905380249023,0.936726987361908,1.6466045379638672,0.9568065115860679,0.9069865452586012
tanh,0.0,128,128,4,8,32,2000,3,B,6.473957538604736,0.7583500742912292,0.9919460415840149,0.8937454299271956,0.8623311371454204
tanh,0.0,128,128,4,8,32,2000,3,C,6.680171966552734,37.34267807006836,37.32174301147461,37.342691310700516,17.793044014601342
tanh,0.0,128,128,4,8,32,2000,4,A,6.544960021972656,0.9993874430656433,1.8914258480072021,0.9796160798077542,0.9256651366076372
tanh,0.0,128,128,4,8,32,2000,4,B,6.512228965759277,0.7699591517448425,1.0349059104919434,0.8994694007515008,0.8788001352333726
tanh,0.0,128,128,4,8,32,2000,4,C,6.742934226989746,40.71144485473633,40.70278549194336,40.711439433495954,32.70616603834994
tanh,0.0,256,256,4,8,32,2000,0,A,6.69449520111084,1.1020545959472656,2.4134857654571533,0.9129054318738689,0.8993245209861124
tanh,0.0,256,256,4,8,32,2000,0,B,6.678356647491455,0.904059112071991,1.9470927715301514,0.9116925760237545,0.9034736388990673
tanh,0.0,256,256,4,8,32,2000,0,C,6.792031764984131,76.6536636352539,76.5813217163086,76.65363716180461,56.91144930620555
tanh,0.0,256,256,4,8,32,2000,1,A,6.644904613494873,1.1617659330368042,2.6745967864990234,0.9096912540081865,0.901099308187556
tanh,0.0,256,256,4,8,32,2000,1,B,6.580339431762695,1.0037133693695068,2.1126554012298584,0.8989166672116956,0.8900840577540691
tanh,0.0,256,256,4,8,32,2000,1,C,6.724964141845703,75.32205200195312,75.31371307373047,75.32199614013967,37.49996678500978
relu,1.0,64,64,4,512,2048,128000,0,A,6.58831262588501,1.0718472003936768,18.81779670715332,0.9503164341253291,7.5448799440559915
relu,1.0,64,64,4,512,2048,128000,0,B,6.5505242347717285,1.7166643142700195,19.64571762084961,0.03285643650025725,7.239492831718499
relu,1.0,64,64,4,512,2048,128000,0,C,6.516789436340332,21.3060359954834,14.505316734313965,21.306032061821075,1.322541518193957
tanh,0.0,256,256,4,8,32,2000,2,A,6.617032527923584,1.1469647884368896,2.425044298171997,0.9109587891780898,0.8945604792864115
tanh,0.0,256,256,4,8,32,2000,2,B,6.585564613342285,0.8637771606445312,1.684548020362854,0.9040556715114139,0.9014768719039565
tanh,0.0,256,256,4,8,32,2000,2,C,6.754643440246582,76.70055389404297,76.71815490722656,76.7005561968344,60.29007652030427
tanh,0.0,256,256,4,8,32,2000,3,A,6.60517692565918,1.0356391668319702,1.755882978439331,0.9131069766544041,0.8964602637852459
tanh,0.0,256,256,4,8,32,2000,3,B,6.677854061126709,0.838997483253479,1.7891665697097778,0.9072969829316834,0.9036923955978976
tanh,0.0,256,256,4,8,32,2000,3,C,6.7547502517700195,77.87309265136719,77.819091796875,77.8730488987523,52.49615247987655
tanh,0.0,256,256,4,8,32,2000,4,A,6.689889430999756,1.2111942768096924,2.314366340637207,0.9147486713179167,0.8963749427399498
tanh,0.0,256,256,4,8,32,2000,4,B,6.625581741333008,0.8604201674461365,1.9020793437957764,0.9098782020782875,0.9011121281355295
tanh,0.0,256,256,4,8,32,2000,4,C,6.785347938537598,78.87552642822266,78.87568664550781,78.87552707166863,65.36304571409885
relu,1.0,64,64,4,512,2048,128000,1,A,6.602330207824707,1.4070566892623901,18.248367309570312,0.9574429007837234,8.552508626546373
relu,1.0,64,64,4,512,2048,128000,1,B,6.56806755065918,1.9140491485595703,19.254371643066406,0.03307594018226542,4.613850331877958
relu,1.0,64,64,4,512,2048,128000,1,C,6.547022342681885,21.30748748779297,15.95628833770752,21.307490006578455,2.6962067882025966
tanh,0.0,16,16,4,32,128,8000,0,A,6.509157180786133,0.583048403263092,0.529628336429596,0.5513182645841944,0.4958031954571993
tanh,0.0,16,16,4,32,128,8000,0,B,6.53897762298584,0.16338707506656647,0.18751826882362366,0.13128027252468863,0.13770610344100162
tanh,0.0,16,16,4,32,128,8000,0,C,6.794865608215332,4.877535820007324,4.23175048828125,4.877535276353767,0.7379917389425905
tanh,0.0,16,16,4,32,128,8000,1,A,6.508770942687988,0.5964699387550354,0.5785419940948486,0.5620304819104341,0.5061678793329794
tanh,0.0,16,16,4,32,128,8000,1,B,6.537577152252197,0.1699780970811844,0.16528372466564178,0.12900688293715534,0.1347924330078416
tanh,0.0,16,16,4,32,128,8000,1,C,6.795040130615234,5.117728233337402,4.1750969886779785,5.117727615192239,0.4669315862895033
tanh,0.0,16,16,4,32,128,8000,2,A,6.509720802307129,0.636590301990509,0.6247672438621521,0.5889642409218769,0.5396164139235147
tanh,0.0,16,16,4,32,128,8000,2,B,6.542947292327881,0.15725483000278473,0.18464428186416626,0.1322462870994611,0.13959894277749904
tanh,0.0,16,16,4,32,128,8000,2,C,6.783602237701416,5.104254245758057,4.672725200653076,5.104254949708516,0.7923827586523109
tanh,0.0,16,16,4,32,128,8000,3,A,6.476544380187988,0.6128130555152893,0.563673734664917,0.5760179841216544,0.5159766891350172
tanh,0.0,16,16,4,32,128,8000,3,B,6.5245208740234375,0.15371179580688477,0.18755394220352173,0.13069271670212526,0.13884631507093412
tanh,0.0,16,16,4,32,128,8000,3,C,6.791701316833496,4.981904029846191,4.705899715423584,4.9819045140185345,0.7044511119045457
relu,1.0,64,64,4,512,2048,128000,2,A,6.580949783325195,1.4555490016937256,17.623729705810547,0.9470821326751135,8.516125293311555
relu,1.0,64,64,4,512,2048,128000,2,B,6.548093795776367,1.2429075241088867,19.103668212890625,0.03298010738269098,5.923769762794712
relu,1.0,64,64,4,512,2048,128000,2,C,6.507380485534668,21.309030532836914,15.309409141540527,21.309024538703575,1.6752797091667049
tanh,0.0,16,16,4,32,128,8000,4,A,6.516350269317627,0.5816941261291504,0.5163300037384033,0.5564423020038826,0.4901501720702285
tanh,0.0,16,16,4,32,128,8000,4,B,6.557807922363281,0.16351744532585144,0.20355169475078583,0.13401610710926196,0.1423784524804802
tanh,0.0,16,16,4,32,128,8000,4,C,6.805872917175293,5.088198184967041,5.07911491394043,5.088198701259603,2.0213845383997007
relu,1.0,64,64,4,512,2048,128000,3,A,6.573979377746582,1.4581542015075684,18.989994049072266,0.9468988433232253,7.117395847877791
relu,1.0,64,64,4,512,2048,128000,3,B,6.553241729736328,1.5026904344558716,19.130281448364258,0.03289512795594064,6.636743201600377
relu,1.0,64,64,4,512,2048,128000,3,C,6.552071571350098,21.312650680541992,10.690109252929688,21.312652101215615,0.9096383962441413
tanh,0.0,64,64,4,32,128,8000,0,A,6.565359115600586,0.9693868160247803,1.2503325939178467,0.9999999999999998,0.9919815070509043
tanh,0.0,64,64,4,32,128,8000,0,B,6.542067527770996,0.47633105516433716,0.571211040019989,0.501042262235479,0.4861416173122416
tanh,0.0,64,64,4,32,128,8000,0,C,6.82515811920166,20.492889404296875,20.32893180847168,20.49288966621574,1.430951409090383
tanh,0.0,64,64,4,32,128,8000,1,A,6.565635681152344,0.949760913848877,1.1291638612747192,1.0000000000000002,1.0000000000000004
tanh,0.0,64,64,4,32,128,8000,1,B,6.521644592285156,0.4722898006439209,0.5887167453765869,0.49519742627262836,0.4794580671306737
tanh,0.0,64,64,4,32,128,8000,1,C,6.8236494064331055,19.302974700927734,19.078359603881836,19.302972264846648,2.3304377674751224
tanh,0.0,64,64,4,32,128,8000,2,A,6.550237655639648,0.9532903432846069,1.0454212427139282,1.0000000000000002,1.0000000000000002
tanh,0.0,64,64,4,32,128,8000,2,B,6.535338401794434,0.47443902492523193,0.5892872214317322,0.4953955872378242,0.4827430390222396
tanh,0.0,64,64,4,32,128,8000,2,C,6.819040298461914,20.184123992919922,19.42215347290039,20.184125060463465,1.5695667796613202
tanh,0.0,64,64,4,32,128,8000,3,A,6.5331268310546875,1.0,1.2890864610671997,1.0,0.9999999999999998
tanh,0.0,64,64,4,32,128,8000,3,B,6.513835430145264,0.487262099981308,0.5456568002700806,0.49999187830006564,0.48754785108350435
tanh,0.0,64,64,4,32,128,8000,3,C,6.821095943450928,20.39557647705078,20.24701690673828,20.39557331964999,1.9870970249152673
relu,1.0,64,64,4,512,2048,128000,4,A,6.582892417907715,1.0641682147979736,21.275821685791016,1.0000000000000002,21.29621689548908
relu,1.0,64,64,4,512,2048,128000,4,B,6.551684856414795,1.5203349590301514,18.80781364440918,0.03319063240987958,4.633888356541177
relu,1.0,64,64,4,512,2048,128000,4,C,6.517594814300537,21.309629440307617,16.937976837158203,21.309628022106175,1.4669763573062107
tanh,0.0,64,64,4,32,128,8000,4,A,6.571842193603516,0.9999998807907104,1.0615028142929077,1.0000000000000007,0.9999999999999998
tanh,0.0,64,64,4,32,128,8000,4,B,6.515425682067871,0.4850674867630005,0.5233252048492432,0.4989378022413591,0.48458241078794345
tanh,0.0,64,64,4,32,128,8000,4,C,6.841695785522461,20.471155166625977,20.416996002197266,20.47115126005563,3.4831931015918305
tanh,0.0,128,128,4,32,128,8000,0,A,6.678264141082764,0.8022516965866089,1.6479395627975464,1.0,0.8276492187783945
tanh,0.0,128,128,4,32,128,8000,0,B,6.666597366333008,0.6076542139053345,0.7823657393455505,0.7727485813012879,0.6996839420891057
tanh,0.0,128,128,4,32,128,8000,0,C,6.881843566894531,41.224098205566406,41.11804962158203,41.22410873545427,4.483001477962816
tanh,0.0,128,128,4,32,128,8000,1,A,6.6815996170043945,0.8456129431724548,1.6926816701889038,1.0000000000000009,0.8205162673712144
tanh,0.0,128,128,4,32,128,8000,1,B,6.618265151977539,0.5942379236221313,0.7391271591186523,0.7702188025584931,0.6808334703905123
tanh,0.0,128,128,4,32,128,8000,1,C,6.860912799835205,40.388973236083984,40.04731369018555,40.38899226803302,1.4306985024686596
tanh,0.0,128,128,4,32,128,8000,2,A,6.658482551574707,0.809497594833374,1.475034236907959,1.0000000000000002,0.8175414240458609
tanh,0.0,128,128,4,32,128,8000,2,B,6.616627216339111,0.5973982810974121,0.8413747549057007,0.7636596571127172,0.676538513156622
tanh,0.0,128,128,4,32,128,8000,2,C,6.861503601074219,40.859920501708984,40.78963088989258,40.85992419220694,4.453911164125284
tanh,0.0,128,128,4,32,128,8000,3,A,6.666342735290527,0.8220069408416748,1.4231497049331665,0.9999999999999997,0.8133242658763934
tanh,0.0,128,128,4,32,128,8000,3,B,6.603623867034912,0.5724931359291077,0.8332834839820862,0.7711859783015924,0.7024097489343581
tanh,0.0,128,128,4,32,128,8000,3,C,6.8586015701293945,41.139495849609375,41.062992095947266,41.13949768608573,7.326262265655355
tanh,0.0,128,128,4,32,128,8000,4,A,6.668553829193115,0.8183169364929199,1.6739400625228882,1.0,0.8078160483786229
tanh,0.0,128,128,4,32,128,8000,4,B,6.639179229736328,0.5975412130355835,0.9235924482345581,0.7696959848135186,0.6806800299662097
tanh,0.0,128,128,4,32,128,8000,4,C,6.871644020080566,40.70779037475586,40.47397994995117,40.70780038195419,1.7471251896545983
tanh,0.0,256,256,4,32,128,8000,0,A,6.87180233001709,1.302169680595398,2.2543814182281494,0.9558076020954156,0.7918954308791144
tanh,0.0,256,256,4,32,128,8000,0,B,6.922962188720703,0.5861919522285461,1.1102681159973145,0.8794376907988758,0.7526154923854739
tanh,0.0,256,256,4,32,128,8000,0,C,6.971870422363281,82.64643859863281,82.07410430908203,82.64642883818313,6.6967784946628255
tanh,0.0,256,256,4,32,128,8000,1,A,6.857598304748535,1.2145962715148926,2.4110591411590576,0.9653312044932482,0.7973205166157411
tanh,0.0,256,256,4,32,128,8000,1,B,6.866942882537842,0.6216893792152405,1.1544671058654785,0.8694752783558054,0.7526057149029413
tanh,0.0,256,256,4,32,128,8000,1,C,6.961994171142578,81.61133575439453,81.16783905029297,81.61135934160292,8.643713595839477
tanh,0.0,256,256,4,32,128,8000,2,A,6.8838043212890625,1.1068254709243774,2.329857349395752,0.962419644145405,0.787344849507807
tanh,0.0,256,256,4,32,128,8000,2,B,6.856660842895508,0.5865049958229065,1.019228458404541,0.8695688962259137,0.7420190951407997
tanh,0.0,256,256,4,32,128,8000,2,C,7.033250331878662,81.58071899414062,81.07862091064453,81.58072566196509,7.732782115455386
tanh,0.0,256,256,4,32,128,8000,3,A,6.851097106933594,1.2239477634429932,2.648557424545288,0.9536988366052503,0.812097701612989
tanh,0.0,256,256,4,32,128,8000,3,B,6.846423625946045,0.6221776604652405,1.0170674324035645,0.8702792894489009,0.7385153031716233
tanh,0.0,256,256,4,32,128,8000,3,C,6.964093208312988,82.00547790527344,81.72664642333984,82.00543048725999,8.919126453845378
tanh,0.0,256,256,4,32,128,8000,4,A,6.89198112487793,1.1317888498306274,2.2328402996063232,0.9520535854932716,0.7822541295313544
tanh,0.0,256,256,4,32,128,8000,4,B,6.886407852172852,0.6638106107711792,1.3231536149978638,0.8677790547008863,0.7501963456200217
tanh,0.0,256,256,4,32,128,8000,4,C,6.987224578857422,81.17071533203125,80.7965087890625,81.17072189023459,3.6639681003647397
relu,1.0,128,128,4,512,2048,128000,1,A,6.761068344116211,1.129577398300171,42.56429672241211,0.9999999999999996,42.58276687125813
relu,1.0,128,128,4,512,2048,128000,1,B,6.594632148742676,1.6111159324645996,38.16743850708008,0.06465108169640234,12.56930087439564
relu,1.0,128,128,4,512,2048,128000,1,C,6.544992446899414,42.621334075927734,24.664350509643555,42.62133478580831,3.072627072161441
relu,1.0,128,128,4,512,2048,128000,0,A,6.762735366821289,1.0923011302947998,42.56769561767578,1.0,7.196206252761028
relu,1.0,128,128,4,512,2048,128000,0,B,6.577777862548828,1.8618439435958862,36.98832321166992,0.06480028295882964,13.039816067688827
relu,1.0,128,128,4,512,2048,128000,0,C,6.531991481781006,42.61497116088867,23.152069091796875,42.614969843176546,1.6063483945543635
relu,1.0,128,128,4,512,2048,128000,3,A,6.618810653686523,1.0802314281463623,42.557037353515625,1.0,17.785619773937604
relu,1.0,128,128,4,512,2048,128000,3,B,6.578454971313477,2.187295913696289,36.66228485107422,0.06370324705225693,5.061649093454196
relu,1.0,128,128,4,512,2048,128000,3,C,6.512469291687012,42.627506256103516,17.911813735961914,42.62751371727405,1.9159890936058588
relu,1.0,128,128,4,512,2048,128000,2,A,6.952301979064941,1.8726061582565308,42.62893295288086,1.0000000000000002,17.892165380572123
relu,1.0,128,128,4,512,2048,128000,2,B,6.571359157562256,2.1364824771881104,37.670475006103516,0.06460562831859502,4.664121125330171
relu,1.0,128,128,4,512,2048,128000,2,C,6.539157867431641,42.620140075683594,27.50743293762207,42.62013891624233,3.2283015084469397
relu,1.0,128,128,4,512,2048,128000,4,A,6.722541332244873,1.0908362865447998,42.56931686401367,1.0000000000000002,42.592956535092085
relu,1.0,128,128,4,512,2048,128000,4,B,6.571872711181641,2.0020015239715576,37.884883880615234,0.06456110477847161,5.084999446632314
relu,1.0,128,128,4,512,2048,128000,4,C,6.525842189788818,42.61943054199219,37.54613494873047,42.61942856046151,2.6924172732910554
tanh,0.0,16,16,4,128,512,32000,0,A,6.72906494140625,0.4462625980377197,0.6228535771369934,0.3350549142226055,0.28601121103928007
tanh,0.0,16,16,4,128,512,32000,0,B,6.755859851837158,0.06415852904319763,0.14685848355293274,0.04395136100552682,0.04656626263862752
tanh,0.0,16,16,4,128,512,32000,0,C,6.90424108505249,5.144779682159424,5.067203521728516,5.1447803767129745,0.989807206499284
tanh,0.0,16,16,4,128,512,32000,1,A,6.705117225646973,0.4276954233646393,0.5824984312057495,0.3230679234123787,0.2731256920840575
tanh,0.0,16,16,4,128,512,32000,1,B,6.747757434844971,0.06472495943307877,0.11360909789800644,0.04431219409484144,0.046847260525023436
tanh,0.0,16,16,4,128,512,32000,1,C,6.90439510345459,5.224946975708008,5.212480068206787,5.224946586403691,1.2860815244732318
tanh,0.0,16,16,4,128,512,32000,2,A,6.717255592346191,0.42711514234542847,0.47348201274871826,0.3290306031924019,0.27903818622375376
tanh,0.0,16,16,4,128,512,32000,2,B,6.744694709777832,0.05693367123603821,0.15353678166866302,0.043961481067083134,0.04734211600886117
tanh,0.0,16,16,4,128,512,32000,2,C,6.920411586761475,5.257476329803467,5.254879951477051,5.257476892477332,3.145096319006014
tanh,0.0,16,16,4,128,512,32000,3,A,6.723816871643066,0.461750864982605,0.6147066354751587,0.34358755641036054,0.2908253319332587
tanh,0.0,16,16,4,128,512,32000,3,B,6.757441997528076,0.06216471269726753,0.14804024994373322,0.04420990735063466,0.046118430684287025
tanh,0.0,16,16,4,128,512,32000,3,C,6.911091327667236,5.133166790008545,5.221123218536377,5.133166072654831,1.1547403192848427
tanh,0.0,16,16,4,128,512,32000,4,A,6.721946716308594,0.42745083570480347,0.5554053783416748,0.3267200089792588,0.2945721176308655
tanh,0.0,16,16,4,128,512,32000,4,B,6.759328842163086,0.06555788964033127,0.21143585443496704,0.043800052033378084,0.04596197661265141
tanh,0.0,16,16,4,128,512,32000,4,C,6.911098480224609,5.2528791427612305,5.251509189605713,5.252878884051654,2.2601840118172207
tanh,0.0,64,64,4,128,512,32000,0,A,6.757510185241699,1.0000001192092896,1.0682679414749146,0.9999999999999996,0.929773510218648
tanh,0.0,64,64,4,128,512,32000,0,B,6.728978157043457,0.19068647921085358,0.4132526218891144,0.13492222308598747,0.1378266960010601
tanh,0.0,64,64,4,128,512,32000,0,C,6.9467291831970215,20.95932388305664,20.93156623840332,20.959324139607677,2.5820829040780606
tanh,0.0,64,64,4,128,512,32000,1,A,6.759349346160889,1.0000001192092896,1.1684480905532837,1.0000000000000002,0.8817159661201135
tanh,0.0,64,64,4,128,512,32000,1,B,6.727191925048828,0.177543044090271,0.42326903343200684,0.13295309699489669,0.13692422639257074
tanh,0.0,64,64,4,128,512,32000,1,C,6.942887306213379,20.941974639892578,20.86598014831543,20.941975025517845,1.3900394196862178
tanh,0.0,64,64,4,128,512,32000,2,A,6.755678176879883,1.0000001192092896,1.043211579322815,0.9999999999999999,0.8626756812420858
tanh,0.0,64,64,4,128,512,32000,2,B,6.71218204498291,0.22229932248592377,0.3650304079055786,0.13437808787406014,0.1350213397496166
tanh,0.0,64,64,4,128,512,32000,2,C,6.951548099517822,20.820993423461914,20.77263641357422,20.82099599400552,2.777928031064635
tanh,0.0,64,64,4,128,512,32000,3,A,6.752556324005127,0.9999998807907104,0.9967033267021179,1.0000000000000002,0.8811227813654574
tanh,0.0,64,64,4,128,512,32000,3,B,6.741913795471191,0.20285648107528687,0.2878522574901581,0.13347189884567548,0.13631613320867678
tanh,0.0,64,64,4,128,512,32000,3,C,6.9391984939575195,21.003524780273438,20.989776611328125,21.003529083179004,2.6775988023947037
tanh,0.0,64,64,4,128,512,32000,4,A,6.7572021484375,0.9999998807907104,1.073650598526001,1.0000000000000002,0.8321454327159259
tanh,0.0,64,64,4,128,512,32000,4,B,6.73325252532959,0.19658027589321136,0.37482529878616333,0.13398290833142973,0.13764063050216857
tanh,0.0,64,64,4,128,512,32000,4,C,6.9444990158081055,20.95973777770996,20.976112365722656,20.95973651431729,4.101344123679083
tanh,0.0,128,128,4,128,512,32000,0,A,6.980286121368408,0.7706296443939209,1.7495073080062866,1.0000000000000004,0.7434228247279672
tanh,0.0,128,128,4,128,512,32000,0,B,6.876639366149902,0.30936262011528015,0.757170557975769,0.25391341541700363,0.25861734698308164
tanh,0.0,128,128,4,128,512,32000,0,C,6.996524810791016,42.08618927001953,42.069488525390625,42.086184663122516,5.629048364347108
tanh,0.0,128,128,4,128,512,32000,1,A,6.959500312805176,0.7844382524490356,1.9551407098770142,0.9999999999999997,0.822453377204182
tanh,0.0,128,128,4,128,512,32000,1,B,6.872733116149902,0.2921764850616455,0.685077965259552,0.25483621737714396,0.2571435084998205
tanh,0.0,128,128,4,128,512,32000,1,C,6.9830217361450195,41.9669303894043,41.98023986816406,41.96692654213717,10.531911775545163
relu,1.0,256,256,4,512,2048,128000,0,A,7.037347793579102,1.0296012163162231,77.30066680908203,0.9999999999999997,43.09313511999223
relu,1.0,256,256,4,512,2048,128000,0,B,6.628748893737793,0.5415230393409729,73.86625671386719,0.1281872083580687,27.387604807344907
relu,1.0,256,256,4,512,2048,128000,0,C,6.537552356719971,85.24666595458984,61.51515579223633,85.24667760717546,12.192308107917816
tanh,0.0,128,128,4,128,512,32000,2,A,6.977322101593018,0.7792144417762756,1.9654312133789062,1.0000000000000004,0.8031819733753547
tanh,0.0,128,128,4,128,512,32000,2,B,6.881046295166016,0.28836590051651,0.7008615136146545,0.25419201313325224,0.2565753016524202
tanh,0.0,128,128,4,128,512,32000,2,C,7.022957801818848,42.0985221862793,41.97554397583008,42.09852773504279,3.484858489023384
tanh,0.0,128,128,4,128,512,32000,4,A,6.9677324295043945,0.758187472820282,1.5498337745666504,0.9999999999999994,0.7286057266081588
tanh,0.0,128,128,4,128,512,32000,4,B,6.891557693481445,0.30266502499580383,0.6595128178596497,0.25512061859177787,0.2580586701392251
tanh,0.0,128,128,4,128,512,32000,4,C,7.003302097320557,42.008750915527344,41.92119598388672,42.00875872365649,2.795889999223212
tanh,0.0,128,128,4,128,512,32000,3,A,6.9542436599731445,0.7899090051651001,1.7091546058654785,1.0000000000000002,0.7462923112990346
tanh,0.0,128,128,4,128,512,32000,3,B,6.890953063964844,0.31331223249435425,0.6215533018112183,0.25468011568871013,0.2568286012198154
tanh,0.0,128,128,4,128,512,32000,3,C,7.0047688484191895,41.97103500366211,41.949989318847656,41.97103238673319,3.2121772260793
tanh,0.0,256,256,4,128,512,32000,0,A,7.195041656494141,1.0739777088165283,3.067626714706421,0.9247297604419069,0.6299810063645367
tanh,0.0,256,256,4,128,512,32000,0,B,7.153463363647461,0.3547421395778656,0.8713213205337524,0.47112712045627464,0.4452071736443662
tanh,0.0,256,256,4,128,512,32000,0,C,7.120238304138184,84.43000793457031,84.34810638427734,84.4300411135683,10.198500140771802
tanh,0.0,256,256,4,128,512,32000,1,A,7.151801109313965,1.1302284002304077,2.9783997535705566,0.9267850117937617,0.6313854881092695
tanh,0.0,256,256,4,128,512,32000,1,B,7.087568283081055,0.38022151589393616,0.919184148311615,0.47068145010928014,0.44190416790820586
tanh,0.0,256,256,4,128,512,32000,1,C,7.135217666625977,84.45905303955078,84.04041290283203,84.45904818438716,4.267817208674968
tanh,0.0,256,256,4,128,512,32000,2,A,7.1675238609313965,1.2523305416107178,3.3396270275115967,0.9204369977248251,0.6344188037379133
tanh,0.0,256,256,4,128,512,32000,2,B,7.138447284698486,0.3872637450695038,0.93330979347229,0.47225690867028874,0.45429776666176674
tanh,0.0,256,256,4,128,512,32000,2,C,7.117815017700195,84.24993896484375,83.96641540527344,84.24995651560685,7.350005775045185
tanh,0.0,256,256,4,128,512,32000,3,A,7.194371223449707,1.0147567987442017,2.861886978149414,0.9088340401845376,0.6289123796601919
tanh,0.0,256,256,4,128,512,32000,3,B,7.144439697265625,0.3483392596244812,0.8125994801521301,0.47283732113964716,0.4555249051171073
tanh,0.0,256,256,4,128,512,32000,3,C,7.097700119018555,84.16350555419922,83.91705322265625,84.16352125822868,4.958257065478625
tanh,0.0,256,256,4,128,512,32000,4,A,7.230639934539795,1.0149739980697632,2.704493284225464,0.9120761832322829,0.6155264269972818
tanh,0.0,256,256,4,128,512,32000,4,B,7.154085159301758,0.361815869808197,0.9860062599182129,0.47017218076162026,0.45464851770954395
tanh,0.0,256,256,4,128,512,32000,4,C,7.109580993652344,84.25477600097656,83.89298248291016,84.2547456586141,7.253370996049777
relu,1.0,256,256,4,512,2048,128000,1,A,7.005542755126953,2.7702221870422363,85.25790405273438,1.0000000000000002,31.667933273908478
relu,1.0,256,256,4,512,2048,128000,1,B,6.640979290008545,0.5521863698959351,71.68087005615234,0.1292917462455063,26.068913776700377
relu,1.0,256,256,4,512,2048,128000,1,C,6.546036243438721,85.22798919677734,70.18243408203125,85.22801442348505,10.262792265964583
relu,1.0,256,256,4,512,2048,128000,2,A,7.186713218688965,1.6012033224105835,12.096217155456543,0.9999999999999989,40.56814556854551
relu,1.0,256,256,4,512,2048,128000,2,B,6.6205267906188965,1.103549838066101,63.162349700927734,0.12850998698880256,2.127747586814335
relu,1.0,256,256,4,512,2048,128000,2,C,6.516446113586426,85.23503112792969,66.94206237792969,85.23500615543145,10.015490613674642
relu,1.0,256,256,4,512,2048,128000,3,A,6.979769229888916,1.484298825263977,85.2630386352539,1.0000000000000004,65.03086825066204
relu,1.0,256,256,4,512,2048,128000,3,B,6.615849494934082,0.3615281581878662,73.29818725585938,0.12868603338443751,2.2089537880354553
relu,1.0,256,256,4,512,2048,128000,3,C,6.514997482299805,85.24357604980469,56.242000579833984,85.24362163765558,12.348952286946474
relu,1.0,256,256,4,512,2048,128000,4,A,7.15656042098999,1.5230937004089355,24.48419761657715,0.9999999999999996,30.4705041394011
relu,1.0,256,256,4,512,2048,128000,4,B,6.630807876586914,1.0061742067337036,70.281494140625,0.12621838290432358,11.270919150155805
relu,1.0,256,256,4,512,2048,128000,4,C,6.521888732910156,85.22554779052734,51.69444274902344,85.22554560554218,6.299090704709361
tanh,0.0,16,16,4,512,2048,128000,0,A,6.877097129821777,0.3373725116252899,0.781010091304779,0.19535376800075038,0.20257304679186758
tanh,0.0,16,16,4,512,2048,128000,0,B,6.888021469116211,0.03233896940946579,0.17140713334083557,0.014653379036825254,0.016629405408783857
tanh,0.0,16,16,4,512,2048,128000,0,C,6.9506120681762695,5.291213512420654,5.298318862915039,5.291213458720228,2.446398978625524
tanh,0.0,16,16,4,512,2048,128000,1,A,6.87695837020874,0.3477756083011627,0.7054566144943237,0.1978547264304033,0.22391211606010256
tanh,0.0,16,16,4,512,2048,128000,1,B,6.891856670379639,0.02811523526906967,0.1596449464559555,0.015579883295141404,0.017845207536394375
tanh,0.0,16,16,4,512,2048,128000,1,C,6.959297180175781,5.307031154632568,5.308727264404297,5.3070299601662985,2.937104670518289
tanh,0.0,16,16,4,512,2048,128000,2,A,6.8804707527160645,0.3443412780761719,0.6839918494224548,0.1951662374658414,0.20535265901690636
tanh,0.0,16,16,4,512,2048,128000,2,B,6.886924743652344,0.030495528131723404,0.09515673667192459,0.01539856638658476,0.017230138639708258
tanh,0.0,16,16,4,512,2048,128000,2,C,6.959379196166992,5.311651706695557,5.310776710510254,5.311651881328881,2.7225559873418823
tanh,0.25,16,16,4,8,32,2000,0,A,6.646420955657959,0.8968966007232666,0.7627438306808472,0.9355301198699505,0.7791659060225551
tanh,0.25,16,16,4,8,32,2000,0,B,6.6541032791137695,0.5619878768920898,0.5337963104248047,0.5040058558480783,0.46239852418016686
tanh,0.25,16,16,4,8,32,2000,0,C,6.758146286010742,5.08526611328125,4.8367133140563965,5.085265390519941,1.572782030104342
tanh,0.25,16,16,4,8,32,2000,1,A,6.597649574279785,0.8701168894767761,0.7254374623298645,0.9087764643862125,0.6881349918582584
tanh,0.25,16,16,4,8,32,2000,1,B,6.601173400878906,0.5248146653175354,0.5797690153121948,0.4855733732957987,0.4502462665773599
tanh,0.25,16,16,4,8,32,2000,1,C,6.710435390472412,4.9625325202941895,4.763773441314697,4.962532553698105,1.1513191168285681
tanh,0.25,16,16,4,8,32,2000,2,A,6.517276287078857,0.8151413798332214,0.7414506673812866,0.8517046404329438,0.6736591320214723
tanh,0.25,16,16,4,8,32,2000,2,B,6.518619537353516,0.5186564326286316,0.46867647767066956,0.47391207077633535,0.3994414146028941
tanh,0.25,16,16,4,8,32,2000,2,C,6.614376544952393,5.062754154205322,4.941306114196777,5.062753620600678,2.188823835847629
tanh,0.0,16,16,4,512,2048,128000,3,A,6.885095596313477,0.3403662443161011,0.7418252825737,0.19903652644468217,0.21171194354286726
tanh,0.0,16,16,4,512,2048,128000,3,B,6.879476070404053,0.030139252543449402,0.14143948256969452,0.015049666866029637,0.015159700473660796
tanh,0.0,16,16,4,512,2048,128000,3,C,6.970363616943359,5.302733421325684,5.305253505706787,5.3027332130252525,2.0295556380839517
tanh,0.0,16,16,4,512,2048,128000,4,A,6.883456230163574,0.34326693415641785,0.7869431972503662,0.19498873122042515,0.19868604361416678
tanh,0.0,16,16,4,512,2048,128000,4,B,6.893258571624756,0.0323980413377285,0.1449679136276245,0.014829309873447195,0.016161087192456867
tanh,0.0,16,16,4,512,2048,128000,4,C,6.9632463455200195,5.301210880279541,5.303501129150391,5.301210742538608,2.1058752189384466
tanh,0.25,16,16,4,8,32,2000,3,A,6.570974349975586,0.7476438283920288,0.7235375046730042,0.7670806785162932,0.6745341516069638
tanh,0.25,16,16,4,8,32,2000,3,B,6.577589988708496,0.49702852964401245,0.5121607780456543,0.4749067096656905,0.44093322497677623
tanh,0.25,16,16,4,8,32,2000,3,C,6.687460899353027,5.064685344696045,4.866147994995117,5.064685201427806,1.3877497242951757
tanh,0.25,16,16,4,8,32,2000,4,A,6.607110977172852,0.7570269107818604,0.6554139256477356,0.780107144317749,0.6611277278881506
tanh,0.25,16,16,4,8,32,2000,4,B,6.6079421043396,0.5103582143783569,0.5226821899414062,0.49679885403225926,0.4772509516351047
tanh,0.25,16,16,4,8,32,2000,4,C,6.720946788787842,5.18988037109375,4.98697566986084,5.189880765035399,1.4603692732018085
tanh,0.25,64,64,4,8,32,2000,0,A,6.710379600524902,0.9250026345252991,1.3481392860412598,1.0000000000000009,0.9092048195229913
tanh,0.25,64,64,4,8,32,2000,0,B,6.675670146942139,0.7452946305274963,0.9269530177116394,0.8501798849765323,0.8461639327727873
tanh,0.25,64,64,4,8,32,2000,0,C,6.775127410888672,19.9279727935791,19.801513671875,19.92797545327175,8.14674374891536
tanh,0.25,64,64,4,8,32,2000,1,A,6.638235092163086,0.9510797262191772,1.3473676443099976,1.0000000000000002,0.9523315123464883
tanh,0.25,64,64,4,8,32,2000,1,B,6.611772537231445,0.7935778498649597,1.1707619428634644,0.851832593912815,0.8426407920116364
tanh,0.25,64,64,4,8,32,2000,1,C,6.749186038970947,19.686983108520508,19.28408432006836,19.686982433498365,4.155376737669662
tanh,0.25,64,64,4,8,32,2000,2,A,6.55390739440918,0.9584177732467651,1.4492803812026978,1.0000000000000004,0.9527891876176158
tanh,0.25,64,64,4,8,32,2000,2,B,6.544825553894043,0.7745466232299805,1.0100528001785278,0.8906530426116979,0.8750844253937071
tanh,0.25,64,64,4,8,32,2000,2,C,6.637350082397461,19.261341094970703,19.237932205200195,19.261336722510595,16.97341441605149
tanh,0.25,64,64,4,8,32,2000,3,A,6.622015476226807,0.9388468265533447,1.325626015663147,1.0,0.9630758805530014
tanh,0.25,64,64,4,8,32,2000,3,B,6.605213642120361,0.744685709476471,0.8783426284790039,0.8656652350840353,0.8467998030439587
tanh,0.25,64,64,4,8,32,2000,3,C,6.702425479888916,18.96575927734375,18.95806121826172,18.96575905905126,12.314465691004196
tanh,0.25,64,64,4,8,32,2000,4,A,6.641930103302002,0.8860344886779785,1.2361477613449097,0.9999999999999999,0.973645671048317
tanh,0.25,64,64,4,8,32,2000,4,B,6.627963542938232,0.791394054889679,0.8910736441612244,0.8873693837723795,0.8867139111639295
tanh,0.25,64,64,4,8,32,2000,4,C,6.748974800109863,19.99721908569336,19.497859954833984,19.99721774168776,2.0151805436168364
tanh,0.25,128,128,4,8,32,2000,0,A,6.741019248962402,1.199066400527954,2.0170342922210693,0.9844645449464234,0.928683377086612
tanh,0.25,128,128,4,8,32,2000,0,B,6.799084186553955,0.8029028177261353,1.3593409061431885,0.9181476073264442,0.8738612432067415
tanh,0.25,128,128,4,8,32,2000,0,C,6.815132141113281,39.984195709228516,39.97571563720703,39.984196625611375,33.515917244724676
tanh,0.25,128,128,4,8,32,2000,1,A,6.713503360748291,1.1297261714935303,1.7292035818099976,0.9672387227028367,0.9143221821057631
tanh,0.25,128,128,4,8,32,2000,1,B,6.6804399490356445,0.8380759954452515,1.4705898761749268,0.899896356774595,0.8668868468872901
tanh,0.25,128,128,4,8,32,2000,1,C,6.7500715255737305,39.42294692993164,39.4319953918457,39.42294380997648,34.14983344090864
tanh,0.25,128,128,4,8,32,2000,2,A,6.59867000579834,1.0960545539855957,1.948818564414978,0.9657505752513876,0.9026686781668907
tanh,0.25,128,128,4,8,32,2000,2,B,6.597552299499512,0.85971999168396,1.985931396484375,0.9024336707284961,0.8861489387459722
tanh,0.25,128,128,4,8,32,2000,2,C,6.704224109649658,39.2537727355957,39.280033111572266,39.25375847454749,32.33687780585725
tanh,0.25,128,128,4,8,32,2000,3,A,6.676936626434326,1.0447945594787598,1.8996869325637817,0.9688506176286225,0.9091295497582749
tanh,0.25,128,128,4,8,32,2000,3,B,6.661866664886475,0.7504503726959229,1.376159429550171,0.8966604630954967,0.8632194980728553
tanh,0.25,128,128,4,8,32,2000,3,C,6.717341423034668,38.35416030883789,38.37091064453125,38.354155593225215,33.16269030709266
tanh,0.25,128,128,4,8,32,2000,4,A,6.70830774307251,1.0566654205322266,2.08135986328125,0.9751988725769231,0.9129340339351414
tanh,0.25,128,128,4,8,32,2000,4,B,6.70871639251709,0.8344409465789795,1.4025958776474,0.9110153843985525,0.8801405689427547
tanh,0.25,128,128,4,8,32,2000,4,C,6.783924579620361,39.366519927978516,39.35972213745117,39.36651831953793,36.61811723493976
tanh,0.25,256,256,4,8,32,2000,0,A,6.889686584472656,1.5197311639785767,3.090837240219116,0.9210084713372337,0.9071780557157345
tanh,0.25,256,256,4,8,32,2000,0,B,6.855276107788086,0.9159758687019348,1.817426323890686,0.9004681634020536,0.8844525672129623
tanh,0.25,256,256,4,8,32,2000,0,C,6.9139485359191895,81.84989929199219,81.84072875976562,81.84985159979774,75.66631021055824
tanh,0.25,256,256,4,8,32,2000,1,A,6.850680828094482,1.5137521028518677,2.827582359313965,0.9209929616651171,0.9000047905120558
tanh,0.25,256,256,4,8,32,2000,1,B,6.799537658691406,0.9167559742927551,1.8430017232894897,0.898536061677266,0.8707006474409468
tanh,0.25,256,256,4,8,32,2000,1,C,6.820829391479492,81.06088256835938,80.98295593261719,81.0608475964474,39.91958320668266
tanh,0.25,256,256,4,8,32,2000,2,A,6.74668025970459,1.2568305730819702,2.702576160430908,0.9190727650983019,0.8986276043819249
tanh,0.25,256,256,4,8,32,2000,2,B,6.759705543518066,0.8837723731994629,1.8717721700668335,0.900151178995699,0.8773167493770342
tanh,0.25,256,256,4,8,32,2000,2,C,6.723773002624512,80.5414047241211,80.5433578491211,80.54142761505123,72.58080732416425
tanh,0.25,256,256,4,8,32,2000,3,A,6.829104423522949,1.473304033279419,2.408416748046875,0.922336370923871,0.9002228637927477
tanh,0.25,256,256,4,8,32,2000,3,B,6.870167255401611,0.9530584216117859,2.1199843883514404,0.9038436381090424,0.8747257533669159
tanh,0.25,256,256,4,8,32,2000,3,C,6.78452730178833,77.86474609375,77.87158966064453,77.86475054550127,72.72870059908186
tanh,0.0,64,64,4,512,2048,128000,0,A,7.029806613922119,0.7549791932106018,1.613373875617981,0.9340680830974454,0.5167511169614899
tanh,0.0,64,64,4,512,2048,128000,0,B,6.936230659484863,0.09194786101579666,0.4360220730304718,0.03611717528757894,0.052693637612704305
tanh,0.0,64,64,4,512,2048,128000,0,C,6.99783992767334,21.226825714111328,21.22325325012207,21.226827485564232,3.7707292840040276
tanh,0.25,256,256,4,8,32,2000,4,A,6.846967697143555,1.446114420890808,2.989187002182007,0.9131706569233434,0.8911362519094762
tanh,0.25,256,256,4,8,32,2000,4,B,6.8489990234375,0.9127634167671204,2.5397958755493164,0.9091444653527002,0.8973120480731742
tanh,0.25,256,256,4,8,32,2000,4,C,6.843971252441406,81.09221649169922,81.089111328125,81.09220267833311,74.94666659944114
tanh,0.0,64,64,4,512,2048,128000,1,A,7.039812088012695,0.7504591345787048,1.6647846698760986,0.9403426341300622,0.5013788326080687
tanh,0.0,64,64,4,512,2048,128000,1,B,6.948480606079102,0.09962475299835205,0.4528517425060272,0.03598927206535131,0.05237961490072193
tanh,0.0,64,64,4,512,2048,128000,1,C,6.9840312004089355,21.260589599609375,21.260541915893555,21.260591685262803,5.005830345027191
tanh,0.25,16,16,4,32,128,8000,0,A,6.702602386474609,0.7666133046150208,0.674405038356781,0.7023606333000549,0.5470012471273145
tanh,0.25,16,16,4,32,128,8000,0,B,6.71930456161499,0.2336096614599228,0.33615171909332275,0.1490846977302034,0.14798729178318595
tanh,0.25,16,16,4,32,128,8000,0,C,6.823262691497803,5.263770580291748,5.239283561706543,5.263771015945514,2.1273286370000877
tanh,0.25,16,16,4,32,128,8000,1,A,6.640061378479004,0.7418502569198608,0.6679027676582336,0.6474738577105968,0.5403570062686929
tanh,0.25,16,16,4,32,128,8000,1,B,6.6567487716674805,0.25944066047668457,0.36407044529914856,0.14519140139398,0.14643429288858967
tanh,0.25,16,16,4,32,128,8000,1,C,6.761445999145508,5.212876796722412,5.15615177154541,5.212877049380599,1.2513061486975359
tanh,0.25,16,16,4,32,128,8000,2,A,6.636115550994873,0.7336829304695129,0.6800011396408081,0.6753996741382357,0.5562087312607467
tanh,0.25,16,16,4,32,128,8000,2,B,6.639110565185547,0.220023974776268,0.2808057367801666,0.15920637416098465,0.16106226125930778
tanh,0.25,16,16,4,32,128,8000,2,C,6.744998931884766,5.183908462524414,5.088363170623779,5.183908757345701,1.2265671418145578
tanh,0.25,16,16,4,32,128,8000,3,A,6.664312362670898,0.7473639249801636,0.6583556532859802,0.6554230412293416,0.5520648838512422
tanh,0.25,16,16,4,32,128,8000,3,B,6.690633773803711,0.23259472846984863,0.3089205026626587,0.14876443579868234,0.15411714423892042
tanh,0.25,16,16,4,32,128,8000,3,C,6.788694381713867,5.152450084686279,5.133956432342529,5.152450664115709,1.3888350092557058
tanh,0.0,64,64,4,512,2048,128000,2,A,7.043642044067383,0.727315366268158,1.6023125648498535,0.9094446488484723,0.501225475213383
tanh,0.0,64,64,4,512,2048,128000,2,B,6.950450897216797,0.09034644812345505,0.4447897970676422,0.0361924198704556,0.05366230383826626
tanh,0.0,64,64,4,512,2048,128000,2,C,6.9820709228515625,21.264604568481445,21.258974075317383,21.264604845687295,4.516670240376172
tanh,0.0,64,64,4,512,2048,128000,3,A,7.043347358703613,0.7074498534202576,1.2046072483062744,0.8617981913307862,0.440472216558857
tanh,0.0,64,64,4,512,2048,128000,3,B,6.951722621917725,0.0848546177148819,0.4795982241630554,0.03596063887852496,0.05379349492161487
tanh,0.0,64,64,4,512,2048,128000,3,C,7.004358291625977,21.260005950927734,21.261152267456055,21.260006410504623,5.1843422884322505
tanh,0.25,16,16,4,32,128,8000,4,A,6.642437934875488,0.8074415326118469,0.6624466776847839,0.7293546596943322,0.5668761838313114
tanh,0.25,16,16,4,32,128,8000,4,B,6.666636943817139,0.23329319059848785,0.2852235436439514,0.15767539148582457,0.1598348569434328
tanh,0.25,16,16,4,32,128,8000,4,C,6.758609771728516,5.238783359527588,5.228194236755371,5.23878362143252,3.0577529600949136
tanh,0.25,64,64,4,32,128,8000,0,A,6.76737117767334,0.9223800897598267,1.3832547664642334,1.0000000000000009,0.8533868191391979
tanh,0.25,64,64,4,32,128,8000,0,B,6.757110118865967,0.5089967846870422,0.7396669983863831,0.5010464859676107,0.47943704571304546
tanh,0.25,64,64,4,32,128,8000,0,C,6.845879554748535,20.98365020751953,20.96270751953125,20.983654381048208,6.0407922161193595
tanh,0.25,64,64,4,32,128,8000,1,A,6.709989547729492,0.9142550230026245,1.3379881381988525,0.9999999999999998,0.8773372896589184
tanh,0.25,64,64,4,32,128,8000,1,B,6.67958402633667,0.48876190185546875,0.8876245021820068,0.49687166287943046,0.48884757204766016
tanh,0.25,64,64,4,32,128,8000,1,C,6.76002311706543,20.714298248291016,20.610008239746094,20.71430214906351,3.874581543371508
tanh,0.25,64,64,4,32,128,8000,2,A,6.693360328674316,0.8977205157279968,1.34525465965271,0.9999999999999996,0.8916537136971254
tanh,0.25,64,64,4,32,128,8000,2,B,6.675806045532227,0.4956095814704895,0.7361135482788086,0.5061894113471885,0.49422842336122413
tanh,0.25,64,64,4,32,128,8000,2,C,6.760449409484863,20.69520378112793,20.69457244873047,20.69521149860781,15.20754085480319
tanh,0.25,64,64,4,32,128,8000,3,A,6.733617782592773,0.923698902130127,1.5551958084106445,1.0000000000000007,0.9391655924840107
tanh,0.25,64,64,4,32,128,8000,3,B,6.7208757400512695,0.4824133515357971,0.7733315825462341,0.5026113854665382,0.49229754495070094
tanh,0.25,64,64,4,32,128,8000,3,C,6.832497596740723,20.81243133544922,20.773569107055664,20.812430986358507,4.483869768469462
tanh,0.25,64,64,4,32,128,8000,4,A,6.720114707946777,0.9034387469291687,1.358359932899475,0.9999999999999993,0.8690555897398341
tanh,0.25,64,64,4,32,128,8000,4,B,6.682154655456543,0.5039166808128357,0.7705958485603333,0.4996162817481883,0.47646341625180344
tanh,0.25,64,64,4,32,128,8000,4,C,6.779160499572754,20.87784194946289,20.860891342163086,20.87784058506947,10.229049308076931
tanh,0.0,64,64,4,512,2048,128000,4,A,7.041830062866211,0.7455530762672424,1.5530050992965698,0.9301314354620928,0.4870696744649602
tanh,0.0,64,64,4,512,2048,128000,4,B,6.9489359855651855,0.0879523754119873,0.4333919286727905,0.03628372572926668,0.052296037323491466
tanh,0.0,64,64,4,512,2048,128000,4,C,6.995663166046143,21.2530517578125,21.24530601501465,21.253052718659106,2.2301113900657943
tanh,0.25,128,128,4,32,128,8000,0,A,6.904110908508301,1.1093316078186035,2.0887744426727295,1.0000000000000002,0.7403844729014575
tanh,0.25,128,128,4,32,128,8000,0,B,6.8606767654418945,0.5776541233062744,1.3447240591049194,0.7501395329264555,0.6471901950825324
tanh,0.25,128,128,4,32,128,8000,0,C,6.89332389831543,42.07375717163086,42.06739807128906,42.0737664417182,25.090156265930478
tanh,0.25,128,128,4,32,128,8000,1,A,6.827009677886963,1.1145153045654297,1.9510798454284668,0.999999999999999,0.7357844514472979
tanh,0.25,128,128,4,32,128,8000,1,B,6.783594131469727,0.5523015260696411,1.0875389575958252,0.7457080095560688,0.6462620169601143
tanh,0.25,128,128,4,32,128,8000,1,C,6.828581809997559,41.4796028137207,41.380287170410156,41.47960000189856,5.865069794698352
tanh,0.25,128,128,4,32,128,8000,2,A,6.826597690582275,1.0643813610076904,1.9810692071914673,1.0000000000000002,0.7498082375601616
tanh,0.25,128,128,4,32,128,8000,2,B,6.770240783691406,0.5818883180618286,1.0214117765426636,0.7555310326005173,0.6463176428373576
tanh,0.25,128,128,4,32,128,8000,2,C,6.812178611755371,41.870662689208984,41.84835433959961,41.870652843128184,14.064565017600833
tanh,0.25,128,128,4,32,128,8000,3,A,6.86357307434082,1.1640403270721436,2.2309648990631104,1.0,0.7569799999843592
tanh,0.25,128,128,4,32,128,8000,3,B,6.826366901397705,0.5936909914016724,1.064443588256836,0.7436007172488444,0.6357196075519318
tanh,0.25,128,128,4,32,128,8000,3,C,6.857727527618408,41.826053619384766,41.738121032714844,41.82605220989818,7.835110894193149
tanh,0.25,128,128,4,32,128,8000,4,A,6.827705383300781,1.112801432609558,2.267298460006714,1.0,0.745031535566536
tanh,0.25,128,128,4,32,128,8000,4,B,6.793431282043457,0.5561057329177856,0.9788346886634827,0.7413753711320504,0.6165292348090766
tanh,0.25,128,128,4,32,128,8000,4,C,6.826140403747559,42.00164794921875,41.950157165527344,42.001641514920856,8.629867628515122
tanh,0.25,256,256,4,32,128,8000,0,A,7.071561813354492,1.678946852684021,3.0357866287231445,0.9284571286232721,0.7653459858872556
tanh,0.25,256,256,4,32,128,8000,0,B,7.056426048278809,0.6361753344535828,1.1839128732681274,0.8390928405768938,0.7122692580904687
tanh,0.25,256,256,4,32,128,8000,0,C,7.044031143188477,84.11368560791016,84.03428649902344,84.11371062860616,11.684408912079139
tanh,0.25,256,256,4,32,128,8000,1,A,6.980398178100586,1.7388795614242554,2.889233350753784,0.9378941939256671,0.7675958744468119
tanh,0.25,256,256,4,32,128,8000,1,B,7.006026268005371,0.5951552391052246,1.258737325668335,0.846832634277339,0.7168061351792391
tanh,0.25,256,256,4,32,128,8000,1,C,6.905945301055908,83.48893737792969,83.41539764404297,83.48891878363001,12.904675473922273
tanh,0.25,256,256,4,32,128,8000,2,A,6.982234477996826,1.6108890771865845,3.158334255218506,0.9439537768871288,0.7793279641444977
tanh,0.25,256,256,4,32,128,8000,2,B,6.956550598144531,0.6013390421867371,1.16363525390625,0.8489895239271642,0.7099759016013835
tanh,0.25,256,256,4,32,128,8000,2,C,6.94015645980835,83.67913055419922,83.04113006591797,83.67911827439255,12.454760199830652
tanh,0.25,256,256,4,32,128,8000,3,A,7.044975757598877,1.7225992679595947,3.0038387775421143,0.9348347444344177,0.7763397545914176
tanh,0.25,256,256,4,32,128,8000,3,B,7.026033401489258,0.6488928198814392,1.4253344535827637,0.8402237793240658,0.7021987416356631
tanh,0.25,256,256,4,32,128,8000,3,C,6.971450328826904,83.08116149902344,83.0058364868164,83.08116782842035,23.121530273490194
tanh,0.25,256,256,4,32,128,8000,4,A,7.013562202453613,1.5124425888061523,2.922562599182129,0.9325870208537915,0.7542051841345537
tanh,0.25,256,256,4,32,128,8000,4,B,6.98447322845459,0.6496765613555908,1.4158048629760742,0.8448215732607385,0.7024032789178136
tanh,0.25,256,256,4,32,128,8000,4,C,6.964661598205566,84.17582702636719,84.13250732421875,84.17581882825502,28.3245358210248
tanh,0.0,128,128,4,512,2048,128000,0,A,7.298813819885254,0.851801335811615,2.0504302978515625,0.9999999999999997,0.7325938129216507
tanh,0.0,128,128,4,512,2048,128000,0,B,7.155735969543457,0.15358304977416992,0.6401652693748474,0.06456356171296045,0.08927351657902811
tanh,0.0,128,128,4,512,2048,128000,0,C,7.057782173156738,42.52074432373047,42.51034927368164,42.5207534347053,4.020517026730078
tanh,0.0,128,128,4,512,2048,128000,1,A,7.3444390296936035,0.854743480682373,3.109534978866577,0.9999999999999997,0.8257249224866151
tanh,0.0,128,128,4,512,2048,128000,1,B,7.176441192626953,0.12768158316612244,0.5240978598594666,0.06441312163187811,0.10099021276573474
tanh,0.0,128,128,4,512,2048,128000,1,C,7.044283866882324,42.57207489013672,42.5652961730957,42.57207896123203,6.018186226399223
tanh,0.0,128,128,4,512,2048,128000,2,A,7.337148189544678,0.9267208576202393,3.2598447799682617,0.9999999999999997,0.7692829023193737
tanh,0.0,128,128,4,512,2048,128000,2,B,7.175290107727051,0.1355808526277542,0.6136194467544556,0.06450405341457782,0.08756423210953325
tanh,0.0,128,128,4,512,2048,128000,2,C,7.046866416931152,42.588748931884766,42.57585525512695,42.58874504809066,5.4038924609457535
tanh,0.0,128,128,4,512,2048,128000,3,A,7.325047492980957,0.8882399201393127,2.604977607727051,1.0000000000000002,0.844486227215856
tanh,0.0,128,128,4,512,2048,128000,3,B,7.161170959472656,0.14563292264938354,0.6255864500999451,0.0643447878183755,0.08727426767058634
tanh,0.0,128,128,4,512,2048,128000,3,C,7.05128288269043,42.57741928100586,42.557823181152344,42.57740597077657,3.820245826456521
tanh,0.0,128,128,4,512,2048,128000,4,A,7.353329658508301,0.8952057957649231,2.117155075073242,1.0000000000000009,0.7235727036002764
tanh,0.0,128,128,4,512,2048,128000,4,B,7.1827826499938965,0.14478611946105957,0.6361766457557678,0.06438866894095105,0.08784935706129544
tanh,0.0,128,128,4,512,2048,128000,4,C,7.047429084777832,42.55241775512695,42.52682113647461,42.55240681211247,3.2712919968251364
tanh,0.25,16,16,4,128,512,32000,0,A,6.766477584838867,0.663737416267395,0.8604546785354614,0.3682209642382715,0.31875610894098017
tanh,0.25,16,16,4,128,512,32000,0,B,6.772157192230225,0.16548842191696167,0.30515268445014954,0.0501243441724838,0.052055545224650994
tanh,0.25,16,16,4,128,512,32000,0,C,6.815529823303223,5.317938327789307,5.314930438995361,5.317939645671455,2.831927708129167
tanh,0.25,16,16,4,128,512,32000,1,A,6.767998695373535,0.6423354148864746,0.9188975691795349,0.36825312541654365,0.30047000698378423
tanh,0.25,16,16,4,128,512,32000,1,B,6.774348258972168,0.1495657116174698,0.3337974548339844,0.04988792885711403,0.050359857468023995
tanh,0.25,16,16,4,128,512,32000,1,C,6.816469192504883,5.307041168212891,5.293211460113525,5.307041569637192,1.5692684777734094
tanh,0.25,16,16,4,128,512,32000,2,A,6.744272232055664,0.6379126906394958,0.8917075395584106,0.37036405528013444,0.3054731554919536
tanh,0.25,16,16,4,128,512,32000,2,B,6.745694160461426,0.15592144429683685,0.33875566720962524,0.0502658784014278,0.053134168111307514
tanh,0.25,16,16,4,128,512,32000,2,C,6.796347618103027,5.3149309158325195,5.309052467346191,5.3149304890783915,2.3696292330624122
tanh,0.25,16,16,4,128,512,32000,3,A,6.762975215911865,0.6687946319580078,0.8777515292167664,0.3798733346194147,0.2954298354981782
tanh,0.25,16,16,4,128,512,32000,3,B,6.759204864501953,0.1470978558063507,0.42126765847206116,0.050085678893383924,0.052631279630713484
tanh,0.25,16,16,4,128,512,32000,3,C,6.805404186248779,5.313844680786133,5.308192729949951,5.31384489418182,2.652463203657395
tanh,0.25,16,16,4,128,512,32000,4,A,6.744434833526611,0.6453855037689209,0.8324488997459412,0.36842596637342934,0.3070803733451019
tanh,0.25,16,16,4,128,512,32000,4,B,6.7500786781311035,0.15737444162368774,0.3496931195259094,0.04884300525512374,0.05172704692108418
tanh,0.25,16,16,4,128,512,32000,4,C,6.785257816314697,5.31305456161499,5.3110480308532715,5.313054349376186,3.0532692817145293
tanh,0.25,64,64,4,128,512,32000,0,A,6.879519462585449,0.917835533618927,1.6599143743515015,1.0000000000000004,0.6325411570344129
tanh,0.25,64,64,4,128,512,32000,0,B,6.832195281982422,0.3006059527397156,0.8887975215911865,0.1384739922613447,0.14164171315875396
tanh,0.25,64,64,4,128,512,32000,0,C,6.838761329650879,21.258346557617188,21.236927032470703,21.258342188777696,4.227224089627327
tanh,0.25,64,64,4,128,512,32000,1,A,6.875749588012695,0.922825038433075,1.417413592338562,0.9999999999999999,0.6295393171592292
tanh,0.25,64,64,4,128,512,32000,1,B,6.8589959144592285,0.2771533131599426,1.0165066719055176,0.13555299073030913,0.14309783977064391
tanh,0.25,64,64,4,128,512,32000,1,C,6.844693183898926,21.200136184692383,21.201522827148438,21.20013928306385,5.511953979556628
tanh,0.25,64,64,4,128,512,32000,2,A,6.857542514801025,0.9219497442245483,1.4904758930206299,1.0000000000000007,0.6664002622685357
tanh,0.25,64,64,4,128,512,32000,2,B,6.80405330657959,0.33163774013519287,0.7475073933601379,0.13868259610775036,0.14052979040616387
tanh,0.25,64,64,4,128,512,32000,2,C,6.826054573059082,21.25088119506836,21.216508865356445,21.2508792085923,2.5309784959073562
tanh,0.25,64,64,4,128,512,32000,3,A,6.877118110656738,0.8987956643104553,1.4471147060394287,1.0,0.6417700909950806
tanh,0.25,64,64,4,128,512,32000,3,B,6.834258079528809,0.3191865086555481,0.68062424659729,0.13681503092639136,0.13911421625466486
tanh,0.25,64,64,4,128,512,32000,3,C,6.835567474365234,21.24335479736328,21.21131134033203,21.24335541532831,3.699964759944387
tanh,0.25,64,64,4,128,512,32000,4,A,6.860562324523926,0.9273810386657715,1.6200003623962402,0.9999999999999999,0.6887558888490235
tanh,0.25,64,64,4,128,512,32000,4,B,6.8169779777526855,0.3360717296600342,0.9053051471710205,0.1376576498188431,0.13913891095409076
tanh,0.25,64,64,4,128,512,32000,4,C,6.816244125366211,21.233274459838867,21.206382751464844,21.233273678446523,4.535644104447986
tanh,0.25,128,128,4,128,512,32000,0,A,7.027534484863281,0.9206488728523254,1.8476213216781616,0.9999999999999994,0.7686315145446659
tanh,0.25,128,128,4,128,512,32000,0,B,6.978870868682861,0.3723548352718353,0.9674748182296753,0.254566216760291,0.26065259653091954
tanh,0.25,128,128,4,128,512,32000,0,C,6.897348403930664,42.51465606689453,42.43595504760742,42.51464191598121,3.3621706472865847
tanh,0.0,256,256,4,512,2048,128000,0,A,7.577486991882324,1.1184744834899902,6.9802656173706055,0.9999999999999997,0.9339118763734336
tanh,0.0,256,256,4,512,2048,128000,0,B,7.45603084564209,0.1878940463066101,0.827242910861969,0.12608224007308674,0.16486445099339525
tanh,0.0,256,256,4,512,2048,128000,0,C,7.2141642570495605,85.17239379882812,85.10585021972656,85.17240234744298,7.697951667261775
tanh,0.25,128,128,4,128,512,32000,1,A,7.039187431335449,0.9448797106742859,1.9168599843978882,1.0000000000000009,0.7644266447375452
tanh,0.25,128,128,4,128,512,32000,1,B,6.979170799255371,0.37799718976020813,1.1344821453094482,0.2563461265064568,0.25934704616058696
tanh,0.25,128,128,4,128,512,32000,1,C,6.9009175300598145,42.40037536621094,42.3586311340332,42.400369160277286,4.513842399317809
tanh,0.25,128,128,4,128,512,32000,2,A,7.009340286254883,0.9529968500137329,1.985447883605957,0.9999999999999997,0.7706530747346475
tanh,0.25,128,128,4,128,512,32000,2,B,6.937631607055664,0.3894912302494049,0.7695005536079407,0.25541810547964144,0.2541728022473536
tanh,0.25,128,128,4,128,512,32000,2,C,6.854368209838867,42.50714111328125,42.280540466308594,42.50713838392625,3.123031402173974
tanh,0.25,128,128,4,128,512,32000,3,A,7.022496223449707,0.9446972608566284,1.8179887533187866,0.9999999999999997,0.7476946614291837
tanh,0.25,128,128,4,128,512,32000,3,B,6.986494064331055,0.3410215675830841,1.092589020729065,0.25483079960703137,0.26188168342219637
tanh,0.25,128,128,4,128,512,32000,3,C,6.881744384765625,42.50934600830078,42.402740478515625,42.50934065440805,2.9223076312306007
tanh,0.25,128,128,4,128,512,32000,4,A,6.994544982910156,0.9387781620025635,1.7998982667922974,1.0000000000000004,0.7629879667156954
tanh,0.25,128,128,4,128,512,32000,4,B,6.948275566101074,0.3964383900165558,0.9566740989685059,0.25534938196027174,0.25761497347121753
tanh,0.25,128,128,4,128,512,32000,4,C,6.856499671936035,42.47003936767578,42.311607360839844,42.470018991244395,3.9790553788483414
tanh,0.25,256,256,4,128,512,32000,0,A,7.184518337249756,1.368496060371399,2.7906458377838135,0.9162175289163024,0.6201033700907088
tanh,0.25,256,256,4,128,512,32000,0,B,7.1548871994018555,0.4339527189731598,0.9640902280807495,0.4703163092847472,0.43665066510203715
tanh,0.25,256,256,4,128,512,32000,0,C,7.0048723220825195,85.03822326660156,84.8770980834961,85.03820429638787,17.191189666042714
tanh,0.25,256,256,4,128,512,32000,1,A,7.2009735107421875,1.4429150819778442,3.051567554473877,0.9340310229818861,0.6371941953208717
tanh,0.25,256,256,4,128,512,32000,1,B,7.1621599197387695,0.4334142804145813,0.9014094471931458,0.4677548342544467,0.43270533691301216
tanh,0.25,256,256,4,128,512,32000,1,C,7.026965141296387,85.02937316894531,84.7895736694336,85.02936564674182,4.20130398408878
tanh,0.25,256,256,4,128,512,32000,2,A,7.162835121154785,1.3889143466949463,3.1285295486450195,0.9209893761813733,0.6178894896485465
tanh,0.25,256,256,4,128,512,32000,2,B,7.1484575271606445,0.4041227698326111,1.1782426834106445,0.4706494931389971,0.4480388312684521
tanh,0.25,256,256,4,128,512,32000,2,C,6.995984077453613,85.04585266113281,84.87744903564453,85.04587480664658,9.129498939258536
tanh,0.25,256,256,4,128,512,32000,3,A,7.1845784187316895,1.4527543783187866,2.8695013523101807,0.9384900486176271,0.6420698548785296
tanh,0.25,256,256,4,128,512,32000,3,B,7.153360843658447,0.40090951323509216,0.9616299867630005,0.4700470195932095,0.4433029823740787
tanh,0.25,256,256,4,128,512,32000,3,C,7.01621675491333,84.9473648071289,84.82811737060547,84.9473515649645,5.122386090111199
tanh,0.25,256,256,4,128,512,32000,4,A,7.177245140075684,1.4473106861114502,3.1580402851104736,0.9271088352445963,0.6278089263709978
tanh,0.25,256,256,4,128,512,32000,4,B,7.138845443725586,0.3877098262310028,0.9291463494300842,0.4709467498031103,0.44927766600085595
tanh,0.25,256,256,4,128,512,32000,4,C,6.994277000427246,85.04086303710938,84.8660888671875,85.04086899682021,6.759329608032464
tanh,0.0,256,256,4,512,2048,128000,2,A,7.583219051361084,1.1925731897354126,6.58344030380249,0.9999999999999999,0.9431043497892395
tanh,0.0,256,256,4,512,2048,128000,2,B,7.440962791442871,0.19067691266536713,1.0977399349212646,0.12614753853886795,0.15974766552363223
tanh,0.0,256,256,4,512,2048,128000,2,C,7.185002326965332,85.24944305419922,85.13920593261719,85.24942510288268,9.078258166677125
tanh,0.0,256,256,4,512,2048,128000,1,A,7.563390731811523,1.1377745866775513,6.210069179534912,1.0000000000000009,0.8969581719222034
tanh,0.0,256,256,4,512,2048,128000,1,B,7.430039882659912,0.22227196395397186,0.8431533575057983,0.1264917232664884,0.15576482449193518
tanh,0.0,256,256,4,512,2048,128000,1,C,7.203427791595459,85.17828369140625,85.06771850585938,85.17828368675761,7.823113465031537
tanh,0.0,256,256,4,512,2048,128000,3,A,7.4865875244140625,0.8032553791999817,2.420353889465332,0.9999999999999992,0.9110345050968331
tanh,0.0,256,256,4,512,2048,128000,3,B,7.486051082611084,0.18470211327075958,0.8917106986045837,0.12612195996460163,0.17001996361766944
tanh,0.0,256,256,4,512,2048,128000,3,C,7.166092872619629,85.18013763427734,85.13282775878906,85.18011331983485,6.403960188906067
tanh,0.0,256,256,4,512,2048,128000,4,A,7.589818000793457,1.2765213251113892,6.842333793640137,1.0000000000000004,0.879707600945229
tanh,0.0,256,256,4,512,2048,128000,4,B,7.4308013916015625,0.20081618428230286,0.7813059687614441,0.1262580817216371,0.16141425660879183
tanh,0.0,256,256,4,512,2048,128000,4,C,7.21235990524292,85.23469543457031,84.92333984375,85.23470909512899,10.25094969324508
tanh,0.25,16,16,4,512,2048,128000,0,A,6.837029933929443,0.656838059425354,1.5679267644882202,0.23774739194597463,0.20803430033356454
tanh,0.25,16,16,4,512,2048,128000,0,B,6.820438385009766,0.070131316781044,1.0844769477844238,0.013227625293311975,0.01893626704164987
tanh,0.25,16,16,4,512,2048,128000,0,C,6.820830345153809,5.328246593475342,5.326818943023682,5.328245889892819,2.2138376960590658
tanh,0.25,16,16,4,512,2048,128000,1,A,6.841330528259277,0.6938983798027039,1.3683929443359375,0.24192001314873832,0.2045999328870931
tanh,0.25,16,16,4,512,2048,128000,1,B,6.824662208557129,0.041932642459869385,0.4877457022666931,0.01353927608907612,0.015419202930477181
tanh,0.25,16,16,4,512,2048,128000,1,C,6.826865196228027,5.328273296356201,5.326765537261963,5.328273268661771,2.2893937423357653
tanh,0.25,16,16,4,512,2048,128000,2,A,6.834774971008301,0.7180313467979431,1.4654587507247925,0.23610491650430937,0.21651882160431232
tanh,0.25,16,16,4,512,2048,128000,2,B,6.813789367675781,0.15433549880981445,0.5515977740287781,0.0134431481136992,0.015832954916467617
tanh,0.25,16,16,4,512,2048,128000,2,C,6.8253254890441895,5.328695297241211,5.327527046203613,5.328694933116839,3.1463367876148913
tanh,0.5,16,16,4,8,32,2000,0,A,6.730883598327637,0.8484296202659607,1.0088462829589844,0.8369819410126431,0.5708593974518196
tanh,0.5,16,16,4,8,32,2000,0,B,6.729142189025879,0.6743254661560059,0.8830560445785522,0.5647066567588526,0.509293445319754
tanh,0.5,16,16,4,8,32,2000,0,C,6.758480548858643,5.168806076049805,4.720608711242676,5.168805887620602,1.0185477727948604
tanh,0.5,16,16,4,8,32,2000,1,A,6.677150249481201,0.9077117443084717,0.9644673466682434,0.9601983077902089,0.7135852442409093
tanh,0.5,16,16,4,8,32,2000,1,B,6.672518253326416,0.6214900612831116,0.9038688540458679,0.5409013117780852,0.4681135580665322
tanh,0.5,16,16,4,8,32,2000,1,C,6.708922386169434,5.114654064178467,4.9122514724731445,5.114654545164959,1.5880148483961591
tanh,0.25,16,16,4,512,2048,128000,3,A,6.830783843994141,0.676006555557251,1.5175509452819824,0.24198479551207144,0.21087969765681927
tanh,0.25,16,16,4,512,2048,128000,3,B,6.817636966705322,0.14110206067562103,0.616812527179718,0.012839260692023964,0.015134738310005953
tanh,0.25,16,16,4,512,2048,128000,3,C,6.81798791885376,5.328877925872803,5.326213836669922,5.328877601659273,1.7398242492767864
tanh,0.5,16,16,4,8,32,2000,2,A,6.5453691482543945,0.8951573967933655,1.021497368812561,1.0000000000000002,0.6636469672677252
tanh,0.5,16,16,4,8,32,2000,2,B,6.545191287994385,0.7455601692199707,0.8342115879058838,0.5408700752972249,0.43882382468502645
tanh,0.5,16,16,4,8,32,2000,2,C,6.56882381439209,5.195464611053467,5.054819583892822,5.195464041500232,1.7893010774074651
tanh,0.5,16,16,4,8,32,2000,3,A,6.640043258666992,0.7942264080047607,0.8671654462814331,0.8585063339338872,0.597415685227633
tanh,0.5,16,16,4,8,32,2000,3,B,6.635817527770996,0.6301371455192566,0.8296428322792053,0.5132460440061056,0.4555839545705463
tanh,0.5,16,16,4,8,32,2000,3,C,6.667973518371582,5.1287360191345215,4.967006683349609,5.1287361014243595,1.328603833850772
tanh,0.25,16,16,4,512,2048,128000,4,A,6.8345232009887695,0.6774373054504395,1.4993484020233154,0.23173230967880054,0.1975830127499239
tanh,0.25,16,16,4,512,2048,128000,4,B,6.821016311645508,0.10576047003269196,0.5850441455841064,0.01287926254348214,0.016521963502017442
tanh,0.25,16,16,4,512,2048,128000,4,C,6.816519737243652,5.32826042175293,5.326801300048828,5.3282609118756215,1.9627123142860337
tanh,0.5,16,16,4,8,32,2000,4,A,6.690706729888916,0.7935453653335571,0.8438253998756409,0.8013283286916211,0.5862979899028561
tanh,0.5,16,16,4,8,32,2000,4,B,6.686679840087891,0.5365706086158752,0.648872435092926,0.525717874612785,0.40912475196929
tanh,0.5,16,16,4,8,32,2000,4,C,6.717942237854004,5.124037742614746,5.070814609527588,5.124037536791152,2.1296517094174368
tanh,0.5,64,64,4,8,32,2000,0,A,6.768049240112305,1.1187739372253418,1.9820489883422852,0.9999999999999994,0.8882867442845528
tanh,0.5,64,64,4,8,32,2000,0,B,6.777776718139648,0.7411820292472839,1.201832890510559,0.7884363248537439,0.7176966330061425
tanh,0.5,64,64,4,8,32,2000,0,C,6.783755779266357,20.541336059570312,20.506872177124023,20.541333950793085,10.261981050007655
tanh,0.5,64,64,4,8,32,2000,1,A,6.719212532043457,1.2333980798721313,2.3759560585021973,1.0,0.880836363983105
tanh,0.5,64,64,4,8,32,2000,1,B,6.69932222366333,0.8573405146598816,2.0541462898254395,0.8355922826363749,0.7662848427528933
tanh,0.5,64,64,4,8,32,2000,1,C,6.738259792327881,20.199121475219727,19.643596649169922,20.199127752078276,3.7200207056052204
tanh,0.5,64,64,4,8,32,2000,2,A,6.585420608520508,1.1693583726882935,2.669343948364258,0.9999999999999998,0.8867205502618308
tanh,0.5,64,64,4,8,32,2000,2,B,6.587862014770508,0.822311520576477,1.935950756072998,0.866138879877982,0.7733757231988431
tanh,0.5,64,64,4,8,32,2000,2,C,6.60161018371582,20.697832107543945,20.07668685913086,20.697830544667127,4.6061677306040885
tanh,0.5,64,64,4,8,32,2000,3,A,6.678986549377441,1.1974486112594604,2.141650915145874,0.9999999999999998,0.9224251309709968
tanh,0.5,64,64,4,8,32,2000,3,B,6.680776596069336,0.7609918713569641,1.1399081945419312,0.819583485285611,0.7532252654900669
tanh,0.5,64,64,4,8,32,2000,3,C,6.674065589904785,19.836170196533203,19.84127426147461,19.83616972217515,17.552794557824903
tanh,0.5,64,64,4,8,32,2000,4,A,6.71790075302124,1.0619940757751465,1.6727172136306763,1.0000000000000009,0.8902751441147085
tanh,0.5,64,64,4,8,32,2000,4,B,6.7237067222595215,0.6839901804924011,0.9201691746711731,0.8205503105549716,0.7558408935922708
tanh,0.5,64,64,4,8,32,2000,4,C,6.735142707824707,20.411579132080078,20.423757553100586,20.41157720906911,10.21377458198534
tanh,0.5,128,128,4,8,32,2000,0,A,6.813519477844238,1.6984431743621826,3.2898404598236084,0.9650857240818692,0.8974030389780046
tanh,0.5,128,128,4,8,32,2000,0,B,6.852319717407227,0.8194400072097778,1.5035802125930786,0.8986760646185096,0.8409855420918976
tanh,0.5,128,128,4,8,32,2000,0,C,6.82955265045166,40.79435729980469,40.76052474975586,40.79434728979727,21.84192726957131
tanh,0.5,128,128,4,8,32,2000,1,A,6.782743453979492,1.5118560791015625,2.7728681564331055,0.9423470603658255,0.8846654682478706
tanh,0.5,128,128,4,8,32,2000,1,B,6.757157802581787,0.9168666005134583,3.426752805709839,0.8677881374885767,0.803166562367863
tanh,0.5,128,128,4,8,32,2000,1,C,6.74322509765625,40.2597541809082,40.25733184814453,40.25975485855985,31.071508827211368
tanh,0.5,128,128,4,8,32,2000,2,A,6.625528335571289,1.5321145057678223,2.908804178237915,0.9859509454764875,0.8989582868095363
tanh,0.5,128,128,4,8,32,2000,2,B,6.623509407043457,1.1023815870285034,3.2753589153289795,0.8920286067416268,0.8251067734848998
tanh,0.5,128,128,4,8,32,2000,2,C,6.623218536376953,41.396568298339844,41.360111236572266,41.39657985431215,21.07078924045136
tanh,0.5,128,128,4,8,32,2000,3,A,6.738862037658691,1.5256503820419312,2.8485870361328125,0.9614018909975415,0.8718643957408038
tanh,0.5,128,128,4,8,32,2000,3,B,6.721591949462891,0.8248084187507629,2.2330281734466553,0.8978900670433522,0.8346220310115025
tanh,0.5,128,128,4,8,32,2000,3,C,6.702393531799316,38.96755599975586,39.06858825683594,38.96754201560415,27.854304855464484
tanh,0.5,128,128,4,8,32,2000,4,A,6.7992401123046875,1.441264271736145,3.4096686840057373,0.956968994789697,0.8844637815775448
tanh,0.5,128,128,4,8,32,2000,4,B,6.77790641784668,0.8925550580024719,2.173494815826416,0.8769284821460498,0.7997999412334433
tanh,0.5,128,128,4,8,32,2000,4,C,6.758525848388672,39.866981506347656,39.89553451538086,39.8669845588457,36.80852071905855
tanh,0.5,256,256,4,8,32,2000,0,A,6.9761457443237305,2.345006227493286,4.429579734802246,0.9224890901607347,0.8969938352906814
tanh,0.5,256,256,4,8,32,2000,0,B,6.928670883178711,0.9457483887672424,1.756042242050171,0.906239001599414,0.881117331336805
tanh,0.5,256,256,4,8,32,2000,0,C,6.920627593994141,81.98880004882812,81.99164581298828,81.98879427665375,75.31938979831104
tanh,0.5,256,256,4,8,32,2000,1,A,6.910375595092773,2.2518460750579834,3.5089807510375977,0.9171321591983442,0.8943184687990382
tanh,0.5,256,256,4,8,32,2000,1,B,6.872315406799316,1.07439124584198,2.0843114852905273,0.9047900338619332,0.8825440096721343
tanh,0.5,256,256,4,8,32,2000,1,C,6.826201915740967,81.92637634277344,81.84808349609375,81.9263866597077,41.72797581872273
tanh,0.25,64,64,4,512,2048,128000,0,A,7.003668785095215,0.9313197135925293,1.5575413703918457,1.0000000000000002,0.43957310264837435
tanh,0.25,64,64,4,512,2048,128000,0,B,6.934768199920654,0.22523358464241028,0.6980133652687073,0.03274133189774721,0.044528276240724876
tanh,0.25,64,64,4,512,2048,128000,0,C,6.844930171966553,21.31071662902832,21.302448272705078,21.3107179000374,5.606414629900703
tanh,0.5,256,256,4,8,32,2000,2,A,6.78109073638916,1.8259100914001465,3.7922046184539795,0.9160586404030665,0.8795163608253389
tanh,0.5,256,256,4,8,32,2000,2,B,6.745562553405762,1.0309110879898071,2.2195804119110107,0.9054835029306987,0.8825924264601538
tanh,0.5,256,256,4,8,32,2000,2,C,6.664568901062012,82.99115753173828,82.98906707763672,82.9911356397372,76.47564749330627
tanh,0.5,256,256,4,8,32,2000,3,A,6.88835334777832,1.8616667985916138,3.545463800430298,0.9209633858683925,0.8988081741083183
tanh,0.5,256,256,4,8,32,2000,3,B,6.887178897857666,1.2178034782409668,3.40216064453125,0.9076567156354907,0.8754732659038277
tanh,0.5,256,256,4,8,32,2000,3,C,6.812404155731201,74.68013000488281,74.78286743164062,74.68009884045526,65.74875126254817
tanh,0.25,64,64,4,512,2048,128000,1,A,7.012335777282715,0.9591798186302185,1.8294463157653809,0.9862461024915932,0.5730655207487978
tanh,0.25,64,64,4,512,2048,128000,1,B,6.933592796325684,0.218309223651886,0.8015437722206116,0.032738933871678366,0.044586738023965136
tanh,0.25,64,64,4,512,2048,128000,1,C,6.870392799377441,21.311147689819336,21.300138473510742,21.31114512019065,4.686596925671438
tanh,0.5,256,256,4,8,32,2000,4,A,6.913999557495117,1.565065860748291,2.7952871322631836,0.9158018365875426,0.887128452017561
tanh,0.5,256,256,4,8,32,2000,4,B,6.923913955688477,0.9813809990882874,2.501964807510376,0.9033854882831784,0.8758543258974573
tanh,0.5,256,256,4,8,32,2000,4,C,6.816832542419434,82.66261291503906,82.64663696289062,82.66262309472683,71.27696908955942
tanh,0.5,16,16,4,32,128,8000,1,A,6.657537937164307,0.9725300073623657,1.3024531602859497,0.8657868218909847,0.5434592560446095
tanh,0.5,16,16,4,32,128,8000,1,B,6.646586894989014,0.3735722005367279,0.7363263964653015,0.19030003557134245,0.1815399441539518
tanh,0.5,16,16,4,32,128,8000,1,C,6.664870262145996,5.24910306930542,5.202974796295166,5.249104110495715,1.6602030967152968
tanh,0.5,16,16,4,32,128,8000,0,A,6.743739128112793,0.9232826828956604,1.2945172786712646,0.850445532581794,0.5429866490680705
tanh,0.5,16,16,4,32,128,8000,0,B,6.742373943328857,0.3218449056148529,0.7088273167610168,0.16955409708596142,0.16852095142621631
tanh,0.5,16,16,4,32,128,8000,0,C,6.7675251960754395,5.266112804412842,5.242412567138672,5.266112495318635,2.548651481834796
tanh,0.5,16,16,4,32,128,8000,2,A,6.641538143157959,0.8881428837776184,1.0329269170761108,0.8520842247959386,0.5218532900819667
tanh,0.5,16,16,4,32,128,8000,2,B,6.633254051208496,0.30264419317245483,0.6827366948127747,0.18262546415863123,0.18164582150917788
tanh,0.5,16,16,4,32,128,8000,2,C,6.66500186920166,5.274212837219238,5.228748798370361,5.274213322523758,1.4151163411310321
tanh,0.5,16,16,4,32,128,8000,3,A,6.699881553649902,0.996742844581604,1.16465425491333,0.9093139205379386,0.5603800662033627
tanh,0.5,16,16,4,32,128,8000,3,B,6.70258092880249,0.3147711455821991,0.5910213589668274,0.18455785215012346,0.18483083079452448
tanh,0.5,16,16,4,32,128,8000,3,C,6.718559265136719,5.2110700607299805,5.18664026260376,5.211069564615992,1.629013537912445
tanh,0.5,16,16,4,32,128,8000,4,A,6.658346652984619,0.9566759467124939,1.0713655948638916,0.890118062157502,0.5637575956900029
tanh,0.5,16,16,4,32,128,8000,4,B,6.658102989196777,0.37535175681114197,0.5299306511878967,0.19132312010081587,0.18596376353092317
tanh,0.5,16,16,4,32,128,8000,4,C,6.674958229064941,5.233076572418213,5.166045188903809,5.233076723639798,1.4078663679791172
tanh,0.25,64,64,4,512,2048,128000,2,A,6.9971818923950195,0.9242663383483887,1.762678623199463,1.0000000000000004,0.4349497312854958
tanh,0.25,64,64,4,512,2048,128000,2,B,6.922900199890137,0.17872044444084167,0.7451996803283691,0.03261897528330349,0.042931338446439295
tanh,0.25,64,64,4,512,2048,128000,2,C,6.855138778686523,21.310205459594727,21.30367088317871,21.31020343706395,6.178607162674131
tanh,0.25,64,64,4,512,2048,128000,3,A,7.0001091957092285,0.9201661348342896,1.731732726097107,1.0,0.44036084238516626
tanh,0.25,64,64,4,512,2048,128000,3,B,6.92990779876709,0.2202000468969345,0.9352322220802307,0.03284093972674514,0.04706790901766096
tanh,0.25,64,64,4,512,2048,128000,3,C,6.860235214233398,21.311386108398438,21.30206298828125,21.311384404827848,4.737657510351251
tanh,0.5,64,64,4,32,128,8000,0,A,6.814262866973877,1.1669045686721802,2.197260618209839,1.0,0.7438148160232685
tanh,0.5,64,64,4,32,128,8000,0,B,6.806788921356201,0.5026403069496155,1.150002121925354,0.48592398190722763,0.4452626796599983
tanh,0.5,64,64,4,32,128,8000,0,C,6.782780647277832,21.03362464904785,21.030555725097656,21.033620729576676,11.377564849650915
tanh,0.5,64,64,4,32,128,8000,1,A,6.715420722961426,1.2663692235946655,2.425922393798828,1.0000000000000007,0.7506728579546412
tanh,0.5,64,64,4,32,128,8000,1,B,6.697099685668945,0.6336904764175415,1.8472844362258911,0.4924424699697059,0.4407992034802125
tanh,0.5,64,64,4,32,128,8000,1,C,6.69913387298584,20.876693725585938,20.75918960571289,20.876695828886103,4.734766874322534
tanh,0.5,64,64,4,32,128,8000,2,A,6.701489448547363,1.2244439125061035,3.2114317417144775,1.0000000000000002,0.7424218754471937
tanh,0.5,64,64,4,32,128,8000,2,B,6.691377639770508,0.5412948727607727,1.533602237701416,0.48776838410612045,0.4482485313483405
tanh,0.5,64,64,4,32,128,8000,2,C,6.6804399490356445,20.988597869873047,20.989221572875977,20.988601354492936,5.560392715961626
tanh,0.5,64,64,4,32,128,8000,3,A,6.776719093322754,1.2984908819198608,3.170823097229004,1.0000000000000009,0.7619454439603823
tanh,0.5,64,64,4,32,128,8000,3,B,6.769864559173584,0.5175502300262451,1.5987058877944946,0.5000358129530015,0.4713950253734925
tanh,0.5,64,64,4,32,128,8000,3,C,6.757575988769531,20.944169998168945,20.902252197265625,20.944172006675615,5.3234307350924945
tanh,0.5,64,64,4,32,128,8000,4,A,6.735669136047363,1.1854681968688965,2.3616788387298584,1.0000000000000004,0.7325699377365193
tanh,0.5,64,64,4,32,128,8000,4,B,6.710938930511475,0.5942682027816772,1.6231064796447754,0.49669581906145677,0.45647071388664806
tanh,0.5,64,64,4,32,128,8000,4,C,6.715546607971191,20.850011825561523,20.558300018310547,20.850013478751244,3.8788186138821747
tanh,0.5,128,128,4,32,128,8000,0,A,6.922426223754883,1.722940444946289,3.054548978805542,0.9303102883813984,0.7345507088590895
tanh,0.5,128,128,4,32,128,8000,0,B,6.896434783935547,0.6808388233184814,1.8014954328536987,0.7120215798400092,0.5951580285919814
tanh,0.5,128,128,4,32,128,8000,0,C,6.826725006103516,41.99685287475586,41.99720764160156,41.99684678798532,25.913924581710873
tanh,0.25,64,64,4,512,2048,128000,4,A,7.005395412445068,0.9131847023963928,1.7801461219787598,0.9999999999999988,0.4338614595155813
tanh,0.25,64,64,4,512,2048,128000,4,B,6.934963226318359,0.22856979072093964,0.8841788172721863,0.03277415562271044,0.04723547634454453
tanh,0.25,64,64,4,512,2048,128000,4,C,6.859148979187012,21.312837600708008,21.297624588012695,21.31283796210489,2.081595980282074
tanh,0.5,128,128,4,32,128,8000,1,A,6.810859680175781,1.6720139980316162,3.1016788482666016,0.9429587844593273,0.7201751656779511
tanh,0.5,128,128,4,32,128,8000,1,B,6.782128810882568,0.7973399758338928,1.805031180381775,0.7188020055491661,0.585827935091012
tanh,0.5,128,128,4,32,128,8000,1,C,6.734124183654785,41.952232360839844,41.9241828918457,41.95223691746764,8.281112168474413
tanh,0.5,128,128,4,32,128,8000,2,A,6.804332733154297,1.5169662237167358,2.8007829189300537,0.9647996992110919,0.733658199783483
tanh,0.5,128,128,4,32,128,8000,2,B,6.781351566314697,0.824532151222229,1.9516199827194214,0.7251700091667073,0.5953107072913696
tanh,0.5,128,128,4,32,128,8000,2,C,6.744358062744141,41.999881744384766,41.88132858276367,41.99988865482055,7.640449063417869
tanh,0.5,128,128,4,32,128,8000,3,A,6.8770294189453125,1.7109143733978271,3.1601765155792236,0.9306262325287519,0.7203396901590474
tanh,0.5,128,128,4,32,128,8000,3,B,6.846051216125488,0.7305516004562378,1.8478188514709473,0.7244311113460318,0.5937404564081754
tanh,0.5,128,128,4,32,128,8000,3,C,6.800586700439453,41.789466857910156,41.76887130737305,41.7894612146883,10.460503185906518
tanh,0.5,128,128,4,32,128,8000,4,A,6.820562362670898,1.630283236503601,2.9807448387145996,0.9385256963001378,0.7147416262420094
tanh,0.5,128,128,4,32,128,8000,4,B,6.78611946105957,0.6892980337142944,1.6584887504577637,0.7343322269037864,0.5949670545017619
tanh,0.5,128,128,4,32,128,8000,4,C,6.768263816833496,41.724361419677734,41.576053619384766,41.72436908852865,8.871655776391316
tanh,0.5,256,256,4,32,128,8000,0,A,7.066941261291504,2.1715588569641113,3.642874002456665,0.9339722750982407,0.7855047424530947
tanh,0.5,256,256,4,32,128,8000,0,B,7.104830741882324,0.7478349208831787,1.44083571434021,0.8479670902329995,0.7094043788959082
tanh,0.5,256,256,4,32,128,8000,0,C,6.985644340515137,84.19014739990234,84.01238250732422,84.19013187626949,11.337320686972488
tanh,0.5,256,256,4,32,128,8000,1,A,6.993061065673828,2.139248847961426,3.279595375061035,0.9332274374583567,0.7724275668050405
tanh,0.5,256,256,4,32,128,8000,1,B,6.9608869552612305,0.8091315627098083,1.6949923038482666,0.8413611672121001,0.712664960042229
tanh,0.5,256,256,4,32,128,8000,1,C,6.856792449951172,84.13013458251953,84.06999206542969,84.13013108502132,19.191113080703193
tanh,0.5,256,256,4,32,128,8000,2,A,6.944948673248291,2.0945398807525635,3.3473076820373535,0.9453962275738227,0.7923999694389725
tanh,0.5,256,256,4,32,128,8000,2,B,6.93430233001709,0.7816154956817627,1.9239890575408936,0.8454627391545035,0.714333113617481
tanh,0.5,256,256,4,32,128,8000,2,C,6.866313457489014,84.190673828125,83.20809173583984,84.19067609961155,7.763802162539773
tanh,0.5,256,256,4,32,128,8000,3,A,7.012700080871582,2.34968638420105,3.8616714477539062,0.9451661733437817,0.8117564996468879
tanh,0.5,256,256,4,32,128,8000,3,B,7.021123886108398,0.9171550273895264,2.028743267059326,0.8393802369897246,0.7062322080136871
tanh,0.5,256,256,4,32,128,8000,3,C,6.914847373962402,83.49473571777344,83.44376373291016,83.49471569993328,13.457609049966342
tanh,0.5,256,256,4,32,128,8000,4,A,6.991182804107666,2.0498359203338623,3.240464210510254,0.9408296819879843,0.7769851633201252
tanh,0.5,256,256,4,32,128,8000,4,B,6.990303993225098,0.7463558912277222,1.4082679748535156,0.8313579873468121,0.6931319461964276
tanh,0.5,256,256,4,32,128,8000,4,C,6.879019737243652,83.8064193725586,83.73172760009766,83.80645933622178,14.971609127178994
tanh,0.25,128,128,4,512,2048,128000,1,A,7.255630016326904,0.9153326749801636,1.7607284784317017,0.9999999999999993,0.7818020212728544
tanh,0.25,128,128,4,512,2048,128000,1,B,7.120793342590332,0.19622866809368134,0.7868577837944031,0.06383301389041603,0.08420548481221288
tanh,0.25,128,128,4,512,2048,128000,1,C,6.931667327880859,42.6260871887207,42.60979080200195,42.62609354996045,9.526485030626391
tanh,0.25,128,128,4,512,2048,128000,0,A,7.231489658355713,0.9077482223510742,1.7716652154922485,1.0,0.6331524900491318
tanh,0.25,128,128,4,512,2048,128000,0,B,7.094347953796387,0.20984725654125214,0.8573039174079895,0.06390065480795433,0.08338523479688877
tanh,0.25,128,128,4,512,2048,128000,0,C,6.928165435791016,42.62968063354492,42.60237503051758,42.62967249361695,8.618055695291531
tanh,0.25,128,128,4,512,2048,128000,2,A,7.223268508911133,0.9038134813308716,1.7399144172668457,1.0000000000000002,0.6441980572278996
tanh,0.25,128,128,4,512,2048,128000,2,B,7.107208251953125,0.24903661012649536,0.9911978244781494,0.0639797341014486,0.08510548089308229
tanh,0.25,128,128,4,512,2048,128000,2,C,6.902482509613037,42.62856674194336,42.608680725097656,42.62856072891053,4.068889229925306
tanh,0.25,128,128,4,512,2048,128000,3,A,7.214305877685547,0.9344998002052307,1.5254645347595215,1.0000000000000004,0.6335273003687734
tanh,0.25,128,128,4,512,2048,128000,3,B,7.1314239501953125,0.21272659301757812,0.8869953751564026,0.06367804391327642,0.08678345996559553
tanh,0.25,128,128,4,512,2048,128000,3,C,6.930596351623535,42.6296501159668,42.587303161621094,42.62965974023396,5.37561624779586
tanh,0.25,128,128,4,512,2048,128000,4,A,7.217861175537109,0.9138485193252563,1.6539027690887451,1.0000000000000009,0.6505412171143677
tanh,0.25,128,128,4,512,2048,128000,4,B,7.117883205413818,0.19267646968364716,0.8554398417472839,0.06373935884794578,0.08514519661626975
tanh,0.25,128,128,4,512,2048,128000,4,C,6.915951728820801,42.62954330444336,42.588844299316406,42.62953782149766,7.892911227275604
tanh,0.5,16,16,4,128,512,32000,1,A,6.7250494956970215,1.0101100206375122,2.3798205852508545,0.3845873867219924,0.2988568194201507
tanh,0.5,16,16,4,128,512,32000,1,B,6.718626022338867,0.3136959969997406,1.4048649072647095,0.043203526151526964,0.04594827559307612
tanh,0.5,16,16,4,128,512,32000,1,C,6.709930896759033,5.313638687133789,5.305163860321045,5.313638274520583,1.761043146952464
tanh,0.5,16,16,4,128,512,32000,0,A,6.7090606689453125,0.9858016967773438,2.340418815612793,0.3471184652764937,0.28191543628309024
tanh,0.5,16,16,4,128,512,32000,0,B,6.700317859649658,0.25587329268455505,2.0885260105133057,0.03679665059123248,0.04099578962453047
tanh,0.5,16,16,4,128,512,32000,0,C,6.706093788146973,5.31770133972168,5.312119483947754,5.31770099716285,1.9764325154476328
tanh,0.5,16,16,4,128,512,32000,2,A,6.6821441650390625,0.9699668288230896,2.1486241817474365,0.3423236971048853,0.29212042269123506
tanh,0.5,16,16,4,128,512,32000,2,B,6.663573265075684,0.29684507846832275,1.753657579421997,0.03992107109938781,0.046295544457742865
tanh,0.5,16,16,4,128,512,32000,2,C,6.678684234619141,5.316000461578369,5.3035383224487305,5.3160006400201585,1.761295521151205
tanh,0.5,16,16,4,128,512,32000,3,A,6.704548358917236,1.0046896934509277,2.3924827575683594,0.36699668647629935,0.28389641169140795
tanh,0.5,16,16,4,128,512,32000,3,B,6.696968078613281,0.24153654277324677,1.3457090854644775,0.03972542908255906,0.04403887032290776
tanh,0.5,16,16,4,128,512,32000,3,C,6.701103687286377,5.315537452697754,5.3064775466918945,5.3155380923236555,1.7621291569726465
tanh,0.5,16,16,4,128,512,32000,4,A,6.675647735595703,0.9745783805847168,2.0688118934631348,0.33589487716460703,0.2712364851104576
tanh,0.5,16,16,4,128,512,32000,4,B,6.665500640869141,0.191350057721138,1.633334994316101,0.04115619416022876,0.05441591030219882
tanh,0.5,16,16,4,128,512,32000,4,C,6.656275272369385,5.315102577209473,5.307348728179932,5.315102748032622,1.9659229144464603
tanh,0.5,64,64,4,128,512,32000,0,A,6.820542812347412,1.016715168952942,2.0779190063476562,1.0000000000000002,0.6977232975718959
tanh,0.5,64,64,4,128,512,32000,0,B,6.775384902954102,0.5078305602073669,1.5175631046295166,0.130149570244949,0.13441953347071509
tanh,0.5,64,64,4,128,512,32000,0,C,6.742423057556152,21.25517463684082,21.22873878479004,21.255174471755353,4.589488059405673
tanh,0.5,64,64,4,128,512,32000,1,A,6.8303985595703125,1.0254877805709839,2.122918128967285,0.9999999999999997,0.6933069079824589
tanh,0.5,64,64,4,128,512,32000,1,B,6.790123462677002,0.49563559889793396,1.859663963317871,0.13067062527018855,0.1322048521717803
tanh,0.5,64,64,4,128,512,32000,1,C,6.735757827758789,21.251855850219727,21.159231185913086,21.251858605185227,1.4900008209208302
tanh,0.5,64,64,4,128,512,32000,2,A,6.788090705871582,1.0194083452224731,2.0217032432556152,0.9999999999999999,0.700659966789822
tanh,0.5,64,64,4,128,512,32000,2,B,6.749856948852539,0.47335490584373474,1.0982753038406372,0.13015767111181603,0.13103769158427483
tanh,0.5,64,64,4,128,512,32000,2,C,6.709312438964844,21.241256713867188,21.200063705444336,21.241260983376332,4.396997258165357
tanh,0.5,64,64,4,128,512,32000,3,A,6.808950424194336,1.026332974433899,2.134002447128296,0.9999999999999999,0.6748200573747076
tanh,0.5,64,64,4,128,512,32000,3,B,6.7806549072265625,0.5060942769050598,1.5174500942230225,0.13095651040922665,0.1349301472700866
tanh,0.5,64,64,4,128,512,32000,3,C,6.729864120483398,21.24998664855957,21.169452667236328,21.24998691676499,2.4313590018305935
tanh,0.5,64,64,4,128,512,32000,4,A,6.781601905822754,1.0305202007293701,2.410527229309082,1.0000000000000007,0.7259820387013882
tanh,0.5,64,64,4,128,512,32000,4,B,6.752902030944824,0.5912472605705261,1.7208342552185059,0.130772431649121,0.13303671333159428
tanh,0.5,64,64,4,128,512,32000,4,C,6.712503910064697,21.251985549926758,21.2081356048584,21.251984868169252,4.736511800068818
tanh,0.5,128,128,4,128,512,32000,0,A,6.960838317871094,1.0743352174758911,2.0210132598876953,0.9999999999999998,0.758757637786892
tanh,0.5,128,128,4,128,512,32000,0,B,6.9040117263793945,0.5402956008911133,1.152323603630066,0.25305781106024844,0.26132182585180447
tanh,0.5,128,128,4,128,512,32000,0,C,6.7784857749938965,42.532798767089844,42.43746566772461,42.5327949752674,5.000767301598677
tanh,0.5,128,128,4,128,512,32000,1,A,6.988544940948486,1.1120340824127197,2.2739481925964355,0.9999999999999998,0.7708217645949559
tanh,0.5,128,128,4,128,512,32000,1,B,6.915919780731201,0.46736064553260803,1.268336534500122,0.2545215545106447,0.25430156977633955
tanh,0.5,128,128,4,128,512,32000,1,C,6.788860321044922,42.498924255371094,42.417911529541016,42.498919052771306,7.744951660635552
tanh,0.25,256,256,4,512,2048,128000,0,A,7.3856730461120605,0.9838007092475891,3.1155309677124023,1.0000000000000002,0.7659347529283002
tanh,0.25,256,256,4,512,2048,128000,0,B,7.35214900970459,0.22846780717372894,1.0500435829162598,0.1262015574726173,0.15878855250491092
tanh,0.25,256,256,4,512,2048,128000,0,C,7.0576863288879395,85.25296783447266,85.17567443847656,85.25293428780958,9.047580835008878
tanh,0.5,128,128,4,128,512,32000,2,A,6.93138313293457,1.1034176349639893,2.2026820182800293,1.0000000000000004,0.766630027658903
tanh,0.5,128,128,4,128,512,32000,2,B,6.878269672393799,0.5553081035614014,1.2691643238067627,0.25474573863254973,0.2601042755991298
tanh,0.5,128,128,4,128,512,32000,2,C,6.725157260894775,42.489479064941406,42.4327278137207,42.48947304469412,3.422273894823972
tanh,0.5,128,128,4,128,512,32000,3,A,6.949265956878662,1.0968375205993652,2.2320268154144287,0.9999999999999997,0.7756993208816073
tanh,0.5,128,128,4,128,512,32000,3,B,6.894903659820557,0.6656568646430969,1.6362351179122925,0.2542086440940943,0.2597777960673658
tanh,0.5,128,128,4,128,512,32000,3,C,6.7921881675720215,42.52243423461914,42.396934509277344,42.52243553721768,4.04394313393342
tanh,0.5,128,128,4,128,512,32000,4,A,6.92783260345459,1.1254255771636963,2.1071741580963135,1.0000000000000007,0.751465875877109
tanh,0.5,128,128,4,128,512,32000,4,B,6.852937698364258,0.5925886631011963,1.5154184103012085,0.25477090501207794,0.25625783914354333
tanh,0.5,128,128,4,128,512,32000,4,C,6.747968673706055,42.50481033325195,42.39792251586914,42.50480740017449,7.664010263526715
tanh,0.5,256,256,4,128,512,32000,0,A,7.088290214538574,1.8894574642181396,3.393649101257324,0.935193341036617,0.6524169584571652
tanh,0.5,256,256,4,128,512,32000,0,B,7.088189601898193,0.49638932943344116,1.535077691078186,0.47164732047911384,0.4446085121624086
tanh,0.5,256,256,4,128,512,32000,0,C,6.900773525238037,85.07943725585938,84.84364318847656,85.07944673882663,7.678434279436862
tanh,0.5,256,256,4,128,512,32000,1,A,7.116040229797363,1.8446663618087769,3.0759341716766357,0.9371512533947899,0.647610261097686
tanh,0.5,256,256,4,128,512,32000,1,B,7.109867095947266,0.4788776636123657,1.5097614526748657,0.4697365122388298,0.4421613093078054
tanh,0.5,256,256,4,128,512,32000,1,C,6.935242652893066,84.95677185058594,84.48258209228516,84.95678313573242,4.222784366891845
tanh,0.5,256,256,4,128,512,32000,2,A,7.067676544189453,1.8641115427017212,3.056269884109497,0.940384739843721,0.6424802452066054
tanh,0.5,256,256,4,128,512,32000,2,B,7.091691017150879,0.5625635981559753,1.475590705871582,0.4700443656550582,0.4460224731457152
tanh,0.5,256,256,4,128,512,32000,2,C,6.872725009918213,85.06825256347656,84.86537170410156,85.06819560282224,12.601259363529826
tanh,0.5,256,256,4,128,512,32000,3,A,7.093630790710449,1.8287850618362427,3.274345636367798,0.9395263949873657,0.6462874879149122
tanh,0.5,256,256,4,128,512,32000,3,B,7.099002361297607,0.5924552083015442,1.3300875425338745,0.46900128350431264,0.43220855286280446
tanh,0.5,256,256,4,128,512,32000,3,C,6.920444488525391,85.02862548828125,84.9040298461914,85.02862561135949,5.4810428303003835
tanh,0.5,256,256,4,128,512,32000,4,A,7.043785095214844,1.9006149768829346,3.265350580215454,0.9449937836011176,0.6423118627327953
tanh,0.5,256,256,4,128,512,32000,4,B,7.061389923095703,0.5147071480751038,1.3794548511505127,0.46918794467320907,0.4445512489109742
tanh,0.5,256,256,4,128,512,32000,4,C,6.884879112243652,84.97123718261719,84.53602600097656,84.9712552714394,11.6984579116993
tanh,0.25,256,256,4,512,2048,128000,2,A,7.360879421234131,0.8673365116119385,2.9432761669158936,0.9999999999999996,0.7497896688141448
tanh,0.25,256,256,4,512,2048,128000,2,B,7.3382158279418945,0.24556101858615875,0.9369379878044128,0.1261955545460053,0.1649535151482738
tanh,0.25,256,256,4,512,2048,128000,2,C,7.012589454650879,85.24862670898438,85.12478637695312,85.24863714322228,13.807825621250833
tanh,0.25,256,256,4,512,2048,128000,1,A,7.38146448135376,0.8624897003173828,3.141231060028076,0.9999999999999996,0.7345349037826234
tanh,0.25,256,256,4,512,2048,128000,1,B,7.34693717956543,0.2620772123336792,1.0372207164764404,0.12638345858066916,0.15785249912665344
tanh,0.25,256,256,4,512,2048,128000,1,C,7.089184761047363,85.26083374023438,85.16730499267578,85.26079675740185,6.688274307656965
tanh,0.25,256,256,4,512,2048,128000,3,A,7.358633041381836,0.8863324522972107,3.10615873336792,1.0000000000000002,0.740699166755934
tanh,0.25,256,256,4,512,2048,128000,3,B,7.375319004058838,0.2183552235364914,0.9874715209007263,0.12593583591766325,0.16634989701268205
tanh,0.25,256,256,4,512,2048,128000,3,C,7.026257514953613,85.25254821777344,85.12165069580078,85.25253537381825,10.304055400994047
tanh,0.25,256,256,4,512,2048,128000,4,A,7.408486843109131,1.0543190240859985,5.478994846343994,0.9999999999999996,0.858933809719395
tanh,0.25,256,256,4,512,2048,128000,4,B,7.339107036590576,0.227463960647583,0.9495677351951599,0.1260856949427036,0.16374228189707565
tanh,0.25,256,256,4,512,2048,128000,4,C,7.038739204406738,85.2553482055664,85.13082885742188,85.25532375004695,7.390133459003147
tanh,0.5,16,16,4,512,2048,128000,0,A,6.7212443351745605,0.9940411448478699,2.1101391315460205,0.2680322123497798,0.2312040363963689
tanh,0.5,16,16,4,512,2048,128000,0,B,6.697037696838379,0.06354016065597534,1.4194265604019165,0.009718838951560449,0.012758974448767042
tanh,0.5,16,16,4,512,2048,128000,0,C,6.6922993659973145,5.328221321105957,5.326533794403076,5.328221779677714,1.8930384988742737
tanh,0.5,16,16,4,512,2048,128000,1,A,6.728250503540039,0.9965735673904419,2.244049549102783,0.28030296922331877,0.23100998264378766
tanh,0.5,16,16,4,512,2048,128000,1,B,6.716314315795898,0.0687209889292717,1.919202446937561,0.0098987363785918,0.015119924643759006
tanh,0.5,16,16,4,512,2048,128000,1,C,6.7191572189331055,5.327961444854736,5.325436592102051,5.327960842984437,1.7418158316137702
tanh,0.5,16,16,4,512,2048,128000,2,A,6.713990211486816,0.996379017829895,2.0172295570373535,0.26906581798442897,0.22831932219526796
tanh,0.5,16,16,4,512,2048,128000,2,B,6.695202350616455,0.0840260237455368,1.2876323461532593,0.009827307876378732,0.014751786881631293
tanh,0.5,16,16,4,512,2048,128000,2,C,6.709610939025879,5.328607559204102,5.326915740966797,5.328606729375805,2.697943280353625
tanh,0.75,16,16,4,8,32,2000,0,A,6.715340614318848,1.3674010038375854,2.557806968688965,0.9723120022853321,0.7537360770493381
tanh,0.75,16,16,4,8,32,2000,0,B,6.718488693237305,0.9545618295669556,2.2195892333984375,0.5137870856597908,0.4855252750948617
tanh,0.75,16,16,4,8,32,2000,0,C,6.724560737609863,5.162992477416992,4.8412885665893555,5.162992701923621,1.2161027377875482
tanh,0.75,16,16,4,8,32,2000,1,A,6.652358055114746,1.5235406160354614,2.9300832748413086,0.9005650915769084,0.7579724022774464
tanh,0.75,16,16,4,8,32,2000,1,B,6.647175312042236,0.996257483959198,2.6098015308380127,0.48817086599610016,0.5764362265987771
tanh,0.75,16,16,4,8,32,2000,1,C,6.658172607421875,5.109476089477539,4.801684379577637,5.1094767792208415,1.219886446905772
tanh,0.5,16,16,4,512,2048,128000,4,A,6.720484733581543,1.0039068460464478,2.326512098312378,0.2695582482253646,0.23176484169565406
tanh,0.5,16,16,4,512,2048,128000,4,B,6.702075958251953,0.11171144992113113,0.948189377784729,0.009921622914461225,0.01430963042822573
tanh,0.5,16,16,4,512,2048,128000,4,C,6.690133571624756,5.328358173370361,5.325176239013672,5.328357982399961,1.4748317139744629
tanh,0.75,16,16,4,8,32,2000,2,A,6.489995002746582,1.4870281219482422,2.5924735069274902,0.9888701852661108,0.6858777396651212
tanh,0.75,16,16,4,8,32,2000,2,B,6.494106769561768,1.331034541130066,2.7116119861602783,0.5153734630060649,0.5037998106748024
tanh,0.75,16,16,4,8,32,2000,2,C,6.493313789367676,5.174057960510254,4.839341640472412,5.1740581416296445,1.11204394414857
tanh,0.75,16,16,4,8,32,2000,3,A,6.6147074699401855,1.2742772102355957,2.4564595222473145,0.9483657899292188,0.6496905139142845
tanh,0.75,16,16,4,8,32,2000,3,B,6.600368499755859,0.8791962265968323,2.319979429244995,0.5404311629695007,0.4536162387603811
tanh,0.75,16,16,4,8,32,2000,3,C,6.607077121734619,5.138047695159912,4.805152416229248,5.138047151632634,1.197222790317744
tanh,0.75,16,16,4,8,32,2000,4,A,6.676973342895508,1.3720120191574097,2.585057497024536,0.9468162795936031,0.7136042383624902
tanh,0.75,16,16,4,8,32,2000,4,B,6.670631408691406,0.6613156795501709,2.3797788619995117,0.48918151112757385,0.43187744895797675
tanh,0.75,16,16,4,8,32,2000,4,C,6.675378799438477,5.1667022705078125,5.111099720001221,5.166701302692452,2.8944368652046646
tanh,0.5,16,16,4,512,2048,128000,3,A,6.714724540710449,1.0013834238052368,2.3323540687561035,0.2782691005418552,0.2331091571956802
tanh,0.5,16,16,4,512,2048,128000,3,B,6.691014766693115,0.1345089226961136,1.2825242280960083,0.009524507739765608,0.016025148059295537
tanh,0.5,16,16,4,512,2048,128000,3,C,6.6852617263793945,5.3285980224609375,5.325009822845459,5.3285975432401775,1.5861989739315072
tanh,0.75,64,64,4,8,32,2000,0,A,6.751236915588379,2.049105167388916,4.6463422775268555,1.0,0.8584326812832638
tanh,0.75,64,64,4,8,32,2000,0,B,6.769639015197754,1.148749589920044,3.3719091415405273,0.7993156855553437,0.6684365657380634
tanh,0.75,64,64,4,8,32,2000,0,C,6.751720428466797,20.568490982055664,19.40939712524414,20.56848997865543,4.547402255707251
tanh,0.75,64,64,4,8,32,2000,1,A,6.6869401931762695,2.4366650581359863,5.187521457672119,1.0,0.8145054488902631
tanh,0.75,64,64,4,8,32,2000,1,B,6.67215633392334,1.447609305381775,6.052209377288818,0.7932841765892567,0.6706967050754027
tanh,0.75,64,64,4,8,32,2000,1,C,6.694389343261719,20.41590690612793,20.320192337036133,20.41590798145132,8.05382709769408
tanh,0.75,64,64,4,8,32,2000,2,A,6.531610012054443,2.034456729888916,5.198023319244385,0.9966659471248763,0.7851272754982467
tanh,0.75,64,64,4,8,32,2000,2,B,6.522536277770996,1.0914982557296753,4.529716491699219,0.8297040686339047,0.6795493832514611
tanh,0.75,64,64,4,8,32,2000,2,C,6.516738414764404,20.66241455078125,20.447851181030273,20.662410209625165,6.146017713058264
tanh,0.75,64,64,4,8,32,2000,3,A,6.6511430740356445,2.2052183151245117,5.6291890144348145,0.9893968636812249,0.804362283877701
tanh,0.75,64,64,4,8,32,2000,3,B,6.646712303161621,1.0767117738723755,3.3946456909179688,0.8133328034131948,0.6747005165231025
tanh,0.75,64,64,4,8,32,2000,3,C,6.623739242553711,20.163415908813477,19.950973510742188,20.16341451277557,4.624724630439333
tanh,0.75,64,64,4,8,32,2000,4,A,6.70986795425415,1.7124758958816528,3.863349437713623,0.9520239833336172,0.7708135901512162
tanh,0.75,64,64,4,8,32,2000,4,B,6.708111763000488,0.810080885887146,2.538360834121704,0.757146598570199,0.6431586907628112
tanh,0.75,64,64,4,8,32,2000,4,C,6.693726539611816,20.256546020507812,20.023231506347656,20.25654633806413,4.465807573096736
tanh,0.75,128,128,4,8,32,2000,0,A,6.796502113342285,2.5902299880981445,4.508305549621582,0.9474709752099021,0.8580866496652511
tanh,0.75,128,128,4,8,32,2000,0,B,6.862878799438477,0.9582587480545044,2.359515905380249,0.8804968143127995,0.7836667146687558
tanh,0.75,128,128,4,8,32,2000,0,C,6.799412727355957,40.51750564575195,40.488773345947266,40.51750354587433,29.03944459532239
tanh,0.75,128,128,4,8,32,2000,1,A,6.775818347930908,2.7169783115386963,4.640931606292725,0.9438272412055403,0.8672146302171002
tanh,0.75,128,128,4,8,32,2000,1,B,6.748758792877197,1.2116892337799072,5.193154335021973,0.8790657955126755,0.7808333681670456
tanh,0.75,128,128,4,8,32,2000,1,C,6.704446315765381,40.44403839111328,40.47163391113281,40.44403187025297,32.03298620332576
tanh,0.75,128,128,4,8,32,2000,2,A,6.577675819396973,2.232926368713379,4.198394298553467,0.961499718790437,0.8662178023567451
tanh,0.75,128,128,4,8,32,2000,2,B,6.573507785797119,1.3105766773223877,4.011640548706055,0.8866568041621529,0.786410600184973
tanh,0.75,128,128,4,8,32,2000,2,C,6.5378289222717285,41.30783462524414,41.30921936035156,41.30784848931076,32.953744273737854
tanh,0.75,128,128,4,8,32,2000,3,A,6.701475620269775,1.9206174612045288,4.144420146942139,0.9525003327034289,0.8543667242662016
tanh,0.75,128,128,4,8,32,2000,3,B,6.6804962158203125,1.0744885206222534,2.799243211746216,0.870219235603357,0.7817017795047959
tanh,0.75,128,128,4,8,32,2000,3,C,6.658241271972656,39.6814079284668,39.73164367675781,39.681407215032564,31.176357472486405
tanh,0.75,128,128,4,8,32,2000,4,A,6.826760292053223,2.0531563758850098,5.301907062530518,0.9451940074675811,0.8586539074417429
tanh,0.75,128,128,4,8,32,2000,4,B,6.7602081298828125,0.9116174578666687,2.621788263320923,0.9065986608577254,0.8342947387837836
tanh,0.75,128,128,4,8,32,2000,4,C,6.725305557250977,40.141937255859375,40.20167922973633,40.14193961694059,38.295248272918585
tanh,0.75,256,256,4,8,32,2000,0,A,6.934808254241943,2.5039303302764893,4.330888748168945,0.9312857048121822,0.9180953067401828
tanh,0.75,256,256,4,8,32,2000,0,B,6.912115097045898,1.1099053621292114,2.4373509883880615,0.894338117688864,0.867397350221104
tanh,0.75,256,256,4,8,32,2000,0,C,6.848712921142578,82.059814453125,82.063720703125,82.05981906377932,75.19632091694557
tanh,0.75,256,256,4,8,32,2000,1,A,6.874639987945557,2.9154293537139893,4.562657833099365,0.9252829270745729,0.9093349195582164
tanh,0.75,256,256,4,8,32,2000,1,B,6.858549118041992,1.1641994714736938,2.7599711418151855,0.9021937478746146,0.8692685850278853
tanh,0.75,256,256,4,8,32,2000,1,C,6.794839859008789,82.26927185058594,82.1918716430664,82.26926010084892,44.12307665993769
tanh,0.75,256,256,4,8,32,2000,2,A,6.749329090118408,2.5745198726654053,5.432652473449707,0.9196492153812666,0.9002342005692563
tanh,0.75,256,256,4,8,32,2000,2,B,6.6866254806518555,1.6839455366134644,3.5920796394348145,0.9042926118889429,0.8723096106306161
tanh,0.75,256,256,4,8,32,2000,2,C,6.59437894821167,82.96244049072266,82.9600830078125,82.96242890555207,75.91026020781469
tanh,0.75,256,256,4,8,32,2000,3,A,6.851384162902832,2.3914620876312256,3.8326265811920166,0.923077120094233,0.8985468734427319
tanh,0.75,256,256,4,8,32,2000,3,B,6.87202787399292,1.1562501192092896,2.176841974258423,0.9010336923871902,0.8651067748109663
tanh,0.75,256,256,4,8,32,2000,3,C,6.752114295959473,77.54322814941406,77.56819152832031,77.54321703128565,69.90555097827175
tanh,0.75,256,256,4,8,32,2000,4,A,6.8726959228515625,1.9238229990005493,3.839472532272339,0.9187676828854381,0.8916331324429869
tanh,0.75,256,256,4,8,32,2000,4,B,6.906519889831543,1.0916731357574463,2.4862139225006104,0.9026562175664173,0.8770351520977842
tanh,0.75,256,256,4,8,32,2000,4,C,6.835258483886719,82.81990814208984,82.82825469970703,82.81992285244925,71.0405708466506
tanh,0.5,64,64,4,512,2048,128000,0,A,6.880474090576172,0.9970317482948303,1.977561354637146,1.0000000000000002,0.4522726108225813
tanh,0.5,64,64,4,512,2048,128000,0,B,6.804492473602295,0.33008119463920593,1.1502560377120972,0.03244604596517422,0.04400665667666117
tanh,0.5,64,64,4,512,2048,128000,0,C,6.723128318786621,21.31158447265625,21.295055389404297,21.311587093181636,3.9864426423610118
tanh,0.5,64,64,4,512,2048,128000,1,A,6.893920421600342,0.9926851391792297,1.9062469005584717,1.0000000000000009,0.45278115386436535
tanh,0.5,64,64,4,512,2048,128000,1,B,6.813302040100098,0.3623290956020355,1.1283435821533203,0.03252915614796122,0.045849429085916375
tanh,0.5,64,64,4,512,2048,128000,1,C,6.746748447418213,21.3096923828125,21.294654846191406,21.309692810064842,4.308274093029617
tanh,0.75,16,16,4,32,128,8000,0,A,6.698390007019043,1.1155283451080322,3.21586537361145,0.8499970970710351,0.4817324549955115
tanh,0.75,16,16,4,32,128,8000,0,B,6.7007951736450195,0.41523846983909607,2.4767329692840576,0.1543536064980717,0.14954430607384306
tanh,0.75,16,16,4,32,128,8000,0,C,6.697907447814941,5.2569899559021,5.204564094543457,5.256989826945661,1.4295080990156523
tanh,0.75,16,16,4,32,128,8000,1,A,6.589297294616699,1.1474782228469849,3.6804094314575195,0.895312540978236,0.46516619572458906
tanh,0.75,16,16,4,32,128,8000,1,B,6.579014778137207,0.5435801148414612,2.3806967735290527,0.17953262347190135,0.179742208836277
tanh,0.75,16,16,4,32,128,8000,1,C,6.5806779861450195,5.221944808959961,5.157440662384033,5.221945657262138,1.2375317721746333
tanh,0.75,16,16,4,32,128,8000,2,A,6.573426246643066,1.0235748291015625,3.100372314453125,0.7979223347689457,0.4080877894948416
tanh,0.75,16,16,4,32,128,8000,2,B,6.564708709716797,0.38479506969451904,2.5941896438598633,0.17358791269437956,0.14638079860204758
tanh,0.75,16,16,4,32,128,8000,2,C,6.577967643737793,5.274886131286621,5.198200702667236,5.274885487337694,1.1606987728613967
tanh,0.75,16,16,4,32,128,8000,3,A,6.644223213195801,1.1757887601852417,3.2271740436553955,0.906469428626771,0.4937577696223231
tanh,0.75,16,16,4,32,128,8000,3,B,6.642760276794434,0.4534178674221039,2.316727876663208,0.15826747495618626,0.14433195711279673
tanh,0.75,16,16,4,32,128,8000,3,C,6.6420159339904785,5.207151889801025,5.174542427062988,5.207152318503855,1.1410458765230116
tanh,0.5,64,64,4,512,2048,128000,2,A,6.87456750869751,0.9968154430389404,1.9149999618530273,1.0000000000000002,0.4575957180818146
tanh,0.5,64,64,4,512,2048,128000,2,B,6.803889751434326,0.3241567015647888,1.1300121545791626,0.03249683298536952,0.04377066295675118
tanh,0.5,64,64,4,512,2048,128000,2,C,6.716669082641602,21.306835174560547,21.285104751586914,21.306832745153894,5.654008069020197
tanh,0.5,64,64,4,512,2048,128000,3,A,6.8737077713012695,0.9941317439079285,2.001112699508667,0.9999999999999997,0.47756456203527536
tanh,0.5,64,64,4,512,2048,128000,3,B,6.800085544586182,0.3160170912742615,1.3463698625564575,0.032610579757511034,0.046818466776864555
tanh,0.5,64,64,4,512,2048,128000,3,C,6.725031852722168,21.310155868530273,18.840784072875977,21.310159552079778,1.1653569403149877
tanh,0.75,16,16,4,32,128,8000,4,A,6.604275703430176,1.0823835134506226,3.3485054969787598,0.8860751672957347,0.4616917702701776
tanh,0.75,16,16,4,32,128,8000,4,B,6.596199035644531,0.6496429443359375,2.3382532596588135,0.1872913300978494,0.16664190769489975
tanh,0.75,16,16,4,32,128,8000,4,C,6.600861549377441,5.2256011962890625,5.139955520629883,5.225602038175404,1.4628946838121433
tanh,0.75,64,64,4,32,128,8000,0,A,6.769970893859863,1.604629397392273,3.4418110847473145,1.0000000000000004,0.7200100768402569
tanh,0.75,64,64,4,32,128,8000,0,B,6.751394271850586,0.9376271963119507,3.9408440589904785,0.48083423961345184,0.4194367537321028
tanh,0.75,64,64,4,32,128,8000,0,C,6.722243785858154,21.056257247924805,21.00103759765625,21.056255704098724,4.017679342411991
tanh,0.75,64,64,4,32,128,8000,2,A,6.637138366699219,1.514836311340332,3.8452420234680176,0.9999999999999996,0.6825681556462943
tanh,0.75,64,64,4,32,128,8000,2,B,6.62514066696167,0.8032912015914917,2.5928046703338623,0.4817996991712905,0.4217194842343199
tanh,0.75,64,64,4,32,128,8000,2,C,6.600599765777588,20.92286491394043,20.94284439086914,20.92286827311875,6.077406410526973
tanh,0.75,64,64,4,32,128,8000,1,A,6.64986515045166,1.7632023096084595,3.3894240856170654,0.9999999999999991,0.6849511773174372
tanh,0.75,64,64,4,32,128,8000,1,B,6.640945911407471,0.8332291841506958,3.1819798946380615,0.4794125010541668,0.4226397833627679
tanh,0.75,64,64,4,32,128,8000,1,C,6.608226299285889,20.89844512939453,20.651288986206055,20.898442910994042,3.2884167833337465
tanh,0.75,64,64,4,32,128,8000,3,A,6.70631217956543,1.7629125118255615,4.415481090545654,0.9999999999999998,0.7270422688266822
tanh,0.75,64,64,4,32,128,8000,3,B,6.688199043273926,0.8397492170333862,3.2405502796173096,0.48339917147800665,0.4234568581101193
tanh,0.75,64,64,4,32,128,8000,3,C,6.689289093017578,20.899442672729492,20.890859603881836,20.899441249519416,6.081037720180843
tanh,0.75,64,64,4,32,128,8000,4,A,6.663735389709473,1.6932719945907593,3.8854222297668457,1.0,0.7123498172927132
tanh,0.75,64,64,4,32,128,8000,4,B,6.653536796569824,0.7882807850837708,2.9390904903411865,0.4908630592059928,0.432244581813112
tanh,0.75,64,64,4,32,128,8000,4,C,6.640288829803467,20.83748435974121,20.321395874023438,20.837483546056372,3.2710406712079303
tanh,0.75,128,128,4,32,128,8000,0,A,6.857052326202393,2.1110692024230957,3.629307508468628,0.9220081479418287,0.7509470635258431
tanh,0.75,128,128,4,32,128,8000,0,B,6.8481035232543945,0.9714882373809814,2.384645700454712,0.7119677894476087,0.5843878132172465
tanh,0.75,128,128,4,32,128,8000,0,C,6.79329776763916,42.061744689941406,41.809478759765625,42.061742015481684,7.073949634745002
tanh,0.5,64,64,4,512,2048,128000,4,A,6.882080078125,0.9903951287269592,1.7895770072937012,0.9999999999999997,0.4517140541059085
tanh,0.5,64,64,4,512,2048,128000,4,B,6.807819366455078,0.38519543409347534,1.1953120231628418,0.03264606297306697,0.04628763894504967
tanh,0.5,64,64,4,512,2048,128000,4,C,6.723024368286133,21.31096839904785,21.29436492919922,21.310965072704338,5.610041168681209
tanh,0.75,128,128,4,32,128,8000,1,A,6.747951030731201,2.1829521656036377,3.7226197719573975,0.9204837992283037,0.7296205981273066
tanh,0.75,128,128,4,32,128,8000,1,B,6.703676223754883,1.1857599020004272,2.7451870441436768,0.7021859094268896,0.5704465549352039
tanh,0.75,128,128,4,32,128,8000,1,C,6.640280723571777,41.77351760864258,41.4488525390625,41.77351800579373,4.690044424160055
tanh,0.75,128,128,4,32,128,8000,2,A,6.717049598693848,1.9805210828781128,3.442314624786377,0.9231462428376304,0.7181136128505407
tanh,0.75,128,128,4,32,128,8000,2,B,6.699686050415039,0.9051837921142578,2.3462812900543213,0.700482701692926,0.5706879753823189
tanh,0.75,128,128,4,32,128,8000,2,C,6.66402006149292,41.98662567138672,42.0013313293457,41.98661697474069,10.605690614096137
tanh,0.75,128,128,4,32,128,8000,3,A,6.808164596557617,2.187542676925659,4.398838520050049,0.9288437657560553,0.7433480693615977
tanh,0.75,128,128,4,32,128,8000,3,B,6.788393497467041,0.8979028463363647,1.9986541271209717,0.7075110899841414,0.5650589086221537
tanh,0.75,128,128,4,32,128,8000,3,C,6.710263252258301,41.87111282348633,41.84184646606445,41.8711021185241,14.250519629505431
tanh,0.75,128,128,4,32,128,8000,4,A,6.765349388122559,2.221696138381958,3.7413275241851807,0.9226713449592385,0.7084013777582979
tanh,0.75,128,128,4,32,128,8000,4,B,6.750965118408203,0.9273845553398132,2.587183952331543,0.6956466469265111,0.5497382035729401
tanh,0.75,128,128,4,32,128,8000,4,C,6.673322677612305,41.86312484741211,41.81283950805664,41.86312952578249,7.399485106956232
tanh,0.75,256,256,4,32,128,8000,0,A,7.0041069984436035,2.4554343223571777,3.9323487281799316,0.9386811588299392,0.8001416444496533
tanh,0.75,256,256,4,32,128,8000,0,B,7.0317277908325195,1.091392159461975,2.1083531379699707,0.8361539007518718,0.6913930185291098
tanh,0.75,256,256,4,32,128,8000,0,C,6.9024200439453125,84.28106689453125,84.0172348022461,84.28106289121556,10.34641259095841
tanh,0.75,256,256,4,32,128,8000,1,A,6.914765357971191,2.7275705337524414,3.61544132232666,0.9485270647734128,0.7895298659932745
tanh,0.75,256,256,4,32,128,8000,1,B,6.9054155349731445,0.9878455996513367,1.9124250411987305,0.83357088250061,0.7012074871720915
tanh,0.75,256,256,4,32,128,8000,1,C,6.736534118652344,83.8460922241211,83.61858367919922,83.84610749060145,14.574064292897468
tanh,0.75,256,256,4,32,128,8000,2,A,6.888462066650391,2.3079864978790283,3.506124258041382,0.9407711503645634,0.7803302125568432
tanh,0.75,256,256,4,32,128,8000,2,B,6.894063949584961,0.9301096796989441,2.2109670639038086,0.8494086850546697,0.7260611191084313
tanh,0.75,256,256,4,32,128,8000,2,C,6.783358097076416,84.20599365234375,83.92530059814453,84.2060102249045,15.060034702766822
tanh,0.75,256,256,4,32,128,8000,3,A,6.978316307067871,2.6446070671081543,3.820772171020508,0.9453831233877347,0.8001547677775841
tanh,0.75,256,256,4,32,128,8000,3,B,6.967523574829102,1.154039740562439,2.2990753650665283,0.8353015037944975,0.6958006627985531
tanh,0.75,256,256,4,32,128,8000,3,C,6.852534770965576,83.65117645263672,83.62715148925781,83.65117443579395,15.411295038833758
tanh,0.75,256,256,4,32,128,8000,4,A,6.929234981536865,2.366834878921509,3.8352184295654297,0.940637833529397,0.8004798963003189
tanh,0.75,256,256,4,32,128,8000,4,B,6.908330917358398,0.9688236713409424,2.0690419673919678,0.8294257042686537,0.6887542286662753
tanh,0.75,256,256,4,32,128,8000,4,C,6.7969841957092285,83.99806213378906,83.64558410644531,83.99803652469788,10.62913753929671
tanh,0.5,128,128,4,512,2048,128000,0,A,7.117800712585449,0.9759609699249268,1.8380345106124878,1.0000000000000009,0.669615954328375
tanh,0.5,128,128,4,512,2048,128000,0,B,6.981540679931641,0.3744930922985077,1.1209906339645386,0.06382571470567179,0.08481727602931377
tanh,0.5,128,128,4,512,2048,128000,0,C,6.798262596130371,42.623626708984375,42.56620788574219,42.62362498954029,5.374093415455197
tanh,0.5,128,128,4,512,2048,128000,1,A,7.131587505340576,0.9750344157218933,1.903828501701355,1.0000000000000007,0.6688061738640819
tanh,0.5,128,128,4,512,2048,128000,1,B,7.023687362670898,0.3243752419948578,1.1938543319702148,0.0637232558929536,0.08614192551005569
tanh,0.5,128,128,4,512,2048,128000,1,C,6.784322738647461,42.6251335144043,42.59103012084961,42.62514233678528,8.666121184912681
tanh,0.5,128,128,4,512,2048,128000,2,A,7.118030548095703,0.971559464931488,1.8814865350723267,0.9999999999999992,0.6567141483245783
tanh,0.5,128,128,4,512,2048,128000,2,B,6.988580703735352,0.38270649313926697,1.1692615747451782,0.06387129770607794,0.08303428319373615
tanh,0.5,128,128,4,512,2048,128000,2,C,6.783349514007568,42.62464904785156,42.56889724731445,42.62465240983778,8.95198140981691
tanh,0.5,128,128,4,512,2048,128000,3,A,7.113070011138916,0.9758095741271973,1.8161123991012573,1.0,0.6484018439866993
tanh,0.5,128,128,4,512,2048,128000,3,B,6.988745212554932,0.37154632806777954,1.2857166528701782,0.06385992110492744,0.0868655947772335
tanh,0.5,128,128,4,512,2048,128000,3,C,6.791999340057373,42.62568283081055,42.54335021972656,42.62567361480329,8.081304913027356
tanh,0.5,128,128,4,512,2048,128000,4,A,7.103672504425049,0.9745861887931824,1.7403090000152588,1.0000000000000002,0.6391360548791649
tanh,0.5,128,128,4,512,2048,128000,4,B,6.987637042999268,0.33517149090766907,1.0454416275024414,0.0637424304016635,0.0845264847042347
tanh,0.5,128,128,4,512,2048,128000,4,C,6.795651435852051,42.62289047241211,42.57138442993164,42.622895013832384,7.45722658074857
tanh,0.75,16,16,4,128,512,32000,0,A,6.6112060546875,1.0251824855804443,2.615222692489624,0.36432289383828725,0.2892464861269246
tanh,0.75,16,16,4,128,512,32000,0,B,6.601574897766113,0.39586424827575684,2.248422622680664,0.037553638275777,0.04124069472264859
tanh,0.75,16,16,4,128,512,32000,0,C,6.615426063537598,5.319069862365723,5.312714576721191,5.319070850102154,2.234169886744317
tanh,0.75,16,16,4,128,512,32000,1,A,6.6373209953308105,1.184030294418335,2.6216893196105957,0.41472931204171765,0.3206379413183747
tanh,0.75,16,16,4,128,512,32000,1,B,6.631767272949219,0.4274977147579193,1.8677072525024414,0.04160682088277476,0.04547041043489206
tanh,0.75,16,16,4,128,512,32000,1,C,6.629524230957031,5.312493801116943,5.294694900512695,5.312493845369096,1.225429036342383
tanh,0.75,16,16,4,128,512,32000,2,A,6.577854633331299,1.002690315246582,2.839831829071045,0.3659223687291775,0.2980250255634565
tanh,0.75,16,16,4,128,512,32000,2,B,6.562878608703613,0.5924049019813538,2.9264609813690186,0.03995523338959443,0.06059306491690276
tanh,0.75,16,16,4,128,512,32000,2,C,6.575891017913818,5.314818382263184,5.297163009643555,5.314817592484997,1.3060860709292912
tanh,0.75,16,16,4,128,512,32000,3,A,6.6134233474731445,1.1823736429214478,2.777747869491577,0.4248212702750331,0.3195067171130968
tanh,0.75,16,16,4,128,512,32000,3,B,6.604780197143555,0.4819948077201843,1.8771247863769531,0.04090431686973946,0.04478262462176477
tanh,0.75,16,16,4,128,512,32000,3,C,6.605975151062012,5.315197467803955,5.3049139976501465,5.315196889843227,1.6646728579565813
tanh,0.75,16,16,4,128,512,32000,4,A,6.569876670837402,1.0655007362365723,2.7098681926727295,0.3878140249472264,0.2984023728847935
tanh,0.75,16,16,4,128,512,32000,4,B,6.565093994140625,0.502541720867157,2.446643352508545,0.04022471349254093,0.04623567065402655
tanh,0.75,16,16,4,128,512,32000,4,C,6.5621185302734375,5.314286231994629,5.309063911437988,5.31428702613608,2.4353883468765036
tanh,0.75,64,64,4,128,512,32000,0,A,6.7273030281066895,1.1071429252624512,2.6446056365966797,0.9999999999999997,0.7334631199629857
tanh,0.75,64,64,4,128,512,32000,0,B,6.686236381530762,0.9014193415641785,2.097820997238159,0.13049138912555244,0.13779787898827192
tanh,0.75,64,64,4,128,512,32000,0,C,6.643876552581787,21.25678062438965,21.221397399902344,21.256783706245606,4.592790347566319
tanh,0.75,64,64,4,128,512,32000,1,A,6.73787784576416,1.1316556930541992,2.483518600463867,0.9999999999999997,0.7477719530319399
tanh,0.75,64,64,4,128,512,32000,1,B,6.699974060058594,0.8534688353538513,1.927926778793335,0.13008313792216847,0.13397152419990882
tanh,0.75,64,64,4,128,512,32000,1,C,6.652543544769287,21.24530029296875,21.09284019470215,21.245297267345222,1.4864533474102584
tanh,0.75,64,64,4,128,512,32000,2,A,6.6860480308532715,1.104326605796814,2.37326717376709,1.0,0.7189044571275996
tanh,0.75,64,64,4,128,512,32000,2,B,6.64599609375,1.1067311763763428,1.913826823234558,0.13086928880200047,0.1333965096891638
tanh,0.75,64,64,4,128,512,32000,2,C,6.605443477630615,21.231990814208984,21.17034149169922,21.231991108753448,3.875980617257088
tanh,0.75,64,64,4,128,512,32000,3,A,6.723881721496582,1.1032235622406006,2.3657310009002686,0.9999999999999999,0.7023351349255448
tanh,0.75,64,64,4,128,512,32000,3,B,6.693230152130127,0.9079207181930542,2.0853519439697266,0.13121890960930505,0.13721408994298004
tanh,0.75,64,64,4,128,512,32000,3,C,6.64169454574585,21.250112533569336,21.04191780090332,21.25011391338183,2.4081831962414784
tanh,0.75,64,64,4,128,512,32000,4,A,6.67484188079834,1.1399518251419067,2.6373636722564697,1.0,0.7163326260010824
tanh,0.75,64,64,4,128,512,32000,4,B,6.644410610198975,0.9651989936828613,2.2598366737365723,0.13258587623427834,0.13524028029230334
tanh,0.75,64,64,4,128,512,32000,4,C,6.604010105133057,21.26392936706543,21.17278289794922,21.263929317567325,1.3330681456995508
tanh,0.75,128,128,4,128,512,32000,1,A,6.896484375,1.2519843578338623,2.2533514499664307,1.0000000000000004,0.762488123583126
tanh,0.75,128,128,4,128,512,32000,1,B,6.853001594543457,0.8001379370689392,1.9395251274108887,0.2544488128699788,0.25910548206707706
tanh,0.75,128,128,4,128,512,32000,1,C,6.7120537757873535,42.46809005737305,42.33466720581055,42.468104725299455,9.026531720660282
tanh,0.75,128,128,4,128,512,32000,0,A,6.874297142028809,1.2733780145645142,2.519865036010742,1.0000000000000002,0.7707388914288734
tanh,0.75,128,128,4,128,512,32000,0,B,6.808977127075195,0.7131659984588623,1.3902394771575928,0.2541865786746271,0.2603606944138921
tanh,0.75,128,128,4,128,512,32000,0,C,6.690206050872803,42.53707504272461,42.42343521118164,42.53706546177992,2.8002790955541723
tanh,0.5,256,256,4,512,2048,128000,0,A,7.250184059143066,1.080100417137146,2.868382692337036,1.0000000000000004,0.7575090227636878
tanh,0.5,256,256,4,512,2048,128000,0,B,7.241937160491943,0.26060453057289124,1.090739369392395,0.12609684821140343,0.15687810176014538
tanh,0.5,256,256,4,512,2048,128000,0,C,6.92973518371582,85.24816131591797,85.09676361083984,85.24816426038021,9.142668432730114
tanh,0.75,128,128,4,128,512,32000,2,A,6.820700645446777,1.2426857948303223,2.2749884128570557,0.9999999999999993,0.771164129362718
tanh,0.75,128,128,4,128,512,32000,2,B,6.793976783752441,0.815987765789032,1.6935008764266968,0.2548358164349523,0.26448779171976955
tanh,0.75,128,128,4,128,512,32000,2,C,6.652167320251465,42.506385803222656,42.3712043762207,42.506384660250866,5.4389850022395505
tanh,0.75,128,128,4,128,512,32000,3,A,6.881701469421387,1.2617626190185547,2.4758856296539307,0.9999999999999998,0.7733912231262727
tanh,0.75,128,128,4,128,512,32000,3,B,6.808340072631836,0.8144786357879639,1.9566893577575684,0.25462904800135533,0.26148644722503656
tanh,0.75,128,128,4,128,512,32000,3,C,6.7115936279296875,42.46552658081055,42.37339782714844,42.46551658383531,7.912683428066942
tanh,0.75,128,128,4,128,512,32000,4,A,6.8288774490356445,1.276584267616272,2.3729052543640137,1.0,0.7793321283060076
tanh,0.75,128,128,4,128,512,32000,4,B,6.76479959487915,0.7526494264602661,1.5076411962509155,0.2544629284438209,0.25817953241748914
tanh,0.75,128,128,4,128,512,32000,4,C,6.6484222412109375,42.480194091796875,42.31392288208008,42.480189286291164,10.926204341844478
tanh,0.75,256,256,4,128,512,32000,0,A,6.982234477996826,2.2184197902679443,3.4420838356018066,0.9498394182321467,0.6650363545313369
tanh,0.75,256,256,4,128,512,32000,0,B,6.987648010253906,0.7786629796028137,1.5960309505462646,0.47051630187795773,0.4278067059850234
tanh,0.75,256,256,4,128,512,32000,0,C,6.804953575134277,85.09696197509766,84.8327407836914,85.09694326439366,8.455815019593754
tanh,0.75,256,256,4,128,512,32000,1,A,7.02918004989624,2.279081344604492,3.553253650665283,0.9569774518793909,0.6663928878853564
tanh,0.75,256,256,4,128,512,32000,1,B,7.009460926055908,0.7150283455848694,1.7932430505752563,0.47199010547531134,0.42768233307668513
tanh,0.75,256,256,4,128,512,32000,1,C,6.842807769775391,84.96463775634766,84.30604553222656,84.96462405075316,9.255398522280776
tanh,0.75,256,256,4,128,512,32000,2,A,6.940881729125977,2.276644229888916,3.3221278190612793,0.9478617865728985,0.6477560068255929
tanh,0.75,256,256,4,128,512,32000,2,B,6.975549697875977,0.6846250295639038,1.7422541379928589,0.47067464052565505,0.43570079601702527
tanh,0.75,256,256,4,128,512,32000,2,C,6.821404933929443,85.0496826171875,84.80343627929688,85.04968939819959,11.996741898827157
tanh,0.75,256,256,4,128,512,32000,3,A,6.987765312194824,2.280186891555786,3.527977228164673,0.9546662547482428,0.6604734251144571
tanh,0.75,256,256,4,128,512,32000,3,B,6.997764587402344,0.7800994515419006,1.7867422103881836,0.4723488510460576,0.4357943843791728
tanh,0.75,256,256,4,128,512,32000,3,C,6.814604759216309,85.01510620117188,84.67703247070312,85.01506641735484,7.044916944893498
tanh,0.75,256,256,4,128,512,32000,4,A,6.934749603271484,2.3212366104125977,3.481428623199463,0.9634955135857453,0.6534649583056933
tanh,0.75,256,256,4,128,512,32000,4,B,6.972718715667725,0.7070956230163574,1.7860571146011353,0.4713344452181222,0.44581449626047337
tanh,0.75,256,256,4,128,512,32000,4,C,6.801650047302246,85.02064514160156,84.48963165283203,85.02065535055007,10.111026698058584
tanh,0.5,256,256,4,512,2048,128000,1,A,7.283012390136719,1.098610281944275,3.1151177883148193,1.0000000000000007,0.7460711093829313
tanh,0.5,256,256,4,512,2048,128000,1,B,7.244580268859863,0.23750407993793488,1.3135522603988647,0.12604885288619094,0.16104549726965017
tanh,0.5,256,256,4,512,2048,128000,1,C,6.970093727111816,85.24958801269531,85.13174438476562,85.24956544596871,11.123580249494207
tanh,0.5,256,256,4,512,2048,128000,2,A,7.2487993240356445,1.0430245399475098,2.9285483360290527,1.0000000000000002,0.7416072132413717
tanh,0.5,256,256,4,512,2048,128000,2,B,7.244650363922119,0.28975361585617065,1.3110620975494385,0.12614313151670503,0.16148954948467614
tanh,0.5,256,256,4,512,2048,128000,2,C,6.942700386047363,85.25657653808594,85.12362670898438,85.25659122453858,10.291229957982493
tanh,0.5,256,256,4,512,2048,128000,3,A,7.2287397384643555,1.110974907875061,3.30480694770813,0.9999999999999996,0.752046132276826
tanh,0.5,256,256,4,512,2048,128000,3,B,7.256272792816162,0.23632977902889252,1.1686593294143677,0.12611079432319416,0.16037053581987448
tanh,0.5,256,256,4,512,2048,128000,3,C,6.901372909545898,85.2580337524414,85.0736083984375,85.25805052841832,9.699783551867446
tanh,0.5,256,256,4,512,2048,128000,4,A,7.258263111114502,1.0997222661972046,3.126267194747925,0.9999999999999999,0.7395357342062865
tanh,0.5,256,256,4,512,2048,128000,4,B,7.243859767913818,0.2362462431192398,1.059079885482788,0.1259935809024264,0.16483609342641367
tanh,0.5,256,256,4,512,2048,128000,4,C,6.912003517150879,85.24827575683594,85.05193328857422,85.24825959851205,12.430157845436572
tanh,0.75,16,16,4,512,2048,128000,0,A,6.62660551071167,1.1375746726989746,2.045300006866455,0.319439894982243,0.25667516748245384
tanh,0.75,16,16,4,512,2048,128000,0,B,6.605697154998779,0.2768751382827759,2.0334558486938477,0.010061013000587333,0.015150895153087596
tanh,0.75,16,16,4,512,2048,128000,0,C,6.604609489440918,5.3282060623168945,5.325718879699707,5.328206210598872,1.7517977429326
tanh,0.75,16,16,4,512,2048,128000,1,A,6.640024185180664,1.2078858613967896,2.4111549854278564,0.3352133352192832,0.2574271478796391
tanh,0.75,16,16,4,512,2048,128000,1,B,6.620462417602539,0.13107243180274963,1.5891237258911133,0.010052524220731501,0.012475910150211437
tanh,0.75,16,16,4,512,2048,128000,1,C,6.618380546569824,5.328176975250244,5.319857120513916,5.328176815025798,1.4179729289687493
tanh,0.75,16,16,4,512,2048,128000,2,A,6.6169891357421875,1.1714612245559692,2.4262685775756836,0.31917615264189997,0.2556830942989353
tanh,0.75,16,16,4,512,2048,128000,2,B,6.603554725646973,0.34199389815330505,1.4007693529129028,0.010312825192783578,0.01579639752700165
tanh,0.75,16,16,4,512,2048,128000,2,C,6.611999988555908,5.328425407409668,5.325008869171143,5.3284251464157535,2.1239093704348027
tanh,1.0,16,16,4,8,32,2000,0,A,6.665657997131348,1.6391743421554565,2.9949843883514404,0.8873271151681331,0.9357764943338617
tanh,1.0,16,16,4,8,32,2000,0,B,6.669543743133545,1.2774823904037476,2.994157314300537,0.509205503723927,0.770566218011722
tanh,1.0,16,16,4,8,32,2000,0,C,6.675088405609131,5.150436878204346,4.848111152648926,5.150437134466059,1.246900014018642
tanh,1.0,16,16,4,8,32,2000,1,A,6.584860801696777,1.9808266162872314,3.380736827850342,0.9312059549232704,1.1696655957251014
tanh,1.0,16,16,4,8,32,2000,1,B,6.578346252441406,1.3445175886154175,3.3200221061706543,0.4696613777305115,0.8149091449209186
tanh,1.0,16,16,4,8,32,2000,1,C,6.5929107666015625,5.101703643798828,4.813974380493164,5.101703884942122,1.3885203840733886
tanh,1.0,16,16,4,8,32,2000,2,A,6.403872013092041,1.9350277185440063,3.408816337585449,0.8679040993537989,0.9718729639517538
tanh,1.0,16,16,4,8,32,2000,2,B,6.4078264236450195,1.526450753211975,3.3871352672576904,0.5361261898312306,0.7615617511948236
tanh,1.0,16,16,4,8,32,2000,2,C,6.410305976867676,5.166700839996338,4.828829765319824,5.166700759590404,1.180007874507936
tanh,0.75,16,16,4,512,2048,128000,3,A,6.609691143035889,1.19828462600708,2.5540921688079834,0.3253975050124442,0.2611701332229695
tanh,0.75,16,16,4,512,2048,128000,3,B,6.593790054321289,0.27683550119400024,1.5785987377166748,0.009738652904781963,0.01308845686254609
tanh,0.75,16,16,4,512,2048,128000,3,C,6.595176696777344,5.328505516052246,5.323081970214844,5.328506008672567,1.3488632260784588
tanh,0.75,16,16,4,512,2048,128000,4,A,6.622837543487549,1.1693446636199951,2.334787368774414,0.3178594629746489,0.2627826145591894
tanh,0.75,16,16,4,512,2048,128000,4,B,6.604092597961426,0.38340938091278076,1.3929336071014404,0.010604597135768015,0.01802586213956489
tanh,0.75,16,16,4,512,2048,128000,4,C,6.60148286819458,5.322755813598633,5.251126289367676,5.32275587127658,0.927022041956451
tanh,1.0,16,16,4,8,32,2000,3,A,6.5445990562438965,1.6496665477752686,3.0128564834594727,0.8799402854110425,0.9542190691994012
tanh,1.0,16,16,4,8,32,2000,3,B,6.530722618103027,1.0396549701690674,2.9371659755706787,0.4945430102725049,0.562989931501444
tanh,1.0,16,16,4,8,32,2000,3,C,6.540519714355469,5.106630802154541,4.839467525482178,5.106630842714637,1.3662477023013953
tanh,1.0,16,16,4,8,32,2000,4,A,6.6230316162109375,1.6343069076538086,3.2643771171569824,0.8975605112981118,0.9492795223386342
tanh,1.0,16,16,4,8,32,2000,4,B,6.612977981567383,0.8524060845375061,3.279693603515625,0.47437552898857277,0.6169859960573327
tanh,1.0,16,16,4,8,32,2000,4,C,6.623083591461182,5.160539627075195,5.063930988311768,5.160539942787006,2.4732235334314936
tanh,1.0,64,64,4,8,32,2000,0,A,6.702474594116211,2.718194007873535,6.899162292480469,0.9999999999999996,0.8506959369476483
tanh,1.0,64,64,4,8,32,2000,0,B,6.714778900146484,1.6312003135681152,4.615542411804199,0.7798384469605184,0.641628724739674
tanh,1.0,64,64,4,8,32,2000,0,C,6.71073579788208,20.55183219909668,19.41864585876465,20.551833028951787,3.404050275581398
tanh,1.0,64,64,4,8,32,2000,1,A,6.619482040405273,3.0210812091827393,6.896514415740967,0.975264144902745,0.8341078500526464
tanh,1.0,64,64,4,8,32,2000,1,B,6.619568824768066,2.018101215362549,7.5208659172058105,0.7704018362043988,0.625388524412211
tanh,1.0,64,64,4,8,32,2000,1,C,6.624458312988281,20.47183609008789,19.5738582611084,20.47183947781005,5.626179084964083
tanh,1.0,64,64,4,8,32,2000,2,A,6.43867301940918,2.595764636993408,7.190434455871582,0.9710893740731942,0.7785811529720349
tanh,1.0,64,64,4,8,32,2000,2,B,6.4514031410217285,1.5419764518737793,7.543461322784424,0.7773986565738816,0.6206354427256955
tanh,1.0,64,64,4,8,32,2000,2,C,6.436432838439941,20.68065071105957,20.336912155151367,20.6806521299315,6.3447845355276336
tanh,1.0,64,64,4,8,32,2000,3,A,6.587038993835449,2.5471434593200684,6.587931156158447,0.9959136434793173,0.8170369904166961
tanh,1.0,64,64,4,8,32,2000,3,B,6.576006889343262,1.3851946592330933,6.814359664916992,0.7719265973563519,0.6215387776674901
tanh,1.0,64,64,4,8,32,2000,3,C,6.563793182373047,20.039827346801758,20.07562828063965,20.039830664833865,15.000277486467663
tanh,1.0,64,64,4,8,32,2000,4,A,6.66538143157959,2.2901246547698975,5.141749858856201,0.9350571148480671,0.7833756383501718
tanh,1.0,64,64,4,8,32,2000,4,B,6.66018009185791,1.4941091537475586,3.9032981395721436,0.7992969244756629,0.6610609190081429
tanh,1.0,64,64,4,8,32,2000,4,C,6.648737907409668,20.030359268188477,19.823837280273438,20.030359531300604,3.4079459364925704
tanh,1.0,128,128,4,8,32,2000,0,A,6.73432731628418,3.1127564907073975,5.710198879241943,0.9469571455383836,0.8875462012676748
tanh,1.0,128,128,4,8,32,2000,0,B,6.792159557342529,1.2376055717468262,2.914367437362671,0.8719144830218863,0.8019389100145555
tanh,1.0,128,128,4,8,32,2000,0,C,6.715837478637695,40.833953857421875,40.81863021850586,40.83395872926304,30.08829435118826
tanh,1.0,128,128,4,8,32,2000,1,A,6.7078118324279785,3.1270925998687744,5.590788841247559,0.9499502196742925,0.8802868282773942
tanh,1.0,128,128,4,8,32,2000,1,B,6.671634197235107,1.7441266775131226,6.848565578460693,0.8527540229771594,0.7705759651541161
tanh,1.0,128,128,4,8,32,2000,1,C,6.63477087020874,40.519012451171875,40.557979583740234,40.519012022517465,28.32838576445471
tanh,1.0,128,128,4,8,32,2000,2,A,6.493740081787109,2.851327419281006,5.574892997741699,0.9476815283745894,0.8329711602378573
tanh,1.0,128,128,4,8,32,2000,2,B,6.478899002075195,1.8331183195114136,4.334399700164795,0.8583395538920268,0.7560392129952791
tanh,1.0,128,128,4,8,32,2000,2,C,6.4349284172058105,41.33747482299805,41.346256256103516,41.33749280336484,24.36682826553836
tanh,1.0,128,128,4,8,32,2000,3,A,6.638928413391113,2.489191770553589,4.531940937042236,0.9514468008634926,0.8681460957250918
tanh,1.0,128,128,4,8,32,2000,3,B,6.612677097320557,1.1561192274093628,3.4534409046173096,0.8881017039449247,0.8151177491772815
tanh,1.0,128,128,4,8,32,2000,3,C,6.591815948486328,39.96671676635742,40.007869720458984,39.966708847484476,27.220907906744436
tanh,1.0,128,128,4,8,32,2000,4,A,6.74904727935791,2.1995978355407715,4.460755348205566,0.9582497345583605,0.8707235711200231
tanh,1.0,128,128,4,8,32,2000,4,B,6.728715419769287,1.577717661857605,3.4611496925354004,0.8983985392469453,0.7898689878640728
tanh,1.0,128,128,4,8,32,2000,4,C,6.674291610717773,40.6071891784668,40.658748626708984,40.607190786443965,35.938263426432044
tanh,1.0,256,256,4,8,32,2000,0,A,6.894036293029785,2.477170467376709,3.848940134048462,0.9193071323008482,0.8969479019638414
tanh,1.0,256,256,4,8,32,2000,0,B,6.860635757446289,1.4864448308944702,3.4872958660125732,0.8937570261439398,0.8725954183845958
tanh,1.0,256,256,4,8,32,2000,0,C,6.791162490844727,81.77970886230469,81.79368591308594,81.77971476176353,76.18808597081987
tanh,1.0,256,256,4,8,32,2000,1,A,6.81086540222168,3.6025338172912598,6.43007230758667,0.9288630230844099,0.9152808267345517
tanh,1.0,256,256,4,8,32,2000,1,B,6.796019554138184,1.3871831893920898,3.5151913166046143,0.8935739786871629,0.8724478849244288
tanh,1.0,256,256,4,8,32,2000,1,C,6.72138786315918,82.26041412353516,82.23419952392578,82.2604644753196,49.012310498647636
tanh,1.0,256,256,4,8,32,2000,2,A,6.6380085945129395,2.4383182525634766,4.36598014831543,0.9257267671751798,0.8978514605535783
tanh,1.0,256,256,4,8,32,2000,2,B,6.623770713806152,1.5384535789489746,3.3093109130859375,0.9000611262990992,0.8626193946961215
tanh,1.0,256,256,4,8,32,2000,2,C,6.533919811248779,82.8348388671875,82.84698486328125,82.83482719042075,68.34143130345048
tanh,1.0,256,256,4,8,32,2000,3,A,6.762090682983398,2.599564552307129,4.089725017547607,0.9231382032883325,0.8975522478983186
tanh,1.0,256,256,4,8,32,2000,3,B,6.799822807312012,1.560913324356079,3.1601758003234863,0.9093415231081965,0.8840222611871266
tanh,1.0,256,256,4,8,32,2000,3,C,6.687165260314941,78.61177062988281,78.6369857788086,78.61180258734609,66.65626461934085
tanh,1.0,256,256,4,8,32,2000,4,A,6.828249931335449,2.1695621013641357,4.533677101135254,0.9190067185803773,0.8941582708458168
tanh,1.0,256,256,4,8,32,2000,4,B,6.863748550415039,1.7198491096496582,4.43038272857666,0.9072017424323482,0.8862560655851021
tanh,1.0,256,256,4,8,32,2000,4,C,6.768925666809082,82.33387756347656,82.40306854248047,82.33388234172814,54.08420184033649
tanh,0.75,64,64,4,512,2048,128000,0,A,6.777451992034912,1.016959547996521,2.059899091720581,1.0000000000000004,0.47649119847629084
tanh,0.75,64,64,4,512,2048,128000,0,B,6.714395523071289,0.686386227607727,1.3475356101989746,0.03276717870607041,0.04785635365923588
tanh,0.75,64,64,4,512,2048,128000,0,C,6.631011009216309,21.309709548950195,21.283536911010742,21.30970599512509,4.107536757790805
tanh,1.0,16,16,4,32,128,8000,0,A,6.6431169509887695,1.195487141609192,3.488539218902588,0.9208208487807658,0.5140047725765476
tanh,1.0,16,16,4,32,128,8000,0,B,6.645561218261719,0.4509519040584564,3.0752642154693604,0.15693354337642457,0.1830586261280855
tanh,1.0,16,16,4,32,128,8000,0,C,6.645367622375488,5.249296188354492,5.167368412017822,5.249296586912164,1.1343011082816508
tanh,1.0,16,16,4,32,128,8000,1,A,6.512969493865967,1.3002947568893433,3.8647682666778564,0.904422954957821,0.5181942894713212
tanh,1.0,16,16,4,32,128,8000,1,B,6.5081939697265625,0.807832658290863,2.941279411315918,0.19083835653585055,0.1798942990984969
tanh,1.0,16,16,4,32,128,8000,1,C,6.513912200927734,5.218456745147705,5.153473854064941,5.218456151945976,1.1368708333699344
tanh,1.0,16,16,4,32,128,8000,2,A,6.498963356018066,1.1091166734695435,3.324626922607422,0.829168906621273,0.45239835323078365
tanh,1.0,16,16,4,32,128,8000,2,B,6.488790512084961,0.6673203706741333,3.3578970432281494,0.16949774399374276,0.1806533437837626
tanh,1.0,16,16,4,32,128,8000,2,C,6.494651794433594,5.2605695724487305,5.16739559173584,5.260568956575799,1.0512386813714591
tanh,0.75,64,64,4,512,2048,128000,1,A,6.802499771118164,1.024261713027954,2.098134756088257,1.0000000000000002,0.4874015956697565
tanh,0.75,64,64,4,512,2048,128000,1,B,6.719932556152344,0.5700004696846008,1.3223073482513428,0.032761913217958696,0.044888903960943013
tanh,0.75,64,64,4,512,2048,128000,1,C,6.658007621765137,21.308975219726562,21.28026008605957,21.3089736939905,5.224151548802898
tanh,0.75,64,64,4,512,2048,128000,2,A,6.788790702819824,1.0241291522979736,2.1645116806030273,1.000000000000001,0.46982122954675787
tanh,0.75,64,64,4,512,2048,128000,2,B,6.718559265136719,0.6056088805198669,1.5866228342056274,0.03280560589081785,0.04755759296659998
tanh,0.75,64,64,4,512,2048,128000,2,C,6.632863998413086,21.31098175048828,21.279212951660156,21.310981016609386,2.0326331767020016
tanh,1.0,16,16,4,32,128,8000,3,A,6.5766215324401855,1.2878843545913696,3.507556438446045,0.9694681388441813,0.5492513479179777
tanh,1.0,16,16,4,32,128,8000,3,B,6.57481575012207,0.5643844604492188,2.759676456451416,0.1642435919155808,0.1804457855255888
tanh,1.0,16,16,4,32,128,8000,3,C,6.576040267944336,5.199666500091553,5.087890625,5.19966731641804,1.0428849625626222
tanh,1.0,16,16,4,32,128,8000,4,A,6.532485485076904,1.287531852722168,3.385610580444336,0.9210986261338487,0.5098366299206769
tanh,1.0,16,16,4,32,128,8000,4,B,6.5269012451171875,0.752329409122467,3.087371587753296,0.19529942122221564,0.20696632350286043
tanh,1.0,16,16,4,32,128,8000,4,C,6.533527374267578,5.221039295196533,5.105617523193359,5.221039367261191,1.289647612348567
tanh,0.75,64,64,4,512,2048,128000,3,A,6.778689861297607,1.0235594511032104,2.0309886932373047,0.9999999999999999,0.4769989499908665
tanh,0.75,64,64,4,512,2048,128000,3,B,6.698700428009033,0.7084527015686035,1.6636593341827393,0.03271224818955974,0.04756560249722644
tanh,0.75,64,64,4,512,2048,128000,3,C,6.625397682189941,21.31053352355957,20.100622177124023,21.310536159366958,1.4412943270309106
tanh,1.0,64,64,4,32,128,8000,0,A,6.703960418701172,1.889025092124939,4.13826322555542,1.0000000000000002,0.738592050388966
tanh,1.0,64,64,4,32,128,8000,0,B,6.697100639343262,1.0174145698547363,3.7587807178497314,0.4863307663933922,0.4189363489697376
tanh,1.0,64,64,4,32,128,8000,0,C,6.673376083374023,21.042049407958984,20.990087509155273,21.04204272315582,3.95905174707431
tanh,1.0,64,64,4,32,128,8000,1,A,6.5744524002075195,2.112091064453125,4.626897811889648,0.9999999999999998,0.7271069510483077
tanh,1.0,64,64,4,32,128,8000,1,B,6.562401294708252,1.0387520790100098,3.6604220867156982,0.48661688500833294,0.4216533263220652
tanh,1.0,64,64,4,32,128,8000,1,C,6.535634994506836,20.91292953491211,20.533145904541016,20.91293008832218,2.9551967212067107
tanh,1.0,64,64,4,32,128,8000,2,A,6.556443691253662,1.8593581914901733,4.251328945159912,0.9999999999999998,0.6586616888032403
tanh,1.0,64,64,4,32,128,8000,2,B,6.550958633422852,0.8546409010887146,3.1304500102996826,0.49436539524994244,0.43188925375090453
tanh,1.0,64,64,4,32,128,8000,2,C,6.523750305175781,20.934152603149414,20.94509506225586,20.934154788811103,5.650333834975644
tanh,1.0,64,64,4,32,128,8000,3,A,6.645064830780029,2.019148349761963,4.836921691894531,0.9999999999999996,0.7277428350866317
tanh,1.0,64,64,4,32,128,8000,3,B,6.629864692687988,1.0404040813446045,3.687054395675659,0.48766381094407646,0.42839207561669784
tanh,1.0,64,64,4,32,128,8000,3,C,6.607325553894043,20.892427444458008,20.841062545776367,20.892424151526242,4.156193794002787
tanh,1.0,64,64,4,32,128,8000,4,A,6.596963405609131,2.023256301879883,4.575361728668213,0.9999999999999998,0.7213755458642146
tanh,1.0,64,64,4,32,128,8000,4,B,6.575783729553223,1.1625936031341553,3.811843156814575,0.4862675029463113,0.43188670382123157
tanh,1.0,64,64,4,32,128,8000,4,C,6.56781005859375,20.91771125793457,20.58632469177246,20.91771169979317,4.7629340363326
tanh,0.75,64,64,4,512,2048,128000,4,A,6.7819623947143555,1.0351223945617676,2.0634288787841797,0.9999999999999997,0.4786949579055395
tanh,0.75,64,64,4,512,2048,128000,4,B,6.706670761108398,0.6504257917404175,1.4622751474380493,0.032661560300341716,0.04493917735766077
tanh,0.75,64,64,4,512,2048,128000,4,C,6.617365837097168,21.3111629486084,21.29683494567871,21.311157264329868,6.310691294871883
tanh,1.0,128,128,4,32,128,8000,0,A,6.801648139953613,2.4892592430114746,4.168335914611816,0.9244491322859436,0.7556667733907585
tanh,1.0,128,128,4,32,128,8000,0,B,6.857360363006592,1.2387239933013916,3.088465690612793,0.6963643562193365,0.5742615058834799
tanh,1.0,128,128,4,32,128,8000,0,C,6.706630706787109,42.03568649291992,41.7276496887207,42.035693942917135,6.777853190626524
tanh,1.0,128,128,4,32,128,8000,1,A,6.677661418914795,2.72772216796875,4.082113265991211,0.9353925142701679,0.7520797951544508
tanh,1.0,128,128,4,32,128,8000,1,B,6.625336647033691,1.4231716394424438,3.296093225479126,0.7031403923655071,0.5706515274760358
tanh,1.0,128,128,4,32,128,8000,1,C,6.564484596252441,41.85272216796875,41.80323028564453,41.85272936587201,6.584472111815658
tanh,1.0,128,128,4,32,128,8000,2,A,6.65029239654541,2.358522415161133,3.929994821548462,0.9311999769447487,0.7283080285214458
tanh,1.0,128,128,4,32,128,8000,2,B,6.618584632873535,1.157387614250183,3.0083580017089844,0.6926223347734337,0.5512588209106128
tanh,1.0,128,128,4,32,128,8000,2,C,6.576487064361572,42.05641555786133,41.230125427246094,42.05640937317228,5.453165376797892
tanh,1.0,128,128,4,32,128,8000,3,A,6.746026515960693,2.529320001602173,4.428739070892334,0.937754143781448,0.7680693823484284
tanh,1.0,128,128,4,32,128,8000,3,B,6.719727516174316,1.2773656845092773,2.68135666847229,0.7067479517311342,0.5756120359449645
tanh,1.0,128,128,4,32,128,8000,3,C,6.655422210693359,41.87284851074219,41.8449821472168,41.87284024161425,9.886882425618886
tanh,1.0,128,128,4,32,128,8000,4,A,6.700138568878174,2.3871219158172607,3.8083536624908447,0.9345555275024696,0.7180291475530229
tanh,1.0,128,128,4,32,128,8000,4,B,6.674375057220459,1.0845881700515747,2.8431708812713623,0.7044900438723445,0.5542297345303241
tanh,1.0,128,128,4,32,128,8000,4,C,6.626906871795654,41.74365997314453,41.70377731323242,41.74365160798921,8.393073511479805
tanh,1.0,256,256,4,32,128,8000,0,A,6.948887348175049,2.7621331214904785,4.078421115875244,0.9513816116735124,0.83876969214287
tanh,1.0,256,256,4,32,128,8000,0,B,6.981452941894531,1.0412386655807495,2.6101126670837402,0.8450322371287496,0.6980751742007486
tanh,1.0,256,256,4,32,128,8000,0,C,6.848326206207275,84.18734741210938,83.88067626953125,84.18733941981601,10.126865630796301
tanh,1.0,256,256,4,32,128,8000,1,A,6.824658393859863,3.263956069946289,4.600044250488281,0.9570144161596215,0.8302710044626467
tanh,1.0,256,256,4,32,128,8000,1,B,6.831605911254883,1.4612479209899902,2.5260534286499023,0.8374727425222213,0.7095843105107533
tanh,1.0,256,256,4,32,128,8000,1,C,6.713589668273926,83.78341674804688,83.74665832519531,83.78340667266055,16.413740681342478
tanh,1.0,256,256,4,32,128,8000,2,A,6.781058311462402,2.8583898544311523,4.201838493347168,0.9528377893981056,0.7942355080046894
tanh,1.0,256,256,4,32,128,8000,2,B,6.788655757904053,1.2599316835403442,2.7903013229370117,0.8574580158921854,0.7199349736224302
tanh,1.0,256,256,4,32,128,8000,2,C,6.693108558654785,83.9928970336914,83.93473815917969,83.99287919202061,10.626419037183238
tanh,1.0,256,256,4,32,128,8000,3,A,6.881674766540527,3.384901285171509,4.866056442260742,0.963100765398119,0.8600519364740387
tanh,1.0,256,256,4,32,128,8000,3,B,6.91841983795166,1.487477421760559,2.4504408836364746,0.851566828103874,0.7102891510620482
tanh,1.0,256,256,4,32,128,8000,3,C,6.788007736206055,83.34133911132812,83.29598999023438,83.34134067934745,9.494319477730187
tanh,1.0,256,256,4,32,128,8000,4,A,6.8516082763671875,2.748943567276001,3.829045295715332,0.9401094433038915,0.8080114564690893
tanh,1.0,256,256,4,32,128,8000,4,B,6.839705467224121,1.4462608098983765,2.907257080078125,0.8399728565544414,0.6905112371636506
tanh,1.0,256,256,4,32,128,8000,4,C,6.740169525146484,83.86056518554688,83.44670867919922,83.86058520517815,8.216456968534535
tanh,0.75,128,128,4,512,2048,128000,0,A,7.0271100997924805,1.0145388841629028,1.9969727993011475,1.0000000000000002,0.6777239234163469
tanh,0.75,128,128,4,512,2048,128000,0,B,6.892527103424072,0.5215780138969421,1.4035307168960571,0.06398650918949032,0.08519465100924631
tanh,0.75,128,128,4,512,2048,128000,0,C,6.710807800292969,42.62326431274414,42.54598617553711,42.62326799774602,5.555023436667738
tanh,0.75,128,128,4,512,2048,128000,1,A,7.044187545776367,1.0162204504013062,1.9018009901046753,0.9999999999999992,0.6543536804102662
tanh,0.75,128,128,4,512,2048,128000,1,B,6.931333541870117,0.5125278234481812,1.286623477935791,0.06399456970562038,0.0869685631491049
tanh,0.75,128,128,4,512,2048,128000,1,C,6.711070537567139,42.617008209228516,42.59611511230469,42.61700778004502,4.974303178560063
tanh,0.75,128,128,4,512,2048,128000,2,A,7.019200325012207,1.0176582336425781,2.019789457321167,0.9999999999999999,0.6639451435308005
tanh,0.75,128,128,4,512,2048,128000,2,B,6.904788017272949,0.5302211046218872,1.198091745376587,0.06384873176755741,0.08539738451737805
tanh,0.75,128,128,4,512,2048,128000,2,C,6.670409679412842,42.627864837646484,42.57522201538086,42.627869940501775,6.308434891668087
tanh,0.75,128,128,4,512,2048,128000,3,A,7.009838581085205,1.0318078994750977,1.9772037267684937,1.0,0.6785246381532525
tanh,0.75,128,128,4,512,2048,128000,3,B,6.883232593536377,0.5492727160453796,1.2433134317398071,0.06400331330504949,0.08824452835629232
tanh,0.75,128,128,4,512,2048,128000,3,C,6.692248344421387,42.62733840942383,42.54060745239258,42.6273419909427,6.164316378426646
tanh,0.75,128,128,4,512,2048,128000,4,A,7.01115608215332,1.031302571296692,1.902869701385498,1.0000000000000002,0.6758687176994399
tanh,0.75,128,128,4,512,2048,128000,4,B,6.900050163269043,0.5588670372962952,1.1759400367736816,0.06401217052647724,0.08430691417596031
tanh,0.75,128,128,4,512,2048,128000,4,C,6.686064720153809,42.62425231933594,42.54143524169922,42.62424820630813,10.099552415544554
tanh,1.0,16,16,4,128,512,32000,0,A,6.53861665725708,1.14218270778656,3.0371763706207275,0.3934148586678451,0.3452652406399912
tanh,1.0,16,16,4,128,512,32000,0,B,6.534397602081299,0.6009036302566528,1.7939844131469727,0.039707731773054665,0.04145827370652891
tanh,1.0,16,16,4,128,512,32000,0,C,6.533437252044678,5.320153713226318,5.308745384216309,5.320153525645504,1.8063106897607206
tanh,1.0,16,16,4,128,512,32000,1,A,6.56850528717041,1.24360191822052,2.584813356399536,0.438915038956303,0.34018611143713723
tanh,1.0,16,16,4,128,512,32000,1,B,6.560781478881836,0.7184098958969116,1.9644304513931274,0.04331655494790852,0.052067279913793306
tanh,1.0,16,16,4,128,512,32000,1,C,6.5640106201171875,5.314254283905029,5.2987518310546875,5.314253862747724,1.6090725049149255
tanh,1.0,16,16,4,128,512,32000,2,A,6.496622085571289,1.1476523876190186,2.9309561252593994,0.4114892768197938,0.33904821122746626
tanh,1.0,16,16,4,128,512,32000,2,B,6.486952781677246,0.8584772944450378,2.7767670154571533,0.040928127669495766,0.06038316613320977
tanh,1.0,16,16,4,128,512,32000,2,C,6.517744064331055,5.314439296722412,5.269589424133301,5.314439344296548,0.8677063579778651
tanh,1.0,16,16,4,128,512,32000,3,A,6.541627883911133,1.5366467237472534,3.0094637870788574,0.48285159010265516,0.34529103563723723
tanh,1.0,16,16,4,128,512,32000,3,B,6.528613567352295,0.862900972366333,2.057250738143921,0.04317714558031925,0.050963568053486216
tanh,1.0,16,16,4,128,512,32000,3,C,6.535694122314453,5.314786434173584,5.303054332733154,5.314785874799163,1.6684850505919198
tanh,1.0,16,16,4,128,512,32000,4,A,6.489607810974121,1.1931755542755127,2.9345295429229736,0.406011981771156,0.33091897359561234
tanh,1.0,16,16,4,128,512,32000,4,B,6.48517370223999,0.6643023490905762,1.8130747079849243,0.04168234133955095,0.04787787155014941
tanh,1.0,16,16,4,128,512,32000,4,C,6.485454559326172,5.314014434814453,5.28835916519165,5.3140132049777655,1.243552860594693
tanh,1.0,64,64,4,128,512,32000,0,A,6.650859355926514,1.1473010778427124,2.8596129417419434,0.9999999999999996,0.7072902501876972
tanh,1.0,64,64,4,128,512,32000,0,B,6.607278823852539,1.1863398551940918,2.2909843921661377,0.13150494842664165,0.14166788211297762
tanh,1.0,64,64,4,128,512,32000,0,C,6.56892728805542,21.267608642578125,20.766820907592773,21.267609207949146,2.0906892605366827
tanh,1.0,64,64,4,128,512,32000,1,A,6.675049781799316,1.250666618347168,2.7175729274749756,1.0,0.7493540114325709
tanh,1.0,64,64,4,128,512,32000,1,B,6.628990650177002,1.0635441541671753,2.3727002143859863,0.13315322860294546,0.14071280632546432
tanh,1.0,64,64,4,128,512,32000,1,C,6.59373664855957,21.245811462402344,21.090770721435547,21.24581631109,1.5468297471718968
tanh,1.0,64,64,4,128,512,32000,2,A,6.611717224121094,1.2578155994415283,2.4074816703796387,0.9999999999999997,0.7077689718658738
tanh,1.0,64,64,4,128,512,32000,2,B,6.5741071701049805,0.9639686942100525,1.9000920057296753,0.13137870582053787,0.1341261889972721
tanh,1.0,64,64,4,128,512,32000,2,C,6.531708717346191,21.227548599243164,21.162033081054688,21.227548014462933,5.0617564232859324
tanh,1.0,64,64,4,128,512,32000,3,A,6.644344329833984,1.2384459972381592,2.5857255458831787,0.9999999999999999,0.7073763782924559
tanh,1.0,64,64,4,128,512,32000,3,B,6.607959747314453,1.2739614248275757,2.408665895462036,0.13155652323332606,0.13720092141115778
tanh,1.0,64,64,4,128,512,32000,3,C,6.5789642333984375,21.24787712097168,21.012968063354492,21.247874837561977,2.9419015883958135
tanh,1.0,64,64,4,128,512,32000,4,A,6.598628044128418,1.279237985610962,2.915015697479248,1.0000000000000002,0.7369592990431977
tanh,1.0,64,64,4,128,512,32000,4,B,6.561702728271484,1.4313229322433472,2.4570510387420654,0.1323222351857246,0.142193323092186
tanh,1.0,64,64,4,128,512,32000,4,C,6.533779621124268,21.25727081298828,20.998207092285156,21.257267422345436,1.4236370937672531
tanh,1.0,128,128,4,128,512,32000,0,A,6.799377918243408,1.4128106832504272,2.622460126876831,1.0000000000000007,0.7951812614307502
tanh,1.0,128,128,4,128,512,32000,0,B,6.733390808105469,0.7935410141944885,1.5768214464187622,0.2552225089623425,0.26598269978875966
tanh,1.0,128,128,4,128,512,32000,0,C,6.608270645141602,42.5231819152832,42.33171844482422,42.52317843469393,7.465736629064778
tanh,1.0,128,128,4,128,512,32000,1,A,6.821642875671387,1.4316587448120117,2.557621955871582,1.0000000000000004,0.7995663450580907
tanh,1.0,128,128,4,128,512,32000,1,B,6.776548862457275,1.0730398893356323,1.95552396774292,0.2554212571935224,0.2583903088315156
tanh,1.0,128,128,4,128,512,32000,1,C,6.643367290496826,42.46206283569336,42.1668815612793,42.462061661892484,10.08171692727459
tanh,1.0,128,128,4,128,512,32000,2,A,6.7416090965271,1.4132829904556274,2.694248676300049,0.9999999999999993,0.7701201256912705
tanh,1.0,128,128,4,128,512,32000,2,B,6.70728874206543,1.0660487413406372,1.8339604139328003,0.25772317668767053,0.26009307469193854
tanh,1.0,128,128,4,128,512,32000,2,C,6.592289447784424,42.509239196777344,42.336788177490234,42.50924228480265,2.470849839310445
tanh,0.75,256,256,4,512,2048,128000,0,A,7.170680999755859,1.2853320837020874,2.8943612575531006,0.9999999999999989,0.7228675246817884
tanh,0.75,256,256,4,512,2048,128000,0,B,7.164280414581299,0.3432199954986572,1.3724886178970337,0.1261081540402904,0.1627348733629985
tanh,0.75,256,256,4,512,2048,128000,0,C,6.844534397125244,85.24552154541016,85.15991973876953,85.2455573646784,7.779199916367244
tanh,1.0,128,128,4,128,512,32000,3,A,6.801434516906738,1.4587537050247192,2.5818216800689697,0.9999999999999994,0.7781655354121599
tanh,1.0,128,128,4,128,512,32000,3,B,6.7442426681518555,1.0951184034347534,2.093491792678833,0.25626414157265576,0.2646940587621622
tanh,1.0,128,128,4,128,512,32000,3,C,6.6080780029296875,42.50441360473633,42.08720397949219,42.50440543682657,2.871482416395509
tanh,1.0,128,128,4,128,512,32000,4,A,6.756678104400635,1.4674228429794312,2.6729586124420166,1.0000000000000002,0.7920098990969417
tanh,1.0,128,128,4,128,512,32000,4,B,6.684786796569824,0.9895541071891785,1.6531506776809692,0.25436164453712184,0.25911508446709575
tanh,1.0,128,128,4,128,512,32000,4,C,6.571577072143555,42.45820236206055,42.140323638916016,42.45820235964222,8.89033551455381
tanh,1.0,256,256,4,128,512,32000,0,A,6.918332099914551,2.6668784618377686,3.9432222843170166,0.9630954067718712,0.6821715128358047
tanh,1.0,256,256,4,128,512,32000,0,B,6.9051713943481445,0.8931556344032288,1.864676833152771,0.4726681807603445,0.4456647221012929
tanh,1.0,256,256,4,128,512,32000,0,C,6.770681381225586,85.11669921875,84.62153625488281,85.11669285715931,7.349446154255345
tanh,1.0,256,256,4,128,512,32000,1,A,6.961672306060791,2.6306607723236084,3.692434549331665,0.9702078927257055,0.6904039534760386
tanh,1.0,256,256,4,128,512,32000,1,B,6.951777458190918,1.0376124382019043,1.7577142715454102,0.4734703080388333,0.43200522321699864
tanh,1.0,256,256,4,128,512,32000,1,C,6.748072624206543,85.00105285644531,84.56314849853516,85.00108157460745,5.316228763284752
tanh,1.0,256,256,4,128,512,32000,2,A,6.881913185119629,2.6851961612701416,3.6533610820770264,0.9701601422797572,0.6820351921002102
tanh,1.0,256,256,4,128,512,32000,2,B,6.891751289367676,0.930787205696106,1.64483642578125,0.4717206721882155,0.4417011401255378
tanh,1.0,256,256,4,128,512,32000,2,C,6.703377723693848,84.99042510986328,84.6623306274414,84.99042267677513,11.751260657449759
tanh,1.0,256,256,4,128,512,32000,3,A,6.906940460205078,2.707817316055298,4.069952011108398,0.9750249866142664,0.6818482530504255
tanh,1.0,256,256,4,128,512,32000,3,B,6.922280311584473,0.9528160095214844,1.8425090312957764,0.47132549325210954,0.4325922772780889
tanh,1.0,256,256,4,128,512,32000,3,C,6.755434513092041,85.01128387451172,84.6668930053711,85.01127029783729,11.87117781235034
tanh,1.0,256,256,4,128,512,32000,4,A,6.859167098999023,2.589617967605591,3.6454784870147705,0.9644869512641843,0.6642734921398107
tanh,1.0,256,256,4,128,512,32000,4,B,6.886227607727051,0.8808073997497559,1.6369010210037231,0.47078788921328346,0.43988697001033483
tanh,1.0,256,256,4,128,512,32000,4,C,6.6849517822265625,84.97600555419922,84.71549224853516,84.97601362700992,6.25099623166139
tanh,0.75,256,256,4,512,2048,128000,1,A,7.1677350997924805,1.2726689577102661,2.970245838165283,0.9999999999999997,0.7468765322887366
tanh,0.75,256,256,4,512,2048,128000,1,B,7.188725471496582,0.27727940678596497,1.1033141613006592,0.12596388544218884,0.17366636622842627
tanh,0.75,256,256,4,512,2048,128000,1,C,6.832739353179932,85.24818420410156,85.14569091796875,85.24817147215427,8.3922160337916
tanh,0.75,256,256,4,512,2048,128000,2,A,7.14555025100708,1.2977317571640015,3.1455178260803223,1.0000000000000004,0.7441148483397902
tanh,0.75,256,256,4,512,2048,128000,2,B,7.149082183837891,0.3149006962776184,1.1270956993103027,0.12610682619412186,0.16520728482232183
tanh,0.75,256,256,4,512,2048,128000,2,C,6.800964832305908,85.2550048828125,85.03327941894531,85.25501772470544,11.88356228800042
tanh,0.75,256,256,4,512,2048,128000,3,A,7.124942779541016,1.3228517770767212,3.1524083614349365,0.9999999999999999,0.7301616555623681
tanh,0.75,256,256,4,512,2048,128000,3,B,7.140955924987793,0.32546213269233704,1.1821883916854858,0.12617983546393946,0.1598717692053664
tanh,0.75,256,256,4,512,2048,128000,3,C,6.798293113708496,85.25537109375,85.14990234375,85.25545800342313,10.870863400839955
tanh,0.75,256,256,4,512,2048,128000,4,A,7.126316070556641,1.3376823663711548,3.33034610748291,1.0000000000000009,0.747739052527319
tanh,0.75,256,256,4,512,2048,128000,4,B,7.110681533813477,0.34300220012664795,1.1954290866851807,0.12596951514733393,0.15961909193573545
tanh,0.75,256,256,4,512,2048,128000,4,C,6.8304643630981445,85.24513244628906,84.97928619384766,85.24512561119086,7.50295808645394
tanh,1.0,16,16,4,512,2048,128000,0,A,6.553147315979004,1.4048775434494019,2.4319307804107666,0.35087994232631786,0.29253657769582453
tanh,1.0,16,16,4,512,2048,128000,0,B,6.531308174133301,0.5339367985725403,2.1230528354644775,0.01030714527962304,0.017458114987474432
tanh,1.0,16,16,4,512,2048,128000,0,C,6.5343194007873535,5.328547954559326,5.32541561126709,5.3285466919184605,1.7787348407336234
tanh,1.0,16,16,4,512,2048,128000,1,A,6.567965984344482,1.4031859636306763,2.526158094406128,0.3683579772241265,0.2880280709921308
tanh,1.0,16,16,4,512,2048,128000,1,B,6.544247627258301,0.5665798783302307,1.8182463645935059,0.010762058085620172,0.022294767628011917
tanh,1.0,16,16,4,512,2048,128000,1,C,6.554038047790527,5.3281354904174805,5.3185505867004395,5.328136265835433,1.4006487237870247
tanh,1.0,16,16,4,512,2048,128000,2,A,6.542630672454834,1.3885036706924438,2.407470226287842,0.3546934748945679,0.2979398068581859
tanh,1.0,16,16,4,512,2048,128000,2,B,6.521574020385742,0.7832511067390442,1.5015723705291748,0.010233648626261341,0.016199243897981896
tanh,1.0,16,16,4,512,2048,128000,2,C,6.553050994873047,5.327843189239502,5.293287754058838,5.327843534091028,1.0809510206261264
tanh,1.0,16,16,4,512,2048,128000,3,A,6.532176494598389,1.4269680976867676,2.7501795291900635,0.3581009840328827,0.2883736777759908
tanh,1.0,16,16,4,512,2048,128000,3,B,6.517644882202148,0.5731900930404663,1.8923630714416504,0.009883036923635192,0.015792970612941
tanh,1.0,16,16,4,512,2048,128000,3,C,6.518502712249756,5.328478813171387,5.322319984436035,5.32847840733882,1.3106776346287607
tanh,1.0,16,16,4,512,2048,128000,4,A,6.540770053863525,1.428965449333191,2.5813724994659424,0.35740602448319736,0.2778096300431271
tanh,1.0,16,16,4,512,2048,128000,4,B,6.525588035583496,0.7753404378890991,1.5368897914886475,0.011031821177792256,0.02270517037504574
tanh,1.0,16,16,4,512,2048,128000,4,C,6.530195713043213,5.323883056640625,5.284379005432129,5.323884184339656,0.855656422096186
tanh,1.0,64,64,4,512,2048,128000,0,A,6.717952728271484,1.1166999340057373,2.1547625064849854,0.9999999999999993,0.49933524200310286
tanh,1.0,64,64,4,512,2048,128000,0,B,6.639001846313477,0.9526045918464661,1.8089823722839355,0.032891007792901605,0.04845108757425562
tanh,1.0,64,64,4,512,2048,128000,0,C,6.557537078857422,21.30887794494629,21.266155242919922,21.3088809023773,5.695522619975268
tanh,1.0,64,64,4,512,2048,128000,1,A,6.727899074554443,1.1158454418182373,2.2261223793029785,1.0000000000000002,0.5265582459668954
tanh,1.0,64,64,4,512,2048,128000,1,B,6.654793739318848,0.9334900379180908,1.297490119934082,0.03287826336336675,0.046396686927745526
tanh,1.0,64,64,4,512,2048,128000,1,C,6.582615852355957,21.30865478515625,21.273162841796875,21.30865583665784,3.997388445998826
tanh,1.0,64,64,4,512,2048,128000,2,A,6.702834129333496,1.1282837390899658,2.1719491481781006,0.9999999999999997,0.5080876252335919
tanh,1.0,64,64,4,512,2048,128000,2,B,6.640181064605713,0.9191535711288452,1.7012875080108643,0.03296028201416084,0.04773770227091703
tanh,1.0,64,64,4,512,2048,128000,2,C,6.551733493804932,21.310888290405273,21.282390594482422,21.31089078167773,1.7729842176774402
tanh,1.0,64,64,4,512,2048,128000,3,A,6.6972856521606445,1.1629441976547241,2.5001015663146973,1.0000000000000002,0.5186983704738015
tanh,1.0,64,64,4,512,2048,128000,3,B,6.626349925994873,1.0241543054580688,1.5338807106018066,0.03287024581270201,0.04759790980911496
tanh,1.0,64,64,4,512,2048,128000,3,C,6.568974018096924,21.311006546020508,20.12286376953125,21.311005861258675,1.3835363252749833
tanh,1.0,64,64,4,512,2048,128000,4,A,6.707272529602051,1.1513322591781616,2.1572635173797607,0.9999999999999997,0.5068263762054567
tanh,1.0,64,64,4,512,2048,128000,4,B,6.636291027069092,0.8998903036117554,1.6325833797454834,0.03291789240080695,0.047279983266979915
tanh,1.0,64,64,4,512,2048,128000,4,C,6.571291446685791,21.311826705932617,21.295068740844727,21.311826238571538,2.186082836328546
tanh,1.0,128,128,4,512,2048,128000,0,A,6.942440986633301,1.0774742364883423,2.1128053665161133,0.9999999999999992,0.6710196403117586
tanh,1.0,128,128,4,512,2048,128000,0,B,6.805249214172363,0.7944544553756714,1.5091274976730347,0.06408159157734966,0.08625480913870863
tanh,1.0,128,128,4,512,2048,128000,0,C,6.6342315673828125,42.62223815917969,42.52809143066406,42.6222422954408,9.053431016428858
tanh,1.0,128,128,4,512,2048,128000,1,A,6.957756042480469,1.0765117406845093,2.075728416442871,0.9999999999999996,0.6750125197813422
tanh,1.0,128,128,4,512,2048,128000,1,B,6.844625949859619,0.8362115025520325,1.5311338901519775,0.06423360510177417,0.08913413583391874
tanh,1.0,128,128,4,512,2048,128000,1,C,6.650855541229248,42.613502502441406,42.5804328918457,42.61349303521719,6.767656545536247
tanh,1.0,128,128,4,512,2048,128000,2,A,6.931312561035156,1.0850986242294312,2.233940601348877,1.0000000000000002,0.692207346428646
tanh,1.0,128,128,4,512,2048,128000,2,B,6.831429958343506,0.6390178799629211,1.277685523033142,0.063970995901381,0.08601166696381173
tanh,1.0,128,128,4,512,2048,128000,2,C,6.625653266906738,42.621341705322266,42.538291931152344,42.621338485125484,8.132041863022401
tanh,1.0,128,128,4,512,2048,128000,3,A,6.920468807220459,1.0566223859786987,2.0277798175811768,1.0000000000000004,0.6590226620403039
tanh,1.0,128,128,4,512,2048,128000,3,B,6.807126998901367,0.7425827383995056,1.3980603218078613,0.06393319337270632,0.08471316765967533
tanh,1.0,128,128,4,512,2048,128000,3,C,6.613626003265381,42.62533187866211,42.51028060913086,42.625339110978146,3.9361425672688015
tanh,1.0,128,128,4,512,2048,128000,4,A,6.926610946655273,1.0964668989181519,2.120729923248291,0.9999999999999996,0.6792064081442716
tanh,1.0,128,128,4,512,2048,128000,4,B,6.8061370849609375,0.7619353532791138,1.3037117719650269,0.0640808111654063,0.08538052580396276
tanh,1.0,128,128,4,512,2048,128000,4,C,6.622892379760742,42.62445831298828,42.54510498046875,42.62445649040482,7.979728652486912
tanh,1.0,256,256,4,512,2048,128000,0,A,7.083901405334473,1.1621894836425781,3.236205816268921,0.9999999999999996,0.7491686381053646
tanh,1.0,256,256,4,512,2048,128000,0,B,7.058786392211914,0.4800107181072235,1.4669934511184692,0.12636760052563678,0.15951237441807387
tanh,1.0,256,256,4,512,2048,128000,0,C,6.779473304748535,85.25151062011719,85.09844207763672,85.25155491192449,10.801197811873173
tanh,1.0,256,256,4,512,2048,128000,1,A,7.0883636474609375,1.484339714050293,3.1528563499450684,1.0000000000000013,0.7364175226919597
tanh,1.0,256,256,4,512,2048,128000,1,B,7.0739336013793945,0.48648929595947266,1.3912289142608643,0.12631529330148794,0.16281208049183316
tanh,1.0,256,256,4,512,2048,128000,1,C,6.793312072753906,85.24971771240234,85.16870880126953,85.24971332635867,8.298606933693488
tanh,1.0,256,256,4,512,2048,128000,2,A,7.053084373474121,1.4829607009887695,3.3584349155426025,0.9999999999999993,0.738048907760092
tanh,1.0,256,256,4,512,2048,128000,2,B,7.054492950439453,0.49304792284965515,1.3322173357009888,0.12630603854532532,0.16306326036066576
tanh,1.0,256,256,4,512,2048,128000,2,C,6.739355564117432,85.25081634521484,85.00775146484375,85.25080764772993,13.308524568033247
tanh,1.0,256,256,4,512,2048,128000,3,A,7.039483547210693,1.5232049226760864,3.510270118713379,0.9999999999999997,0.7408304653975356
tanh,1.0,256,256,4,512,2048,128000,3,B,7.0586347579956055,0.46227529644966125,1.3375910520553589,0.12621040999062735,0.16253956683267415
tanh,1.0,256,256,4,512,2048,128000,3,C,6.745552062988281,85.25931549072266,85.10062408447266,85.25930381454907,9.107116376003363
tanh,1.0,256,256,4,512,2048,128000,4,A,7.059851169586182,1.4916566610336304,3.302086353302002,1.0000000000000002,0.7333018867181533
tanh,1.0,256,256,4,512,2048,128000,4,B,7.060657024383545,0.4525451362133026,1.1523771286010742,0.12618907242943408,0.1653485290663002
tanh,1.0,256,256,4,512,2048,128000,4,C,6.706705570220947,85.24982452392578,84.99870300292969,85.2498135404546,9.03670800716209
