r_class,r_item,d,int_frac,achieved_frac,activation,seed,r_int,rank,cap_true,steps,n_classes,n_lexemes,n_over_d,k_class,gap,final_loss,opt_loss,sep,perdim,frac
1,1,32,1.0,1.0,identity,0,1,1,0.031,22000,16,8000,250.0,1,0.016094348907470746,6.04403271484375,6.027938365936279,9.805968135877325,0.3064365042461664,0.3064365042461664
1,1,16,0.0,0.0,relu,1,0,2,0.125,35500,16,8000,500.0,1,0.018262336730956896,4.735908935546875,4.717646598815918,0.016047176094273648,0.001002948505892103,0.001002948505892103
1,1,32,0.0,0.0,identity,2,0,2,0.062,30000,16,8000,250.0,1,0.02747243881225625,4.929288330078125,4.901815891265869,0.9758369386820129,0.030494904333812904,0.030494904333812904
1,1,32,1.0,1.0,relu,1,1,1,0.031,31500,16,8000,250.0,1,0.011002208709716577,5.540726806640625,5.529724597930908,25.610368828442052,0.8003240258888141,0.8003240258888141
1,1,32,1.0,1.0,identity,2,1,1,0.031,34000,16,8000,250.0,1,0.013683982849121534,5.934323974609375,5.920639991760254,29.68555413202103,0.9276735666256571,0.9276735666256571
1,1,32,1.0,1.0,relu,3,1,1,0.031,32000,16,8000,250.0,1,0.01009784317016571,6.106469970703125,6.096372127532959,23.812544770577137,0.7441420240805355,0.7441420240805355
1,1,16,1.0,1.0,identity,0,1,1,0.062,36000,16,8000,500.0,1,0.011935657501220831,6.0398740234375,6.027938365936279,10.843097438460648,0.6776935899037905,0.6776935899037905
1,1,32,0.0,0.0,relu,1,0,2,0.062,35500,16,8000,250.0,2,0.020083381652831633,4.73772998046875,4.717646598815918,0.8332252097792802,0.026038287805602505,0.05207657561120501
1,1,32,0.5,0.5159,identity,0,1,3,0.094,36500,16,8000,250.0,1,0.028451000213623345,5.322083984375,5.293632984161377,0.36266973365618826,0.011333429176755883,0.011333429176755883
1,1,32,0.25,0.2601,identity,0,1,3,0.094,37000,16,8000,250.0,1,0.029309192657470895,5.19591943359375,5.166610240936279,0.45024726678135046,0.014070227086917202,0.014070227086917202
1,1,16,0.5,0.5159,identity,0,1,3,0.188,38000,16,8000,500.0,1,0.025724437713622983,5.319357421875,5.293632984161377,0.2629984062210765,0.016437400388817282,0.016437400388817282
1,1,32,0.25,0.2504,identity,4,1,3,0.094,40500,16,8000,250.0,1,0.028406127929687663,4.90793798828125,4.8795318603515625,1.1031542406475396,0.034473570020235614,0.034473570020235614
1,1,16,1.0,1.0,relu,1,1,1,0.062,40500,16,8000,500.0,1,0.009265880584717223,5.538990478515625,5.529724597930908,14.141425289221338,0.8838390805763336,0.8838390805763336
1,1,16,1.0,1.0,relu,3,1,1,0.062,41500,16,8000,500.0,1,0.008452579498291257,6.10482470703125,6.096372127532959,11.33310450931482,0.7083190318321763,0.7083190318321763
1,1,16,0.25,0.2535,relu,3,1,3,0.188,42000,16,8000,500.0,2,0.019019409179687585,5.2316201171875,5.2126007080078125,0.7189172403520442,0.04493232752200276,0.08986465504400552
1,1,16,0.25,0.2504,identity,4,1,3,0.188,42500,16,8000,500.0,1,0.025020874023437223,4.904552734375,4.8795318603515625,0.22547435062616553,0.014092146914135345,0.014092146914135345
1,1,32,0.5,0.5004,identity,4,1,3,0.094,43000,16,8000,250.0,1,0.028874092102050497,5.339942626953125,5.311068534851074,0.2883252118984686,0.009010162871827144,0.009010162871827144
1,1,32,0.0,0.0,identity,4,0,2,0.062,43000,16,8000,250.0,1,0.022520805358886342,4.51050927734375,4.487988471984863,0.7411796003432894,0.023161862510727795,0.023161862510727795
1,1,32,0.0,0.0,relu,3,0,2,0.062,41500,16,8000,250.0,2,0.01648167419433566,5.106365478515625,5.089883804321289,1.280824571366166,0.040025767855192684,0.08005153571038537
1,1,32,0.25,0.2535,relu,3,1,3,0.094,44000,16,8000,250.0,2,0.019646606445312464,5.232247314453125,5.2126007080078125,0.13120280386893077,0.0041000876209040865,0.008200175241808173
1,1,32,1.0,1.0,identity,4,1,1,0.031,44000,16,8000,250.0,1,0.01238874053955108,5.9923720703125,5.979983329772949,17.906781399641037,0.5595869187387824,0.5595869187387824
1,1,16,0.25,0.2525,relu,1,1,3,0.188,43500,16,8000,500.0,2,0.019396438598632493,4.986466064453125,4.967069625854492,0.20541252026488246,0.012838282516555154,0.025676565033110308
1,1,16,0.75,0.7516,relu,1,1,3,0.188,45000,16,8000,500.0,2,0.01809819793701184,5.472151123046875,5.454052925109863,3.188883471316911,0.19930521695730694,0.39861043391461387
1,1,16,1.0,1.0,identity,4,1,1,0.062,46500,16,8000,500.0,1,0.010123603820800575,5.99010693359375,5.979983329772949,10.96186233811549,0.6851163961322181,0.6851163961322181
1,1,32,0.75,0.7502,identity,2,1,3,0.094,48000,16,8000,250.0,2,0.023824268341064325,5.630017333984375,5.6061930656433105,4.172397207173092,0.13038741272415913,0.26077482544831826
1,1,16,0.75,0.7502,identity,2,1,3,0.188,48000,16,8000,500.0,1,0.02128471755981476,5.627477783203125,5.6061930656433105,0.6601206647497755,0.04125754154686097,0.04125754154686097
1,1,32,0.5,0.5043,relu,3,1,3,0.094,46500,16,8000,250.0,2,0.019730270385742266,5.476519287109375,5.456789016723633,1.1583386280614072,0.036198082126918975,0.07239616425383795
1,1,16,0.0,0.0,relu,3,0,2,0.125,46500,16,8000,500.0,2,0.01510813903808561,5.104991943359375,5.089883804321289,0.35662726414873286,0.022289204009295804,0.04457840801859161
1,1,32,0.75,0.7516,relu,1,1,3,0.094,46500,16,8000,250.0,2,0.01954814910888647,5.47360107421875,5.454052925109863,4.963692495421988,0.15511539048193712,0.31023078096387424
1,1,16,1.0,1.0,identity,2,1,1,0.062,48500,16,8000,500.0,1,0.00989321136474608,5.930533203125,5.920639991760254,13.464215083731109,0.8415134427331943,0.8415134427331943
1,1,32,0.0,0.0,identity,0,0,2,0.062,49000,16,8000,250.0,1,0.022958641052245987,5.06017578125,5.037217140197754,2.2992881760534307,0.07185275550166971,0.07185275550166971
1,1,16,0.0,0.0,identity,0,0,2,0.125,55500,16,8000,500.0,1,0.019650779724121215,5.056867919921875,5.037217140197754,0.013526010845552336,0.000845375677847021,0.000845375677847021
1,1,16,0.0,0.0,identity,4,0,2,0.125,57000,16,8000,500.0,1,0.017568412780761378,4.505556884765625,4.487988471984863,0.7179051199492223,0.0448690699968264,0.0448690699968264
1,1,32,0.5,0.5029,relu,1,1,3,0.094,49000,16,8000,250.0,2,0.02083053207397434,5.27894677734375,5.258116245269775,2.677293174905019,0.08366541171578185,0.1673308234315637
1,1,16,0.5,0.5004,identity,2,1,3,0.188,51000,16,8000,500.0,1,0.023020946502685824,5.377704345703125,5.3546833992004395,1.3621698730181646,0.08513561706363529,0.08513561706363529
1,1,32,0.75,0.7652,identity,0,1,3,0.094,52500,16,8000,250.0,2,0.022640438079833736,5.5899951171875,5.567354679107666,1.760254168145757,0.05500794275455491,0.11001588550910982
1,1,32,0.25,0.2503,identity,2,1,3,0.094,54500,16,8000,250.0,1,0.024345359802246058,5.12009521484375,5.095749855041504,0.2397980454146933,0.0074936889192091655,0.0074936889192091655
1,1,16,0.75,0.7528,relu,3,1,3,0.188,54000,16,8000,500.0,2,0.01603068542480468,5.784877197265625,5.76884651184082,2.9861780439774526,0.18663612774859079,0.37327225549718157
1,1,16,0.25,0.2503,identity,2,1,3,0.188,54500,16,8000,500.0,1,0.02246669769287113,5.118216552734375,5.095749855041504,0.32111725335829155,0.020069828334893222,0.020069828334893222
1,1,16,0.5,0.5004,identity,4,1,3,0.188,56000,16,8000,500.0,1,0.023887275695800625,5.334955810546875,5.311068534851074,0.17436215515154907,0.010897634696971817,0.010897634696971817
1,1,32,0.5,0.5004,identity,2,1,3,0.094,58500,16,8000,250.0,1,0.024039989471435597,5.378723388671875,5.3546833992004395,1.4865219522400375,0.04645381100750117,0.04645381100750117
1,1,16,0.0,0.0,identity,2,0,2,0.125,62500,16,8000,500.0,1,0.017985866546631257,4.9198017578125,4.901815891265869,0.4998066266206656,0.0312379141637916,0.0312379141637916
1,1,16,0.5,0.5043,relu,3,1,3,0.188,57500,16,8000,500.0,2,0.01753056335449177,5.474319580078125,5.456789016723633,0.5913472113258653,0.03695920070786658,0.07391840141573316
1,1,16,0.75,0.7652,identity,0,1,3,0.188,59000,16,8000,500.0,1,0.020265438079833942,5.5876201171875,5.567354679107666,0.08469087276101508,0.005293179547563443,0.005293179547563443
1,1,32,0.75,0.7528,relu,3,1,3,0.094,57000,16,8000,250.0,2,0.017544601440429908,5.78639111328125,5.76884651184082,4.529435651583167,0.14154486411197398,0.28308972822394796
1,1,16,0.5,0.5029,relu,1,1,3,0.188,60000,16,8000,500.0,2,0.01794308090209995,5.276059326171875,5.258116245269775,2.0886059293591654,0.13053787058494784,0.2610757411698957
1,1,64,0.0,0.0,identity,2,0,2,0.031,30500,16,8000,125.0,1,0.032896022796631286,4.9347119140625,4.901815891265869,0.7722536167300703,0.012066462761407349,0.012066462761407349
1,1,32,0.25,0.2525,relu,1,1,3,0.094,58500,16,8000,250.0,2,0.018510452270508182,4.985580078125,4.967069625854492,0.42789583840918327,0.013371744950286977,0.026743489900573954
1,1,64,0.25,0.2504,identity,4,1,3,0.047,26000,16,8000,125.0,1,0.039360473632812365,4.918892333984375,4.8795318603515625,0.8237088466876736,0.0128704507294949,0.0128704507294949
1,1,32,0.75,0.75,identity,4,1,3,0.094,66000,16,8000,250.0,2,0.02213991165161122,5.7070263671875,5.684886455535889,5.391091296567494,0.1684716030177342,0.3369432060354684
1,1,16,0.75,0.75,identity,4,1,3,0.188,66000,16,8000,500.0,1,0.019344013214110944,5.70423046875,5.684886455535889,0.10845575956745174,0.006778484972965734,0.006778484972965734
1,1,64,0.25,0.2601,identity,0,1,3,0.047,31500,16,8000,125.0,1,0.03733946609497085,5.20394970703125,5.166610240936279,1.286282444253025,0.020098163191453515,0.020098163191453515
1,1,64,0.0,0.0,identity,0,0,2,0.031,44500,16,8000,125.0,1,0.028730125427245845,5.065947265625,5.037217140197754,0.12805166465426948,0.0020008072602229606,0.0020008072602229606
1,1,64,0.25,0.2503,identity,2,1,3,0.047,32000,16,8000,125.0,1,0.037139060974120675,5.132888916015625,5.095749855041504,0.13987254309772132,0.0021855084859018956,0.0021855084859018956
1,1,64,0.25,0.2535,relu,3,1,3,0.047,30000,16,8000,125.0,2,0.02453503417968772,5.2371357421875,5.2126007080078125,0.7459754103984679,0.011655865787476061,0.023311731574952123
1,1,64,0.0,0.0,relu,3,0,2,0.031,33000,16,8000,125.0,2,0.019724594116210525,5.1096083984375,5.089883804321289,0.8823093096106954,0.013786082962667116,0.027572165925334232
1,1,16,0.25,0.2601,identity,0,1,3,0.188,73500,16,8000,500.0,1,0.01962926101684559,5.186239501953125,5.166610240936279,0.09964713372313617,0.006227945857696011,0.006227945857696011
1,1,64,0.0,0.0,identity,4,0,2,0.031,43000,16,8000,125.0,2,0.028158500671386477,4.51614697265625,4.487988471984863,1.3765963302746391,0.021509317660541236,0.04301863532108247
1,1,64,0.75,0.7528,relu,3,1,3,0.047,28000,16,8000,125.0,2,0.02383244323730427,5.792678955078125,5.76884651184082,9.660467109655603,0.1509447985883688,0.3018895971767376
1,1,64,1.0,1.0,identity,0,1,1,0.016,30000,16,8000,125.0,1,0.019893177032471066,6.04783154296875,6.027938365936279,22.475551118430406,0.3511804862254751,0.3511804862254751
1,1,64,0.5,0.5029,relu,1,1,3,0.047,32500,16,8000,125.0,2,0.026043422698974972,5.28415966796875,5.258116245269775,5.06237911708293,0.07909967370442078,0.15819934740884156
1,1,64,0.5,0.5159,identity,0,1,3,0.047,38000,16,8000,125.0,1,0.03410602951049846,5.327739013671875,5.293632984161377,1.03262768432926,0.01613480756764469,0.01613480756764469
1,1,64,0.5,0.5004,identity,4,1,3,0.047,37000,16,8000,125.0,1,0.03620783233642566,5.3472763671875,5.311068534851074,0.11110348358370845,0.0017359919309954445,0.0017359919309954445
1,1,64,0.75,0.75,identity,4,1,3,0.047,37000,16,8000,125.0,1,0.03390407180786159,5.71879052734375,5.684886455535889,1.7309222977643914,0.027045660902568616,0.027045660902568616
1,1,64,1.0,1.0,relu,3,1,1,0.016,32000,16,8000,125.0,1,0.010517032623290845,6.10688916015625,6.096372127532959,42.58915333012616,0.6654555207832212,0.6654555207832212
1,1,64,0.25,0.2525,relu,1,1,3,0.047,42000,16,8000,125.0,2,0.02329414367675753,4.99036376953125,4.967069625854492,0.8805527385627143,0.013758636540042411,0.027517273080084823
1,1,64,0.5,0.5043,relu,3,1,3,0.047,36500,16,8000,125.0,2,0.02438041687011694,5.48116943359375,5.456789016723633,2.5830625348047693,0.04036035210632452,0.08072070421264904
1,1,96,1.0,1.0,identity,4,1,1,0.01,22000,16,8000,83.3,1,0.027346748352051087,6.007330078125,5.979983329772949,79.29996652979277,0.8260413180186746,0.8260413180186746
1,1,96,0.0,0.0,identity,0,0,2,0.021,35500,16,8000,83.3,1,0.037914207458496385,5.07513134765625,5.037217140197754,5.147863416718746,0.05362357725748693,0.05362357725748693
1,1,64,1.0,1.0,identity,4,1,1,0.016,40500,16,8000,125.0,1,0.018220771789550838,5.9982041015625,5.979983329772949,53.936840044415995,0.8427631256939999,0.8427631256939999
1,1,96,1.0,1.0,identity,2,1,1,0.01,26500,16,8000,83.3,1,0.026932273864746392,5.947572265625,5.920639991760254,90.4461485027838,0.9421473802373312,0.9421473802373312
1,1,64,1.0,1.0,identity,2,1,1,0.016,43500,16,8000,125.0,1,0.01752138519287083,5.938161376953125,5.920639991760254,61.419527357675086,0.9596801149636732,0.9596801149636732
1,1,64,0.0,0.0,relu,1,0,2,0.031,52500,16,8000,125.0,2,0.019073616027831974,4.73672021484375,4.717646598815918,1.5339069510178458,0.02396729610965384,0.04793459221930768
1,1,96,1.0,1.0,identity,0,1,1,0.01,30000,16,8000,83.3,1,0.025756458282470973,6.05369482421875,6.027938365936279,33.190020466312696,0.3457293798574239,0.3457293798574239
1,1,64,0.75,0.7502,identity,2,1,3,0.047,48000,16,8000,125.0,2,0.029436328887939567,5.63562939453125,5.6061930656433105,7.434965612096527,0.11617133768900824,0.23234267537801648
1,1,96,0.0,0.0,identity,4,0,2,0.021,40500,16,8000,83.3,2,0.03565947723388696,4.52364794921875,4.487988471984863,4.1746307267653044,0.04348573673713859,0.08697147347427718
1,1,64,1.0,1.0,relu,1,1,1,0.016,40500,16,8000,125.0,1,0.010708019256592038,5.5404326171875,5.529724597930908,53.69052633254067,0.838914473945948,0.838914473945948
1,1,96,0.5,0.5159,identity,0,1,3,0.031,38000,16,8000,83.3,1,0.04134016036987287,5.33497314453125,5.293632984161377,3.1327718968938414,0.03263304059264418,0.03263304059264418
1,1,96,0.0,0.0,relu,1,0,2,0.021,38500,16,8000,83.3,1,0.022153450012207365,4.739800048828125,4.717646598815918,0.19822210501445858,0.00206481359390061,0.00206481359390061
1,1,96,0.5,0.5004,identity,4,1,3,0.031,37000,16,8000,83.3,2,0.04240558624267621,5.35347412109375,5.311068534851074,7.335623167030256,0.07641274132323184,0.15282548264646367
1,1,64,0.75,0.7516,relu,1,1,3,0.047,46500,16,8000,125.0,2,0.02157622528076164,5.475629150390625,5.454052925109863,15.632546303081234,0.2442585359856443,0.4885170719712886
1,1,96,0.0,0.0,identity,2,0,2,0.021,44500,16,8000,83.3,1,0.03474807357788112,4.93656396484375,4.901815891265869,0.40756932426508047,0.004245513794427921,0.004245513794427921
1,1,96,0.5,0.5029,relu,1,1,3,0.031,35000,16,8000,83.3,2,0.026387416839599886,5.284503662109375,5.258116245269775,7.409538604088021,0.07718269379258355,0.1543653875851671
1,1,96,0.0,0.0,relu,3,0,2,0.021,40500,16,8000,83.3,2,0.019934310913085618,5.109818115234375,5.089883804321289,0.9129976484473867,0.009510392171326945,0.01902078434265389
1,1,64,0.75,0.7652,identity,0,1,3,0.047,52500,16,8000,125.0,1,0.02916485214233422,5.59651953125,5.567354679107666,0.8201685344940988,0.012815133351470293,0.012815133351470293
1,1,96,0.5,0.5004,identity,2,1,3,0.031,41500,16,8000,83.3,1,0.04049872970581081,5.39518212890625,5.3546833992004395,0.5901803518766566,0.006147711998715173,0.006147711998715173
1,1,96,1.0,1.0,relu,1,1,1,0.01,31500,16,8000,83.3,1,0.012794445037841662,5.54251904296875,5.529724597930908,77.65226437403182,0.8088777538961648,0.8088777538961648
1,1,96,1.0,1.0,relu,3,1,1,0.01,30500,16,8000,83.3,1,0.012064640045165831,6.108436767578125,6.096372127532959,62.89539646199322,0.6551603798124294,0.6551603798124294
1,1,96,0.75,0.7528,relu,3,1,3,0.031,35000,16,8000,83.3,2,0.02396647644042993,5.79281298828125,5.76884651184082,17.821167719525867,0.18563716374506112,0.37127432749012224
1,1,96,0.25,0.2601,identity,0,1,3,0.031,49000,16,8000,83.3,1,0.03824498367309559,5.204855224609375,5.166610240936279,0.5703797352753713,0.005941455575785118,0.005941455575785118
1,1,96,0.25,0.2535,relu,3,1,3,0.031,44000,16,8000,83.3,2,0.024300170898437834,5.23690087890625,5.2126007080078125,3.4630841787643236,0.036073793528795035,0.07214758705759007
1,1,96,0.25,0.2504,identity,4,1,3,0.031,53000,16,8000,83.3,2,0.038717407226562806,4.918249267578125,4.8795318603515625,1.4597629365045848,0.015205863921922759,0.030411727843845517
1,1,64,0.5,0.5004,identity,2,1,3,0.047,65000,16,8000,125.0,2,0.03049164962768547,5.385175048828125,5.3546833992004395,5.042654373905734,0.07879147459227709,0.15758294918455418
1,1,96,0.25,0.2525,relu,1,1,3,0.031,48500,16,8000,83.3,2,0.02460395812988292,4.991673583984375,4.967069625854492,4.091047185019442,0.04261507484395252,0.08523014968790504
1,1,96,0.75,0.7502,identity,2,1,3,0.031,48000,16,8000,83.3,2,0.03693632888793985,5.64312939453125,5.6061930656433105,12.941071979450468,0.1348028331192757,0.2696056662385514
1,2,16,0.0,0.0,identity,4,0,3,0.188,45500,16,8000,500.0,1,0.027803043365478786,4.360549072265625,4.3327460289001465,1.3257872288357675,0.08286170180223547,0.08286170180223547
1,2,16,0.0,0.0,relu,1,0,3,0.188,44500,16,8000,500.0,1,0.026200382232666186,4.447889892578125,4.421689510345459,0.3071843430899906,0.019199021443124412,0.019199021443124412
1,2,16,0.0,0.0,identity,2,0,3,0.188,49500,16,8000,500.0,1,0.02660483551025372,4.60065478515625,4.574049949645996,0.8110310752391503,0.050689442202446894,0.050689442202446894
1,1,96,0.5,0.5043,relu,3,1,3,0.031,46500,16,8000,83.3,2,0.02357035827636711,5.480359375,5.456789016723633,7.763967909632591,0.08087466572533948,0.16174933145067896
1,1,96,0.75,0.7516,relu,1,1,3,0.031,46000,16,8000,83.3,2,0.023399711608886875,5.47745263671875,5.454052925109863,23.647987156311565,0.24633319954491215,0.4926663990898243
1,2,16,0.25,0.2592,identity,0,1,4,0.25,49000,16,8000,500.0,1,0.0304900436401363,5.076370361328125,5.045880317687988,0.04799730257982954,0.002999831411239346,0.002999831411239346
1,2,16,0.5,0.5002,identity,2,1,4,0.25,43000,16,8000,500.0,2,0.03092176055908169,5.1794765625,5.148554801940918,0.40555245385018723,0.025347028365636702,0.050694056731273404
1,1,96,0.75,0.75,identity,4,1,3,0.031,56500,16,8000,83.3,2,0.03674489212036125,5.72163134765625,5.684886455535889,15.609628589893745,0.16260029781139318,0.32520059562278636
1,2,16,0.25,0.2508,identity,4,1,4,0.25,49000,16,8000,500.0,1,0.030482128143310305,4.592227294921875,4.5617451667785645,0.2667607188186469,0.01667254492616543,0.01667254492616543
1,1,96,0.75,0.7652,identity,0,1,3,0.031,59000,16,8000,83.3,1,0.03584991073608368,5.60320458984375,5.567354679107666,5.505888038785464,0.05735300040401525,0.05735300040401525
1,1,96,0.25,0.2503,identity,2,1,3,0.031,67500,16,8000,83.3,1,0.03386611175537091,5.129615966796875,5.095749855041504,0.7304202382792919,0.007608544148742624,0.007608544148742624
1,2,16,1.0,1.0,identity,4,1,1,0.062,35000,16,8000,500.0,1,0.010943107604980185,5.82227294921875,5.8113298416137695,14.3373961400487,0.8960872587530437,0.8960872587530437
1,2,16,0.75,0.7502,identity,2,1,4,0.25,44000,16,8000,500.0,2,0.0275859184265137,5.5899833984375,5.562397480010986,1.1717354534405127,0.07323346584003204,0.14646693168006408
1,2,16,0.25,0.2501,identity,2,1,4,0.25,56500,16,8000,500.0,1,0.028851360321044517,4.83971533203125,4.810863971710205,0.28116896681004183,0.017573060425627614,0.017573060425627614
1,2,16,1.0,1.0,identity,0,1,1,0.062,42500,16,8000,500.0,1,0.010670417785644482,6.24716162109375,6.2364912033081055,8.895439052748749,0.5559649407967968,0.5559649407967968
1,2,16,0.0,0.0,identity,0,0,3,0.188,68500,16,8000,500.0,1,0.02387930679321304,4.86691357421875,4.843034267425537,0.10188732747925298,0.0063679579674533115,0.0063679579674533115
1,2,32,0.0,0.0,identity,0,0,3,0.094,40500,16,8000,250.0,1,0.0323653907775876,4.875399658203125,4.843034267425537,0.26332810956751773,0.008229003423984929,0.008229003423984929
1,2,16,1.0,1.0,identity,2,1,1,0.062,43500,16,8000,500.0,1,0.010649433135986541,5.95795654296875,5.947307109832764,15.486845109121987,0.9679278193201242,0.9679278193201242
1,2,16,0.5,0.5013,identity,4,1,4,0.25,56000,16,8000,500.0,1,0.027559680938720632,4.921220703125,4.893661022186279,0.05763490019610966,0.0036021812622568537,0.0036021812622568537
1,2,16,0.0,0.0,relu,3,0,3,0.188,66500,16,8000,500.0,2,0.019434692382812813,4.97754931640625,4.9581146240234375,0.33746818403754353,0.02109176150234647,0.04218352300469294
1,2,32,0.0,0.0,identity,2,0,3,0.094,44000,16,8000,250.0,1,0.03162436676025404,4.60567431640625,4.574049949645996,0.9266391729107718,0.02895747415346162,0.02895747415346162
1,2,32,1.0,1.0,identity,0,1,1,0.031,24500,16,8000,250.0,1,0.01580078887939429,6.2522919921875,6.2364912033081055,13.136932001397023,0.41052912504365696,0.41052912504365696
1,2,16,1.0,1.0,relu,3,1,1,0.062,45000,16,8000,500.0,1,0.0077516250610347726,6.32807080078125,6.320319175720215,9.41035829531034,0.5881473934568963,0.5881473934568963
1,2,32,1.0,1.0,identity,4,1,1,0.031,25000,16,8000,250.0,1,0.014637687683105582,5.825967529296875,5.8113298416137695,29.477095928446303,0.921159247763947,0.921159247763947
1,2,32,0.0,0.0,identity,4,0,3,0.094,45500,16,8000,250.0,1,0.031040836334228494,4.363786865234375,4.3327460289001465,1.624296408837927,0.05075926277618522,0.05075926277618522
1,2,16,0.5,0.5133,identity,0,1,4,0.25,64500,16,8000,500.0,1,0.026664756774902543,5.36529638671875,5.338631629943848,0.10255257040464487,0.006409535650290304,0.006409535650290304
1,2,16,0.25,0.2534,relu,3,1,4,0.25,64500,16,8000,500.0,2,0.022558971405029382,5.234092041015625,5.211533069610596,0.41987615417703983,0.02624225963606499,0.05248451927212998
1,2,32,0.25,0.2524,relu,1,1,4,0.125,44500,16,8000,250.0,1,0.029241554260253544,4.489247314453125,4.460005760192871,0.4136694503654513,0.012927170323920352,0.012927170323920352
1,2,16,0.25,0.2524,relu,1,1,4,0.25,66000,16,8000,500.0,1,0.023514259338378807,4.48352001953125,4.460005760192871,0.1869113125539567,0.011681957034622294,0.011681957034622294
1,2,32,0.0,0.0,relu,1,0,3,0.094,46000,16,8000,250.0,1,0.026773136138915632,4.448462646484375,4.421689510345459,0.14235124011325018,0.004448476253539068,0.004448476253539068
1,2,16,0.75,0.7512,identity,4,1,4,0.25,56000,16,8000,500.0,2,0.024664108276367003,5.386818115234375,5.362154006958008,1.7435579047403609,0.10897236904627255,0.2179447380925451
1,2,16,1.0,1.0,relu,1,1,1,0.062,49500,16,8000,500.0,1,0.008777194976806513,5.607861572265625,5.599084377288818,10.931547214417018,0.6832217009010636,0.6832217009010636
1,2,32,0.25,0.2508,identity,4,1,4,0.125,46000,16,8000,250.0,1,0.034314159393310284,4.596059326171875,4.5617451667785645,0.41540663050983095,0.012981457203432217,0.012981457203432217
1,2,32,0.25,0.2592,identity,0,1,4,0.125,49000,16,8000,250.0,1,0.03342974090576156,5.07931005859375,5.045880317687988,0.12624935168487605,0.003945292240152377,0.003945292240152377
1,2,32,0.5,0.5002,identity,2,1,4,0.125,43000,16,8000,250.0,1,0.035628547668457244,5.184183349609375,5.148554801940918,0.4705337346205072,0.01470417920689085,0.01470417920689085
1,2,16,0.75,0.7532,relu,3,1,4,0.25,57500,16,8000,500.0,2,0.02054934692382826,5.85787158203125,5.837322235107422,1.2189227814506929,0.0761826738406683,0.1523653476813366
1,2,32,1.0,1.0,identity,2,1,1,0.031,31500,16,8000,250.0,1,0.013883075714111293,5.961190185546875,5.947307109832764,30.398847555424894,0.9499639861070279,0.9499639861070279
1,2,32,0.5,0.5045,relu,3,1,4,0.125,42000,16,8000,250.0,2,0.026852596282958885,5.50585888671875,5.479006290435791,0.5818423452068885,0.018182573287715265,0.03636514657543053
1,2,32,0.0,0.0,relu,3,0,3,0.094,50500,16,8000,250.0,2,0.022883422851562862,4.980998046875,4.9581146240234375,0.20962666968261082,0.006550833427581588,0.013101666855163176
1,2,16,0.75,0.7613,identity,0,1,4,0.25,64500,16,8000,500.0,1,0.023993255615234688,5.7569072265625,5.732913970947266,0.25824520620337676,0.016140325387711048,0.016140325387711048
1,2,32,0.25,0.2534,relu,3,1,4,0.125,48500,16,8000,250.0,2,0.02581141281127941,5.237344482421875,5.211533069610596,0.3727129139238973,0.011647278560121791,0.023294557120243583
1,2,32,0.75,0.7513,relu,1,1,4,0.125,37500,16,8000,250.0,2,0.02684350967407223,5.048775634765625,5.021932125091553,3.853914975544659,0.12043484298577059,0.24086968597154118
1,2,16,0.5,0.5027,relu,1,1,4,0.25,64000,16,8000,500.0,2,0.022778381347656307,4.710209716796875,4.687431335449219,2.1037558213969203,0.13148473883730752,0.26296947767461504
1,2,16,0.75,0.7513,relu,1,1,4,0.25,61500,16,8000,500.0,2,0.020869632720946996,5.0428017578125,5.021932125091553,2.4150374630529754,0.15093984144081096,0.3018796828816219
1,2,32,0.75,0.7502,identity,2,1,4,0.125,44000,16,8000,250.0,2,0.030489971160888807,5.592887451171875,5.562397480010986,1.984013995301966,0.06200043735318644,0.12400087470637287
1,2,32,0.25,0.2501,identity,2,1,4,0.125,56500,16,8000,250.0,1,0.032055461883545355,4.84291943359375,4.810863971710205,0.5183131091153932,0.016197284659856037,0.016197284659856037
1,2,16,0.5,0.5045,relu,3,1,4,0.25,71000,16,8000,500.0,2,0.020749568939208984,5.499755859375,5.479006290435791,0.5749959640045479,0.03593724775028424,0.07187449550056849
1,2,32,1.0,1.0,relu,1,1,1,0.031,38000,16,8000,250.0,1,0.009836032867431399,5.60892041015625,5.599084377288818,22.115720357739754,0.6911162611793673,0.6911162611793673
1,2,32,0.5,0.5013,identity,4,1,4,0.125,54000,16,8000,250.0,1,0.030817493438720867,4.924478515625,4.893661022186279,0.19427542969608166,0.006071107178002552,0.006071107178002552
1,2,64,0.25,0.2501,identity,2,1,4,0.062,29000,16,8000,125.0,1,0.04692948532104513,4.85779345703125,4.810863971710205,1.515032783114798,0.02367238723616872,0.02367238723616872
1,2,32,0.75,0.7613,identity,0,1,4,0.125,54500,16,8000,250.0,1,0.0283360290527348,5.76125,5.732913970947266,0.09519263650437003,0.0029747698907615634,0.0029747698907615634
1,2,32,0.5,0.5027,relu,1,1,4,0.125,56500,16,8000,250.0,2,0.025663635253906136,4.713094970703125,4.687431335449219,2.767976094453257,0.08649925295166429,0.17299850590332858
1,2,64,0.0,0.0,identity,0,0,3,0.047,40500,16,8000,125.0,1,0.03880240249633804,4.881836669921875,4.843034267425537,0.5694020590116531,0.00889690717205708,0.00889690717205708
1,2,32,0.75,0.7532,relu,3,1,4,0.125,49000,16,8000,250.0,2,0.023261016845703253,5.860583251953125,5.837322235107422,2.1936842887472427,0.06855263402335134,0.13710526804670267
1,2,64,0.0,0.0,identity,4,0,3,0.047,39000,16,8000,125.0,1,0.03774884414672819,4.370494873046875,4.3327460289001465,0.6811339744841998,0.010642718351315621,0.010642718351315621
1,2,32,0.75,0.7512,identity,4,1,4,0.125,57000,16,8000,250.0,2,0.027023239135742116,5.38917724609375,5.362154006958008,3.241932122682322,0.10131037883382256,0.20262075766764512
1,2,32,0.5,0.5133,identity,0,1,4,0.125,67000,16,8000,250.0,1,0.029449424743652308,5.3680810546875,5.338631629943848,0.03726647590669859,0.001164577372084331,0.001164577372084331
1,2,64,1.0,1.0,identity,0,1,1,0.016,24500,16,8000,125.0,1,0.020990242004394588,6.2574814453125,6.2364912033081055,22.247967731585046,0.34762449580601634,0.34762449580601634
1,2,32,1.0,1.0,relu,3,1,1,0.031,47500,16,8000,250.0,1,0.008584144592284737,6.3289033203125,6.320319175720215,18.74758743977537,0.5858621074929803,0.5858621074929803
1,2,64,0.0,0.0,relu,3,0,3,0.047,40000,16,8000,125.0,2,0.027550170898437365,4.985664794921875,4.9581146240234375,0.48282714692833617,0.007544174170755253,0.015088348341510505
1,2,64,1.0,1.0,identity,2,1,1,0.016,25500,16,8000,125.0,1,0.020774921417236136,5.96808203125,5.947307109832764,61.24076837545409,0.9568870058664701,0.9568870058664701
1,2,96,0.25,0.2592,identity,0,1,4,0.042,21500,16,8000,83.3,1,0.061942192077636626,5.107822509765625,5.045880317687988,0.7249400853120219,0.007551459222000228,0.007551459222000228
1,2,64,0.25,0.2534,relu,3,1,4,0.062,33500,16,8000,125.0,2,0.033206432342529624,5.244739501953125,5.211533069610596,1.0008918730488188,0.015638935516387793,0.03127787103277559
1,2,64,0.25,0.2592,identity,0,1,4,0.062,46500,16,8000,125.0,1,0.041559623718261385,5.08743994140625,5.045880317687988,0.2756376760041474,0.004306838687564803,0.004306838687564803
1,2,64,0.0,0.0,relu,1,0,3,0.047,46000,16,8000,125.0,1,0.029878604888915916,4.451568115234375,4.421689510345459,0.4823919470352897,0.007537374172426402,0.007537374172426402
1,2,64,0.0,0.0,identity,2,0,3,0.047,51500,16,8000,125.0,1,0.03412583160400384,4.60817578125,4.574049949645996,1.561435669388123,0.024397432334189423,0.024397432334189423
1,2,64,0.25,0.2508,identity,4,1,4,0.062,46000,16,8000,125.0,1,0.04091352462768594,4.60265869140625,4.5617451667785645,0.577240048196974,0.00901937575307772,0.00901937575307772
1,2,96,1.0,1.0,identity,0,1,1,0.01,17000,16,8000,83.3,1,0.02889282989501929,6.265384033203125,6.2364912033081055,25.098993625731293,0.2614478502680343,0.2614478502680343
1,2,96,0.25,0.2501,identity,2,1,4,0.042,29000,16,8000,83.3,1,0.05429325485229519,4.8651572265625,4.810863971710205,0.733902359888921,0.007644816248842928,0.007644816248842928
1,2,64,0.75,0.7502,identity,2,1,4,0.062,39000,16,8000,125.0,2,0.037815654754639105,5.600213134765625,5.562397480010986,4.478128815894299,0.06997076274834842,0.13994152549669683
1,2,96,0.0,0.0,identity,0,0,3,0.031,32500,16,8000,83.3,1,0.050618076324463246,4.89365234375,4.843034267425537,0.6598246945770156,0.006873173901843913,0.006873173901843913
1,2,64,0.5,0.5013,identity,4,1,4,0.062,42500,16,8000,125.0,1,0.03984947586059562,4.933510498046875,4.893661022186279,0.5728867368659372,0.008951355263530268,0.008951355263530268
1,2,64,0.5,0.5002,identity,2,1,4,0.062,43000,16,8000,125.0,1,0.039183723449706775,5.187738525390625,5.148554801940918,0.22397906256760852,0.003499672852618883,0.003499672852618883
1,2,64,1.0,1.0,identity,4,1,1,0.016,37000,16,8000,125.0,1,0.018387443542480675,5.82971728515625,5.8113298416137695,58.488072344914706,0.9138761303892923,0.9138761303892923
1,2,96,0.5,0.5133,identity,0,1,4,0.042,30000,16,8000,83.3,1,0.054557090759277393,5.393188720703125,5.338631629943848,0.8401483022864565,0.008751544815483922,0.008751544815483922
1,2,64,1.0,1.0,relu,1,1,1,0.016,35000,16,8000,125.0,1,0.011502780914306676,5.610587158203125,5.599084377288818,49.17337729647708,0.7683340202574543,0.7683340202574543
1,2,64,0.75,0.7532,relu,3,1,4,0.062,39000,16,8000,125.0,2,0.027959503173828004,5.86528173828125,5.837322235107422,4.275226254042198,0.06680041021940934,0.13360082043881868
1,2,64,0.5,0.5027,relu,1,1,4,0.062,44500,16,8000,125.0,2,0.03079742431640664,4.718228759765625,4.687431335449219,3.879540822891463,0.06061782535767911,0.12123565071535822
1,2,64,1.0,1.0,relu,3,1,1,0.016,38500,16,8000,125.0,1,0.010171302795409787,6.330490478515625,6.320319175720215,36.71541692747436,0.5736783894917868,0.5736783894917868
1,2,64,0.75,0.7512,identity,4,1,4,0.062,46000,16,8000,125.0,2,0.03427568054199259,5.3964296875,5.362154006958008,6.079501907789227,0.09499221730920668,0.18998443461841336
1,2,64,0.5,0.5133,identity,0,1,4,0.062,52500,16,8000,125.0,1,0.03834371185302743,5.376975341796875,5.338631629943848,0.4107379375630796,0.0064177802744231184,0.0064177802744231184
1,2,64,0.75,0.7513,relu,1,1,4,0.062,46000,16,8000,125.0,2,0.027341068267822344,5.049273193359375,5.021932125091553,8.119379858387122,0.12686531028729878,0.25373062057459755
1,2,96,0.0,0.0,identity,2,0,3,0.031,44000,16,8000,83.3,1,0.0438675308227543,4.61791748046875,4.574049949645996,0.40266646982343535,0.004194442393994118,0.004194442393994118
1,2,96,0.25,0.2508,identity,4,1,4,0.042,42000,16,8000,83.3,1,0.048030223846435405,4.609775390625,4.5617451667785645,1.7479156276145331,0.018207454454318053,0.018207454454318053
1,2,96,0.0,0.0,relu,3,0,3,0.031,40000,16,8000,83.3,2,0.028894897460937763,4.987009521484375,4.9581146240234375,0.8763001417092317,0.009128126476137829,0.018256252952275658
1,2,96,0.0,0.0,identity,4,0,3,0.031,45500,16,8000,83.3,1,0.042237369537353686,4.3749833984375,4.3327460289001465,2.297770533740576,0.023935109726464333,0.023935109726464333
1,2,96,1.0,1.0,identity,4,1,1,0.01,29500,16,8000,83.3,1,0.025348869323730483,5.8366787109375,5.8113298416137695,78.9839942804022,0.8227499404208563,0.8227499404208563
1,2,64,0.75,0.7613,identity,0,1,4,0.062,55500,16,8000,125.0,1,0.034908782958984474,5.76782275390625,5.732913970947266,0.7275788821647898,0.011368420033824841,0.011368420033824841
1,2,96,1.0,1.0,identity,2,1,1,0.01,31500,16,8000,83.3,1,0.0265818061828611,5.973888916015625,5.947307109832764,91.76737500355227,0.9559101562870028,0.9559101562870028
1,2,64,0.5,0.5045,relu,3,1,4,0.062,53000,16,8000,125.0,2,0.027381160736084098,5.506387451171875,5.479006290435791,1.205567250571612,0.018836988290181437,0.037673976580362874
1,2,96,0.0,0.0,relu,1,0,3,0.031,46000,16,8000,83.3,1,0.03307342910766575,4.454762939453125,4.421689510345459,1.005788782257541,0.010476966481849386,0.010476966481849386
1,2,96,0.5,0.5045,relu,3,1,4,0.042,42000,16,8000,83.3,2,0.031840877532959055,5.51084716796875,5.479006290435791,1.1643335582986223,0.012128474565610649,0.024256949131221298
1,2,96,0.75,0.7502,identity,2,1,4,0.042,44500,16,8000,83.3,2,0.04325876998901368,5.60565625,5.562397480010986,6.272042250869212,0.06533377344655429,0.13066754689310858
1,2,96,0.5,0.5013,identity,4,1,4,0.042,49000,16,8000,83.3,1,0.04559556961059563,4.939256591796875,4.893661022186279,0.1304573363858114,0.001358930587352202,0.001358930587352202
1,2,96,1.0,1.0,relu,3,1,1,0.01,32500,16,8000,83.3,1,0.011469886779785554,6.3317890625,6.320319175720215,51.72698554943077,0.5388227661399039,0.5388227661399039
1,2,96,0.25,0.2534,relu,3,1,4,0.042,48500,16,8000,83.3,2,0.03198621749877972,5.243519287109375,5.211533069610596,0.6717902906244411,0.006997815527337928,0.013995631054675856
1,2,96,0.75,0.7532,relu,3,1,4,0.042,39500,16,8000,83.3,2,0.030258087158203217,5.867580322265625,5.837322235107422,7.225778965280836,0.07526853088834204,0.15053706177668408
1,2,64,0.25,0.2524,relu,1,1,4,0.062,66000,16,8000,125.0,2,0.028631935119628693,4.4886376953125,4.460005760192871,3.052632430706159,0.04769738172978374,0.09539476345956747
1,2,96,0.25,0.2524,relu,1,1,4,0.042,49500,16,8000,83.3,2,0.036228126525879034,4.49623388671875,4.460005760192871,4.458772497401225,0.046445546847929425,0.09289109369585885
1,2,96,0.5,0.5027,relu,1,1,4,0.042,48500,16,8000,83.3,2,0.033586242675781364,4.721017578125,4.687431335449219,8.674559170565393,0.09035999136005618,0.18071998272011236
1,2,96,0.75,0.7512,identity,4,1,4,0.042,46000,16,8000,83.3,2,0.041915817260742116,5.40406982421875,5.362154006958008,10.244236827786093,0.10671080028943847,0.21342160057887694
1,2,96,1.0,1.0,relu,1,1,1,0.01,38000,16,8000,83.3,1,0.011972751617431499,5.61105712890625,5.599084377288818,70.18827288147556,0.7311278425153703,0.7311278425153703
1,2,96,0.5,0.5002,identity,2,1,4,0.042,54500,16,8000,83.3,1,0.04545911407470715,5.194013916015625,5.148554801940918,0.29825643443422406,0.003106837858689834,0.003106837858689834
1,2,96,0.75,0.7613,identity,0,1,4,0.042,54000,16,8000,83.3,2,0.041759368896484794,5.77467333984375,5.732913970947266,6.511760165824778,0.06783083506067476,0.13566167012134953
1,4,16,1.0,1.0,identity,2,1,1,0.062,31000,16,8000,500.0,1,0.012146022796630795,5.877859619140625,5.865713596343994,12.648266386201689,0.7905166491376056,0.7905166491376056
1,2,96,0.75,0.7513,relu,1,1,4,0.042,51500,16,8000,83.3,2,0.02851953506469762,5.05045166015625,5.021932125091553,12.179182191307016,0.12686648115944807,0.25373296231889614
1,4,16,1.0,1.0,identity,4,1,1,0.062,34500,16,8000,500.0,1,0.011204113006591854,5.86624609375,5.855041980743408,12.521165022866118,0.7825728139291324,0.7825728139291324
1,4,16,0.0,0.0,identity,4,0,5,0.312,56500,16,8000,500.0,1,0.034124107360839595,4.379332275390625,4.345208168029785,0.22701324208086135,0.014188327630053834,0.014188327630053834
1,4,16,1.0,1.0,identity,0,1,1,0.062,41000,16,8000,500.0,1,0.01086273956298811,5.923264892578125,5.912402153015137,9.524970617073441,0.5953106635670901,0.5953106635670901
1,4,16,0.25,0.2507,identity,4,1,6,0.375,55500,16,8000,500.0,1,0.036869678497314595,4.76064697265625,4.7237772941589355,0.05972480052061221,0.003732800032538263,0.003732800032538263
1,4,16,0.25,0.2589,identity,0,1,6,0.375,56500,16,8000,500.0,1,0.037555767059326506,4.7948232421875,4.757267475128174,0.06685163654626884,0.004178227284141803,0.004178227284141803
1,4,16,0.0,0.0,identity,0,0,5,0.312,60000,16,8000,500.0,1,0.034744094848632834,4.54401953125,4.509275436401367,0.14400962660490327,0.009000601662806454,0.009000601662806454
1,4,16,0.25,0.25,identity,2,1,6,0.375,58500,16,8000,500.0,1,0.03810142898559565,4.781677001953125,4.743575572967529,0.1546517397036243,0.00966573373147652,0.00966573373147652
1,4,16,1.0,1.0,relu,3,1,1,0.062,39500,16,8000,500.0,1,0.00876537322998061,6.293148193359375,6.2843828201293945,10.770765517679637,0.6731728448549773,0.6731728448549773
1,4,16,1.0,1.0,relu,1,1,1,0.062,40000,16,8000,500.0,1,0.009591041564941172,5.8201064453125,5.810515403747559,12.546516495259315,0.7841572809537072,0.7841572809537072
1,4,32,0.0,0.0,relu,3,0,5,0.156,37500,16,8000,250.0,2,0.037164428710937614,5.00538037109375,4.9682159423828125,0.19429354230702442,0.006071673197094513,0.012143346394189026
1,4,16,0.75,0.7613,identity,0,1,6,0.375,57000,16,8000,500.0,1,0.0294253196716312,5.53664892578125,5.507223606109619,0.04316788833180343,0.0026979930207377146,0.0026979930207377146
1,4,16,0.5,0.5047,relu,3,1,6,0.375,58000,16,8000,500.0,2,0.031361709594726506,5.52541650390625,5.494054794311523,0.6111966028275277,0.038199787676720484,0.07639957535344097
1,4,32,1.0,1.0,identity,2,1,1,0.031,31500,16,8000,250.0,1,0.014005886077880447,5.879719482421875,5.865713596343994,30.37725924052539,0.9492893512664184,0.9492893512664184
1,4,16,0.0,0.0,relu,1,0,5,0.312,72500,16,8000,500.0,1,0.03174587249755856,4.33127685546875,4.299530982971191,0.04674017176245288,0.002921260735153305,0.002921260735153305
1,4,32,1.0,1.0,identity,4,1,1,0.031,32000,16,8000,250.0,1,0.013648693084716612,5.868690673828125,5.855041980743408,28.152648547342434,0.879770267104451,0.879770267104451
1,4,32,0.25,0.2507,identity,4,1,6,0.188,44500,16,8000,250.0,1,0.043385059356689126,4.767162353515625,4.7237772941589355,0.07714539433707547,0.0024107935730336085,0.0024107935730336085
1,4,16,0.25,0.2537,relu,3,1,6,0.375,68000,16,8000,500.0,2,0.03164500427246075,5.24335498046875,5.211709976196289,0.3300195416945515,0.02062622135590947,0.04125244271181894
1,4,16,0.5,0.5009,identity,4,1,6,0.375,66500,16,8000,500.0,1,0.032201953887939894,5.072568603515625,5.0403666496276855,0.14771067868248106,0.009231917417655066,0.009231917417655066
1,4,16,0.0,0.0,identity,2,0,5,0.312,79000,16,8000,500.0,1,0.030465511322021577,4.46770849609375,4.4372429847717285,0.20914466326623946,0.013071541454139966,0.013071541454139966
1,4,16,0.75,0.7489,identity,2,1,6,0.375,65500,16,8000,500.0,1,0.027325252532959254,5.53294287109375,5.505617618560791,0.07243081122087894,0.004526925701304934,0.004526925701304934
1,4,32,0.5,0.5009,identity,4,1,6,0.188,44500,16,8000,250.0,1,0.04126005935668964,5.081626708984375,5.0403666496276855,0.5294489803414678,0.01654528063567087,0.01654528063567087
1,4,16,0.75,0.7507,identity,4,1,6,0.375,66000,16,8000,500.0,1,0.027366233825683928,5.49190576171875,5.464539527893066,0.24905310113428847,0.01556581882089303,0.01556581882089303
1,4,16,0.5,0.513,identity,0,1,6,0.375,72500,16,8000,500.0,1,0.031776157379150405,5.15607568359375,5.1242995262146,0.08347788940314506,0.005217368087696566,0.005217368087696566
1,4,16,0.0,0.0,relu,3,0,5,0.312,79500,16,8000,500.0,2,0.026890747070312138,4.995106689453125,4.9682159423828125,0.1979848217761424,0.0123740513610089,0.0247481027220178
1,4,32,0.5,0.513,identity,0,1,6,0.188,48000,16,8000,250.0,1,0.0416289405822754,5.165928466796875,5.1242995262146,0.24161786134104932,0.007550558166907791,0.007550558166907791
1,4,32,0.0,0.0,identity,0,0,5,0.156,60000,16,8000,250.0,1,0.039596389770507834,4.548871826171875,4.509275436401367,0.24282079152755007,0.00758814973523594,0.00758814973523594
1,4,32,0.5,0.5047,relu,3,1,6,0.188,44000,16,8000,250.0,2,0.03492713928222635,5.52898193359375,5.494054794311523,0.4344894967770906,0.013577796774284081,0.027155593548568162
1,4,32,0.25,0.25,identity,2,1,6,0.188,56000,16,8000,250.0,1,0.04263243484497092,4.7862080078125,4.743575572967529,0.05456535453644471,0.0017051673292638972,0.0017051673292638972
1,4,16,0.5,0.4994,identity,2,1,6,0.375,71500,16,8000,500.0,1,0.03219730758666994,5.12843115234375,5.09623384475708,0.05457096334260964,0.0034106852089131026,0.0034106852089131026
1,4,32,0.75,0.7613,identity,0,1,6,0.188,43500,16,8000,250.0,1,0.03656911849975586,5.543792724609375,5.507223606109619,0.4117131842816297,0.012866037008800927,0.012866037008800927
1,4,16,0.5,0.503,relu,1,1,6,0.375,71000,16,8000,500.0,2,0.03353989791870138,4.9862724609375,4.952732563018799,0.9612348592454238,0.06007717870283899,0.12015435740567798
1,4,32,0.25,0.2589,identity,0,1,6,0.188,56500,16,8000,250.0,1,0.04161289596557616,4.79888037109375,4.757267475128174,0.06785491671174781,0.002120466147242119,0.002120466147242119
1,4,32,0.25,0.2537,relu,3,1,6,0.188,53000,16,8000,250.0,2,0.035165512084961215,5.24687548828125,5.211709976196289,0.35998941656515504,0.011249669267661095,0.02249933853532219
1,4,32,1.0,1.0,identity,0,1,1,0.031,41500,16,8000,250.0,1,0.012788764953612919,5.92519091796875,5.912402153015137,11.879094728778401,0.37122171027432505,0.37122171027432505
1,4,32,0.0,0.0,identity,2,0,5,0.156,62000,16,8000,250.0,1,0.03712884140014605,4.474371826171875,4.4372429847717285,0.06906545466784599,0.002158295458370187,0.002158295458370187
1,4,32,0.0,0.0,identity,4,0,5,0.156,60500,16,8000,250.0,1,0.036961509704589446,4.382169677734375,4.345208168029785,0.34929949042407615,0.01091560907575238,0.01091560907575238
1,4,32,1.0,1.0,relu,3,1,1,0.031,33000,16,8000,250.0,1,0.010097648620605248,6.29448046875,6.2843828201293945,21.003193643308627,0.6563498013533946,0.6563498013533946
1,4,32,0.75,0.7534,relu,3,1,6,0.188,44000,16,8000,250.0,2,0.029673877716064112,5.8786953125,5.8490214347839355,1.567500543821377,0.04898439199441803,0.09796878398883606
1,4,32,0.5,0.503,relu,1,1,6,0.188,48500,16,8000,250.0,2,0.03952964401245129,4.99226220703125,4.952732563018799,1.4670134189426118,0.04584416934195662,0.09168833868391324
1,4,32,0.75,0.7489,identity,2,1,6,0.188,48000,16,8000,250.0,2,0.03514043807983391,5.540758056640625,5.505617618560791,2.3740076435709256,0.07418773886159143,0.14837547772318285
1,4,16,0.75,0.7534,relu,3,1,6,0.375,71000,16,8000,500.0,2,0.024755420684814844,5.87377685546875,5.8490214347839355,1.0679918672177153,0.06674949170110721,0.13349898340221442
1,4,32,1.0,1.0,relu,1,1,1,0.031,40000,16,8000,250.0,1,0.01032444000244137,5.82083984375,5.810515403747559,22.995828159728493,0.7186196299915154,0.7186196299915154
1,4,32,0.75,0.7519,relu,1,1,6,0.188,48500,16,8000,250.0,2,0.03410628509521452,5.399181396484375,5.36507511138916,3.7846014783180886,0.11826879619744027,0.23653759239488054
1,4,32,0.25,0.2524,relu,1,1,6,0.188,60000,16,8000,250.0,1,0.03966085433959954,4.628282470703125,4.588621616363525,0.2911924963482471,0.009099765510882723,0.009099765510882723
1,4,16,0.75,0.7519,relu,1,1,6,0.375,77500,16,8000,500.0,2,0.02808480072021524,5.393159912109375,5.36507511138916,1.7612875337767957,0.11008047086104973,0.22016094172209946
1,4,16,0.25,0.2524,relu,1,1,6,0.375,88000,16,8000,500.0,1,0.03329391098022505,4.62191552734375,4.588621616363525,0.3438843434726908,0.021492771467043176,0.021492771467043176
1,4,32,0.5,0.4994,identity,2,1,6,0.188,61000,16,8000,250.0,2,0.038280071258545156,5.134513916015625,5.09623384475708,1.175959006083668,0.036748718940114625,0.07349743788022925
1,4,32,0.75,0.7507,identity,4,1,6,0.188,60500,16,8000,250.0,2,0.032058128356933224,5.49659765625,5.464539527893066,2.719273659590665,0.08497730186220828,0.16995460372441656
1,4,32,0.0,0.0,relu,1,0,5,0.156,73500,16,8000,250.0,1,0.036559104919433594,4.336090087890625,4.299530982971191,0.10690587977089043,0.003340808742840326,0.003340808742840326
1,4,64,0.25,0.2537,relu,3,1,6,0.094,38500,16,8000,125.0,2,0.04506468200683589,5.256774658203125,5.211709976196289,0.43554994514187106,0.006805467892841735,0.01361093578568347
1,4,64,0.25,0.25,identity,2,1,6,0.094,44000,16,8000,125.0,1,0.0537886848449709,4.7973642578125,4.743575572967529,0.3230595694627341,0.005047805772855221,0.005047805772855221
1,4,64,0.5,0.5009,identity,4,1,6,0.094,35000,16,8000,125.0,1,0.05309233474731467,5.093458984375,5.0403666496276855,0.45499949444834514,0.007109367100755393,0.007109367100755393
1,4,64,1.0,1.0,identity,4,1,1,0.016,26000,16,8000,125.0,1,0.019851573944091427,5.8748935546875,5.855041980743408,56.18322098079583,0.8778628278249349,0.8778628278249349
1,4,64,1.0,1.0,relu,1,1,1,0.016,25500,16,8000,125.0,1,0.013934303283691385,5.82444970703125,5.810515403747559,47.59292276751948,0.7436394182424919,0.7436394182424919
1,4,64,1.0,1.0,identity,2,1,1,0.016,31000,16,8000,125.0,1,0.019460475921630582,5.885174072265625,5.865713596343994,59.39701162987432,0.9280783067167863,0.9280783067167863
1,4,64,0.25,0.2507,identity,4,1,6,0.094,50500,16,8000,125.0,1,0.05027348709106416,4.77405078125,4.7237772941589355,0.20150917403586102,0.0031485808443103285,0.0031485808443103285
1,4,64,0.0,0.0,identity,4,0,5,0.078,56500,16,8000,125.0,1,0.04372884368896468,4.38893701171875,4.345208168029785,0.12636875946061565,0.0019745118665721196,0.0019745118665721196
1,4,96,0.0,0.0,relu,1,0,5,0.052,27000,16,8000,83.3,1,0.060068382263184006,4.359599365234375,4.299530982971191,0.5212223572368667,0.005429399554550695,0.005429399554550695
1,4,64,0.75,0.7613,identity,0,1,6,0.094,39000,16,8000,125.0,2,0.04482180404663083,5.55204541015625,5.507223606109619,4.603208027183606,0.07192512542474384,0.1438502508494877
1,4,64,0.0,0.0,identity,2,0,5,0.078,59000,16,8000,125.0,1,0.04510784530639622,4.482350830078125,4.4372429847717285,1.2059226179376226,0.018842540905275353,0.018842540905275353
1,4,64,0.0,0.0,identity,0,0,5,0.078,59500,16,8000,125.0,1,0.0464472198486332,4.55572265625,4.509275436401367,0.13913709761274656,0.002174017150199165,0.002174017150199165
1,4,64,0.5,0.513,identity,0,1,6,0.094,48000,16,8000,125.0,1,0.04962430191040035,5.173923828125,5.1242995262146,0.16029523579168506,0.002504613059245079,0.002504613059245079
1,4,64,1.0,1.0,relu,3,1,1,0.016,32500,16,8000,125.0,1,0.01133202362060537,6.29571484375,6.2843828201293945,42.601065459226014,0.6656416478004065,0.6656416478004065
1,4,64,0.0,0.0,relu,3,0,5,0.078,53500,16,8000,125.0,2,0.03668029785156257,5.004896240234375,4.9682159423828125,0.38654731281041,0.006039801762662656,0.012079603525325312
1,4,64,0.25,0.2524,relu,1,1,6,0.094,52500,16,8000,125.0,2,0.04727584457397427,4.6358974609375,4.588621616363525,1.1730253018489307,0.018328520341389543,0.036657040682779085
1,4,96,0.5,0.5047,relu,3,1,6,0.062,28000,16,8000,83.3,2,0.04933143615722635,5.54338623046875,5.494054794311523,1.0087419457013354,0.010507728601055576,0.021015457202111152
1,4,64,0.25,0.2589,identity,0,1,6,0.094,60000,16,8000,125.0,1,0.04895078659057628,4.80621826171875,4.757267475128174,0.7569452882017415,0.01182727012815221,0.01182727012815221
1,4,96,0.5,0.503,relu,1,1,6,0.062,31000,16,8000,83.3,2,0.05766074752807615,5.010393310546875,4.952732563018799,4.372537184711592,0.04554726234074575,0.0910945246814915
1,4,64,0.75,0.7489,identity,2,1,6,0.094,46500,16,8000,125.0,2,0.042995662689208736,5.54861328125,5.505617618560791,5.592659867807562,0.08738531043449316,0.17477062086898631
1,4,64,0.75,0.7519,relu,1,1,6,0.094,42000,16,8000,125.0,2,0.040913414001464865,5.405988525390625,5.36507511138916,6.3977492576677175,0.09996483215105809,0.19992966430211617
1,4,64,0.75,0.7534,relu,3,1,6,0.094,41500,16,8000,125.0,2,0.03608745193481422,5.88510888671875,5.8490214347839355,3.6961543591844315,0.05775241186225674,0.11550482372451348
1,4,64,0.0,0.0,relu,1,0,5,0.078,61500,16,8000,125.0,1,0.044064964294433295,4.343595947265625,4.299530982971191,0.44424413908746496,0.00694131467324164,0.00694131467324164
1,4,64,1.0,1.0,identity,0,1,1,0.016,46000,16,8000,125.0,1,0.017595405578613388,5.92999755859375,5.912402153015137,40.07477097202623,0.6261682964379098,0.6261682964379098
1,4,64,0.5,0.503,relu,1,1,6,0.094,48500,16,8000,125.0,2,0.0464925346374514,4.99922509765625,4.952732563018799,2.7830379663317446,0.04348496822393351,0.08696993644786702
1,4,96,0.75,0.7613,identity,0,1,6,0.062,39000,16,8000,83.3,2,0.054045925140380646,5.56126953125,5.507223606109619,8.451353034862459,0.08803492744648395,0.1760698548929679
1,4,96,1.0,1.0,identity,2,1,1,0.01,31500,16,8000,83.3,1,0.025255153656005724,5.89096875,5.865713596343994,85.38654246189297,0.8894431506447185,0.8894431506447185
1,4,96,1.0,1.0,identity,4,1,1,0.01,32500,16,8000,83.3,1,0.02452882003784218,5.87957080078125,5.855041980743408,81.8934929604152,0.8530572183376584,0.8530572183376584
1,4,96,0.25,0.2537,relu,3,1,6,0.062,40500,16,8000,83.3,2,0.04623094177246134,5.25794091796875,5.211709976196289,0.6331999919697998,0.0065958332496854144,0.013191666499370829
1,4,64,0.5,0.5047,relu,3,1,6,0.094,53000,16,8000,125.0,2,0.037971328735351584,5.532026123046875,5.494054794311523,0.9123758951684858,0.014255873362007591,0.028511746724015182
1,4,96,0.25,0.2507,identity,4,1,6,0.062,44500,16,8000,83.3,1,0.05886381912231453,4.78264111328125,4.7237772941589355,0.5950311127944375,0.006198240758275391,0.006198240758275391
1,4,96,0.5,0.4994,identity,2,1,6,0.062,45000,16,8000,83.3,1,0.05794730758667033,5.15418115234375,5.09623384475708,0.4724656975895856,0.00492151768322485,0.00492151768322485
1,4,96,0.25,0.2589,identity,0,1,6,0.062,48500,16,8000,83.3,1,0.05826133346557594,4.81552880859375,4.757267475128174,0.39219297960789595,0.0040853435375822495,0.0040853435375822495
1,4,96,0.25,0.2524,relu,1,1,6,0.062,44500,16,8000,83.3,2,0.05507857894897494,4.6437001953125,4.588621616363525,1.837070291253364,0.019136148867222542,0.038272297734445085
1,4,96,0.75,0.7489,identity,2,1,6,0.062,43500,16,8000,83.3,2,0.05030767440795891,5.55592529296875,5.505617618560791,7.115735743620176,0.07412224732937683,0.14824449465875367
1,4,96,1.0,1.0,identity,0,1,1,0.01,41000,16,8000,83.3,1,0.024531440734863352,5.93693359375,5.912402153015137,71.08962497073588,0.7405169267784988,0.7405169267784988
1,4,64,0.75,0.7507,identity,4,1,6,0.094,60500,16,8000,125.0,2,0.03896559906005859,5.503505126953125,5.464539527893066,6.126445046524443,0.09572570385194443,0.19145140770388885
1,4,96,0.75,0.7519,relu,1,1,6,0.062,42000,16,8000,83.3,2,0.04375008392333957,5.4088251953125,5.36507511138916,12.073591440345087,0.12576657750359466,0.2515331550071893
1,4,96,1.0,1.0,relu,3,1,1,0.01,32500,16,8000,83.3,1,0.012300285339355455,6.29668310546875,6.2843828201293945,57.016118489506226,0.5939179009323565,0.5939179009323565
1,4,64,0.5,0.4994,identity,2,1,6,0.094,69500,16,8000,125.0,2,0.0443169364929199,5.14055078125,5.09623384475708,1.1615873853961212,0.018149802896814393,0.036299605793628786
1,4,96,0.25,0.25,identity,2,1,6,0.062,56000,16,8000,83.3,1,0.058530384063720575,4.80210595703125,4.743575572967529,0.16931460812254787,0.0017636938346098736,0.0017636938346098736
1,4,96,0.5,0.5009,identity,4,1,6,0.062,55500,16,8000,83.3,1,0.05270122146606404,5.09306787109375,5.0403666496276855,0.8086779636691697,0.008423728788220517,0.008423728788220517
1,4,96,0.0,0.0,identity,2,0,5,0.052,59000,16,8000,83.3,1,0.05290105819702173,4.49014404296875,4.4372429847717285,0.3852270332665118,0.004012781596526164,0.004012781596526164
1,4,96,1.0,1.0,relu,1,1,1,0.01,40000,16,8000,83.3,1,0.011833229064941442,5.8223486328125,5.810515403747559,76.80645730835396,0.8000672636286871,0.8000672636286871
1,4,96,0.5,0.513,identity,0,1,6,0.062,61500,16,8000,83.3,1,0.05394095230102547,5.178240478515625,5.1242995262146,0.6283236615402882,0.0065450381410446686,0.0065450381410446686
1,4,96,0.75,0.7534,relu,3,1,6,0.062,52500,16,8000,83.3,2,0.03589091873168915,5.884912353515625,5.8490214347839355,2.946121675957701,0.03068876745789272,0.06137753491578544
1,4,96,0.75,0.7507,identity,4,1,6,0.062,60500,16,8000,83.3,2,0.045635520935058516,5.510175048828125,5.464539527893066,9.537473407449612,0.09934868132760012,0.19869736265520024
1,8,16,1.0,1.0,identity,2,1,1,0.062,37500,16,8000,500.0,1,0.011077129364013949,5.830310546875,5.819233417510986,14.278368338669123,0.8923980211668202,0.8923980211668202
1,4,96,0.0,0.0,identity,0,0,5,0.052,72000,16,8000,83.3,1,0.05000776672363294,4.559283203125,4.509275436401367,0.28159705712072386,0.0029333026783408735,0.0029333026783408735
1,8,16,0.0,0.0,relu,3,0,9,0.562,53500,16,8000,500.0,2,0.042824676513672166,4.72662060546875,4.683795928955078,0.20116099488682204,0.012572562180426378,0.025145124360852755
1,8,16,1.0,1.0,identity,4,1,1,0.062,39000,16,8000,500.0,1,0.01109502410888652,5.9645986328125,5.953503608703613,11.386905127606182,0.7116815704753864,0.7116815704753864
1,4,96,0.0,0.0,relu,3,0,5,0.052,67500,16,8000,83.3,2,0.0396280517578127,5.007843994140625,4.9682159423828125,0.6324793541339127,0.00658832660556159,0.01317665321112318
1,8,16,1.0,1.0,relu,3,1,1,0.062,36500,16,8000,500.0,1,0.009172355651855035,6.38260546875,6.3734331130981445,9.991733395088577,0.6244833371930361,0.6244833371930361
1,8,16,0.0,0.0,identity,2,0,9,0.562,60000,16,8000,500.0,1,0.04787137603759728,4.460246826171875,4.412375450134277,0.017832058616625384,0.0011145036635390865,0.0011145036635390865
1,8,16,1.0,1.0,relu,1,1,1,0.062,39500,16,8000,500.0,1,0.009530117034912244,5.821952392578125,5.812422275543213,11.037995377902213,0.6898747111188883,0.6898747111188883
1,8,16,0.0,0.0,identity,0,0,9,0.562,64500,16,8000,500.0,1,0.046162281036377095,4.403255615234375,4.357093334197998,0.038141324281730504,0.0023838327676081565,0.0023838327676081565
1,8,16,0.0,0.0,identity,4,0,9,0.562,64500,16,8000,500.0,1,0.04416608047485315,4.558552734375,4.5143866539001465,0.07077807734112329,0.004423629833820206,0.004423629833820206
1,8,16,0.0,0.0,relu,1,0,9,0.562,64000,16,8000,500.0,1,0.05317918014526324,4.19443408203125,4.141254901885986,0.055034647004419596,0.0034396654377762247,0.0034396654377762247
1,4,96,0.0,0.0,identity,4,0,5,0.052,82000,16,8000,83.3,1,0.04654012298583954,4.391748291015625,4.345208168029785,0.5481151266817875,0.005709532569601953,0.005709532569601953
1,8,16,1.0,1.0,identity,0,1,1,0.062,52000,16,8000,500.0,1,0.009787960052490163,5.890611572265625,5.880823612213135,7.599047667472656,0.474940479217041,0.474940479217041
1,8,16,0.25,0.251,identity,4,1,10,0.625,64500,16,8000,500.0,1,0.04490324783325228,4.783008544921875,4.738105297088623,0.05545418335574452,0.0034658864597340326,0.0034658864597340326
1,8,16,0.25,0.25,identity,2,1,10,0.625,66500,16,8000,500.0,1,0.04602402114868198,4.74599951171875,4.699975490570068,0.03371491323074523,0.0021071820769215767,0.0021071820769215767
1,8,32,1.0,1.0,identity,0,1,1,0.031,24000,16,8000,250.0,1,0.015538204193115135,5.89636181640625,5.880823612213135,20.971234699917957,0.6553510843724362,0.6553510843724362
1,8,16,0.75,0.7514,identity,4,1,10,0.625,61000,16,8000,500.0,1,0.033959926605224844,5.5319443359375,5.497984409332275,0.3718002739679431,0.023237517122996442,0.023237517122996442
1,8,16,0.75,0.7568,identity,0,1,10,0.625,66000,16,8000,500.0,1,0.0332745094299316,5.3009990234375,5.267724514007568,0.18015578838063942,0.011259736773789964,0.011259736773789964
1,8,32,0.0,0.0,identity,0,0,9,0.281,55000,16,8000,250.0,1,0.056114917755127,4.413208251953125,4.357093334197998,0.6954030193273948,0.021731344353981087,0.021731344353981087
1,8,32,0.0,0.0,relu,1,0,9,0.281,51500,16,8000,250.0,1,0.059162578582763636,4.20041748046875,4.141254901885986,0.09879969789902576,0.003087490559344555,0.003087490559344555
1,8,16,0.5,0.5029,relu,1,1,10,0.625,67000,16,8000,500.0,2,0.051030601501464545,4.779478515625,4.728447914123535,0.8631328820217093,0.053945805126356834,0.10789161025271367
1,8,32,0.25,0.2573,identity,0,1,10,0.312,53000,16,8000,250.0,1,0.05688470077514651,4.5721611328125,4.5152764320373535,0.11070523134514385,0.003459538479535745,0.003459538479535745
1,8,32,0.25,0.2539,relu,3,1,10,0.312,48500,16,8000,250.0,2,0.04984387207031293,5.104302490234375,5.0544586181640625,0.13682770973370623,0.00427586592917832,0.00855173185835664
1,8,32,0.0,0.0,identity,4,0,9,0.281,56500,16,8000,250.0,1,0.053195377349853246,4.56758203125,4.5143866539001465,0.10045897052140601,0.003139342828793938,0.003139342828793938
1,8,32,0.5,0.5016,identity,4,1,10,0.312,49000,16,8000,250.0,1,0.050645484924316087,5.12394775390625,5.073302268981934,0.41594262010501754,0.012998206878281798,0.012998206878281798
1,8,16,0.5,0.5095,identity,0,1,10,0.625,74500,16,8000,500.0,1,0.039115844726562266,4.872932373046875,4.8338165283203125,0.04245667470289575,0.0026535421689309843,0.0026535421689309843
1,8,16,0.25,0.2539,relu,3,1,10,0.625,73500,16,8000,500.0,2,0.04454284667968711,5.09900146484375,5.0544586181640625,0.2551472220279202,0.01594670137674501,0.03189340275349002
1,8,32,0.75,0.7498,identity,2,1,10,0.312,44500,16,8000,250.0,2,0.04438175964355473,5.4454609375,5.401079177856445,2.6513877458737074,0.08285586705855336,0.1657117341171067
1,8,32,0.0,0.0,identity,2,0,9,0.281,60000,16,8000,250.0,1,0.055336952209472656,4.46771240234375,4.412375450134277,0.12680693712921243,0.003962716785287888,0.003962716785287888
1,8,16,0.75,0.7498,identity,2,1,10,0.625,71500,16,8000,500.0,1,0.0318844451904301,5.432963623046875,5.401079177856445,0.09335951410651365,0.005834969631657103,0.005834969631657103
1,8,32,0.5,0.5095,identity,0,1,10,0.312,56500,16,8000,250.0,1,0.04970739746093766,4.88352392578125,4.8338165283203125,0.2524416871615391,0.007888802723798096,0.007888802723798096
1,8,16,0.25,0.2573,identity,0,1,10,0.625,83500,16,8000,500.0,1,0.04239251327514637,4.5576689453125,4.5152764320373535,0.05259071887526156,0.0032869199297038475,0.0032869199297038475
1,8,32,0.0,0.0,relu,3,0,9,0.281,60500,16,8000,250.0,1,0.044625946044922316,4.728421875,4.683795928955078,0.2502850255059174,0.00782140704705992,0.00782140704705992
1,8,32,1.0,1.0,identity,4,1,1,0.031,34000,16,8000,250.0,1,0.013861869812012095,5.967365478515625,5.953503608703613,28.79279818900704,0.89977494340647,0.89977494340647
1,8,32,1.0,1.0,identity,2,1,1,0.031,40000,16,8000,250.0,1,0.013158184051513366,5.8323916015625,5.819233417510986,30.5689224795147,0.9552788274848344,0.9552788274848344
1,8,16,0.5,0.4999,identity,2,1,10,0.625,82500,16,8000,500.0,1,0.03862813186645475,5.065502197265625,5.02687406539917,0.05109166645280826,0.003193229153300516,0.003193229153300516
1,8,32,0.5,0.4999,identity,2,1,10,0.312,58000,16,8000,250.0,2,0.05007466506958025,5.07694873046875,5.02687406539917,0.8879161786561657,0.027747380583005177,0.055494761166010355
1,8,32,0.5,0.5029,relu,1,1,10,0.312,57000,16,8000,250.0,2,0.0536592636108395,4.782107177734375,4.728447914123535,1.1651868082095074,0.036412087756547105,0.07282417551309421
1,8,32,0.25,0.25,identity,2,1,10,0.312,66500,16,8000,250.0,2,0.053953952789306925,4.753929443359375,4.699975490570068,0.26568879581851923,0.008302774869328726,0.016605549738657452
1,8,16,0.5,0.5016,identity,4,1,10,0.625,84000,16,8000,500.0,1,0.036697486877441676,5.109999755859375,5.073302268981934,0.04839292600961261,0.0030245578756007883,0.0030245578756007883
1,8,32,0.75,0.7568,identity,0,1,10,0.312,55500,16,8000,250.0,1,0.04082040786743146,5.308544921875,5.267724514007568,0.8620083857567863,0.02693776205489957,0.02693776205489957
1,8,32,0.75,0.7521,relu,1,1,10,0.312,49000,16,8000,250.0,2,0.04776316833496086,5.249646484375,5.201883316040039,2.3830561550593394,0.07447050484560436,0.14894100969120871
1,8,32,0.25,0.251,identity,4,1,10,0.312,64500,16,8000,250.0,1,0.05062712478637721,4.788732421875,4.738105297088623,0.12593902422067657,0.003935594506896143,0.003935594506896143
1,8,32,0.25,0.2523,relu,1,1,10,0.312,64000,16,8000,250.0,1,0.05811866760253892,4.433414306640625,4.375295639038086,0.055868914116408014,0.0017459035661377504,0.0017459035661377504
1,8,32,0.5,0.5054,relu,3,1,10,0.312,57500,16,8000,250.0,2,0.04496186828613258,5.4441298828125,5.399168014526367,0.42404929105274336,0.01325154034539823,0.02650308069079646
1,8,16,0.25,0.2523,relu,1,1,10,0.625,86500,16,8000,500.0,1,0.052419204711913636,4.42771484375,4.375295639038086,0.09825496553025746,0.006140935345641091,0.006140935345641091
1,8,32,1.0,1.0,relu,3,1,1,0.031,37000,16,8000,250.0,1,0.009581535339355796,6.3830146484375,6.3734331130981445,16.572814605392534,0.5179004564185167,0.5179004564185167
1,8,32,1.0,1.0,relu,1,1,1,0.031,39500,16,8000,250.0,1,0.010294765472411704,5.822717041015625,5.812422275543213,20.26232142888839,0.6331975446527622,0.6331975446527622
1,8,16,0.75,0.7521,relu,1,1,10,0.625,83000,16,8000,500.0,2,0.04001365661621126,5.24189697265625,5.201883316040039,2.014107181652469,0.12588169885327932,0.25176339770655864
1,8,64,1.0,1.0,identity,2,1,1,0.016,17000,16,8000,125.0,1,0.022319072723388622,5.841552490234375,5.819233417510986,58.826885878249364,0.9191700918476463,0.9191700918476463
1,8,32,0.75,0.7543,relu,3,1,10,0.312,55000,16,8000,250.0,2,0.038166236877441584,5.862994384765625,5.824828147888184,1.3167540928449262,0.04114856540140394,0.08229713080280789
1,8,64,0.25,0.2539,relu,3,1,10,0.156,29500,16,8000,125.0,2,0.06487414550781256,5.119332763671875,5.0544586181640625,0.2777185567242964,0.004339352448817131,0.008678704897634263
1,8,64,0.0,0.0,relu,3,0,9,0.141,38500,16,8000,125.0,2,0.05861422729492194,4.74241015625,4.683795928955078,0.4788642754786785,0.007482254304354351,0.014964508608708703
1,8,64,1.0,1.0,identity,4,1,1,0.016,21500,16,8000,125.0,1,0.020598197937011342,5.974101806640625,5.953503608703613,45.80880537552876,0.7157625839926369,0.7157625839926369
1,8,16,0.5,0.5054,relu,3,1,10,0.625,95000,16,8000,500.0,2,0.03944770812988274,5.43861572265625,5.399168014526367,0.5780783056189686,0.036129894101185535,0.07225978820237107
1,8,64,0.5,0.5095,identity,0,1,10,0.156,35500,16,8000,125.0,1,0.06788244628906259,4.901698974609375,4.8338165283203125,0.4943377409800968,0.007724027202814013,0.007724027202814013
1,8,64,0.25,0.251,identity,4,1,10,0.156,39500,16,8000,125.0,1,0.0727174568176272,4.81082275390625,4.738105297088623,0.7287660213106154,0.011386969082978366,0.011386969082978366
1,8,64,0.0,0.0,identity,2,0,9,0.141,49500,16,8000,125.0,1,0.06864066314697226,4.48101611328125,4.412375450134277,0.5120729417880819,0.00800113971543878,0.00800113971543878
1,8,64,0.0,0.0,relu,1,0,9,0.141,47500,16,8000,125.0,1,0.07280466842651379,4.2140595703125,4.141254901885986,0.22469193717551791,0.0035108115183674674,0.0035108115183674674
1,8,16,0.75,0.7543,relu,3,1,10,0.625,93500,16,8000,500.0,2,0.03425485992431643,5.8590830078125,5.824828147888184,0.4715999481930354,0.029474996762064713,0.058949993524129427
1,8,64,1.0,1.0,relu,3,1,1,0.016,26500,16,8000,125.0,1,0.012065910339355668,6.3854990234375,6.3734331130981445,33.79581008041778,0.5280595325065278,0.5280595325065278
1,8,64,0.0,0.0,identity,0,0,9,0.141,55000,16,8000,125.0,1,0.06750090408325171,4.42459423828125,4.357093334197998,0.3076915838697952,0.00480768099796555,0.00480768099796555
1,8,64,0.25,0.2523,relu,1,1,10,0.156,44000,16,8000,125.0,1,0.07521998596191448,4.450515625,4.375295639038086,0.146666116293497,0.0022916580670858905,0.0022916580670858905
1,8,64,1.0,1.0,identity,0,1,1,0.016,33500,16,8000,125.0,1,0.01830456161499061,5.899128173828125,5.880823612213135,28.106426233780756,0.4391629099028243,0.4391629099028243
1,8,64,0.25,0.2573,identity,0,1,10,0.156,53000,16,8000,125.0,1,0.06723357772827132,4.582510009765625,4.5152764320373535,0.3172636082576297,0.0049572438790254645,0.0049572438790254645
1,8,64,0.0,0.0,identity,4,0,9,0.141,56500,16,8000,125.0,1,0.06238898086547895,4.576775634765625,4.5143866539001465,0.23810038402616998,0.003720318500408906,0.003720318500408906
1,8,64,0.25,0.25,identity,2,1,10,0.156,51500,16,8000,125.0,1,0.06978818130493192,4.769763671875,4.699975490570068,0.5165560058358436,0.008071187591185056,0.008071187591185056
1,8,32,0.75,0.7514,identity,4,1,10,0.312,81500,16,8000,250.0,1,0.03471236801147448,5.53269677734375,5.497984409332275,1.1949477951517395,0.03734211859849186,0.03734211859849186
1,8,64,1.0,1.0,relu,1,1,1,0.016,35000,16,8000,125.0,1,0.012143642425536783,5.82456591796875,5.812422275543213,44.39569794398299,0.6936827803747342,0.6936827803747342
1,8,96,1.0,1.0,identity,4,1,1,0.01,21500,16,8000,83.3,1,0.02714824676513672,5.98065185546875,5.953503608703613,84.56986410012536,0.8809360843763058,0.8809360843763058
1,8,96,1.0,1.0,identity,2,1,1,0.01,22000,16,8000,83.3,1,0.027519756317138544,5.846753173828125,5.819233417510986,83.75436759398595,0.8724413291040203,0.8724413291040203
1,8,96,0.0,0.0,identity,4,0,9,0.094,38000,16,8000,83.3,1,0.08042535781860316,4.59481201171875,4.5143866539001465,0.16926584883415935,0.0017631859253558265,0.0017631859253558265
1,8,64,0.5,0.5054,relu,3,1,10,0.156,48500,16,8000,125.0,2,0.05397065734863293,5.453138671875,5.399168014526367,0.6996760150856576,0.0109324377357134,0.0218648754714268
1,8,64,0.75,0.7543,relu,3,1,10,0.156,48000,16,8000,125.0,2,0.047029518127441605,5.871857666015625,5.824828147888184,2.2630269705932164,0.03535979641551901,0.07071959283103801
1,8,96,1.0,1.0,identity,0,1,1,0.01,33500,16,8000,83.3,1,0.02474694442749037,5.905570556640625,5.880823612213135,51.51618442244418,0.5366269210671268,0.5366269210671268
1,8,96,0.25,0.25,identity,2,1,10,0.104,42500,16,8000,83.3,1,0.08267856216430669,4.782654052734375,4.699975490570068,0.25411814113232617,0.0026470639701283976,0.0026470639701283976
1,8,96,1.0,1.0,relu,3,1,1,0.01,27500,16,8000,83.3,1,0.01271947479248059,6.386152587890625,6.3734331130981445,48.05653540606442,0.5005889104798377,0.5005889104798377
1,8,64,0.75,0.7568,identity,0,1,10,0.156,56500,16,8000,125.0,1,0.04953622817993164,5.3172607421875,5.267724514007568,1.7980756780707585,0.028094932469855602,0.028094932469855602
1,8,64,0.5,0.5016,identity,4,1,10,0.156,64000,16,8000,125.0,1,0.05727121734619178,5.130573486328125,5.073302268981934,0.33987856683032075,0.005310602606723762,0.005310602606723762
1,8,96,0.5,0.5095,identity,0,1,10,0.104,44500,16,8000,83.3,1,0.07358239746093709,4.90739892578125,4.8338165283203125,1.014462193343974,0.010567314513999728,0.010567314513999728
1,8,96,0.75,0.7543,relu,3,1,10,0.104,37500,16,8000,83.3,2,0.0551113052368164,5.879939453125,5.824828147888184,2.433350892632701,0.025347405131590634,0.05069481026318127
1,8,96,0.25,0.2539,relu,3,1,10,0.104,42000,16,8000,83.3,2,0.06698718261718728,5.12144580078125,5.0544586181640625,0.3524993350714111,0.0036718680736605325,0.007343736147321065
1,8,64,0.75,0.7514,identity,4,1,10,0.156,61000,16,8000,125.0,2,0.04827901840209936,5.546263427734375,5.497984409332275,6.71327009325337,0.1048948452070839,0.2097896904141678
1,8,96,0.0,0.0,relu,1,0,9,0.094,47500,16,8000,83.3,1,0.0781166801452633,4.21937158203125,4.141254901885986,0.1720489899370869,0.0017921769785113218,0.0017921769785113218
1,8,64,0.75,0.7498,identity,2,1,10,0.156,60500,16,8000,125.0,2,0.04822306823730482,5.44930224609375,5.401079177856445,6.315207539940179,0.0986751178115653,0.1973502356231306
1,8,96,0.75,0.7521,relu,1,1,10,0.104,41000,16,8000,83.3,2,0.06434764099121093,5.26623095703125,5.201883316040039,7.612363583804838,0.07929545399796706,0.15859090799593412
1,8,96,1.0,1.0,relu,1,1,1,0.01,35000,16,8000,83.3,1,0.012243007659912486,5.824665283203125,5.812422275543213,67.60473958031793,0.7042160372949784,0.7042160372949784
1,8,96,0.0,0.0,identity,0,0,9,0.094,55000,16,8000,83.3,1,0.07550334548950222,4.4325966796875,4.357093334197998,0.2236030410611284,0.002329198344386754,0.002329198344386754
1,8,64,0.5,0.4999,identity,2,1,10,0.156,71500,16,8000,125.0,1,0.0552323799133303,5.0821064453125,5.02687406539917,0.21358739311729985,0.00333730301745781,0.00333730301745781
1,8,64,0.75,0.7521,relu,1,1,10,0.156,60500,16,8000,125.0,2,0.052240219116210795,5.25412353515625,5.201883316040039,4.791062558808326,0.0748603524813801,0.1497207049627602
1,8,96,0.5,0.5016,identity,4,1,10,0.104,49000,16,8000,83.3,1,0.06908274078369114,5.142385009765625,5.073302268981934,1.7438949365403766,0.018165572255628922,0.018165572255628922
1,8,64,0.5,0.5029,relu,1,1,10,0.156,67000,16,8000,125.0,2,0.06332186126708983,4.791769775390625,4.728447914123535,1.3447737874994439,0.02101209042967881,0.04202418085935762
1,8,96,0.0,0.0,relu,3,0,9,0.094,53500,16,8000,83.3,1,0.06015036010742225,4.7439462890625,4.683795928955078,1.098988258199289,0.011447794356242593,0.011447794356242593
1,8,96,0.25,0.2523,relu,1,1,10,0.104,57500,16,8000,83.3,1,0.08009620666503903,4.455391845703125,4.375295639038086,0.12196715661918872,0.0012704912147832158,0.0012704912147832158
1,8,96,0.75,0.7514,identity,4,1,10,0.104,57500,16,8000,83.3,1,0.05816598129272421,5.556150390625,5.497984409332275,4.317100717637401,0.04496979914205626,0.04496979914205626
1,8,96,0.25,0.2573,identity,0,1,10,0.104,64500,16,8000,83.3,1,0.07170232772827134,4.586978759765625,4.5152764320373535,0.257556520513376,0.0026828804220143335,0.0026828804220143335
1,8,96,0.25,0.251,identity,4,1,10,0.104,64500,16,8000,83.3,1,0.07005583572387675,4.8081611328125,4.738105297088623,0.20443500329830183,0.0021295312843573107,0.0021295312843573107
1,8,96,0.5,0.5029,relu,1,1,10,0.104,57000,16,8000,83.3,2,0.07211653900146509,4.800564453125,4.728447914123535,3.0980523192723166,0.032271378325753296,0.06454275665150659
1,8,96,0.5,0.5054,relu,3,1,10,0.104,57500,16,8000,83.3,2,0.058974807739257784,5.458142822265625,5.399168014526367,1.406343972222174,0.014649416377314312,0.029298832754628624
1,8,96,0.75,0.7498,identity,2,1,10,0.104,60500,16,8000,83.3,2,0.05684806823730426,5.45792724609375,5.401079177856445,7.25227857484755,0.0755445684879953,0.1510891369759906
1,16,16,1.0,1.0,relu,3,1,1,0.062,27000,16,8000,500.0,1,0.010152229309081662,6.049240478515625,6.039088249206543,11.62573328730105,0.7266083304563157,0.7266083304563157
1,16,16,1.0,1.0,identity,2,1,1,0.062,30500,16,8000,500.0,1,0.012518016815185717,6.08476123046875,6.0722432136535645,15.237272866444886,0.9523295541528054,0.9523295541528054
1,8,96,0.75,0.7568,identity,0,1,10,0.104,66000,16,8000,83.3,1,0.05471249771118192,5.32243701171875,5.267724514007568,4.73744816986191,0.04934841843606156,0.04934841843606156
1,16,16,1.0,1.0,identity,0,1,1,0.062,36500,16,8000,500.0,1,0.011719177246093615,6.022591064453125,6.010871887207031,9.216784526955442,0.5760490329347151,0.5760490329347151
1,16,16,1.0,1.0,identity,4,1,1,0.062,35500,16,8000,500.0,1,0.011599357604980653,6.05193310546875,6.0403337478637695,14.599290965177083,0.9124556853235677,0.9124556853235677
1,16,16,0.0,0.0,identity,2,0,17,1.062,75000,16,8000,500.0,1,0.10074029541015594,4.56084619140625,4.460105895996094,0.08903327262965119,0.005564579539353199,0.005564579539353199
1,16,16,0.0,0.0,identity,0,0,17,1.062,78000,16,8000,500.0,1,0.09808483505249033,4.371425537109375,4.273340702056885,0.029887484681010965,0.0018679677925631853,0.0018679677925631853
1,8,96,0.5,0.4999,identity,2,1,10,0.104,82500,16,8000,83.3,2,0.06224873733520475,5.089122802734375,5.02687406539917,2.8704491072288674,0.029900511533634034,0.05980102306726807
1,16,16,0.0,0.0,identity,4,0,17,1.062,79000,16,8000,500.0,1,0.0891689491271972,4.4728564453125,4.383687496185303,0.048058148499854944,0.003003634281240934,0.003003634281240934
1,8,96,0.0,0.0,identity,2,0,9,0.094,91000,16,8000,83.3,1,0.06399466705322254,4.4763701171875,4.412375450134277,0.09836960615042575,0.0010246833974002683,0.0010246833974002683
1,16,16,0.5,0.509,identity,0,1,18,1.125,73000,16,8000,500.0,1,0.10384450149536129,5.145878173828125,5.042033672332764,0.08067265492118736,0.00504204093257421,0.00504204093257421
1,16,16,0.25,0.2501,identity,2,1,18,1.125,79000,16,8000,500.0,1,0.1222676963806153,4.900125,4.777857303619385,0.07036739555353687,0.004397962222096054,0.004397962222096054
1,16,16,1.0,1.0,relu,1,1,1,0.062,53500,16,8000,500.0,1,0.007895542144775725,5.209282470703125,5.20138692855835,14.269568980664715,0.8918480612915447,0.8918480612915447
1,16,32,1.0,1.0,identity,2,1,1,0.031,30500,16,8000,250.0,1,0.014970165252685241,6.08721337890625,6.0722432136535645,30.806630116084104,0.9627071911276283,0.9627071911276283
1,16,32,0.0,0.0,relu,3,0,17,0.531,55000,16,8000,250.0,2,0.0701406669616702,4.88634521484375,4.81620454788208,0.14426944341957293,0.004508420106861654,0.009016840213723308
1,16,32,1.0,1.0,identity,4,1,1,0.031,34500,16,8000,250.0,1,0.01365135955810537,6.053985107421875,6.0403337478637695,25.85839251885478,0.8080747662142119,0.8080747662142119
1,16,32,0.75,0.7561,identity,0,1,18,0.562,43000,16,8000,250.0,1,0.0585326957702641,5.58418701171875,5.525654315948486,0.15644588148967276,0.004888933796552274,0.004888933796552274
1,16,32,1.0,1.0,relu,3,1,1,0.031,33000,16,8000,250.0,1,0.009991340637206747,6.04907958984375,6.039088249206543,22.356619461154814,0.6986443581610879,0.6986443581610879
1,16,16,0.5,0.5009,identity,4,1,18,1.125,86000,16,8000,500.0,1,0.08950746917724572,5.136764892578125,5.047257423400879,0.03582064289451863,0.0022387901809074145,0.0022387901809074145
1,16,32,0.5,0.5009,identity,4,1,18,0.562,57500,16,8000,250.0,1,0.06258730316162087,5.1098447265625,5.047257423400879,0.1983184925455377,0.0061974528920480535,0.0061974528920480535
1,16,32,0.0,0.0,identity,0,0,17,0.531,65000,16,8000,250.0,1,0.07281652450561538,4.3461572265625,4.273340702056885,0.04681123176431728,0.001462850992634915,0.001462850992634915
1,16,16,0.25,0.2571,identity,0,1,18,1.125,95000,16,8000,500.0,1,0.11871625137329112,4.732849609375,4.614133358001709,0.038142976697134325,0.0023839360435708953,0.0023839360435708953
1,16,32,0.75,0.7505,identity,4,1,18,0.562,46000,16,8000,250.0,1,0.05410206604003864,5.59098828125,5.536886215209961,0.20398499712472465,0.006374531160147645,0.006374531160147645
1,16,32,0.0,0.0,identity,2,0,17,0.531,66500,16,8000,250.0,1,0.07083209228515663,4.53093798828125,4.460105895996094,0.05955534354233898,0.0018611044856980932,0.0018611044856980932
1,16,32,1.0,1.0,identity,0,1,1,0.031,45500,16,8000,250.0,1,0.012592956542968992,6.02346484375,6.010871887207031,5.251874331718762,0.1641210728662113,0.1641210728662113
1,16,32,0.25,0.2507,identity,4,1,18,0.562,63000,16,8000,250.0,1,0.06858194732665979,4.709,4.64041805267334,0.04754298633319511,0.0014857183229123473,0.0014857183229123473
1,16,16,0.25,0.2525,relu,1,1,18,1.125,92500,16,8000,500.0,1,0.1979070472717286,4.4641552734375,4.2662482261657715,0.2907988556947432,0.01817492848092145,0.01817492848092145
1,16,32,0.5,0.5053,relu,3,1,18,0.562,56000,16,8000,250.0,2,0.06674312591552756,5.4412939453125,5.374550819396973,0.44135894199708986,0.013792466937409058,0.027584933874818116
1,16,32,0.25,0.2525,relu,1,1,18,0.562,64500,16,8000,250.0,1,0.08178082656860308,4.348029052734375,4.2662482261657715,0.10979689271977006,0.0034311528974928143,0.0034311528974928143
1,16,16,0.5,0.5002,identity,2,1,18,1.125,92500,16,8000,500.0,1,0.09911564254760741,5.28142431640625,5.182308673858643,0.04037631501995171,0.002523519688746982,0.002523519688746982
1,16,32,0.25,0.2501,identity,2,1,18,0.562,67000,16,8000,250.0,1,0.0703814659118649,4.84823876953125,4.777857303619385,0.1042012036417694,0.0032562876138052936,0.0032562876138052936
1,16,16,0.75,0.7561,identity,0,1,18,1.125,90500,16,8000,500.0,1,0.07013669967651381,5.595791015625,5.525654315948486,0.12175354603692624,0.00760959662730789,0.00760959662730789
1,16,32,0.5,0.509,identity,0,1,18,0.562,68500,16,8000,250.0,1,0.06492360305786171,5.106957275390625,5.042033672332764,0.1617855590101519,0.005055798719067247,0.005055798719067247
1,16,16,0.75,0.7502,identity,2,1,18,1.125,91500,16,8000,500.0,1,0.068031597137451,5.6974609375,5.629429340362549,0.08192666225981665,0.005120416391238541,0.005120416391238541
1,16,32,0.75,0.7502,identity,2,1,18,0.562,56500,16,8000,250.0,1,0.054967144012451286,5.684396484375,5.629429340362549,0.3340237246176068,0.010438241394300213,0.010438241394300213
1,16,16,0.25,0.2507,identity,4,1,18,1.125,101500,16,8000,500.0,1,0.10626749420165993,4.746685546875,4.64041805267334,0.09198396316413412,0.005748997697758383,0.005748997697758383
1,16,32,1.0,1.0,relu,1,1,1,0.031,47000,16,8000,250.0,1,0.008937046051025632,5.210323974609375,5.20138692855835,28.826110562585857,0.900815955080808,0.900815955080808
1,16,32,0.0,0.0,relu,1,0,17,0.531,75500,16,8000,250.0,1,0.08005680656433078,4.073273559570312,3.9932167530059814,0.09573462804782348,0.002991707126494484,0.002991707126494484
1,16,64,0.0,0.0,identity,4,0,17,0.266,35000,16,8000,125.0,1,0.09962085342407256,4.483308349609375,4.383687496185303,0.2665607156409511,0.0041650111818898605,0.0041650111818898605
1,16,32,0.0,0.0,identity,4,0,17,0.531,79000,16,8000,250.0,1,0.06374438858032239,4.447431884765625,4.383687496185303,0.23518127092212437,0.007349414716316387,0.007349414716316387
1,16,32,0.5,0.5002,identity,2,1,18,0.562,74500,16,8000,250.0,1,0.06294376754760744,5.24525244140625,5.182308673858643,0.06912633402135891,0.002160197938167466,0.002160197938167466
1,16,32,0.5,0.5034,relu,1,1,18,0.562,72000,16,8000,250.0,2,0.07221944046020479,4.66961962890625,4.597400188446045,1.593414915509759,0.04979421610967997,0.09958843221935994
1,16,64,0.0,0.0,identity,2,0,17,0.266,49000,16,8000,125.0,2,0.09469732666015584,4.55480322265625,4.460105895996094,0.3885573798490447,0.0060712090601413235,0.012142418120282647
1,16,16,0.75,0.7505,identity,4,1,18,1.125,100000,16,8000,500.0,1,0.06212989807128899,5.59901611328125,5.536886215209961,0.04603367501084262,0.002877104688177664,0.002877104688177664
1,16,16,0.0,0.0,relu,3,0,17,1.062,111000,16,8000,500.0,2,0.1627153739929197,4.978919921875,4.81620454788208,0.9272385415122267,0.05795240884451417,0.11590481768902834
1,16,32,0.25,0.2538,relu,3,1,18,0.562,78000,16,8000,250.0,2,0.06505865859985338,5.121101806640625,5.0560431480407715,0.22216629612569438,0.0069426967539279495,0.013885393507855899
1,16,64,1.0,1.0,identity,4,1,1,0.016,17500,16,8000,125.0,1,0.02218090057373079,6.0625146484375,6.0403337478637695,50.10674146636412,0.7829178354119394,0.7829178354119394
1,16,32,0.75,0.7542,relu,3,1,18,0.562,65000,16,8000,250.0,2,0.051851310729980504,5.77736572265625,5.7255144119262695,1.4421533390236876,0.04506729184449024,0.09013458368898047
1,16,64,1.0,1.0,identity,2,1,1,0.016,21000,16,8000,125.0,1,0.02200800704956052,6.094251220703125,6.0722432136535645,60.964591893198715,0.9525717483312299,0.9525717483312299
1,16,16,0.5,0.5053,relu,3,1,18,1.125,106000,16,8000,500.0,2,0.15941670989990264,5.533967529296875,5.374550819396973,0.9723351636152692,0.06077094772595432,0.12154189545190865
1,16,32,0.25,0.2571,identity,0,1,18,0.562,89500,16,8000,250.0,1,0.06851044082641611,4.682643798828125,4.614133358001709,0.08463715131546401,0.0026449109786082503,0.0026449109786082503
1,16,64,0.75,0.7502,identity,2,1,18,0.281,27500,16,8000,125.0,2,0.08247983932495107,5.7119091796875,5.629429340362549,2.1794996910110176,0.03405468267204715,0.0681093653440943
1,16,32,0.75,0.7526,relu,1,1,18,0.562,72000,16,8000,250.0,2,0.05609631729126008,5.025492431640625,4.969396114349365,4.137008106687994,0.12928150333399982,0.25856300666799964
1,16,16,0.5,0.5034,relu,1,1,18,1.125,115000,16,8000,500.0,2,0.16021358108520545,4.75761376953125,4.597400188446045,2.359796005865883,0.1474872503666177,0.2949745007332354
1,16,64,0.25,0.2507,identity,4,1,18,0.281,46000,16,8000,125.0,1,0.09117081451416009,4.7315888671875,4.64041805267334,0.5164975210204483,0.008070273765944505,0.008070273765944505
1,16,64,0.25,0.2538,relu,3,1,18,0.281,42000,16,8000,125.0,2,0.08636798477172825,5.1424111328125,5.0560431480407715,0.3581761465696862,0.005596502290151347,0.011193004580302694
1,16,64,0.0,0.0,identity,0,0,17,0.266,65000,16,8000,125.0,1,0.08871129989624027,4.362052001953125,4.273340702056885,0.17105141089086612,0.002672678295169783,0.002672678295169783
1,16,64,0.0,0.0,relu,3,0,17,0.266,52000,16,8000,125.0,2,0.08432133102416994,4.90052587890625,4.81620454788208,0.2046152828942365,0.0031971137952224453,0.006394227590444891
1,16,64,1.0,1.0,relu,3,1,1,0.016,28000,16,8000,125.0,1,0.011271369934082287,6.050359619140625,6.039088249206543,47.46494506229378,0.7416397665983403,0.7416397665983403
1,16,96,1.0,1.0,identity,0,1,1,0.01,13000,16,8000,83.3,1,0.031309753417969155,6.042181640625,6.010871887207031,67.35352227582668,0.7015991903731945,0.7015991903731945
1,16,64,1.0,1.0,identity,0,1,1,0.016,36500,16,8000,125.0,1,0.01861077880859341,6.029482666015625,6.010871887207031,32.21289019831172,0.5033264093486206,0.5033264093486206
1,16,16,0.75,0.7526,relu,1,1,18,1.125,117000,16,8000,500.0,2,0.10188220596313435,5.0712783203125,4.969396114349365,2.312859262139719,0.14455370388373243,0.28910740776746485
1,16,64,0.5,0.5053,relu,3,1,18,0.281,41000,16,8000,125.0,2,0.0795858993530274,5.45413671875,5.374550819396973,0.7459923081145766,0.01165612981429026,0.02331225962858052
1,16,64,0.25,0.2525,relu,1,1,18,0.281,52500,16,8000,125.0,1,0.10079132461547857,4.36703955078125,4.2662482261657715,0.17393246387036362,0.0027176947479744316,0.0027176947479744316
1,16,64,0.5,0.5009,identity,4,1,18,0.281,47500,16,8000,125.0,1,0.08208803558349587,5.129345458984375,5.047257423400879,0.21258027416930877,0.0033215667838954496,0.0033215667838954496
1,16,16,0.0,0.0,relu,1,0,17,1.062,136500,16,8000,500.0,1,0.16664945793151897,4.1598662109375,3.9932167530059814,0.1204919522634735,0.007530747016467094,0.007530747016467094
1,16,64,1.0,1.0,relu,1,1,1,0.016,36000,16,8000,125.0,1,0.010684848785400547,5.21207177734375,5.20138692855835,59.45869833822954,0.9290421615348365,0.9290421615348365
1,16,64,0.75,0.7542,relu,3,1,18,0.281,41000,16,8000,125.0,2,0.06592333221435531,5.791437744140625,5.7255144119262695,2.764968405624705,0.043202631337886016,0.08640526267577203
1,16,64,0.25,0.2571,identity,0,1,18,0.281,66000,16,8000,125.0,1,0.08997552871704073,4.70410888671875,4.614133358001709,0.2527543491474506,0.003949286705428916,0.003949286705428916
1,16,64,0.75,0.7505,identity,4,1,18,0.281,46000,16,8000,125.0,1,0.06844630432128884,5.60533251953125,5.536886215209961,1.0264327554911454,0.016038011804549147,0.016038011804549147
1,16,16,0.75,0.7542,relu,3,1,18,1.125,122000,16,8000,500.0,2,0.09962987518310573,5.825144287109375,5.7255144119262695,1.659331708248498,0.10370823176553112,0.20741646353106225
1,16,96,1.0,1.0,identity,4,1,1,0.01,23000,16,8000,83.3,1,0.027846916198730476,6.0681806640625,6.0403337478637695,87.9515220972354,0.9161616885128687,0.9161616885128687
1,16,64,0.5,0.5002,identity,2,1,18,0.281,57500,16,8000,125.0,1,0.08369572067260744,5.26600439453125,5.182308673858643,0.19140489051884607,0.00299070141435697,0.00299070141435697
1,16,64,0.75,0.7526,relu,1,1,18,0.281,48500,16,8000,125.0,2,0.07465613174438435,5.04405224609375,4.969396114349365,8.601658814189006,0.13440091897170323,0.26880183794340645
1,16,64,0.0,0.0,relu,1,0,17,0.266,74000,16,8000,125.0,1,0.09725822257995631,4.090474975585938,3.9932167530059814,0.13957592434995644,0.0021808738179680694,0.0021808738179680694
1,16,96,0.0,0.0,relu,1,0,17,0.177,45000,16,8000,83.3,1,0.11820817375183079,4.111424926757812,3.9932167530059814,0.21016757152329713,0.0021892455367010116,0.0021892455367010116
1,16,96,1.0,1.0,identity,2,1,1,0.01,32000,16,8000,83.3,1,0.02669038009643554,6.09893359375,6.0722432136535645,83.65205481062608,0.8713755709440217,0.8713755709440217
1,16,16,0.25,0.2538,relu,3,1,18,1.125,150000,16,8000,500.0,2,0.16631280899047862,5.22235595703125,5.0560431480407715,0.9946095651825135,0.062163097823907096,0.12432619564781419
1,16,96,0.25,0.2507,identity,4,1,18,0.188,47000,16,8000,83.3,1,0.10229605865478497,4.742714111328125,4.64041805267334,0.4576086863141976,0.004766757149106225,0.004766757149106225
1,16,96,0.0,0.0,identity,2,0,17,0.177,53500,16,8000,83.3,1,0.10515362548828122,4.565259521484375,4.460105895996094,0.23216932705520937,0.002418430490158431,0.002418430490158431
1,16,96,0.75,0.7502,identity,2,1,18,0.188,41000,16,8000,83.3,2,0.0836605033874509,5.71308984375,5.629429340362549,3.2716556697544052,0.03407974655994172,0.06815949311988344
1,16,96,0.75,0.7526,relu,1,1,18,0.188,38000,16,8000,83.3,2,0.08660974502563512,5.056005859375,4.969396114349365,13.366730330608412,0.13923677427717096,0.2784735485543419
1,16,64,0.5,0.5034,relu,1,1,18,0.281,65500,16,8000,125.0,2,0.0872492256164552,4.6846494140625,4.597400188446045,2.6208726434142964,0.04095113505334838,0.08190227010669676
1,16,64,0.5,0.509,identity,0,1,18,0.281,72500,16,8000,125.0,1,0.0794038276672362,5.1214375,5.042033672332764,0.1830222506175944,0.0028597226658999123,0.0028597226658999123
1,16,96,0.5,0.509,identity,0,1,18,0.188,47500,16,8000,83.3,1,0.10073170852661129,5.142765380859375,5.042033672332764,0.5802265905532918,0.006044026984930124,0.006044026984930124
1,16,96,0.5,0.5034,relu,1,1,18,0.188,43000,16,8000,83.3,2,0.10588325881958038,4.703283447265625,4.597400188446045,4.963040819827917,0.051698341873207466,0.10339668374641493
1,16,96,0.75,0.7542,relu,3,1,18,0.188,37500,16,8000,83.3,2,0.07693944549560516,5.802453857421875,5.7255144119262695,5.182872286172812,0.053988252980966794,0.10797650596193359
1,16,96,0.5,0.5009,identity,4,1,18,0.188,47500,16,8000,83.3,1,0.09294985198974626,5.140207275390625,5.047257423400879,0.3290771929673973,0.0034278874267437216,0.0034278874267437216
1,16,64,0.75,0.7561,identity,0,1,18,0.281,68500,16,8000,125.0,1,0.06329832077026332,5.58895263671875,5.525654315948486,0.49631949993160873,0.0077549921864313864,0.0077549921864313864
1,16,96,0.75,0.7561,identity,0,1,18,0.188,46500,16,8000,83.3,2,0.08285789108276376,5.60851220703125,5.525654315948486,4.84877236655891,0.05050804548498864,0.10101609096997728
1,16,96,0.25,0.2525,relu,1,1,18,0.188,52500,16,8000,83.3,2,0.11635089492797857,4.38259912109375,4.2662482261657715,1.2774834300414153,0.01330711906293141,0.02661423812586282
1,16,64,0.25,0.2501,identity,2,1,18,0.281,86500,16,8000,125.0,1,0.08264245223999023,4.860499755859375,4.777857303619385,0.169319785746838,0.002645621652294344,0.002645621652294344
1,16,96,0.5,0.5053,relu,3,1,18,0.188,48000,16,8000,83.3,2,0.08851265716552703,5.4630634765625,5.374550819396973,0.6886376162018957,0.00717330850210308,0.01434661700420616
1,16,96,0.0,0.0,identity,0,0,17,0.177,65000,16,8000,83.3,1,0.09923522567749021,4.372575927734375,4.273340702056885,0.3369575517037212,0.0035099744969137626,0.0035099744969137626
1,16,96,0.25,0.2538,relu,3,1,18,0.188,56000,16,8000,83.3,2,0.09539093399047882,5.15143408203125,5.0560431480407715,0.34475992096544217,0.003591249176723356,0.007182498353446712
1,16,96,0.0,0.0,relu,3,0,17,0.177,60000,16,8000,83.3,2,0.09566483688354488,4.911869384765625,4.81620454788208,0.35748451331178405,0.0037237970136644173,0.007447594027328835
1,16,96,0.5,0.5002,identity,2,1,18,0.188,57500,16,8000,83.3,1,0.09271964645385733,5.2750283203125,5.182308673858643,0.1579927191385551,0.0016457574910266155,0.0016457574910266155
1,32,16,1.0,1.0,identity,0,1,1,0.062,27000,16,8000,500.0,1,0.012476600646972535,5.93974462890625,5.927268028259277,8.13580838606194,0.5084880241288713,0.5084880241288713
1,16,96,0.0,0.0,identity,4,0,17,0.177,67000,16,8000,83.3,1,0.09006006240844755,4.47374755859375,4.383687496185303,0.1602409023793786,0.0016691760664518604,0.0016691760664518604
1,16,96,0.25,0.2571,identity,0,1,18,0.188,66000,16,8000,83.3,1,0.10102460098266608,4.715157958984375,4.614133358001709,0.20598440833311504,0.002145670920136615,0.002145670920136615
1,16,96,0.75,0.7505,identity,4,1,18,0.188,57000,16,8000,83.3,2,0.07480128479003945,5.6116875,5.536886215209961,3.185338500148449,0.03318060937654634,0.06636121875309269
1,16,96,1.0,1.0,relu,3,1,1,0.01,44500,16,8000,83.3,1,0.009882698059081818,6.048970947265625,6.039088249206543,70.3625712122552,0.7329434501276584,0.7329434501276584
1,32,16,1.0,1.0,identity,2,1,1,0.062,30000,16,8000,500.0,1,0.012422073364257713,6.129790771484375,6.117368698120117,15.385659892287089,0.9616037432679431,0.9616037432679431
1,16,96,1.0,1.0,relu,1,1,1,0.01,47000,16,8000,83.3,1,0.009894565582275305,5.211281494140625,5.20138692855835,88.48021185657493,0.9216688735059888,0.9216688735059888
1,32,16,1.0,1.0,identity,4,1,1,0.062,38500,16,8000,500.0,1,0.010927677154541016,5.853271484375,5.842343807220459,14.43173057043465,0.9019831606521657,0.9019831606521657
1,32,16,1.0,1.0,relu,3,1,1,0.062,35000,16,8000,500.0,1,0.009233726501465256,6.33442236328125,6.325188636779785,9.851180787234357,0.6156987992021473,0.6156987992021473
1,32,16,1.0,1.0,relu,1,1,1,0.062,41500,16,8000,500.0,1,0.0092246704101564,5.75509716796875,5.745872497558594,11.252177111602728,0.7032610694751705,0.7032610694751705
1,32,16,0.5,0.5121,identity,0,1,34,2.125,63500,16,8000,500.0,1,0.3661449546813964,5.30659228515625,4.9404473304748535,0.11153444683281205,0.006970902927050753,0.006970902927050753
1,16,96,0.25,0.2501,identity,2,1,18,0.188,86500,16,8000,83.3,1,0.0935191612243651,4.87137646484375,4.777857303619385,0.22463106949022654,0.0023399069738565263,0.0023399069738565263
1,32,32,1.0,1.0,identity,2,1,1,0.031,26000,16,8000,250.0,1,0.01526484680175777,6.132633544921875,6.117368698120117,30.608987494975185,0.9565308592179745,0.9565308592179745
1,32,32,1.0,1.0,identity,0,1,1,0.031,27000,16,8000,250.0,1,0.01391922760009745,5.941187255859375,5.927268028259277,19.465625906528857,0.6083008095790268,0.6083008095790268
1,32,16,0.0,0.0,identity,4,0,33,2.062,83500,16,8000,500.0,1,0.4422651977539065,4.759030029296875,4.316764831542969,0.06802223349068788,0.0042513895931679925,0.0042513895931679925
1,32,16,0.5,0.5009,identity,4,1,34,2.125,73000,16,8000,500.0,1,0.30790300369262713,5.291644287109375,4.983741283416748,0.08349081767133683,0.005218176104458552,0.005218176104458552
1,32,16,0.0,0.0,identity,0,0,33,2.062,89500,16,8000,500.0,1,0.5182663764953617,4.840085205078125,4.321818828582764,0.046244841242031834,0.0028903025776269896,0.0028903025776269896
1,32,16,0.75,0.7506,identity,4,1,34,2.125,71000,16,8000,500.0,1,0.18457991790771455,5.56891162109375,5.384331703186035,0.18292744080415715,0.011432965050259822,0.011432965050259822
1,32,16,0.25,0.2499,identity,2,1,34,2.125,82500,16,8000,500.0,1,0.4847878799438474,5.209602294921875,4.724814414978027,0.05643252947905454,0.003527033092440909,0.003527033092440909
1,32,32,1.0,1.0,identity,4,1,1,0.031,41500,16,8000,250.0,1,0.012954044342040838,5.8552978515625,5.842343807220459,29.796085505085955,0.9311276720339361,0.9311276720339361
1,32,32,1.0,1.0,relu,3,1,1,0.031,39500,16,8000,250.0,1,0.009360191345215263,6.334548828125,6.325188636779785,19.628386406884676,0.6133870752151461,0.6133870752151461
1,32,16,0.0,0.0,identity,2,0,33,2.062,97000,16,8000,500.0,1,0.520084587097168,4.898049560546875,4.377964973449707,0.07275700421882003,0.004547312763676252,0.004547312763676252
1,32,32,0.5,0.5009,identity,4,1,34,1.062,58500,16,8000,250.0,1,0.10395500564575233,5.0876962890625,4.983741283416748,0.0823736748718644,0.0025741773397457623,0.0025741773397457623
1,32,16,0.5,0.4996,identity,2,1,34,2.125,85500,16,8000,500.0,1,0.376944843292236,5.49191552734375,5.114970684051514,0.10567410631921843,0.006604631644951152,0.006604631644951152
1,32,32,1.0,1.0,relu,1,1,1,0.031,42500,16,8000,250.0,1,0.00998638916015615,5.75585888671875,5.745872497558594,22.43221842011105,0.7010068256284703,0.7010068256284703
1,32,32,0.25,0.2584,identity,0,1,34,1.062,66000,16,8000,250.0,1,0.11562479019165028,4.705347900390625,4.589723110198975,0.0671996663224471,0.002099989572576472,0.002099989572576472
1,32,16,0.75,0.7602,identity,0,1,34,2.125,84000,16,8000,500.0,1,0.21616161727905236,5.6103671875,5.394205570220947,0.17715639414667414,0.011072274634167134,0.011072274634167134
1,32,16,0.25,0.2584,identity,0,1,34,2.125,96500,16,8000,500.0,1,0.4687056007385255,5.0584287109375,4.589723110198975,0.06018093869152081,0.0037613086682200506,0.0037613086682200506
1,32,32,0.5,0.5121,identity,0,1,34,1.062,63500,16,8000,250.0,1,0.10969256210327138,5.050139892578125,4.9404473304748535,0.06875386547450688,0.00214855829607834,0.00214855829607834
1,32,16,0.25,0.2507,identity,4,1,34,2.125,97500,16,8000,500.0,1,0.4036176681518553,5.055279541015625,4.6516618728637695,0.09514424666478757,0.005946515416549223,0.005946515416549223
1,32,32,0.0,0.0,relu,3,0,33,1.031,70500,16,8000,250.0,2,0.14637326431274378,4.7676591796875,4.621285915374756,0.1870278948782149,0.005844621714944215,0.01168924342988843
1,32,32,0.0,0.0,identity,2,0,33,1.031,73500,16,8000,250.0,1,0.11829528045654314,4.49626025390625,4.377964973449707,0.0459433619083118,0.0014357300596347438,0.0014357300596347438
1,32,64,0.0,0.0,identity,0,0,33,0.516,55500,16,8000,125.0,1,0.13133302688598647,4.45315185546875,4.321818828582764,0.1451525850348043,0.002268009141168817,0.002268009141168817
1,32,32,0.0,0.0,identity,0,0,33,1.031,83000,16,8000,250.0,1,0.10353273391723672,4.4253515625,4.321818828582764,0.0704475158782906,0.002201484871196581,0.002201484871196581
1,32,32,0.25,0.2499,identity,2,1,34,1.062,81500,16,8000,250.0,1,0.11152787017822252,4.83634228515625,4.724814414978027,0.03339505636808161,0.0010435955115025504,0.0010435955115025504
1,32,32,0.0,0.0,identity,4,0,33,1.031,81000,16,8000,250.0,1,0.09582696533203094,4.412591796875,4.316764831542969,0.05867614562767707,0.0018336295508649084,0.0018336295508649084
1,32,16,0.75,0.7493,identity,2,1,34,2.125,96000,16,8000,500.0,1,0.22042196655273472,5.799924072265625,5.579502105712891,0.08160929157921676,0.005100580723701047,0.005100580723701047
1,32,32,0.75,0.7602,identity,0,1,34,1.062,70000,16,8000,250.0,1,0.08262499618530317,5.47683056640625,5.394205570220947,0.1226649404860633,0.003833279390189478,0.003833279390189478
1,32,16,0.0,0.0,relu,3,0,33,2.062,111500,16,8000,500.0,2,0.4433859596252443,5.064671875,4.621285915374756,1.9411114071577547,0.12131946294735967,0.24263892589471933
1,32,64,0.0,0.0,identity,2,0,33,0.516,52000,16,8000,125.0,1,0.12970641326904264,4.50767138671875,4.377964973449707,0.1618190601084518,0.0025284228141945592,0.0025284228141945592
1,32,64,0.25,0.2507,identity,4,1,34,0.531,40000,16,8000,125.0,1,0.12274877166748066,4.77441064453125,4.6516618728637695,0.1405296729800827,0.0021957761403137922,0.0021957761403137922
1,32,32,0.5,0.4996,identity,2,1,34,1.062,83500,16,8000,250.0,1,0.0953757514953617,5.210346435546875,5.114970684051514,0.0834860081437336,0.002608937754491675,0.002608937754491675
1,32,32,0.75,0.7493,identity,2,1,34,1.062,78000,16,8000,250.0,1,0.0804241638183596,5.65992626953125,5.579502105712891,0.2013581493922963,0.006292442168509259,0.006292442168509259
1,32,16,0.25,0.2535,relu,3,1,34,2.125,112000,16,8000,500.0,2,0.4232597656249997,5.3634453125,4.940185546875,1.4569924369254905,0.09106202730784316,0.18212405461568631
1,32,64,0.25,0.2499,identity,2,1,34,0.531,47000,16,8000,125.0,1,0.12787381744384785,4.852688232421875,4.724814414978027,0.10814068662213261,0.001689698228470822,0.001689698228470822
1,32,32,0.5,0.5046,relu,3,1,34,1.062,84000,16,8000,250.0,2,0.14577285003662066,5.465521728515625,5.319748878479004,0.5958524346795366,0.01862038858373552,0.03724077716747104
1,32,64,0.0,0.0,identity,4,0,33,0.516,58500,16,8000,125.0,1,0.11644000244140607,4.433204833984375,4.316764831542969,0.20279882814381625,0.003168731689747129,0.003168731689747129
1,32,16,0.25,0.2526,relu,1,1,34,2.125,118500,16,8000,500.0,2,0.597063106536865,4.875500244140625,4.27843713760376,2.227985524155376,0.139249095259711,0.278498190519422
1,32,64,1.0,1.0,identity,0,1,1,0.016,27000,16,8000,125.0,1,0.020166542053222436,5.9474345703125,5.927268028259277,43.24339954436547,0.6756781178807104,0.6756781178807104
1,32,64,0.0,0.0,relu,3,0,33,0.516,50000,16,8000,125.0,2,0.11849069595336914,4.739776611328125,4.621285915374756,0.22809529483732707,0.0035639889818332355,0.007127977963666471
1,32,64,0.75,0.7493,identity,2,1,34,0.531,31000,16,8000,125.0,2,0.09944393920898431,5.678946044921875,5.579502105712891,1.8164564529196627,0.02838213207686973,0.05676426415373946
1,32,32,0.75,0.7506,identity,4,1,34,1.062,84500,16,8000,250.0,1,0.07318343353271484,5.45751513671875,5.384331703186035,0.3377094487040769,0.010553420272002402,0.010553420272002402
1,32,32,0.0,0.0,relu,1,0,33,1.031,97000,16,8000,250.0,1,0.15577043151855463,4.139842163085937,3.984071731567383,0.18652386379081357,0.005828870743462924,0.005828870743462924
1,32,64,0.0,0.0,relu,1,0,33,0.516,56000,16,8000,125.0,1,0.15547050476074187,4.139542236328125,3.984071731567383,0.1572179162760175,0.0024565299418127734,0.0024565299418127734
1,32,64,1.0,1.0,identity,4,1,1,0.016,27500,16,8000,125.0,1,0.019720157623290824,5.86206396484375,5.842343807220459,59.8849045038501,0.9357016328726578,0.9357016328726578
1,32,64,0.25,0.2584,identity,0,1,34,0.531,53500,16,8000,125.0,1,0.12633304214477548,4.71605615234375,4.589723110198975,0.14704595830564468,0.002297593098525698,0.002297593098525698
1,32,64,1.0,1.0,identity,2,1,1,0.016,29000,16,8000,125.0,1,0.02003974914550799,6.137408447265625,6.117368698120117,61.61382938044561,0.9627160840694626,0.9627160840694626
1,32,32,0.25,0.2507,identity,4,1,34,1.062,100500,16,8000,250.0,1,0.09949852752685562,4.751160400390625,4.6516618728637695,0.03234437571807616,0.00101076174118988,0.00101076174118988
1,32,64,0.5,0.5121,identity,0,1,34,0.531,47000,16,8000,125.0,1,0.11400774765014621,5.054455078125,4.9404473304748535,0.24027778431234548,0.003754340379880398,0.003754340379880398
1,32,64,0.5,0.5009,identity,4,1,34,0.531,46500,16,8000,125.0,1,0.10755266189575163,5.0912939453125,4.983741283416748,0.27730013880254667,0.004332814668789792,0.004332814668789792
1,32,16,0.0,0.0,relu,1,0,33,2.062,132000,16,8000,500.0,1,0.6426523895263676,4.62672412109375,3.984071731567383,0.10242036183716542,0.006401272614822839,0.006401272614822839
1,32,64,0.5,0.4996,identity,2,1,34,0.531,48000,16,8000,125.0,1,0.11457277297973611,5.22954345703125,5.114970684051514,0.14931450169928226,0.0023330390890512853,0.0023330390890512853
1,32,32,0.75,0.7529,relu,1,1,34,1.062,97000,16,8000,250.0,2,0.12550026321411156,5.29543310546875,5.169932842254639,2.445053909435234,0.07640793466985106,0.15281586933970212
1,32,16,0.5,0.5046,relu,3,1,34,2.125,131000,16,8000,500.0,2,0.3341217269897463,5.65387060546875,5.319748878479004,1.7338851589113604,0.10836782243196003,0.21673564486392005
1,32,32,0.5,0.5036,relu,1,1,34,1.062,103000,16,8000,250.0,2,0.15458757019042935,4.831087890625,4.67650032043457,1.4717470775597306,0.04599209617374158,0.09198419234748316
1,32,32,0.25,0.2535,relu,3,1,34,1.062,109000,16,8000,250.0,2,0.1441247558593748,5.084310302734375,4.940185546875,0.5426772606664525,0.01695866439582664,0.03391732879165328
1,32,64,0.75,0.7602,identity,0,1,34,0.531,52000,16,8000,125.0,1,0.08932812118530276,5.48353369140625,5.394205570220947,1.1863547997801056,0.01853679374656415,0.01853679374656415
1,32,96,1.0,1.0,identity,4,1,1,0.01,18000,16,8000,83.3,1,0.027501895904540774,5.869845703125,5.842343807220459,86.8643490208833,0.9048369689675343,0.9048369689675343
1,32,64,1.0,1.0,relu,3,1,1,0.016,41000,16,8000,125.0,1,0.010094566345214773,6.335283203125,6.325188636779785,35.431142951223705,0.5536116086128704,0.5536116086128704
1,32,64,0.75,0.7506,identity,4,1,34,0.531,52500,16,8000,125.0,2,0.08519368743896472,5.469525390625,5.384331703186035,2.9654340830351846,0.04633490754742476,0.09266981509484952
1,32,64,0.25,0.2526,relu,1,1,34,0.531,63500,16,8000,125.0,1,0.15275939559936536,4.431196533203125,4.27843713760376,0.12166561633450701,0.001901025255226672,0.001901025255226672
1,32,64,0.25,0.2535,relu,3,1,34,0.531,62000,16,8000,125.0,2,0.11575048828125034,5.05593603515625,4.940185546875,0.19993474643613224,0.0031239804130645662,0.0062479608261291324
1,32,64,1.0,1.0,relu,1,1,1,0.016,45500,16,8000,125.0,1,0.010662414550781207,5.756534912109375,5.745872497558594,46.79787572968417,0.7312168082763152,0.7312168082763152
1,32,32,0.25,0.2526,relu,1,1,34,1.062,117500,16,8000,250.0,1,0.1639566612243648,4.442393798828125,4.27843713760376,0.19384057116640252,0.006057517848950079,0.006057517848950079
1,32,96,1.0,1.0,identity,0,1,1,0.01,27000,16,8000,83.3,1,0.02525540924072267,5.9525234375,5.927268028259277,70.53673176793862,0.734757622582694,0.734757622582694
1,32,16,0.75,0.7533,relu,3,1,34,2.125,139500,16,8000,500.0,2,0.21904909515380844,6.000177978515625,5.781128883361816,1.7350204521671106,0.10843877826044442,0.21687755652088883
1,32,32,0.75,0.7533,relu,3,1,34,1.062,112000,16,8000,250.0,2,0.1256074447631832,5.906736328125,5.781128883361816,0.8760400673762895,0.027376252105509046,0.05475250421101809
1,32,96,0.75,0.7493,identity,2,1,34,0.354,31000,16,8000,83.3,2,0.1181797790527348,5.697681884765625,5.579502105712891,2.6862546447391185,0.027981819216032485,0.05596363843206497
1,32,16,0.5,0.5036,relu,1,1,34,2.125,150000,16,8000,500.0,2,0.49653263854980434,5.173032958984375,4.67650032043457,2.6241708125343184,0.1640106757833949,0.3280213515667898
1,32,16,0.75,0.7529,relu,1,1,34,2.125,147500,16,8000,500.0,2,0.320408954620361,5.490341796875,5.169932842254639,4.035775764273157,0.2522359852670723,0.5044719705341446
1,32,96,1.0,1.0,relu,3,1,1,0.01,29000,16,8000,83.3,1,0.012178550720214787,6.3373671875,6.325188636779785,51.849253526057126,0.5400963908964284,0.5400963908964284
1,32,96,1.0,1.0,identity,2,1,1,0.01,32500,16,8000,83.3,1,0.02573384094238307,6.1431025390625,6.117368698120117,90.61793476961806,0.9439368205168548,0.9439368205168548
1,32,64,0.5,0.5046,relu,3,1,34,0.531,68500,16,8000,125.0,2,0.1060372543334962,5.4257861328125,5.319748878479004,0.454707647663197,0.007104806994737453,0.014209613989474906
1,32,96,0.0,0.0,relu,3,0,33,0.344,49500,16,8000,83.3,2,0.13598312759399445,4.75726904296875,4.621285915374756,0.33904667568491326,0.0035317362050511798,0.0070634724101023595
1,32,96,0.0,0.0,identity,2,0,33,0.344,52000,16,8000,83.3,1,0.15249498748779278,4.5304599609375,4.377964973449707,0.279204355858432,0.0029083787068586667,0.0029083787068586667
2,1,16,0.0,0.0,identity,0,0,3,0.188,40000,16,8000,500.0,2,0.027537780761718977,4.82661767578125,4.799079895019531,0.39453171112826446,0.02465823194551653,0.04931646389103306
1,32,64,0.5,0.5036,relu,1,1,34,0.531,76500,16,8000,125.0,2,0.13294181823730433,4.809442138671875,4.67650032043457,1.3946102745860198,0.02179078554040656,0.04358157108081312
1,32,96,0.5,0.5046,relu,3,1,34,0.354,43000,16,8000,83.3,2,0.12988417816162112,5.449633056640625,5.319748878479004,0.6073560999758107,0.006326626041414696,0.012653252082829391
1,32,96,0.25,0.2526,relu,1,1,34,0.354,50500,16,8000,83.3,1,0.17007409286498998,4.44851123046875,4.27843713760376,0.14694416270112837,0.0015306683614700872,0.0015306683614700872
1,32,96,0.5,0.4996,identity,2,1,34,0.354,47000,16,8000,83.3,1,0.13471559524536136,5.249686279296875,5.114970684051514,0.2642829664063373,0.0027529475667326803,0.0027529475667326803
1,32,64,0.75,0.7533,relu,3,1,34,0.531,72000,16,8000,125.0,2,0.10005544281005818,5.881184326171875,5.781128883361816,1.8778822334249594,0.02934190989726499,0.05868381979452998
1,32,96,0.0,0.0,identity,4,0,33,0.344,58500,16,8000,83.3,2,0.13554205322265656,4.452306884765625,4.316764831542969,0.5736353193842417,0.005975367910252518,0.011950735820505036
1,32,96,0.0,0.0,identity,0,0,33,0.344,66000,16,8000,83.3,1,0.14401271438598595,4.46583154296875,4.321818828582764,0.16762261499496905,0.0017460689061975943,0.0017460689061975943
1,32,96,0.0,0.0,relu,1,0,33,0.344,58500,16,8000,83.3,1,0.1666851043701172,4.1507568359375,3.984071731567383,0.14885804634765076,0.0015506046494546954,0.0015506046494546954
1,32,96,1.0,1.0,relu,1,1,1,0.01,41500,16,8000,83.3,1,0.011355529785156193,5.75722802734375,5.745872497558594,71.02293847886098,0.7398222758214685,0.7398222758214685
1,32,96,0.25,0.2535,relu,3,1,34,0.354,55000,16,8000,83.3,2,0.13538720703124962,5.07557275390625,4.940185546875,0.3601860145307921,0.0037519376513624175,0.007503875302724835
2,1,16,0.0,0.0,relu,3,0,3,0.188,45500,16,8000,500.0,3,0.021789608001708594,4.565889892578125,4.544100284576416,0.9788271668529159,0.061176697928307246,0.18353009378492174
1,32,64,0.75,0.7529,relu,1,1,34,0.531,81000,16,8000,125.0,2,0.10826051712036122,5.278193359375,5.169932842254639,2.701440388964642,0.04221000607757253,0.08442001215514507
1,32,96,0.75,0.7602,identity,0,1,34,0.354,52000,16,8000,83.3,1,0.10284789657592786,5.497053466796875,5.394205570220947,1.176987378723562,0.012260285195037105,0.012260285195037105
1,32,96,0.5,0.5009,identity,4,1,34,0.354,58500,16,8000,83.3,1,0.11933781814575184,5.1030791015625,4.983741283416748,0.3451835909038514,0.0035956624052484523,0.0035956624052484523
1,32,96,0.5,0.5121,identity,0,1,34,0.354,63000,16,8000,83.3,1,0.1242040367126469,5.0646513671875,4.9404473304748535,0.22304204130830296,0.002323354596961489,0.002323354596961489
1,32,96,0.75,0.7529,relu,1,1,34,0.354,55000,16,8000,83.3,2,0.13099538040161107,5.30092822265625,5.169932842254639,5.35343418495615,0.05576493942662656,0.11152987885325312
2,1,16,0.0,0.0,relu,1,0,3,0.188,55000,16,8000,500.0,3,0.019988952636718516,4.760383544921875,4.740394592285156,0.3864442201645077,0.02415276376028173,0.07245829128084519
2,1,16,0.0,0.0,identity,4,0,3,0.188,59000,16,8000,500.0,2,0.025121196746826335,4.077310546875,4.052189350128174,0.2933970200713189,0.01833731375445743,0.03667462750891486
1,32,96,0.5,0.5036,relu,1,1,34,0.354,62500,16,8000,83.3,2,0.15384489440917992,4.83034521484375,4.67650032043457,1.9538870944880549,0.020352990567583905,0.04070598113516781
2,1,16,0.25,0.2619,identity,2,1,4,0.25,52500,16,8000,500.0,2,0.027942008972168253,4.71483642578125,4.686894416809082,0.6601439016918464,0.0412589938557404,0.0825179877114808
2,1,16,1.0,1.0,identity,4,1,1,0.062,33500,16,8000,500.0,1,0.012441226959228224,5.56378466796875,5.5513434410095215,8.217276144593912,0.5135797590371195,0.5135797590371195
2,1,16,1.0,1.0,relu,1,1,1,0.062,31000,16,8000,500.0,1,0.00993221282958956,6.15442626953125,6.14449405670166,14.104188825060747,0.8815118015662967,0.8815118015662967
2,1,16,0.75,0.7624,identity,2,1,4,0.25,44500,16,8000,500.0,2,0.026651950836181548,5.5169716796875,5.490319728851318,0.7314035018524867,0.04571271886578042,0.09142543773156084
1,32,96,0.75,0.7506,identity,4,1,34,0.354,63500,16,8000,83.3,1,0.09456233978271467,5.47889404296875,5.384331703186035,1.911765322648471,0.019914222110921573,0.019914222110921573
2,1,16,0.25,0.258,identity,0,1,4,0.25,64000,16,8000,500.0,2,0.025951896667480767,4.92895654296875,4.9030046463012695,0.42890446662170484,0.026806529163856552,0.053613058327713105
1,32,96,0.75,0.7533,relu,3,1,34,0.354,62000,16,8000,83.3,2,0.11570705413818327,5.8968359375,5.781128883361816,3.6665850762159296,0.03819359454391593,0.07638718908783186
2,1,16,0.25,0.2503,relu,3,1,4,0.25,53500,16,8000,500.0,3,0.02348823547363299,4.890704345703125,4.867216110229492,1.0704611945130458,0.06690382465706536,0.2007114739711961
2,1,16,0.5,0.516,identity,2,1,4,0.25,52500,16,8000,500.0,2,0.02722332382202186,5.05589697265625,5.0286736488342285,0.35780849054888436,0.022363030659305273,0.044726061318610545
2,1,16,0.5,0.5003,relu,3,1,4,0.25,50000,16,8000,500.0,3,0.02508214950561527,5.259757080078125,5.23467493057251,1.176707029344208,0.073544189334013,0.22063256800203898
2,1,16,0.5,0.5013,relu,1,1,4,0.25,52000,16,8000,500.0,3,0.023303920745849638,5.449633056640625,5.426329135894775,1.3592759716796559,0.08495474822997849,0.25486424468993546
2,1,16,0.5,0.5111,identity,0,1,4,0.25,55500,16,8000,500.0,2,0.026727989196777102,5.20572216796875,5.178994178771973,0.36358289241343905,0.02272393077583994,0.04544786155167988
2,1,16,1.0,1.0,relu,3,1,1,0.062,39000,16,8000,500.0,1,0.009377021789550355,6.16752197265625,6.158144950866699,14.83191911434203,0.9269949446463769,0.9269949446463769
2,1,16,0.25,0.253,identity,4,1,4,0.25,61000,16,8000,500.0,2,0.02806747436523427,4.35003173828125,4.321964263916016,0.3528289229890079,0.022051807686812995,0.04410361537362599
2,1,16,0.5,0.5037,identity,4,1,4,0.25,57500,16,8000,500.0,2,0.027439311981201087,4.793678955078125,4.766239643096924,0.06336171096049392,0.00396010693503087,0.00792021387006174
1,32,96,0.25,0.2507,identity,4,1,34,0.354,81000,16,8000,83.3,1,0.12359642791748016,4.77525830078125,4.6516618728637695,0.4119440092877601,0.004291083430080834,0.004291083430080834
2,1,16,0.25,0.2508,relu,1,1,4,0.25,61500,16,8000,500.0,3,0.021879280090332465,5.11489208984375,5.093012809753418,1.1593774035170707,0.07246108771981692,0.21738326315945078
2,1,16,0.0,0.0,identity,2,0,3,0.188,74000,16,8000,500.0,2,0.021125713348388864,4.528591552734375,4.507465839385986,0.30321400769927676,0.018950875481204797,0.037901750962409594
2,1,16,0.75,0.7524,identity,4,1,4,0.25,54000,16,8000,500.0,2,0.024270626068115142,5.17871484375,5.154444217681885,0.20675051570423553,0.01292190723151472,0.02584381446302944
1,32,96,0.25,0.2584,identity,0,1,34,0.354,87000,16,8000,83.3,1,0.13071390151977536,4.72043701171875,4.589723110198975,0.13676265282599206,0.0014246109669374173,0.0014246109669374173
2,1,16,1.0,1.0,identity,2,1,1,0.062,49500,16,8000,500.0,1,0.010260940551757969,5.793828369140625,5.783567428588867,1.0753841202625842,0.06721150751641151,0.06721150751641151
2,1,32,0.25,0.2508,relu,1,1,4,0.125,36000,16,8000,250.0,4,0.026993782043456704,5.120006591796875,5.093012809753418,0.5346196843085785,0.01670686513464308,0.06682746053857232
2,1,32,0.25,0.258,identity,0,1,4,0.125,39000,16,8000,250.0,2,0.034714103698730625,4.93771875,4.9030046463012695,0.9189118443850336,0.0287159951370323,0.0574319902740646
1,32,96,0.25,0.2499,identity,2,1,34,0.354,88500,16,8000,83.3,1,0.1295908584594727,4.8544052734375,4.724814414978027,0.18399767463938735,0.0019166424441602848,0.0019166424441602848
2,1,32,0.0,0.0,identity,2,0,3,0.094,46500,16,8000,250.0,2,0.029199932098388892,4.536665771484375,4.507465839385986,0.645891583033502,0.02018411196979694,0.04036822393959388
2,1,32,0.0,0.0,identity,4,0,3,0.094,44500,16,8000,250.0,2,0.030321147918701108,4.082510498046875,4.052189350128174,0.9644796440618829,0.03013998887693384,0.06027997775386768
2,1,32,0.5,0.5111,identity,0,1,4,0.125,37000,16,8000,250.0,2,0.03408150482177774,5.21307568359375,5.178994178771973,0.4967265383604459,0.015522704323763934,0.031045408647527868
2,1,16,1.0,1.0,identity,0,1,1,0.062,55000,16,8000,500.0,1,0.010172237396240291,5.990422119140625,5.980249881744385,5.893448033077028,0.3683405020673142,0.3683405020673142
2,1,32,0.0,0.0,relu,1,0,3,0.094,46000,16,8000,250.0,4,0.022367614746094056,4.76276220703125,4.740394592285156,0.6515685570314261,0.020361517407232067,0.08144606962892827
2,1,16,0.75,0.759,identity,0,1,4,0.25,64500,16,8000,500.0,2,0.021721473693848026,5.521682373046875,5.499960899353027,0.21016943105349795,0.013135589440843622,0.026271178881687243
2,1,16,0.75,0.7501,relu,3,1,4,0.25,57500,16,8000,500.0,3,0.0218604507446285,5.679986328125,5.658125877380371,1.2045650999098128,0.0752853187443633,0.2258559562330899
2,1,32,0.0,0.0,relu,3,0,3,0.094,46500,16,8000,250.0,3,0.022837703704833956,4.56693798828125,4.544100284576416,0.7089087904611708,0.02215339970191159,0.06646019910573477
2,1,32,0.5,0.5013,relu,1,1,4,0.125,39000,16,8000,250.0,4,0.027073696136474368,5.45340283203125,5.426329135894775,1.2180688379648896,0.0380646511864028,0.1522586047456112
2,1,32,0.0,0.0,identity,0,0,3,0.094,55500,16,8000,250.0,2,0.02611761474609331,4.825197509765625,4.799079895019531,0.31083525272215684,0.009713601647567401,0.019427203295134803
2,1,32,1.0,1.0,identity,4,1,1,0.031,27000,16,8000,250.0,1,0.015326480865478942,5.566669921875,5.5513434410095215,21.042392319954633,0.6575747599985823,0.6575747599985823
2,1,32,0.25,0.2503,relu,3,1,4,0.125,46000,16,8000,250.0,3,0.026568557739257592,4.89378466796875,4.867216110229492,0.29840632102909603,0.009325197532159251,0.027975592596477753
2,1,32,1.0,1.0,identity,2,1,1,0.031,35500,16,8000,250.0,1,0.013730911254882905,5.79729833984375,5.783567428588867,13.423513104009952,0.419484784500311,0.419484784500311
2,1,16,0.75,0.7513,relu,1,1,4,0.25,68000,16,8000,500.0,3,0.019763092041015895,5.80601416015625,5.786251068115234,1.5965280125771926,0.09978300078607454,0.2993490023582236
2,1,32,0.75,0.7624,identity,2,1,4,0.125,44500,16,8000,250.0,3,0.028291599273681634,5.518611328125,5.490319728851318,1.4463436692023806,0.04519823966257439,0.13559471898772318
2,1,32,0.5,0.5003,relu,3,1,4,0.125,45500,16,8000,250.0,3,0.02671422958374059,5.26138916015625,5.23467493057251,1.370014123112208,0.0428129413472565,0.1284388240417695
2,1,32,0.25,0.253,identity,4,1,4,0.125,56000,16,8000,250.0,2,0.03183212280273473,4.35379638671875,4.321964263916016,0.5402435600238488,0.016882611250745274,0.03376522250149055
2,1,32,0.75,0.7501,relu,3,1,4,0.125,39000,16,8000,250.0,3,0.025091163635253544,5.683217041015625,5.658125877380371,2.7867020526871737,0.08708443914647418,0.26125331743942254
2,1,32,0.5,0.516,identity,2,1,4,0.125,52500,16,8000,250.0,2,0.029583187103271236,5.0582568359375,5.0286736488342285,0.5883185078556457,0.018384953370488927,0.036769906740977853
2,1,32,1.0,1.0,relu,3,1,1,0.031,34500,16,8000,250.0,1,0.009926582336425405,6.168071533203125,6.158144950866699,29.338613011635776,0.916831656613618,0.916831656613618
2,1,64,0.25,0.2508,relu,1,1,4,0.062,26000,16,8000,125.0,4,0.034176155090332117,5.12718896484375,5.093012809753418,0.6403149831358962,0.010004921611498378,0.04001968644599351
2,1,32,0.25,0.2619,identity,2,1,4,0.125,59000,16,8000,250.0,2,0.028577262878417997,4.7154716796875,4.686894416809082,0.4880902297908478,0.015252819680963994,0.03050563936192799
2,1,32,1.0,1.0,relu,1,1,1,0.031,36500,16,8000,250.0,1,0.009729576110840021,6.1542236328125,6.14449405670166,25.47440876991628,0.7960752740598838,0.7960752740598838
2,1,32,0.75,0.7524,identity,4,1,4,0.125,48000,16,8000,250.0,2,0.028875850677490433,5.183320068359375,5.154444217681885,1.6371296991340316,0.05116030309793849,0.10232060619587698
2,1,64,0.0,0.0,identity,4,0,3,0.047,35000,16,8000,125.0,2,0.03877451705932611,4.0909638671875,4.052189350128174,4.859181855753782,0.07592471649615284,0.1518494329923057
2,1,64,1.0,1.0,identity,4,1,1,0.016,22000,16,8000,125.0,1,0.02123370742797892,5.5725771484375,5.5513434410095215,32.87654142848104,0.5136959598200163,0.5136959598200163
2,1,32,1.0,1.0,identity,0,1,1,0.031,45000,16,8000,250.0,1,0.013138057708740547,5.993387939453125,5.980249881744385,14.87648178531551,0.4648900557911097,0.4648900557911097
2,1,64,0.5,0.516,identity,2,1,4,0.062,30000,16,8000,125.0,2,0.043958675384521584,5.07263232421875,5.0286736488342285,0.2935149486938798,0.004586171073341872,0.009172342146683743
2,1,32,0.75,0.759,identity,0,1,4,0.125,53000,16,8000,250.0,2,0.02620194244384777,5.526162841796875,5.499960899353027,1.8081379499848984,0.056504310937028075,0.11300862187405615
2,1,32,0.75,0.7513,relu,1,1,4,0.125,50500,16,8000,250.0,3,0.023178619384765398,5.8094296875,5.786251068115234,3.2022885710893405,0.10007151784654189,0.3002145535396257
2,1,64,1.0,1.0,identity,2,1,1,0.016,30000,16,8000,125.0,1,0.02038935852050816,5.803956787109375,5.783567428588867,19.765483468642262,0.30883567919753535,0.30883567919753535
2,1,64,0.0,0.0,identity,0,0,3,0.047,46000,16,8000,125.0,2,0.03531268310546842,4.834392578125,4.799079895019531,0.9475774965996623,0.014805898384369723,0.029611796768739446
2,1,64,0.0,0.0,identity,2,0,3,0.047,46500,16,8000,125.0,2,0.035282695770264105,4.54274853515625,4.507465839385986,0.27889213273943836,0.004357689574053724,0.008715379148107449
2,1,64,0.25,0.2503,relu,3,1,4,0.062,38000,16,8000,125.0,4,0.030939895629883196,4.898156005859375,4.867216110229492,1.153747604101484,0.018027306314085688,0.07210922525634275
2,1,64,0.5,0.5013,relu,1,1,4,0.062,36000,16,8000,125.0,4,0.031181118011474496,5.45751025390625,5.426329135894775,1.2832659268989461,0.020051030107796033,0.08020412043118413
2,1,32,0.5,0.5037,identity,4,1,4,0.125,69500,16,8000,250.0,2,0.028387798309326584,4.79462744140625,4.766239643096924,0.5137049716637313,0.016053280364491603,0.032106560728983206
2,1,64,1.0,1.0,relu,1,1,1,0.016,31000,16,8000,125.0,1,0.011184654235839808,6.1556787109375,6.14449405670166,54.331823339730484,0.8489347396832888,0.8489347396832888
2,1,64,1.0,1.0,identity,0,1,1,0.016,35000,16,8000,125.0,1,0.019501827239990277,5.999751708984375,5.980249881744385,33.26324369853438,0.5197381827895997,0.5197381827895997
2,1,64,0.75,0.759,identity,0,1,4,0.062,39500,16,8000,125.0,2,0.03729959869384736,5.537260498046875,5.499960899353027,3.895205808003969,0.060862590750062014,0.12172518150012403
2,1,64,0.0,0.0,relu,3,0,3,0.047,44000,16,8000,125.0,4,0.024597713470458693,4.568697998046875,4.544100284576416,0.9790544008520883,0.01529772501331388,0.06119090005325552
2,1,64,0.75,0.7624,identity,2,1,4,0.062,42000,16,8000,125.0,2,0.03548837661743143,5.52580810546875,5.490319728851318,1.9649477971106915,0.030702309329854554,0.06140461865970911
2,1,64,1.0,1.0,relu,3,1,1,0.016,34500,16,8000,125.0,1,0.010486152648925717,6.168631103515625,6.158144950866699,53.20893932265943,0.8313896769165536,0.8313896769165536
2,1,64,0.25,0.253,identity,4,1,4,0.062,50500,16,8000,125.0,2,0.039442230224609354,4.361406494140625,4.321964263916016,1.8845799617240766,0.029446561901938697,0.058893123803877394
2,1,96,0.25,0.253,identity,4,1,4,0.042,30000,16,8000,83.3,2,0.05266561889648447,4.3746298828125,4.321964263916016,1.0236944884206314,0.010663484254381577,0.021326968508763155
2,1,64,0.0,0.0,relu,1,0,3,0.047,49500,16,8000,125.0,3,0.025223815917969183,4.765618408203125,4.740394592285156,0.5670445421334721,0.008860070970835502,0.026580212912506507
2,1,96,0.0,0.0,identity,2,0,3,0.031,34000,16,8000,83.3,2,0.04508982467651368,4.5525556640625,4.507465839385986,5.761674137852311,0.06001743893596157,0.12003487787192314
2,1,64,0.75,0.7501,relu,3,1,4,0.062,40500,16,8000,125.0,4,0.027441749572753693,5.685567626953125,5.658125877380371,5.291115847081333,0.08267368511064582,0.3306947404425833
2,1,64,0.25,0.2619,identity,2,1,4,0.062,53000,16,8000,125.0,2,0.03534654998779274,4.722240966796875,4.686894416809082,0.3162020867877495,0.004940657606058586,0.009881315212117173
2,1,64,0.25,0.258,identity,0,1,4,0.062,54000,16,8000,125.0,2,0.03710717010498055,4.94011181640625,4.9030046463012695,1.8253073531602528,0.02852042739312895,0.0570408547862579
2,1,96,1.0,1.0,identity,4,1,1,0.01,22000,16,8000,83.3,1,0.02828863906860324,5.579632080078125,5.5513434410095215,63.065320430666425,0.6569304211527752,0.6569304211527752
2,1,64,0.75,0.7524,identity,4,1,4,0.062,46500,16,8000,125.0,2,0.03480260848998995,5.189246826171875,5.154444217681885,2.582810355112418,0.04035641179863153,0.08071282359726306
2,1,96,1.0,1.0,identity,2,1,1,0.01,22500,16,8000,83.3,1,0.028061233520507933,5.811628662109375,5.783567428588867,35.70694569794462,0.37194735102025644,0.37194735102025644
2,1,96,0.5,0.5013,relu,1,1,4,0.042,27500,16,8000,83.3,4,0.03646578598022465,5.462794921875,5.426329135894775,3.0523588176221796,0.03179540435023104,0.12718161740092415
2,1,96,0.0,0.0,relu,1,0,3,0.031,35500,16,8000,83.3,3,0.030062927246094162,4.77045751953125,4.740394592285156,1.0205938870686797,0.01063118632363208,0.03189355897089624
2,1,64,0.5,0.5003,relu,3,1,4,0.062,50000,16,8000,125.0,4,0.03036120223999017,5.2650361328125,5.23467493057251,2.2775529445334763,0.03558676475833557,0.14234705903334227
2,1,96,0.75,0.7624,identity,2,1,4,0.042,30500,16,8000,83.3,2,0.04706088638305683,5.537380615234375,5.490319728851318,3.0266673193432725,0.03152778457649242,0.06305556915298484
2,1,64,0.5,0.5111,identity,0,1,4,0.062,57500,16,8000,125.0,2,0.03550191497802757,5.21449609375,5.178994178771973,1.6198381645496607,0.025309971321088448,0.050619942642176896
2,1,64,0.5,0.5037,identity,4,1,4,0.062,56500,16,8000,125.0,2,0.03773618698120096,4.803975830078125,4.766239643096924,0.8854294638881425,0.013834835373252226,0.027669670746504452
2,1,96,0.0,0.0,identity,0,0,3,0.031,50000,16,8000,83.3,2,0.04056195068359347,4.839641845703125,4.799079895019531,2.290103464157969,0.023855244418312178,0.047710488836624355
2,1,96,1.0,1.0,relu,1,1,1,0.01,29500,16,8000,83.3,1,0.012300376892089737,6.15679443359375,6.14449405670166,82.26030905926076,0.8568782193672996,0.8568782193672996
2,1,96,0.75,0.7501,relu,3,1,4,0.042,33500,16,8000,83.3,4,0.032806739807129226,5.6909326171875,5.658125877380371,5.742002244097579,0.059812523376016447,0.23925009350406579
2,1,96,0.75,0.7513,relu,1,1,4,0.042,34500,16,8000,83.3,4,0.030473297119140597,5.816724365234375,5.786251068115234,6.058579799141816,0.06311020624106058,0.2524408249642423
2,1,96,0.75,0.759,identity,0,1,4,0.042,39500,16,8000,83.3,2,0.043802040100097805,5.543762939453125,5.499960899353027,8.740447611532211,0.09104632928679386,0.18209265857358772
2,1,96,0.5,0.5003,relu,3,1,4,0.042,37000,16,8000,83.3,4,0.0344691123962404,5.26914404296875,5.23467493057251,2.5987542315813137,0.027070356578972016,0.10828142631588807
2,1,96,0.0,0.0,relu,3,0,3,0.031,46500,16,8000,83.3,3,0.027050594329834254,4.57115087890625,4.544100284576416,1.4030817062136829,0.014615434439725863,0.04384630331917758
2,1,96,0.0,0.0,identity,4,0,3,0.031,53000,16,8000,83.3,2,0.0418371391296386,4.094026489257812,4.052189350128174,4.981493649017292,0.051890558843930124,0.10378111768786025
2,1,96,0.25,0.258,identity,0,1,4,0.042,51500,16,8000,83.3,2,0.04539916229248053,4.94840380859375,4.9030046463012695,1.433831155355,0.014935741201614583,0.029871482403229167
2,1,96,0.5,0.5037,identity,4,1,4,0.042,46000,16,8000,83.3,2,0.04753086471557655,4.8137705078125,4.766239643096924,0.8531967477318155,0.008887466122206412,0.017774932244412824
2,1,96,1.0,1.0,identity,0,1,1,0.01,42500,16,8000,83.3,1,0.025105098724365504,6.00535498046875,5.980249881744385,39.12364111420745,0.4075379282729943,0.4075379282729943
2,1,96,0.25,0.2503,relu,3,1,4,0.042,45500,16,8000,83.3,4,0.0331110382080082,4.9003271484375,4.867216110229492,2.283616500213942,0.023787671877228564,0.09515068750891426
2,1,96,0.25,0.2619,identity,2,1,4,0.042,53000,16,8000,83.3,2,0.04380040740966784,4.73069482421875,4.686894416809082,3.6544763642043154,0.03806746212712828,0.07613492425425657
2,1,96,1.0,1.0,relu,3,1,1,0.01,38000,16,8000,83.3,1,0.011820381164550753,6.16996533203125,6.158144950866699,83.19815834670722,0.8666474827782001,0.8666474827782001
2,1,96,0.75,0.7524,identity,4,1,4,0.042,46500,16,8000,83.3,2,0.042988887786865604,5.19743310546875,5.154444217681885,17.001980447041447,0.17710396299001507,0.35420792598003015
2,1,96,0.25,0.2508,relu,1,1,4,0.042,51500,16,8000,83.3,3,0.028991340637206875,5.122004150390625,5.093012809753418,0.6725433100990883,0.0070056594801988364,0.02101697844059651
2,2,16,0.0,0.0,identity,0,0,4,0.25,48000,16,8000,500.0,2,0.033430934906006016,4.5855458984375,4.552114963531494,0.15248022290304816,0.00953001393144051,0.01906002786288102
2,1,96,0.5,0.516,identity,2,1,4,0.042,52500,16,8000,83.3,2,0.043406185150146825,5.072079833984375,5.0286736488342285,5.430733267771973,0.05657013820595805,0.1131402764119161
2,1,64,0.75,0.7513,relu,1,1,4,0.062,68000,16,8000,125.0,4,0.024601715087890774,5.810852783203125,5.786251068115234,4.080499139851516,0.06375779906017993,0.25503119624071974
2,1,96,0.5,0.5111,identity,0,1,4,0.042,59000,16,8000,83.3,2,0.04142549896240233,5.220419677734375,5.178994178771973,0.23054049862170678,0.0024014635273094456,0.004802927054618891
2,2,16,0.0,0.0,relu,3,0,4,0.25,52000,16,8000,500.0,3,0.028444450378417585,4.5385810546875,4.510136604309082,0.4035547725632937,0.025222173285205856,0.07566651985561756
2,2,16,1.0,1.0,identity,0,2,2,0.125,42000,16,8000,500.0,1,0.013626712799072571,5.860571044921875,5.846944332122803,12.742447004643763,0.7964029377902352,0.7964029377902352
2,2,16,0.75,0.7611,identity,2,2,6,0.375,45500,16,8000,500.0,2,0.03600176239013653,5.32257421875,5.286572456359863,0.16212965671502533,0.010133103544689083,0.020266207089378166
2,2,16,0.0,0.0,relu,1,0,4,0.25,57000,16,8000,500.0,3,0.027450626373290987,4.623670166015625,4.596219539642334,0.24752738440969166,0.015470461525605729,0.046411384576817184
2,2,16,0.0,0.0,identity,4,0,4,0.25,66000,16,8000,500.0,2,0.029785060882568715,4.179037475585938,4.149252414703369,0.33321088367794655,0.02082568022987166,0.04165136045974332
2,2,32,0.0,0.0,relu,1,0,4,0.125,41500,16,8000,250.0,3,0.03321258926391568,4.62943212890625,4.596219539642334,0.19127140434397372,0.005977231385749179,0.017931694157247536
2,2,16,0.0,0.0,identity,2,0,4,0.25,69000,16,8000,500.0,2,0.028418163299560817,4.40428076171875,4.3758625984191895,0.2327528612787565,0.014547053829922281,0.029094107659844562
2,2,32,0.25,0.2574,identity,0,2,6,0.188,45000,16,8000,250.0,2,0.04201163482666015,4.773982421875,4.73197078704834,0.471658961962518,0.014739342561328687,0.029478685122657375
2,2,32,0.25,0.2612,identity,2,2,6,0.188,41000,16,8000,250.0,2,0.04504727554321253,4.62209033203125,4.577043056488037,0.18112881766211064,0.0056602755519409576,0.011320551103881915
2,2,16,1.0,1.0,identity,4,2,2,0.125,54500,16,8000,500.0,1,0.015268676757812294,5.80248486328125,5.7872161865234375,7.29972023476281,0.4562325146726756,0.4562325146726756
2,2,32,0.5,0.5091,identity,0,2,6,0.188,38500,16,8000,250.0,2,0.04309125900268551,5.05747314453125,5.0143818855285645,0.7157802555205647,0.022368132985017646,0.04473626597003529
2,2,32,0.75,0.7611,identity,2,2,6,0.188,33000,16,8000,250.0,3,0.04508818817138671,5.33166064453125,5.286572456359863,1.199486227476162,0.03748394460863006,0.11245183382589019
2,2,16,0.25,0.2612,identity,2,2,6,0.375,67000,16,8000,500.0,2,0.03373672866821309,4.61077978515625,4.577043056488037,0.14106554851405362,0.008816596782128351,0.017633193564256702
2,2,16,0.25,0.2574,identity,0,2,6,0.375,71500,16,8000,500.0,2,0.03244571685790998,4.76441650390625,4.73197078704834,0.06465473270676522,0.004040920794172826,0.008081841588345653
2,2,16,1.0,1.0,relu,3,2,2,0.125,54500,16,8000,500.0,1,0.013755130767822088,6.029400634765625,6.015645503997803,8.414936312185263,0.525933519511579,0.525933519511579
2,2,32,0.0,0.0,relu,3,0,4,0.125,49500,16,8000,250.0,3,0.02999108123779326,4.540127685546875,4.510136604309082,0.9211044508470881,0.028784514088971504,0.08635354226691451
2,2,16,1.0,1.0,relu,1,2,2,0.125,54000,16,8000,500.0,1,0.009517024993896506,6.338483642578125,6.3289666175842285,14.251535625657866,0.8907209766036166,0.8907209766036166
2,2,32,0.0,0.0,identity,2,0,4,0.125,52500,16,8000,250.0,2,0.034385692596435646,4.410248291015625,4.3758625984191895,0.3700026825748556,0.011562583830464237,0.023125167660928474
2,2,16,0.25,0.2527,identity,4,2,6,0.375,69000,16,8000,500.0,2,0.03299684906005851,4.47382421875,4.440827369689941,0.25421150897296246,0.015888219310810154,0.03177643862162031
2,2,16,1.0,1.0,identity,2,2,2,0.125,59000,16,8000,500.0,1,0.01643160247802733,5.697134765625,5.680703163146973,2.629921828678839,0.16437011429242743,0.16437011429242743
2,2,16,0.5,0.5091,identity,0,2,6,0.375,68500,16,8000,500.0,2,0.031672557830810355,5.046054443359375,5.0143818855285645,0.2073532814009947,0.01295958008756217,0.02591916017512434
2,2,32,0.5,0.5033,identity,4,2,6,0.188,43000,16,8000,250.0,2,0.04378464126586934,4.85125830078125,4.807473659515381,0.10993473967391486,0.0034354606148098393,0.006870921229619679
2,2,16,0.5,0.5148,identity,2,2,6,0.375,67500,16,8000,500.0,2,0.03304077911376968,4.952759521484375,4.9197187423706055,0.34404341160034085,0.021502713225021303,0.04300542645004261
2,2,32,0.25,0.2527,identity,4,2,6,0.188,46500,16,8000,250.0,2,0.04289553070068397,4.483722900390625,4.440827369689941,0.1663472006791543,0.0051983500212235715,0.010396700042447143
2,2,32,0.5,0.5148,identity,2,2,6,0.188,45000,16,8000,250.0,2,0.04385010528564415,4.96356884765625,4.9197187423706055,0.5604838636641672,0.017515120739505226,0.03503024147901045
2,2,32,0.0,0.0,identity,0,0,4,0.125,56500,16,8000,250.0,2,0.03386452865600553,4.5859794921875,4.552114963531494,0.32136454768122624,0.01004264211503832,0.02008528423007664
2,2,16,0.75,0.756,identity,0,2,6,0.375,65500,16,8000,500.0,2,0.02735845184326191,5.430447021484375,5.403088569641113,1.0482668141438778,0.06551667588399236,0.13103335176798472
2,2,32,0.75,0.756,identity,0,2,6,0.188,41000,16,8000,250.0,2,0.03713726043701193,5.440225830078125,5.403088569641113,1.7175703946076817,0.05367407483149005,0.1073481496629801
2,2,16,0.5,0.5033,identity,4,2,6,0.375,70500,16,8000,500.0,2,0.03272555923461873,4.84019921875,4.807473659515381,0.03376775542448541,0.002110484714030338,0.004220969428060676
2,2,16,0.5,0.5015,relu,1,2,6,0.375,66000,16,8000,500.0,3,0.029383144378662074,5.329171142578125,5.299787998199463,0.6479032757699167,0.04049395473561979,0.12148186420685939
2,2,16,0.25,0.2503,relu,3,2,6,0.375,71500,16,8000,500.0,3,0.030843116760253864,4.95291552734375,4.922072410583496,0.4144063401901743,0.025900396261885894,0.07770118878565768
2,2,32,1.0,1.0,relu,1,2,2,0.062,36000,16,8000,250.0,1,0.012216732025146726,6.341183349609375,6.3289666175842285,28.439906413064495,0.8887470754082655,0.8887470754082655
2,2,32,0.25,0.251,relu,1,2,6,0.188,49500,16,8000,250.0,3,0.034392807006836,4.934335205078125,4.899942398071289,0.4663333500254441,0.014572917188295129,0.04371875156488539
2,2,32,0.5,0.5005,relu,3,2,6,0.188,45000,16,8000,250.0,3,0.035763973236083935,5.273864501953125,5.238100528717041,1.3387495874534048,0.0418359246079189,0.1255077738237567
2,2,32,1.0,1.0,identity,2,2,2,0.062,40500,16,8000,250.0,2,0.020985069274902735,5.701688232421875,5.680703163146973,5.079977030114427,0.15874928219107584,0.3174985643821517
2,2,16,0.75,0.7519,identity,4,2,6,0.375,70000,16,8000,500.0,2,0.028891674041748416,5.31388818359375,5.284996509552002,0.043213309314801794,0.002700831832175112,0.005401663664350224
2,2,32,1.0,1.0,identity,4,2,2,0.062,41000,16,8000,250.0,1,0.01914660644531274,5.80636279296875,5.7872161865234375,17.535311796875206,0.5479784936523502,0.5479784936523502
2,2,32,0.0,0.0,identity,4,0,4,0.125,62500,16,8000,250.0,2,0.033023464202880604,4.18227587890625,4.149252414703369,0.17661661527325576,0.005519269227289242,0.011038538454578485
2,2,16,0.25,0.251,relu,1,2,6,0.375,77000,16,8000,500.0,3,0.02812278747558583,4.928065185546875,4.899942398071289,0.40706573213993485,0.02544160825874593,0.07632482477623778
2,2,32,1.0,1.0,identity,0,2,2,0.062,43000,16,8000,250.0,1,0.015777591705322003,5.862721923828125,5.846944332122803,24.669030630009704,0.7709072071878033,0.7709072071878033
2,2,32,0.25,0.2503,relu,3,2,6,0.188,52000,16,8000,250.0,3,0.03586777496337934,4.957940185546875,4.922072410583496,0.5104827828670367,0.015952586964594898,0.0478577608937847
2,2,32,0.75,0.7513,relu,1,2,6,0.188,46000,16,8000,250.0,3,0.030160484313964453,5.83667236328125,5.806511878967285,1.239460613640961,0.03873314417628003,0.11619943252884009
2,2,32,1.0,1.0,relu,3,2,2,0.062,38000,16,8000,250.0,1,0.01706372451782201,6.032709228515625,6.015645503997803,15.83242923252391,0.4947634135163722,0.4947634135163722
2,2,32,0.75,0.7519,identity,4,2,6,0.188,47500,16,8000,250.0,3,0.038279857635497905,5.3232763671875,5.284996509552002,2.094322912183857,0.06544759100574553,0.19634277301723657
2,2,16,0.75,0.7505,relu,3,2,6,0.375,70000,16,8000,500.0,3,0.028839900970458743,5.606204345703125,5.577364444732666,1.4798293697560514,0.09248933560975321,0.27746800682925965
2,2,32,0.5,0.5015,relu,1,2,6,0.188,53500,16,8000,250.0,3,0.03286361312866237,5.332651611328125,5.299787998199463,0.6087683997748551,0.01902401249296422,0.05707203747889267
2,2,16,0.75,0.7513,relu,1,2,6,0.375,74500,16,8000,500.0,3,0.02495760345458997,5.831469482421875,5.806511878967285,0.9087430483373765,0.05679644052108603,0.1703893215632581
2,2,64,0.0,0.0,identity,2,0,4,0.062,33000,16,8000,125.0,2,0.04791767501831057,4.4237802734375,4.3758625984191895,0.6025434713378401,0.009414741739653752,0.018829483479307504
2,2,32,0.75,0.7505,relu,3,2,6,0.188,51000,16,8000,250.0,3,0.032054012298583956,5.60941845703125,5.577364444732666,2.418916398849909,0.07559113746405965,0.22677341239217896
2,2,16,0.5,0.5005,relu,3,2,6,0.375,81500,16,8000,500.0,2,0.029181941986084148,5.267282470703125,5.238100528717041,0.6994946332490768,0.0437184145780673,0.0874368291561346
2,2,64,0.0,0.0,identity,0,0,4,0.062,46000,16,8000,125.0,2,0.04331740951538077,4.595432373046875,4.552114963531494,0.6559996936052493,0.010249995212582021,0.020499990425164042
2,2,64,0.0,0.0,relu,1,0,4,0.062,39500,16,8000,125.0,3,0.037220890045166044,4.6334404296875,4.596219539642334,0.43665665374577906,0.006822760214777798,0.020468280644333394
2,2,64,0.25,0.2503,relu,3,2,6,0.094,32500,16,8000,125.0,3,0.045536476135254134,4.96760888671875,4.922072410583496,0.4045261541590641,0.006320721158735377,0.01896216347620613
2,2,64,0.25,0.251,relu,1,2,6,0.094,33500,16,8000,125.0,3,0.04399339294433613,4.943935791015625,4.899942398071289,0.8349356167456019,0.01304586901165003,0.03913760703495009
2,2,64,0.25,0.2612,identity,2,2,6,0.094,38500,16,8000,125.0,2,0.05352945327758807,4.630572509765625,4.577043056488037,0.1646066228496404,0.002571978482025631,0.005143956964051262
2,2,64,0.0,0.0,relu,3,0,4,0.062,42500,16,8000,125.0,3,0.03519420623779279,4.545330810546875,4.510136604309082,0.5845075456618863,0.009132930400966974,0.027398791202900924
2,2,64,0.5,0.5091,identity,0,2,6,0.094,38500,16,8000,125.0,2,0.0504071769714356,5.0647890625,5.0143818855285645,0.9094621521934465,0.014210346128022602,0.028420692256045203
2,2,64,0.75,0.7505,relu,3,2,6,0.094,35500,16,8000,125.0,3,0.04161529159545907,5.618979736328125,5.577364444732666,3.8458093718465256,0.06009077143510196,0.18027231430530588
2,2,64,0.75,0.7513,relu,1,2,6,0.094,36500,16,8000,125.0,4,0.03717806243896504,5.84368994140625,5.806511878967285,2.0808509752633744,0.032513296488490225,0.1300531859539609
2,2,64,1.0,1.0,identity,0,2,2,0.031,38500,16,8000,125.0,1,0.02162500381469723,5.8685693359375,5.846944332122803,52.59139118140202,0.8217404872094065,0.8217404872094065
2,2,64,0.25,0.2574,identity,0,2,6,0.094,49000,16,8000,125.0,2,0.04743814849853489,4.779408935546875,4.73197078704834,0.3269861341332724,0.005109158345832381,0.010218316691664762
2,2,64,1.0,1.0,identity,4,2,2,0.031,40500,16,8000,125.0,1,0.025256958007812358,5.81247314453125,5.7872161865234375,39.55692990059581,0.6180770296968096,0.6180770296968096
2,2,64,1.0,1.0,identity,2,2,2,0.031,40500,16,8000,125.0,1,0.026872520446777237,5.70757568359375,5.680703163146973,17.970738947689075,0.2807927960576418,0.2807927960576418
2,2,64,0.5,0.5148,identity,2,2,6,0.094,46500,16,8000,125.0,2,0.05103272247314461,4.97075146484375,4.9197187423706055,0.24700477339015792,0.0038594495842212174,0.007718899168442435
2,2,96,1.0,1.0,identity,0,2,2,0.021,30000,16,8000,83.3,1,0.031247074127197294,5.87819140625,5.846944332122803,78.19258109077958,0.814506053028954,0.814506053028954
2,2,96,0.25,0.2503,relu,3,2,6,0.062,32500,16,8000,83.3,3,0.04996787261962865,4.972040283203125,4.922072410583496,1.3620179848234866,0.014187687341911318,0.042563062025733955
2,2,64,0.5,0.5033,identity,4,2,6,0.094,48500,16,8000,125.0,2,0.04912106704711938,4.8565947265625,4.807473659515381,0.4853056909436918,0.007582901420995184,0.015165802841990369
2,2,64,0.5,0.5005,relu,3,2,6,0.094,45000,16,8000,125.0,3,0.04113091659545898,5.2792314453125,5.238100528717041,1.7516059836449482,0.027368843494452316,0.08210653048335695
2,2,64,0.0,0.0,identity,4,0,4,0.062,60500,16,8000,125.0,2,0.041015285491943665,4.190267700195313,4.149252414703369,0.6973294490829413,0.010895772641920957,0.021791545283841914
2,2,96,0.5,0.5091,identity,0,2,6,0.062,38500,16,8000,83.3,2,0.058026317596435284,5.072408203125,5.0143818855285645,1.9858817140096143,0.020686267854266815,0.04137253570853363
2,2,96,0.5,0.5005,relu,3,2,6,0.062,35500,16,8000,83.3,3,0.04694488143920861,5.28504541015625,5.238100528717041,4.061079770286292,0.042302914273815544,0.12690874282144662
2,2,96,0.0,0.0,relu,1,0,4,0.042,39500,16,8000,83.3,3,0.041631778717040824,4.637851318359375,4.596219539642334,0.6882329287399259,0.007169093007707562,0.021507279023122685
2,2,64,0.5,0.5015,relu,1,2,6,0.094,49500,16,8000,125.0,3,0.03824325180053734,5.33803125,5.299787998199463,1.0877672773068001,0.016996363707918752,0.050989091123756256
2,2,64,0.25,0.2527,identity,4,2,6,0.094,57500,16,8000,125.0,2,0.0470610580444335,4.487888427734375,4.440827369689941,0.49487094358605893,0.007732358493532171,0.015464716987064342
2,2,64,1.0,1.0,relu,1,2,2,0.031,44500,16,8000,125.0,1,0.012251155853271634,6.3412177734375,6.3289666175842285,55.777926588291464,0.8715301029420541,0.8715301029420541
2,2,96,0.0,0.0,identity,2,0,4,0.042,44500,16,8000,83.3,2,0.05110786056518535,4.426970458984375,4.3758625984191895,1.704698534921848,0.017757276405435916,0.03551455281087183
2,2,64,1.0,1.0,relu,3,2,2,0.031,47000,16,8000,125.0,1,0.017792484283447152,6.03343798828125,6.015645503997803,32.0537943166439,0.500840536197561,0.500840536197561
2,2,96,0.25,0.2612,identity,2,2,6,0.062,47500,16,8000,83.3,2,0.05793204116821293,4.63497509765625,4.577043056488037,0.3677752539348849,0.0038309922284883845,0.007661984456976769
2,2,96,0.25,0.2527,identity,4,2,6,0.062,46500,16,8000,83.3,2,0.05702590179443323,4.497853271484375,4.440827369689941,0.6689770983950423,0.006968511441615023,0.013937022883230047
2,2,64,0.75,0.7611,identity,2,2,6,0.094,57500,16,8000,125.0,3,0.04316851043701142,5.329740966796875,5.286572456359863,1.9202151605064441,0.03000336188291319,0.09001008564873957
2,2,96,0.25,0.251,relu,1,2,6,0.062,43500,16,8000,83.3,3,0.04321434020996051,4.94315673828125,4.899942398071289,0.3305509717950452,0.003443239289531721,0.010329717868595163
2,2,96,0.75,0.756,identity,0,2,6,0.062,44500,16,8000,83.3,3,0.050101615905761676,5.453190185546875,5.403088569641113,7.806868408324613,0.08132154592004805,0.24396463776014418
2,2,96,1.0,1.0,relu,1,2,2,0.021,36000,16,8000,83.3,2,0.014414730072021875,6.34338134765625,6.3289666175842285,43.80643625318347,0.4563170443039945,0.912634088607989
2,2,96,0.25,0.2574,identity,0,2,6,0.062,49000,16,8000,83.3,2,0.05580265045166044,4.7877734375,4.73197078704834,0.5408528805153127,0.005633884172034507,0.011267768344069014
2,2,96,1.0,1.0,identity,4,2,2,0.021,41000,16,8000,83.3,1,0.032556030273437564,5.819772216796875,5.7872161865234375,66.66414133885166,0.6944181389463715,0.6944181389463715
2,2,96,0.75,0.7505,relu,3,2,6,0.062,42000,16,8000,83.3,3,0.043057674407958935,5.620422119140625,5.577364444732666,5.961065642286049,0.06209443377381301,0.18628330132143903
2,2,96,0.75,0.7519,identity,4,2,6,0.062,45500,16,8000,83.3,3,0.053463695526122734,5.338460205078125,5.284996509552002,6.880450582115246,0.07167136023036715,0.21501408069110148
2,2,96,1.0,1.0,identity,2,2,2,0.021,42500,16,8000,83.3,1,0.032842735290527614,5.7135458984375,5.680703163146973,22.836659791367303,0.23788187282674275,0.23788187282674275
2,2,96,0.75,0.7611,identity,2,2,6,0.062,45500,16,8000,83.3,3,0.05528618621826187,5.341858642578125,5.286572456359863,3.4760241060276815,0.03620858443778835,0.10862575331336505
2,2,96,0.0,0.0,relu,3,0,4,0.042,50500,16,8000,83.3,3,0.037352653503417876,4.5474892578125,4.510136604309082,2.1834306515250903,0.022744069286719692,0.06823220786015907
2,2,96,1.0,1.0,relu,3,2,2,0.021,38000,16,8000,83.3,2,0.019995609283447457,6.03564111328125,6.015645503997803,33.437933690781826,0.34831180927897737,0.6966236185579547
2,2,96,0.75,0.7513,relu,1,2,6,0.062,45000,16,8000,83.3,4,0.03788069915771519,5.844392578125,5.806511878967285,3.3287787763432877,0.03467477892024258,0.13869911568097032
2,2,64,0.75,0.756,identity,0,2,6,0.094,65500,16,8000,125.0,2,0.037742973327636875,5.44083154296875,5.403088569641113,2.507144440100212,0.039174131876565814,0.07834826375313163
2,2,96,0.5,0.5033,identity,4,2,6,0.062,53000,16,8000,83.3,2,0.05467990493774444,4.862153564453125,4.807473659515381,0.2346501017133563,0.0024442718928474614,0.004888543785694923
2,2,96,0.0,0.0,identity,4,0,4,0.042,60500,16,8000,83.3,2,0.04738576889038093,4.19663818359375,4.149252414703369,0.4278960027684122,0.004457250028837627,0.008914500057675254
2,2,96,0.5,0.5015,relu,1,2,6,0.062,53000,16,8000,83.3,4,0.03935067367553735,5.339138671875,5.299787998199463,0.7015770995626263,0.00730809478711069,0.02923237914844276
2,2,64,0.75,0.7519,identity,4,2,6,0.094,70000,16,8000,125.0,2,0.039728343963623125,5.324724853515625,5.284996509552002,0.1577780653071383,0.002465282270424036,0.004930564540848072
2,2,96,0.5,0.5148,identity,2,2,6,0.062,60000,16,8000,83.3,2,0.05436109161376912,4.974079833984375,4.9197187423706055,0.8283793266083953,0.00862895131883745,0.0172579026376749
2,2,96,0.0,0.0,identity,0,0,4,0.042,71000,16,8000,83.3,2,0.04517312240600546,4.5972880859375,4.552114963531494,0.30387247242943827,0.0031653382544733154,0.006330676508946631
2,4,16,1.0,1.0,identity,2,2,2,0.125,34500,16,8000,500.0,1,0.012087604522704964,6.02477099609375,6.012683391571045,15.387676572155256,0.9617297857597035,0.9617297857597035
2,4,16,0.0,0.0,identity,2,0,6,0.375,64000,16,8000,500.0,2,0.03726188850402856,4.037167236328125,3.9999053478240967,0.12053007320947373,0.007533129575592108,0.015066259151184216
2,4,16,0.25,0.2609,identity,2,2,8,0.5,61000,16,8000,500.0,2,0.04035895538330081,4.41511767578125,4.374758720397949,0.14144702211785623,0.008840438882366014,0.01768087776473203
2,4,16,1.0,1.0,identity,0,2,2,0.125,45000,16,8000,500.0,1,0.01641408920288079,5.566148681640625,5.549734592437744,8.174606449775293,0.5109129031109558,0.5109129031109558
2,4,16,0.25,0.2529,identity,4,2,8,0.5,63000,16,8000,500.0,2,0.04302484130859341,4.54635888671875,4.503334045410156,0.06034141123780477,0.0037713382023627983,0.007542676404725597
2,4,32,0.25,0.2581,identity,0,2,8,0.25,41000,16,8000,250.0,2,0.05721621322631876,4.62237744140625,4.565161228179932,0.31497466699155063,0.009842958343485957,0.019685916686971915
2,4,16,0.0,0.0,identity,0,0,6,0.375,78500,16,8000,500.0,2,0.0351282234191892,4.412347900390625,4.3772196769714355,0.0706697821367083,0.004416861383544269,0.008833722767088537
2,4,16,0.0,0.0,identity,4,0,6,0.375,73500,16,8000,500.0,2,0.03731587600707975,4.286205322265625,4.248889446258545,0.06466305711947655,0.004041441069967284,0.008082882139934569
2,4,32,0.5,0.5112,identity,0,2,8,0.25,41000,16,8000,250.0,2,0.05400603485107425,4.890642578125,4.836636543273926,0.2059375296681501,0.006435547802129691,0.012871095604259381
2,4,16,0.75,0.7522,identity,4,2,8,0.5,56500,16,8000,500.0,2,0.03750109481811492,5.253255126953125,5.21575403213501,0.19182767381590404,0.011989229613494003,0.023978459226988005
2,4,16,1.0,1.0,relu,1,2,2,0.125,50000,16,8000,500.0,1,0.013482971191406179,6.040849609375,6.027366638183594,12.920262826431586,0.8075164266519741,0.8075164266519741
2,4,16,0.5,0.5035,identity,4,2,8,0.5,63000,16,8000,500.0,2,0.04143145751953092,4.869548828125,4.828117370605469,0.07837723006635001,0.004898576879146876,0.009797153758293752
2,4,16,0.75,0.7589,identity,0,2,8,0.5,61000,16,8000,500.0,2,0.03563678359985367,5.213017822265625,5.1773810386657715,0.3567235848763119,0.022295224054769493,0.04459044810953899
2,4,16,0.0,0.0,relu,3,0,6,0.375,76000,16,8000,500.0,3,0.03281486129760758,4.583012939453125,4.550198078155518,0.0916471099006258,0.0057279443687891125,0.017183833106367338
2,4,32,0.0,0.0,identity,2,0,6,0.188,53500,16,8000,250.0,2,0.0449418201446532,4.04484716796875,3.9999053478240967,0.24833460621592934,0.007760456444247792,0.015520912888495584
2,4,16,0.25,0.2506,relu,1,2,8,0.5,68500,16,8000,500.0,3,0.04259946060180653,4.788717529296875,4.746118068695068,0.2897951686868934,0.01811219804293084,0.05433659412879252
2,4,32,0.0,0.0,relu,3,0,6,0.188,50500,16,8000,250.0,3,0.04099503707885699,4.591193115234375,4.550198078155518,0.07376144623671997,0.002305045194897499,0.006915135584692497
2,4,32,1.0,1.0,relu,1,2,2,0.062,37000,16,8000,250.0,1,0.01636236572265659,6.04372900390625,6.027366638183594,21.50663344688516,0.6720822952151613,0.6720822952151613
2,4,32,0.25,0.2529,identity,4,2,8,0.25,54000,16,8000,250.0,2,0.052426940917968956,4.555760986328125,4.503334045410156,0.09191812416012043,0.0028724413800037636,0.005744882760007527
2,4,16,1.0,1.0,relu,3,2,2,0.125,59000,16,8000,500.0,1,0.014498886108398779,5.72921484375,5.714715957641602,5.843397165998958,0.3652123228749349,0.3652123228749349
2,4,32,1.0,1.0,identity,4,2,2,0.062,39500,16,8000,250.0,1,0.02059760284423806,5.627732421875,5.607134819030762,21.245363075161922,0.6639175960988101,0.6639175960988101
2,4,16,1.0,1.0,identity,4,2,2,0.125,63500,16,8000,500.0,1,0.01573114776611284,5.622865966796875,5.607134819030762,9.700935468137086,0.6063084667585679,0.6063084667585679
2,4,32,1.0,1.0,identity,0,2,2,0.062,45000,16,8000,250.0,1,0.01894289779663083,5.568677490234375,5.549734592437744,21.335802962297077,0.6667438425717837,0.6667438425717837
2,4,32,0.75,0.7522,identity,4,2,8,0.25,49500,16,8000,250.0,2,0.04471862411499039,5.26047265625,5.21575403213501,0.548604336192386,0.017143885506012063,0.034287771012024126
2,4,32,0.75,0.7599,identity,2,2,8,0.25,50000,16,8000,250.0,2,0.03790267562866223,5.469587646484375,5.431684970855713,0.727892595702655,0.022746643615707968,0.045493287231415935
2,4,16,0.25,0.2503,relu,3,2,8,0.5,74000,16,8000,500.0,3,0.041863876342773665,4.806750732421875,4.764886856079102,0.2562273534694735,0.016014209591842094,0.048042628775526286
2,4,32,0.75,0.7589,identity,0,2,8,0.25,53000,16,8000,250.0,2,0.04244220352172867,5.2198232421875,5.1773810386657715,0.8581642394811783,0.02681763248378682,0.05363526496757364
2,4,32,0.75,0.7505,relu,1,2,8,0.25,50000,16,8000,250.0,2,0.03946926498413106,5.581940673828125,5.542471408843994,3.1942761755544247,0.09982113048607577,0.19964226097215154
2,4,16,0.5,0.5005,relu,3,2,8,0.5,74000,16,8000,500.0,3,0.0409718093872069,5.052502685546875,5.011530876159668,0.6682544292849886,0.041765901830311786,0.12529770549093536
2,4,32,1.0,1.0,identity,2,2,2,0.062,47500,16,8000,250.0,1,0.012754840850830007,6.025438232421875,6.012683391571045,28.847618889531194,0.9014880902978498,0.9014880902978498
2,4,32,0.25,0.2506,relu,1,2,8,0.25,61000,16,8000,250.0,3,0.0450538063049315,4.791171875,4.746118068695068,0.4404909611179865,0.013765342534937079,0.041296027604811235
2,4,16,0.75,0.7599,identity,2,2,8,0.5,75000,16,8000,500.0,2,0.029020595550536932,5.46070556640625,5.431684970855713,0.23054219971153259,0.014408887481970787,0.028817774963941573
2,4,32,0.0,0.0,identity,4,0,6,0.188,66000,16,8000,250.0,2,0.04294404983520472,4.29183349609375,4.248889446258545,0.13435389378216697,0.004198559180692718,0.008397118361385436
2,4,32,0.5,0.514,identity,2,2,8,0.25,60500,16,8000,250.0,2,0.04244394683837882,4.889321044921875,4.846877098083496,0.4125725656662703,0.012892892677070947,0.025785785354141895
2,4,16,0.0,0.0,relu,1,0,6,0.375,90500,16,8000,500.0,3,0.03302747344970669,4.4571865234375,4.424159049987793,0.2638212499964518,0.016488828124778237,0.04946648437433471
2,4,16,0.75,0.7504,relu,3,2,8,0.5,75000,16,8000,500.0,3,0.03964195251464808,5.35982666015625,5.320184707641602,1.2391862095060724,0.07744913809412952,0.2323474142823886
2,4,32,0.5,0.5035,identity,4,2,8,0.25,62000,16,8000,250.0,2,0.048491760253906335,4.876609130859375,4.828117370605469,0.3118614256371047,0.009745669551159523,0.019491339102319045
2,4,32,0.25,0.2503,relu,3,2,8,0.25,63500,16,8000,250.0,3,0.04488096618652371,4.809767822265625,4.764886856079102,0.2903507597554877,0.00907346124235899,0.02722038372707697
2,4,16,0.5,0.5007,relu,1,2,8,0.5,78500,16,8000,500.0,3,0.03989443206787069,5.1556943359375,5.115799903869629,0.7460715707794602,0.04662947317371626,0.13988841952114878
2,4,16,0.5,0.514,identity,2,2,8,0.5,83000,16,8000,500.0,2,0.03378012847900358,4.8806572265625,4.846877098083496,0.12509049083872506,0.007818155677420316,0.015636311354840633
2,4,32,0.0,0.0,relu,1,0,6,0.188,65000,16,8000,250.0,3,0.040036018371582216,4.464195068359375,4.424159049987793,0.42047423100634324,0.013139819718948226,0.03941945915684468
2,4,16,0.5,0.5112,identity,0,2,8,0.5,87000,16,8000,500.0,2,0.03692327117919891,4.873559814453125,4.836636543273926,0.039886464232691446,0.0024929040145432154,0.004985808029086431
2,4,32,0.5,0.5005,relu,3,2,8,0.25,62500,16,8000,250.0,3,0.042739143371582244,5.05427001953125,5.011530876159668,0.8906566596434967,0.027833020613859272,0.08349906184157782
2,4,32,1.0,1.0,relu,3,2,2,0.062,42500,16,8000,250.0,1,0.017966659545898267,5.7326826171875,5.714715957641602,12.283632423187957,0.38386351322462364,0.38386351322462364
2,4,16,0.75,0.7505,relu,1,2,8,0.5,82500,16,8000,500.0,2,0.03853396224975558,5.58100537109375,5.542471408843994,1.837295615945925,0.11483097599662032,0.22966195199324063
2,4,32,0.75,0.7504,relu,3,2,8,0.25,62000,16,8000,250.0,3,0.039160995483398686,5.359345703125,5.320184707641602,1.6279787180871572,0.05087433494022366,0.15262300482067098
2,4,16,0.25,0.2581,identity,0,2,8,0.5,100000,16,8000,500.0,2,0.03679873275756851,4.6019599609375,4.565161228179932,0.06021597425053504,0.00376349839065844,0.00752699678131688
2,4,32,0.0,0.0,identity,0,0,6,0.188,78500,16,8000,250.0,2,0.04038994216918912,4.417609619140625,4.3772196769714355,0.07107063596980806,0.002220957374056502,0.004441914748113004
2,4,64,0.0,0.0,relu,3,0,6,0.094,33000,16,8000,125.0,3,0.053662273406982486,4.6038603515625,4.550198078155518,0.16203849580344923,0.002531851496928894,0.007595554490786683
2,4,64,1.0,1.0,identity,2,2,2,0.031,21000,16,8000,125.0,1,0.02199654006957985,6.034679931640625,6.012683391571045,56.170637512696764,0.8776662111358869,0.8776662111358869
2,4,32,0.25,0.2609,identity,2,2,8,0.25,81000,16,8000,250.0,2,0.04177375030517538,4.416532470703125,4.374758720397949,0.15164482268961518,0.0047389007090504745,0.009477801418100949
2,4,32,0.5,0.5007,relu,1,2,8,0.25,76000,16,8000,250.0,3,0.04137441253662111,5.15717431640625,5.115799903869629,1.0874070457264102,0.03398147017895032,0.10194441053685097
2,4,64,0.0,0.0,identity,0,0,6,0.094,51000,16,8000,125.0,2,0.05573955154418986,4.432959228515625,4.3772196769714355,0.3557157796673147,0.005558059057301792,0.011116118114603585
2,4,64,0.25,0.2581,identity,0,2,8,0.125,41000,16,8000,125.0,2,0.06594839096069371,4.631109619140625,4.565161228179932,0.26887907685347184,0.0042012355758354976,0.008402471151670995
2,4,64,0.5,0.5112,identity,0,2,8,0.125,41000,16,8000,125.0,2,0.0629164352416991,4.899552978515625,4.836636543273926,0.1781361243384843,0.0027833769427888172,0.0055667538855776345
2,4,64,0.5,0.5007,relu,1,2,8,0.125,38500,16,8000,125.0,3,0.055491355895996186,5.171291259765625,5.115799903869629,1.7098988539633153,0.026717169593176802,0.08015150877953041
2,4,64,0.0,0.0,identity,2,0,6,0.094,62000,16,8000,125.0,2,0.048899339675902986,4.0488046875,3.9999053478240967,0.6225612545671423,0.009727519602611598,0.019455039205223196
2,4,64,0.0,0.0,relu,1,0,6,0.094,54500,16,8000,125.0,3,0.04904724884033218,4.473206298828125,4.424159049987793,0.23104786399811642,0.003610122874970569,0.010830368624911707
2,4,96,1.0,1.0,identity,2,2,2,0.021,22000,16,8000,83.3,1,0.0284379463195803,6.041121337890625,6.012683391571045,73.30086407371286,0.763550667434509,0.763550667434509
2,4,96,0.0,0.0,relu,3,0,6,0.062,30000,16,8000,83.3,4,0.05899869918823253,4.60919677734375,4.550198078155518,0.2558283522777176,0.0026648786695595583,0.010659514678238233
2,4,64,0.75,0.7505,relu,1,2,8,0.125,40000,16,8000,125.0,3,0.04956716537475625,5.59203857421875,5.542471408843994,3.4069856183990024,0.05323415028748441,0.15970245086245324
2,4,64,0.0,0.0,identity,4,0,6,0.094,59000,16,8000,125.0,2,0.05190571975708025,4.300795166015625,4.248889446258545,0.07297332358058295,0.0011402081809466086,0.002280416361893217
2,4,64,0.25,0.2529,identity,4,2,8,0.125,54000,16,8000,125.0,2,0.06073748779296917,4.564071533203125,4.503334045410156,0.15170824490017906,0.002370441326565298,0.004740882653130596
2,4,64,1.0,1.0,identity,4,2,2,0.031,41500,16,8000,125.0,1,0.026163276672363622,5.633298095703125,5.607134819030762,39.13302920263757,0.6114535812912121,0.6114535812912121
2,4,64,0.5,0.5005,relu,3,2,8,0.125,46500,16,8000,125.0,3,0.05393054962158228,5.06546142578125,5.011530876159668,1.1569288577111323,0.018077013401736442,0.05423104020520933
2,4,64,0.25,0.2503,relu,3,2,8,0.125,53500,16,8000,125.0,3,0.054364608764648104,4.81925146484375,4.764886856079102,0.39151058084399254,0.006117352825687383,0.01835205847706215
2,4,64,0.75,0.7589,identity,0,2,8,0.125,49500,16,8000,125.0,2,0.05190289688110372,5.229283935546875,5.1773810386657715,1.0248133780105757,0.016012709031415245,0.03202541806283049
2,4,64,0.25,0.2506,relu,1,2,8,0.125,52500,16,8000,125.0,3,0.054535007476806285,4.800653076171875,4.746118068695068,0.6131057132178348,0.009579776769028669,0.028739330307086006
2,4,64,1.0,1.0,identity,0,2,2,0.031,43500,16,8000,125.0,1,0.024509548187255703,5.574244140625,5.549734592437744,41.79898404430647,0.6531091256922886,0.6531091256922886
2,4,64,0.75,0.7599,identity,2,2,8,0.125,53000,16,8000,125.0,3,0.04572518539428749,5.47741015625,5.431684970855713,2.9821236725859332,0.04659568238415521,0.13978704715246562
2,4,64,1.0,1.0,relu,1,2,2,0.031,41500,16,8000,125.0,1,0.017224914550781456,6.044591552734375,6.027366638183594,49.4965939616969,0.7733842806515141,0.7733842806515141
2,4,64,0.75,0.7504,relu,3,2,8,0.125,48000,16,8000,125.0,3,0.04817857360839817,5.36836328125,5.320184707641602,2.2849336106782947,0.035702087666848355,0.10710626300054507
2,4,96,0.5,0.5035,identity,4,2,8,0.083,39000,16,8000,83.3,2,0.07551202392578116,4.90362939453125,4.828117370605469,0.8441268190891397,0.008792987698845204,0.01758597539769041
2,4,96,0.25,0.2506,relu,1,2,8,0.083,38000,16,8000,83.3,3,0.06359360122680702,4.809711669921875,4.746118068695068,0.7404566777058175,0.007713090392768932,0.023139271178306792
2,4,64,0.5,0.514,identity,2,2,8,0.125,61500,16,8000,125.0,2,0.050068702697753764,4.89694580078125,4.846877098083496,0.9845455184131857,0.015383523725206027,0.030767047450412054
2,4,96,0.5,0.5112,identity,0,2,8,0.083,41000,16,8000,83.3,2,0.07246135711669943,4.909097900390625,4.836636543273926,0.6152054585164851,0.006408390192880053,0.012816780385760106
2,4,96,0.75,0.7589,identity,0,2,8,0.083,41000,16,8000,83.3,3,0.06346588516235308,5.240846923828125,5.1773810386657715,4.7660307805621684,0.049646153964189255,0.14893846189256776
2,4,64,0.5,0.5035,identity,4,2,8,0.125,63000,16,8000,125.0,2,0.05527105712890634,4.883388427734375,4.828117370605469,0.31529287463468725,0.004926451166166988,0.009852902332333976
2,4,64,1.0,1.0,relu,3,2,2,0.031,50000,16,8000,125.0,1,0.018534042358398395,5.73325,5.714715957641602,19.1332380049713,0.29895684382767657,0.29895684382767657
2,4,96,0.0,0.0,relu,1,0,6,0.062,45000,16,8000,83.3,3,0.055660530090332117,4.479819580078125,4.424159049987793,0.8757510659605682,0.009122406937089251,0.027367220811267755
2,4,96,1.0,1.0,relu,1,2,2,0.021,34000,16,8000,83.3,1,0.01946148681640647,6.046828125,6.027366638183594,74.22590557469263,0.7731865164030483,0.7731865164030483
2,4,96,1.0,1.0,identity,4,2,2,0.021,38000,16,8000,83.3,1,0.033043403625487855,5.64017822265625,5.607134819030762,54.891065438958215,0.5717819316558147,0.5717819316558147
2,4,96,0.5,0.5005,relu,3,2,8,0.083,43500,16,8000,83.3,4,0.060269172668457216,5.071800048828125,5.011530876159668,0.9933761156635529,0.010347667871495343,0.04139067148598137
2,4,96,0.75,0.7599,identity,2,2,8,0.083,44500,16,8000,83.3,2,0.055883144378662486,5.487568115234375,5.431684970855713,3.2796160000900207,0.03416266666760438,0.06832533333520877
2,4,96,1.0,1.0,identity,0,2,2,0.021,43500,16,8000,83.3,1,0.031006374359130895,5.580740966796875,5.549734592437744,66.31096489143518,0.6907392176191164,0.6907392176191164
2,4,96,0.25,0.2581,identity,0,2,8,0.083,51500,16,8000,83.3,2,0.0702101097106933,4.635371337890625,4.565161228179932,0.27508198409611395,0.0028654373343345203,0.005730874668669041
2,4,64,0.75,0.7522,identity,4,2,8,0.125,64000,16,8000,125.0,2,0.04929748153686564,5.265051513671875,5.21575403213501,0.6221705241533063,0.009721414439895411,0.019442828879790822
2,4,96,0.75,0.7505,relu,1,2,8,0.083,46000,16,8000,83.3,2,0.051391384124755746,5.59386279296875,5.542471408843994,9.195582244757574,0.09578731504955806,0.19157463009911613
2,4,96,0.25,0.2529,identity,4,2,8,0.083,54000,16,8000,83.3,2,0.06994232177734361,4.5732763671875,4.503334045410156,0.3669129588426117,0.003822009987943872,0.007644019975887744
2,4,96,0.75,0.7504,relu,3,2,8,0.083,45500,16,8000,83.3,3,0.05302256774902325,5.373207275390625,5.320184707641602,3.400422861880632,0.03542107147792325,0.10626321443376975
2,4,64,0.25,0.2609,identity,2,2,8,0.125,78500,16,8000,125.0,2,0.04905646514892581,4.423815185546875,4.374758720397949,0.8743629199177141,0.013661920623714283,0.027323841247428565
2,4,96,0.25,0.2503,relu,3,2,8,0.083,51000,16,8000,83.3,3,0.06073374938964804,4.82562060546875,4.764886856079102,0.5457348470100306,0.005684737989687819,0.017054213969063457
2,4,96,0.5,0.514,identity,2,2,8,0.083,54000,16,8000,83.3,3,0.06178989410400426,4.9086669921875,4.846877098083496,2.5174848169487865,0.02622380017654986,0.07867140052964958
2,4,96,0.0,0.0,identity,4,0,6,0.062,59000,16,8000,83.3,2,0.05962080764770494,4.30851025390625,4.248889446258545,0.22085550737739354,0.0023005782018478494,0.004601156403695699
2,4,96,1.0,1.0,relu,3,2,2,0.021,41000,16,8000,83.3,1,0.020762313842773494,5.735478271484375,5.714715957641602,28.990940719937136,0.3019889658326785,0.3019889658326785
2,4,96,0.0,0.0,identity,2,0,6,0.062,64000,16,8000,83.3,2,0.05718217658996583,4.0570875244140625,3.9999053478240967,1.018368494533164,0.010608005151387124,0.021216010302774247
2,4,96,0.5,0.5007,relu,1,2,8,0.083,55000,16,8000,83.3,3,0.05575649261474602,5.171556396484375,5.115799903869629,3.000873658925802,0.03125910061381044,0.09377730184143131
2,4,96,0.75,0.7522,identity,4,2,8,0.083,56500,16,8000,83.3,3,0.059023311614990526,5.27477734375,5.21575403213501,4.2452633866170055,0.044221493610593805,0.13266448083178142
2,8,16,1.0,1.0,identity,4,2,2,0.125,31000,16,8000,500.0,2,0.016614818572998402,6.00418701171875,5.987572193145752,6.605942946051046,0.4128714341281904,0.8257428682563808
2,4,96,0.25,0.2609,identity,2,2,8,0.083,71000,16,8000,83.3,2,0.059987373352051065,4.43474609375,4.374758720397949,0.5221140314040076,0.005438687827125079,0.010877375654250157
2,8,16,0.0,0.0,identity,4,0,10,0.625,62500,16,8000,500.0,2,0.049731319427490206,4.3609443359375,4.31121301651001,0.043544319536880066,0.002721519971055004,0.005443039942110008
2,4,96,0.0,0.0,identity,0,0,6,0.062,78500,16,8000,83.3,2,0.05602446365356428,4.433244140625,4.3772196769714355,0.8022818790301581,0.008357102906564147,0.016714205813128293
2,8,16,1.0,1.0,identity,0,2,2,0.125,47500,16,8000,500.0,1,0.018015701293945696,5.56627734375,5.548261642456055,9.586648795855178,0.5991655497409486,0.5991655497409486
2,8,16,1.0,1.0,relu,3,2,2,0.125,42500,16,8000,500.0,1,0.013984779357910426,5.75389013671875,5.73990535736084,14.775559150966892,0.9234724469354307,0.9234724469354307
2,8,16,1.0,1.0,identity,2,2,2,0.125,50000,16,8000,500.0,1,0.014593692779540923,5.850315185546875,5.835721492767334,6.5684530291832885,0.41052831432395553,0.41052831432395553
2,8,16,0.0,0.0,identity,0,0,10,0.625,81500,16,8000,500.0,2,0.046409526824951364,4.198452392578125,4.152042865753174,0.0214453015081223,0.0013403313442576438,0.0026806626885152876
2,8,32,1.0,1.0,identity,4,2,2,0.062,30000,16,8000,250.0,1,0.018719310760498153,6.00629150390625,5.987572193145752,27.996493875791593,0.8748904336184873,0.8748904336184873
2,8,32,0.0,0.0,identity,2,0,10,0.312,52500,16,8000,250.0,2,0.06151678848266595,4.34352734375,4.282010555267334,0.06102986404262804,0.0019071832513321263,0.0038143665026642527
2,8,16,0.0,0.0,identity,2,0,10,0.625,83000,16,8000,500.0,2,0.04553070449829111,4.327541259765625,4.282010555267334,0.04403955998848409,0.0027524724992802558,0.0055049449985605115
2,8,32,0.0,0.0,identity,0,0,10,0.312,53000,16,8000,250.0,2,0.06270566940307631,4.21474853515625,4.152042865753174,0.07958188424862324,0.002486933882769476,0.004973867765538952
2,8,16,1.0,1.0,relu,1,2,2,0.125,54000,16,8000,500.0,1,0.014095058441162323,5.627359619140625,5.613264560699463,11.603858539740111,0.7252411587337569,0.7252411587337569
2,8,16,0.0,0.0,relu,1,0,10,0.625,82000,16,8000,500.0,3,0.05127745819091789,4.3781865234375,4.326909065246582,0.2917972580642717,0.01823732862901698,0.054711985887050944
2,8,16,0.75,0.7604,identity,2,2,12,0.75,66500,16,8000,500.0,2,0.03803546524047885,5.288078857421875,5.2500433921813965,0.08726656882774324,0.005454160551733952,0.010908321103467905
2,8,32,0.75,0.7542,identity,4,2,12,0.375,42500,16,8000,250.0,3,0.05120730590820344,5.52442431640625,5.473217010498047,1.2698696031307677,0.03968342509783649,0.11905027529350948
2,8,16,0.25,0.2584,identity,0,2,12,0.75,78500,16,8000,500.0,2,0.05036890792846638,4.37034619140625,4.319977283477783,0.020520570586831183,0.001282535661676949,0.002565071323353898
2,8,32,0.25,0.2536,identity,4,2,12,0.375,53000,16,8000,250.0,2,0.06342362594604456,4.68666552734375,4.623241901397705,0.14094595587135975,0.004404561120979992,0.008809122241959984
2,8,32,0.0,0.0,relu,3,0,10,0.312,53500,16,8000,250.0,3,0.0567937469482418,4.465853271484375,4.409059524536133,0.18140637736006596,0.005668949292502061,0.017006847877506184
2,8,32,0.25,0.2505,relu,1,2,12,0.375,51500,16,8000,250.0,3,0.06649815750122112,4.611434814453125,4.544936656951904,0.30478888546229727,0.00952465267069679,0.028573958012090367
2,8,32,0.0,0.0,relu,1,0,10,0.312,54500,16,8000,250.0,3,0.059664665222167734,4.38657373046875,4.326909065246582,0.20367521645197684,0.006364850514124276,0.01909455154237283
2,8,32,0.75,0.7604,identity,2,2,12,0.375,45500,16,8000,250.0,2,0.05120026016235357,5.30124365234375,5.2500433921813965,0.2594662031264254,0.008108318847700793,0.016216637695401586
2,8,32,0.25,0.2609,identity,2,2,12,0.375,56000,16,8000,250.0,2,0.06352603912353505,4.54485595703125,4.481329917907715,0.18040139170267824,0.005637543490708695,0.01127508698141739
2,8,16,0.75,0.7593,identity,0,2,12,0.75,73500,16,8000,500.0,2,0.04033245468139679,5.03888525390625,4.9985527992248535,0.14500528737862117,0.009062830461163823,0.018125660922327647
2,8,32,0.5,0.5009,relu,3,2,12,0.375,49500,16,8000,250.0,3,0.057964675903320106,5.0896552734375,5.03169059753418,0.9621285284913865,0.03006651651535583,0.09019954954606749
2,8,32,0.25,0.2504,relu,3,2,12,0.375,54000,16,8000,250.0,3,0.061091239929199403,4.75188427734375,4.690793037414551,0.2436073113571885,0.0076127284799121404,0.02283818543973642
2,8,32,0.5,0.5116,identity,0,2,12,0.375,54500,16,8000,250.0,2,0.06135004425048862,4.663571533203125,4.602221488952637,0.1963558729954165,0.006136121031106766,0.012272242062213532
2,8,32,0.0,0.0,identity,4,0,10,0.312,62500,16,8000,250.0,2,0.05796105575561494,4.369174072265625,4.31121301651001,0.09316458636069101,0.002911393323771594,0.005822786647543188
2,8,32,0.5,0.5142,identity,2,2,12,0.375,56000,16,8000,250.0,2,0.0579322242736815,4.86471923828125,4.806787014007568,0.121385324252992,0.003793291382906,0.007586582765812
2,8,16,0.25,0.2536,identity,4,2,12,0.75,78000,16,8000,500.0,2,0.04865018844604485,4.67189208984375,4.623241901397705,0.04193345033229164,0.0026208406457682277,0.005241681291536455
2,8,32,0.5,0.5051,identity,4,2,12,0.375,53000,16,8000,250.0,2,0.05783456039428714,5.071520263671875,5.013685703277588,0.12072567918113934,0.0037726774744106044,0.007545354948821209
2,8,32,1.0,1.0,identity,0,2,2,0.062,48000,16,8000,250.0,2,0.019960769653319943,5.568222412109375,5.548261642456055,7.706388922301905,0.24082465382193452,0.48164930764386904
2,8,16,0.5,0.5051,identity,4,2,12,0.75,78000,16,8000,500.0,2,0.04369100570678697,5.057376708984375,5.013685703277588,0.09705395545022123,0.006065872215638827,0.012131744431277654
2,8,16,0.25,0.2504,relu,3,2,12,0.75,79000,16,8000,500.0,3,0.060962821960449,4.751755859375,4.690793037414551,0.35415190687446535,0.022134494179654084,0.06640348253896225
2,8,16,0.75,0.7542,identity,4,2,12,0.75,78000,16,8000,500.0,2,0.03588894653320285,5.50910595703125,5.473217010498047,0.10350074935261844,0.006468796834538652,0.012937593669077305
2,8,32,1.0,1.0,identity,2,2,2,0.062,49000,16,8000,250.0,1,0.016179630279540724,5.851901123046875,5.835721492767334,10.812561574796721,0.33789254921239753,0.33789254921239753
2,8,32,0.75,0.7506,relu,1,2,12,0.375,53500,16,8000,250.0,3,0.053408859252929375,5.27684521484375,5.22343635559082,1.270411985365531,0.03970037454267284,0.11910112362801853
2,8,32,1.0,1.0,relu,3,2,2,0.062,41000,16,8000,250.0,1,0.014870033264160476,5.754775390625,5.73990535736084,28.399019226284928,0.887469350821404,0.887469350821404
2,8,16,0.0,0.0,relu,3,0,10,0.625,96000,16,8000,500.0,3,0.04628520202636732,4.4553447265625,4.409059524536133,0.20005502727601707,0.012503439204751067,0.0375103176142532
2,8,16,0.5,0.5142,identity,2,2,12,0.75,87000,16,8000,500.0,2,0.042035251617432046,4.848822265625,4.806787014007568,0.03784207859967209,0.0023651299124795057,0.004730259824959011
2,8,16,0.75,0.751,relu,3,2,12,0.75,86000,16,8000,500.0,2,0.05136727523803675,5.44307421875,5.391706943511963,2.3977482612231915,0.14985926632644947,0.29971853265289894
2,8,32,0.5,0.5007,relu,1,2,12,0.375,68000,16,8000,250.0,3,0.05804083251953163,4.90965673828125,4.851615905761719,0.6886628875375043,0.02152071523554701,0.06456214570664102
2,8,32,0.75,0.751,relu,3,2,12,0.375,63000,16,8000,250.0,3,0.04804476547241254,5.439751708984375,5.391706943511963,1.9642628447808506,0.06138321389940158,0.18414964169820475
2,8,32,0.25,0.2584,identity,0,2,12,0.375,81500,16,8000,250.0,2,0.06041553878784178,4.380392822265625,4.319977283477783,0.08796656475611642,0.002748955148628638,0.005497910297257276
2,8,16,0.25,0.2609,identity,2,2,12,0.75,102000,16,8000,500.0,2,0.04330265045166026,4.524632568359375,4.481329917907715,0.022817223319371548,0.0014260764574607217,0.0028521529149214435
2,8,32,1.0,1.0,relu,1,2,2,0.062,54000,16,8000,250.0,1,0.014823329925537365,5.628087890625,5.613264560699463,20.815965219541493,0.6504989131106717,0.6504989131106717
2,8,16,0.5,0.5116,identity,0,2,12,0.75,100000,16,8000,500.0,2,0.043206733703613054,4.64542822265625,4.602221488952637,0.01929145769972749,0.001205716106232968,0.002411432212465936
2,8,64,0.0,0.0,identity,0,0,10,0.156,53000,16,8000,125.0,2,0.07421397018432607,4.2262568359375,4.152042865753174,0.23284333129833817,0.003638177051536534,0.007276354103073068
2,8,32,0.75,0.7593,identity,0,2,12,0.375,77500,16,8000,250.0,2,0.04775432968139626,5.04630712890625,4.9985527992248535,0.29305730969108984,0.009158040927846558,0.018316081855693115
2,8,64,0.0,0.0,identity,2,0,10,0.156,53500,16,8000,125.0,2,0.0725348548889162,4.35454541015625,4.282010555267334,0.16547821281416902,0.002585597075221391,0.005171194150442782
2,8,16,0.5,0.5009,relu,3,2,12,0.75,105000,16,8000,500.0,3,0.0527122344970703,5.08440283203125,5.03169059753418,0.7404557751543858,0.04627848594714911,0.13883545784144732
2,8,64,0.25,0.2505,relu,1,2,12,0.188,43500,16,8000,125.0,3,0.08026817703247069,4.625204833984375,4.544936656951904,0.32084221780696676,0.005013159653233856,0.015039478959701567
2,8,16,0.25,0.2505,relu,1,2,12,0.75,111500,16,8000,500.0,3,0.054287952423095476,4.599224609375,4.544936656951904,0.3753539113742476,0.023459619460890476,0.07037885838267142
2,8,64,1.0,1.0,identity,0,2,2,0.031,37000,16,8000,125.0,2,0.027955154418945583,5.576216796875,5.548261642456055,16.36394858925882,0.25568669670716904,0.5113733934143381
2,8,64,0.0,0.0,relu,1,0,10,0.156,54000,16,8000,125.0,3,0.07166637420654265,4.398575439453125,4.326909065246582,0.18526377470299327,0.00289474647973427,0.00868423943920281
2,8,64,0.75,0.751,relu,3,2,12,0.188,40500,16,8000,125.0,3,0.06099471664428702,5.45270166015625,5.391706943511963,4.3271864031309955,0.0676122875489218,0.20283686264676543
2,8,64,0.25,0.2609,identity,2,2,12,0.188,51500,16,8000,125.0,2,0.07553824615478533,4.5568681640625,4.481329917907715,0.1927265446588895,0.0030113522602951484,0.006022704520590297
2,8,64,1.0,1.0,identity,2,2,2,0.031,42000,16,8000,125.0,1,0.022969181060791044,5.858690673828125,5.835721492767334,26.340562138672848,0.41157128341676325,0.41157128341676325
2,8,64,0.25,0.2536,identity,4,2,12,0.188,51500,16,8000,125.0,2,0.07762040328979491,4.7008623046875,4.623241901397705,0.14814029235078627,0.0023146920679810354,0.004629384135962071
2,8,16,0.5,0.5007,relu,1,2,12,0.75,117000,16,8000,500.0,3,0.0615903930664059,4.913206298828125,4.851615905761719,0.8954360818054038,0.05596475511283774,0.1678942653385132
2,8,64,0.5,0.5009,relu,3,2,12,0.188,46500,16,8000,125.0,3,0.06904743957519521,5.100738037109375,5.03169059753418,1.5581714969561906,0.02434642963994048,0.07303928891982144
2,8,64,0.0,0.0,identity,4,0,10,0.156,62500,16,8000,125.0,2,0.06873717880249064,4.3799501953125,4.31121301651001,0.17448034052691613,0.0027262553207330646,0.005452510641466129
2,8,64,0.75,0.7506,relu,1,2,12,0.188,46000,16,8000,125.0,3,0.0642001190185546,5.287636474609375,5.22343635559082,2.0296634559047715,0.031713491498512054,0.09514047449553617
2,8,64,0.25,0.2504,relu,3,2,12,0.188,52000,16,8000,125.0,3,0.0730507125854496,4.76384375,4.690793037414551,0.26076752537419856,0.0040744925839718525,0.012223477751915558
2,8,64,1.0,1.0,relu,3,2,2,0.031,41000,16,8000,125.0,1,0.016034828186034744,5.755940185546875,5.73990535736084,51.789995824317835,0.8092186847549662,0.8092186847549662
2,8,16,0.75,0.7506,relu,1,2,12,0.75,117000,16,8000,500.0,2,0.056184249877929915,5.27962060546875,5.22343635559082,1.515574747333179,0.0947234217083237,0.1894468434166474
2,8,96,0.0,0.0,relu,1,0,10,0.104,39000,16,8000,83.3,3,0.08190904998779303,4.408818115234375,4.326909065246582,0.46156851388083997,0.004808005352925416,0.01442401605877625
2,8,64,1.0,1.0,identity,4,2,2,0.031,49000,16,8000,125.0,1,0.021460033416747848,6.0090322265625,5.987572193145752,53.788439620517934,0.8404443690705927,0.8404443690705927
2,8,64,1.0,1.0,relu,1,2,2,0.031,44500,16,8000,125.0,1,0.018367763519287372,5.63163232421875,5.613264560699463,45.05213907045445,0.7039396729758508,0.7039396729758508
2,8,64,0.75,0.7604,identity,2,2,12,0.188,53500,16,8000,125.0,3,0.05658014297485359,5.30662353515625,5.2500433921813965,2.780944801659054,0.04345226252592272,0.13035678757776817
2,8,64,0.0,0.0,relu,3,0,10,0.156,59500,16,8000,125.0,4,0.0663540496826176,4.47541357421875,4.409059524536133,0.3046692356435266,0.004760456806930103,0.019041827227720413
2,8,64,0.5,0.5007,relu,1,2,12,0.188,53500,16,8000,125.0,4,0.07265606689453108,4.92427197265625,4.851615905761719,1.1323161751452033,0.017692440236643802,0.07076976094657521
2,8,96,0.25,0.2609,identity,2,2,12,0.125,42500,16,8000,83.3,2,0.09038932037353486,4.57171923828125,4.481329917907715,0.2864873040573673,0.0029842427505975756,0.005968485501195151
2,8,64,0.25,0.2584,identity,0,2,12,0.188,64000,16,8000,125.0,2,0.07649537277221707,4.39647265625,4.319977283477783,0.167511975454365,0.002617374616474453,0.005234749232948906
2,8,96,0.25,0.2584,identity,0,2,12,0.125,46000,16,8000,83.3,2,0.0934477653503416,4.413425048828125,4.319977283477783,0.2503388595798955,0.0026076964539572447,0.005215392907914489
2,8,96,0.25,0.2504,relu,3,2,12,0.125,42500,16,8000,83.3,3,0.08550017547607425,4.776293212890625,4.690793037414551,0.6920247582049116,0.0072085912313011626,0.021625773693903488
2,8,64,0.75,0.7542,identity,4,2,12,0.188,59000,16,8000,125.0,3,0.056628692626953026,5.529845703125,5.473217010498047,2.0498908736493022,0.03202954490077035,0.09608863470231105
2,8,96,0.0,0.0,relu,3,0,10,0.104,46000,16,8000,83.3,4,0.07644120788574238,4.485500732421875,4.409059524536133,0.5285054001021848,0.005505264584397759,0.022021058337591035
2,8,96,1.0,1.0,identity,4,2,2,0.021,28500,16,8000,83.3,1,0.03189533615112339,6.019467529296875,5.987572193145752,76.73266742069403,0.7992986189655628,0.7992986189655628
2,8,64,0.75,0.7593,identity,0,2,12,0.188,65500,16,8000,125.0,2,0.05786443710327127,5.056417236328125,4.9985527992248535,0.40213339715150326,0.006283334330492238,0.012566668660984477
2,8,96,0.0,0.0,identity,2,0,10,0.104,56500,16,8000,83.3,2,0.08026214981079072,4.362272705078125,4.282010555267334,0.20880456098311032,0.0021750475102407323,0.004350095020481465
2,8,96,0.25,0.2505,relu,1,2,12,0.125,51500,16,8000,83.3,3,0.08729820632934526,4.63223486328125,4.544936656951904,0.5029275000436401,0.005238828125454584,0.015716484376363752
2,8,96,1.0,1.0,identity,0,2,2,0.021,38500,16,8000,83.3,2,0.032955642700195575,5.58121728515625,5.548261642456055,19.472333423984566,0.20283680649983923,0.40567361299967847
2,8,64,0.5,0.5142,identity,2,2,12,0.188,74000,16,8000,125.0,2,0.06305234146118188,4.86983935546875,4.806787014007568,0.1677612125930712,0.0026212689467667374,0.005242537893533475
2,8,96,0.75,0.751,relu,3,2,12,0.125,40000,16,8000,83.3,3,0.06639876937866251,5.458105712890625,5.391706943511963,6.488447384715513,0.06758799359078659,0.20276398077235977
2,8,96,0.25,0.2536,identity,4,2,12,0.125,58500,16,8000,83.3,2,0.08315043258667032,4.706392333984375,4.623241901397705,0.39154849934276154,0.004078630201487099,0.008157260402974199
2,8,96,0.0,0.0,identity,4,0,10,0.104,62500,16,8000,83.3,2,0.07649840927123996,4.38771142578125,4.31121301651001,0.22759424132552986,0.002370773347140936,0.004741546694281872
2,8,96,0.0,0.0,identity,0,0,10,0.104,64500,16,8000,83.3,2,0.07865098190307585,4.23069384765625,4.152042865753174,0.5055558008636724,0.005266206258996587,0.010532412517993174
2,8,96,0.75,0.7604,identity,2,2,12,0.125,46000,16,8000,83.3,3,0.07002472305297847,5.320068115234375,5.2500433921813965,3.101219514020723,0.03230436993771586,0.09691310981314759
2,8,64,0.5,0.5116,identity,0,2,12,0.188,81500,16,8000,125.0,2,0.06365302276611295,4.66587451171875,4.602221488952637,0.21531013318181988,0.0033642208309659356,0.006728441661931871
2,8,96,0.5,0.5007,relu,1,2,12,0.125,54500,16,8000,83.3,4,0.08053057861328128,4.932146484375,4.851615905761719,1.4468633790921392,0.015071493532209783,0.06028597412883913
2,8,96,0.5,0.5051,identity,4,2,12,0.125,61000,16,8000,83.3,2,0.07505843734741191,5.088744140625,5.013685703277588,0.29517466964768496,0.003074736142163385,0.00614947228432677
2,8,64,0.5,0.5051,identity,4,2,12,0.188,85000,16,8000,125.0,2,0.060160488128661704,5.07384619140625,5.013685703277588,0.17255618557451008,0.00269619039960172,0.00539238079920344
2,8,96,1.0,1.0,identity,2,2,2,0.021,48500,16,8000,83.3,1,0.028858829498290994,5.864580322265625,5.835721492767334,42.787507335678825,0.4457032014133211,0.4457032014133211
2,8,96,0.5,0.5142,identity,2,2,12,0.125,63000,16,8000,83.3,2,0.0735286598205569,4.880315673828125,4.806787014007568,0.4366956422066295,0.00454891293965239,0.00909782587930478
2,8,96,0.5,0.5009,relu,3,2,12,0.125,56000,16,8000,83.3,3,0.07648713684082065,5.108177734375,5.03169059753418,2.6051234147423563,0.027136702236899544,0.08141010671069863
2,8,96,1.0,1.0,relu,3,2,2,0.021,40500,16,8000,83.3,1,0.01748844146728512,5.757393798828125,5.73990535736084,81.18365399568356,0.8456630624550371,0.8456630624550371
2,16,16,1.0,1.0,identity,0,2,2,0.125,35500,16,8000,500.0,1,0.020664043426513956,5.444725341796875,5.424061298370361,7.147429035413723,0.4467143147133577,0.4467143147133577
2,8,96,0.75,0.7542,identity,4,2,12,0.125,61000,16,8000,83.3,3,0.06527029418945318,5.5384873046875,5.473217010498047,3.5540434561479963,0.03702128600154163,0.11106385800462489
2,8,96,1.0,1.0,relu,1,2,2,0.021,44500,16,8000,83.3,1,0.019217861175537365,5.632482421875,5.613264560699463,64.14130025924413,0.6681385443671264,0.6681385443671264
2,16,16,1.0,1.0,relu,1,2,2,0.125,34500,16,8000,500.0,1,0.013401996612548928,6.09436083984375,6.080958843231201,13.787793597750788,0.8617370998594243,0.8617370998594243
2,16,16,1.0,1.0,identity,4,2,2,0.125,36500,16,8000,500.0,1,0.016917663574218977,5.812488037109375,5.795570373535156,7.891676732737268,0.49322979579607923,0.49322979579607923
2,8,96,0.5,0.5116,identity,0,2,12,0.125,73000,16,8000,83.3,2,0.07612226104736308,4.67834375,4.602221488952637,0.30186230032160516,0.003144398961683387,0.006288797923366774
2,16,16,1.0,1.0,identity,2,2,2,0.125,41500,16,8000,500.0,2,0.01977813339233414,5.5342763671875,5.514498233795166,2.7534166877035107,0.17208854298146942,0.34417708596293883
2,8,96,0.75,0.7506,relu,1,2,12,0.125,65500,16,8000,83.3,3,0.06745011901855502,5.290886474609375,5.22343635559082,3.6250247627509466,0.03776067461198903,0.11328202383596708
2,8,96,0.75,0.7593,identity,0,2,12,0.125,73500,16,8000,83.3,2,0.06482806015014653,5.063380859375,4.9985527992248535,0.7230775082880664,0.0075320573780006915,0.015064114756001383
2,16,16,0.5,0.5089,identity,0,2,20,1.25,56500,16,8000,500.0,2,0.1813778190612796,4.788205078125,4.606827259063721,0.04732960354351657,0.0029581002214697856,0.005916200442939571
2,16,16,0.75,0.7562,identity,0,2,20,1.25,63000,16,8000,500.0,2,0.11817166137695345,5.1181220703125,4.999950408935547,0.05638762207244872,0.003524226379528045,0.00704845275905609
2,16,16,1.0,1.0,relu,3,2,2,0.125,57000,16,8000,500.0,1,0.013522392272949268,5.73062158203125,5.717099189758301,11.934688848282832,0.745918053017677,0.745918053017677
2,16,32,0.0,0.0,identity,0,0,18,0.562,58500,16,8000,250.0,2,0.08038153839111306,4.10728564453125,4.026904106140137,0.04079405133744503,0.0012748141042951571,0.0025496282085903143
2,16,32,1.0,1.0,identity,2,2,2,0.062,29000,16,8000,250.0,2,0.025003231048583707,5.53950146484375,5.514498233795166,5.633966893702036,0.17606146542818862,0.35212293085637725
2,16,16,0.0,0.0,identity,2,0,18,1.125,81500,16,8000,500.0,2,0.14166328430175756,4.448057861328125,4.306394577026367,0.02540227022422843,0.0015876418890142768,0.0031752837780285536
2,16,32,0.0,0.0,identity,4,0,18,0.562,60000,16,8000,250.0,2,0.07467495727539042,4.3254951171875,4.250820159912109,0.07304942680683722,0.002282794587713663,0.004565589175427326
2,16,16,0.0,0.0,identity,4,0,18,1.125,85000,16,8000,500.0,2,0.13293618774414107,4.38375634765625,4.250820159912109,0.041786856740305994,0.0026116785462691246,0.005223357092538249
2,16,16,0.25,0.257,identity,0,2,20,1.25,81500,16,8000,500.0,2,0.21435565185546857,4.499275390625,4.284919738769531,0.03654422101528847,0.002284013813455529,0.004568027626911058
2,16,32,0.25,0.2618,identity,2,2,20,0.625,59000,16,8000,250.0,2,0.07927556228637656,4.6007060546875,4.521430492401123,0.07412998305876906,0.002316561970586533,0.004633123941173066
2,16,32,0.5,0.5089,identity,0,2,20,0.625,56500,16,8000,250.0,2,0.07718177413940452,4.684009033203125,4.606827259063721,0.0837573714190553,0.002617417856845478,0.005234835713690956
2,16,32,1.0,1.0,relu,1,2,2,0.062,34500,16,8000,250.0,1,0.013578022003174262,6.094536865234375,6.080958843231201,27.778921063007257,0.8680912832189768,0.8680912832189768
2,16,16,0.25,0.2536,identity,4,2,20,1.25,85000,16,8000,500.0,2,0.16074512863159196,4.675912841796875,4.515167713165283,0.020466833514459878,0.0012791770946537424,0.0025583541893074847
2,16,16,0.5,0.5048,identity,4,2,20,1.25,82500,16,8000,500.0,2,0.14591920852661122,4.990870361328125,4.844951152801514,0.04019027030602461,0.002511891894126538,0.005023783788253076
2,16,16,0.5,0.516,identity,2,2,20,1.25,82500,16,8000,500.0,2,0.14898226547241222,4.96637890625,4.817396640777588,0.05457894683968434,0.003411184177480271,0.006822368354960542
2,16,32,0.75,0.7625,identity,2,2,20,0.625,47500,16,8000,250.0,2,0.06474293518066432,5.233343017578125,5.168600082397461,0.14674021599858936,0.004585631749955917,0.009171263499911835
2,16,32,0.75,0.7537,identity,4,2,20,0.625,50500,16,8000,250.0,2,0.06097237396240196,5.32941357421875,5.268441200256348,0.1570961995525937,0.0049092562360185535,0.009818512472037107
2,16,16,0.25,0.2618,identity,2,2,20,1.25,90500,16,8000,500.0,2,0.1848671150207517,4.706297607421875,4.521430492401123,0.034619619494911935,0.002163726218431996,0.004327452436863992
2,16,64,0.0,0.0,identity,2,0,18,0.281,37000,16,8000,125.0,2,0.10988105773925749,4.416275634765625,4.306394577026367,0.19164059196403493,0.002994384249438046,0.005988768498876092
2,16,32,0.75,0.7562,identity,0,2,20,0.625,55000,16,8000,250.0,2,0.06442117309570339,5.06437158203125,4.999950408935547,0.2061462857152403,0.006442071428601259,0.012884142857202519
2,16,32,1.0,1.0,identity,4,2,2,0.062,46000,16,8000,250.0,1,0.017938415527344098,5.8135087890625,5.795570373535156,13.521820272456234,0.4225568835142573,0.4225568835142573
2,16,32,0.5,0.5048,identity,4,2,20,0.625,61000,16,8000,250.0,2,0.07016212844848635,4.91511328125,4.844951152801514,0.06640164883802625,0.0020750515261883204,0.004150103052376641
2,16,32,0.0,0.0,relu,1,0,18,0.562,76000,16,8000,250.0,3,0.08172337722778344,4.42464892578125,4.342925548553467,0.12340326535329811,0.003856352042290566,0.011569056126871698
2,16,32,0.25,0.2536,identity,4,2,20,0.625,69500,16,8000,250.0,2,0.07498145675659185,4.590149169921875,4.515167713165283,0.03895284703748394,0.001217276469921373,0.002434552939842746
2,16,16,0.75,0.7625,identity,2,2,20,1.25,90000,16,8000,500.0,2,0.09832276916503879,5.2669228515625,5.168600082397461,0.11997835028900485,0.007498646893062803,0.014997293786125606
2,16,32,0.0,0.0,relu,3,0,18,0.562,77000,16,8000,250.0,3,0.07531160354614297,4.497281494140625,4.421969890594482,0.23247226971434468,0.007264758428573271,0.021794275285719814
2,16,32,0.5,0.5007,relu,1,2,20,0.625,62500,16,8000,250.0,3,0.0793023872375489,5.1155224609375,5.036220073699951,0.5550082045281014,0.01734400639150317,0.0520320191745095
2,16,32,0.0,0.0,identity,2,0,18,0.562,81500,16,8000,250.0,2,0.07105952453613273,4.3774541015625,4.306394577026367,0.0742781159152158,0.0023211911223504937,0.004642382244700987
2,16,32,1.0,1.0,identity,0,2,2,0.062,58500,16,8000,250.0,1,0.01934690475463885,5.443408203125,5.424061298370361,13.714447110922878,0.42857647221633993,0.42857647221633993
2,16,32,0.5,0.516,identity,2,2,20,0.625,77000,16,8000,250.0,2,0.0686729393005372,4.886069580078125,4.817396640777588,0.15635949244217973,0.0048862341388181164,0.009772468277636233
2,16,32,0.25,0.257,identity,0,2,20,0.625,81500,16,8000,250.0,2,0.07652288818359398,4.361442626953125,4.284919738769531,0.06347887316157343,0.0019837147862991696,0.003967429572598339
2,16,64,0.0,0.0,identity,0,0,18,0.281,51500,16,8000,125.0,2,0.10365363311767606,4.130557739257813,4.026904106140137,0.08310018470186606,0.0012984403859666572,0.0025968807719333143
2,16,16,0.0,0.0,identity,0,0,18,1.125,112000,16,8000,500.0,2,0.15385810089111285,4.18076220703125,4.026904106140137,0.02979030363243377,0.0018618939770271106,0.003723787954054221
2,16,16,0.75,0.7537,identity,4,2,20,1.25,101000,16,8000,500.0,2,0.09507833099365204,5.36351953125,5.268441200256348,0.1185063925819524,0.007406649536372025,0.01481329907274405
2,16,32,1.0,1.0,relu,3,2,2,0.062,57000,16,8000,250.0,1,0.015318778991699311,5.73241796875,5.717099189758301,16.247569612004497,0.5077365503751405,0.5077365503751405
2,16,32,0.25,0.2505,relu,1,2,20,0.625,81500,16,8000,250.0,3,0.08277081298828115,4.70605419921875,4.623283386230469,0.3455051603423432,0.010797036260698225,0.032391108782094676
2,16,32,0.75,0.7501,relu,3,2,20,0.625,68500,16,8000,250.0,3,0.06953629684448259,5.3998857421875,5.330349445343018,0.9740546512820946,0.030439207852565455,0.09131762355769636
2,16,64,0.0,0.0,relu,3,0,18,0.281,49000,16,8000,125.0,3,0.09723396682739249,4.519203857421875,4.421969890594482,0.2039623380013571,0.0031869115312712047,0.009560734593813614
2,16,16,0.75,0.7501,relu,3,2,20,1.25,105000,16,8000,500.0,2,0.14871744918823282,5.47906689453125,5.330349445343018,2.032464598302853,0.12702903739392832,0.25405807478785664
2,16,16,0.0,0.0,relu,1,0,18,1.125,116000,16,8000,500.0,3,0.23063524246215827,4.573560791015625,4.342925548553467,1.4588749781276886,0.09117968613298054,0.2735390583989416
2,16,64,0.0,0.0,relu,1,0,18,0.281,56000,16,8000,125.0,3,0.1026262092590331,4.4455517578125,4.342925548553467,0.1533422022841959,0.002395971910690561,0.007187915732071682
2,16,64,1.0,1.0,identity,4,2,2,0.031,27500,16,8000,125.0,1,0.027393493652343892,5.8229638671875,5.795570373535156,25.83159484915635,0.40361866951806796,0.40361866951806796
2,16,64,1.0,1.0,identity,2,2,2,0.031,29000,16,8000,125.0,2,0.030633602142334126,5.5451318359375,5.514498233795166,11.75673022315075,0.18369890973673048,0.36739781947346095
2,16,64,0.0,0.0,identity,4,0,18,0.281,60000,16,8000,125.0,2,0.09222964477539097,4.3430498046875,4.250820159912109,0.10791852475518528,0.00168622694929977,0.00337245389859954
2,16,32,0.5,0.5002,relu,3,2,20,0.625,82000,16,8000,250.0,3,0.07538417434692413,5.04541162109375,4.970027446746826,0.525106050697049,0.01640956408428278,0.049228692252848344
2,16,64,0.25,0.2502,relu,3,2,20,0.312,42000,16,8000,125.0,3,0.10234475708007817,4.752868896484375,4.650524139404297,0.43747019091191447,0.006835471732998664,0.02050641519899599
2,16,16,0.0,0.0,relu,3,0,18,1.125,121500,16,8000,500.0,2,0.23440315628051778,4.656373046875,4.421969890594482,0.9301837740043972,0.058136485875274826,0.11627297175054965
2,16,32,0.25,0.2502,relu,3,2,20,0.625,94500,16,8000,250.0,3,0.0779468078613279,4.728470947265625,4.650524139404297,0.2618241984344375,0.008182006201076172,0.024546018603228515
2,16,64,0.75,0.7537,identity,4,2,20,0.312,37000,16,8000,125.0,2,0.08331832122802751,5.351759521484375,5.268441200256348,0.3279775182833694,0.005124648723177647,0.010249297446355294
2,16,32,0.75,0.7506,relu,1,2,20,0.625,82500,16,8000,250.0,3,0.06366129302978507,5.602272705078125,5.53861141204834,1.4878716434940105,0.04649598885918783,0.1394879665775635
2,16,64,1.0,1.0,identity,0,2,2,0.031,33500,16,8000,125.0,1,0.029088848114013466,5.453150146484375,5.424061298370361,23.07119826144608,0.360487472835095,0.360487472835095
2,16,64,0.25,0.257,identity,0,2,20,0.312,57500,16,8000,125.0,2,0.10698504638671835,4.39190478515625,4.284919738769531,0.12513773892614066,0.001955277170720948,0.003910554341441896
2,16,16,0.25,0.2505,relu,1,2,20,1.25,126000,16,8000,500.0,3,0.27113360595703107,4.8944169921875,4.623283386230469,1.3351595334434616,0.08344747084021635,0.25034241252064904
2,16,64,0.75,0.7625,identity,2,2,20,0.312,44000,16,8000,125.0,2,0.08202784729003909,5.2506279296875,5.168600082397461,0.6660505478866479,0.010407039810728873,0.020814079621457746
2,16,64,0.5,0.5007,relu,1,2,20,0.312,45000,16,8000,125.0,3,0.09512440872192407,5.131344482421875,5.036220073699951,0.8675358859649082,0.01355524821820169,0.04066574465460507
2,16,64,1.0,1.0,relu,1,2,2,0.031,34500,16,8000,125.0,1,0.014946674346924205,6.095905517578125,6.080958843231201,54.00939120563506,0.8438967375880478,0.8438967375880478
2,16,64,0.5,0.5089,identity,0,2,20,0.312,57000,16,8000,125.0,2,0.09616199874877918,4.7029892578125,4.606827259063721,0.253179438536951,0.00395592872713986,0.00791185745427972
2,16,64,0.75,0.7506,relu,1,2,20,0.312,51000,16,8000,125.0,3,0.07961710357665996,5.618228515625,5.53861141204834,2.2952711511276287,0.0358636117363692,0.10759083520910759
2,16,64,0.25,0.2505,relu,1,2,20,0.312,62500,16,8000,125.0,3,0.09958258056640634,4.722865966796875,4.623283386230469,0.489468251339135,0.007647941427173985,0.022943824281521953
2,16,16,0.5,0.5002,relu,3,2,20,1.25,136000,16,8000,500.0,2,0.2077464790344239,5.17777392578125,4.970027446746826,1.7157655599104586,0.10723534749440367,0.21447069498880733
2,16,64,0.75,0.7501,relu,3,2,20,0.312,51500,16,8000,125.0,3,0.07997208786010734,5.410321533203125,5.330349445343018,1.8197057255344147,0.02843290196147523,0.08529870588442569
2,16,64,0.5,0.5048,identity,4,2,20,0.312,61000,16,8000,125.0,2,0.08634767532348597,4.931298828125,4.844951152801514,0.25895822259441703,0.004046222228037766,0.008092444456075532
2,16,64,0.5,0.516,identity,2,2,20,0.312,64000,16,8000,125.0,2,0.09004037094116235,4.90743701171875,4.817396640777588,0.30328881584791795,0.004738887747623718,0.009477775495247436
2,16,96,1.0,1.0,identity,0,2,2,0.021,23000,16,8000,83.3,1,0.03897385787963881,5.46303515625,5.424061298370361,27.64121401232899,0.28792931262842697,0.28792931262842697
2,16,64,0.5,0.5002,relu,3,2,20,0.312,61000,16,8000,125.0,3,0.0907169380187991,5.060744384765625,4.970027446746826,0.7919297199631942,0.012373901874424909,0.03712170562327473
2,16,96,0.0,0.0,relu,1,0,18,0.188,45500,16,8000,83.3,3,0.12113743972778312,4.46406298828125,4.342925548553467,0.23014369761849468,0.002397330183525986,0.007191990550577958
2,16,16,0.75,0.7506,relu,1,2,20,1.25,138000,16,8000,500.0,2,0.15336344146728553,5.691974853515625,5.53861141204834,2.317976447019564,0.14487352793872274,0.2897470558774455
2,16,16,0.5,0.5007,relu,1,2,20,1.25,142000,16,8000,500.0,2,0.219221576690674,5.255441650390625,5.036220073699951,1.6150748084633038,0.10094217552895648,0.20188435105791297
2,16,64,0.25,0.2618,identity,2,2,20,0.312,76000,16,8000,125.0,2,0.09284148025512717,4.61427197265625,4.521430492401123,0.10402140739946157,0.001625334490616587,0.003250668981233174
2,16,96,0.25,0.2502,relu,3,2,20,0.208,42000,16,8000,83.3,3,0.11577127075195293,4.76629541015625,4.650524139404297,0.4653520333657089,0.004847417014226135,0.014542251042678403
2,16,64,0.25,0.2536,identity,4,2,20,0.312,76500,16,8000,125.0,2,0.09069849777221695,4.6058662109375,4.515167713165283,0.15674769235477287,0.002449182693043326,0.004898365386086652
2,16,96,1.0,1.0,relu,1,2,2,0.021,27500,16,8000,83.3,1,0.01837099075317372,6.099329833984375,6.080958843231201,74.68316009826216,0.7779495843568975,0.7779495843568975
2,16,16,0.25,0.2502,relu,3,2,20,1.25,150000,16,8000,500.0,2,0.2744480285644535,4.92497216796875,4.650524139404297,1.5125345747983887,0.0945334109248993,0.1890668218497986
2,16,96,0.25,0.2505,relu,1,2,20,0.208,46000,16,8000,83.3,3,0.11969561767578085,4.74297900390625,4.623283386230469,0.5646218940083896,0.005881478062587392,0.017644434187762174
2,16,64,1.0,1.0,relu,3,2,2,0.031,54000,16,8000,125.0,1,0.017626396179199588,5.7347255859375,5.717099189758301,31.675275706042317,0.4949261829069112,0.4949261829069112
2,16,96,0.0,0.0,relu,3,0,18,0.188,49000,16,8000,83.3,3,0.11094954299926751,4.53291943359375,4.421969890594482,0.32568575648140224,0.00339255996334794,0.01017767989004382
2,16,96,1.0,1.0,relu,3,2,2,0.021,29000,16,8000,83.3,2,0.022251396179199467,5.7393505859375,5.717099189758301,39.5775381578724,0.41226602247783745,0.8245320449556749
2,16,64,0.75,0.7562,identity,0,2,20,0.312,70500,16,8000,125.0,2,0.07507742309570276,5.07502783203125,4.999950408935547,0.4551049037488205,0.0071110141210753205,0.014222028242150641
2,16,96,1.0,1.0,identity,2,2,2,0.021,36000,16,8000,83.3,1,0.034833065032959354,5.549331298828125,5.514498233795166,22.877737674553565,0.2383097674432663,0.2383097674432663
2,16,96,0.5,0.5007,relu,1,2,20,0.208,45000,16,8000,83.3,4,0.10959462356567418,5.145814697265625,5.036220073699951,1.2047630136654695,0.012549614725681973,0.050198458902727894
2,16,96,1.0,1.0,identity,4,2,2,0.021,37000,16,8000,83.3,1,0.03142352294921835,5.826993896484375,5.795570373535156,65.67855174514729,0.6841515806786176,0.6841515806786176
2,16,96,0.75,0.7625,identity,2,2,20,0.208,44000,16,8000,83.3,2,0.09188404846191389,5.260484130859375,5.168600082397461,0.7172066199868007,0.007470902291529174,0.014941804583058348
2,16,96,0.75,0.7506,relu,1,2,20,0.208,45500,16,8000,83.3,3,0.0926341934204098,5.63124560546875,5.53861141204834,4.14836103193938,0.04321209408270188,0.12963628224810564
2,16,96,0.5,0.5002,relu,3,2,20,0.208,51500,16,8000,83.3,3,0.10609413528442424,5.07612158203125,4.970027446746826,1.3681856991524757,0.014251934366171622,0.042755803098514865
2,16,96,0.75,0.7537,identity,4,2,20,0.208,50000,16,8000,83.3,2,0.08783638763427692,5.356277587890625,5.268441200256348,0.44249450149486635,0.004609317723904858,0.009218635447809716
2,16,96,0.75,0.7562,identity,0,2,20,0.208,54500,16,8000,83.3,2,0.09178616333007827,5.091736572265625,4.999950408935547,0.898462014645716,0.009358979319226208,0.018717958638452416
2,16,96,0.0,0.0,identity,4,0,18,0.188,69500,16,8000,83.3,2,0.10001919555664074,4.35083935546875,4.250820159912109,0.2010389838737791,0.0020941560820185324,0.004188312164037065
2,16,96,0.5,0.5048,identity,4,2,20,0.208,60500,16,8000,83.3,2,0.09898732376098618,4.9439384765625,4.844951152801514,0.28434195479924224,0.0029618953624921066,0.005923790724984213
2,16,96,0.75,0.7501,relu,3,2,20,0.208,51500,16,8000,83.3,3,0.09097233200073251,5.42132177734375,5.330349445343018,2.6828628256254525,0.0279464877669318,0.08383946330079539
2,16,96,0.25,0.2536,identity,4,2,20,0.208,69500,16,8000,83.3,2,0.10464649581909136,4.619814208984375,4.515167713165283,0.24889635231232357,0.002592670336586704,0.005185340673173408
2,16,96,0.0,0.0,identity,0,0,18,0.188,76500,16,8000,83.3,2,0.10288153839111303,4.12978564453125,4.026904106140137,0.11257884752613541,0.0011726963283972438,0.0023453926567944877
2,16,96,0.25,0.2618,identity,2,2,20,0.208,70000,16,8000,83.3,2,0.10806340408325177,4.629493896484375,4.521430492401123,0.20512029026102413,0.002136669690219001,0.004273339380438002
2,16,96,0.0,0.0,identity,2,0,18,0.188,78000,16,8000,83.3,2,0.09715937805175745,4.403553955078125,4.306394577026367,0.2202735543941108,0.002294516191605321,0.004589032383210642
2,16,96,0.25,0.257,identity,0,2,20,0.208,81500,16,8000,83.3,2,0.10557489013671884,4.39049462890625,4.284919738769531,0.2132606114426263,0.0022214647025273573,0.004442929405054715
2,16,96,0.5,0.5089,identity,0,2,20,0.208,79000,16,8000,83.3,2,0.09937659835815449,4.706203857421875,4.606827259063721,0.33676044552825074,0.003507921307585945,0.00701584261517189
2,16,96,0.5,0.516,identity,2,2,20,0.208,77000,16,8000,83.3,2,0.09465462875366182,4.91205126953125,4.817396640777588,0.3612281314772362,0.0037627930362212104,0.007525586072442421
2,32,16,0.0,0.0,identity,0,0,34,2.125,77500,16,8000,500.0,2,0.5955248832702633,4.70137939453125,4.105854511260986,0.05292458371990585,0.0033077864824941155,0.006615572964988231
2,32,16,1.0,1.0,relu,3,2,2,0.125,52000,16,8000,500.0,1,0.013626399993896143,6.21762353515625,6.2039971351623535,6.366711075089714,0.3979194421931071,0.3979194421931071
2,32,16,0.0,0.0,identity,2,0,34,2.125,86000,16,8000,500.0,2,0.5406429710388183,4.839660400390625,4.299017429351807,0.05174728413102775,0.0032342052581892343,0.006468410516378469
2,32,16,0.0,0.0,identity,4,0,34,2.125,87000,16,8000,500.0,2,0.4791378479003905,4.596291015625,4.117153167724609,0.04878019155795121,0.0030487619723719504,0.006097523944743901
2,32,16,1.0,1.0,relu,1,2,2,0.125,58000,16,8000,500.0,1,0.013033561706542685,6.03894775390625,6.025914192199707,9.943446308542367,0.6214653942838979,0.6214653942838979
2,32,16,1.0,1.0,identity,2,2,2,0.125,62000,16,8000,500.0,2,0.016521804809570106,5.534357421875,5.51783561706543,1.2810298141670107,0.08006436338543817,0.16012872677087633
2,32,16,1.0,1.0,identity,0,2,2,0.125,65000,16,8000,500.0,1,0.015762947082519574,5.675349853515625,5.6595869064331055,10.31562482707086,0.6447265516919287,0.6447265516919287
2,32,16,0.25,0.2605,identity,2,2,36,2.25,86000,16,8000,500.0,2,0.505366065979004,5.042764404296875,4.537398338317871,0.06188458224708024,0.003867786390442515,0.00773557278088503
2,32,16,1.0,1.0,identity,4,2,2,0.125,67000,16,8000,500.0,1,0.015351909637451477,5.544653076171875,5.529301166534424,10.24256129792785,0.6401600811204906,0.6401600811204906
2,32,32,1.0,1.0,identity,2,2,2,0.062,38000,16,8000,250.0,1,0.02247981262207066,5.5403154296875,5.51783561706543,4.3267750097371955,0.13521171905428736,0.13521171905428736
2,32,16,0.5,0.5093,identity,0,2,36,2.25,83000,16,8000,500.0,2,0.4347593002319332,5.068762939453125,4.634003639221191,0.07383993057229932,0.004614995660768707,0.009229991321537415
2,32,16,0.25,0.2534,identity,4,2,36,2.25,93000,16,8000,500.0,2,0.4579202232360844,4.82837548828125,4.370455265045166,0.054636141795153866,0.0034147588621971166,0.006829517724394233
2,32,32,0.0,0.0,identity,2,0,34,1.062,69500,16,8000,250.0,2,0.12201699447631853,4.421034423828125,4.299017429351807,0.028885329136988012,0.0009026665355308754,0.0018053330710617508
2,32,32,0.25,0.2572,identity,0,2,36,1.125,68000,16,8000,250.0,2,0.14742726135253914,4.42839306640625,4.280965805053711,0.03617712900781545,0.0011305352814942329,0.0022610705629884657
2,32,32,1.0,1.0,identity,0,2,2,0.062,47500,16,8000,250.0,1,0.020492439270019425,5.680079345703125,5.6595869064331055,17.663784081051016,0.5519932525328443,0.5519932525328443
2,32,16,0.25,0.2572,identity,0,2,36,2.25,104000,16,8000,500.0,2,0.5557102203369144,4.836676025390625,4.280965805053711,0.054326382622385413,0.0033953989138990883,0.006790797827798177
2,32,16,0.5,0.5134,identity,2,2,36,2.25,92500,16,8000,500.0,2,0.38398130798339825,5.2230869140625,4.839105606079102,0.06944133557435704,0.004340083473397315,0.00868016694679463
2,32,16,0.75,0.7593,identity,2,2,36,2.25,88500,16,8000,500.0,2,0.22595104598998983,5.4108212890625,5.18487024307251,0.07403768754805383,0.004627355471753364,0.009254710943506729
2,32,32,0.25,0.2534,identity,4,2,36,1.125,73000,16,8000,250.0,2,0.13549151229858403,4.50594677734375,4.370455265045166,0.03549682287829375,0.0011092757149466796,0.0022185514298933592
2,32,16,0.75,0.7568,identity,0,2,36,2.25,91000,16,8000,500.0,2,0.25922829818725557,5.347506591796875,5.088278293609619,0.08644788853458685,0.005402993033411678,0.010805986066823356
2,32,16,0.75,0.7533,identity,4,2,36,2.25,88000,16,8000,500.0,2,0.2074111938476566,5.27237548828125,5.064964294433594,0.16043382988385632,0.01002711436774102,0.02005422873548204
2,32,32,1.0,1.0,relu,3,2,2,0.062,41000,16,8000,250.0,1,0.016080745697021115,6.220077880859375,6.2039971351623535,14.171492324457382,0.4428591351392932,0.4428591351392932
2,32,16,0.5,0.5045,identity,4,2,36,2.25,96000,16,8000,500.0,2,0.3497821922302249,5.028552734375,4.678770542144775,0.06240562424747141,0.003900351515466963,0.007800703030933926
2,32,32,0.0,0.0,identity,4,0,34,1.062,85500,16,8000,250.0,2,0.11439004516601603,4.231543212890625,4.117153167724609,0.03818861408679033,0.0011933941902121977,0.0023867883804243955
2,32,32,0.5,0.5093,identity,0,2,36,1.125,79000,16,8000,250.0,2,0.12481008148193329,4.758813720703125,4.634003639221191,0.04429089163233815,0.0013840903635105673,0.0027681807270211346
2,32,32,0.5,0.5045,identity,4,2,36,1.125,76500,16,8000,250.0,2,0.11571065902709954,4.794481201171875,4.678770542144775,0.0714141479228967,0.002231692122590522,0.004463384245181044
2,32,32,1.0,1.0,relu,1,2,2,0.062,52000,16,8000,250.0,1,0.015063346862793203,6.0409775390625,6.025914192199707,20.947247770761752,0.6546014928363048,0.6546014928363048
2,32,16,0.0,0.0,relu,3,0,34,2.125,121000,16,8000,500.0,3,0.5813496284484865,4.95169140625,4.370341777801514,0.6831528204606253,0.04269705127878908,0.12809115383636724
2,32,32,0.25,0.2605,identity,2,2,36,1.125,89000,16,8000,250.0,2,0.1314495620727536,4.668847900390625,4.537398338317871,0.034852939963703054,0.0010891543738657204,0.002178308747731441
2,32,32,1.0,1.0,identity,4,2,2,0.062,60000,16,8000,250.0,1,0.017861675262451193,5.547162841796875,5.529301166534424,12.985347856730003,0.4057921205228126,0.4057921205228126
2,32,32,0.75,0.7533,identity,4,2,36,1.125,74500,16,8000,250.0,2,0.09105084228515636,5.15601513671875,5.064964294433594,0.09259291170131978,0.002893528490666243,0.005787056981332486
2,32,32,0.75,0.7568,identity,0,2,36,1.125,79000,16,8000,250.0,2,0.0947309837341308,5.18300927734375,5.088278293609619,0.0709516014601922,0.0022172375456310065,0.004434475091262013
2,32,64,0.0,0.0,identity,2,0,34,0.531,46500,16,8000,125.0,2,0.13700844955444325,4.43602587890625,4.299017429351807,0.07989808338387629,0.001248407552873067,0.002496815105746134
2,32,64,0.0,0.0,identity,0,0,34,0.531,53000,16,8000,125.0,2,0.14044846725463866,4.246302978515625,4.105854511260986,0.11732836798672049,0.0018332557497925076,0.003666511499585015
2,32,32,0.5,0.5134,identity,2,2,36,1.125,89000,16,8000,250.0,2,0.1144861907958985,4.953591796875,4.839105606079102,0.06289049357600604,0.0019653279242501888,0.0039306558485003775
2,32,64,0.0,0.0,identity,4,0,34,0.531,49500,16,8000,125.0,2,0.12974868774414094,4.24690185546875,4.117153167724609,0.13165673154139282,0.002057136430334263,0.004114272860668526
2,32,32,0.0,0.0,relu,3,0,34,1.062,102500,16,8000,250.0,3,0.16584938430786167,4.536191162109375,4.370341777801514,0.25168575832363393,0.00786517994761356,0.02359553984284068
2,32,32,0.0,0.0,identity,0,0,34,1.062,107000,16,8000,250.0,2,0.12022312545776348,4.22607763671875,4.105854511260986,0.0366782834270609,0.0011461963570956531,0.0022923927141913062
2,32,32,0.75,0.7593,identity,2,2,36,1.125,88500,16,8000,250.0,2,0.08789513778686509,5.272765380859375,5.18487024307251,0.10276710556757977,0.003211472048986868,0.006422944097973736
2,32,32,0.25,0.2501,relu,3,2,36,1.125,102500,16,8000,250.0,3,0.1861882171630862,4.84464501953125,4.658456802368164,0.3503677486916823,0.010948992146615072,0.032846976439845216
2,32,16,0.5,0.5009,relu,1,2,36,2.25,123000,16,8000,500.0,2,0.49732749176025415,5.503689453125,5.006361961364746,2.0432767891526136,0.12770479932203835,0.2554095986440767
2,32,64,0.25,0.2605,identity,2,2,36,0.562,49000,16,8000,125.0,2,0.13631381988525426,4.673712158203125,4.537398338317871,0.08209155168455137,0.0012826804950711152,0.0025653609901422304
2,32,64,1.0,1.0,relu,1,2,2,0.031,26000,16,8000,125.0,1,0.021474235534667763,6.047388427734375,6.025914192199707,32.96636128995326,0.5150993951555197,0.5150993951555197
2,32,64,0.25,0.2534,identity,4,2,36,0.562,49500,16,8000,125.0,2,0.12908404159545928,4.499539306640625,4.370455265045166,0.12345307016760622,0.0019289542213688472,0.0038579084427376943
2,32,16,0.75,0.75,relu,3,2,36,2.25,118000,16,8000,500.0,2,0.2786403923034664,5.87998974609375,5.601349353790283,1.9080127067773163,0.11925079417358227,0.23850158834716453
2,32,32,0.25,0.2506,relu,1,2,36,1.125,107500,16,8000,250.0,3,0.2200273551940919,4.8507041015625,4.630676746368408,0.5961937058781325,0.01863105330869164,0.05589315992607492
2,32,64,0.75,0.7568,identity,0,2,36,0.562,40000,16,8000,125.0,2,0.106934597015381,5.195212890625,5.088278293609619,0.32295766408733095,0.005046213501364546,0.010092427002729092
2,32,64,0.25,0.2572,identity,0,2,36,0.562,54500,16,8000,125.0,2,0.1372346343994142,4.418200439453125,4.280965805053711,0.0971554541465573,0.0015180539710399578,0.0030361079420799155
2,32,32,0.0,0.0,relu,1,0,34,1.062,113500,16,8000,250.0,3,0.1789782333374026,4.52835205078125,4.349373817443848,0.3163770673478488,0.009886783354620276,0.02966035006386083
2,32,64,1.0,1.0,relu,3,2,2,0.031,27500,16,8000,125.0,1,0.02080291366577125,6.224800048828125,6.2039971351623535,27.314070601155635,0.4267823531430568,0.4267823531430568
2,32,64,1.0,1.0,identity,2,2,2,0.031,36000,16,8000,125.0,1,0.028436843872070128,5.5462724609375,5.51783561706543,11.762139887642522,0.18378343574441441,0.18378343574441441
2,32,32,0.5,0.5001,relu,3,2,36,1.125,102500,16,8000,250.0,2,0.1649544601440427,5.246380126953125,5.081425666809082,0.33673842974047546,0.010523075929389858,0.021046151858779717
2,32,64,0.25,0.2501,relu,3,2,36,0.562,52500,16,8000,125.0,3,0.13877854919433563,4.7972353515625,4.658456802368164,0.2159399549625717,0.003374061796290183,0.01012218538887055
2,32,16,0.25,0.2501,relu,3,2,36,2.25,141000,16,8000,500.0,3,0.5323596038818357,5.19081640625,4.658456802368164,1.2041329276436972,0.07525830797773107,0.2257749239331932
2,32,64,1.0,1.0,identity,4,2,2,0.031,38000,16,8000,125.0,1,0.02688511276245098,5.556186279296875,5.529301166534424,29.620977477309577,0.46282777308296214,0.46282777308296214
2,32,16,0.0,0.0,relu,1,0,34,2.125,150000,16,8000,500.0,2,0.6504425888061522,4.99981640625,4.349373817443848,1.3354389408613798,0.08346493380383624,0.16692986760767248
2,32,64,0.0,0.0,relu,1,0,34,0.531,64000,16,8000,125.0,3,0.14749898529052707,4.496872802734375,4.349373817443848,0.1841129492775364,0.0028767648324615064,0.00863029449738452
2,32,64,0.5,0.5093,identity,0,2,36,0.562,54500,16,8000,125.0,2,0.12326955413818386,4.757273193359375,4.634003639221191,0.1840506644533344,0.00287579163208335,0.0057515832641667
2,32,16,0.25,0.2506,relu,1,2,36,2.25,150000,16,8000,500.0,3,0.6380268669128419,5.26870361328125,4.630676746368408,1.3496578426693853,0.08435361516683658,0.2530608455005097
2,32,64,0.75,0.7533,identity,4,2,36,0.562,49000,16,8000,125.0,2,0.09863165283203124,5.163595947265625,5.064964294433594,0.2705554813041604,0.004227429395377506,0.008454858790755013
2,32,64,1.0,1.0,identity,0,2,2,0.031,47500,16,8000,125.0,1,0.026290534973144375,5.68587744140625,5.6595869064331055,33.126732534667546,0.5176051958541804,0.5176051958541804
2,32,32,0.75,0.7508,relu,1,2,36,1.125,105500,16,8000,250.0,3,0.15353055572509788,5.630420166015625,5.476889610290527,0.9685780153271096,0.030268062978972176,0.09080418893691652
2,32,16,0.75,0.7508,relu,1,2,36,2.25,135000,16,8000,500.0,2,0.3010884170532231,5.77797802734375,5.476889610290527,2.209548132435453,0.13809675827721582,0.27619351655443164
2,32,64,0.5,0.5134,identity,2,2,36,0.562,61000,16,8000,125.0,2,0.11999961853027319,4.959105224609375,4.839105606079102,0.1406870574249938,0.002198235272265528,0.004396470544531056
2,32,32,0.75,0.75,relu,3,2,36,1.125,105000,16,8000,250.0,2,0.14198365402221658,5.7433330078125,5.601349353790283,0.6483321720977426,0.020260380378054457,0.040520760756108914
2,32,32,0.5,0.5009,relu,1,2,36,1.125,117500,16,8000,250.0,3,0.19485776519775388,5.2012197265625,5.006361961364746,0.6648373516546128,0.02077616723920665,0.062328501717619944
2,32,64,0.5,0.5009,relu,1,2,36,0.562,64500,16,8000,125.0,3,0.13558579254150427,5.14194775390625,5.006361961364746,0.6171371622601624,0.009642768160315037,0.028928304480945112
2,32,16,0.5,0.5001,relu,3,2,36,2.25,150000,16,8000,500.0,2,0.42002843475341756,5.5014541015625,5.081425666809082,1.466213344326881,0.09163833402043006,0.18327666804086012
2,32,64,0.0,0.0,relu,3,0,34,0.531,79500,16,8000,125.0,3,0.13142580032348672,4.501767578125,4.370341777801514,0.1900354424331492,0.0029693037880179564,0.00890791136405387
2,32,64,0.75,0.7593,identity,2,2,36,0.562,61000,16,8000,125.0,2,0.09822546005249055,5.283095703125,5.18487024307251,0.1912895805214363,0.002988899695647442,0.005977799391294884
2,32,64,0.25,0.2506,relu,1,2,36,0.562,78000,16,8000,125.0,3,0.14364014816284154,4.77431689453125,4.630676746368408,0.3136309616151959,0.004900483775237436,0.014701451325712307
2,32,64,0.5,0.5001,relu,3,2,36,0.562,65000,16,8000,125.0,3,0.12742882537841815,5.2088544921875,5.081425666809082,0.47423478821017206,0.0074099185657839385,0.022229755697351816
2,32,96,0.25,0.2572,identity,0,2,36,0.375,44000,16,8000,83.3,2,0.1694438629150392,4.45040966796875,4.280965805053711,0.17465377205974664,0.0018193101256223608,0.0036386202512447216
2,32,96,0.0,0.0,identity,4,0,34,0.354,49500,16,8000,83.3,2,0.152340728759766,4.269493896484375,4.117153167724609,0.25472840496390003,0.0026534208850406255,0.005306841770081251
2,32,96,1.0,1.0,identity,0,2,2,0.021,31000,16,8000,83.3,1,0.034851081848144894,5.69443798828125,5.6595869064331055,38.38454455599176,0.3998390057915808,0.3998390057915808
2,32,64,0.5,0.5045,identity,4,2,36,0.562,76500,16,8000,125.0,2,0.11173604965209982,4.790506591796875,4.678770542144775,0.19608135635572663,0.0030637711930582285,0.006127542386116457
2,32,96,0.0,0.0,identity,0,0,34,0.354,53500,16,8000,83.3,2,0.16333176803588856,4.269186279296875,4.105854511260986,0.14262407160676965,0.0014856674125705172,0.0029713348251410344
2,32,96,1.0,1.0,relu,1,2,2,0.021,28000,16,8000,83.3,1,0.02218004608154267,6.04809423828125,6.025914192199707,47.776604154063065,0.4976729599381569,0.4976729599381569
2,32,96,0.25,0.2605,identity,2,2,36,0.375,49000,16,8000,83.3,2,0.16140097808837872,4.69879931640625,4.537398338317871,0.14303084843585834,0.0014899046712068577,0.0029798093424137154
2,32,96,0.5,0.5045,identity,4,2,36,0.375,42000,16,8000,83.3,2,0.14453951644897423,4.82331005859375,4.678770542144775,0.2292959260734204,0.0023884992299314624,0.004776998459862925
2,32,96,0.25,0.2534,identity,4,2,36,0.375,49500,16,8000,83.3,2,0.14964922714233442,4.5201044921875,4.370455265045166,0.18200998658333567,0.0018959373602430798,0.0037918747204861596
2,32,96,1.0,1.0,identity,2,2,2,0.021,36000,16,8000,83.3,2,0.035959793090820646,5.55379541015625,5.51783561706543,14.566095902252552,0.1517301656484641,0.3034603312969282
2,32,64,0.75,0.7508,relu,1,2,36,0.562,72500,16,8000,125.0,3,0.11603006744384725,5.592919677734375,5.476889610290527,1.1738993448599835,0.018342177263437242,0.05502653179031172
2,32,96,0.75,0.7568,identity,0,2,36,0.375,40000,16,8000,83.3,3,0.12612063217163083,5.21439892578125,5.088278293609619,2.1385603739375254,0.022276670561849222,0.06683001168554767
2,32,96,0.0,0.0,identity,2,0,34,0.354,60500,16,8000,83.3,2,0.15213247299194332,4.45114990234375,4.299017429351807,0.16170999989257726,0.0016844791655476797,0.0033689583310953595
2,32,96,0.25,0.2501,relu,3,2,36,0.375,52500,16,8000,83.3,3,0.1580698089599606,4.816526611328125,4.658456802368164,0.32972215485319045,0.003434605779720734,0.010303817339162202
2,32,96,0.0,0.0,relu,3,0,34,0.354,60000,16,8000,83.3,3,0.156560077667236,4.52690185546875,4.370341777801514,0.1516351718495929,0.0015795330400999261,0.004738599120299778
2,32,96,0.5,0.5009,relu,1,2,36,0.375,49500,16,8000,83.3,3,0.1583123550415042,5.16467431640625,5.006361961364746,0.7922511283396816,0.008252615920205016,0.024757847760615053
4,1,16,0.0,0.0,identity,4,0,5,0.312,46500,16,8000,500.0,3,0.03561203384399381,4.283698486328125,4.248086452484131,0.5664583526824581,0.035403647042653634,0.1062109411279609
2,32,96,0.5,0.5093,identity,0,2,36,0.375,54500,16,8000,83.3,2,0.14297609710693315,4.776979736328125,4.634003639221191,0.3381444896481874,0.0035223384338352853,0.0070446768676705705
2,32,64,0.75,0.75,relu,3,2,36,0.562,83500,16,8000,125.0,3,0.11014820480346721,5.71149755859375,5.601349353790283,1.119998661510167,0.017499979086096358,0.052499937258289074
2,32,96,0.0,0.0,relu,1,0,34,0.354,65500,16,8000,83.3,3,0.16404659271240263,4.51342041015625,4.349373817443848,0.26562008005843085,0.002766875833941988,0.008300627501825964
2,32,96,1.0,1.0,relu,3,2,2,0.021,41000,16,8000,83.3,1,0.019176937103271285,6.223174072265625,6.2039971351623535,32.92849325901913,0.34300513811478256,0.34300513811478256
2,32,96,0.25,0.2506,relu,1,2,36,0.375,58000,16,8000,83.3,3,0.16828297042846696,4.798959716796875,4.630676746368408,0.38167457088652373,0.003975776780067956,0.011927330340203867
4,1,16,0.5,0.5086,identity,0,1,6,0.375,41500,16,8000,500.0,4,0.037261966705322,5.232839111328125,5.195577144622803,0.4099960852808189,0.02562475533005118,0.10249902132020472
2,32,96,1.0,1.0,identity,4,2,2,0.021,50000,16,8000,83.3,1,0.03132090377807639,5.5606220703125,5.529301166534424,32.896832960974294,0.3426753433434822,0.3426753433434822
2,32,96,0.5,0.5001,relu,3,2,36,0.375,56000,16,8000,83.3,3,0.14654357147216768,5.22796923828125,5.081425666809082,0.8486485497833195,0.008840089060242912,0.026520267180728734
4,1,16,0.25,0.256,identity,2,1,6,0.375,55000,16,8000,500.0,4,0.033044418334960746,4.481113037109375,4.448068618774414,0.16063253326637672,0.010039533329148545,0.04015813331659418
4,1,16,0.5,0.5053,identity,4,1,6,0.375,47500,16,8000,500.0,4,0.03609428024291983,5.00336083984375,4.96726655960083,0.1345557382764648,0.00840973364227905,0.0336389345691162
4,1,16,0.0,0.0,identity,0,0,5,0.312,61000,16,8000,500.0,4,0.031198345184326293,4.52790673828125,4.496708393096924,0.1818694131400327,0.011366838321252043,0.04546735328500817
2,32,96,0.75,0.75,relu,3,2,36,0.375,57500,16,8000,83.3,3,0.1337280387878419,5.735077392578125,5.601349353790283,1.506784051875845,0.01569566720704005,0.04708700162112015
2,32,96,0.75,0.7508,relu,1,2,36,0.375,59000,16,8000,83.3,3,0.1375141983032231,5.61440380859375,5.476889610290527,2.0293006241633793,0.021138548168368534,0.0634156445051056
2,32,96,0.5,0.5134,identity,2,2,36,0.375,67500,16,8000,83.3,2,0.13575767517089865,4.97486328125,4.839105606079102,0.22883967690742935,0.002383746634452389,0.004767493268904778
4,1,16,0.25,0.2553,identity,0,1,6,0.375,60000,16,8000,500.0,4,0.03482355880737309,4.92159619140625,4.886772632598877,0.36369273590375784,0.022730795993984865,0.09092318397593946
4,1,16,0.0,0.0,identity,2,0,5,0.312,66000,16,8000,500.0,4,0.029203815460205007,4.44105712890625,4.411853313446045,0.23670199496161273,0.014793874685100796,0.05917549874040318
4,1,16,1.0,1.0,identity,0,1,1,0.062,41500,16,8000,500.0,1,0.011050067901611449,5.87690576171875,5.865855693817139,7.124872347663554,0.4453045217289721,0.4453045217289721
4,1,32,0.0,0.0,relu,1,0,5,0.156,32500,16,8000,250.0,5,0.034363098144531534,4.28295166015625,4.248588562011719,0.33362704836702634,0.010425845261469573,0.05212922630734786
4,1,16,0.25,0.2539,identity,4,1,6,0.375,62500,16,8000,500.0,4,0.03349733734130833,4.625356201171875,4.591858863830566,0.23291297111553072,0.01455706069472067,0.05822824277888268
4,1,16,1.0,1.0,relu,3,1,1,0.062,36500,16,8000,500.0,1,0.008328880310058295,6.20941015625,6.201081275939941,13.6081609351549,0.8505100584471813,0.8505100584471813
4,1,16,0.5,0.5075,identity,2,1,6,0.375,56000,16,8000,500.0,3,0.03126757812500003,4.71608203125,4.684814453125,0.28497777956109854,0.01781111122256866,0.05343333366770597
4,1,16,1.0,1.0,identity,2,1,1,0.062,42000,16,8000,500.0,2,0.010695106506347862,5.530065185546875,5.519370079040527,7.96340105481865,0.49771256592616564,0.9954251318523313
4,1,16,1.0,1.0,identity,4,1,1,0.062,42500,16,8000,500.0,1,0.011311000823974737,5.66945166015625,5.658140659332275,14.648158216210136,0.9155098885131335,0.9155098885131335
4,1,16,0.0,0.0,relu,3,0,5,0.312,69500,16,8000,500.0,4,0.026697830200195227,4.484352783203125,4.45765495300293,0.1678299263960105,0.010489370399750656,0.04195748159900262
4,1,16,1.0,1.0,relu,1,1,1,0.062,44000,16,8000,500.0,1,0.008882106781006094,6.1527939453125,6.143911838531494,14.287201369702466,0.8929500856064041,0.8929500856064041
4,1,16,0.0,0.0,relu,1,0,5,0.312,72500,16,8000,500.0,5,0.023864440917968466,4.272453002929687,4.248588562011719,0.25513331211558543,0.01594583200722409,0.07972916003612045
4,1,16,0.75,0.7583,identity,0,1,6,0.375,59500,16,8000,500.0,4,0.027788967132567954,5.542321533203125,5.514532566070557,0.2239917462820903,0.013999484142630643,0.05599793657052257
4,1,16,0.25,0.2537,relu,3,1,6,0.375,65000,16,8000,500.0,4,0.030750762939453224,4.89685107421875,4.866100311279297,0.16874585017283114,0.010546615635801946,0.042186462543207785
4,1,16,0.25,0.2516,relu,1,1,6,0.375,66500,16,8000,500.0,4,0.03030871963501003,4.66660546875,4.63629674911499,0.3257003846590422,0.02035627404119014,0.08142509616476055
2,32,96,0.75,0.7533,identity,4,2,36,0.375,74500,16,8000,83.3,2,0.10345367431640629,5.16841796875,5.064964294433594,0.5848362451490193,0.006092044220302285,0.01218408844060457
4,1,32,0.0,0.0,relu,3,0,5,0.156,43000,16,8000,250.0,5,0.03203034973144536,4.489685302734375,4.45765495300293,0.3214079839191734,0.01004399949747417,0.05021999748737085
4,1,16,0.75,0.7552,identity,2,1,6,0.375,56000,16,8000,500.0,3,0.026503215789794865,5.033686767578125,5.00718355178833,0.7688772055692753,0.048054825348079706,0.14416447604423913
4,1,32,0.0,0.0,identity,4,0,5,0.156,46500,16,8000,250.0,3,0.039140354156494084,4.287226806640625,4.248086452484131,0.13194126189241565,0.004123164434137989,0.012369493302413968
4,1,32,0.25,0.2539,identity,4,1,6,0.188,44500,16,8000,250.0,4,0.0423303451538084,4.634189208984375,4.591858863830566,0.3877690303504061,0.01211778219845019,0.04847112879380076
4,1,16,0.75,0.754,identity,4,1,6,0.375,62000,16,8000,500.0,4,0.027618854522705405,5.38966748046875,5.362048625946045,0.641189608007471,0.04007435050046694,0.16029740200186776
4,1,32,0.25,0.2537,relu,3,1,6,0.188,43000,16,8000,250.0,5,0.03387307739257839,4.899973388671875,4.866100311279297,0.39369473031198876,0.012302960322249649,0.06151480161124824
4,1,32,0.0,0.0,identity,0,0,5,0.156,53500,16,8000,250.0,3,0.0350774955749511,4.531785888671875,4.496708393096924,0.7804221226850698,0.024388191333908432,0.0731645740017253
4,1,32,0.5,0.5086,identity,0,1,6,0.188,41500,16,8000,250.0,4,0.04096899795532227,5.236546142578125,5.195577144622803,0.3617714727946499,0.011305358524832809,0.045221434099331236
4,1,16,0.5,0.5009,relu,1,1,6,0.375,72000,16,8000,500.0,4,0.028047981262207422,5.079190673828125,5.051142692565918,0.3208194951250216,0.02005121844531385,0.0802048737812554
4,1,32,0.75,0.7492,relu,1,1,6,0.188,37000,16,8000,250.0,4,0.03180111694335963,5.595769775390625,5.563968658447266,2.0669287822095233,0.0645915244440476,0.2583660977761904
4,1,32,1.0,1.0,relu,1,1,1,0.031,27500,16,8000,250.0,1,0.011660427093505454,6.155572265625,6.143911838531494,28.491135608922725,0.8903479877788352,0.8903479877788352
4,1,32,0.75,0.754,identity,4,1,6,0.188,40000,16,8000,250.0,4,0.036437458038330206,5.398486083984375,5.362048625946045,2.098990378380767,0.06559344932439896,0.26237379729759586
4,1,32,0.25,0.256,identity,2,1,6,0.188,55000,16,8000,250.0,4,0.03611766052246068,4.484186279296875,4.448068618774414,0.6481788523374131,0.02025558913554416,0.08102235654217664
4,1,64,0.0,0.0,identity,2,0,5,0.078,26500,16,8000,125.0,3,0.05431050491332989,4.466163818359375,4.411853313446045,0.7143179821503813,0.011161218471099708,0.033483655413299125
4,1,32,0.5,0.5043,relu,3,1,6,0.188,43000,16,8000,250.0,6,0.03369466781616204,5.3449267578125,5.311232089996338,1.2498771223808771,0.03905866007440241,0.23435196044641446
4,1,64,0.0,0.0,identity,0,0,5,0.078,29000,16,8000,125.0,4,0.0520152397155762,4.5487236328125,4.496708393096924,0.6973683499190024,0.010896380467484413,0.04358552186993765
4,1,32,0.5,0.5075,identity,2,1,6,0.188,49000,16,8000,250.0,4,0.036811523437499716,4.7216259765625,4.684814453125,0.5717534242594352,0.01786729450810735,0.0714691780324294
4,1,32,0.5,0.5053,identity,4,1,6,0.188,47500,16,8000,250.0,4,0.03987430953979487,5.007140869140625,4.96726655960083,0.45522532433658175,0.01422579138551818,0.05690316554207272
4,1,32,0.25,0.2553,identity,0,1,6,0.188,59500,16,8000,250.0,4,0.03808356857299788,4.924856201171875,4.886772632598877,0.5617099307789016,0.017553435336840676,0.0702137413473627
4,1,32,0.75,0.7583,identity,0,1,6,0.188,47000,16,8000,250.0,5,0.034239650726318516,5.548772216796875,5.514532566070557,2.1361361283247033,0.06675425401014698,0.3337712700507349
4,1,16,0.5,0.5043,relu,3,1,6,0.375,80000,16,8000,500.0,5,0.027716640472411846,5.33894873046875,5.311232089996338,0.5717020781312461,0.03573137988320288,0.1786568994160144
4,1,32,1.0,1.0,identity,4,1,1,0.031,36500,16,8000,250.0,1,0.01402486801147429,5.67216552734375,5.658140659332275,22.79192335357714,0.7122476047992856,0.7122476047992856
4,1,32,1.0,1.0,identity,0,1,1,0.031,41500,16,8000,250.0,1,0.01320045852661167,5.87905615234375,5.865855693817139,17.106202191365824,0.534568818480182,0.534568818480182
4,1,16,0.75,0.7492,relu,1,1,6,0.375,72500,16,8000,500.0,4,0.02408139038085899,5.588050048828125,5.563968658447266,1.4404045722342773,0.09002528576464233,0.36010114305856933
2,32,96,0.75,0.7593,identity,2,2,36,0.375,90000,16,8000,83.3,3,0.10333459091186548,5.288204833984375,5.18487024307251,1.522068253971631,0.015854877645537824,0.04756463293661347
4,1,32,0.75,0.7525,relu,3,1,6,0.188,45500,16,8000,250.0,4,0.02904529953002921,5.786568359375,5.757523059844971,2.9917400746102123,0.09349187733156913,0.37396750932627654
4,1,32,0.25,0.2516,relu,1,1,6,0.188,60000,16,8000,250.0,5,0.030156620025635128,4.666453369140625,4.63629674911499,0.14678409226035813,0.0045870028831361915,0.02293501441568096
4,1,32,1.0,1.0,relu,3,1,1,0.031,35000,16,8000,250.0,1,0.009532005310058267,6.21061328125,6.201081275939941,26.66420353973373,0.8332563606166791,0.8332563606166791
4,1,32,0.0,0.0,identity,2,0,5,0.156,66000,16,8000,250.0,4,0.03261372756958014,4.444467041015625,4.411853313446045,0.3781100812364115,0.011815940038637859,0.047263760154551436
4,1,32,1.0,1.0,identity,2,1,1,0.031,42000,16,8000,250.0,2,0.012567176818847337,5.531937255859375,5.519370079040527,15.782503160190583,0.4932032237559557,0.9864064475119114
4,1,32,0.5,0.5009,relu,1,1,6,0.188,53000,16,8000,250.0,5,0.031067024230956974,5.082209716796875,5.051142692565918,0.8685178014530495,0.027141181295407796,0.13570590647703898
4,1,64,0.0,0.0,relu,1,0,5,0.078,32500,16,8000,125.0,5,0.03666217041015596,4.285250732421875,4.248588562011719,0.514568661857725,0.008040135341526953,0.04020067670763476
4,1,64,0.25,0.2516,relu,1,1,6,0.094,30500,16,8000,125.0,5,0.04198547744750947,4.6782822265625,4.63629674911499,0.4467320713305096,0.006980188614539212,0.03490094307269606
4,1,64,0.25,0.2553,identity,0,1,6,0.094,33000,16,8000,125.0,4,0.05553425216674768,4.942306884765625,4.886772632598877,0.6207066106631745,0.0096985407916121,0.0387941631664484
4,1,16,0.75,0.7525,relu,3,1,6,0.375,78500,16,8000,500.0,4,0.024009166717529062,5.7815322265625,5.757523059844971,1.7050693670129173,0.10656683543830733,0.42626734175322933
4,1,64,0.0,0.0,relu,3,0,5,0.078,33500,16,8000,125.0,6,0.03709626770019536,4.494751220703125,4.45765495300293,0.5295810154427372,0.008274703366292768,0.04964822019775661
4,1,64,1.0,1.0,identity,4,1,1,0.016,29000,16,8000,125.0,1,0.020490932464599432,5.678631591796875,5.658140659332275,60.96594329602162,0.9525928640003378,0.9525928640003378
4,1,64,1.0,1.0,identity,0,1,1,0.016,32000,16,8000,125.0,1,0.02003786087036108,5.8858935546875,5.865855693817139,15.629752604720897,0.24421488444876402,0.24421488444876402
4,1,64,0.25,0.2539,identity,4,1,6,0.094,44500,16,8000,125.0,4,0.049222679138183345,4.64108154296875,4.591858863830566,0.26134368523944274,0.004083495081866293,0.01633398032746517
4,1,64,0.75,0.7552,identity,2,1,6,0.094,38500,16,8000,125.0,4,0.04190531539916975,5.0490888671875,5.00718355178833,5.76766179966509,0.09011971561976703,0.36047886247906813
4,1,64,0.25,0.2537,relu,3,1,6,0.094,44000,16,8000,125.0,5,0.03904373168945341,4.90514404296875,4.866100311279297,0.9646994119419743,0.015073428311593348,0.07536714155796674
4,1,64,0.5,0.5043,relu,3,1,6,0.094,39500,16,8000,125.0,6,0.03880501937866221,5.350037109375,5.311232089996338,1.6974748818726588,0.026523045029260294,0.15913827017556176
4,1,64,0.75,0.7583,identity,0,1,6,0.094,41500,16,8000,125.0,4,0.04203628158569295,5.55656884765625,5.514532566070557,0.8588257593371258,0.01341915248964259,0.05367660995857036
4,1,96,1.0,1.0,identity,0,1,1,0.01,19500,16,8000,83.3,1,0.029340106964111712,5.89519580078125,5.865855693817139,56.00751580857997,0.5834116230060413,0.5834116230060413
4,1,64,0.0,0.0,identity,4,0,5,0.078,56000,16,8000,125.0,4,0.04300778579711917,4.29109423828125,4.248086452484131,0.16717009170960082,0.0026120326829625127,0.010448130731850051
4,1,64,1.0,1.0,relu,1,1,1,0.016,32500,16,8000,125.0,1,0.01192458724975598,6.15583642578125,6.143911838531494,50.28451641782009,0.785695569028439,0.785695569028439
4,1,64,0.5,0.5053,identity,4,1,6,0.094,47500,16,8000,125.0,4,0.04717264938354493,5.014439208984375,4.96726655960083,0.5574984848633595,0.008710913825989992,0.03484365530395997
4,1,64,1.0,1.0,relu,3,1,1,0.016,32500,16,8000,125.0,1,0.01038014984130875,6.21146142578125,6.201081275939941,47.455450103347566,0.7414914078648057,0.7414914078648057
4,1,64,0.5,0.5009,relu,1,1,6,0.094,44500,16,8000,125.0,5,0.03577039337158183,5.0869130859375,5.051142692565918,0.6335208786979207,0.009898763729655011,0.049493818648275054
4,1,64,0.75,0.7492,relu,1,1,6,0.094,42500,16,8000,125.0,4,0.034020599365234716,5.5979892578125,5.563968658447266,3.9484706761541526,0.061694854314908634,0.24677941725963454
4,1,32,0.75,0.7552,identity,2,1,6,0.188,75500,16,8000,250.0,4,0.02731595993042024,5.03449951171875,5.00718355178833,2.7045034370447225,0.08451573240764758,0.3380629296305903
4,1,64,0.25,0.256,identity,2,1,6,0.094,55000,16,8000,125.0,4,0.04278831481933576,4.49085693359375,4.448068618774414,0.9553979529733249,0.014928093015208201,0.059712372060832804
4,1,64,0.75,0.754,identity,4,1,6,0.094,46500,16,8000,125.0,4,0.041431354522704744,5.40347998046875,5.362048625946045,2.6493542964608516,0.04139616088220081,0.16558464352880323
4,1,64,0.75,0.7525,relu,3,1,6,0.094,43000,16,8000,125.0,4,0.034138072967529354,5.7916611328125,5.757523059844971,5.1402635448164915,0.08031661788775768,0.3212664715510307
4,1,96,0.0,0.0,relu,1,0,5,0.052,32500,16,8000,83.3,6,0.03975384521484404,4.288342407226563,4.248588562011719,0.44073616511153774,0.004591001719911851,0.02754601031947111
4,1,64,1.0,1.0,identity,2,1,1,0.016,44000,16,8000,125.0,1,0.018242225646972976,5.5376123046875,5.519370079040527,56.08474523715227,0.8763241443305042,0.8763241443305042
4,1,96,1.0,1.0,identity,4,1,1,0.01,27000,16,8000,83.3,1,0.027184780120849794,5.685325439453125,5.658140659332275,89.40142787293303,0.9312648736763857,0.9312648736763857
4,1,96,0.0,0.0,relu,3,0,5,0.052,33500,16,8000,83.3,6,0.03850740051269508,4.496162353515625,4.45765495300293,0.6334881982789385,0.006598835398738943,0.03959301239243366
4,1,96,1.0,1.0,relu,1,1,1,0.01,26500,16,8000,83.3,1,0.0130683860778813,6.156980224609375,6.143911838531494,79.30305581938404,0.8260734981185838,0.8260734981185838
4,1,64,0.5,0.5086,identity,0,1,6,0.094,60500,16,8000,125.0,4,0.042246585845947315,5.23782373046875,5.195577144622803,0.7787741934566386,0.012168346772759978,0.04867338709103991
4,1,96,0.25,0.2553,identity,0,1,6,0.062,40000,16,8000,83.3,4,0.05983625411987337,4.94660888671875,4.886772632598877,0.42636541209309975,0.004441306375969789,0.017765225503879156
4,1,64,0.5,0.5075,identity,2,1,6,0.094,63000,16,8000,125.0,4,0.040947753906250384,4.72576220703125,4.684814453125,3.2018102740748837,0.05002828553242006,0.20011314212968023
4,1,96,0.0,0.0,identity,4,0,5,0.052,44000,16,8000,83.3,4,0.054563694000243856,4.302650146484375,4.248086452484131,1.077315223904391,0.011222033582337407,0.04488813432934963
4,1,96,0.25,0.2537,relu,3,1,6,0.062,39000,16,8000,83.3,6,0.04341946411132813,4.909519775390625,4.866100311279297,1.4217563559082878,0.014809962040711331,0.08885977224426798
4,1,96,1.0,1.0,identity,2,1,1,0.01,37000,16,8000,83.3,1,0.024855018615722813,5.54422509765625,5.519370079040527,79.77218414370257,0.8309602514969018,0.8309602514969018
4,1,96,0.5,0.5043,relu,3,1,6,0.062,37500,16,8000,83.3,6,0.04289217758178676,5.354124267578125,5.311232089996338,2.3208904488001783,0.024175942175001856,0.14505565305001114
4,2,16,0.0,0.0,identity,2,0,6,0.375,40000,16,8000,500.0,4,0.04393405151367169,4.34442919921875,4.300495147705078,0.04453805323457308,0.0027836283271608173,0.01113451330864327
4,1,96,0.75,0.754,identity,4,1,6,0.062,40000,16,8000,83.3,4,0.05072945022583042,5.412778076171875,5.362048625946045,7.8439503370814565,0.08170781601126517,0.3268312640450607
4,1,96,0.5,0.5075,identity,2,1,6,0.062,45000,16,8000,83.3,4,0.05073046875000031,4.735544921875,4.684814453125,6.266410208222661,0.06527510633565271,0.26110042534261085
4,1,96,0.75,0.7525,relu,3,1,6,0.062,39000,16,8000,83.3,5,0.0373441276550297,5.7948671875,5.757523059844971,6.443792730733734,0.06712284094514306,0.33561420472571535
4,1,96,0.0,0.0,identity,0,0,5,0.052,53500,16,8000,83.3,4,0.04908286666870154,4.545791259765625,4.496708393096924,0.5154970640154763,0.005369761083494545,0.02147904433397818
4,1,96,0.0,0.0,identity,2,0,5,0.052,56500,16,8000,83.3,4,0.04773872756958042,4.459592041015625,4.411853313446045,1.6229327702702923,0.016905549690315543,0.06762219876126217
4,1,96,1.0,1.0,relu,3,1,1,0.01,41000,16,8000,83.3,1,0.00968044281005831,6.21076171875,6.201081275939941,74.176797356756,0.7726749724662083,0.7726749724662083
4,1,96,0.25,0.256,identity,2,1,6,0.062,55000,16,8000,83.3,4,0.050597640991211,4.498666259765625,4.448068618774414,1.0334564537093172,0.010765171392805388,0.04306068557122155
4,1,96,0.25,0.2516,relu,1,1,6,0.062,53000,16,8000,83.3,6,0.039148563385009716,4.6754453125,4.63629674911499,0.413002532605281,0.004302109714638344,0.025812658287830064
4,2,16,0.0,0.0,identity,0,0,6,0.375,59000,16,8000,500.0,4,0.03772739028930694,4.318208251953125,4.280480861663818,0.06583064465587748,0.004114415290992343,0.01645766116396937
4,1,96,0.5,0.5086,identity,0,1,6,0.062,60500,16,8000,83.3,4,0.050109867095947,5.24568701171875,5.195577144622803,1.0317830586512695,0.010747740194284058,0.04299096077713623
4,2,16,0.0,0.0,identity,4,0,6,0.375,60000,16,8000,500.0,3,0.038266311645507756,4.253108154296875,4.214841842651367,0.061099431274075904,0.003818714454629744,0.011456143363889231
4,1,96,0.75,0.7552,identity,2,1,6,0.062,58000,16,8000,83.3,4,0.042937297821044496,5.050120849609375,5.00718355178833,9.700362337974694,0.10104544102056973,0.4041817640822789
4,1,96,0.75,0.7583,identity,0,1,6,0.062,59500,16,8000,83.3,4,0.04451455307006835,5.559047119140625,5.514532566070557,3.4913799355185517,0.03636854099498491,0.14547416397993965
4,1,96,0.75,0.7492,relu,1,1,6,0.062,54000,16,8000,83.3,5,0.03534579467773469,5.599314453125,5.563968658447266,4.746909780116504,0.049446976876213584,0.24723488438106792
4,2,32,0.0,0.0,identity,2,0,6,0.188,40000,16,8000,250.0,3,0.04848239135742194,4.3489775390625,4.300495147705078,0.7450891168069907,0.02328403490021846,0.06985210470065538
4,2,16,1.0,1.0,identity,4,2,2,0.125,42000,16,8000,500.0,1,0.0125560111999512,5.41304248046875,5.400486469268799,5.8746075662511705,0.36716297289069816,0.36716297289069816
4,2,16,0.0,0.0,relu,3,0,6,0.375,65000,16,8000,500.0,5,0.03441083526611344,4.444798828125,4.410387992858887,0.1230486069612465,0.0076905379350779065,0.038452689675389534
4,2,16,1.0,1.0,identity,0,2,2,0.125,45000,16,8000,500.0,2,0.01800266265869155,5.531002197265625,5.512999534606934,4.7780592886312405,0.29862870553945253,0.5972574110789051
4,2,16,0.25,0.2534,identity,0,2,8,0.5,59000,16,8000,500.0,4,0.042353004455566,4.561333984375,4.518980979919434,0.08562934880154834,0.005351834300096771,0.021407337200387084
4,1,96,0.5,0.5009,relu,1,1,6,0.062,63500,16,8000,83.3,5,0.037777229309082117,5.088919921875,5.051142692565918,1.270366883451417,0.013232988369285595,0.06616494184642797
4,1,96,0.25,0.2539,identity,4,1,6,0.062,73000,16,8000,83.3,4,0.050382102966308295,4.642240966796875,4.591858863830566,1.1419608860771882,0.011895425896637377,0.047581703586549506
4,2,16,0.25,0.2525,relu,1,2,8,0.5,58000,16,8000,500.0,4,0.04647225189208992,4.69096630859375,4.64449405670166,0.31347752427452125,0.019592345267157578,0.07836938106863031
4,2,16,1.0,1.0,identity,2,2,2,0.125,50000,16,8000,500.0,1,0.015143901824950845,5.83921435546875,5.824070453643799,3.2766454236964386,0.20479033898102741,0.20479033898102741
4,2,16,0.0,0.0,relu,1,0,6,0.375,72000,16,8000,500.0,4,0.03367644119262714,4.410972412109375,4.377295970916748,0.07064032638191833,0.004415020398869896,0.017660081595479583
4,2,16,1.0,1.0,relu,3,2,2,0.125,49000,16,8000,500.0,2,0.014591545104980064,5.5648740234375,5.5502824783325195,7.173874161794806,0.44836713511217535,0.8967342702243507
4,2,16,0.5,0.5091,identity,2,2,8,0.5,62000,16,8000,500.0,4,0.039703098297119155,5.015267578125,4.975564479827881,0.11903917476534916,0.007439948422834322,0.02975979369133729
4,2,16,1.0,1.0,relu,1,2,2,0.125,52500,16,8000,500.0,1,0.011634799957275455,5.93204638671875,5.920411586761475,13.840121726672958,0.8650076079170599,0.8650076079170599
4,2,32,0.25,0.2534,identity,0,2,8,0.25,48000,16,8000,250.0,4,0.052614479064941655,4.571595458984375,4.518980979919434,0.12736744327080207,0.003980232602212565,0.01592093040885026
4,2,16,0.5,0.5036,identity,0,2,8,0.5,66000,16,8000,500.0,4,0.03762497711181645,4.774806640625,4.737181663513184,0.14672390577029765,0.009170244110643603,0.03668097644257441
4,2,16,0.5,0.5067,relu,3,2,8,0.5,61500,16,8000,500.0,5,0.04261881256103539,4.873466552734375,4.83084774017334,0.7966368759967823,0.0497898047497989,0.24894902374899447
4,1,96,0.5,0.5053,identity,4,1,6,0.062,82500,16,8000,83.3,4,0.04726762008666974,5.0145341796875,4.96726655960083,1.199423030919375,0.012493989905410155,0.04997595962164062
4,2,32,0.25,0.2548,identity,4,2,8,0.25,48500,16,8000,250.0,3,0.050451457977295,4.471453369140625,4.42100191116333,0.3373183775582223,0.010541199298694447,0.03162359789608334
4,2,32,0.25,0.2566,identity,2,2,8,0.25,52000,16,8000,250.0,4,0.04816639709472614,4.632095458984375,4.583929061889648,0.4230754257981408,0.0132211070561919,0.0528844282247676
4,2,32,0.75,0.7515,identity,0,2,8,0.25,39500,16,8000,250.0,4,0.04594158172607443,5.10895751953125,5.063015937805176,0.75826608063239,0.023695815019762187,0.09478326007904875
4,2,16,0.25,0.2546,relu,3,2,8,0.5,70000,16,8000,500.0,5,0.04117063522338871,4.60207275390625,4.560902118682861,0.23371211973624875,0.014607007483515547,0.07303503741757773
4,2,16,0.25,0.2566,identity,2,2,8,0.5,75000,16,8000,500.0,4,0.03773622131347665,4.621665283203125,4.583929061889648,0.090930006296327,0.005683125393520437,0.02273250157408175
4,2,32,0.5,0.5091,identity,2,2,8,0.25,49500,16,8000,250.0,4,0.047670383453368714,5.02323486328125,4.975564479827881,0.44931977105607684,0.014041242845502401,0.056164971382009606
4,2,32,0.0,0.0,identity,4,0,6,0.188,60000,16,8000,250.0,3,0.043681838989257926,4.258523681640625,4.214841842651367,0.252514219585752,0.00789106936205475,0.02367320808616425
4,2,16,0.25,0.2548,identity,4,2,8,0.5,77500,16,8000,500.0,3,0.03708402633666985,4.4580859375,4.42100191116333,0.0380304828941296,0.0023769051808831,0.0071307155426493
4,2,32,0.0,0.0,relu,3,0,6,0.188,56500,16,8000,250.0,6,0.036247749328612855,4.4466357421875,4.410387992858887,0.14548189326933506,0.0045463091646667205,0.027277854988000325
4,2,16,0.75,0.7511,relu,1,2,8,0.5,68500,16,8000,500.0,3,0.03487836837768565,5.44867431640625,5.4137959480285645,1.1942283516597971,0.07463927197873732,0.22391781593621196
4,2,32,0.0,0.0,identity,0,0,6,0.188,66000,16,8000,250.0,4,0.04048788833618122,4.32096875,4.280480861663818,0.12322508530818634,0.003850783915880823,0.015403135663523292
4,2,16,0.5,0.5026,relu,1,2,8,0.5,72500,16,8000,500.0,4,0.03805255889892578,5.0245361328125,4.986483573913574,0.31955292987192485,0.019972058116995303,0.07988823246798121
4,2,16,0.75,0.7573,identity,2,2,8,0.5,73500,16,8000,500.0,4,0.03242721557617223,5.448126220703125,5.415699005126953,0.2210483259718143,0.013815520373238395,0.05526208149295358
4,2,16,0.75,0.7557,relu,3,2,8,0.5,73500,16,8000,500.0,5,0.03634736251831061,5.187447998046875,5.1511006355285645,1.1074927438141229,0.06921829648838268,0.3460914824419134
4,2,32,0.5,0.5067,relu,3,2,8,0.25,53000,16,8000,250.0,5,0.043041419982910334,4.87388916015625,4.83084774017334,0.9542700776289262,0.029820939925903945,0.14910469962951972
4,2,32,1.0,1.0,relu,1,2,2,0.062,37500,16,8000,250.0,2,0.014439975738524957,5.9348515625,5.920411586761475,14.108956144103264,0.440904879503227,0.881809759006454
4,2,16,0.75,0.7565,identity,4,2,8,0.5,78000,16,8000,500.0,4,0.02889736938476606,5.118584716796875,5.089687347412109,0.34516944731884497,0.02157309045742781,0.08629236182971124
4,2,32,0.25,0.2546,relu,3,2,8,0.25,60000,16,8000,250.0,5,0.04101438522338885,4.60191650390625,4.560902118682861,0.2744731770765986,0.008577286783643705,0.04288643391821853
4,2,16,0.75,0.7515,identity,0,2,8,0.5,79500,16,8000,500.0,4,0.031132987976073778,5.09414892578125,5.063015937805176,0.48191665919196425,0.030119791199497765,0.12047916479799106
4,2,32,0.5,0.5026,relu,1,2,8,0.25,56000,16,8000,250.0,5,0.04011676788330121,5.026600341796875,4.986483573913574,0.3486698965976355,0.010895934268676109,0.05447967134338054
4,2,32,0.25,0.2525,relu,1,2,8,0.25,61500,16,8000,250.0,5,0.041862144470214524,4.686356201171875,4.64449405670166,0.29187669088895707,0.009121146590279908,0.04560573295139954
4,2,32,0.0,0.0,relu,1,0,6,0.188,67500,16,8000,250.0,5,0.03634685134887672,4.413642822265625,4.377295970916748,0.09556901691369185,0.0029865317785528703,0.014932658892764352
4,2,32,1.0,1.0,identity,4,2,2,0.062,43500,16,8000,250.0,1,0.014910747528076307,5.415397216796875,5.400486469268799,16.7474158365865,0.5233567448933282,0.5233567448933282
4,2,32,0.75,0.7573,identity,2,2,8,0.25,57500,16,8000,250.0,3,0.03925338745117202,5.454952392578125,5.415699005126953,1.0766341994894673,0.03364481873404585,0.10093445620213756
4,2,64,0.5,0.5091,identity,2,2,8,0.125,25000,16,8000,125.0,4,0.07139084243774452,5.046955322265625,4.975564479827881,0.8577844660979188,0.013402882282779981,0.053611529131119925
4,2,32,0.75,0.7565,identity,4,2,8,0.25,58000,16,8000,250.0,4,0.03658413696289031,5.126271484375,5.089687347412109,0.5662356487780298,0.01769486402431343,0.07077945609725372
4,2,32,0.5,0.5073,identity,4,2,8,0.25,65500,16,8000,250.0,4,0.04175601196289058,4.79715380859375,4.755397796630859,0.24734325799724816,0.007729476812414005,0.03091790724965602
4,2,32,1.0,1.0,identity,2,2,2,0.062,50000,16,8000,250.0,1,0.017630474090576165,5.841700927734375,5.824070453643799,8.928049621181184,0.279001550661912,0.279001550661912
4,2,32,0.5,0.5036,identity,0,2,8,0.25,70500,16,8000,250.0,4,0.043047584533691285,4.780229248046875,4.737181663513184,0.3511549091344915,0.010973590910452859,0.043894363641811436
4,2,32,1.0,1.0,relu,3,2,2,0.062,45000,16,8000,250.0,2,0.016662590026855106,5.566945068359375,5.5502824783325195,13.345662868317673,0.4170519646349273,0.8341039292698545
4,2,64,0.0,0.0,identity,2,0,6,0.094,40000,16,8000,125.0,4,0.05617208862304679,4.356667236328125,4.300495147705078,0.7263940415636271,0.011349906899431673,0.04539962759772669
4,2,16,0.5,0.5073,identity,4,2,8,0.5,92500,16,8000,500.0,4,0.03280410766601527,4.788201904296875,4.755397796630859,0.05963225405762507,0.0037270158786015667,0.014908063514406267
4,2,32,1.0,1.0,identity,0,2,2,0.062,54000,16,8000,250.0,2,0.018263893127441477,5.531263427734375,5.512999534606934,7.476789669835733,0.23364967718236665,0.4672993543647333
4,2,64,0.25,0.2534,identity,0,2,8,0.125,41500,16,8000,125.0,4,0.06310007476806678,4.5820810546875,4.518980979919434,0.33459737556769376,0.005228083993245215,0.02091233597298086
4,2,32,0.75,0.7511,relu,1,2,8,0.25,58000,16,8000,250.0,4,0.034588085174560135,5.448384033203125,5.4137959480285645,1.423959495332511,0.04449873422914097,0.17799493691656387
4,2,32,0.75,0.7557,relu,3,2,8,0.25,54500,16,8000,250.0,6,0.03862226486206044,5.189722900390625,5.1511006355285645,1.6553254221405165,0.05172891944189114,0.3103735166513468
4,2,64,0.0,0.0,identity,0,0,6,0.094,44500,16,8000,125.0,4,0.05428671646118133,4.334767578125,4.280480861663818,0.2455099411150436,0.003836092829922556,0.015344371319690225
4,2,64,0.25,0.2566,identity,2,2,8,0.125,41500,16,8000,125.0,4,0.06160902404785151,4.6455380859375,4.583929061889648,0.9978015712210355,0.01559064955032868,0.06236259820131472
4,2,64,0.0,0.0,relu,1,0,6,0.094,41000,16,8000,125.0,5,0.04704167556762684,4.424337646484375,4.377295970916748,0.24946110314717473,0.0038978297366746052,0.019489148683373026
4,2,64,0.25,0.2525,relu,1,2,8,0.125,38500,16,8000,125.0,5,0.05218709564208979,4.69668115234375,4.64449405670166,0.6272855422984863,0.009801336598413849,0.04900668299206924
4,2,64,1.0,1.0,identity,4,2,2,0.031,28500,16,8000,125.0,1,0.02288511276245142,5.42337158203125,5.400486469268799,38.57959026758902,0.6028060979310784,0.6028060979310784
4,2,64,0.5,0.5036,identity,0,2,8,0.125,40500,16,8000,125.0,4,0.05983664703369129,4.797018310546875,4.737181663513184,0.41660671564171925,0.006509479931901863,0.026037919727607453
4,2,64,0.0,0.0,relu,3,0,6,0.094,47000,16,8000,125.0,6,0.043109565734863686,4.45349755859375,4.410387992858887,0.20776986829352914,0.003246404192086393,0.019478425152518356
4,2,64,0.25,0.2548,identity,4,2,8,0.125,48000,16,8000,125.0,4,0.05853422164916999,4.4795361328125,4.42100191116333,0.3468838891112311,0.005420060767362986,0.021680243069451943
4,2,64,1.0,1.0,identity,0,2,2,0.031,35000,16,8000,125.0,2,0.02665305328369172,5.539652587890625,5.512999534606934,17.573957500561868,0.2745930859462792,0.5491861718925584
4,2,64,0.75,0.7573,identity,2,2,8,0.125,37500,16,8000,125.0,4,0.05483248901367155,5.470531494140625,5.415699005126953,0.9091555808591991,0.014205555950924986,0.056822223803699945
4,2,64,0.25,0.2546,relu,3,2,8,0.125,46000,16,8000,125.0,6,0.052544170379638544,4.6134462890625,4.560902118682861,0.7417927590336574,0.011590511859900897,0.06954307115940538
4,2,64,1.0,1.0,identity,2,2,2,0.031,36500,16,8000,125.0,2,0.025050640106201172,5.84912109375,5.824070453643799,10.786253131074215,0.1685352051730346,0.3370704103460692
4,2,64,0.75,0.7515,identity,0,2,8,0.125,41500,16,8000,125.0,4,0.05343572235107441,5.11645166015625,5.063015937805176,0.9008887941669994,0.014076387408859366,0.05630554963543746
4,2,64,1.0,1.0,relu,1,2,2,0.031,34500,16,8000,125.0,1,0.01632278823852573,5.936734375,5.920411586761475,47.26774499304954,0.7385585155163991,0.7385585155163991
4,2,64,0.5,0.5067,relu,3,2,8,0.125,44500,16,8000,125.0,6,0.052761390686034915,4.883609130859375,4.83084774017334,1.4594707604915937,0.022804230632681152,0.1368253837960869
4,2,96,1.0,1.0,identity,4,2,2,0.021,18500,16,8000,83.3,1,0.031518657684325824,5.432005126953125,5.400486469268799,62.86905630945388,0.6548860032234779,0.6548860032234779
4,2,64,0.5,0.5026,relu,1,2,8,0.125,46500,16,8000,125.0,6,0.04823273468017586,5.03471630859375,4.986483573913574,1.227851430158288,0.01918517859622325,0.11511107157733949
4,2,64,0.0,0.0,identity,4,0,6,0.094,61000,16,8000,125.0,4,0.050872756958007415,4.265714599609375,4.214841842651367,0.30026176762785933,0.004691590119185302,0.01876636047674121
4,2,64,0.75,0.7511,relu,1,2,8,0.125,44000,16,8000,125.0,4,0.04333369064331016,5.457129638671875,5.4137959480285645,3.4222619478709744,0.053472842935483975,0.2138913717419359
4,2,96,0.0,0.0,identity,2,0,6,0.062,40000,16,8000,83.3,4,0.06378268432617151,4.36427783203125,4.300495147705078,0.32959937438884557,0.003433326816550475,0.0137333072662019
4,2,64,1.0,1.0,relu,3,2,2,0.031,43500,16,8000,125.0,2,0.01794066619873025,5.56822314453125,5.5502824783325195,26.385275643588553,0.41226993193107114,0.8245398638621423
4,2,96,0.0,0.0,identity,0,0,6,0.062,44500,16,8000,83.3,4,0.06226279067993179,4.34274365234375,4.280480861663818,0.23680180872138223,0.0024666855075143983,0.009866742030057593
4,2,64,0.75,0.7565,identity,4,2,8,0.125,55500,16,8000,125.0,4,0.04481192016601554,5.134499267578125,5.089687347412109,2.4469019251234014,0.03823284258005315,0.1529313703202126
4,2,96,0.5,0.5036,identity,0,2,8,0.083,38500,16,8000,83.3,4,0.06900876617431617,4.8061904296875,4.737181663513184,0.7589145671276514,0.007905360074246368,0.03162144029698547
4,2,64,0.75,0.7557,relu,3,2,8,0.125,52500,16,8000,125.0,6,0.04626142501831065,5.197362060546875,5.1511006355285645,3.3621107822154968,0.05253298097211714,0.3151978858327028
4,2,96,0.0,0.0,relu,1,0,6,0.062,42000,16,8000,83.3,6,0.05030388259887708,4.427599853515625,4.377295970916748,0.23236302984681206,0.002420448227570959,0.014522689365425756
4,2,96,1.0,1.0,identity,0,2,2,0.021,35000,16,8000,83.3,1,0.034501686096191087,5.547501220703125,5.512999534606934,41.78568307373341,0.43526753201805635,0.43526753201805635
4,2,96,0.5,0.5067,relu,3,2,8,0.083,37500,16,8000,83.3,6,0.05827677154541,4.88912451171875,4.83084774017334,2.273326155827487,0.023680480789869656,0.14208288473921793
4,2,96,0.75,0.7511,relu,1,2,8,0.083,35000,16,8000,83.3,5,0.050044139862060355,5.463840087890625,5.4137959480285645,4.081086112918231,0.04251131367623157,0.21255656838115788
4,2,96,0.0,0.0,relu,3,0,6,0.062,45000,16,8000,83.3,7,0.04858222198486306,4.45897021484375,4.410387992858887,0.3935298958643011,0.00409926974858647,0.028694888240105288
4,2,96,1.0,1.0,identity,2,2,2,0.021,36500,16,8000,83.3,1,0.03127744674682642,5.855347900390625,5.824070453643799,24.614326698381554,0.2563992364414745,0.2563992364414745
4,2,96,0.0,0.0,identity,4,0,6,0.062,52500,16,8000,83.3,4,0.06001582336425759,4.274857666015625,4.214841842651367,0.32138241985404725,0.0033477335401463255,0.013390934160585302
4,2,96,1.0,1.0,relu,3,2,2,0.021,33500,16,8000,83.3,2,0.021672355651855213,5.571954833984375,5.5502824783325195,37.90940409099836,0.39488962594789956,0.7897792518957991
4,2,96,0.75,0.7573,identity,2,2,8,0.083,43500,16,8000,83.3,4,0.06059909057617219,5.476298095703125,5.415699005126953,1.1806254084491739,0.012298181338012228,0.04919272535204891
4,2,96,0.5,0.5091,identity,2,2,8,0.083,49500,16,8000,83.3,4,0.06358151626586928,5.03914599609375,4.975564479827881,0.5581738802449,0.005814311252551042,0.023257245010204167
4,2,64,0.5,0.5073,identity,4,2,8,0.125,72500,16,8000,125.0,4,0.04852163696289047,4.80391943359375,4.755397796630859,0.5276696625123786,0.008244838476755915,0.03297935390702366
4,2,96,0.25,0.2566,identity,2,2,8,0.083,52000,16,8000,83.3,4,0.06430995178222698,4.648239013671875,4.583929061889648,0.6062129118040077,0.006314717831291747,0.02525887132516699
4,2,96,0.25,0.2546,relu,3,2,8,0.083,48000,16,8000,83.3,6,0.05700803756713846,4.61791015625,4.560902118682861,1.0297783594818757,0.010726857911269538,0.06436114746761723
4,2,96,0.75,0.7515,identity,0,2,8,0.083,47500,16,8000,83.3,4,0.0591942672729493,5.122210205078125,5.063015937805176,1.6859422936902286,0.017561898892606547,0.07024759557042619
4,2,96,0.75,0.7565,identity,4,2,8,0.083,48000,16,8000,83.3,4,0.05563003540039091,5.1453173828125,5.089687347412109,3.4730809050336466,0.036177926094100483,0.14471170437640193
4,2,96,0.25,0.2525,relu,1,2,8,0.083,52500,16,8000,83.3,6,0.05433333587646505,4.698827392578125,4.64449405670166,0.7141755746681154,0.007439328902792869,0.044635973416757214
4,2,96,1.0,1.0,relu,1,2,2,0.021,44000,16,8000,83.3,1,0.016132358551025128,5.9365439453125,5.920411586761475,78.84337753324813,0.8212851826380013,0.8212851826380013
4,2,96,0.25,0.2534,identity,0,2,8,0.083,59000,16,8000,83.3,4,0.06428513336181663,4.58326611328125,4.518980979919434,0.5539100232171358,0.005769896075178498,0.023079584300713992
4,2,96,0.75,0.7557,relu,3,2,8,0.083,47000,16,8000,83.3,6,0.04942646408081064,5.200527099609375,5.1511006355285645,4.341317669440513,0.04522205905667201,0.27133235434003206
4,4,16,0.25,0.2538,identity,0,4,12,0.75,57000,16,8000,500.0,4,0.05667964553833027,4.3888515625,4.33217191696167,0.041243331074365015,0.0025777081921478135,0.010310832768591254
4,2,96,0.5,0.5026,relu,1,2,8,0.083,58500,16,8000,83.3,6,0.04953205108642589,5.036015625,4.986483573913574,1.3905435937420114,0.014484829101479286,0.08690897460887571
4,2,96,0.25,0.2548,identity,4,2,8,0.083,66500,16,8000,83.3,3,0.05945438766479505,4.480456298828125,4.42100191116333,0.5042242794815293,0.005252336244599263,0.01575700873379779
4,4,16,0.0,0.0,identity,4,0,8,0.5,61000,16,8000,500.0,3,0.04649337387084973,4.11067041015625,4.0641770362854,0.049159220459991215,0.003072451278749451,0.009217353836248353
4,4,16,0.25,0.2581,identity,2,4,12,0.75,60500,16,8000,500.0,3,0.05485808563232464,4.369430419921875,4.314572334289551,0.05294590538790534,0.003309119086744084,0.009927357260232252
4,2,96,0.5,0.5073,identity,4,2,8,0.083,69000,16,8000,83.3,4,0.057042144775390824,4.81243994140625,4.755397796630859,1.0203542644075256,0.010628690254245059,0.042514761016980235
4,4,16,0.25,0.2548,identity,4,4,12,0.75,63000,16,8000,500.0,4,0.052930896759033175,4.406629150390625,4.353698253631592,0.06046637922221036,0.0037791487013881476,0.01511659480555259
4,4,16,1.0,1.0,identity,2,4,4,0.25,48500,16,8000,500.0,2,0.02968815612792941,5.213970458984375,5.184282302856445,1.9998611432740165,0.12499132145462603,0.24998264290925207
4,4,16,0.0,0.0,relu,1,0,8,0.5,71000,16,8000,500.0,4,0.04470848464965815,4.235748046875,4.191039562225342,0.07759769444829602,0.004849855903018501,0.019399423612074005
4,4,16,0.0,0.0,identity,2,0,8,0.5,73000,16,8000,500.0,4,0.04242617416381833,4.12113720703125,4.078711032867432,0.048679568749731464,0.0030424730468582165,0.012169892187432866
4,4,16,1.0,1.0,identity,0,4,4,0.25,59500,16,8000,500.0,2,0.027121807098388295,5.20246484375,5.175343036651611,2.9502043894880434,0.1843877743430027,0.3687755486860054
4,4,32,0.25,0.2548,identity,4,4,12,0.375,42500,16,8000,250.0,4,0.06800682449340822,4.421705078125,4.353698253631592,0.06890587774325753,0.002153308679476798,0.008613234717907191
4,4,32,0.0,0.0,relu,1,0,8,0.25,47000,16,8000,250.0,5,0.05347484207153297,4.244514404296875,4.191039562225342,0.15474758503199065,0.004835862032249708,0.024179310161248538
4,4,16,0.5,0.5119,identity,2,4,12,0.75,70000,16,8000,500.0,4,0.05080710220336915,4.599064453125,4.548257350921631,0.03875406037606373,0.002422128773503983,0.009688515094015932
4,4,16,0.75,0.756,identity,4,4,12,0.75,69000,16,8000,500.0,3,0.0440338859558107,5.2815908203125,5.2375569343566895,0.11622385370436022,0.007263990856522514,0.021791972569567542
4,4,32,0.0,0.0,identity,2,0,8,0.25,57000,16,8000,250.0,4,0.05225063705444377,4.130961669921875,4.078711032867432,0.17409504494045855,0.00544047015438933,0.02176188061755732
4,4,16,1.0,1.0,identity,4,4,4,0.25,65000,16,8000,500.0,1,0.0227267456054685,5.7760302734375,5.753303527832031,6.280711380317732,0.39254446126985826,0.39254446126985826
4,4,16,0.75,0.7604,identity,2,4,12,0.75,74000,16,8000,500.0,4,0.04484004592895552,4.88906640625,4.844226360321045,0.12668292104185652,0.007917682565116033,0.03167073026046413
4,4,16,1.0,1.0,relu,3,4,4,0.25,61000,16,8000,500.0,2,0.024418834686279034,5.36659765625,5.342178821563721,5.344174333836089,0.3340108958647556,0.6680217917295111
4,4,32,0.0,0.0,relu,3,0,8,0.25,56500,16,8000,250.0,5,0.04832468795776368,4.214817626953125,4.166492938995361,0.1313243479665821,0.004103885873955691,0.020519429369778453
4,4,16,1.0,1.0,relu,1,4,4,0.25,62500,16,8000,500.0,2,0.02348734283447307,5.726603759765625,5.703116416931152,5.999984167770316,0.37499901048564477,0.7499980209712895
4,4,32,0.5,0.507,identity,4,4,12,0.375,51500,16,8000,250.0,4,0.06172225189208991,4.812325927734375,4.750603675842285,0.07027370821944703,0.00219605338185772,0.00878421352743088
4,4,16,0.5,0.5048,identity,0,4,12,0.75,85500,16,8000,500.0,4,0.04736384582519548,4.62541064453125,4.578046798706055,0.03153490486892434,0.001970931554307771,0.007883726217231084
4,4,16,0.0,0.0,identity,0,0,8,0.5,95500,16,8000,500.0,4,0.039051471710204844,4.23569482421875,4.196643352508545,0.10476023752621816,0.006547514845388635,0.02619005938155454
4,4,32,0.25,0.2581,identity,2,4,12,0.375,60000,16,8000,250.0,4,0.0626791305541996,4.37725146484375,4.314572334289551,0.05791669606696612,0.0018098967520926912,0.007239587008370765
4,4,32,0.0,0.0,identity,0,0,8,0.25,67500,16,8000,250.0,4,0.05079121780395468,4.2474345703125,4.196643352508545,0.1743838645421017,0.005449495766940678,0.021797983067762712
4,4,16,0.0,0.0,relu,3,0,8,0.5,94500,16,8000,500.0,5,0.04032835006713853,4.2068212890625,4.166492938995361,0.14431924385160072,0.009019952740725045,0.04509976370362523
4,4,32,0.0,0.0,identity,4,0,8,0.25,66500,16,8000,250.0,4,0.051641811370849666,4.11581884765625,4.0641770362854,0.07280236707122842,0.002275073970975888,0.009100295883903552
4,4,32,0.5,0.5068,relu,3,4,12,0.375,54500,16,8000,250.0,5,0.062389701843261314,4.776421875,4.714032173156738,0.5105033379653935,0.015953229311418547,0.07976614655709273
4,4,32,1.0,1.0,identity,2,4,4,0.125,48500,16,8000,250.0,2,0.032870040893554275,5.21715234375,5.184282302856445,4.374796950001263,0.13671240468753948,0.27342480937507896
4,4,16,0.5,0.5033,relu,1,4,12,0.75,87500,16,8000,500.0,4,0.05918302536010778,4.864630126953125,4.805447101593018,0.5087182085325175,0.03179488803328234,0.12717955213312937
4,4,16,0.75,0.7532,identity,0,4,12,0.75,87500,16,8000,500.0,4,0.043010482788085724,4.91277099609375,4.869760513305664,0.04789064206202042,0.0029931651288762763,0.011972660515505105
4,4,32,0.25,0.2538,identity,0,4,12,0.375,67500,16,8000,250.0,4,0.06183516311645487,4.394007080078125,4.33217191696167,0.07689892417339611,0.0024030913804186285,0.009612365521674514
4,4,32,0.5,0.5048,identity,0,4,12,0.375,66000,16,8000,250.0,4,0.060299392700195575,4.63834619140625,4.578046798706055,0.07719252633005436,0.0024122664478141986,0.009649065791256795
4,4,32,0.5,0.5119,identity,2,4,12,0.375,63000,16,8000,250.0,4,0.061123752593994496,4.609381103515625,4.548257350921631,0.07339465012325029,0.0022935828163515716,0.009174331265406286
4,4,32,0.25,0.2526,relu,1,4,12,0.375,66500,16,8000,250.0,4,0.057942451477051016,4.4989853515625,4.441042900085449,0.14757206497016181,0.004611627030317557,0.018446508121270227
4,4,16,0.5,0.507,identity,4,4,12,0.75,96000,16,8000,500.0,4,0.04407894134521495,4.7946826171875,4.750603675842285,0.04113791900164363,0.002571119937602727,0.010284479750410908
4,4,32,0.75,0.756,identity,4,4,12,0.375,61000,16,8000,250.0,4,0.05341157150268572,5.290968505859375,5.2375569343566895,0.21894967801298762,0.006842177437905863,0.027368709751623452
4,4,32,1.0,1.0,identity,0,4,4,0.125,55000,16,8000,250.0,2,0.030998271942138445,5.20634130859375,5.175343036651611,7.0752841517078275,0.2211026297408696,0.4422052594817392
4,4,16,0.25,0.2526,relu,1,4,12,0.75,96000,16,8000,500.0,4,0.055594795227050575,4.4966376953125,4.441042900085449,0.21008946682888954,0.013130591676805596,0.052522366707222386
4,4,64,0.0,0.0,identity,4,0,8,0.125,39500,16,8000,125.0,4,0.07080904769897423,4.134986083984375,4.0641770362854,0.49933535719895467,0.007802114956233667,0.031208459824934667
4,4,32,0.5,0.5033,relu,1,4,12,0.375,64000,16,8000,250.0,5,0.05771232223510747,4.863159423828125,4.805447101593018,0.5808755346209211,0.018152360456903785,0.09076180228451892
4,4,32,1.0,1.0,relu,1,4,4,0.125,49000,16,8000,250.0,2,0.02540726470947252,5.728523681640625,5.703116416931152,11.53307247563244,0.3604085148635138,0.7208170297270275
4,4,16,0.75,0.7557,relu,3,4,12,0.75,92500,16,8000,500.0,4,0.05567672348022423,5.0966298828125,5.040953159332275,0.9552299314655187,0.05970187071659492,0.23880748286637968
4,4,32,0.75,0.7532,identity,0,4,12,0.375,69500,16,8000,250.0,4,0.05405003356933591,4.923810546875,4.869760513305664,0.17376105151764884,0.005430032859926526,0.021720131439706105
4,4,32,1.0,1.0,relu,3,4,4,0.125,52500,16,8000,250.0,2,0.02775037765502919,5.36992919921875,5.342178821563721,9.316297816875526,0.2911343067773602,0.5822686135547204
4,4,32,0.25,0.2548,relu,3,4,12,0.375,75500,16,8000,250.0,4,0.05596695327758816,4.500807861328125,4.444840908050537,0.19219261447406003,0.006006019202314376,0.024024076809257503
4,4,16,0.75,0.7522,relu,1,4,12,0.75,96000,16,8000,500.0,4,0.05846360015869134,5.28645947265625,5.227995872497559,1.1532866980042378,0.07208041862526486,0.28832167450105944
4,4,32,0.75,0.7557,relu,3,4,12,0.375,65000,16,8000,250.0,4,0.055473842620849645,5.096427001953125,5.040953159332275,1.1057893588508874,0.03455591746409023,0.13822366985636092
4,4,32,0.75,0.7522,relu,1,4,12,0.375,68000,16,8000,250.0,4,0.05213401031494147,5.2801298828125,5.227995872497559,1.049815419530504,0.03280673186032825,0.131226927441313
4,4,32,0.75,0.7604,identity,2,4,12,0.375,74000,16,8000,250.0,4,0.05430391311645533,4.8985302734375,4.844226360321045,0.13307830334966284,0.004158696979676964,0.016634787918707854
4,4,32,1.0,1.0,identity,4,4,4,0.125,61000,16,8000,250.0,1,0.025634216308593416,5.778937744140625,5.753303527832031,14.283005353619968,0.446343917300624,0.446343917300624
4,4,64,0.0,0.0,identity,2,0,8,0.125,57000,16,8000,125.0,4,0.061127346038817976,4.13983837890625,4.078711032867432,0.23690155459749784,0.003701586790585904,0.014806347162343615
4,4,16,0.5,0.5068,relu,3,4,12,0.75,107000,16,8000,500.0,4,0.055976371765137145,4.770008544921875,4.714032173156738,0.2731644802723243,0.01707278001702027,0.06829112006808108
4,4,64,0.25,0.2548,identity,4,4,12,0.188,42500,16,8000,125.0,4,0.08022166824340804,4.433919921875,4.353698253631592,0.2825397055423442,0.004414682899099128,0.017658731596396512
4,4,64,0.0,0.0,relu,3,0,8,0.125,49000,16,8000,125.0,6,0.05798533248901361,4.224478271484375,4.166492938995361,0.19065124660966656,0.00297892572827604,0.01787355436965624
4,4,64,0.0,0.0,identity,0,0,8,0.125,61000,16,8000,125.0,4,0.06237031936645465,4.259013671875,4.196643352508545,0.24609161355605622,0.0038451814618133784,0.015380725847253513
4,4,64,0.25,0.2526,relu,1,4,12,0.188,44000,16,8000,125.0,5,0.07117804718017595,4.512220947265625,4.441042900085449,0.3794392676675115,0.005928738557304867,0.029643692786524338
4,4,64,0.5,0.5033,relu,1,4,12,0.188,42000,16,8000,125.0,5,0.07223868942260747,4.877685791015625,4.805447101593018,1.0154928870268958,0.015867076359795246,0.07933538179897623
4,4,16,0.25,0.2548,relu,3,4,12,0.75,124000,16,8000,500.0,4,0.055594882965087855,4.500435791015625,4.444840908050537,0.14154202294255713,0.00884637643390982,0.03538550573563928
4,4,64,1.0,1.0,identity,2,4,4,0.062,38500,16,8000,125.0,2,0.043227462768554936,5.227509765625,5.184282302856445,7.862060168185466,0.12284469012789791,0.24568938025579581
4,4,64,0.25,0.2548,relu,3,4,12,0.188,53000,16,8000,125.0,6,0.07049039077758756,4.515331298828125,4.444840908050537,0.21103812642541034,0.0032974707253970365,0.01978482435238222
4,4,64,0.25,0.2538,identity,0,4,12,0.188,63500,16,8000,125.0,4,0.07264204788207973,4.40481396484375,4.33217191696167,0.22642503191918012,0.0035378911237371894,0.014151564494948757
4,4,64,0.75,0.7522,relu,1,4,12,0.188,43500,16,8000,125.0,5,0.06569480133056604,5.293690673828125,5.227995872497559,1.7331043150473042,0.02707975492261413,0.13539877461307065
4,4,64,0.0,0.0,relu,1,0,8,0.125,65500,16,8000,125.0,5,0.05592747879028348,4.246967041015625,4.191039562225342,0.23127135491333434,0.003613614920520849,0.018068074602604244
4,4,64,0.25,0.2581,identity,2,4,12,0.188,66500,16,8000,125.0,4,0.07272258758544936,4.387294921875,4.314572334289551,0.1431433977149323,0.0022366155892958174,0.00894646235718327
4,4,96,0.0,0.0,relu,3,0,8,0.083,33000,16,8000,83.3,6,0.06979099655151355,4.236283935546875,4.166492938995361,0.26913483381640557,0.0028034878522542246,0.016820927113525348
4,4,64,0.5,0.5068,relu,3,4,12,0.188,49000,16,8000,125.0,6,0.07115093231201186,4.78518310546875,4.714032173156738,0.7054732982184618,0.011023020284663466,0.0661381217079808
4,4,64,1.0,1.0,relu,1,4,4,0.062,44000,16,8000,125.0,2,0.029459754943848004,5.732576171875,5.703116416931152,20.848958992265427,0.3257649842541473,0.6515299685082946
4,4,64,1.0,1.0,identity,4,4,4,0.062,49000,16,8000,125.0,2,0.0348742065429688,5.788177734375,5.753303527832031,17.076262206997775,0.26681659698434024,0.5336331939686805
4,4,64,1.0,1.0,relu,3,4,4,0.062,46000,16,8000,125.0,2,0.03237098312377906,5.3745498046875,5.342178821563721,17.333438847588315,0.2708349819935674,0.5416699639871349
4,4,96,0.25,0.2581,identity,2,4,12,0.125,39500,16,8000,83.3,4,0.09475237274169945,4.40932470703125,4.314572334289551,0.3289635876714853,0.003426704038244639,0.013706816152978555
4,4,96,0.25,0.2548,relu,3,4,12,0.125,37500,16,8000,83.3,6,0.0835133399963377,4.528354248046875,4.444840908050537,0.44782480753975135,0.004664841745205743,0.02798905047123446
4,4,64,0.75,0.7557,relu,3,4,12,0.188,54500,16,8000,125.0,6,0.0654572410583496,5.106410400390625,5.040953159332275,1.6423548893696875,0.025661795146401368,0.15397077087840821
4,4,96,0.5,0.5033,relu,1,4,12,0.125,39000,16,8000,83.3,5,0.08050309371948217,4.8859501953125,4.805447101593018,0.9735491581022255,0.01014113706356485,0.050705685317824246
4,4,96,0.0,0.0,identity,2,0,8,0.083,50500,16,8000,83.3,4,0.07491811752319322,4.153629150390625,4.078711032867432,0.291460735740898,0.003036049330634354,0.012144197322537416
4,4,96,0.25,0.2526,relu,1,4,12,0.125,44000,16,8000,83.3,5,0.07945905303955048,4.520501953125,4.441042900085449,0.40447336873096085,0.004213264257614175,0.021066321288070875
4,4,64,0.5,0.507,identity,4,4,12,0.188,69000,16,8000,125.0,4,0.06754598236083975,4.818149658203125,4.750603675842285,0.12288492250759259,0.0019200769141811342,0.007680307656724537
4,4,96,0.0,0.0,relu,1,0,8,0.083,46500,16,8000,83.3,5,0.06587889480590814,4.25691845703125,4.191039562225342,0.2034945301443219,0.002119734689003353,0.010598673445016764
4,4,64,0.75,0.7532,identity,0,4,12,0.188,63500,16,8000,125.0,4,0.0668615570068356,4.9366220703125,4.869760513305664,0.24838325936423977,0.0038809884275662464,0.015523953710264986
4,4,64,0.75,0.756,identity,4,4,12,0.188,63500,16,8000,125.0,4,0.06205878829956024,5.29961572265625,5.2375569343566895,0.34192561111575037,0.0053425876736835996,0.021370350694734398
4,4,64,1.0,1.0,identity,0,4,4,0.062,65000,16,8000,125.0,3,0.03440793991088853,5.2097509765625,5.175343036651611,10.03739538545119,0.15683430289767483,0.47050290869302447
4,4,64,0.5,0.5119,identity,2,4,12,0.188,74000,16,8000,125.0,4,0.07067087173461939,4.61892822265625,4.548257350921631,0.14727867875478917,0.002301229355543581,0.009204917422174323
4,4,96,1.0,1.0,identity,0,4,4,0.042,43500,16,8000,83.3,3,0.046058086395263764,5.221401123046875,5.175343036651611,11.869855925900406,0.12364433256146257,0.37093299768438764
4,4,96,0.5,0.507,identity,4,4,12,0.125,51500,16,8000,83.3,4,0.08182210540771528,4.83242578125,4.750603675842285,0.261565789230683,0.002724643637819615,0.01089857455127846
4,4,96,0.75,0.7532,identity,0,4,12,0.125,48500,16,8000,83.3,4,0.0823906097412106,4.952151123046875,4.869760513305664,0.3185363156338115,0.0033180866211855366,0.013272346484742147
4,4,96,0.5,0.5048,identity,0,4,12,0.125,54500,16,8000,83.3,4,0.08488630676269526,4.66293310546875,4.578046798706055,0.3465489536195552,0.003609884933537033,0.014439539734148132
4,4,96,0.5,0.5068,relu,3,4,12,0.125,49000,16,8000,83.3,6,0.0792310104370113,4.79326318359375,4.714032173156738,0.9141408104259101,0.00952230010860323,0.05713380065161938
4,4,64,0.75,0.7604,identity,2,4,12,0.188,76000,16,8000,125.0,4,0.06242842483520494,4.90665478515625,4.844226360321045,0.4928486643436928,0.0077007603803702,0.0308030415214808
4,4,96,1.0,1.0,relu,1,4,4,0.042,44000,16,8000,83.3,2,0.03139188385009728,5.73450830078125,5.703116416931152,28.339465364717004,0.2952027642158021,0.5904055284316042
4,4,96,0.75,0.7557,relu,3,4,12,0.125,49000,16,8000,83.3,6,0.0758598289489747,5.11681298828125,5.040953159332275,2.5846910179929012,0.02692386477075939,0.16154318862455633
4,4,96,0.0,0.0,identity,0,0,8,0.083,68500,16,8000,83.3,4,0.06875337600707976,4.265396728515625,4.196643352508545,0.37402843201125463,0.0038961295001172357,0.015584518000468943
4,4,96,0.25,0.2548,identity,4,4,12,0.125,63000,16,8000,83.3,4,0.07856346511840862,4.43226171875,4.353698253631592,0.2624134715078381,0.0027334736615399805,0.010933894646159922
4,4,96,1.0,1.0,identity,4,4,4,0.042,53500,16,8000,83.3,1,0.04083538818359411,5.794138916015625,5.753303527832031,28.446883270258372,0.29632170073185804,0.29632170073185804
4,4,96,1.0,1.0,relu,3,4,4,0.042,46000,16,8000,83.3,3,0.03498035812377953,5.3771591796875,5.342178821563721,16.31442806509158,0.16994195901137063,0.5098258770341119
4,4,96,0.75,0.756,identity,4,4,12,0.125,57000,16,8000,83.3,4,0.07417695236206079,5.31173388671875,5.2375569343566895,0.3841412851806368,0.004001471720631633,0.01600588688252653
4,4,96,1.0,1.0,identity,2,4,4,0.042,55000,16,8000,83.3,2,0.046572189331055114,5.2308544921875,5.184282302856445,11.116717842705498,0.11579914419484894,0.23159828838969787
4,4,96,0.75,0.7522,relu,1,4,12,0.125,54000,16,8000,83.3,5,0.07177756500244126,5.2997734375,5.227995872497559,2.5935514035035294,0.027016160453161766,0.13508080226580882
4,4,96,0.25,0.2538,identity,0,4,12,0.125,67500,16,8000,83.3,4,0.08316695022582987,4.4153388671875,4.33217191696167,0.2652594672041657,0.002763119450043393,0.011052477800173571
4,4,64,0.5,0.5048,identity,0,4,12,0.188,94500,16,8000,125.0,4,0.06571736145019536,4.64376416015625,4.578046798706055,0.17139747823517404,0.0026780855974245944,0.010712342389698377
4,4,96,0.0,0.0,identity,4,0,8,0.083,75500,16,8000,83.3,4,0.06718416976928676,4.131361206054687,4.0641770362854,0.2715728944248688,0.002828884316925717,0.011315537267702867
4,4,96,0.5,0.5119,identity,2,4,12,0.125,73500,16,8000,83.3,4,0.07931149673461935,4.62756884765625,4.548257350921631,0.21711604747940322,0.002261625494577117,0.009046501978308467
4,8,16,0.0,0.0,identity,4,0,12,0.75,72000,16,8000,500.0,3,0.05413809585571272,4.070374877929687,4.016236782073975,0.04168767557412947,0.0026054797233830917,0.007816439170149275
4,8,16,0.0,0.0,relu,1,0,12,0.75,70000,16,8000,500.0,4,0.06581749343872101,4.1532041015625,4.087386608123779,0.08305270684917845,0.005190794178073653,0.020763176712294613
4,8,16,0.0,0.0,identity,0,0,12,0.75,73500,16,8000,500.0,4,0.05450818252563483,4.109994384765625,4.05548620223999,0.034933321273390425,0.0021833325795869015,0.008733330318347606
4,4,96,0.75,0.7604,identity,2,4,12,0.125,76000,16,8000,83.3,4,0.07268574905395475,4.916912109375,4.844226360321045,0.502129675882416,0.0052305174571085,0.020922069828434
4,8,32,0.0,0.0,identity,0,0,12,0.375,49000,16,8000,250.0,4,0.0720485877990722,4.127534790039062,4.05548620223999,0.048365189099718923,0.0015114121593662164,0.0060456486374648654
4,8,16,1.0,1.0,relu,1,4,4,0.25,49000,16,8000,500.0,2,0.028105541229248132,5.02617578125,4.998070240020752,5.863326926964651,0.36645793293529066,0.7329158658705813
4,8,16,1.0,1.0,identity,4,4,4,0.25,56500,16,8000,500.0,1,0.026462688446044602,5.42961181640625,5.403149127960205,6.122338149191261,0.3826461343244538,0.3826461343244538
4,8,16,0.0,0.0,identity,2,0,12,0.75,91500,16,8000,500.0,3,0.04891027069091791,4.102839599609375,4.053929328918457,0.024303659246403556,0.0015189787029002222,0.004556936108700667
4,8,32,0.25,0.2539,identity,0,4,16,0.5,50000,16,8000,250.0,4,0.07860919952392553,4.196043701171875,4.117434501647949,0.08943187644764451,0.002794746138988891,0.011178984555955564
4,8,32,0.25,0.2544,identity,4,4,16,0.5,52000,16,8000,250.0,4,0.0782682380676274,4.267392822265625,4.189124584197998,0.07519936608221102,0.0023499801900690944,0.009399920760276377
4,8,32,0.0,0.0,relu,3,0,12,0.375,56500,16,8000,250.0,5,0.06527442550659224,4.23476953125,4.169495105743408,0.13147055736719754,0.004108454917724923,0.020542274588624614
4,8,32,0.25,0.2562,identity,2,4,16,0.5,54500,16,8000,250.0,4,0.07591384887695352,4.248685302734375,4.172771453857422,0.07000762903570229,0.0021877384073656966,0.008750953629462786
4,8,16,1.0,1.0,identity,0,4,4,0.25,70000,16,8000,500.0,1,0.025084842681884822,5.1343125,5.109227657318115,6.227713159380059,0.3892320724612537,0.3892320724612537
4,8,16,0.0,0.0,relu,3,0,12,0.75,93000,16,8000,500.0,4,0.05811866378784192,4.22761376953125,4.169495105743408,0.13331908986179047,0.008332443116361905,0.03332977246544762
4,8,16,1.0,1.0,relu,3,4,4,0.25,66000,16,8000,500.0,2,0.023667160034179346,5.6573818359375,5.63371467590332,5.300422652289508,0.33127641576809425,0.6625528315361885
4,8,32,0.0,0.0,identity,2,0,12,0.375,66500,16,8000,250.0,4,0.06465123748779256,4.11858056640625,4.053929328918457,0.070436578445954,0.0022011430764360624,0.00880457230574425
4,8,32,0.0,0.0,relu,1,0,12,0.375,65000,16,8000,250.0,4,0.06672166824340842,4.154108276367188,4.087386608123779,0.0580439529001173,0.0018138735281286657,0.007255494112514663
4,8,32,0.5,0.5079,identity,2,4,16,0.5,57000,16,8000,250.0,4,0.07176187896728514,4.50383642578125,4.432074546813965,0.08184648967196355,0.002557702802248861,0.010230811208995444
4,8,32,0.75,0.7547,identity,4,4,16,0.5,52000,16,8000,250.0,4,0.0662974243164065,4.950353515625,4.884056091308594,0.1098841346838418,0.003433879208870056,0.013735516835480225
4,8,32,0.75,0.7556,identity,2,4,16,0.5,54000,16,8000,250.0,4,0.06465598297119168,4.852985107421875,4.788329124450684,0.10589192795093745,0.0033091227484667953,0.013236490993867181
4,8,32,1.0,1.0,identity,0,4,4,0.125,52500,16,8000,250.0,2,0.03165246963500934,5.140880126953125,5.109227657318115,5.015732058860633,0.15674162683939477,0.31348325367878954
4,8,32,0.0,0.0,identity,4,0,12,0.375,74500,16,8000,250.0,4,0.06355411148071255,4.079790893554687,4.016236782073975,0.05928178277898446,0.0018525557118432643,0.007410222847373057
4,8,32,1.0,1.0,relu,1,4,4,0.125,42000,16,8000,250.0,3,0.031012279510497898,5.02908251953125,4.998070240020752,7.736371238508344,0.24176160120338575,0.7252848036101572
4,8,16,1.0,1.0,identity,2,4,4,0.25,78500,16,8000,500.0,1,0.023290328979491903,5.25666015625,5.233369827270508,7.556735099658907,0.47229594372868167,0.47229594372868167
4,8,16,0.75,0.7539,identity,0,4,16,1.0,88500,16,8000,500.0,4,0.05450478363037092,4.780503662109375,4.725998878479004,0.06957864923498688,0.00434866557718668,0.01739466230874672
4,8,16,0.5,0.506,identity,4,4,16,1.0,95000,16,8000,500.0,3,0.05272100448608441,4.5284619140625,4.475740909576416,0.03645862494510839,0.0022786640590692743,0.006835992177207823
4,8,16,0.75,0.7547,identity,4,4,16,1.0,90000,16,8000,500.0,3,0.047300598144531136,4.931356689453125,4.884056091308594,0.04503448952293811,0.002814655595183632,0.008443966785550896
4,8,32,0.25,0.2538,relu,3,4,16,0.5,70500,16,8000,250.0,5,0.07606100082397482,4.45002197265625,4.373960971832275,0.15918307266178724,0.004974471020680851,0.024872355103404256
4,8,16,0.5,0.5052,identity,0,4,16,1.0,102000,16,8000,500.0,4,0.05138187408447248,4.430035400390625,4.378653526306152,0.03190080708139632,0.00199380044258727,0.00797520177034908
4,8,16,0.25,0.2544,identity,4,4,16,1.0,106500,16,8000,500.0,3,0.05300188064575195,4.24212646484375,4.189124584197998,0.022282597477735366,0.0013926623423584604,0.004177987027075381
4,8,16,0.5,0.5079,identity,2,4,16,1.0,103500,16,8000,500.0,3,0.0501310195922855,4.48220556640625,4.432074546813965,0.023518984090858536,0.0014699365056786585,0.0044098095170359754
4,8,16,0.25,0.2526,relu,1,4,16,1.0,107000,16,8000,500.0,3,0.08887792205810552,4.30471826171875,4.2158403396606445,0.22700597453809288,0.014187873408630805,0.04256362022589241
4,8,32,0.75,0.7539,identity,0,4,16,0.5,69000,16,8000,250.0,4,0.0628224105834958,4.7888212890625,4.725998878479004,0.10737200594816754,0.0033553751858802355,0.013421500743520942
4,8,32,1.0,1.0,identity,2,4,4,0.125,66500,16,8000,250.0,2,0.028781051635742294,5.26215087890625,5.233369827270508,7.496940663723584,0.234279395741362,0.468558791482724
4,8,32,0.5,0.5034,relu,1,4,16,0.5,69500,16,8000,250.0,5,0.07413462066650389,4.494345458984375,4.420210838317871,0.5066701569215952,0.01583344240379985,0.07916721201899926
4,8,16,0.75,0.7556,identity,2,4,16,1.0,100000,16,8000,500.0,4,0.044711647033691015,4.833040771484375,4.788329124450684,0.03715275438953099,0.0023220471493456867,0.009288188597382747
4,8,16,0.75,0.7524,relu,1,4,16,1.0,97000,16,8000,500.0,4,0.12674897384643558,4.8122734375,4.6855244636535645,1.70725211640113,0.10670325727507063,0.4268130291002825
4,8,32,0.5,0.5052,identity,0,4,16,0.5,79000,16,8000,250.0,4,0.06782303619384766,4.4464765625,4.378653526306152,0.10028108475760046,0.0031337838986750144,0.012535135594700058
4,8,32,1.0,1.0,relu,3,4,4,0.125,55000,16,8000,250.0,2,0.02663566589355426,5.660350341796875,5.63371467590332,10.095861454435056,0.3154956704510955,0.630991340902191
4,8,16,0.5,0.5034,relu,1,4,16,1.0,107000,16,8000,500.0,4,0.10206772613525406,4.522278564453125,4.420210838317871,0.8826623107985895,0.05516639442491184,0.22066557769964737
4,8,32,1.0,1.0,identity,4,4,4,0.125,67500,16,8000,250.0,1,0.02808524703979476,5.431234375,5.403149127960205,8.866358104169988,0.27707369075531213,0.27707369075531213
4,8,16,0.25,0.2539,identity,0,4,16,1.0,125500,16,8000,500.0,4,0.05101154327392621,4.168446044921875,4.117434501647949,0.0184885922765859,0.0011555370172866189,0.004622148069146475
4,8,32,0.75,0.7524,relu,1,4,16,0.5,79000,16,8000,250.0,5,0.06525873947143523,4.750783203125,4.6855244636535645,1.1556767071625522,0.03611489709882976,0.18057448549414878
4,8,16,0.25,0.2562,identity,2,4,16,1.0,124500,16,8000,500.0,3,0.05074392700195318,4.223515380859375,4.172771453857422,0.033000100935439536,0.002062506308464971,0.006187518925394913
4,8,32,0.25,0.2526,relu,1,4,16,0.5,90000,16,8000,250.0,4,0.07170214080810577,4.28754248046875,4.2158403396606445,0.12586427217504653,0.003933258505470204,0.015733034021880817
4,8,32,0.5,0.506,identity,4,4,16,0.5,89000,16,8000,250.0,4,0.06448150253295903,4.540222412109375,4.475740909576416,0.05450904276131083,0.0017034075862909634,0.0068136303451638534
4,8,32,0.75,0.7537,relu,3,4,16,0.5,83000,16,8000,250.0,5,0.061871955871581896,5.1556171875,5.093745231628418,0.7297718244923949,0.02280536951538734,0.1140268475769367
4,8,64,0.0,0.0,identity,4,0,12,0.188,60500,16,8000,125.0,4,0.07964554214477548,4.09588232421875,4.016236782073975,0.12424566913388807,0.001941338580217001,0.007765354320868004
4,8,32,0.5,0.505,relu,3,4,16,0.5,85500,16,8000,250.0,5,0.06807038116455111,4.74574658203125,4.677676200866699,0.24010689338277857,0.0075033404182118305,0.03751670209105915
4,8,64,0.25,0.2539,identity,0,4,16,0.25,51500,16,8000,125.0,4,0.09533356475830068,4.21276806640625,4.117434501647949,0.1298408158662783,0.0020287627479105984,0.008115050991642394
4,8,64,0.0,0.0,relu,3,0,12,0.188,55500,16,8000,125.0,6,0.07732130050659158,4.24681640625,4.169495105743408,0.19498783284711185,0.0030466848882361227,0.018280109329416736
4,8,64,1.0,1.0,identity,0,4,4,0.062,35500,16,8000,125.0,1,0.04324841690063508,5.15247607421875,5.109227657318115,20.277983532228454,0.3168434926910696,0.3168434926910696
4,8,64,0.25,0.2544,identity,4,4,16,0.25,52000,16,8000,125.0,4,0.09632780838012689,4.285452392578125,4.189124584197998,0.1036221914120393,0.001619096740813114,0.006476386963252456
4,8,64,0.0,0.0,relu,1,0,12,0.188,58500,16,8000,125.0,4,0.08228087234497039,4.16966748046875,4.087386608123779,0.09349057038998233,0.001460790162343474,0.005843160649373896
4,8,64,0.75,0.7537,relu,3,4,16,0.25,38000,16,8000,125.0,5,0.08347132110595723,5.177216552734375,5.093745231628418,1.3304431136842374,0.02078817365131621,0.10394086825658105
4,8,64,0.25,0.2538,relu,3,4,16,0.25,49500,16,8000,125.0,5,0.08998092269897473,4.46394189453125,4.373960971832275,0.2034898225349461,0.003179528477108533,0.015897642385542664
4,8,64,0.5,0.5079,identity,2,4,16,0.25,53500,16,8000,125.0,4,0.089618324279785,4.52169287109375,4.432074546813965,0.1501351182706924,0.0023458612229795687,0.009383444891918275
4,8,64,1.0,1.0,identity,2,4,4,0.062,41000,16,8000,125.0,2,0.040392135620117564,5.273761962890625,5.233369827270508,18.466009487540898,0.28853139824282653,0.5770627964856531
4,8,16,0.25,0.2538,relu,3,4,16,1.0,138000,16,8000,500.0,4,0.09570553207397481,4.46966650390625,4.373960971832275,0.3233922111571791,0.020212013197323693,0.08084805278929477
4,8,64,0.75,0.7524,relu,1,4,16,0.25,46000,16,8000,125.0,5,0.08315131759643535,4.76867578125,4.6855244636535645,1.7133564803293535,0.02677119500514615,0.13385597502573074
4,8,64,0.0,0.0,identity,0,0,12,0.188,79000,16,8000,125.0,4,0.07329687881469749,4.128783081054688,4.05548620223999,0.10870369915763495,0.001698495299338046,0.006793981197352184
4,8,64,0.0,0.0,identity,2,0,12,0.188,79500,16,8000,125.0,4,0.07176879119873014,4.125698120117187,4.053929328918457,0.20962860274287165,0.0032754469178573695,0.013101787671429478
4,8,64,0.25,0.2526,relu,1,4,16,0.25,59000,16,8000,125.0,5,0.09311669158935576,4.30895703125,4.2158403396606445,0.202476667181001,0.0031636979247031405,0.015818489623515702
4,8,64,1.0,1.0,identity,4,4,4,0.062,45000,16,8000,125.0,2,0.038021770477294936,5.4411708984375,5.403149127960205,15.14573285413613,0.23665207584587702,0.47330415169175405
4,8,64,1.0,1.0,relu,1,4,4,0.062,42000,16,8000,125.0,2,0.035197338104247855,5.033267578125,4.998070240020752,17.899750171248986,0.2796835964257654,0.5593671928515308
4,8,16,0.75,0.7537,relu,3,4,16,1.0,134500,16,8000,500.0,3,0.09675867462158205,5.19050390625,5.093745231628418,1.2793324247957216,0.0799582765497326,0.23987482964919782
4,8,16,0.5,0.505,relu,3,4,16,1.0,136500,16,8000,500.0,4,0.11264264678955094,4.79031884765625,4.677676200866699,0.41628089617403696,0.02601755601087731,0.10407022404350924
4,8,64,0.5,0.5034,relu,1,4,16,0.25,59000,16,8000,125.0,5,0.08989438629150381,4.510105224609375,4.420210838317871,0.6992837223166983,0.010926308161198411,0.05463154080599206
4,8,64,1.0,1.0,relu,3,4,4,0.062,47500,16,8000,125.0,2,0.030942306518555007,5.664656982421875,5.63371467590332,18.51965116795447,0.2893695494992886,0.5787390989985772
4,8,64,0.25,0.2562,identity,2,4,16,0.25,73500,16,8000,125.0,4,0.08375198364257841,4.2565234375,4.172771453857422,0.11077458687973009,0.0017308529199957826,0.0069234116799831305
4,8,64,0.75,0.7547,identity,4,4,16,0.25,59500,16,8000,125.0,4,0.07652789306640617,4.960583984375,4.884056091308594,0.25702598332063437,0.004016030989384912,0.016064123957539648
4,8,64,0.5,0.505,relu,3,4,16,0.25,63000,16,8000,125.0,5,0.08355207061767622,4.761228271484375,4.677676200866699,0.5570215164562577,0.008703461194629027,0.04351730597314514
4,8,64,0.75,0.7539,identity,0,4,16,0.25,65500,16,8000,125.0,4,0.07659780120849646,4.8025966796875,4.725998878479004,0.29135443619199397,0.004552413065499906,0.018209652261999623
4,8,96,0.0,0.0,relu,1,0,12,0.125,45500,16,8000,83.3,5,0.09383653640747092,4.18122314453125,4.087386608123779,0.12267339410200102,0.0012778478552291773,0.006389239276145886
4,8,96,0.5,0.505,relu,3,4,16,0.167,37000,16,8000,83.3,6,0.10387799835205058,4.78155419921875,4.677676200866699,0.7386540308986053,0.007694312821860471,0.04616587693116283
4,8,64,0.5,0.506,identity,4,4,16,0.25,72500,16,8000,125.0,4,0.08357647323608397,4.5593173828125,4.475740909576416,0.16582543746003967,0.0025910224603131198,0.010364089841252479
4,8,96,0.25,0.2539,identity,0,4,16,0.167,50000,16,8000,83.3,4,0.10478864288330048,4.22222314453125,4.117434501647949,0.2354983807060027,0.0024531081323541947,0.009812432529416779
4,8,96,0.0,0.0,relu,3,0,12,0.125,49500,16,8000,83.3,6,0.08867603683471703,4.258171142578125,4.169495105743408,0.25510498199006054,0.002657343562396464,0.015944061374378784
4,8,96,0.25,0.2538,relu,3,4,16,0.167,48000,16,8000,83.3,5,0.10348385238647495,4.47744482421875,4.373960971832275,0.29939914794524286,0.0031187411244296133,0.015593705622148067
4,8,64,0.5,0.5052,identity,0,4,16,0.25,81000,16,8000,125.0,4,0.08103934478759722,4.45969287109375,4.378653526306152,0.11007580227520954,0.001719934410550149,0.006879737642200596
4,8,64,0.75,0.7556,identity,2,4,16,0.25,74500,16,8000,125.0,4,0.07038083648681681,4.8587099609375,4.788329124450684,0.3709233799084053,0.005795677811068833,0.02318271124427533
4,8,96,0.5,0.5079,identity,2,4,16,0.167,53500,16,8000,83.3,4,0.09987979888915977,4.531954345703125,4.432074546813965,0.2300687499294153,0.0023965494784314095,0.009586197913725638
4,8,96,1.0,1.0,identity,2,4,4,0.042,43500,16,8000,83.3,2,0.04667509460449182,5.280044921875,5.233369827270508,26.645180976725957,0.27755396850756203,0.5551079370151241
4,8,96,0.25,0.2562,identity,2,4,16,0.167,61000,16,8000,83.3,4,0.10030056762695327,4.273072021484375,4.172771453857422,0.2579524089274386,0.0026870042596608187,0.010748017038643275
4,8,96,1.0,1.0,identity,4,4,4,0.042,45000,16,8000,83.3,2,0.0466658134460447,5.44981494140625,5.403149127960205,28.186079500559757,0.29360499479749746,0.5872099895949949
4,8,96,1.0,1.0,relu,3,4,4,0.042,40500,16,8000,83.3,2,0.035251632690429524,5.66896630859375,5.63371467590332,25.70596892839774,0.2677705096708098,0.5355410193416196
4,8,96,0.5,0.5034,relu,1,4,16,0.167,54000,16,8000,83.3,5,0.10318222808837874,4.52339306640625,4.420210838317871,1.0443356704329865,0.010878496567010275,0.05439248283505138
4,8,96,1.0,1.0,relu,1,4,4,0.042,42000,16,8000,83.3,3,0.037653636932373225,5.035723876953125,4.998070240020752,22.631459545205143,0.23574437026255357,0.7072331107876607
4,8,96,0.0,0.0,identity,0,0,12,0.125,70000,16,8000,83.3,4,0.08490637588500949,4.140392578125,4.05548620223999,0.15442421810835896,0.0016085856052954059,0.0064343424211816234
4,8,96,0.75,0.7556,identity,2,4,16,0.167,54000,16,8000,83.3,4,0.08829465484619181,4.876623779296875,4.788329124450684,0.7580611282892978,0.007896470086346852,0.03158588034538741
4,8,96,1.0,1.0,identity,0,4,4,0.042,50500,16,8000,83.3,1,0.04587195205688488,5.155099609375,5.109227657318115,26.423823143217433,0.27524815774184824,0.27524815774184824
4,8,96,0.0,0.0,identity,4,0,12,0.125,72000,16,8000,83.3,4,0.08371158218383812,4.099948364257813,4.016236782073975,0.12240580180847345,0.0012750604355049318,0.005100241742019727
4,8,96,0.25,0.2526,relu,1,4,16,0.167,65000,16,8000,83.3,5,0.10657933807373077,4.322419677734375,4.2158403396606445,0.3538370624158584,0.0036858027334985247,0.018429013667492625
4,8,96,0.75,0.7537,relu,3,4,16,0.167,53500,16,8000,83.3,5,0.09012830352783219,5.18387353515625,5.093745231628418,1.9371656079274202,0.02017880841591063,0.10089404207955315
4,8,96,0.75,0.7524,relu,1,4,16,0.167,57000,16,8000,83.3,5,0.09175190353393514,4.7772763671875,4.6855244636535645,2.9844601999050373,0.03108812708234414,0.15544063541172068
4,8,96,0.0,0.0,identity,2,0,12,0.125,79500,16,8000,83.3,4,0.07824584197998075,4.132175170898438,4.053929328918457,0.21676586305172071,0.0022579777401220908,0.009031910960488363
4,8,96,0.25,0.2544,identity,4,4,16,0.167,81000,16,8000,83.3,4,0.09467692947387718,4.283801513671875,4.189124584197998,0.14233228395366845,0.001482627957850713,0.005930511831402852
4,8,96,0.75,0.7539,identity,0,4,16,0.167,78000,16,8000,83.3,4,0.08112001800537083,4.807118896484375,4.725998878479004,0.5021006887034402,0.005230215507327502,0.020920862029310008
4,8,96,0.5,0.5052,identity,0,4,16,0.167,94500,16,8000,83.3,4,0.08732596588134722,4.4659794921875,4.378653526306152,0.23953782956729539,0.002495185724659327,0.009980742898637308
4,16,16,1.0,1.0,identity,2,4,4,0.25,61500,16,8000,500.0,2,0.027635158538818594,5.43447119140625,5.406836032867432,1.4378259473049102,0.08986412170655689,0.17972824341311378
4,8,96,0.5,0.506,identity,4,4,16,0.167,93000,16,8000,83.3,4,0.08656133651733366,4.56230224609375,4.475740909576416,0.15412372813955938,0.0016054555014537435,0.006421822005814974
4,16,16,0.0,0.0,identity,0,0,20,1.25,88000,16,8000,500.0,3,0.2356763992309574,4.209853759765625,3.974177360534668,0.04016002233901713,0.0025100013961885707,0.0075300041885657115
4,16,16,1.0,1.0,identity,0,4,4,0.25,66500,16,8000,500.0,2,0.025812522888183587,5.05382861328125,5.028016090393066,3.853858962293923,0.2408661851433702,0.4817323702867404
4,16,16,0.25,0.2537,identity,0,4,24,1.5,86500,16,8000,500.0,3,0.3207069015502926,4.462587890625,4.141880989074707,0.0694351393010508,0.004339696206315675,0.013019088618947025
4,8,96,0.75,0.7547,identity,4,4,16,0.167,92500,16,8000,83.3,4,0.07888311767578138,4.962939208984375,4.884056091308594,0.38168879068034123,0.003975924902920221,0.015903699611680883
4,16,16,0.75,0.7538,identity,4,4,24,1.5,72000,16,8000,500.0,4,0.16652178955078156,4.838419677734375,4.671897888183594,0.09965256196308783,0.0062282851226929895,0.024913140490771958
4,16,16,0.25,0.2541,identity,4,4,24,1.5,84000,16,8000,500.0,3,0.3276587409973146,4.44804248046875,4.1203837394714355,0.13009207637077577,0.008130754773173486,0.024392264319520456
4,16,16,1.0,1.0,relu,3,4,4,0.25,62000,16,8000,500.0,2,0.023886684417724346,5.06685400390625,5.042967319488525,5.671685217847419,0.3544803261154637,0.7089606522309274
4,16,16,0.0,0.0,identity,2,0,20,1.25,96500,16,8000,500.0,3,0.2332113533020017,4.245822265625,4.012610912322998,0.052170888928649704,0.0032606805580406065,0.009782041674121819
4,16,16,0.5,0.5053,identity,4,4,24,1.5,83000,16,8000,500.0,3,0.26018325805664055,4.6049365234375,4.344753265380859,0.07445575994432976,0.00465348499652061,0.01396045498956183
4,16,16,1.0,1.0,identity,4,4,4,0.25,71500,16,8000,500.0,1,0.025734233856200994,5.077587890625,5.051853656768799,4.838855641467454,0.30242847759171587,0.30242847759171587
4,16,32,0.0,0.0,identity,2,0,20,0.625,75000,16,8000,250.0,4,0.07914226150512693,4.091753173828125,4.012610912322998,0.07176603122318798,0.0022426884757246243,0.008970753902898497
4,16,32,0.0,0.0,identity,0,0,20,0.625,75000,16,8000,250.0,4,0.0808529129028317,4.0550302734375,3.974177360534668,0.05660661095826884,0.0017689565924459013,0.007075826369783605
4,16,16,0.75,0.7567,identity,2,4,24,1.5,89500,16,8000,500.0,3,0.17657246780395486,5.13487353515625,4.958301067352295,0.09169721116756506,0.005731075697972816,0.017193227093918448
4,16,16,1.0,1.0,relu,1,4,4,0.25,78500,16,8000,500.0,2,0.022616100311279475,5.3353759765625,5.312759876251221,5.549262584860903,0.34682891155380646,0.6936578231076129
4,16,32,0.0,0.0,relu,3,0,20,0.625,69500,16,8000,250.0,5,0.08873216247558613,4.27575341796875,4.187021255493164,0.06830366826244309,0.0021344896332013467,0.010672448166006734
4,16,16,0.0,0.0,relu,3,0,20,1.25,104500,16,8000,500.0,4,0.3277961273193357,4.5148173828125,4.187021255493164,0.7949760066893684,0.049686000418085526,0.1987440016723421
4,16,32,0.25,0.2537,identity,0,4,24,0.75,70500,16,8000,250.0,4,0.0876622238159177,4.229543212890625,4.141880989074707,0.037008532522160166,0.0011565166413175052,0.004626066565270021
4,16,32,0.0,0.0,relu,1,0,20,0.625,74500,16,8000,250.0,4,0.09198001480102569,4.162385498046875,4.07040548324585,0.045393196462341405,0.001418537389448169,0.005674149557792676
4,16,16,0.5,0.5088,identity,2,4,24,1.5,99500,16,8000,500.0,3,0.27632104873657237,4.840977783203125,4.564656734466553,0.08371016028174784,0.00523188501760924,0.01569565505282772
4,16,16,0.5,0.5048,identity,0,4,24,1.5,98000,16,8000,500.0,3,0.2655589561462399,4.66368603515625,4.39812707901001,0.058481430447531735,0.0036550894029707334,0.0109652682089122
4,16,16,0.25,0.2566,identity,2,4,24,1.5,102500,16,8000,500.0,3,0.324107986450195,4.571496826171875,4.24738883972168,0.06001837133206956,0.0037511482082543475,0.011253444624763043
4,16,32,0.0,0.0,identity,4,0,20,0.625,81500,16,8000,250.0,4,0.07837290191650403,4.11171240234375,4.033339500427246,0.03945032331889066,0.001232822603715333,0.004931290414861332
4,16,16,0.0,0.0,identity,4,0,20,1.25,112000,16,8000,500.0,3,0.23792954254150356,4.27126904296875,4.033339500427246,0.0538474772048052,0.003365467325300325,0.010096401975900974
4,16,16,0.75,0.7535,identity,0,4,24,1.5,98500,16,8000,500.0,3,0.16712280654907197,4.884611572265625,4.717488765716553,0.146911399535426,0.009181962470964125,0.027545887412892378
4,16,32,0.25,0.2541,identity,4,4,24,0.75,74000,16,8000,250.0,4,0.08665849685668903,4.207042236328125,4.1203837394714355,0.04063580614653789,0.001269868942079309,0.005079475768317236
4,16,16,0.0,0.0,relu,1,0,20,1.25,115500,16,8000,500.0,3,0.31939383316040004,4.38979931640625,4.07040548324585,1.1171445986498723,0.06982153741561702,0.20946461224685103
4,16,32,0.75,0.7535,identity,0,4,24,0.75,70500,16,8000,250.0,4,0.07099267959594702,4.7884814453125,4.717488765716553,0.1295380387614344,0.004048063711294825,0.0161922548451793
4,16,32,0.5,0.5053,identity,4,4,24,0.75,75000,16,8000,250.0,4,0.08048184204101538,4.425235107421875,4.344753265380859,0.0499337321475344,0.00156042912961045,0.0062417165184418
4,16,32,0.25,0.2566,identity,2,4,24,0.75,83000,16,8000,250.0,4,0.08451423645019496,4.331903076171875,4.24738883972168,0.051156290595868924,0.0015986340811209039,0.0063945363244836155
4,16,32,1.0,1.0,identity,0,4,4,0.125,61500,16,8000,250.0,1,0.03018923187255851,5.058205322265625,5.028016090393066,4.851826700746458,0.15161958439832682,0.15161958439832682
4,16,32,0.5,0.5052,relu,3,4,24,0.75,76500,16,8000,250.0,4,0.09855855178833028,4.5980888671875,4.49953031539917,0.44715724713602395,0.013973663973000748,0.055894655892002994
4,16,32,0.75,0.7538,identity,4,4,24,0.75,74500,16,8000,250.0,4,0.0705029907226562,4.74240087890625,4.671897888183594,0.0829803960498236,0.0025931373765569875,0.01037254950622795
4,16,64,0.0,0.0,identity,4,0,20,0.312,37000,16,8000,125.0,4,0.12063816070556665,4.153977661132813,4.033339500427246,0.12265204895757982,0.0019164382649621847,0.007665753059848739
4,16,32,0.5,0.5088,identity,2,4,24,0.75,84500,16,8000,250.0,4,0.07927417373657253,4.643930908203125,4.564656734466553,0.06604498402634981,0.0020639057508234316,0.008255623003293727
4,16,32,0.25,0.2531,relu,1,4,24,0.75,84000,16,8000,250.0,4,0.09868702697753928,4.331709716796875,4.233022689819336,0.09835875881476157,0.003073711212961299,0.012294844851845196
4,16,32,0.5,0.5048,identity,0,4,24,0.75,86500,16,8000,250.0,4,0.0793914756774905,4.4775185546875,4.39812707901001,0.057883017939813895,0.0018088443106191842,0.007235377242476737
4,16,32,0.75,0.7567,identity,2,4,24,0.75,80500,16,8000,250.0,4,0.06963936233520496,5.0279404296875,4.958301067352295,0.06475069890744062,0.0020234593408575193,0.008093837363430077
4,16,32,1.0,1.0,relu,1,4,4,0.125,48000,16,8000,250.0,2,0.029357555389403878,5.342117431640625,5.312759876251221,10.878278566990748,0.33994620521846086,0.6798924104369217
4,16,32,0.5,0.5042,relu,1,4,24,0.75,84000,16,8000,250.0,4,0.0996664390563966,4.613874755859375,4.5142083168029785,0.40672665226599575,0.012710207883312367,0.05084083153324947
4,16,64,0.0,0.0,identity,2,0,20,0.312,43000,16,8000,125.0,4,0.11515739822387694,4.127768310546875,4.012610912322998,0.12377077225408309,0.0019339183164700483,0.007735673265880193
4,16,32,1.0,1.0,relu,3,4,4,0.125,50000,16,8000,250.0,2,0.028162807464599204,5.071130126953125,5.042967319488525,11.431990591514134,0.3572497059848167,0.7144994119696334
4,16,16,0.25,0.2538,relu,3,4,24,1.5,127000,16,8000,500.0,4,0.3836542930603031,4.69601171875,4.312357425689697,0.6942722096672921,0.043392013104205755,0.17356805241682302
4,16,64,0.0,0.0,relu,1,0,20,0.312,45500,16,8000,125.0,5,0.11752347183227574,4.187928955078125,4.07040548324585,0.08522637091266663,0.0013316620455104161,0.00665831022755208
4,16,16,0.25,0.2531,relu,1,4,24,1.5,129000,16,8000,500.0,4,0.4800051422119145,4.71302783203125,4.233022689819336,1.0484024233208944,0.0655251514575559,0.2621006058302236
4,16,32,1.0,1.0,identity,2,4,4,0.125,71500,16,8000,250.0,2,0.02878579330444353,5.435621826171875,5.406836032867432,4.656537303367636,0.14551679073023863,0.29103358146047725
4,16,32,0.25,0.2538,relu,3,4,24,0.75,94500,16,8000,250.0,4,0.09718969345092798,4.409547119140625,4.312357425689697,0.13981649926857054,0.004369265602142829,0.017477062408571317
4,16,64,0.0,0.0,relu,3,0,20,0.312,47000,16,8000,125.0,6,0.107264389038086,4.29428564453125,4.187021255493164,0.08926304753123517,0.0013947351176755495,0.008368410706053297
4,16,16,0.75,0.7534,relu,1,4,24,1.5,121500,16,8000,500.0,3,0.245514419555664,5.1332001953125,4.887685775756836,1.744599258922623,0.10903745368266393,0.3271123610479918
4,16,64,0.25,0.2538,relu,3,4,24,0.375,46000,16,8000,125.0,5,0.12188012313842744,4.434237548828125,4.312357425689697,0.2693801677236913,0.004209065120682676,0.021045325603413382
4,16,64,0.25,0.2531,relu,1,4,24,0.375,47500,16,8000,125.0,5,0.12590138244628868,4.358924072265625,4.233022689819336,0.2747026739413389,0.00429222928033342,0.021461146401667103
4,16,64,0.0,0.0,identity,0,0,20,0.312,59000,16,8000,125.0,4,0.11044983673095743,4.084627197265625,3.974177360534668,0.10928009807102358,0.0017075015323597435,0.006830006129438974
4,16,64,0.75,0.7538,identity,4,4,24,0.375,38000,16,8000,125.0,4,0.10487237548828166,4.776770263671875,4.671897888183594,0.35986266723461086,0.005622854175540795,0.02249141670216318
4,16,16,0.5,0.5052,relu,3,4,24,1.5,139000,16,8000,500.0,3,0.3157633857727049,4.815293701171875,4.49953031539917,1.9330916830049727,0.1208182301878108,0.3624546905634324
4,16,64,0.25,0.2537,identity,0,4,24,0.375,57500,16,8000,125.0,4,0.11927135467529304,4.26115234375,4.141880989074707,0.15179222101558898,0.002371753453368578,0.009487013813474311
4,16,64,1.0,1.0,relu,1,4,4,0.062,35000,16,8000,125.0,3,0.03633680343627965,5.3490966796875,5.312759876251221,13.52336748130083,0.21130261689532548,0.6339078506859764
4,16,64,0.25,0.2541,identity,4,4,24,0.375,58500,16,8000,125.0,4,0.11704350662231455,4.23742724609375,4.1203837394714355,0.12809123417492393,0.0020014255339831865,0.008005702135932746
4,16,64,0.75,0.7535,identity,0,4,24,0.375,47500,16,8000,125.0,4,0.09906445693969701,4.81655322265625,4.717488765716553,0.389560844787415,0.006086888199803359,0.024347552799213436
4,16,64,0.5,0.5053,identity,4,4,24,0.375,48500,16,8000,125.0,4,0.11494668579101575,4.459699951171875,4.344753265380859,0.16773302329448722,0.002620828488976363,0.010483313955905451
4,16,16,0.5,0.5042,relu,1,4,24,1.5,143500,16,8000,500.0,3,0.3770834312438964,4.891291748046875,4.5142083168029785,1.8260269741356148,0.11412668588347592,0.3423800576504278
4,16,32,0.75,0.7534,relu,1,4,24,0.75,103000,16,8000,250.0,4,0.08365773010253896,4.971343505859375,4.887685775756836,0.915677252181206,0.028614914130662687,0.11445965652265075
4,16,96,0.0,0.0,identity,4,0,20,0.208,37000,16,8000,83.3,3,0.13838901519775426,4.171728515625,4.033339500427246,0.25365164589195127,0.0026422046447078257,0.007926613934123477
4,16,64,0.5,0.5042,relu,1,4,24,0.375,53000,16,8000,125.0,5,0.11671819686889684,4.630926513671875,4.5142083168029785,0.5551787268390116,0.008674667606859556,0.043373338034297784
4,16,64,0.5,0.5048,identity,0,4,24,0.375,57500,16,8000,125.0,4,0.10965099716186533,4.507778076171875,4.39812707901001,0.1765832301844098,0.002759112971631403,0.011036451886525613
4,16,32,0.75,0.754,relu,3,4,24,0.75,104000,16,8000,250.0,5,0.08360129928588833,4.83005029296875,4.746448993682861,1.1376808394239366,0.03555252623199802,0.17776263115999008
4,16,64,0.5,0.5088,identity,2,4,24,0.375,57500,16,8000,125.0,4,0.10945386123657208,4.674110595703125,4.564656734466553,0.1019553285273071,0.0015930520082391734,0.006372208032956694
4,16,16,0.75,0.754,relu,3,4,24,1.5,144500,16,8000,500.0,4,0.19296580123901386,4.939414794921875,4.746448993682861,1.550973557127742,0.09693584732048388,0.3877433892819355
4,16,32,1.0,1.0,identity,4,4,4,0.125,85000,16,8000,250.0,2,0.027290142059325895,5.079143798828125,5.051853656768799,4.82520738592331,0.15078773081010344,0.3015754616202069
4,16,64,1.0,1.0,identity,2,4,4,0.062,53500,16,8000,125.0,2,0.038666652679443025,5.445502685546875,5.406836032867432,9.72224112366096,0.1519100175572025,0.303820035114405
4,16,96,0.0,0.0,identity,2,0,20,0.208,43000,16,8000,83.3,4,0.12976945877075163,4.14238037109375,4.012610912322998,0.26818290731792327,0.0027935719512283672,0.011174287804913469
4,16,64,0.75,0.7567,identity,2,4,24,0.375,57500,16,8000,125.0,4,0.09472969436645506,5.05303076171875,4.958301067352295,0.2081805377002319,0.0032528209015661234,0.013011283606264494
4,16,64,1.0,1.0,identity,4,4,4,0.062,54500,16,8000,125.0,2,0.03857603073120153,5.0904296875,5.051853656768799,10.501389109693166,0.16408420483895572,0.32816840967791144
4,16,64,0.75,0.7534,relu,1,4,24,0.375,57000,16,8000,125.0,5,0.10321949768066396,4.9909052734375,4.887685775756836,1.2546542911533032,0.019603973299270362,0.0980198664963518
4,16,64,1.0,1.0,identity,0,4,4,0.062,55500,16,8000,125.0,1,0.03859621429443383,5.0666123046875,5.028016090393066,13.488878478453595,0.21076372622583742,0.21076372622583742
4,16,64,0.25,0.2566,identity,2,4,24,0.375,77000,16,8000,125.0,4,0.10800984191894525,4.355398681640625,4.24738883972168,0.10176976457321163,0.0015901525714564317,0.006360610285825727
4,16,64,1.0,1.0,relu,3,4,4,0.062,54000,16,8000,125.0,2,0.030941860198974602,5.0739091796875,5.042967319488525,21.293322470248395,0.33270816359763117,0.6654163271952623
4,16,64,0.5,0.5052,relu,3,4,24,0.375,67000,16,8000,125.0,5,0.11018696975707964,4.60971728515625,4.49953031539917,0.6598327800795063,0.010309887188742286,0.05154943594371143
4,16,96,0.0,0.0,relu,1,0,20,0.208,48000,16,8000,83.3,5,0.1303312110900876,4.200736694335937,4.07040548324585,0.08999608147782553,0.0009374591820606827,0.0046872959103034136
4,16,96,0.0,0.0,relu,3,0,20,0.208,47000,16,8000,83.3,6,0.12379002380371062,4.310811279296875,4.187021255493164,0.13196662300112796,0.0013746523229284163,0.008247913937570498
4,16,96,0.5,0.5042,relu,1,4,24,0.25,44000,16,8000,83.3,5,0.13563152694702119,4.64983984375,4.5142083168029785,0.8230966178549054,0.008573923102655265,0.04286961551327632
4,16,64,0.75,0.754,relu,3,4,24,0.375,69000,16,8000,125.0,6,0.09580906295776348,4.842258056640625,4.746448993682861,1.605127529696164,0.025080117651502563,0.15048070590901538
4,16,96,0.75,0.7534,relu,1,4,24,0.25,42000,16,8000,83.3,5,0.12211988830566423,5.0098056640625,4.887685775756836,1.7574507631211356,0.01830677878251183,0.09153389391255913
4,16,96,0.5,0.5052,relu,3,4,24,0.25,47000,16,8000,83.3,6,0.12990474319458034,4.62943505859375,4.49953031539917,0.7717764658745419,0.008039338186193144,0.04823602911715887
4,16,96,0.25,0.2531,relu,1,4,24,0.25,53500,16,8000,83.3,5,0.141179214477539,4.374201904296875,4.233022689819336,0.32820797516937755,0.003418833074681016,0.017094165373405083
4,16,96,0.25,0.2538,relu,3,4,24,0.25,53000,16,8000,83.3,6,0.1377001914978031,4.4500576171875,4.312357425689697,0.279177247181811,0.002908096324810531,0.017448577948863186
4,16,96,1.0,1.0,identity,2,4,4,0.042,45500,16,8000,83.3,2,0.048081935882568594,5.45491796875,5.406836032867432,14.421138476439287,0.15022019246290924,0.3004403849258185
4,16,96,0.25,0.2566,identity,2,4,24,0.25,58500,16,8000,83.3,4,0.1318709259033204,4.379259765625,4.24738883972168,0.20570082913259158,0.0021427169701311623,0.008570867880524649
4,16,96,0.75,0.754,relu,3,4,24,0.25,48500,16,8000,83.3,6,0.11508860397338871,4.86153759765625,4.746448993682861,2.154336084347392,0.022441000878618667,0.134646005271712
4,16,96,1.0,1.0,relu,3,4,4,0.042,42000,16,8000,83.3,3,0.03518697738647436,5.078154296875,5.042967319488525,23.081216100606326,0.2404293343813159,0.7212880031439477
4,16,96,0.5,0.5088,identity,2,4,24,0.25,57500,16,8000,83.3,4,0.12418286514282251,4.688839599609375,4.564656734466553,0.15377409792074945,0.0016018135200078067,0.006407254080031227
4,16,96,0.5,0.5053,identity,4,4,24,0.25,59500,16,8000,83.3,4,0.12212319946289085,4.46687646484375,4.344753265380859,0.261803584342844,0.0027271206702379584,0.010908482680951834
4,16,96,0.25,0.2541,identity,4,4,24,0.25,65000,16,8000,83.3,4,0.13200883865356428,4.252392578125,4.1203837394714355,0.18385914296710035,0.0019151994059072952,0.007660797623629181
4,16,96,0.75,0.7567,identity,2,4,24,0.25,57500,16,8000,83.3,4,0.10794282913207986,5.066243896484375,4.958301067352295,0.2526755143462439,0.002632036607773374,0.010528146431093496
4,16,96,1.0,1.0,identity,0,4,4,0.042,57000,16,8000,83.3,1,0.04363478851318359,5.07165087890625,5.028016090393066,22.632945144916594,0.23575984525954785,0.23575984525954785
4,16,96,0.25,0.2537,identity,0,4,24,0.25,70500,16,8000,83.3,4,0.12682921600341768,4.268710205078125,4.141880989074707,0.17301827767524544,0.0018022737257838066,0.007209094903135226
4,16,96,1.0,1.0,relu,1,4,4,0.042,55000,16,8000,83.3,2,0.032567272186279084,5.3453271484375,5.312759876251221,28.0383321981294,0.29206596039718125,0.5841319207943625
4,16,96,0.0,0.0,identity,0,0,20,0.208,89500,16,8000,83.3,4,0.1075621414184571,4.081739501953125,3.974177360534668,0.17074283429170303,0.0017785711905385733,0.007114284762154293
4,32,16,1.0,1.0,identity,4,4,4,0.25,48000,16,8000,500.0,2,0.031029178619384368,5.013700439453125,4.98267126083374,2.2868030709202407,0.14292519193251504,0.2858503838650301
4,16,96,0.75,0.7538,identity,4,4,24,0.25,74500,16,8000,83.3,4,0.1009644165039063,4.7728623046875,4.671897888183594,0.34456498946557546,0.003589218640266411,0.014356874561065644
4,16,96,0.5,0.5048,identity,0,4,24,0.25,80000,16,8000,83.3,4,0.11298449325561499,4.511111572265625,4.39812707901001,0.25363945820758704,0.002642077689662365,0.01056831075864946
4,32,16,1.0,1.0,relu,3,4,4,0.25,52500,16,8000,500.0,2,0.029067497253418395,4.884815673828125,4.855748176574707,5.583593803310509,0.34897461270690683,0.6979492254138137
4,32,16,0.5,0.5086,identity,2,4,40,2.5,64500,16,8000,500.0,3,0.4651628608703611,4.96248828125,4.497325420379639,0.12022171017870982,0.007513856886169364,0.022541570658508092
4,16,96,1.0,1.0,identity,4,4,4,0.042,76500,16,8000,83.3,2,0.0418829154968261,5.093736572265625,5.051853656768799,16.525568004262876,0.1721413333777383,0.3442826667554766
4,16,96,0.75,0.7535,identity,0,4,24,0.25,85000,16,8000,83.3,4,0.09803418350219761,4.81552294921875,4.717488765716553,0.42737767656974784,0.00445185079760154,0.01780740319040616
4,32,16,1.0,1.0,identity,0,4,4,0.25,62500,16,8000,500.0,1,0.025012115478515895,5.12632666015625,5.101314544677734,7.3965551774910185,0.46228469859318866,0.46228469859318866
4,32,16,1.0,1.0,identity,2,4,4,0.25,68500,16,8000,500.0,3,0.027879947662353466,5.31771826171875,5.2898383140563965,1.8242067351567248,0.1140129209472953,0.3420387628418859
4,32,16,0.0,0.0,relu,3,0,36,2.25,84000,16,8000,500.0,4,0.6275055046081546,4.710345947265625,4.082840442657471,0.5481465341266003,0.03425915838291252,0.13703663353165008
4,32,16,0.0,0.0,identity,4,0,36,2.25,96000,16,8000,500.0,3,0.5845532569885252,4.48586083984375,3.9013075828552246,0.0698733012670023,0.004367081329187643,0.01310124398756293
4,32,16,0.0,0.0,identity,2,0,36,2.25,96500,16,8000,500.0,3,0.597488094329834,4.645769287109375,4.048281192779541,0.08620108442497777,0.005387567776561111,0.016162703329683333
4,32,16,1.0,1.0,relu,1,4,4,0.25,73500,16,8000,500.0,1,0.02548100662231434,5.316671630859375,5.2911906242370605,8.678792361237022,0.5424245225773139,0.5424245225773139
4,32,16,0.25,0.2539,identity,0,4,40,2.5,96500,16,8000,500.0,3,0.6032797393798832,4.663672119140625,4.060392379760742,0.09398906053343238,0.005874316283339524,0.017622948850018572
4,32,16,0.75,0.7563,identity,2,4,40,2.5,83500,16,8000,500.0,3,0.27279147338867205,5.12345751953125,4.850666046142578,0.12321556889824743,0.0077009730561404645,0.023102919168421394
4,32,16,0.5,0.5051,identity,0,4,40,2.5,89500,16,8000,500.0,3,0.46516888046264615,4.769355224609375,4.3041863441467285,0.11404664249405955,0.007127915155878722,0.021383745467636165
4,32,32,0.25,0.2539,identity,0,4,40,1.25,69000,16,8000,250.0,4,0.19597041320800823,4.25636279296875,4.060392379760742,0.07921748621907584,0.00247554644434612,0.00990218577738448
4,32,16,0.0,0.0,relu,1,0,36,2.25,103500,16,8000,500.0,4,0.753071212768555,4.885015869140625,4.13194465637207,0.2617153364459596,0.016357208527872476,0.0654288341114899
4,32,32,0.0,0.0,relu,1,0,36,1.125,73500,16,8000,250.0,3,0.22830387878418001,4.36024853515625,4.13194465637207,0.08510765169066609,0.002659614115333315,0.007978842345999946
4,32,16,0.25,0.2541,identity,4,4,40,2.5,101500,16,8000,500.0,3,0.5820192375183106,4.6177939453125,4.0357747077941895,0.10326688300884747,0.006454180188052967,0.0193625405641589
4,32,32,0.5,0.5086,identity,2,4,40,1.25,64500,16,8000,250.0,4,0.16957472610473623,4.666900146484375,4.497325420379639,0.08207656710998039,0.002564892722186887,0.010259570888747549
4,32,32,1.0,1.0,identity,4,4,4,0.125,37000,16,8000,250.0,2,0.03762097549438437,5.020292236328125,4.98267126083374,6.798219029413672,0.21244434466917725,0.4248886893383545
4,32,32,1.0,1.0,relu,1,4,4,0.125,37000,16,8000,250.0,2,0.034200244903564325,5.325390869140625,5.2911906242370605,7.810600667014229,0.24408127084419465,0.4881625416883893
4,32,32,1.0,1.0,identity,0,4,4,0.125,46000,16,8000,250.0,1,0.031089996337891,5.132404541015625,5.101314544677734,16.064801466393135,0.5020250458247855,0.5020250458247855
4,32,16,0.75,0.7538,identity,0,4,40,2.5,96500,16,8000,500.0,4,0.275053932189941,4.921415283203125,4.646361351013184,0.14467768653871035,0.009042355408669397,0.03616942163467759
4,32,16,0.5,0.5055,identity,4,4,40,2.5,101000,16,8000,500.0,3,0.4430636444091798,4.73467626953125,4.29161262512207,0.1257893757478333,0.007861835984239582,0.023585507952718743
4,32,32,0.25,0.2566,identity,2,4,40,1.25,76500,16,8000,250.0,4,0.19768836593627892,4.42713525390625,4.229446887969971,0.057260146659476804,0.0017893795831086501,0.0071575183324346005
4,32,64,0.0,0.0,identity,0,0,36,0.562,36500,16,8000,125.0,4,0.1532209014892576,4.1115625,3.958341598510742,0.0788287541849143,0.0012316992841392858,0.004926797136557143
4,32,16,0.0,0.0,identity,0,0,36,2.25,119500,16,8000,500.0,3,0.622831741333008,4.58117333984375,3.958341598510742,0.08273440220332978,0.005170900137708111,0.015512700413124334
4,32,16,0.5,0.505,relu,3,4,40,2.5,100500,16,8000,500.0,4,0.45694826507568376,4.774606689453125,4.317658424377441,0.747299393625719,0.046706212101607435,0.18682484840642974
4,32,32,0.0,0.0,identity,0,0,36,1.125,95500,16,8000,250.0,4,0.1478291778564449,4.106170776367187,3.958341598510742,0.04409924795610715,0.0013781014986283485,0.005512405994513394
4,32,32,0.5,0.5036,relu,1,4,40,1.25,74500,16,8000,250.0,4,0.23716230392456072,4.7628662109375,4.5257039070129395,0.19684539220090022,0.006151418506278132,0.024605674025112528
4,32,32,0.5,0.505,relu,3,4,40,1.25,76000,16,8000,250.0,4,0.20229250335693383,4.519950927734375,4.317658424377441,0.2253576123858529,0.007042425387057903,0.02816970154823161
4,32,32,0.0,0.0,identity,4,0,36,1.125,96000,16,8000,250.0,3,0.14709000015258766,4.048397583007812,3.9013075828552246,0.041079225194278736,0.0012837257873212105,0.0038511773619636317
4,32,16,0.75,0.7537,relu,3,4,40,2.5,105500,16,8000,500.0,4,0.26282605361938494,4.81162890625,4.548802852630615,1.2466872249433474,0.07791795155895921,0.31167180623583685
4,32,32,0.75,0.7538,identity,0,4,40,1.25,77500,16,8000,250.0,4,0.1212782974243165,4.7676396484375,4.646361351013184,0.13930114405693328,0.004353160751779165,0.01741264300711666
4,32,32,0.0,0.0,identity,2,0,36,1.125,96500,16,8000,250.0,3,0.14866363143920935,4.19694482421875,4.048281192779541,0.05130510339028998,0.0016032844809465618,0.004809853442839685
4,32,32,0.5,0.5055,identity,4,4,40,1.25,80500,16,8000,250.0,4,0.16282243347168013,4.45443505859375,4.29161262512207,0.053565387481265284,0.0016739183587895401,0.0066956734351581604
4,32,16,0.25,0.2566,identity,2,4,40,2.5,122000,16,8000,500.0,3,0.6014344596862795,4.83088134765625,4.229446887969971,0.09954280299912567,0.006221425187445354,0.018664275562336064
4,32,16,0.75,0.7543,identity,4,4,40,2.5,111500,16,8000,500.0,3,0.26102688980102506,4.8811455078125,4.620118618011475,0.13451861809605556,0.008407413631003472,0.025222240893010416
4,32,32,1.0,1.0,identity,2,4,4,0.125,59500,16,8000,250.0,2,0.03291095352172846,5.322749267578125,5.2898383140563965,3.762443258120073,0.11757635181625228,0.23515270363250457
4,32,16,0.75,0.7527,relu,1,4,40,2.5,110500,16,8000,500.0,3,0.3532794151306149,5.2201259765625,4.866846561431885,1.6961509158861474,0.10600943224288421,0.3180282967286526
4,32,16,0.5,0.5036,relu,1,4,40,2.5,110500,16,8000,500.0,4,0.582177684783936,5.107881591796875,4.5257039070129395,1.2289297855912111,0.0768081115994507,0.3072324463978028
4,32,32,1.0,1.0,relu,3,4,4,0.125,56000,16,8000,250.0,2,0.030397331237792535,4.8861455078125,4.855748176574707,8.752528719572593,0.27351652248664354,0.5470330449732871
4,32,32,0.25,0.2541,identity,4,4,40,1.25,94500,16,8000,250.0,3,0.18546442794799844,4.221239135742188,4.0357747077941895,0.04722591552618701,0.001475809860193344,0.004427429580580032
4,32,16,0.25,0.2537,relu,3,4,40,2.5,121500,16,8000,500.0,4,0.6070043067932129,4.77193798828125,4.164933681488037,0.9292450173519688,0.05807781358449805,0.2323112543379922
4,32,32,0.5,0.5051,identity,0,4,40,1.25,89500,16,8000,250.0,4,0.16519720077514677,4.469383544921875,4.3041863441467285,0.07621269745098466,0.0023816467953432707,0.009526587181373083
4,32,32,0.25,0.2527,relu,1,4,40,1.25,91000,16,8000,250.0,4,0.263662582397461,4.533447509765625,4.269784927368164,0.14805125736613375,0.00462660179269168,0.01850640717076672
4,32,32,0.25,0.2537,relu,3,4,40,1.25,91500,16,8000,250.0,4,0.2379081153869631,4.402841796875,4.164933681488037,0.21706727602660156,0.006783352375831299,0.027133409503325195
4,32,16,0.25,0.2527,relu,1,4,40,2.5,126500,16,8000,500.0,4,0.7692165374755859,5.03900146484375,4.269784927368164,1.162066470712424,0.0726291544195265,0.290516617678106
4,32,32,0.75,0.7563,identity,2,4,40,1.25,83500,16,8000,250.0,4,0.12138082885742207,4.972046875,4.850666046142578,0.10177700000095127,0.0031805312500297273,0.01272212500011891
4,32,64,0.0,0.0,identity,4,0,36,0.562,56500,16,8000,125.0,4,0.1416753273010256,4.04298291015625,3.9013075828552246,0.07944555956056407,0.0012413368681338135,0.004965347472535254
4,32,64,0.0,0.0,identity,2,0,36,0.562,58500,16,8000,125.0,4,0.14026885604858386,4.188550048828125,4.048281192779541,0.10041567381371129,0.001568994903339239,0.006275979613356956
4,32,32,0.75,0.7543,identity,4,4,40,1.25,88500,16,8000,250.0,4,0.11895779800415074,4.739076416015625,4.620118618011475,0.11918488206306642,0.0037245275644708256,0.014898110257883302
4,32,64,0.75,0.7538,identity,0,4,40,0.625,36000,16,8000,125.0,4,0.11970652008056604,4.76606787109375,4.646361351013184,0.4274526448711203,0.006678947576111254,0.026715790304445017
4,32,64,0.25,0.2539,identity,0,4,40,0.625,54000,16,8000,125.0,4,0.14663081359863295,4.207023193359375,4.060392379760742,0.09635706302904663,0.0015055791098288536,0.0060223164393154146
4,32,32,0.0,0.0,relu,3,0,36,1.125,111500,16,8000,250.0,4,0.19646009445190415,4.279300537109375,4.082840442657471,0.09537443202769395,0.002980451000865436,0.011921804003461744
4,32,64,0.0,0.0,relu,3,0,36,0.562,56000,16,8000,125.0,6,0.1536668815612794,4.23650732421875,4.082840442657471,0.15539819453905349,0.0024280967896727107,0.014568580738036265
4,32,64,0.0,0.0,relu,1,0,36,0.562,64500,16,8000,125.0,4,0.1592071990966799,4.29115185546875,4.13194465637207,0.07298150803475255,0.0011403360630430086,0.004561344252172034
4,32,64,0.5,0.5051,identity,0,4,40,0.625,49500,16,8000,125.0,4,0.13662737655639656,4.440813720703125,4.3041863441467285,0.12835876004309218,0.0020056056256733154,0.008022422502693262
4,32,64,0.5,0.5086,identity,2,4,40,0.625,49500,16,8000,125.0,4,0.13875368118286158,4.6360791015625,4.497325420379639,0.12992935781279466,0.0020301462158249166,0.008120584863299666
4,32,64,0.25,0.2541,identity,4,4,40,0.625,56500,16,8000,125.0,4,0.14503742599487346,4.180812133789063,4.0357747077941895,0.09214183067120899,0.0014397161042376404,0.005758864416950562
4,32,64,0.25,0.2566,identity,2,4,40,0.625,58500,16,8000,125.0,4,0.1463402214050289,4.375787109375,4.229446887969971,0.09899161187931284,0.001546743935614263,0.006186975742457052
4,32,64,0.5,0.5055,identity,4,4,40,0.625,49500,16,8000,125.0,4,0.13672770690917968,4.42834033203125,4.29161262512207,0.11499492484424303,0.0017967957006912974,0.00718718280276519
4,32,96,0.0,0.0,identity,0,0,36,0.375,36500,16,8000,83.3,4,0.18303327941894487,4.141374877929687,3.958341598510742,0.23464200804477195,0.002444187583799708,0.009776750335198831
4,32,64,1.0,1.0,identity,2,4,4,0.062,47500,16,8000,125.0,3,0.042652408599853864,5.33249072265625,5.2898383140563965,5.392275096639364,0.08425429838499006,0.2527628951549702
4,32,64,1.0,1.0,identity,4,4,4,0.062,48500,16,8000,125.0,2,0.04030481338500991,5.02297607421875,4.98267126083374,13.467324102968679,0.2104269391088856,0.4208538782177712
4,32,64,1.0,1.0,relu,1,4,4,0.062,47500,16,8000,125.0,3,0.035770069122314396,5.326960693359375,5.2911906242370605,13.047559381322934,0.20386811533317084,0.6116043459995125
4,32,64,0.25,0.2527,relu,1,4,40,0.625,68000,16,8000,125.0,4,0.1684894866943356,4.4382744140625,4.269784927368164,0.09194145902031456,0.001436585297192415,0.00574634118876966
4,32,64,1.0,1.0,identity,0,4,4,0.062,56000,16,8000,125.0,1,0.03590078735351554,5.13721533203125,5.101314544677734,26.664698500362544,0.41663591406816475,0.41663591406816475
4,32,64,0.25,0.2537,relu,3,4,40,0.625,67500,16,8000,125.0,5,0.16341983413696326,4.328353515625,4.164933681488037,0.18404213144212822,0.0028756583037832534,0.014378291518916267
4,32,64,0.5,0.5036,relu,1,4,40,0.625,64000,16,8000,125.0,5,0.1611947746276856,4.686898681640625,4.5257039070129395,0.36661216900925886,0.00572831514076967,0.02864157570384835
4,32,96,0.75,0.7538,identity,0,4,40,0.417,36000,16,8000,83.3,4,0.1419701919555667,4.78833154296875,4.646361351013184,0.8872124395131264,0.0092417962449284,0.0369671849797136
4,32,96,0.0,0.0,relu,1,0,36,0.375,45500,16,8000,83.3,5,0.1857733612060546,4.317718017578125,4.13194465637207,0.1079192055230046,0.0011241583908646313,0.005620791954323156
4,32,64,0.75,0.7563,identity,2,4,40,0.625,65500,16,8000,125.0,4,0.11332516479492227,4.9639912109375,4.850666046142578,0.1862454265544423,0.0029100847899131608,0.011640339159652643
4,32,96,0.0,0.0,relu,3,0,36,0.375,45000,16,8000,83.3,6,0.17444544601440448,4.257285888671875,4.082840442657471,0.1514401178378105,0.0015775012274771927,0.009465007364863156
4,32,64,1.0,1.0,relu,3,4,4,0.062,56000,16,8000,125.0,2,0.035174186706543153,4.89092236328125,4.855748176574707,16.722031396323082,0.26128174056754816,0.5225634811350963
4,32,96,0.5,0.5055,identity,4,4,40,0.417,45000,16,8000,83.3,4,0.1635255584716795,4.45513818359375,4.29161262512207,0.22790248233133092,0.0023739841909513637,0.009495936763805455
4,32,96,1.0,1.0,identity,0,4,4,0.042,41000,16,8000,83.3,1,0.046588287353515945,5.14790283203125,5.101314544677734,51.4974996000172,0.5364322875001791,0.5364322875001791
4,32,96,1.0,1.0,relu,3,4,4,0.042,34000,16,8000,83.3,3,0.04477477264404328,4.90052294921875,4.855748176574707,17.74260418336627,0.184818793576732,0.554456380730196
4,32,96,0.5,0.5051,identity,0,4,40,0.417,49500,16,8000,83.3,4,0.1625006675720213,4.46668701171875,4.3041863441467285,0.24692049996427812,0.0025720885412945636,0.010288354165178254
4,32,96,0.5,0.5086,identity,2,4,40,0.417,49500,16,8000,83.3,4,0.1647014350891114,4.66202685546875,4.497325420379639,0.22966591689288254,0.0023923533009675263,0.009569413203870105
4,32,64,0.5,0.505,relu,3,4,40,0.625,76000,16,8000,125.0,5,0.152314231872559,4.46997265625,4.317658424377441,0.2855747204947016,0.004462105007729713,0.022310525038648565
4,32,64,0.75,0.7543,identity,4,4,40,0.625,75500,16,8000,125.0,4,0.1103589210510254,4.7304775390625,4.620118618011475,0.27553817365466515,0.004305283963354143,0.017221135853416572
4,32,96,0.5,0.5036,relu,1,4,40,0.417,53500,16,8000,83.3,5,0.18582538986206032,4.711529296875,4.5257039070129395,0.4257531058561021,0.004434928186001064,0.022174640930005318
4,32,32,0.75,0.7537,relu,3,4,40,1.25,131500,16,8000,250.0,4,0.14278723526000991,4.691590087890625,4.548802852630615,0.42226005066616185,0.013195626583317558,0.05278250633327023
4,32,64,0.75,0.7527,relu,1,4,40,0.625,79000,16,8000,125.0,5,0.14516003036499026,5.012006591796875,4.866846561431885,0.7397343565456419,0.011558349321025655,0.05779174660512827
4,32,96,0.25,0.2537,relu,3,4,40,0.417,60500,16,8000,83.3,6,0.18275577163696255,4.347689453125,4.164933681488037,0.18090010087897196,0.0018843760508226246,0.01130625630493575
4,32,96,0.0,0.0,identity,4,0,36,0.375,66000,16,8000,83.3,4,0.1602773780822755,4.0615849609375,3.9013075828552246,0.15345561707918165,0.0015984960112414754,0.006393984044965902
4,32,96,1.0,1.0,relu,1,4,4,0.042,49500,16,8000,83.3,3,0.03762700271606434,5.328817626953125,5.2911906242370605,19.180458906693996,0.19979644694472912,0.5993893408341874
4,32,96,0.25,0.2527,relu,1,4,40,0.417,64000,16,8000,83.3,5,0.19229637145996126,4.462081298828125,4.269784927368164,0.20059922075938985,0.0020895752162436443,0.010447876081218221
4,32,96,1.0,1.0,identity,4,4,4,0.042,56500,16,8000,83.3,1,0.04552161026000956,5.02819287109375,4.98267126083374,31.94686663845821,0.332779860817273,0.332779860817273
4,32,32,0.75,0.7527,relu,1,4,40,1.25,145000,16,8000,250.0,4,0.16686828231811557,5.03371484375,4.866846561431885,0.32945763674449446,0.010295551148265452,0.04118220459306181
4,32,96,0.0,0.0,identity,2,0,36,0.375,73000,16,8000,83.3,4,0.15649248886108413,4.204773681640625,4.048281192779541,0.13796110861916833,0.00143709488144967,0.00574837952579868
4,32,96,0.75,0.7563,identity,2,4,40,0.417,65500,16,8000,83.3,4,0.13169821166992168,4.9823642578125,4.850666046142578,0.2622913167105361,0.0027322012157347513,0.010928804862939005
4,32,96,0.25,0.2541,identity,4,4,40,0.417,72500,16,8000,83.3,4,0.16512116622924822,4.200895874023438,4.0357747077941895,0.14832611506120846,0.0015450636985542548,0.006180254794217019
8,1,16,0.0,0.0,identity,0,0,9,0.562,64500,16,8000,500.0,6,0.03772894287109363,4.447099365234375,4.409370422363281,0.2228200963318339,0.013926256020739618,0.08355753612443771
8,1,16,1.0,1.0,identity,0,1,1,0.062,34000,16,8000,500.0,1,0.01222354507446255,6.0079677734375,5.995744228363037,13.308110580804644,0.8317569113002903,0.8317569113002903
4,32,64,0.75,0.7537,relu,3,4,40,0.625,94500,16,8000,125.0,5,0.1390228309631345,4.68782568359375,4.548802852630615,0.6829887592855888,0.010671699363837325,0.05335849681918663
4,32,96,1.0,1.0,identity,2,4,4,0.042,68500,16,8000,83.3,2,0.044713443756103644,5.3345517578125,5.2898383140563965,10.444595728438127,0.10879787217123049,0.21759574434246098
4,32,96,0.75,0.7537,relu,3,4,40,0.417,69500,16,8000,83.3,6,0.15952307510375974,4.708325927734375,4.548802852630615,0.9010388056798235,0.009385820892498162,0.05631492535498897
8,1,16,0.0,0.0,identity,4,0,9,0.562,69000,16,8000,500.0,6,0.03860629272460958,4.34479296875,4.306186676025391,0.033360548428744155,0.0020850342767965097,0.012510205660779058
8,1,32,0.0,0.0,identity,0,0,9,0.281,35500,16,8000,250.0,6,0.05402923583984354,4.463399658203125,4.409370422363281,0.13196480192392934,0.004123900060122792,0.02474340036073675
4,32,96,0.25,0.2539,identity,0,4,40,0.417,81000,16,8000,83.3,4,0.16235127258300786,4.22274365234375,4.060392379760742,0.13755122019190077,0.0014328252103322997,0.005731300841329199
8,1,16,0.25,0.2607,identity,2,1,10,0.625,62000,16,8000,500.0,6,0.03922793960571269,4.608733154296875,4.569505214691162,0.1383437652383308,0.008646485327395675,0.05187891196437405
4,32,96,0.75,0.7527,relu,1,4,40,0.417,72000,16,8000,83.3,6,0.16341637802123987,5.030262939453125,4.866846561431885,1.012102423882092,0.010542733582105125,0.06325640149263075
8,1,16,1.0,1.0,relu,1,1,1,0.062,38500,16,8000,500.0,1,0.009941532135009368,6.077421142578125,6.067479610443115,11.467821473847335,0.7167388421154585,0.7167388421154585
8,1,16,0.5,0.5083,identity,0,1,10,0.625,62000,16,8000,500.0,7,0.03730458450317364,4.949470703125,4.912166118621826,0.25768828280592065,0.01610551767537004,0.11273862372759029
8,1,16,1.0,1.0,identity,4,1,1,0.062,41000,16,8000,500.0,1,0.011529716491699205,6.102255615234375,6.090725898742676,11.749723692158945,0.734357730759934,0.734357730759934
8,1,16,1.0,1.0,identity,2,1,1,0.062,44000,16,8000,500.0,1,0.010831634521484723,5.683839599609375,5.673007965087891,8.399191787233201,0.5249494867020751,0.5249494867020751
4,32,96,0.25,0.2566,identity,2,4,40,0.417,85500,16,8000,83.3,4,0.16112830734252892,4.3905751953125,4.229446887969971,0.1362887598624385,0.001419674581900401,0.005678698327601604
4,32,96,0.5,0.505,relu,3,4,40,0.417,80000,16,8000,83.3,6,0.17299709320068324,4.490655517578125,4.317658424377441,0.34333267371186177,0.0035763820178318934,0.02145829210699136
8,1,16,0.25,0.2569,identity,0,1,10,0.625,73500,16,8000,500.0,6,0.037540607452392294,4.646400146484375,4.608859539031982,0.11384273543179713,0.00711517096448732,0.04269102578692392
8,1,16,0.75,0.7547,identity,4,1,10,0.625,57000,16,8000,500.0,6,0.0337612800598146,5.540039794921875,5.5062785148620605,0.2276350455370126,0.014227190346063288,0.08536314207637972
8,1,16,0.0,0.0,identity,2,0,9,0.562,83000,16,8000,500.0,6,0.034570838928222436,4.3458720703125,4.311301231384277,0.04793695427091815,0.0029960596419323846,0.017976357851594307
8,1,32,0.0,0.0,relu,3,0,9,0.281,42500,16,8000,250.0,8,0.034948047637939794,4.2815830078125,4.2466349601745605,0.1577204177707227,0.004928763055335085,0.03943010444268068
8,1,16,1.0,1.0,relu,3,1,1,0.062,50000,16,8000,500.0,1,0.007496677398681761,6.077986083984375,6.070489406585693,14.476236791828336,0.904764799489271,0.904764799489271
8,1,16,0.25,0.2531,relu,1,1,10,0.625,77500,16,8000,500.0,6,0.03610413360595732,4.651699951171875,4.615595817565918,0.40895126232297113,0.025559453895185696,0.15335672337111417
8,1,32,0.0,0.0,identity,2,0,9,0.281,52000,16,8000,250.0,6,0.047002967834473,4.35830419921875,4.311301231384277,0.36304480909708975,0.011345150284284055,0.06807090170570433
8,1,16,0.0,0.0,relu,3,0,9,0.562,82500,16,8000,500.0,7,0.02903447341918941,4.27566943359375,4.2466349601745605,0.2313547287828531,0.014459670548928319,0.10121769384249824
8,1,16,0.0,0.0,relu,1,0,9,0.562,89500,16,8000,500.0,6,0.025703418731689354,4.33459423828125,4.3088908195495605,0.2755420590487348,0.017221378690545925,0.10332827214327556
8,1,16,0.75,0.759,identity,2,1,10,0.625,65500,16,8000,500.0,6,0.029586101531982045,5.181499267578125,5.151913166046143,0.1734353129129259,0.01083970705705787,0.06503824234234722
8,1,16,0.25,0.2561,identity,4,1,10,0.625,84000,16,8000,500.0,6,0.03690177917480497,4.600548095703125,4.56364631652832,0.16023230744218744,0.010014519215136715,0.060087115290820295
8,1,16,0.75,0.7551,identity,0,1,10,0.625,70000,16,8000,500.0,6,0.031468120574951186,5.38373681640625,5.352268695831299,0.4527165203403152,0.0282947825212697,0.1697686951276182
4,32,96,0.75,0.7543,identity,4,4,40,0.417,95500,16,8000,83.3,3,0.11970193862915046,4.739820556640625,4.620118618011475,0.6042778801834748,0.0062945612519111965,0.01888368375573359
8,1,32,0.5,0.5083,identity,0,1,10,0.312,42000,16,8000,250.0,6,0.048852924346923565,4.96101904296875,4.912166118621826,0.36046694725000217,0.011264592101562568,0.0675875526093754
8,1,32,0.0,0.0,identity,4,0,9,0.281,57500,16,8000,250.0,7,0.04602426147460914,4.3522109375,4.306186676025391,0.3499984655467284,0.010937452048335263,0.07656216433834684
8,1,16,0.5,0.5134,identity,2,1,10,0.625,81000,16,8000,500.0,6,0.032697078704834404,4.85585009765625,4.823153018951416,0.22349366539023172,0.013968354086889482,0.08381012452133689
8,1,32,1.0,1.0,identity,2,1,1,0.031,31000,16,8000,250.0,1,0.014704925537109226,5.687712890625,5.673007965087891,12.680094124230779,0.39625294138221184,0.39625294138221184
8,1,32,0.25,0.2569,identity,0,1,10,0.312,55000,16,8000,250.0,6,0.04766633987426783,4.65652587890625,4.608859539031982,0.3336241997496701,0.010425756242177191,0.06255453745306315
8,1,32,1.0,1.0,identity,0,1,1,0.031,35500,16,8000,250.0,1,0.014302646636962457,6.010046875,5.995744228363037,28.890722772264233,0.9028350866332573,0.9028350866332573
8,1,16,0.25,0.2586,relu,3,1,10,0.625,90000,16,8000,500.0,6,0.034459136962890824,4.461457275390625,4.426998138427734,0.49942633262075153,0.03121414578879697,0.18728487473278183
8,1,32,1.0,1.0,relu,1,1,1,0.031,32000,16,8000,250.0,1,0.010813114166260185,6.078292724609375,6.067479610443115,23.826738018692122,0.7445855630841288,0.7445855630841288
8,1,16,0.75,0.7524,relu,1,1,10,0.625,76000,16,8000,500.0,5,0.031136409759521477,5.537196533203125,5.5060601234436035,1.3584405396462984,0.08490253372789365,0.42451266863946824
8,1,16,0.5,0.5074,identity,4,1,10,0.625,83500,16,8000,500.0,7,0.034140171051025625,5.00954443359375,4.975404262542725,0.1037864935971869,0.0064866558498241815,0.04540659094876927
8,1,32,0.0,0.0,relu,1,0,9,0.281,64000,16,8000,250.0,7,0.028856250762939517,4.3377470703125,4.3088908195495605,0.15347930702815216,0.004796228344629755,0.033573598412408284
8,1,32,0.75,0.7547,identity,4,1,10,0.312,44500,16,8000,250.0,5,0.04296123123168982,5.54923974609375,5.5062785148620605,1.0252964489736882,0.03204051403042776,0.1602025701521388
8,1,32,0.25,0.2607,identity,2,1,10,0.312,60000,16,8000,250.0,6,0.046333164215087486,4.61583837890625,4.569505214691162,0.7242724058904043,0.022633512684075135,0.1358010761044508
8,1,16,0.75,0.7612,relu,3,1,10,0.625,78000,16,8000,500.0,4,0.031616809844970284,5.44102490234375,5.409408092498779,1.8036194144114628,0.11272621340071642,0.4509048536028657
8,1,32,0.5,0.5127,relu,3,1,10,0.312,48500,16,8000,250.0,7,0.03523362731933588,4.878535400390625,4.843301773071289,1.04654018364513,0.03270438073891031,0.2289306651723722
8,1,32,1.0,1.0,relu,3,1,1,0.031,36000,16,8000,250.0,1,0.008928318023681214,6.079417724609375,6.070489406585693,25.568189735542386,0.7990059292356996,0.7990059292356996
8,1,32,0.75,0.7551,identity,0,1,10,0.312,48500,16,8000,250.0,6,0.04054551315307631,5.392814208984375,5.352268695831299,0.9349170490780762,0.02921615778368988,0.17529694670213927
8,1,64,0.0,0.0,relu,1,0,9,0.141,32500,16,8000,125.0,8,0.03951298904418987,4.34840380859375,4.3088908195495605,0.36999838527288514,0.00578122476988883,0.04624979815911064
8,1,32,0.75,0.7612,relu,3,1,10,0.312,43500,16,8000,250.0,5,0.033474964141845476,5.442883056640625,5.409408092498779,1.9631988057212968,0.061349962678790525,0.30674981339395263
8,1,16,0.5,0.5127,relu,3,1,10,0.625,83000,16,8000,500.0,5,0.035544906616211236,4.8788466796875,4.843301773071289,0.7587110900334506,0.04741944312709066,0.23709721563545333
8,1,32,0.5,0.5134,identity,2,1,10,0.312,59500,16,8000,250.0,6,0.04141192245483438,4.86456494140625,4.823153018951416,0.4695039359375346,0.014671997998047956,0.08803198798828774
8,1,32,0.25,0.2586,relu,3,1,10,0.312,63000,16,8000,250.0,8,0.03324136352539053,4.460239501953125,4.426998138427734,0.43659647908039917,0.013643639971262474,0.10914911977009979
8,1,64,0.25,0.2531,relu,1,1,10,0.156,33500,16,8000,125.0,7,0.04399793243408201,4.65959375,4.615595817565918,0.6513560071381888,0.0101774376115342,0.0712420632807394
8,1,32,0.75,0.7524,relu,1,1,10,0.312,52500,16,8000,250.0,6,0.03126433944702178,5.537324462890625,5.5060601234436035,1.5638602320492305,0.048870632251538454,0.2932237935092307
8,1,32,0.5,0.5074,identity,4,1,10,0.312,60000,16,8000,250.0,6,0.04552835464477578,5.0209326171875,4.975404262542725,0.5152095236378235,0.016100297613681983,0.0966017856820919
8,1,64,1.0,1.0,identity,2,1,1,0.016,20500,16,8000,125.0,1,0.021513519287108984,5.694521484375,5.673007965087891,23.116517889754178,0.36119559202740903,0.36119559202740903
8,1,32,0.75,0.759,identity,2,1,10,0.312,56500,16,8000,250.0,6,0.035751140594482145,5.187664306640625,5.151913166046143,0.7881554247865111,0.024629857024578473,0.14777914214747084
8,1,32,0.5,0.5038,relu,1,1,10,0.312,62000,16,8000,250.0,7,0.03186755752563464,5.0631533203125,5.031285762786865,0.6829599614661,0.021342498795815627,0.1493974915707094
8,1,16,0.5,0.5038,relu,1,1,10,0.625,95500,16,8000,500.0,6,0.03307287979126006,5.064358642578125,5.031285762786865,0.6741801257669441,0.042136257860434005,0.252817547162604
8,1,64,1.0,1.0,identity,4,1,1,0.016,21500,16,8000,125.0,1,0.02151628875732392,6.1122421875,6.090725898742676,41.16852115955675,0.6432581431180742,0.6432581431180742
8,1,64,0.25,0.2561,identity,4,1,10,0.156,41500,16,8000,125.0,7,0.06283219909667981,4.626478515625,4.56364631652832,1.2586824002687773,0.019666912504199646,0.13766838752939753
8,1,32,1.0,1.0,identity,4,1,1,0.031,50500,16,8000,250.0,1,0.01211736297607402,6.10284326171875,6.090725898742676,22.012020147283135,0.687875629602598,0.687875629602598
8,1,32,0.25,0.2561,identity,4,1,10,0.312,75500,16,8000,250.0,7,0.04439347839355445,4.608039794921875,4.56364631652832,0.2445763703238897,0.007643011572621553,0.053501081008350874
8,1,64,0.25,0.2569,identity,0,1,10,0.156,48500,16,8000,125.0,6,0.05905598831176739,4.66791552734375,4.608859539031982,0.24122134280088925,0.0037690834812638945,0.022614500887583367
8,1,64,0.0,0.0,identity,2,0,9,0.141,53500,16,8000,125.0,6,0.05208133697509787,4.363382568359375,4.311301231384277,0.40268778142871114,0.006291996584823612,0.03775197950894167
8,1,64,1.0,1.0,relu,1,1,1,0.016,26500,16,8000,125.0,1,0.012686893463135007,6.08016650390625,6.067479610443115,35.399633348906924,0.5531192710766707,0.5531192710766707
8,1,64,0.25,0.2586,relu,3,1,10,0.156,42500,16,8000,125.0,9,0.04185562133789045,4.468853759765625,4.426998138427734,0.687797966186981,0.010746843221671578,0.0967215889950442
8,1,64,0.5,0.5074,identity,4,1,10,0.156,41500,16,8000,125.0,6,0.060079380035400476,5.035483642578125,4.975404262542725,0.9445511801254926,0.014758612189460821,0.08855167313676493
8,1,32,0.25,0.2531,relu,1,1,10,0.312,80000,16,8000,250.0,7,0.031676887512206875,4.647272705078125,4.615595817565918,0.8724252254732149,0.027263288296037965,0.19084301807226575
8,1,64,0.0,0.0,identity,0,0,9,0.141,57000,16,8000,125.0,6,0.0528790893554687,4.46224951171875,4.409370422363281,0.7363719756054801,0.011505812118835626,0.06903487271301376
8,1,64,0.0,0.0,identity,4,0,9,0.141,57500,16,8000,125.0,6,0.053982025146484425,4.360168701171875,4.306186676025391,1.0469277448924001,0.016358246013943752,0.0981494760836625
8,1,64,0.5,0.5127,relu,3,1,10,0.156,42500,16,8000,125.0,7,0.041270980834960724,4.88457275390625,4.843301773071289,1.743186571094752,0.0272372901733555,0.1906610312134885
8,1,96,0.25,0.2607,identity,2,1,10,0.104,26000,16,8000,83.3,6,0.07944009780883832,4.6489453125,4.569505214691162,0.6396928827685523,0.006663467528839086,0.03998080517303452
8,1,64,0.5,0.5038,relu,1,1,10,0.156,45000,16,8000,125.0,8,0.03942151260375937,5.070707275390625,5.031285762786865,1.3930346696324682,0.021766166713007316,0.17412933370405853
8,1,64,0.75,0.759,identity,2,1,10,0.156,42000,16,8000,125.0,6,0.047240154266357415,5.1991533203125,5.151913166046143,1.5352239740974045,0.023987874595271946,0.14392724757163167
8,1,64,0.25,0.2607,identity,2,1,10,0.156,62000,16,8000,125.0,6,0.053109775543212834,4.622614990234375,4.569505214691162,0.5269106390234951,0.008232978734742111,0.04939787240845267
8,1,64,1.0,1.0,identity,0,1,1,0.016,41500,16,8000,125.0,1,0.018964023590087642,6.014708251953125,5.995744228363037,55.80950190578681,0.8720234672779189,0.8720234672779189
8,1,64,1.0,1.0,relu,3,1,1,0.016,36000,16,8000,125.0,1,0.010009128570557024,6.08049853515625,6.070489406585693,53.272424156343845,0.8323816274428726,0.8323816274428726
8,1,64,0.0,0.0,relu,3,0,9,0.141,61000,16,8000,125.0,10,0.03407109451293966,4.2807060546875,4.2466349601745605,0.6527033732080916,0.01019849020637643,0.10198490206376432
8,1,64,0.5,0.5083,identity,0,1,10,0.156,55500,16,8000,125.0,6,0.05330458450317366,4.965470703125,4.912166118621826,0.824313992140335,0.012879906127192734,0.0772794367631564
8,1,96,0.0,0.0,relu,1,0,9,0.094,32500,16,8000,83.3,9,0.040667285919189666,4.34955810546875,4.3088908195495605,0.46159498631356205,0.004808281107432938,0.04327452996689644
8,1,96,0.5,0.5074,identity,4,1,10,0.104,30000,16,8000,83.3,7,0.07392728042602581,5.04933154296875,4.975404262542725,1.3826764196676886,0.014402879371538424,0.10082015560076896
8,1,64,0.75,0.7524,relu,1,1,10,0.156,44000,16,8000,125.0,6,0.03529729843139684,5.541357421875,5.5060601234436035,3.3415176951408614,0.05221121398657596,0.31326728391945574
8,1,64,0.75,0.7612,relu,3,1,10,0.156,45500,16,8000,125.0,6,0.03631554031372097,5.4457236328125,5.409408092498779,4.021051403227313,0.06282892817542676,0.3769735690525606
8,1,96,0.25,0.2531,relu,1,1,10,0.104,33500,16,8000,83.3,8,0.046887580871581847,4.6624833984375,4.615595817565918,0.7728479836633272,0.008050499829826325,0.0644039986386106
8,1,64,0.75,0.7551,identity,0,1,10,0.156,55500,16,8000,125.0,7,0.047369731903076584,5.399638427734375,5.352268695831299,1.0633547042036517,0.01661491725318206,0.1163044207722744
8,1,96,0.5,0.5038,relu,1,1,10,0.104,33000,16,8000,83.3,8,0.046812381744384624,5.07809814453125,5.031285762786865,2.0932873040519393,0.02180507608387437,0.17444060867099495
8,1,96,1.0,1.0,identity,2,1,1,0.01,29000,16,8000,83.3,1,0.025826507568359247,5.69883447265625,5.673007965087891,61.367645857769176,0.6392463110184289,0.6392463110184289
8,1,96,0.25,0.2569,identity,0,1,10,0.104,41500,16,8000,83.3,6,0.07135017776489239,4.680209716796875,4.608859539031982,0.5780054068521376,0.006020889654709767,0.0361253379282586
8,1,96,1.0,1.0,relu,1,1,1,0.01,26500,16,8000,83.3,1,0.013344608306884886,6.08082421875,6.067479610443115,62.10701887600493,0.646948113291718,0.646948113291718
8,1,96,1.0,1.0,identity,4,1,1,0.01,31000,16,8000,83.3,1,0.025922050476074432,6.11664794921875,6.090725898742676,14.083435846267522,0.14670245673195334,0.14670245673195334
8,1,96,0.0,0.0,identity,0,0,9,0.094,48500,16,8000,83.3,6,0.06250286865234411,4.471873291015625,4.409370422363281,0.38292473008677486,0.003988799271737238,0.02393279563042343
8,1,96,0.75,0.7524,relu,1,1,10,0.104,35000,16,8000,83.3,7,0.041000423431396094,5.547060546875,5.5060601234436035,4.195375090750239,0.043701823861981653,0.30591276703387155
8,1,96,0.0,0.0,identity,2,0,9,0.094,50000,16,8000,83.3,6,0.061454872131347926,4.372756103515625,4.311301231384277,0.5952671780292158,0.006200699771137665,0.03720419862682599
8,1,64,0.75,0.7547,identity,4,1,10,0.156,65000,16,8000,125.0,6,0.045397998809814766,5.551676513671875,5.5062785148620605,0.8920372450191879,0.013938081953424811,0.08362849172054887
8,1,96,0.0,0.0,identity,4,0,9,0.094,53500,16,8000,83.3,7,0.06335482788085933,4.36954150390625,4.306186676025391,0.5317064347248169,0.005538608695050177,0.038770260865351236
8,1,96,0.0,0.0,relu,3,0,9,0.094,48000,16,8000,83.3,10,0.038809375762939524,4.2854443359375,4.2466349601745605,0.6077439712982758,0.006330666367690373,0.06330666367690373
8,1,96,1.0,1.0,identity,0,1,1,0.01,41500,16,8000,83.3,1,0.025683506011962898,6.021427734375,5.995744228363037,79.20843351725337,0.8250878491380559,0.8250878491380559
8,1,96,0.5,0.5127,relu,3,1,10,0.104,45500,16,8000,83.3,8,0.04298313903808637,4.886284912109375,4.843301773071289,2.404046817169025,0.025042154345510676,0.2003372347640854
8,1,96,0.75,0.759,identity,2,1,10,0.104,45500,16,8000,83.3,6,0.054304851531982834,5.206218017578125,5.151913166046143,3.538668899285447,0.03686113436755674,0.22116680620534043
8,1,96,1.0,1.0,relu,3,1,1,0.01,38000,16,8000,83.3,1,0.010992282867431591,6.081481689453125,6.070489406585693,72.51346963710355,0.755348642053162,0.755348642053162
8,1,64,0.5,0.5134,identity,2,1,10,0.156,81000,16,8000,125.0,6,0.045418514251709396,4.868571533203125,4.823153018951416,1.5836383206179827,0.02474434875965598,0.14846609255793589
8,1,96,0.75,0.7551,identity,0,1,10,0.104,55500,16,8000,83.3,7,0.05392417526245108,5.40619287109375,5.352268695831299,1.3017561310896064,0.013559959698850066,0.09491971789195047
8,1,96,0.25,0.2561,identity,4,1,10,0.104,62000,16,8000,83.3,7,0.06344548034667952,4.627091796875,4.56364631652832,0.4569857366197857,0.004760268089789434,0.033321876628526044
8,1,96,0.5,0.5134,identity,2,1,10,0.104,59500,16,8000,83.3,6,0.057780330657958956,4.880933349609375,4.823153018951416,1.6858292525998502,0.01756072138124844,0.10536432828749064
8,1,96,0.75,0.7612,relu,3,1,10,0.104,50500,16,8000,83.3,5,0.037883655548095696,5.447291748046875,5.409408092498779,7.061343900882016,0.07355566563418767,0.36777832817093836
8,1,96,0.25,0.2586,relu,3,1,10,0.104,59000,16,8000,83.3,9,0.04130264282226559,4.46830078125,4.426998138427734,1.7879926625454738,0.01862492356818202,0.16762431211363818
8,1,96,0.5,0.5083,identity,0,1,10,0.104,62000,16,8000,83.3,6,0.06061366653442413,4.97277978515625,4.912166118621826,1.2012057331523083,0.012512559720336545,0.07507535832201927
8,1,96,0.75,0.7547,identity,4,1,10,0.104,65000,16,8000,83.3,6,0.05419169998168982,5.56047021484375,5.5062785148620605,2.795321557272717,0.029117932888257467,0.1747075973295448
8,2,16,1.0,1.0,identity,0,2,2,0.125,46000,16,8000,500.0,1,0.018090663909911875,5.421272216796875,5.403181552886963,11.675229361574605,0.7297018350984128,0.7297018350984128
8,2,16,0.0,0.0,identity,2,0,10,0.625,70500,16,8000,500.0,6,0.04270314788818386,4.350840087890625,4.308136940002441,0.026285311029132705,0.001642831939320794,0.009856991635924765
8,2,16,1.0,1.0,relu,3,2,2,0.125,44500,16,8000,500.0,1,0.015071014404297145,5.580123046875,5.565052032470703,12.821620726070485,0.8013512953794053,0.8013512953794053
8,2,16,1.0,1.0,relu,1,2,2,0.125,49500,16,8000,500.0,1,0.012845355987549212,5.44915087890625,5.436305522918701,14.361401066693059,0.8975875666683162,0.8975875666683162
8,2,16,0.0,0.0,relu,1,0,10,0.625,68000,16,8000,500.0,5,0.041742748260498175,4.31666845703125,4.274925708770752,0.3051911991747183,0.019074449948419895,0.09537224974209947
8,2,32,0.0,0.0,identity,0,0,10,0.312,49000,16,8000,250.0,6,0.05574045944213868,4.353062255859375,4.297321796417236,0.17891729978088897,0.00559116561815278,0.03354699370891668
8,2,16,1.0,1.0,identity,2,2,2,0.125,53000,16,8000,500.0,2,0.016790615081786697,5.41789697265625,5.401106357574463,6.173942635868297,0.38587141474176856,0.7717428294835371
8,2,16,0.0,0.0,identity,4,0,10,0.625,74000,16,8000,500.0,6,0.0431149177551271,4.193161743164063,4.1500468254089355,0.08383947323777184,0.00523996707736074,0.03143980246416444
8,2,16,0.0,0.0,relu,3,0,10,0.625,70500,16,8000,500.0,7,0.04248123168945295,4.140484619140625,4.098003387451172,0.23741598696829683,0.014838499185518552,0.10386949429862986
8,2,32,0.0,0.0,relu,1,0,10,0.312,47500,16,8000,250.0,7,0.04168732833862343,4.316613037109375,4.274925708770752,0.24255705995596832,0.00757990812362401,0.05305935686536807
8,2,16,0.0,0.0,identity,0,0,10,0.625,77000,16,8000,500.0,6,0.040578838348388935,4.337900634765625,4.297321796417236,0.06857757480003328,0.00428609842500208,0.025716590550012478
8,2,32,0.0,0.0,identity,2,0,10,0.312,52000,16,8000,250.0,6,0.054607444763183466,4.362744384765625,4.308136940002441,0.0948033086739928,0.002962603396062275,0.01777562037637365
8,2,16,0.25,0.2567,identity,4,2,12,0.75,73000,16,8000,500.0,7,0.04613697814941364,4.46165478515625,4.415517807006836,0.06618004360589877,0.004136252725368673,0.02895376907758071
8,2,16,0.75,0.757,identity,4,2,12,0.75,64000,16,8000,500.0,7,0.03945680618286129,5.304696044921875,5.265239238739014,0.3670026928058076,0.022937668300362975,0.16056367810254082
8,2,16,0.5,0.5091,identity,4,2,12,0.75,70500,16,8000,500.0,7,0.04408831787109335,4.84734912109375,4.803260803222656,0.06753579296785599,0.004220987060490999,0.029546909423436993
8,2,32,1.0,1.0,identity,0,2,2,0.062,29500,16,8000,250.0,1,0.02371371078491169,5.426895263671875,5.403181552886963,23.301237470073733,0.7281636709398042,0.7281636709398042
8,2,16,0.25,0.2605,identity,2,2,12,0.75,77500,16,8000,500.0,6,0.04527363204956014,4.5167783203125,4.4715046882629395,0.04915259642408203,0.003072037276505127,0.01843222365903076
8,2,32,0.0,0.0,identity,4,0,10,0.312,58500,16,8000,250.0,6,0.05395207595825191,4.2039989013671875,4.1500468254089355,0.10132383532031818,0.003166369853759943,0.018998219122559657
8,2,32,0.25,0.2576,identity,0,2,12,0.375,59000,16,8000,250.0,6,0.05609162902832043,4.470686279296875,4.414594650268555,0.09402797139251746,0.0029383741060161708,0.017630244636097026
8,2,16,0.75,0.7595,identity,2,2,12,0.75,73000,16,8000,500.0,6,0.03748473358154314,5.095289794921875,5.057805061340332,0.18938531240336806,0.011836582025210504,0.07101949215126302
8,2,32,0.25,0.2572,relu,3,2,12,0.375,56000,16,8000,250.0,7,0.04812419891357411,4.3516796875,4.303555488586426,0.20462462994118338,0.006394519685661981,0.044761637799633866
8,2,32,0.5,0.5094,identity,0,2,12,0.375,56000,16,8000,250.0,6,0.05416390609741217,4.6666044921875,4.612440586090088,0.22240854242919317,0.0069502669509122865,0.04170160170547372
8,2,16,0.5,0.5094,identity,0,2,12,0.75,83500,16,8000,500.0,6,0.040517910003662116,4.65295849609375,4.612440586090088,0.07202011652553979,0.004501257282846237,0.02700754369707742
8,2,16,1.0,1.0,identity,4,2,2,0.125,72500,16,8000,500.0,2,0.012929801940917862,5.8000439453125,5.787114143371582,6.566648488991855,0.4104155305619909,0.8208310611239819
8,2,16,0.25,0.2576,identity,0,2,12,0.75,87500,16,8000,500.0,6,0.042813552856445725,4.457408203125,4.414594650268555,0.06557213971926636,0.004098258732454147,0.024589552394724885
8,2,32,0.0,0.0,relu,3,0,10,0.312,65000,16,8000,250.0,8,0.037191925048827734,4.1351953125,4.098003387451172,0.22671889557247513,0.007084965486639848,0.05667972389311878
8,2,32,0.5,0.504,relu,1,2,12,0.375,55500,16,8000,250.0,6,0.045232925415039205,4.91592041015625,4.870687484741211,0.7097682227718677,0.022180256961620865,0.1330815417697252
8,2,16,0.75,0.7573,relu,3,2,12,0.75,76000,16,8000,500.0,5,0.04693179702758776,5.159009033203125,5.112077236175537,1.1541565596047323,0.07213478497529577,0.36067392487647887
8,2,16,0.75,0.7561,identity,0,2,12,0.75,83000,16,8000,500.0,6,0.03494718933105467,4.94444921875,4.909502029418945,0.07747954711253695,0.004842471694533559,0.029054830167201354
8,2,32,0.5,0.5091,identity,4,2,12,0.375,58000,16,8000,250.0,7,0.05396356201171848,4.857224365234375,4.803260803222656,0.15457630072152145,0.004830509397547545,0.033813565782832816
8,2,32,1.0,1.0,identity,2,2,2,0.062,43500,16,8000,250.0,1,0.02000838851928677,5.42111474609375,5.401106357574463,17.58540158019296,0.54954379938103,0.54954379938103
8,2,32,0.5,0.5096,relu,3,2,12,0.375,55000,16,8000,250.0,6,0.04808086395263711,4.715604248046875,4.667523384094238,0.5976028484379855,0.018675089013687047,0.11205053408212229
8,2,16,0.5,0.5096,relu,3,2,12,0.75,85000,16,8000,500.0,5,0.04768560028076152,4.715208984375,4.667523384094238,0.5565750287629185,0.03478593929768241,0.17392969648841206
8,2,16,0.25,0.2532,relu,1,2,12,0.75,93000,16,8000,500.0,5,0.04469684600830082,4.64626220703125,4.601565361022949,0.23726026536527614,0.014828766585329759,0.07414383292664879
8,2,16,0.25,0.2572,relu,3,2,12,0.75,92500,16,8000,500.0,4,0.05136003875732431,4.35491552734375,4.303555488586426,0.33153300043135736,0.020720812526959835,0.08288325010783934
8,2,32,0.25,0.2605,identity,2,2,12,0.375,70000,16,8000,250.0,6,0.05429389572143517,4.525798583984375,4.4715046882629395,0.2788932071000444,0.008715412721876387,0.052292476331258324
8,2,16,0.5,0.5134,identity,2,2,12,0.75,92000,16,8000,500.0,6,0.040497428894043175,4.787938720703125,4.747441291809082,0.06360510411452507,0.003975319007157817,0.023851914042946898
8,2,32,0.5,0.5134,identity,2,2,12,0.375,64500,16,8000,250.0,7,0.053270866394043104,4.800712158203125,4.747441291809082,0.308810528625281,0.009650329019540032,0.06755230313678022
8,2,32,1.0,1.0,relu,1,2,2,0.062,48500,16,8000,250.0,1,0.014050922393798793,5.4503564453125,5.436305522918701,29.066327881107544,0.9083227462846107,0.9083227462846107
8,2,32,1.0,1.0,relu,3,2,2,0.062,40000,16,8000,250.0,1,0.016538299560546754,5.58159033203125,5.565052032470703,23.314048834062326,0.7285640260644477,0.7285640260644477
8,2,32,1.0,1.0,identity,4,2,2,0.062,55000,16,8000,250.0,1,0.016025260925292883,5.803139404296875,5.787114143371582,24.409280530506873,0.7627900165783398,0.7627900165783398
8,2,32,0.25,0.2532,relu,1,2,12,0.375,74000,16,8000,250.0,7,0.04432990264892567,4.645895263671875,4.601565361022949,0.288367325524336,0.0090114789226355,0.06308035245844851
8,2,64,0.0,0.0,relu,1,0,10,0.156,36500,16,8000,125.0,8,0.04998713302612323,4.324912841796875,4.274925708770752,0.24221208053748,0.003784563758398125,0.030276510067185
8,2,32,0.75,0.7527,relu,1,2,12,0.375,60500,16,8000,250.0,6,0.04064926147460923,5.2182958984375,5.177646636962891,1.930850148815325,0.0603390671504789,0.3620344029028734
8,2,16,0.5,0.504,relu,1,2,12,0.75,98000,16,8000,500.0,5,0.04394313049316434,4.914630615234375,4.870687484741211,0.5262961314258268,0.03289350821411417,0.16446754107057088
8,2,32,0.75,0.7561,identity,0,2,12,0.375,69500,16,8000,250.0,6,0.04526872253418013,4.954770751953125,4.909502029418945,0.24356192038448754,0.007611310012015236,0.045667860072091414
8,2,32,0.75,0.7595,identity,2,2,12,0.375,70000,16,8000,250.0,7,0.044782829284668146,5.102587890625,5.057805061340332,0.6358793825771014,0.01987123070553442,0.13909861493874093
8,2,64,0.5,0.5134,identity,2,2,12,0.188,37500,16,8000,125.0,6,0.07495372772216768,4.82239501953125,4.747441291809082,0.5476605809802919,0.008557196577817061,0.05134317946690237
8,2,16,0.75,0.7527,relu,1,2,12,0.75,98500,16,8000,500.0,5,0.03845639038085924,5.21610302734375,5.177646636962891,1.0152588289647853,0.06345367681029908,0.3172683840514954
8,2,64,0.75,0.7561,identity,0,2,12,0.188,34000,16,8000,125.0,6,0.0667587127685545,4.9762607421875,4.909502029418945,1.4226946450710576,0.022229603829235275,0.13337762297541164
8,2,32,0.25,0.2567,identity,4,2,12,0.375,84500,16,8000,250.0,7,0.051719741821289134,4.467237548828125,4.415517807006836,0.12378532340926796,0.0038682913565396236,0.027078039495777365
8,2,64,0.0,0.0,identity,0,0,10,0.156,49000,16,8000,125.0,6,0.06388816452026358,4.3612099609375,4.297321796417236,0.3884903957717927,0.0060701624339342605,0.03642097460360556
8,2,32,0.75,0.757,identity,4,2,12,0.375,73500,16,8000,250.0,7,0.04492409133911135,5.310163330078125,5.265239238739014,0.854476370607605,0.026702386581487655,0.18691670607041358
8,2,64,1.0,1.0,identity,2,2,2,0.031,28500,16,8000,125.0,2,0.02966585922241194,5.430772216796875,5.401106357574463,23.07059297938935,0.3604780153029586,0.7209560306059172
8,2,64,0.25,0.2576,identity,0,2,12,0.188,47500,16,8000,125.0,6,0.07190559387207074,4.486500244140625,4.414594650268555,0.4631408165834456,0.007236575259116337,0.04341945155469802
8,2,32,0.75,0.7573,relu,3,2,12,0.375,76000,16,8000,250.0,6,0.03904434585571259,5.15112158203125,5.112077236175537,1.4285111095855143,0.04464097217454732,0.26784583304728393
8,2,64,0.0,0.0,identity,4,0,10,0.156,58000,16,8000,125.0,7,0.06297380447387724,4.213020629882813,4.1500468254089355,0.30779541835062346,0.004809303411728492,0.03366512388209944
8,2,64,1.0,1.0,identity,4,2,2,0.031,34500,16,8000,125.0,2,0.025691520690918068,5.8128056640625,5.787114143371582,25.51717273369918,0.3987058239640497,0.7974116479280994
8,2,64,0.25,0.2572,relu,3,2,12,0.188,51000,16,8000,125.0,8,0.05421282196044963,4.357768310546875,4.303555488586426,0.4287176789244597,0.006698713733194683,0.053589709865557465
8,2,64,0.5,0.5096,relu,3,2,12,0.188,46500,16,8000,125.0,8,0.054313285827636726,4.721836669921875,4.667523384094238,0.9053127250397102,0.014145511328745471,0.11316409062996377
8,2,64,0.0,0.0,relu,3,0,10,0.156,56000,16,8000,125.0,10,0.04389932250976525,4.141902709960937,4.098003387451172,0.40374981403723326,0.00630859084433177,0.0630859084433177
8,2,96,0.0,0.0,relu,3,0,10,0.104,34000,16,8000,83.3,9,0.05218167114257799,4.15018505859375,4.098003387451172,0.5674207374260557,0.005910632681521414,0.05319569413369272
8,2,64,0.75,0.7573,relu,3,2,12,0.188,45000,16,8000,125.0,7,0.049537754058837535,5.161614990234375,5.112077236175537,1.6721545315478998,0.026127414555435935,0.18289190188805154
8,2,64,0.25,0.2532,relu,1,2,12,0.188,58500,16,8000,125.0,7,0.05069196319580094,4.65225732421875,4.601565361022949,0.3259662427432616,0.005093222542863462,0.035652557800044234
8,2,64,0.75,0.7595,identity,2,2,12,0.188,53000,16,8000,125.0,7,0.058566764831542883,5.116371826171875,5.057805061340332,1.5088085863226215,0.02357513416129096,0.16502593912903674
8,2,64,0.75,0.7527,relu,1,2,12,0.188,46000,16,8000,125.0,6,0.047863372802734006,5.225510009765625,5.177646636962891,2.9992398059728447,0.0468631219683257,0.2811787318099542
8,2,64,0.5,0.5094,identity,0,2,12,0.188,59000,16,8000,125.0,6,0.06449935531616191,4.67693994140625,4.612440586090088,0.2628855379960668,0.0041075865311885435,0.02464551918713126
8,2,96,0.0,0.0,relu,1,0,10,0.104,36500,16,8000,83.3,8,0.05239460372924842,4.3273203125,4.274925708770752,0.37448235603112906,0.003900857875324261,0.03120686300259409
8,2,64,0.5,0.5091,identity,4,2,12,0.188,58000,16,8000,125.0,7,0.06508587646484365,4.8683466796875,4.803260803222656,0.27477567737925407,0.004293369959050845,0.030053589713355915
8,2,64,0.25,0.2567,identity,4,2,12,0.188,64000,16,8000,125.0,7,0.06544752502441398,4.48096533203125,4.415517807006836,0.39187849441594463,0.006123101475249135,0.04286171032674394
8,2,64,1.0,1.0,relu,3,2,2,0.031,41000,16,8000,125.0,1,0.017358856201171946,5.582410888671875,5.565052032470703,46.28657479257529,0.7232277311339889,0.7232277311339889
8,2,64,0.5,0.504,relu,1,2,12,0.188,55500,16,8000,125.0,7,0.051718521118163885,4.922406005859375,4.870687484741211,1.174246161951465,0.01834759628049164,0.12843317396344148
8,2,96,0.0,0.0,identity,4,0,10,0.104,41500,16,8000,83.3,7,0.07802141189575185,4.228068237304687,4.1500468254089355,0.7698714636577441,0.008019494413101501,0.0561364608917105
8,2,96,0.5,0.5134,identity,2,2,12,0.125,38000,16,8000,83.3,7,0.08534679412841761,4.8327880859375,4.747441291809082,0.6189094833305954,0.0064469737846937014,0.04512881649285591
8,2,64,0.25,0.2605,identity,2,2,12,0.188,70000,16,8000,125.0,6,0.06352167892456073,4.5350263671875,4.4715046882629395,0.326834671816622,0.005106791747134719,0.030640750482808315
8,2,64,0.75,0.757,identity,4,2,12,0.188,58000,16,8000,125.0,7,0.056987323760986364,5.3222265625,5.265239238739014,1.3615329709322725,0.02127395267081676,0.14891766869571732
8,2,96,1.0,1.0,identity,0,2,2,0.021,29500,16,8000,83.3,1,0.03615267562866187,5.439334228515625,5.403181552886963,69.92601076641313,0.7283959454834701,0.7283959454834701
8,2,64,0.0,0.0,identity,2,0,10,0.156,78500,16,8000,125.0,6,0.05551271820068315,4.363649658203125,4.308136940002441,0.16110891630732635,0.002517326817301974,0.015103960903811844
8,2,96,0.5,0.504,relu,1,2,12,0.125,36000,16,8000,83.3,7,0.0593261871337889,4.930013671875,4.870687484741211,1.4554404175194282,0.015160837682494044,0.1061258637774583
8,2,64,1.0,1.0,relu,1,2,2,0.031,49000,16,8000,125.0,1,0.01563978958129919,5.4519453125,5.436305522918701,55.96147728504801,0.8743980825788752,0.8743980825788752
8,2,96,0.0,0.0,identity,0,0,10,0.104,49000,16,8000,83.3,6,0.07233347702026371,4.3696552734375,4.297321796417236,0.3437606009088586,0.003580839592800611,0.02148503755680366
8,2,96,0.25,0.2572,relu,3,2,12,0.125,43500,16,8000,83.3,8,0.06277385711669936,4.366329345703125,4.303555488586426,0.5274889319516591,0.005494676374496449,0.04395741099597159
8,2,96,1.0,1.0,identity,4,2,2,0.021,31500,16,8000,83.3,2,0.032959587097168175,5.82007373046875,5.787114143371582,36.107736338609755,0.3761222535271849,0.7522445070543698
8,2,96,0.0,0.0,identity,2,0,10,0.104,52500,16,8000,83.3,6,0.07335085296630872,4.38148779296875,4.308136940002441,0.4252659321103678,0.004429853459482998,0.026579120756897986
8,2,64,1.0,1.0,identity,0,2,2,0.031,60500,16,8000,125.0,1,0.024211513519286854,5.42739306640625,5.403181552886963,41.077023634985224,0.6418284942966441,0.6418284942966441
8,2,96,0.25,0.2567,identity,4,2,12,0.125,52500,16,8000,83.3,7,0.07796852111816399,4.493486328125,4.415517807006836,0.4445999069277008,0.004631249030496883,0.032418743213478186
8,2,96,0.75,0.757,identity,4,2,12,0.125,41000,16,8000,83.3,7,0.07222316360473613,5.33746240234375,5.265239238739014,1.5573062089829437,0.016221939676905665,0.11355357773833964
8,2,96,0.5,0.5096,relu,3,2,12,0.125,43000,16,8000,83.3,8,0.05964995574951182,4.72717333984375,4.667523384094238,0.9757105118544396,0.010163651165150412,0.0813092093212033
8,2,96,0.75,0.7573,relu,3,2,12,0.125,42500,16,8000,83.3,8,0.054085849761962734,5.1661630859375,5.112077236175537,3.2219609209672093,0.03356209292674176,0.2684967434139341
8,2,96,0.25,0.2576,identity,0,2,12,0.125,59000,16,8000,83.3,6,0.0760645294189457,4.4906591796875,4.414594650268555,0.45920490525393765,0.004783384429728517,0.0287003065783711
8,2,96,0.75,0.7527,relu,1,2,12,0.125,42500,16,8000,83.3,6,0.049923675537109524,5.2275703125,5.177646636962891,4.306644163760082,0.04486087670583419,0.26916526023500514
8,2,96,1.0,1.0,identity,2,2,2,0.021,44500,16,8000,83.3,1,0.03218319320678731,5.43328955078125,5.401106357574463,70.5144274897289,0.7345252863513427,0.7345252863513427
8,2,96,0.75,0.7561,identity,0,2,12,0.125,51500,16,8000,83.3,7,0.06475749206542947,4.974259521484375,4.909502029418945,0.7901843159460679,0.008231086624438206,0.05761760637106745
8,2,96,0.5,0.5094,identity,0,2,12,0.125,59500,16,8000,83.3,7,0.07254110336303743,4.684981689453125,4.612440586090088,0.5580105359899726,0.005812609749895548,0.040688268249268834
8,2,96,0.75,0.7595,identity,2,2,12,0.125,53000,16,8000,83.3,7,0.06621056365966815,5.124015625,5.057805061340332,2.425474685704506,0.025265361309421936,0.17685752916595354
8,2,96,0.25,0.2532,relu,1,2,12,0.125,58500,16,8000,83.3,8,0.05543439483642576,4.656999755859375,4.601565361022949,0.5873968837123199,0.006118717538669999,0.048949740309359994
8,2,96,0.5,0.5091,identity,4,2,12,0.125,63000,16,8000,83.3,7,0.07358441162109397,4.87684521484375,4.803260803222656,0.4651304147168436,0.004845108486633787,0.03391575940643651
8,2,96,0.25,0.2605,identity,2,2,12,0.125,70000,16,8000,83.3,6,0.0743314933776853,4.545836181640625,4.4715046882629395,0.21298076017194187,0.0022185495851243945,0.013311297510746367
8,4,16,0.0,0.0,identity,0,0,12,0.75,59000,16,8000,500.0,6,0.05355456542968717,4.057323486328125,4.0037689208984375,0.028290007852514426,0.0017681254907821516,0.01060875294469291
8,2,96,1.0,1.0,relu,1,2,2,0.021,49500,16,8000,83.3,1,0.016351215362548466,5.45265673828125,5.436305522918701,84.34336878653855,0.8785767581931099,0.8785767581931099
8,2,96,1.0,1.0,relu,3,2,2,0.021,52500,16,8000,83.3,1,0.017172576904297188,5.582224609375,5.565052032470703,71.55247512493375,0.7453382825513932,0.7453382825513932
8,4,16,0.0,0.0,relu,1,0,12,0.75,65500,16,8000,500.0,6,0.05742789840698226,4.170843139648437,4.113415241241455,0.22271289366020183,0.013919555853762615,0.08351733512257568
8,4,32,0.0,0.0,identity,0,0,12,0.375,43500,16,8000,250.0,6,0.06773156738281294,4.07150048828125,4.0037689208984375,0.1338458421428223,0.004182682566963197,0.02509609540177918
8,4,16,1.0,1.0,identity,4,4,4,0.25,51500,16,8000,500.0,2,0.028946216583252138,5.3770673828125,5.348121166229248,1.874386905113584,0.117149181569599,0.234298363139198
8,4,16,0.25,0.2608,identity,2,4,16,1.0,69500,16,8000,500.0,6,0.06398188018798834,4.409306396484375,4.345324516296387,0.031822809424849684,0.0019889255890531052,0.01193355353431863
8,4,16,0.0,0.0,identity,4,0,12,0.75,80500,16,8000,500.0,6,0.049565338134765824,4.198578857421875,4.149013519287109,0.02484716848874165,0.0015529480305463532,0.00931768818327812
8,4,16,1.0,1.0,relu,1,4,4,0.25,57000,16,8000,500.0,2,0.023653484344482223,5.100615478515625,5.076961994171143,6.697748800971693,0.4186093000607308,0.8372186001214617
8,4,16,0.5,0.5138,identity,2,4,16,1.0,69500,16,8000,500.0,6,0.05755830001831086,4.656046630859375,4.5984883308410645,0.03281245275017615,0.0020507782968860093,0.012304669781316056
8,4,16,1.0,1.0,identity,2,4,4,0.25,64000,16,8000,500.0,2,0.025011104583740007,5.298962158203125,5.273951053619385,3.382553098279921,0.21140956864249505,0.4228191372849901
8,4,16,1.0,1.0,relu,3,4,4,0.25,63000,16,8000,500.0,2,0.024417530059814396,5.245326171875,5.2209086418151855,5.437383062335687,0.33983644139598046,0.6796728827919609
8,4,32,1.0,1.0,identity,4,4,4,0.125,37000,16,8000,250.0,2,0.03591496658325166,5.3840361328125,5.348121166229248,6.865382545218012,0.2145432045380629,0.4290864090761258
8,4,16,0.25,0.2582,identity,0,4,16,1.0,83500,16,8000,500.0,6,0.056636238098144887,4.21036376953125,4.1537275314331055,0.04613754067000674,0.0028835962918754214,0.017301577751252527
8,4,16,1.0,1.0,identity,0,4,4,0.25,69000,16,8000,500.0,2,0.027253448486328047,5.121747314453125,5.094493865966797,1.8234099792106062,0.11396312370066289,0.22792624740132578
8,4,16,0.75,0.7598,identity,2,4,16,1.0,71500,16,8000,500.0,6,0.049836071014404126,4.951280029296875,4.901443958282471,0.06440239896314855,0.004025149935196784,0.024150899611180707
8,4,16,0.5,0.5109,identity,0,4,16,1.0,77000,16,8000,500.0,6,0.05545518493652324,4.419798828125,4.364343643188477,0.03600336116497105,0.0022502100728106905,0.013501260436864143
8,4,32,0.25,0.2554,identity,4,4,16,0.5,60000,16,8000,250.0,7,0.07148539352416972,4.3745673828125,4.30308198928833,0.10090970262238005,0.0031534282069493767,0.022073997448645636
8,4,16,0.0,0.0,identity,2,0,12,0.75,94000,16,8000,500.0,6,0.045702980041504304,4.17828564453125,4.132582664489746,0.04740251579462195,0.002962657237163872,0.01777594342298323
8,4,32,0.0,0.0,relu,1,0,12,0.375,64500,16,8000,250.0,7,0.05204276657104501,4.1654580078125,4.113415241241455,0.1619807528281665,0.0050618985258802035,0.035433289681161426
8,4,32,0.0,0.0,identity,2,0,12,0.375,70000,16,8000,250.0,6,0.05837778472900368,4.19096044921875,4.132582664489746,0.1257955270294797,0.00393111021967124,0.02358666131802744
8,4,32,1.0,1.0,identity,2,4,4,0.125,45000,16,8000,250.0,2,0.03241930770874024,5.306370361328125,5.273951053619385,4.925703615648976,0.1539282379890305,0.307856475978061
8,4,32,0.5,0.5109,identity,0,4,16,0.5,65000,16,8000,250.0,6,0.0687354583740234,4.4330791015625,4.364343643188477,0.09734482478321015,0.003042025774475317,0.0182521546468519
8,4,32,0.25,0.2608,identity,2,4,16,0.5,68500,16,8000,250.0,6,0.06864179229736322,4.41396630859375,4.345324516296387,0.06516284234727768,0.0020363388233524274,0.012218032940114565
8,4,16,0.5,0.5059,identity,4,4,16,1.0,83500,16,8000,500.0,6,0.052917453765869205,4.60721728515625,4.554299831390381,0.03689520868345938,0.002305950542716211,0.013835703256297266
8,4,32,0.25,0.2582,identity,0,4,16,0.5,70000,16,8000,250.0,6,0.06819434356689413,4.221921875,4.1537275314331055,0.09447492214656222,0.0029523413170800695,0.017714047902480417
8,4,32,0.0,0.0,identity,4,0,12,0.375,74000,16,8000,250.0,7,0.05982168579101543,4.208835205078125,4.149013519287109,0.06703348062614185,0.002094796269566933,0.01466357388696853
8,4,32,0.75,0.7529,identity,4,4,16,0.5,57000,16,8000,250.0,7,0.06247938156127919,4.958369140625,4.895889759063721,0.2573696913871051,0.008042802855847034,0.05629961999092924
8,4,32,1.0,1.0,identity,0,4,4,0.125,52500,16,8000,250.0,2,0.03381179809570334,5.1283056640625,5.094493865966797,3.053420253705647,0.09541938292830147,0.19083876585660295
8,4,32,0.25,0.2565,relu,3,4,16,0.5,66500,16,8000,250.0,7,0.06740309143066447,4.3628037109375,4.295400619506836,0.20336520654338935,0.006355162704480917,0.04448613893136642
8,4,16,0.0,0.0,relu,3,0,12,0.75,100000,16,8000,500.0,7,0.049995624542236605,4.244464599609375,4.194468975067139,0.15530201575695698,0.009706375984809812,0.06794463189366869
8,4,32,0.5,0.5036,relu,1,4,16,0.5,61500,16,8000,250.0,6,0.06455045700073203,4.606356201171875,4.541805744171143,0.41061680762541913,0.012831775238294348,0.07699065142976609
8,4,32,0.75,0.7598,identity,2,4,16,0.5,59500,16,8000,250.0,6,0.06162757492065474,4.963071533203125,4.901443958282471,0.2079971658103108,0.006499911431572213,0.038999468589433275
8,4,16,0.75,0.7582,identity,0,4,16,1.0,85000,16,8000,500.0,6,0.047627803802490654,4.724349853515625,4.676722049713135,0.05401878151056233,0.0033761738444101456,0.020257043066460874
8,4,32,0.0,0.0,relu,3,0,12,0.375,74500,16,8000,250.0,7,0.048685810089111214,4.24315478515625,4.194468975067139,0.09451542354563033,0.002953606985800948,0.020675248900606635
8,4,32,0.5,0.5081,relu,3,4,16,0.5,64000,16,8000,250.0,6,0.06753976440429721,4.59944970703125,4.531909942626953,0.30519492419111127,0.009537341380972227,0.057224048285833364
8,4,32,0.5,0.5138,identity,2,4,16,0.5,71500,16,8000,250.0,6,0.06492329025268528,4.66341162109375,4.5984883308410645,0.05934861556304846,0.0018546442363452645,0.011127865418071587
8,4,32,1.0,1.0,relu,3,4,4,0.125,48500,16,8000,250.0,4,0.02909648513793961,5.250005126953125,5.2209086418151855,5.418043009594824,0.16931384404983826,0.677255376199353
8,4,32,0.5,0.5059,identity,4,4,16,0.5,70500,16,8000,250.0,7,0.06616476821899386,4.620464599609375,4.554299831390381,0.09331046935786004,0.0029159521674331263,0.020411665172031884
8,4,64,0.0,0.0,identity,4,0,12,0.188,39000,16,8000,125.0,7,0.08447891235351523,4.233492431640625,4.149013519287109,0.14858439414251817,0.0023216311584768464,0.016251418109337924
8,4,32,1.0,1.0,relu,1,4,4,0.125,51500,16,8000,250.0,2,0.026580730438232614,5.103542724609375,5.076961994171143,12.20504135830898,0.38140754244715563,0.7628150848943113
8,4,16,0.25,0.2565,relu,3,4,16,1.0,99000,16,8000,500.0,5,0.08027296447753862,4.375673583984375,4.295400619506836,0.37955704405364654,0.02372231525335291,0.11861157626676455
8,4,32,0.75,0.7553,relu,3,4,16,0.5,62500,16,8000,250.0,6,0.06493244934082032,4.90442333984375,4.83949089050293,1.0418362793213185,0.0325573837287912,0.19534430237274722
8,4,32,0.25,0.2529,relu,1,4,16,0.5,78000,16,8000,250.0,6,0.06276870727539041,4.36919189453125,4.306423187255859,0.13362201681541555,0.004175688025481736,0.025054128152890418
8,4,32,0.75,0.7582,identity,0,4,16,0.5,73000,16,8000,250.0,6,0.059272823333739844,4.735994873046875,4.676722049713135,0.12375336054983782,0.003867292517182432,0.02320375510309459
8,4,64,0.0,0.0,identity,0,0,12,0.188,52500,16,8000,125.0,6,0.07669458007812491,4.080463500976562,4.0037689208984375,0.28946985172820444,0.004522966433253194,0.027137798599519168
8,4,16,0.25,0.2554,identity,4,4,16,1.0,108500,16,8000,500.0,6,0.05550419235229498,4.358586181640625,4.30308198928833,0.015853047950181057,0.000990815496886316,0.005944892981317897
8,4,16,0.25,0.2529,relu,1,4,16,1.0,108500,16,8000,500.0,5,0.06852554321289084,4.37494873046875,4.306423187255859,0.2638129823078671,0.016488311394241693,0.08244155697120847
8,4,32,0.75,0.7523,relu,1,4,16,0.5,72000,16,8000,250.0,6,0.05759221649169888,4.864565673828125,4.806973457336426,1.2097452903410344,0.037804540323157325,0.22682724193894394
8,4,16,0.75,0.7529,identity,4,4,16,1.0,103500,16,8000,500.0,7,0.04363489913940466,4.939524658203125,4.895889759063721,0.05560440403498943,0.0034752752521868394,0.024326926765307875
8,4,16,0.5,0.5081,relu,3,4,16,1.0,105000,16,8000,500.0,5,0.08574337768554674,4.6176533203125,4.531909942626953,0.675453206171224,0.0422158253857015,0.2110791269285075
8,4,64,0.0,0.0,relu,3,0,12,0.188,45500,16,8000,125.0,9,0.05965382766723604,4.254122802734375,4.194468975067139,0.2021930797030388,0.003159266870359981,0.02843340183323983
8,4,64,0.0,0.0,relu,1,0,12,0.188,51500,16,8000,125.0,8,0.05922770309448211,4.172642944335937,4.113415241241455,0.1897405168168105,0.002964695575262664,0.023717564602101313
8,4,64,0.25,0.2529,relu,1,4,16,0.25,43000,16,8000,125.0,7,0.07605215454101533,4.382475341796875,4.306423187255859,0.30867443590315435,0.004823038060986787,0.03376126642690751
8,4,16,0.75,0.7553,relu,3,4,16,1.0,112500,16,8000,500.0,4,0.07641462707519509,4.915905517578125,4.83949089050293,1.1942882239620798,0.07464301399762999,0.29857205599051995
8,4,16,0.5,0.5036,relu,1,4,16,1.0,117000,16,8000,500.0,4,0.07330607223510732,4.61511181640625,4.541805744171143,0.447157854151023,0.027947365884438937,0.11178946353775575
8,4,96,0.0,0.0,identity,0,0,12,0.125,33000,16,8000,83.3,6,0.09990832519531256,4.10367724609375,4.0037689208984375,0.2788747411756871,0.002904945220580074,0.017429671323480445
8,4,64,0.0,0.0,identity,2,0,12,0.188,67000,16,8000,125.0,6,0.06984214019775425,4.2024248046875,4.132582664489746,0.278336786714203,0.0043490122924094215,0.026094073754456527
8,4,64,0.5,0.5036,relu,1,4,16,0.25,42500,16,8000,125.0,7,0.0773832206726075,4.61918896484375,4.541805744171143,0.5981857804502262,0.009346652819534784,0.06542656973674349
8,4,64,1.0,1.0,identity,4,4,4,0.062,38000,16,8000,125.0,2,0.04148259353637673,5.389603759765625,5.348121166229248,9.22945659747525,0.1442102593355508,0.2884205186711016
8,4,64,0.75,0.7582,identity,0,4,16,0.25,44500,16,8000,125.0,6,0.08352624130248998,4.760248291015625,4.676722049713135,0.34335798158245917,0.0053649684622259245,0.032189810773355546
8,4,64,0.25,0.2608,identity,2,4,16,0.25,56000,16,8000,125.0,6,0.08664472198486362,4.43196923828125,4.345324516296387,0.1433276981089858,0.002239495282952903,0.013436971697717418
8,4,64,0.25,0.2565,relu,3,4,16,0.25,50000,16,8000,125.0,8,0.07636695861816367,4.371767578125,4.295400619506836,0.3363540074811229,0.005255531366892545,0.04204425093514036
8,4,64,0.25,0.2554,identity,4,4,16,0.25,57500,16,8000,125.0,6,0.08654203414917028,4.3896240234375,4.30308198928833,0.16287665943197854,0.0025449478036246647,0.015269686821747988
8,4,64,0.75,0.7523,relu,1,4,16,0.25,45500,16,8000,125.0,6,0.06864861297607394,4.8756220703125,4.806973457336426,2.057686008104507,0.032151343876632925,0.19290806325979754
8,4,64,0.5,0.5081,relu,3,4,16,0.25,50500,16,8000,125.0,8,0.07631393432617184,4.608223876953125,4.531909942626953,0.6089080561158154,0.009514188376809616,0.07611350701447693
8,4,64,0.75,0.7553,relu,3,4,16,0.25,46500,16,8000,125.0,8,0.07192683410644563,4.911417724609375,4.83949089050293,1.3214977925224491,0.020648403008163268,0.16518722406530614
8,4,64,0.25,0.2582,identity,0,4,16,0.25,64500,16,8000,125.0,6,0.08259546661376937,4.236322998046875,4.1537275314331055,0.24012380074103368,0.003751934386578651,0.022511606319471907
8,4,64,1.0,1.0,identity,2,4,4,0.062,47500,16,8000,125.0,2,0.03761120223999015,5.311562255859375,5.273951053619385,8.035587569600825,0.1255560557750129,0.2511121115500258
8,4,64,1.0,1.0,relu,3,4,4,0.062,44500,16,8000,125.0,3,0.03341899490356415,5.25432763671875,5.2209086418151855,11.836786044184793,0.1849497819403874,0.5548493458211622
8,4,96,0.25,0.2565,relu,3,4,16,0.167,37500,16,8000,83.3,9,0.08767286682128894,4.383073486328125,4.295400619506836,0.34527196312856057,0.0035965829492558394,0.03236924654330255
8,4,64,1.0,1.0,identity,0,4,4,0.062,49500,16,8000,125.0,3,0.03986306762695335,5.13435693359375,5.094493865966797,5.521359791587362,0.08627124674355253,0.2588137402306576
8,4,64,0.5,0.5059,identity,4,4,16,0.25,56500,16,8000,125.0,7,0.08382223892211904,4.6381220703125,4.554299831390381,0.2250507293057901,0.00351641764540297,0.02461492351782079
8,4,16,0.75,0.7523,relu,1,4,16,1.0,134500,16,8000,500.0,4,0.06338640594482392,4.87035986328125,4.806973457336426,1.3071743298731953,0.0816983956170747,0.3267935824682988
8,4,96,0.75,0.7553,relu,3,4,16,0.167,35000,16,8000,83.3,8,0.08507038879394546,4.924561279296875,4.83949089050293,1.8224831472712206,0.01898419945074188,0.15187359560593505
8,4,64,1.0,1.0,relu,1,4,4,0.062,51500,16,8000,125.0,2,0.029397869110107777,5.10635986328125,5.076961994171143,24.736646026434887,0.3865100941630451,0.7730201883260902
8,4,96,0.5,0.5036,relu,1,4,16,0.167,42500,16,8000,83.3,7,0.08554948043823263,4.627355224609375,4.541805744171143,1.0249976947211796,0.010677059320012288,0.07473941524008602
8,4,96,0.0,0.0,relu,3,0,12,0.125,48000,16,8000,83.3,10,0.06438698196411163,4.25885595703125,4.194468975067139,0.2123416069468857,0.0022118917390300595,0.022118917390300596
8,4,96,0.5,0.5081,relu,3,4,16,0.167,44500,16,8000,83.3,9,0.08738131713867148,4.619291259765625,4.531909942626953,0.8849781726560525,0.00921852263183388,0.08296670368650493
8,4,96,1.0,1.0,identity,4,4,4,0.042,37000,16,8000,83.3,2,0.050437671661376804,5.398558837890625,5.348121166229248,19.83870092483871,0.20665313463373658,0.41330626926747316
8,4,64,0.5,0.5109,identity,0,4,16,0.25,71000,16,8000,125.0,6,0.08002330017089854,4.444366943359375,4.364343643188477,0.12850441796270237,0.0020078815306672246,0.012047289184003347
8,4,64,0.5,0.5138,identity,2,4,16,0.25,71500,16,8000,125.0,7,0.0793703117370601,4.677858642578125,4.5984883308410645,0.22549439251997158,0.003523349883124556,0.024663449181871893
8,4,96,0.25,0.2529,relu,1,4,16,0.167,52500,16,8000,83.3,7,0.08315884399414042,4.38958203125,4.306423187255859,0.4520450606185644,0.004708802714776712,0.03296161900343699
8,4,96,0.25,0.2608,identity,2,4,16,0.167,56000,16,8000,83.3,6,0.09702509307861362,4.442349609375,4.345324516296387,0.24673562351705988,0.002570162744969374,0.015420976469816243
8,4,96,0.5,0.5138,identity,2,4,16,0.167,53000,16,8000,83.3,6,0.09509003829956075,4.693578369140625,4.5984883308410645,0.2748804503080938,0.002863338024042644,0.017180028144255864
8,4,64,0.75,0.7598,identity,2,4,16,0.25,71500,16,8000,125.0,7,0.06936512374877957,4.97080908203125,4.901443958282471,0.48969042817702124,0.007651412940265957,0.0535598905818617
8,4,64,0.75,0.7529,identity,4,4,16,0.25,71500,16,8000,125.0,7,0.07046937179565393,4.966359130859375,4.895889759063721,0.3705385261957039,0.005789664471807873,0.040527651302655114
8,4,96,0.75,0.7523,relu,1,4,16,0.167,45000,16,8000,83.3,6,0.07704485321044885,4.884018310546875,4.806973457336426,3.1062108476170365,0.032356362996010794,0.19413817797606478
8,4,96,1.0,1.0,relu,1,4,4,0.042,39000,16,8000,83.3,2,0.03368864059448207,5.110650634765625,5.076961994171143,36.1307171369088,0.3763616368428,0.7527232736856
8,4,96,1.0,1.0,identity,0,4,4,0.042,49500,16,8000,83.3,3,0.048557647705077756,5.143051513671875,5.094493865966797,5.732522789229422,0.05971377905447314,0.17914133716341943
8,4,96,1.0,1.0,identity,2,4,4,0.042,47500,16,8000,83.3,2,0.04528576278686547,5.31923681640625,5.273951053619385,17.105000176500045,0.17817708517187547,0.35635417034375094
8,4,96,0.5,0.5109,identity,0,4,16,0.167,61000,16,8000,83.3,6,0.0938853607177732,4.45822900390625,4.364343643188477,0.1769562832128501,0.0018432946168005218,0.01105976770080313
8,4,96,0.75,0.7529,identity,4,4,16,0.167,57000,16,8000,83.3,7,0.08350330734252953,4.97939306640625,4.895889759063721,0.7711300798405925,0.008032604998339505,0.056228234988376535
8,4,96,0.0,0.0,identity,2,0,12,0.125,70000,16,8000,83.3,6,0.07631333160400366,4.20889599609375,4.132582664489746,0.2515492043702559,0.0026203042121901656,0.015721825273140994
8,4,96,0.0,0.0,relu,1,0,12,0.125,64500,16,8000,83.3,8,0.06305228805542029,4.176467529296875,4.113415241241455,0.4489197812136512,0.004676247720975533,0.037409981767804266
8,4,96,0.25,0.2582,identity,0,4,16,0.167,70000,16,8000,83.3,6,0.09005042266845731,4.243777954101563,4.1537275314331055,0.2894541556003221,0.003015147454170022,0.018090884725020132
8,4,96,0.25,0.2554,identity,4,4,16,0.167,70500,16,8000,83.3,7,0.09322220993041963,4.39630419921875,4.30308198928833,0.22666056855437988,0.0023610475891081236,0.016527333123756868
8,4,96,0.0,0.0,identity,4,0,12,0.125,75000,16,8000,83.3,7,0.0790902404785152,4.228103759765625,4.149013519287109,0.31417846200506416,0.0032726923125527517,0.022908846187869262
8,4,96,0.75,0.7582,identity,0,4,16,0.167,66000,16,8000,83.3,6,0.08201086044311534,4.75873291015625,4.676722049713135,0.467365803335317,0.004868393784742886,0.029210362708457314
8,4,96,0.75,0.7598,identity,2,4,16,0.167,72000,16,8000,83.3,7,0.07910584640502893,4.9805498046875,4.901443958282471,0.7030644165149611,0.0073235876720308445,0.051265113704215916
8,4,96,0.5,0.5059,identity,4,4,16,0.167,74000,16,8000,83.3,7,0.08938864517211886,4.6436884765625,4.554299831390381,0.3670413982836413,0.0038233478987879303,0.02676343529151551
8,4,96,1.0,1.0,relu,3,4,4,0.042,55000,16,8000,83.3,3,0.033193653106689425,5.254102294921875,5.2209086418151855,18.90749864968464,0.196953110934215,0.590859332802645
8,8,32,0.0,0.0,identity,0,0,16,0.5,54000,16,8000,250.0,6,0.07731904411315949,4.05890478515625,3.981585741043091,0.05212620222708664,0.0016289438195964574,0.009773662917578745
8,8,32,0.0,0.0,identity,4,0,16,0.5,54500,16,8000,250.0,7,0.07933210754394526,4.080993408203125,4.00166130065918,0.06577172584593247,0.0020553664326853896,0.014387565028797726
8,8,16,1.0,1.0,identity,2,8,8,0.5,67000,16,8000,500.0,2,0.04109394454956039,5.008600830078125,4.9675068855285645,0.6327351981262134,0.039545949882888336,0.07909189976577667
8,8,16,0.0,0.0,identity,0,0,16,1.0,92500,16,8000,500.0,6,0.05729328727722205,4.038879028320313,3.981585741043091,0.02675247801044854,0.0016720298756530338,0.010032179253918203
8,8,16,0.0,0.0,identity,4,0,16,1.0,87000,16,8000,500.0,6,0.05784577941894575,4.059507080078125,4.00166130065918,0.014969925988602134,0.0009356203742876334,0.005613722245725801
8,8,32,0.0,0.0,relu,3,0,16,0.5,60000,16,8000,250.0,7,0.0755678901672363,4.22007958984375,4.144511699676514,0.0831055998750688,0.0025970499960959,0.0181793499726713
8,8,16,0.75,0.7558,identity,0,8,24,1.5,79500,16,8000,500.0,4,0.15686222457885712,4.690092529296875,4.533230304718018,0.07348022644062745,0.004592514152539215,0.01837005661015686
8,8,16,1.0,1.0,identity,4,8,8,0.5,68000,16,8000,500.0,3,0.04248093414306631,4.734893310546875,4.692412376403809,1.370133446911275,0.08563334043195468,0.25690002129586403
8,8,16,0.5,0.5166,identity,2,8,24,1.5,83000,16,8000,500.0,4,0.2177709579467777,4.6054443359375,4.387673377990723,0.03855464512039114,0.0024096653200244463,0.009638661280097785
8,8,16,0.25,0.262,identity,2,8,24,1.5,89500,16,8000,500.0,5,0.17532768249511754,4.31400146484375,4.138673782348633,0.024699765991419143,0.0015437353744636965,0.007718676872318482
8,8,16,0.75,0.7564,identity,4,8,24,1.5,81000,16,8000,500.0,5,0.19009455490112348,4.6829462890625,4.492851734161377,0.37786509027841075,0.023616568142400672,0.11808284071200337
8,8,16,0.0,0.0,identity,2,0,16,1.0,98000,16,8000,500.0,6,0.05608334541320792,3.9820159912109374,3.9259326457977295,0.023986123415096174,0.001499132713443511,0.008994796280661065
8,8,32,0.5,0.5088,identity,0,8,24,0.75,62000,16,8000,250.0,6,0.08825620269775403,4.405927978515625,4.317671775817871,0.06343606584388288,0.00198237705762134,0.01189426234572804
8,8,32,0.0,0.0,relu,1,0,16,0.5,68000,16,8000,250.0,7,0.07043050384521443,4.096546875,4.026116371154785,0.11873751524435312,0.003710547351386035,0.025973831459702244
8,8,32,0.75,0.7558,identity,0,8,24,0.75,53500,16,8000,250.0,6,0.08390543746948254,4.6171357421875,4.533230304718018,0.11027970220676568,0.0034462406939614275,0.020677444163768564
8,8,16,0.25,0.2567,identity,4,8,24,1.5,94500,16,8000,500.0,5,0.20417649459838838,4.3256865234375,4.121510028839111,0.019089147030641365,0.0011930716894150853,0.005965358447075427
8,8,16,0.0,0.0,relu,1,0,16,1.0,95500,16,8000,500.0,5,0.07846407318115212,4.104580444335937,4.026116371154785,0.10627555173629902,0.006642221983518689,0.03321110991759344
8,8,32,0.0,0.0,identity,2,0,16,0.5,75000,16,8000,250.0,7,0.07208896064758319,3.9980216064453127,3.9259326457977295,0.06829728476256651,0.0021342901488302034,0.014940031041811424
8,8,32,0.25,0.2567,identity,4,8,24,0.75,69500,16,8000,250.0,7,0.08846677780151335,4.209976806640625,4.121510028839111,0.044484073660307086,0.0013901273018845964,0.009730891113192175
8,8,16,1.0,1.0,relu,3,8,8,0.5,75000,16,8000,500.0,2,0.04766075897216826,4.87090771484375,4.823246955871582,4.848079954680922,0.30300499716755763,0.6060099943351153
8,8,16,1.0,1.0,relu,1,8,8,0.5,79500,16,8000,500.0,2,0.046008205413818004,4.90438232421875,4.858374118804932,5.242769538670964,0.32767309616693524,0.6553461923338705
8,8,32,0.5,0.5087,identity,4,8,24,0.75,67500,16,8000,250.0,7,0.08950749588012652,4.39108935546875,4.301581859588623,0.05080078129451608,0.0015875244154536275,0.011112670908175392
8,8,32,0.25,0.257,identity,0,8,24,0.75,77000,16,8000,250.0,6,0.0848693771362301,4.2257890625,4.1409196853637695,0.051415201993529176,0.0016067250622977868,0.009640350373786721
8,8,16,0.25,0.2532,relu,1,8,24,1.5,101000,16,8000,500.0,4,0.22584229278564472,4.42314892578125,4.1973066329956055,0.23387143014748496,0.01461696438421781,0.05846785753687124
8,8,16,1.0,1.0,identity,0,8,8,0.5,90500,16,8000,500.0,4,0.03743885040283246,4.81612060546875,4.778681755065918,1.2140948829855602,0.07588093018659751,0.30352372074639006
8,8,16,0.25,0.257,identity,0,8,24,1.5,106000,16,8000,500.0,5,0.15959545135498043,4.30051513671875,4.1409196853637695,0.02157587401439121,0.0013484921258994506,0.0067424606294972525
8,8,32,1.0,1.0,relu,1,8,8,0.25,49000,16,8000,250.0,3,0.05011806869506863,4.9084921875,4.858374118804932,5.4473792865557655,0.17023060270486767,0.510691808114603
8,8,32,0.5,0.5166,identity,2,8,24,0.75,74000,16,8000,250.0,6,0.08406587982177705,4.4717392578125,4.387673377990723,0.06059269432458162,0.0018935216976431757,0.011361130185859054
8,8,16,0.5,0.5087,identity,4,8,24,1.5,98000,16,8000,500.0,5,0.2575516853332518,4.559133544921875,4.301581859588623,0.1956994415085383,0.012231215094283644,0.061156075471418214
8,8,32,0.5,0.5079,relu,3,8,24,0.75,68000,16,8000,250.0,6,0.10944029998779303,4.464547607421875,4.355107307434082,0.32894892845248563,0.010279654014140176,0.06167792408484106
8,8,16,0.5,0.5088,identity,0,8,24,1.5,103000,16,8000,500.0,4,0.1868501968383791,4.50452197265625,4.317671775817871,0.024293131794668927,0.001518320737166808,0.006073282948667232
8,8,32,1.0,1.0,identity,4,8,8,0.25,56000,16,8000,250.0,3,0.05239890289306626,4.744811279296875,4.692412376403809,3.225394943458472,0.10079359198307725,0.30238077594923174
8,8,32,1.0,1.0,relu,3,8,8,0.25,56500,16,8000,250.0,2,0.048843864440917706,4.8720908203125,4.823246955871582,7.273834823992133,0.22730733824975416,0.4546146764995083
8,8,32,0.75,0.7635,identity,2,8,24,0.75,71000,16,8000,250.0,6,0.07772149276733398,4.75377978515625,4.676058292388916,0.06606733819634954,0.002064604318635923,0.012387625911815539
8,8,32,0.75,0.7564,identity,4,8,24,0.75,71500,16,8000,250.0,7,0.0806328849792477,4.573484619140625,4.492851734161377,0.06245376186944741,0.0019516800584202317,0.013661760408941622
8,8,32,1.0,1.0,identity,2,8,8,0.25,66500,16,8000,250.0,2,0.04564521408081035,5.013152099609375,4.9675068855285645,0.9342452613874647,0.02919516441835827,0.05839032883671654
8,8,32,1.0,1.0,identity,0,8,8,0.25,68500,16,8000,250.0,4,0.04736902618408223,4.82605078125,4.778681755065918,1.6564805005637349,0.051765015642616714,0.20706006257046686
8,8,32,0.25,0.262,identity,2,8,24,0.75,89500,16,8000,250.0,6,0.0809104461669925,4.219584228515625,4.138673782348633,0.041705296401096596,0.0013032905125342686,0.007819743075205611
8,8,32,0.25,0.2563,relu,3,8,24,0.75,91000,16,8000,250.0,6,0.09830937194824241,4.287276123046875,4.188966751098633,0.1788287926914697,0.005588399771608428,0.03353039862965057
8,8,16,0.0,0.0,relu,3,0,16,1.0,126000,16,8000,500.0,5,0.0791798286437988,4.2236915283203125,4.144511699676514,0.08253247383380882,0.005158279614613051,0.025791398073065255
8,8,64,0.0,0.0,identity,2,0,16,0.25,45000,16,8000,125.0,6,0.0980408649444584,4.023973510742188,3.9259326457977295,0.1838768215785704,0.0028730753371651627,0.017238452022990975
8,8,32,0.75,0.7531,relu,1,8,24,0.75,82000,16,8000,250.0,5,0.0926154212951662,4.70061474609375,4.607999324798584,0.8001305068968456,0.025004078340526426,0.12502039170263213
8,8,64,0.0,0.0,relu,1,0,16,0.25,43000,16,8000,125.0,8,0.08667891693115237,4.1127952880859375,4.026116371154785,0.17297128714717788,0.0027026763616746544,0.021621410893397235
8,8,16,0.25,0.2563,relu,3,8,24,1.5,127000,16,8000,500.0,5,0.24438407897949244,4.433350830078125,4.188966751098633,0.25357731260233995,0.015848582037646247,0.07924291018823124
8,8,32,0.75,0.7554,relu,3,8,24,0.75,86500,16,8000,250.0,5,0.09576681518554686,4.677695068359375,4.581928253173828,0.7408154183992917,0.023150481824977864,0.11575240912488932
8,8,32,0.25,0.2532,relu,1,8,24,0.75,101500,16,8000,250.0,6,0.09663843536376948,4.293945068359375,4.1973066329956055,0.1859979919374407,0.005812437248045022,0.03487462348827013
8,8,16,0.75,0.7635,identity,2,8,24,1.5,125000,16,8000,500.0,4,0.16795074081420935,4.844009033203125,4.676058292388916,0.15361438770503105,0.00960089923156444,0.03840359692625776
8,8,32,0.5,0.5042,relu,1,8,24,0.75,98500,16,8000,250.0,5,0.09438724899291984,4.478920654296875,4.384533405303955,0.24640764099847545,0.007700238781202358,0.03850119390601179
8,8,64,0.75,0.7558,identity,0,8,24,0.375,44000,16,8000,125.0,6,0.11029459762573257,4.64352490234375,4.533230304718018,0.2178739267990245,0.003404280106234758,0.020425680637408548
8,8,16,0.5,0.5042,relu,1,8,24,1.5,129500,16,8000,500.0,4,0.26155912399292003,4.646092529296875,4.384533405303955,0.823876240508384,0.051492265031774,0.205969060127096
8,8,16,0.75,0.7531,relu,1,8,24,1.5,127500,16,8000,500.0,3,0.21939154434204067,4.827390869140625,4.607999324798584,1.90606353409357,0.11912897088084813,0.3573869126425444
8,8,64,0.25,0.2567,identity,4,8,24,0.375,54500,16,8000,125.0,7,0.1181379203796391,4.23964794921875,4.121510028839111,0.09437122705565283,0.0014745504227445755,0.010321852959212029
8,8,64,0.25,0.2532,relu,1,8,24,0.375,54500,16,8000,125.0,7,0.11199927520751984,4.309305908203125,4.1973066329956055,0.1986636725167539,0.0031041198830742797,0.02172883918151996
8,8,64,0.5,0.5166,identity,2,8,24,0.375,52500,16,8000,125.0,7,0.11299874114990249,4.500672119140625,4.387673377990723,0.14977873497766775,0.0023402927340260586,0.01638204913818241
8,8,64,0.25,0.257,identity,0,8,24,0.375,58000,16,8000,125.0,6,0.11519237518310543,4.256112060546875,4.1409196853637695,0.14035074191267785,0.0021929803423855914,0.01315788205431355
8,8,64,0.25,0.2563,relu,3,8,24,0.375,53000,16,8000,125.0,8,0.11156034851074192,4.300527099609375,4.188966751098633,0.21809944658961375,0.003407803852962715,0.02726243082370172
8,8,16,0.75,0.7554,relu,3,8,24,1.5,137000,16,8000,500.0,3,0.2400444030761717,4.82197265625,4.581928253173828,2.270712292594469,0.14191951828715432,0.42575855486146297
8,8,64,0.0,0.0,identity,0,0,16,0.25,71000,16,8000,125.0,6,0.08461738395690954,4.066203125,3.981585741043091,0.13301416026589544,0.002078346254154616,0.012470077524927698
8,8,64,0.0,0.0,relu,3,0,16,0.25,60000,16,8000,125.0,9,0.07807985305786147,4.222591552734375,4.144511699676514,0.08925117765505736,0.0013945496508602712,0.01255094685774244
8,8,64,1.0,1.0,identity,0,8,8,0.125,47000,16,8000,125.0,4,0.06249207305908211,4.841173828125,4.778681755065918,2.8961462152093533,0.045252284612646146,0.18100913845058458
8,8,64,0.5,0.5088,identity,0,8,24,0.375,59000,16,8000,125.0,6,0.11265390777587925,4.43032568359375,4.317671775817871,0.14694550220633407,0.00229602347197397,0.013776140831843819
8,8,64,1.0,1.0,relu,3,8,8,0.125,45000,16,8000,125.0,3,0.06149181365966783,4.88473876953125,4.823246955871582,7.765590935205918,0.12133735836259246,0.3640120750877774
8,8,64,1.0,1.0,identity,4,8,8,0.125,49500,16,8000,125.0,4,0.06422824859619158,4.756640625,4.692412376403809,4.909032672335114,0.07670363550523615,0.3068145420209446
8,8,16,0.5,0.5079,relu,3,8,24,1.5,145500,16,8000,500.0,4,0.3019730148315434,4.657080322265625,4.355107307434082,0.640775184210669,0.040048449013166815,0.16019379605266726
8,8,64,1.0,1.0,relu,1,8,8,0.125,50000,16,8000,125.0,4,0.05852602767944326,4.916900146484375,4.858374118804932,7.332273135787883,0.11456676774668567,0.4582670709867427
8,8,96,0.25,0.2563,relu,3,8,24,0.25,40500,16,8000,83.3,8,0.12644975280761717,4.31541650390625,4.188966751098633,0.2161086996300435,0.002251132287812953,0.018009058302503624
8,8,64,0.75,0.7635,identity,2,8,24,0.375,63500,16,8000,125.0,7,0.10127813339233427,4.77733642578125,4.676058292388916,0.22152284108375997,0.0034612943919337495,0.024229060743536247
8,8,64,0.5,0.5087,identity,4,8,24,0.375,66500,16,8000,125.0,7,0.11372429275512719,4.41530615234375,4.301581859588623,0.12073033124288299,0.0018864114256700467,0.013204879979690326
8,8,64,0.5,0.5042,relu,1,8,24,0.375,66000,16,8000,125.0,7,0.10896439743041952,4.493497802734375,4.384533405303955,0.38979763124574845,0.00609058798821482,0.04263411591750374
8,8,64,1.0,1.0,identity,2,8,8,0.125,62000,16,8000,125.0,3,0.056897411346435334,5.024404296875,4.9675068855285645,2.661839019262009,0.04159123467596889,0.12477370402790666
8,8,64,0.5,0.5079,relu,3,8,24,0.375,68500,16,8000,125.0,7,0.10831017303466783,4.46341748046875,4.355107307434082,0.4536021834115894,0.007087534115806085,0.04961273881064259
8,8,64,0.75,0.7531,relu,1,8,24,0.375,65000,16,8000,125.0,7,0.10334320449829093,4.711342529296875,4.607999324798584,0.7368252953452893,0.011512895239770145,0.08059026667839102
8,8,96,0.0,0.0,relu,1,0,16,0.167,54000,16,8000,83.3,9,0.09250264739990222,4.118619018554687,4.026116371154785,0.20205735028339764,0.0021047640654520586,0.018942876589068527
8,8,64,0.25,0.262,identity,2,8,24,0.375,80500,16,8000,125.0,6,0.10662651062011719,4.24530029296875,4.138673782348633,0.09697165526916439,0.0015151821135806936,0.009091092681484161
8,8,64,0.75,0.7564,identity,4,8,24,0.375,71500,16,8000,125.0,7,0.10473981857299819,4.597591552734375,4.492851734161377,0.1534980883827289,0.002398407630980139,0.016788853416860976
8,8,96,0.5,0.5166,identity,2,8,24,0.25,52500,16,8000,83.3,7,0.12898116302490248,4.516654541015625,4.387673377990723,0.2441014192088816,0.0025427231167591833,0.017799061817314284
8,8,64,0.75,0.7554,relu,3,8,24,0.375,68000,16,8000,125.0,7,0.10511569213867222,4.6870439453125,4.581928253173828,0.9146433861402393,0.01429130290844124,0.10003912035908867
8,8,96,1.0,1.0,relu,1,8,8,0.083,31000,16,8000,83.3,4,0.07206240463256819,4.9304365234375,4.858374118804932,9.547503346539838,0.09945315985978997,0.3978126394391599
8,8,96,0.0,0.0,relu,3,0,16,0.167,60000,16,8000,83.3,10,0.08645045852661148,4.230962158203125,4.144511699676514,0.1385555390455362,0.0014432868650576687,0.014432868650576686
8,8,64,0.0,0.0,identity,4,0,16,0.25,90000,16,8000,125.0,7,0.08535530090331989,4.0870166015625,4.00166130065918,0.13763575923709997,0.002150558738079687,0.015053911166557809
8,8,96,0.5,0.5042,relu,1,8,24,0.25,50500,16,8000,83.3,7,0.12515922164917015,4.509692626953125,4.384533405303955,0.405972619207504,0.004228881450078167,0.029602170150547166
8,8,96,0.25,0.262,identity,2,8,24,0.25,62500,16,8000,83.3,7,0.12612358093261733,4.26479736328125,4.138673782348633,0.16584365241081456,0.001727538045945985,0.012092766321621895
8,8,96,0.5,0.5088,identity,0,8,24,0.25,59000,16,8000,83.3,6,0.1269344253540039,4.444606201171875,4.317671775817871,0.23401744506843508,0.0024376817194628653,0.01462609031677719
8,8,96,0.75,0.7531,relu,1,8,24,0.25,44000,16,8000,83.3,7,0.12176044082641635,4.729759765625,4.607999324798584,1.1585250456969804,0.012067969226010214,0.0844757845820715
8,8,96,0.25,0.2532,relu,1,8,24,0.25,61000,16,8000,83.3,7,0.12439087677001925,4.321697509765625,4.1973066329956055,0.21747663450760507,0.0022653816094542196,0.015857671266179537
8,8,96,0.5,0.5079,relu,3,8,24,0.25,50500,16,8000,83.3,8,0.1277391281127933,4.482846435546875,4.355107307434082,0.5081252364909873,0.005292971213447784,0.042343769707582274
8,8,96,1.0,1.0,identity,0,8,8,0.083,48000,16,8000,83.3,4,0.07059314727783228,4.84927490234375,4.778681755065918,3.632706716094125,0.0378406949593138,0.1513627798372552
8,8,96,0.75,0.7554,relu,3,8,24,0.25,47500,16,8000,83.3,8,0.12200997924804646,4.703938232421875,4.581928253173828,1.150340302083484,0.01198271148003629,0.09586169184029032
8,8,96,0.25,0.2567,identity,4,8,24,0.25,69500,16,8000,83.3,7,0.12727024459838887,4.2487802734375,4.121510028839111,0.15260544970075451,0.0015896401010495262,0.011127480707346683
8,8,96,1.0,1.0,identity,4,8,8,0.083,48500,16,8000,83.3,4,0.07193064117431636,4.764343017578125,4.692412376403809,7.351096251770296,0.07657391928927391,0.30629567715709566
8,8,96,0.75,0.7558,identity,0,8,24,0.25,59000,16,8000,83.3,6,0.1180272636413573,4.651257568359375,4.533230304718018,0.37130012429872256,0.0038677096281116933,0.02320625776867016
8,8,96,0.0,0.0,identity,0,0,16,0.167,79500,16,8000,83.3,6,0.09354145622253451,4.075127197265625,3.981585741043091,0.17633334706980028,0.0018368056986437528,0.011020834191862517
8,8,96,0.75,0.7635,identity,2,8,24,0.25,63500,16,8000,83.3,6,0.1144182701110843,4.7904765625,4.676058292388916,0.2945104817501622,0.0030678175182308563,0.018406905109385138
8,8,96,0.0,0.0,identity,2,0,16,0.167,85000,16,8000,83.3,6,0.08959665107727055,4.015529296875,3.9259326457977295,0.23964866501721635,0.0024963402605960036,0.014978041563576022
8,8,96,0.0,0.0,identity,4,0,16,0.167,87000,16,8000,83.3,7,0.09328132629394492,4.094942626953125,4.00166130065918,0.14170598665941236,0.001476104027702212,0.010332728193915485
8,8,96,1.0,1.0,identity,2,8,8,0.083,61500,16,8000,83.3,3,0.06688032150268519,5.03438720703125,4.9675068855285645,4.411346521324734,0.04595152626379931,0.13785457879139792
8,8,96,0.25,0.257,identity,0,8,24,0.25,95000,16,8000,83.3,6,0.11242748260498026,4.25334716796875,4.1409196853637695,0.14737718243138884,0.0015351789836603005,0.009211073901961802
8,8,96,0.5,0.5087,identity,4,8,24,0.25,93000,16,8000,83.3,7,0.11863127517700178,4.420213134765625,4.301581859588623,0.15144956964692396,0.0015775996838221246,0.011043197786754872
8,8,96,1.0,1.0,relu,3,8,8,0.083,68500,16,8000,83.3,4,0.06147032928466789,4.88471728515625,4.823246955871582,10.389989461345378,0.10822905688901435,0.4329162275560574
8,8,96,0.75,0.7564,identity,4,8,24,0.25,87000,16,8000,83.3,7,0.10914045333862266,4.6019921875,4.492851734161377,0.23656390860111523,0.002464207381261617,0.01724945166883132
8,16,32,0.0,0.0,identity,0,0,24,0.75,56000,16,8000,250.0,6,0.09374327468872057,4.04105419921875,3.9473109245300293,0.042778023891869195,0.0013368132466209123,0.008020879479725474
8,16,16,0.25,0.2578,identity,0,8,32,2.0,88500,16,8000,500.0,4,0.5053917274475097,4.571040283203125,4.065648555755615,0.11711250432267993,0.007319531520167496,0.029278126080669983
8,16,32,0.0,0.0,relu,3,0,24,0.75,61500,16,8000,250.0,6,0.10313841629028353,4.186496704101563,4.083358287811279,0.08344421388416262,0.002607631683880082,0.01564579010328049
8,16,32,0.0,0.0,identity,4,0,24,0.75,64500,16,8000,250.0,7,0.09090159606933579,4.13906787109375,4.048166275024414,0.04163916253189613,0.0013012238291217541,0.009108566803852278
8,16,16,1.0,1.0,identity,4,8,8,0.5,69000,16,8000,500.0,3,0.04039630126953142,4.737379638671875,4.696983337402344,1.2888072483678503,0.08055045302299065,0.24165135906897195
8,16,16,0.0,0.0,identity,0,0,24,1.5,100500,16,8000,500.0,5,0.3406378059387203,4.28794873046875,3.9473109245300293,0.11698698812451172,0.0073116867577819825,0.03655843378890991
8,16,16,0.5,0.5097,identity,4,8,32,2.0,90000,16,8000,500.0,5,0.4515317726135253,4.749293212890625,4.2977614402771,0.17402424476618997,0.010876515297886873,0.05438257648943436
8,16,16,0.5,0.5103,identity,0,8,32,2.0,93000,16,8000,500.0,4,0.45237499618530297,4.7015,4.249125003814697,0.21979972612031642,0.013737482882519777,0.054949931530079106
8,16,16,1.0,1.0,identity,0,8,8,0.5,76000,16,8000,500.0,3,0.0405086135864261,4.893905029296875,4.853396415710449,0.9475060482567623,0.059219128016047645,0.17765738404814294
8,16,16,0.0,0.0,identity,2,0,24,1.5,98500,16,8000,500.0,5,0.33997837066650405,4.319332275390625,3.979353904724121,0.2142326573477596,0.013389541084234974,0.06694770542117487
8,16,16,0.25,0.2609,identity,2,8,32,2.0,98000,16,8000,500.0,4,0.4716998672485353,4.62697998046875,4.155280113220215,0.070380965279803,0.004398810329987688,0.01759524131995075
8,16,16,0.0,0.0,relu,1,0,24,1.5,100000,16,8000,500.0,4,0.412714824676514,4.430953369140625,4.018238544464111,0.6689010175735167,0.041806313598344795,0.16722525439337918
8,16,16,0.0,0.0,identity,4,0,24,1.5,105500,16,8000,500.0,5,0.3694650726318356,4.41763134765625,4.048166275024414,0.07005532852452423,0.004378458032782764,0.021892290163913822
8,16,16,0.75,0.7578,identity,0,8,32,2.0,93000,16,8000,500.0,4,0.2844119758605954,4.80279833984375,4.518386363983154,0.26890912940972067,0.016806820588107542,0.06722728235243017
8,16,16,0.5,0.5139,identity,2,8,32,2.0,97000,16,8000,500.0,5,0.43965712738037066,4.8285283203125,4.388871192932129,0.16560332966307695,0.01035020810394231,0.05175104051971155
8,16,16,1.0,1.0,identity,2,8,8,0.5,82000,16,8000,500.0,2,0.03663380432128882,4.98141796875,4.944784164428711,0.9490164295857275,0.05931352684910797,0.11862705369821594
8,16,32,1.0,1.0,identity,0,8,8,0.25,51500,16,8000,250.0,3,0.052497871398926144,4.905894287109375,4.853396415710449,1.5436203002157443,0.04823813438174201,0.14471440314522602
8,16,16,1.0,1.0,relu,3,8,8,0.5,81500,16,8000,500.0,1,0.040050384521484794,5.024215576171875,4.984165191650391,5.5125069436882965,0.34453168398051853,0.34453168398051853
8,16,32,1.0,1.0,identity,2,8,8,0.25,45000,16,8000,250.0,2,0.05268287658691406,4.997467041015625,4.944784164428711,2.553458081669148,0.07979556505216087,0.15959113010432174
8,16,32,0.25,0.2561,relu,3,8,32,1.0,78500,16,8000,250.0,6,0.14029899978637683,4.2650009765625,4.124701976776123,0.13052290818198306,0.004078840880686971,0.024473045284121822
8,16,16,0.25,0.2571,identity,4,8,32,2.0,111000,16,8000,500.0,5,0.5198485183715817,4.665015869140625,4.145167350769043,0.10681054605962234,0.006675659128726396,0.03337829564363198
8,16,16,1.0,1.0,relu,1,8,8,0.5,88000,16,8000,500.0,2,0.041244323730468935,4.982078369140625,4.940834045410156,4.6471981392365755,0.29044988370228597,0.5808997674045719
8,16,32,0.0,0.0,identity,2,0,24,0.75,86500,16,8000,250.0,6,0.08555991363525361,4.064913818359375,3.979353904724121,0.035037731293110226,0.0010949291029096946,0.006569574617458168
8,16,16,0.75,0.7598,identity,2,8,32,2.0,100500,16,8000,500.0,4,0.28813104248046884,4.9618447265625,4.673713684082031,0.14134011110791253,0.008833756944244533,0.03533502777697813
8,16,32,0.5,0.5139,identity,2,8,32,1.0,76000,16,8000,250.0,6,0.09569936370849597,4.484570556640625,4.388871192932129,0.03787569377890177,0.0011836154305906804,0.007101692583544083
8,16,32,0.0,0.0,relu,1,0,24,0.75,85500,16,8000,250.0,6,0.09637009811401409,4.114608642578125,4.018238544464111,0.06467260931857037,0.002021019041205324,0.012126114247231944
8,16,32,0.25,0.2571,identity,4,8,32,1.0,86500,16,8000,250.0,7,0.10189954376220722,4.24706689453125,4.145167350769043,0.03581615376568246,0.0011192548051775768,0.007834783636243037
8,16,32,0.25,0.2578,identity,0,8,32,1.0,89000,16,8000,250.0,6,0.09719592666625942,4.162844482421875,4.065648555755615,0.03479845912013131,0.0010874518475041035,0.006524711085024621
8,16,32,0.75,0.7578,identity,0,8,32,1.0,77500,16,8000,250.0,5,0.08890587234497094,4.607292236328125,4.518386363983154,0.07321665816450444,0.002288020567640764,0.01144010283820382
8,16,32,0.75,0.7598,identity,2,8,32,1.0,76500,16,8000,250.0,6,0.08457952880859398,4.758293212890625,4.673713684082031,0.05194152946491589,0.0016231727957786216,0.009739036774671729
8,16,16,0.75,0.753,relu,1,8,32,2.0,105000,16,8000,500.0,3,0.3621589622497563,4.9673134765625,4.605154514312744,2.3049168074758644,0.14405730046724152,0.43217190140172457
8,16,32,1.0,1.0,identity,4,8,8,0.25,50000,16,8000,250.0,3,0.052564758300781556,4.749548095703125,4.696983337402344,1.7588568313499326,0.054964275979685395,0.16489282793905619
8,16,16,0.75,0.7577,identity,4,8,32,2.0,110500,16,8000,500.0,5,0.2711345100402829,4.759354248046875,4.488219738006592,0.15875180363065383,0.009921987726915864,0.049609938634579326
8,16,32,0.5,0.5103,identity,0,8,32,1.0,93000,16,8000,250.0,6,0.09163134384155303,4.34075634765625,4.249125003814697,0.049655746564136426,0.0015517420801292633,0.00931045248077558
8,16,16,0.5,0.5042,relu,1,8,32,2.0,119500,16,8000,500.0,4,0.5061323280334475,4.82683154296875,4.320699214935303,1.1456936675579903,0.0716058542223744,0.2864234168894976
8,16,32,0.25,0.2609,identity,2,8,32,1.0,98000,16,8000,250.0,6,0.09396793365478473,4.249248046875,4.155280113220215,0.039464082127257515,0.0012332525664767973,0.0073995153988607835
8,16,16,0.5,0.5078,relu,3,8,32,2.0,118500,16,8000,500.0,4,0.4678348693847658,4.8052333984375,4.337398529052734,1.1195251125024295,0.06997031953140184,0.27988127812560737
8,16,32,1.0,1.0,relu,3,8,8,0.25,51500,16,8000,250.0,2,0.04668148803710981,5.0308466796875,4.984165191650391,5.756580339757893,0.17989313561743417,0.35978627123486834
8,16,16,0.25,0.2561,relu,3,8,32,2.0,127000,16,8000,500.0,4,0.5091412849426273,4.63384326171875,4.124701976776123,0.7851137427597049,0.04906960892248156,0.19627843568992623
8,16,32,0.5,0.5097,identity,4,8,32,1.0,95000,16,8000,250.0,7,0.092595737457275,4.390357177734375,4.2977614402771,0.03073878150900813,0.0009605869221565041,0.0067241084550955284
8,16,32,0.75,0.7577,identity,4,8,32,1.0,90000,16,8000,250.0,6,0.08339598464965814,4.57161572265625,4.488219738006592,0.058228221650314514,0.0018196319265723286,0.010917791559433971
8,16,16,0.0,0.0,relu,3,0,24,1.5,139500,16,8000,500.0,5,0.41830015945434607,4.501658447265625,4.083358287811279,0.7527831246571115,0.04704894529106947,0.23524472645534733
8,16,64,0.5,0.5103,identity,0,8,32,0.5,43500,16,8000,125.0,6,0.13913671493530266,4.38826171875,4.249125003814697,0.13443127597474266,0.002100488687105354,0.012602932122632124
8,16,32,1.0,1.0,relu,1,8,8,0.25,66500,16,8000,250.0,2,0.04604827880859386,4.98688232421875,4.940834045410156,7.348727596230218,0.22964773738219432,0.45929547476438864
8,16,16,0.25,0.2532,relu,1,8,32,2.0,138000,16,8000,500.0,4,0.5648784294128415,4.67236181640625,4.107483386993408,0.8654170419968354,0.054088565124802215,0.21635426049920886
8,16,32,0.25,0.2532,relu,1,8,32,1.0,114000,16,8000,250.0,6,0.1317512321472165,4.239234619140625,4.107483386993408,0.12751880288890108,0.003984962590278159,0.023909775541668954
8,16,64,0.0,0.0,identity,0,0,24,0.375,61500,16,8000,125.0,6,0.11834361648559533,4.065654541015625,3.9473109245300293,0.11491099741022164,0.001795484334534713,0.010772906007208278
8,16,32,0.5,0.5042,relu,1,8,32,1.0,105000,16,8000,250.0,5,0.1278400917053224,4.448539306640625,4.320699214935303,0.2514116393896912,0.00785661373092785,0.03928306865463925
8,16,64,1.0,1.0,identity,0,8,8,0.125,33000,16,8000,125.0,3,0.07268415069580048,4.92608056640625,4.853396415710449,3.5263179910637277,0.055098718610370745,0.16529615583111223
8,16,64,0.0,0.0,relu,1,0,24,0.375,54500,16,8000,125.0,7,0.11376865768432598,4.132007202148437,4.018238544464111,0.09186249735869256,0.0014353515212295713,0.010047460648606999
8,16,64,0.75,0.7578,identity,0,8,32,0.5,43500,16,8000,125.0,6,0.1262881965637206,4.644674560546875,4.518386363983154,0.20435661681946918,0.003193072137804206,0.019158432826825236
8,16,64,0.25,0.2578,identity,0,8,32,0.5,58500,16,8000,125.0,6,0.13754602432250973,4.203194580078125,4.065648555755615,0.11194144215403605,0.0017490850336568133,0.01049451020194088
8,16,32,0.75,0.753,relu,1,8,32,1.0,105000,16,8000,250.0,5,0.11693313217163048,4.722087646484375,4.605154514312744,0.5890478821057293,0.018407746315804042,0.0920387315790202
8,16,64,0.5,0.5139,identity,2,8,32,0.5,54500,16,8000,125.0,6,0.1323675765991208,4.52123876953125,4.388871192932129,0.10512962508315447,0.0016426503919242887,0.009855902351545731
8,16,64,0.5,0.5097,identity,4,8,32,0.5,54500,16,8000,125.0,7,0.13779886245727546,4.435560302734375,4.2977614402771,0.10433533729117017,0.001630239645174534,0.011411677516221738
8,16,64,0.0,0.0,relu,3,0,24,0.375,62500,16,8000,125.0,8,0.11140929031372071,4.194767578125,4.083358287811279,0.10801382477808025,0.0016877160121575039,0.013501728097260031
8,16,32,0.5,0.5078,relu,3,8,32,1.0,113500,16,8000,250.0,6,0.12692813110351597,4.46432666015625,4.337398529052734,0.23978188133398834,0.007493183791687136,0.04495910275012281
8,16,64,0.25,0.2609,identity,2,8,32,0.5,63000,16,8000,125.0,7,0.13502213287353548,4.29030224609375,4.155280113220215,0.10716074934652883,0.001674386708539513,0.01172070695977659
8,16,64,0.25,0.2571,identity,4,8,32,0.5,63000,16,8000,125.0,7,0.13645471954345734,4.2816220703125,4.145167350769043,0.07840951838702508,0.0012251487247972668,0.008576041073580868
8,16,64,0.75,0.7598,identity,2,8,32,0.5,54000,16,8000,125.0,6,0.1176019897460936,4.791315673828125,4.673713684082031,0.18561250344453048,0.0029001953663207888,0.01740117219792473
8,16,64,0.25,0.2532,relu,1,8,32,0.5,63500,16,8000,125.0,7,0.13975513839721643,4.247238525390625,4.107483386993408,0.15380966630015377,0.0024032760359399027,0.01682293225157932
8,16,64,1.0,1.0,relu,3,8,8,0.125,46000,16,8000,125.0,2,0.057034515380859574,5.04119970703125,4.984165191650391,11.660548900634,0.18219607657240625,0.3643921531448125
8,16,96,0.25,0.2578,identity,0,8,32,0.333,40000,16,8000,83.3,6,0.1700650672912598,4.235713623046875,4.065648555755615,0.15478285715032358,0.001612321428649204,0.009673928571895224
8,16,64,0.0,0.0,identity,4,0,24,0.375,71500,16,8000,125.0,7,0.11559739685058634,4.163763671875,4.048166275024414,0.11758055406764314,0.0018371961573069241,0.01286037310114847
8,16,64,1.0,1.0,identity,4,8,8,0.125,49500,16,8000,125.0,3,0.06257769775390631,4.75956103515625,4.696983337402344,3.049181068956211,0.047643454202440795,0.1429303626073224
8,16,64,0.75,0.7577,identity,4,8,32,0.5,59000,16,8000,125.0,7,0.12105907058715815,4.60927880859375,4.488219738006592,0.16483115192098646,0.0025754867487654135,0.018028407241357895
8,16,16,0.75,0.7556,relu,3,8,32,2.0,147500,16,8000,500.0,4,0.307647071838379,4.93684228515625,4.629195213317871,1.4048017957428145,0.0878001122339259,0.3512004489357036
8,16,64,0.75,0.753,relu,1,8,32,0.5,57500,16,8000,125.0,7,0.1300969505310059,4.73525146484375,4.605154514312744,0.7219674682599534,0.011280741691561772,0.0789651918409324
8,16,64,1.0,1.0,identity,2,8,8,0.125,54500,16,8000,125.0,3,0.05670558166503881,5.00148974609375,4.944784164428711,4.517931791092017,0.07059268423581276,0.21177805270743827
8,16,32,0.75,0.7556,relu,3,8,32,1.0,117000,16,8000,250.0,5,0.11154404449462874,4.7407392578125,4.629195213317871,0.6276672964086407,0.019614603012770022,0.0980730150638501
8,16,64,1.0,1.0,relu,1,8,8,0.125,56500,16,8000,125.0,3,0.05676507568359401,4.99759912109375,4.940834045410156,8.978698546160354,0.14029216478375553,0.4208764943512666
8,16,64,0.25,0.2561,relu,3,8,32,0.5,75500,16,8000,125.0,7,0.1344869880676267,4.25918896484375,4.124701976776123,0.2078426588813278,0.003247541545020747,0.02273279081514523
8,16,64,0.75,0.7556,relu,3,8,32,0.5,61000,16,8000,125.0,7,0.12526377105712871,4.754458984375,4.629195213317871,0.8559491502094766,0.013374205472023072,0.0936194383041615
8,16,64,0.5,0.5078,relu,3,8,32,0.5,68500,16,8000,125.0,7,0.1324728088378908,4.469871337890625,4.337398529052734,0.3232434386805016,0.005050678729382837,0.035354751105679864
8,16,96,0.25,0.2532,relu,1,8,32,0.333,47500,16,8000,83.3,8,0.15853516769409204,4.2660185546875,4.107483386993408,0.2112581960427182,0.0022006062087783144,0.017604849670226515
8,16,96,0.0,0.0,relu,1,0,24,0.25,54500,16,8000,83.3,8,0.1251334037780758,4.143371948242187,4.018238544464111,0.10480791167503481,0.0010917490799482793,0.008733992639586234
8,16,96,0.0,0.0,identity,0,0,24,0.25,61500,16,8000,83.3,6,0.13174559402465835,4.079056518554688,3.9473109245300293,0.17674611723896586,0.0018411053879058943,0.011046632327435366
8,16,96,0.0,0.0,relu,3,0,24,0.25,54500,16,8000,83.3,10,0.12384837722778297,4.207206665039062,4.083358287811279,0.08775094057801637,0.0009140722976876706,0.009140722976876705
8,16,64,0.5,0.5042,relu,1,8,32,0.5,80000,16,8000,125.0,7,0.13230566787719766,4.4530048828125,4.320699214935303,0.28921192634623066,0.004518936349159854,0.03163255444411898
8,16,96,0.5,0.5042,relu,1,8,32,0.333,49000,16,8000,83.3,7,0.15780713272094715,4.47850634765625,4.320699214935303,0.32852246490667836,0.0034221090094445662,0.023954763066111964
8,16,96,0.5,0.5139,identity,2,8,32,0.333,54500,16,8000,83.3,7,0.1526095199584958,4.541480712890625,4.388871192932129,0.1806552038688149,0.001881825040300155,0.013172775282101085
8,16,96,1.0,1.0,identity,2,8,8,0.083,42500,16,8000,83.3,3,0.06905372619628913,5.013837890625,4.944784164428711,7.385901998079271,0.07693647914665908,0.23080943743997726
8,16,96,0.5,0.5078,relu,3,8,32,0.333,53500,16,8000,83.3,7,0.1537938537597654,4.4911923828125,4.337398529052734,0.41563738421884244,0.004329556085612942,0.030306892599290595
8,16,96,0.25,0.2609,identity,2,8,32,0.333,64000,16,8000,83.3,7,0.15246158599853477,4.30774169921875,4.155280113220215,0.13429973679179344,0.0013989555915811817,0.009792689141068272
8,16,96,1.0,1.0,identity,0,8,8,0.083,44500,16,8000,83.3,3,0.07231989288330087,4.92571630859375,4.853396415710449,4.622599828051973,0.04815208154220805,0.14445624462662415
8,16,96,1.0,1.0,relu,1,8,8,0.083,41500,16,8000,83.3,4,0.067315368652344,5.0081494140625,4.940834045410156,10.495029942068264,0.10932322856321108,0.43729291425284433
8,16,96,0.75,0.753,relu,1,8,32,0.333,46500,16,8000,83.3,7,0.14880251693725555,4.75395703125,4.605154514312744,0.8834197363878845,0.00920228892070713,0.06441602244494991
8,16,96,0.25,0.2561,relu,3,8,32,0.333,61000,16,8000,83.3,8,0.15355974197387656,4.27826171875,4.124701976776123,0.23180767901682575,0.0024146633230919348,0.019317306584735478
8,16,96,0.75,0.7598,identity,2,8,32,0.333,54000,16,8000,83.3,7,0.13740643310546918,4.8111201171875,4.673713684082031,0.2689078325335329,0.0028011232555576345,0.019607862788903443
8,16,96,0.0,0.0,identity,4,0,24,0.25,71500,16,8000,83.3,7,0.12928953552246103,4.177455810546875,4.048166275024414,0.16775237747733257,0.0017474205987222143,0.0122319441910555
8,16,64,0.0,0.0,identity,2,0,24,0.375,105000,16,8000,125.0,7,0.10380136871337875,4.0831552734375,3.979353904724121,0.08510709414562334,0.0013297983460253647,0.009308588422177553
8,16,96,1.0,1.0,relu,3,8,8,0.083,46000,16,8000,83.3,2,0.062451507568359155,5.04661669921875,4.984165191650391,16.28287379314089,0.16961326867855095,0.3392265373571019
8,16,96,1.0,1.0,identity,4,8,8,0.083,50000,16,8000,83.3,3,0.06987286376953161,4.766856201171875,4.696983337402344,5.741184349314903,0.0598040036386969,0.17941201091609071
8,16,96,0.5,0.5097,identity,4,8,32,0.333,66500,16,8000,83.3,7,0.14901199722290048,4.4467734375,4.2977614402771,0.16291239246168104,0.0016970040881425109,0.011879028616997576
8,16,96,0.5,0.5103,identity,0,8,32,0.333,72000,16,8000,83.3,6,0.14467235946655244,4.39379736328125,4.249125003814697,0.15506852161659024,0.001615297100172815,0.00969178260103689
8,16,96,0.0,0.0,identity,2,0,24,0.25,82500,16,8000,83.3,6,0.11968869781494185,4.099042602539063,3.979353904724121,0.1536311004487044,0.0016003239630073376,0.009601943778044025
8,16,96,0.75,0.7556,relu,3,8,32,0.333,61000,16,8000,83.3,7,0.14207675933837915,4.77127197265625,4.629195213317871,1.1716942794671512,0.012205148744449492,0.08543604121114645
8,16,96,0.25,0.2571,identity,4,8,32,0.333,80500,16,8000,83.3,7,0.14740662384033243,4.292573974609375,4.145167350769043,0.12279628783441039,0.0012791279982751083,0.008953895987925757
8,16,96,0.75,0.7578,identity,0,8,32,0.333,72000,16,8000,83.3,6,0.12923521804809557,4.64762158203125,4.518386363983154,0.19857894541076854,0.0020685306813621723,0.012411184088173035
8,32,16,1.0,1.0,identity,0,8,8,0.5,50000,16,8000,500.0,4,0.04898783111572236,4.68987890625,4.640891075134277,0.8721147175350713,0.054507169845941957,0.21802867938376783
8,32,16,1.0,1.0,identity,4,8,8,0.5,62500,16,8000,500.0,3,0.04514628982543911,4.830691162109375,4.7855448722839355,0.6047122787333087,0.03779451742083179,0.11338355226249539
8,32,16,0.25,0.2577,identity,0,8,48,3.0,81000,16,8000,500.0,5,0.7876059265136721,4.849301025390625,4.061695098876953,0.19603312738347647,0.01225207046146728,0.061260352307336396
8,16,96,0.75,0.7577,identity,4,8,32,0.333,93500,16,8000,83.3,7,0.12222996902465777,4.61044970703125,4.488219738006592,0.23240416584914797,0.0024208767275952915,0.01694613709316704
8,32,16,0.75,0.7575,identity,0,8,48,3.0,82000,16,8000,500.0,4,0.3379998474121093,4.698904541015625,4.360904693603516,0.21284774427165798,0.013302984016978624,0.053211936067914495
8,32,16,0.0,0.0,relu,1,0,40,2.5,89500,16,8000,500.0,4,0.7976549301147458,4.841372314453125,4.043717384338379,0.5923737892674222,0.03702336182921389,0.14809344731685556
8,32,16,1.0,1.0,identity,2,8,8,0.5,77000,16,8000,500.0,3,0.03818817138671893,4.937762451171875,4.899574279785156,1.1501275362480812,0.07188297101550507,0.21564891304651523
8,32,32,0.0,0.0,identity,4,0,40,1.25,73500,16,8000,250.0,6,0.21807691192626955,4.2253505859375,4.0072736740112305,0.05928435803651944,0.0018526361886412326,0.011115817131847396
8,32,16,0.25,0.2609,identity,2,8,48,3.0,98000,16,8000,500.0,5,0.752003231048584,4.905447998046875,4.153444766998291,0.2556165965491169,0.015976037284319806,0.07988018642159903
8,32,16,0.25,0.2533,relu,1,8,48,3.0,98000,16,8000,500.0,4,0.8886731071472171,5.091737548828125,4.203064441680908,0.8253785349270609,0.05158615843294131,0.20634463373176523
8,32,16,0.0,0.0,identity,2,0,40,2.5,104500,16,8000,500.0,5,0.7015231513977049,4.721988525390625,4.02046537399292,0.16434132499654946,0.010271332812284342,0.05135666406142171
8,32,16,1.0,1.0,relu,1,8,8,0.5,80000,16,8000,500.0,1,0.04195459365844734,5.13316162109375,5.091207027435303,8.192958222310416,0.512059888894401,0.512059888894401
8,32,32,1.0,1.0,identity,2,8,8,0.25,47500,16,8000,250.0,3,0.05103533935546878,4.950609619140625,4.899574279785156,2.514331799646662,0.07857286873895819,0.23571860621687457
8,32,32,0.0,0.0,identity,2,0,40,1.25,81000,16,8000,250.0,5,0.20576216506958023,4.2262275390625,4.02046537399292,0.058827400332420655,0.0018383562603881455,0.009191781301940727
8,32,16,0.75,0.7604,identity,2,8,48,3.0,94000,16,8000,500.0,5,0.3465813064575194,4.94107421875,4.5944929122924805,0.19536494242063598,0.012210308901289749,0.06105154450644874
8,32,16,0.5,0.5143,identity,2,8,48,3.0,98000,16,8000,500.0,5,0.5951191329956051,4.94712890625,4.3520097732543945,0.265773235034404,0.01661082718965025,0.08305413594825124
8,32,32,0.0,0.0,identity,0,0,40,1.25,82500,16,8000,250.0,5,0.20111024665832478,4.201004150390625,3.9998939037323,0.06006142807236511,0.0018769196272614096,0.009384598136307048
8,32,16,0.0,0.0,identity,0,0,40,2.5,112500,16,8000,500.0,5,0.7020279712677002,4.701921875,3.9998939037323,0.13758343603270357,0.008598964752043973,0.04299482376021986
8,32,16,0.75,0.7535,relu,1,8,48,3.0,94000,16,8000,500.0,2,0.44060168075561545,5.178450439453125,4.73784875869751,3.0265150679405073,0.1891571917462817,0.3783143834925634
8,32,16,0.25,0.257,identity,4,8,48,3.0,108500,16,8000,500.0,5,0.788668910980225,4.880922119140625,4.0922532081604,0.1778930252973266,0.011118314081082912,0.055591570405414556
8,32,16,0.5,0.5092,identity,4,8,48,3.0,105000,16,8000,500.0,5,0.592408863067627,4.85529443359375,4.262885570526123,0.2608435169354774,0.01630271980846734,0.0815135990423367
8,32,16,0.5,0.5101,identity,0,8,48,3.0,106000,16,8000,500.0,4,0.585659324645996,4.76972705078125,4.184067726135254,0.2212166787706902,0.013826042423168138,0.05530416969267255
8,32,16,1.0,1.0,relu,3,8,8,0.5,91500,16,8000,500.0,1,0.042996810913085604,4.8193125,4.776315689086914,8.533315083507128,0.5333321927191955,0.5333321927191955
8,32,32,0.75,0.7568,identity,4,8,48,1.5,69500,16,8000,250.0,6,0.17838781738281284,4.674252685546875,4.4958648681640625,0.07441367531653709,0.002325427353641784,0.013952564121850704
8,32,32,0.25,0.2577,identity,0,8,48,1.5,81000,16,8000,250.0,5,0.2891579284667971,4.35085302734375,4.061695098876953,0.0912887623541988,0.0028527738235687126,0.014263869117843563
8,32,32,0.5,0.5101,identity,0,8,48,1.5,75500,16,8000,250.0,5,0.2416002426147461,4.42566796875,4.184067726135254,0.09445466944506696,0.0029517084201583425,0.014758542100791713
8,32,32,0.25,0.2609,identity,2,8,48,1.5,79500,16,8000,250.0,5,0.28369414901733414,4.437138916015625,4.153444766998291,0.07322617072887916,0.0022883178352774737,0.011441589176387369
8,32,16,0.75,0.7568,identity,4,8,48,3.0,105000,16,8000,500.0,6,0.3425435791015623,4.838408447265625,4.4958648681640625,0.38166661476357056,0.02385416342272316,0.14312498053633896
8,32,32,0.0,0.0,relu,3,0,40,1.25,85500,16,8000,250.0,5,0.2645199470520021,4.2490546875,3.984534740447998,0.11332399532656964,0.0035413748539553013,0.017706874269776508
8,32,32,0.5,0.5143,identity,2,8,48,1.5,80000,16,8000,250.0,5,0.2506462326049803,4.602656005859375,4.3520097732543945,0.08232056820905886,0.0025725177565330895,0.012862588782665448
8,32,16,0.0,0.0,identity,4,0,40,2.5,121500,16,8000,500.0,5,0.7047221755981443,4.711995849609375,4.0072736740112305,0.08762181757368977,0.0054763635983556104,0.02738181799177805
8,32,32,0.75,0.7604,identity,2,8,48,1.5,77000,16,8000,250.0,6,0.17564478302001962,4.7701376953125,4.5944929122924805,0.10732680010100838,0.003353962503156512,0.020123775018939073
8,32,32,0.75,0.7575,identity,0,8,48,1.5,76000,16,8000,250.0,5,0.17229013061523446,4.53319482421875,4.360904693603516,0.10698067719636344,0.0033431461623863574,0.016715730811931787
8,32,32,0.25,0.2566,relu,3,8,48,1.5,84000,16,8000,250.0,5,0.34147420883178725,4.4123193359375,4.070845127105713,0.18914311089955912,0.005910722215611223,0.029553611078056114
8,32,32,1.0,1.0,relu,1,8,8,0.25,59000,16,8000,250.0,2,0.04717993545532195,5.138386962890625,5.091207027435303,7.06149686956356,0.22067177717386124,0.4413435543477225
8,32,16,0.5,0.5045,relu,1,8,48,3.0,116000,16,8000,500.0,4,0.7175134963989258,5.153673583984375,4.436160087585449,1.1869887985427707,0.07418679990892317,0.2967471996356927
8,32,16,0.5,0.509,relu,3,8,48,3.0,112000,16,8000,500.0,4,0.5928636436462407,4.835930908203125,4.243067264556885,1.535083412544865,0.09594271328405406,0.38377085313621623
8,32,32,0.25,0.257,identity,4,8,48,1.5,91000,16,8000,250.0,6,0.29793648910522474,4.390189697265625,4.0922532081604,0.09151812546269827,0.002859941420709321,0.017159648524255926
8,32,16,0.0,0.0,relu,3,0,40,2.5,128000,16,8000,500.0,5,0.6867836189270022,4.671318359375,3.984534740447998,0.3133649264806325,0.019585307905039533,0.09792653952519767
8,32,32,0.0,0.0,relu,1,0,40,1.25,101000,16,8000,250.0,5,0.250763572692871,4.29448095703125,4.043717384338379,0.1583371231882377,0.004948035099632428,0.02474017549816214
8,32,32,1.0,1.0,identity,4,8,8,0.25,75000,16,8000,250.0,3,0.048329395294189226,4.833874267578125,4.7855448722839355,1.1755338180409605,0.036735431813780015,0.11020629544134004
8,32,32,0.5,0.5092,identity,4,8,48,1.5,94500,16,8000,250.0,6,0.24556877517700215,4.508454345703125,4.262885570526123,0.07664587381602761,0.002395183556750863,0.014371101340505177
8,32,32,0.5,0.5045,relu,1,8,48,1.5,94000,16,8000,250.0,5,0.3184180374145509,4.754578125,4.436160087585449,0.2987447789517303,0.009335774342241572,0.04667887171120786
8,32,32,1.0,1.0,relu,3,8,8,0.25,68000,16,8000,250.0,2,0.046933334350585554,4.8232490234375,4.776315689086914,6.927252256823278,0.21647663302572745,0.4329532660514549
8,32,64,0.0,0.0,identity,4,0,40,0.625,52000,16,8000,125.0,7,0.1532292556762691,4.1605029296875,4.0072736740112305,0.07681334603527265,0.0012002085318011352,0.008401459722607946
8,32,32,0.75,0.7535,relu,1,8,48,1.5,94000,16,8000,250.0,5,0.23088268661499,4.9687314453125,4.73784875869751,0.726998406174191,0.022718700192943468,0.11359350096471735
8,32,64,0.25,0.2609,identity,2,8,48,0.75,43500,16,8000,125.0,7,0.1674292564392088,4.3208740234375,4.153444766998291,0.07899355846753982,0.0012342743510553097,0.008639920457387167
8,32,64,0.0,0.0,identity,2,0,40,0.625,58500,16,8000,125.0,7,0.15066609573364254,4.1711314697265625,4.02046537399292,0.08372280951268936,0.0013081688986357712,0.009157182290450398
8,32,16,0.75,0.7569,relu,3,8,48,3.0,129500,16,8000,500.0,4,0.3508674087524417,4.8282529296875,4.477385520935059,2.0013673198212545,0.1250854574888284,0.5003418299553136
8,32,32,1.0,1.0,identity,0,8,8,0.25,98500,16,8000,250.0,3,0.04352542877197241,4.68441650390625,4.640891075134277,1.9631618158592412,0.06134880674560129,0.18404642023680387
8,32,32,0.25,0.2533,relu,1,8,48,1.5,111500,16,8000,250.0,5,0.3454939079284669,4.548558349609375,4.203064441680908,0.1403263843235721,0.0043851995101116285,0.021925997550558143
8,32,64,0.0,0.0,relu,1,0,40,0.625,57500,16,8000,125.0,7,0.16287197113037077,4.20658935546875,4.043717384338379,0.10018024033376684,0.0015653162552151068,0.010957213786505748
8,32,64,0.0,0.0,identity,0,0,40,0.625,69000,16,8000,125.0,6,0.14777638435363727,4.147670288085937,3.9998939037323,0.07696210084264875,0.0012025328256663867,0.00721519695399832
8,32,64,1.0,1.0,identity,0,8,8,0.125,40000,16,8000,125.0,4,0.0676294326782223,4.7085205078125,4.640891075134277,4.921691938456977,0.07690143653839027,0.30760574615356107
8,32,16,0.25,0.2566,relu,3,8,48,3.0,150000,16,8000,500.0,5,0.7484478416442872,4.81929296875,4.070845127105713,0.6377369538628923,0.03985855961643077,0.19929279808215383
8,32,32,0.5,0.509,relu,3,8,48,1.5,112000,16,8000,250.0,5,0.2693236045837404,4.512390869140625,4.243067264556885,0.22574174583862905,0.007054429557457158,0.03527214778728579
8,32,64,0.75,0.7575,identity,0,8,48,0.75,48500,16,8000,125.0,6,0.1405215759277345,4.50142626953125,4.360904693603516,0.1519943723055053,0.0023749120672735204,0.014249472403641123
8,32,96,0.0,0.0,identity,4,0,40,0.417,35500,16,8000,83.3,7,0.1948783035278323,4.202151977539063,4.0072736740112305,0.136576855364871,0.0014226755767174062,0.009958729037021843
8,32,64,0.75,0.7568,identity,4,8,48,0.75,47000,16,8000,125.0,7,0.14306652832031208,4.638931396484375,4.4958648681640625,0.12883800214422939,0.002013093783503584,0.01409165648452509
8,32,64,1.0,1.0,identity,2,8,8,0.125,47500,16,8000,125.0,3,0.060150817871093665,4.95972509765625,4.899574279785156,4.505385938599585,0.07039665529061852,0.21118996587185557
8,32,64,1.0,1.0,relu,1,8,8,0.125,45500,16,8000,125.0,2,0.05928735733032209,5.150494384765625,5.091207027435303,11.379380161498798,0.17780281502341871,0.35560563004683743
8,32,64,0.25,0.2577,identity,0,8,48,0.75,63000,16,8000,125.0,6,0.16157565307617183,4.223270751953125,4.061695098876953,0.07404030760229906,0.0011568798062859228,0.006941278837715536
8,32,96,0.25,0.257,identity,4,8,48,0.5,38500,16,8000,83.3,7,0.21046065902709987,4.3027138671875,4.0922532081604,0.1481426396122174,0.001543152495960598,0.010802067471724186
8,32,64,0.5,0.5101,identity,0,8,48,0.75,61500,16,8000,125.0,6,0.15325746917724636,4.3373251953125,4.184067726135254,0.10224830570173371,0.0015976297765895892,0.009585778659537535
8,32,32,0.75,0.7569,relu,3,8,48,1.5,117000,16,8000,250.0,6,0.20348557281494184,4.68087109375,4.477385520935059,0.4954623938531461,0.015483199807910816,0.09289919884746489
8,32,96,0.25,0.2609,identity,2,8,48,0.5,43500,16,8000,83.3,7,0.20146978378295888,4.35491455078125,4.153444766998291,0.16279743146070963,0.0016958065777157253,0.011870646044010077
8,32,64,0.5,0.5092,identity,4,8,48,0.75,63500,16,8000,125.0,7,0.15460759353637687,4.4174931640625,4.262885570526123,0.08501735382582494,0.0013283961535285147,0.009298773074699602
8,32,64,0.5,0.5143,identity,2,8,48,0.75,63500,16,8000,125.0,6,0.15001146697998013,4.502021240234375,4.3520097732543945,0.11381016854359044,0.0017782838834936006,0.010669703300961604
8,32,64,0.25,0.257,identity,4,8,48,0.75,69000,16,8000,125.0,7,0.16121822738647484,4.253471435546875,4.0922532081604,0.07517491140540085,0.0011746079907093883,0.008222255934965717
8,32,64,0.75,0.7604,identity,2,8,48,0.75,62000,16,8000,125.0,6,0.13104468536376945,4.72553759765625,4.5944929122924805,0.14131934536839266,0.0022081147713811354,0.013248688628286813
8,32,64,1.0,1.0,identity,4,8,8,0.125,59000,16,8000,125.0,3,0.06112016677856413,4.8466650390625,4.7855448722839355,3.1320477790326446,0.04893824654738507,0.14681473964215522
8,32,96,0.5,0.5092,identity,4,8,48,0.5,42500,16,8000,83.3,7,0.19597233963012695,4.45885791015625,4.262885570526123,0.17081096610117766,0.0017792808968872672,0.01245496627821087
8,32,64,0.0,0.0,relu,3,0,40,0.625,82000,16,8000,125.0,9,0.14854472732543922,4.133079467773437,3.984534740447998,0.079694148687219,0.0012452210732377968,0.011206989659140172
8,32,64,1.0,1.0,relu,3,8,8,0.125,61000,16,8000,125.0,4,0.057105941772460866,4.833421630859375,4.776315689086914,7.416764866901014,0.11588695104532834,0.46354780418131336
8,32,64,0.25,0.2533,relu,1,8,48,0.75,77000,16,8000,125.0,6,0.1848435173034666,4.387907958984375,4.203064441680908,0.1482738951065282,0.002316779611039503,0.013900677666237017
8,32,64,0.5,0.509,relu,3,8,48,0.75,74500,16,8000,125.0,7,0.1823287315368649,4.42539599609375,4.243067264556885,0.27114831241318693,0.004236692381456046,0.02965684667019232
8,32,96,0.0,0.0,relu,1,0,40,0.417,57500,16,8000,83.3,8,0.17894985198974567,4.222667236328125,4.043717384338379,0.07593234808063584,0.00079096195917329,0.00632769567338632
8,32,96,0.25,0.2533,relu,1,8,48,0.5,57000,16,8000,83.3,7,0.21180347824096657,4.414867919921875,4.203064441680908,0.15889978449905795,0.0016552060885318537,0.011586442619722975
8,32,96,0.75,0.7568,identity,4,8,48,0.5,47000,16,8000,83.3,7,0.17174133300781236,4.667606201171875,4.4958648681640625,0.24395999326884849,0.0025412499298838385,0.01778874950918687
8,32,96,0.0,0.0,identity,0,0,40,0.417,67000,16,8000,83.3,6,0.17226088142395035,4.17215478515625,3.9998939037323,0.13977353326932054,0.0014559743048887556,0.008735845829332534
8,32,64,0.25,0.2566,relu,3,8,48,0.75,84000,16,8000,125.0,7,0.18484969711303734,4.25569482421875,4.070845127105713,0.15461464751992665,0.002415853867498854,0.01691097707249198
8,32,64,0.5,0.5045,relu,1,8,48,0.75,81500,16,8000,125.0,6,0.17907331085205058,4.6152333984375,4.436160087585449,0.1896409824771018,0.0029631403512047154,0.017778842107228292
8,32,96,0.5,0.5101,identity,0,8,48,0.5,61500,16,8000,83.3,6,0.1833712387084958,4.36743896484375,4.184067726135254,0.17405658931858325,0.0018130894720685756,0.010878536832411453
8,32,96,0.5,0.5045,relu,1,8,48,0.5,57000,16,8000,83.3,6,0.20771271514892575,4.643872802734375,4.436160087585449,0.28369231397689815,0.002955128270592689,0.017730769623556134
8,32,96,0.25,0.2566,relu,3,8,48,0.5,63500,16,8000,83.3,7,0.209449550628662,4.280294677734375,4.070845127105713,0.19443416576728173,0.0020253558934091847,0.014177491253864293
8,32,96,0.75,0.7575,identity,0,8,48,0.5,57500,16,8000,83.3,6,0.1619444274902344,4.52284912109375,4.360904693603516,0.23740851703558974,0.0024730053857873933,0.014838032314724359
8,32,96,0.0,0.0,relu,3,0,40,0.417,67500,16,8000,83.3,9,0.16825285720825178,4.15278759765625,3.984534740447998,0.07896657487089043,0.000822568488238442,0.0074031163941459775
8,32,96,0.5,0.5143,identity,2,8,48,0.5,63500,16,8000,83.3,6,0.18004100799560518,4.53205078125,4.3520097732543945,0.18251500714677193,0.0019011979911122076,0.011407187946673246
8,32,96,0.0,0.0,identity,2,0,40,0.417,74000,16,8000,83.3,7,0.1714127998352053,4.191878173828125,4.02046537399292,0.13857784746332544,0.00144351924440964,0.010104634710867479
8,32,96,1.0,1.0,relu,1,8,8,0.083,42000,16,8000,83.3,3,0.0672631874084475,5.15847021484375,5.091207027435303,12.448445532512928,0.12967130763034299,0.389013922891029
8,32,96,1.0,1.0,identity,4,8,8,0.083,53000,16,8000,83.3,3,0.07187749099731455,4.85742236328125,4.7855448722839355,4.941422899013318,0.0514731551980554,0.1544194655941662
8,32,96,1.0,1.0,identity,0,8,8,0.083,58000,16,8000,83.3,4,0.06921610260009725,4.710107177734375,4.640891075134277,5.572663679798715,0.05804857999790328,0.2321943199916131
8,32,96,0.25,0.2577,identity,0,8,48,0.5,79500,16,8000,83.3,6,0.18825338745117204,4.249948486328125,4.061695098876953,0.1292689275614083,0.0013465513287646697,0.008079307972588018
8,32,64,0.75,0.7535,relu,1,8,48,0.75,94000,16,8000,125.0,6,0.16234533309936516,4.900194091796875,4.73784875869751,0.5025782766496321,0.007852785572650501,0.047116713435903006
8,32,96,1.0,1.0,identity,2,8,8,0.083,59000,16,8000,83.3,3,0.06444940185546866,4.964023681640625,4.899574279785156,6.06298502520714,0.06315609401257437,0.18946828203772312
8,32,64,0.75,0.7569,relu,3,8,48,0.75,95500,16,8000,125.0,6,0.1701611099243161,4.647546630859375,4.477385520935059,0.5249291968164818,0.008202018700257527,0.049212112201545165
8,32,96,0.5,0.509,relu,3,8,48,0.5,76000,16,8000,83.3,8,0.1992896690368653,4.44235693359375,4.243067264556885,0.3171408086067165,0.003303550089653297,0.026428400717226377
8,32,96,0.75,0.7604,identity,2,8,48,0.5,74000,16,8000,83.3,6,0.14897754669189478,4.743470458984375,4.5944929122924805,0.2611588601573118,0.0027204047933053316,0.01632242875983199
8,32,96,1.0,1.0,relu,3,8,8,0.083,58500,16,8000,83.3,4,0.06450633239746129,4.840822021484375,4.776315689086914,10.670435876955331,0.11115037371828469,0.44460149487313877
8,32,96,0.75,0.7569,relu,3,8,48,0.5,67500,16,8000,83.3,8,0.1896337661743166,4.667019287109375,4.477385520935059,0.8341242207101213,0.00868879396573043,0.06951035172584344
8,32,96,0.75,0.7535,relu,1,8,48,0.5,71000,16,8000,83.3,6,0.1855699424743653,4.923418701171875,4.73784875869751,0.7577007859371554,0.007892716520178701,0.04735629912107222
