r_class,r_item,d,int_frac,activation,seed,marg_frac,int_share,int_on_class,k_class
1,16,16,0.0,identity,1,0.0016709881709111277,0.2392692002465724,0.06383973636037413,1
1,16,16,0.0,identity,3,0.0020245244647905066,0.3989625894258976,0.07628371262584495,1
1,16,16,0.0,relu,0,0.27135834409433374,0.674002089085108,0.7288453064148425,2
1,16,16,0.0,relu,2,0.14339372831599007,0.6743005828231949,0.5755799505269545,2
1,16,16,0.0,relu,4,0.1126012862444678,0.6928135824055723,0.6718003498235597,2
1,16,16,0.25,identity,1,0.0018008015569980845,0.8230673323250519,0.011518443031703676,1
1,16,16,0.25,identity,3,0.0034445754793764397,0.8753143152047829,0.03333967680504874,1
1,16,16,0.25,relu,0,0.27589416553942225,0.842339854053053,0.31592776111818566,2
1,16,16,0.25,relu,2,0.14817636733252082,0.8701565283985249,0.31028593130059584,2
1,16,16,0.25,relu,4,0.14059022924205133,0.8896272182530854,0.1933722108771036,2
1,16,16,0.5,identity,1,0.004907997039824515,0.9125569326669863,0.01275349975654187,1
1,16,16,0.5,identity,3,0.005207845998931043,0.9365836090408871,0.027979146117832417,1
1,16,16,0.5,relu,0,0.1667346642071305,0.9205991446863897,0.1968967677376781,2
1,16,16,0.5,relu,2,0.16137722692412404,0.9113545777656397,0.18536158565629227,2
1,16,16,0.5,relu,4,0.1765225777398975,0.9373500041943498,0.13950878957266752,2
1,16,16,0.75,identity,1,0.016146886739911284,0.9652414694836985,0.04082792922991489,1
1,16,16,0.75,identity,3,0.010262768597123783,0.9691381669798127,0.03265531031476799,1
1,16,16,0.75,relu,0,0.2228370165105467,0.9315679682995428,0.21144449664638187,2
1,16,16,0.75,relu,2,0.3151289658186146,0.951370346331306,0.14427499776245062,2
1,16,16,0.75,relu,4,0.3070446678524086,0.9539927390735148,0.16208414552077652,2
1,16,16,1.0,identity,1,0.5440209349623898,0.995582434239855,0.0843364544724699,1
1,16,16,1.0,identity,3,0.8020929235951391,0.9966889306193508,0.6997434564343993,1
1,16,16,1.0,relu,0,0.8325681413710299,0.9764025979894804,0.3256968388485683,1
1,16,16,1.0,relu,2,0.9431724208487451,0.9817449301220104,0.30144694639859826,1
1,16,16,1.0,relu,4,0.8615650704357135,0.9805381664417027,0.1804781566220268,1
1,16,32,0.0,identity,1,0.004150145688015957,0.3916556613756225,0.04095034910700591,1
1,16,32,0.0,identity,3,0.007484154122476317,0.5142673257650854,0.17832145165360339,2
1,16,32,0.0,relu,0,0.0017604385659979107,0.7312379590140662,0.013019135119759747,1
1,16,32,0.0,relu,2,0.0009936146789469673,0.7186777684629111,0.03165252925347222,1
1,16,32,0.0,relu,4,0.007879006350166036,0.7672520666780537,0.04766266991595269,2
1,16,32,0.25,identity,1,0.002297527736529236,0.7889349557795566,0.027572116697516556,1
1,16,32,0.25,identity,3,0.008155905714246826,0.8518076152123758,0.05795502542727713,2
1,16,32,0.25,relu,0,0.01785510533962136,0.8564204760809639,0.040525224192254905,2
1,16,32,0.25,relu,2,0.013795402260274507,0.8514041495024685,0.055250402286921206,2
1,16,32,0.25,relu,4,0.01529087734513217,0.8775049041858837,0.05677479693752922,2
1,16,32,0.5,identity,1,0.004373106804777529,0.8857089691415649,0.012752456159179531,1
1,16,32,0.5,identity,3,0.00528079244657771,0.9020970770832661,0.05343026225180765,1
1,16,32,0.5,relu,0,0.055231201401855466,0.8883015424905132,0.07656168450859205,2
1,16,32,0.5,relu,2,0.043606068903030815,0.8959047962806233,0.061856563382652954,2
1,16,32,0.5,relu,4,0.03568590976268272,0.9133264533987931,0.07643484059688578,2
1,16,32,0.75,identity,1,0.1387149085189799,0.9380526260944192,0.0903651293507555,2
1,16,32,0.75,identity,3,0.010092662979110257,0.9586742520619678,0.03665655672905429,1
1,16,32,0.75,relu,0,0.12915108285387128,0.9223017313665585,0.10992631312208181,2
1,16,32,0.75,relu,2,0.09536274168558602,0.9256432389900425,0.0935561724964081,2
1,16,32,0.75,relu,4,0.11385587034959152,0.9355837673732181,0.12081904803596041,2
1,16,32,1.0,identity,1,0.3648506857237175,0.9969259471416069,0.15458908947709057,1
1,16,32,1.0,identity,3,0.8226891325520403,0.9949065923781657,0.5889728079830527,1
1,16,32,1.0,relu,0,0.7451614861725955,0.9805738865700379,0.19027538994754156,1
1,16,32,1.0,relu,2,0.8235636138007094,0.9881817163440758,0.12225094393660381,1
1,16,32,1.0,relu,4,0.9298880366245855,0.9796119711820162,0.2655694147655141,1
1,16,64,0.0,identity,1,0.0033058783099256706,0.46639988262647725,0.03496989050725835,1
1,16,64,0.0,identity,3,0.008111610568862468,0.543231786046513,0.12245316534945676,2
1,16,64,0.0,relu,0,0.005505116155308015,0.7773617073065564,0.03962164757144875,2
1,16,64,0.0,relu,2,0.01076378384817129,0.7760679992486649,0.04433327147291744,2
1,16,64,0.0,relu,4,0.004954365910497882,0.8339589420456113,0.038107560793778375,2
1,16,64,0.25,identity,1,0.0020086438648619885,0.8102509532174612,0.030044249110578722,1
1,16,64,0.25,identity,3,0.006002953727262848,0.8614344152814226,0.07372312767655609,1
1,16,64,0.25,relu,0,0.00977896040974429,0.8720901231539848,0.03791631573161803,2
1,16,64,0.25,relu,2,0.010645276046641155,0.8807198136867608,0.03553538213085209,2
1,16,64,0.25,relu,4,0.013661430838161175,0.899615138409376,0.04082403786129882,2
1,16,64,0.5,identity,1,0.007759119302448434,0.8733237370034103,0.019143399205961028,1
1,16,64,0.5,identity,3,0.022642929504593033,0.9035465034577668,0.10443770384670066,2
1,16,64,0.5,relu,0,0.039849518139671844,0.9050688224829082,0.04298208506024832,2
1,16,64,0.5,relu,2,0.026760460652740365,0.904201141577012,0.04842147369962912,2
1,16,64,0.5,relu,4,0.028748248756107334,0.9141159073031584,0.04529744099032362,2
1,16,64,0.75,identity,1,0.04378350165326837,0.9451698941828903,0.03029452494554563,1
1,16,64,0.75,identity,3,0.0935395974856183,0.9562546276464137,0.12655059993428366,2
1,16,64,0.75,relu,0,0.1264565576457986,0.9264945731961665,0.11355319722789367,2
1,16,64,0.75,relu,2,0.09339002778633254,0.9299733202839412,0.07131956854439502,2
1,16,64,0.75,relu,4,0.08138672505657692,0.9350672952518981,0.08255146495982835,2
1,16,64,1.0,identity,1,0.7203188346673799,0.9925325242145474,0.04608851292943773,1
1,16,64,1.0,identity,3,0.8091938583225696,0.9950850923836204,0.640709414154684,1
1,16,64,1.0,relu,0,0.8162122676716101,0.9778519041752933,0.23291451342163244,1
1,16,64,1.0,relu,2,0.8264045601859747,0.9886140290338954,0.17164129956499496,1
1,16,64,1.0,relu,4,0.8520121737295983,0.9843217366623963,0.10823689147669964,1
1,16,96,0.0,identity,1,0.0031491135024946924,0.5273687642721456,0.028229911002266628,1
1,16,96,0.0,identity,3,0.010307584171870745,0.6460156831473487,0.06482733041238196,2
1,16,96,0.0,relu,0,0.005743994787637199,0.8327990725421643,0.028928319821029405,2
1,16,96,0.0,relu,2,0.012328026737153469,0.8343459598548667,0.047860719748979964,2
1,16,96,0.0,relu,4,0.006816256751581384,0.8540302406292329,0.04668309145014914,2
1,16,96,0.25,identity,1,0.002838673373274218,0.8124091250567871,0.02262705100278495,1
1,16,96,0.25,identity,3,0.007514950333270838,0.8666057996672017,0.05292547240273119,2
1,16,96,0.25,relu,0,0.010047610712439762,0.8842572963275886,0.03265781076774083,2
1,16,96,0.25,relu,2,0.009212950770667269,0.8886993212762857,0.029500101398155804,2
1,16,96,0.25,relu,4,0.007521247482838075,0.9053797658807103,0.035665864840504796,2
1,16,96,0.5,identity,1,0.0082717134992793,0.8921498792734583,0.032043386404855545,1
1,16,96,0.5,identity,3,0.010160816227110516,0.9159723923491289,0.061781969624478114,1
1,16,96,0.5,relu,0,0.025323207618362376,0.9025298450306661,0.041188750378208676,2
1,16,96,0.5,relu,2,0.028479276214232116,0.9126964023270195,0.03256414766550306,2
1,16,96,0.5,relu,4,0.018104480826122753,0.9186471698275774,0.05860398138770573,2
1,16,96,0.75,identity,1,0.137321699466447,0.9462730214684221,0.08019731704144908,2
1,16,96,0.75,identity,3,0.10169263939971547,0.9626554670286299,0.2087381319383604,2
1,16,96,0.75,relu,0,0.1357039597687855,0.9371508743500451,0.10808897496969716,2
1,16,96,0.75,relu,2,0.07942917570419802,0.9394093411280859,0.06480745521641397,2
1,16,96,0.75,relu,4,0.09698054985921714,0.9346445786531009,0.08997632221399245,2
1,16,96,1.0,identity,1,0.697720561277159,0.992835745521947,0.06718105423339409,1
1,16,96,1.0,identity,3,0.6969431406333705,0.9945990422565425,0.4373250589153888,1
1,16,96,1.0,relu,0,0.7988113639834526,0.9789502785231412,0.20980352038961514,1
1,16,96,1.0,relu,2,0.8188563673779529,0.9873863904060214,0.15704124793048954,1
1,16,96,1.0,relu,4,0.8919502750410158,0.9811922460526019,0.1975996495423913,1
1,1,16,0.0,identity,1,0.0181939208659184,0.471585541790077,0.08263722362846831,1
1,1,16,0.0,identity,3,0.004658630711979579,0.8004604078476242,0.14709682792031656,1
1,1,16,0.0,relu,0,0.06082170809934775,0.8188974551279834,0.13753736851746787,1
1,1,16,0.0,relu,2,0.032684720877805135,0.83365658864481,0.09204936010673426,2
1,1,16,0.0,relu,4,0.030193995720838345,0.7585119218036549,0.18922654863350796,2
1,1,16,0.25,identity,1,0.0025765804934087364,0.9335203023078179,0.09885384250548725,1
1,1,16,0.25,identity,3,0.10109011083518857,0.9009275304825913,0.19767029762639848,2
1,1,16,0.25,relu,0,0.09650655016084693,0.9514896165751383,0.060605930033366506,2
1,1,16,0.25,relu,2,0.11723310393105005,0.9328135662332707,0.08053202803698897,2
1,1,16,0.25,relu,4,0.1688942267130592,0.957425537854347,0.11920546065925654,2
1,1,16,0.5,identity,1,0.014433782002750748,0.9397576658109404,0.08656550842613857,1
1,1,16,0.5,identity,3,0.017673466161832768,0.9631065426985232,0.09648039870286014,1
1,1,16,0.5,relu,0,0.1414436210158037,0.9562289075080166,0.08023899850625804,2
1,1,16,0.5,relu,2,0.2945327332088714,0.9644340679195805,0.10837013165151956,2
1,1,16,0.5,relu,4,0.19812408071968116,0.9558550220313403,0.06150605324129069,2
1,1,16,0.75,identity,1,0.3824309837059581,0.9773905335754992,0.1752980154592832,2
1,1,16,0.75,identity,3,0.39543129126376675,0.973757157571545,0.2512372743532718,2
1,1,16,0.75,relu,0,0.37443675500907014,0.966546375458444,0.11400023876711733,2
1,1,16,0.75,relu,2,0.4229554903232715,0.9732497698945535,0.24500909890826075,2
1,1,16,0.75,relu,4,0.38622184130485954,0.961979611875865,0.20499615138896896,2
1,1,16,1.0,identity,1,0.7801747776830134,0.9886470067843997,0.12009319650414994,1
1,1,16,1.0,identity,3,0.786701780413273,0.9956300721852321,0.6925511054821045,1
1,1,16,1.0,relu,0,0.7344758848592018,0.9808364590073048,0.09744979724405911,1
1,1,16,1.0,relu,2,0.9270582453427978,0.9827278691752189,0.2586188368039487,1
1,1,16,1.0,relu,4,0.9291967899552389,0.9746872454744951,0.3090890805221605,1
1,1,32,0.0,identity,1,0.004884897908756966,0.7267277841978765,0.029068640464706155,1
1,1,32,0.0,identity,3,0.03579073665923874,0.6667733201829519,0.1270244594795778,1
1,1,32,0.0,relu,0,0.007887978414089307,0.8560777730782058,0.060331105069011653,1
1,1,32,0.0,relu,2,0.04288978240985491,0.9015311542991243,0.06431387936280941,2
1,1,32,0.0,relu,4,0.04606151427348712,0.8657155334589925,0.10685788336050939,2
1,1,32,0.25,identity,1,0.023230688860726198,0.9275592862543403,0.039910973434008346,1
1,1,32,0.25,identity,3,0.024634858424049492,0.9389915471015182,0.1002656307217303,2
1,1,32,0.25,relu,0,0.03695847159786266,0.9431100377986334,0.12330878387070683,2
1,1,32,0.25,relu,2,0.145860801888394,0.9503029042159102,0.08096602163014115,2
1,1,32,0.25,relu,4,0.017694611406883245,0.9467701580048681,0.11165928917120549,2
1,1,32,0.5,identity,1,0.004331534980001529,0.9429241189279595,0.02876908900510438,1
1,1,32,0.5,identity,3,0.014526596588654293,0.9712451879619584,0.19237347773552432,1
1,1,32,0.5,relu,0,0.20068347644788176,0.9575721307690223,0.09049458695293257,2
1,1,32,0.5,relu,2,0.18168074137339973,0.9623362905036671,0.16817247469753227,2
1,1,32,0.5,relu,4,0.04019033233913834,0.9602209349801502,0.1021259023267496,2
1,1,32,0.75,identity,1,0.33052952689765336,0.9620394383964755,0.15472792906222432,2
1,1,32,0.75,identity,3,0.10782930897547792,0.9807191120738332,0.24305189986839545,1
1,1,32,0.75,relu,0,0.3237895950111105,0.956737049247222,0.13279279154639828,2
1,1,32,0.75,relu,2,0.35384787339951906,0.9725278375658144,0.2899559655218567,2
1,1,32,0.75,relu,4,0.4425755339740986,0.9711659862623426,0.1520822426999421,2
1,1,32,1.0,identity,1,0.6669459323415379,0.9897842310564232,0.12184367876700174,1
1,1,32,1.0,identity,3,0.5685253395561292,0.9946950180134991,0.2178468376360871,1
1,1,32,1.0,relu,0,0.7451642692601342,0.9806475447989667,0.12008899450897653,1
1,1,32,1.0,relu,2,0.8752947637122991,0.985413852098546,0.21539498354785414,1
1,1,32,1.0,relu,4,0.870106454628087,0.9799603429949962,0.22719823018348484,1
1,1,64,0.0,identity,1,0.01381930942956073,0.6925429853789452,0.04631886043474635,1
1,1,64,0.0,identity,3,0.05766553400900328,0.8634711468098478,0.24817929556851787,1
1,1,64,0.0,relu,0,0.0400427232653147,0.8066327497905906,0.17210096694442226,2
1,1,64,0.0,relu,2,0.01902576099632726,0.7973381696784391,0.10079077238394729,2
1,1,64,0.0,relu,4,0.04672854876327815,0.8618730320610789,0.1187513088073067,2
1,1,64,0.25,identity,1,0.04731452457866095,0.9383692247024563,0.04479699440233653,1
1,1,64,0.25,identity,3,0.09039686939793443,0.9358970205075389,0.08970571324307962,2
1,1,64,0.25,relu,0,0.023278274531181725,0.945518750591822,0.046014371192533994,2
1,1,64,0.25,relu,2,0.11567862496441172,0.9541887233239276,0.06113450944820376,2
1,1,64,0.25,relu,4,0.007482969609793016,0.9496277909690679,0.07633923018903671,2
1,1,64,0.5,identity,1,0.07153454192577703,0.959687514911246,0.05031839658482579,1
1,1,64,0.5,identity,3,0.14110452986130592,0.9631720603097262,0.20017649900869863,2
1,1,64,0.5,relu,0,0.17790082253260542,0.9556363249801605,0.06979358551477126,2
1,1,64,0.5,relu,2,0.15293797884677054,0.960509092905295,0.12734626963351595,2
1,1,64,0.5,relu,4,0.07335429365098534,0.970345606311688,0.06614619492100876,2
1,1,64,0.75,identity,1,0.35733323564472075,0.9688975217355158,0.1315465497287472,2
1,1,64,0.75,identity,3,0.2511802028672843,0.9777395979697754,0.21229175828170627,2
1,1,64,0.75,relu,0,0.25101356896127847,0.9626742104848485,0.08332872205051713,2
1,1,64,0.75,relu,2,0.37636661153801526,0.9745279469673059,0.24695273535708687,2
1,1,64,0.75,relu,4,0.2823787003784416,0.9728427427559226,0.10651545752468612,2
1,1,64,1.0,identity,1,0.7079493021198459,0.9922216474860004,0.26785977003355865,1
1,1,64,1.0,identity,3,0.48439459990939865,0.994366702388102,0.29277301135890355,1
1,1,64,1.0,relu,0,0.6745147536210528,0.9836995891252924,0.08192557553273444,1
1,1,64,1.0,relu,2,0.8934002854857176,0.9857455788414179,0.12183601917280383,1
1,1,64,1.0,relu,4,0.8255393649049582,0.9854400917119683,0.16080266378435154,1
1,1,96,0.0,identity,1,0.04498302087489639,0.7062724860518945,0.04855391542632134,1
1,1,96,0.0,identity,3,0.08095929892397141,0.864320579540203,0.18615122720313063,2
1,1,96,0.0,relu,0,0.04260971861421464,0.8806552477748868,0.066799502593577,2
1,1,96,0.0,relu,2,0.011741860891065794,0.8397765303165533,0.11991956916281038,2
1,1,96,0.0,relu,4,0.08169032203445861,0.8874397472847454,0.12156505094384863,2
1,1,96,0.25,identity,1,0.0007514311783622031,0.9351384746593638,0.019889427448321402,1
1,1,96,0.25,identity,3,0.04477310127283585,0.9632372953684454,0.11528814620221631,1
1,1,96,0.25,relu,0,0.06353734385682515,0.9532086411139674,0.0609869238897228,2
1,1,96,0.25,relu,2,0.049707755882984685,0.9461668491537277,0.059490059998276106,2
1,1,96,0.25,relu,4,0.039423334113920426,0.9588911829818966,0.11855531013875509,2
1,1,96,0.5,identity,1,0.025977916602621224,0.9542254330807541,0.019881207730434836,1
1,1,96,0.5,identity,3,0.0883228001095744,0.9658671875365237,0.1136715160433076,1
1,1,96,0.5,relu,0,0.1765204495060041,0.9635813115028321,0.08369946820167978,2
1,1,96,0.5,relu,2,0.1375550383299624,0.9607608538162243,0.10941181996092192,2
1,1,96,0.5,relu,4,0.0690750826351263,0.9682796634612932,0.06857369228309794,2
1,1,96,0.75,identity,1,0.45118961027450705,0.9698083885742721,0.13149275116591663,2
1,1,96,0.75,identity,3,0.3304707852728697,0.9781059173188376,0.21719913931878426,2
1,1,96,0.75,relu,0,0.38846095043867246,0.9657365613910369,0.13492600358844042,2
1,1,96,0.75,relu,2,0.3362182936914573,0.975324380946435,0.2685869444713995,2
1,1,96,0.75,relu,4,0.3428876608646904,0.9701363816301672,0.14637617200593434,2
1,1,96,1.0,identity,1,0.8268442249171445,0.9892659952799623,0.31567310270762644,1
1,1,96,1.0,identity,3,0.3631918008823049,0.9941356561680071,0.11069193547191221,1
1,1,96,1.0,relu,0,0.7478185782762248,0.9811127558413866,0.10546354287658277,1
1,1,96,1.0,relu,2,0.8388099469253196,0.9868708322699885,0.20658987769378354,1
1,1,96,1.0,relu,4,0.9200903381576049,0.9843321889983999,0.22380281911007596,1
1,2,16,0.0,identity,1,0.0072440419763363795,0.537355535576395,0.07576741201449756,1
1,2,16,0.0,identity,3,0.03509215902243515,0.49051573902834383,0.4085100658088744,1
1,2,16,0.0,relu,0,0.0044558629450303635,0.8024259833888719,0.039739569112600376,1
1,2,16,0.0,relu,2,0.059661782504786876,0.7809173325368556,0.13006584024475062,2
1,2,16,0.0,relu,4,0.009954679051337581,0.7793360613027212,0.16020554903302084,2
1,2,16,0.25,identity,1,0.013156528163984148,0.9078839299759016,0.057505716813908495,1
1,2,16,0.25,identity,3,0.04422561397385685,0.9062719468702259,0.13941313730199761,2
1,2,16,0.25,relu,0,0.08844763235795056,0.9045214736967215,0.06749481491770071,2
1,2,16,0.25,relu,2,0.11686626072217988,0.9112161741302103,0.10590683085928332,2
1,2,16,0.25,relu,4,0.0597874145132416,0.9262222033857108,0.11983409169026554,2
1,2,16,0.5,identity,1,0.013416092437391771,0.9267454203142556,0.03817695684686257,1
1,2,16,0.5,identity,3,0.06201904345191515,0.9429303407480122,0.1252689901810333,2
1,2,16,0.5,relu,0,0.13713764422702548,0.9290777180079128,0.066633281955707,2
1,2,16,0.5,relu,2,0.15121026755527067,0.9311023092025336,0.08205540178478088,2
1,2,16,0.5,relu,4,0.1872193363139895,0.9594975935435569,0.13693137509486822,2
1,2,16,0.75,identity,1,0.17720119832236994,0.950055991048985,0.0611843437373425,2
1,2,16,0.75,identity,3,0.09481310183326232,0.9700424927139428,0.1389002294855082,2
1,2,16,0.75,relu,0,0.2243851960999792,0.9532493596073975,0.09561860396612872,2
1,2,16,0.75,relu,2,0.28498280733605963,0.9597479135385001,0.13544402764739852,2
1,2,16,0.75,relu,4,0.27648596388924257,0.9603808170508921,0.14217900785800205,2
1,2,16,1.0,identity,1,0.6786352149042929,0.9884714345129502,0.09695716964425813,1
1,2,16,1.0,identity,3,0.19564299752385023,0.9953287777662205,0.10630281121248161,1
1,2,16,1.0,relu,0,0.7741519716426154,0.9823861784461232,0.22654174542169933,1
1,2,16,1.0,relu,2,0.9385604533047914,0.9796601415530889,0.39872000555404846,1
1,2,16,1.0,relu,4,0.9165649598250826,0.9783646030059931,0.2219311831433996,1
1,2,32,0.0,identity,1,0.028066859048918525,0.5651650993877965,0.06841572386438571,1
1,2,32,0.0,identity,3,0.05835375209763258,0.5860746978974628,0.2307273378602976,2
1,2,32,0.0,relu,0,0.01658367263604357,0.7633580014344159,0.1464219395438067,2
1,2,32,0.0,relu,2,0.06932492826432121,0.8060587628576457,0.1203566813523643,2
1,2,32,0.0,relu,4,0.012946432151156147,0.8410673141610461,0.13655117107206322,2
1,2,32,0.25,identity,1,0.013482071502434727,0.8973348537798794,0.029224209467556255,1
1,2,32,0.25,identity,3,0.06712998262412873,0.9323981830581477,0.047676357986025354,1
1,2,32,0.25,relu,0,0.06868343308485707,0.9180207062056045,0.07009360608921306,2
1,2,32,0.25,relu,2,0.06886409890399003,0.9263143931616092,0.11419558214197852,2
1,2,32,0.25,relu,4,0.0874968620968259,0.9336482756122269,0.14316691280601557,2
1,2,32,0.5,identity,1,0.002823756384929422,0.9182030871491786,0.026788006543312717,1
1,2,32,0.5,identity,3,0.06702888707512532,0.9403459480046564,0.07737426428274001,1
1,2,32,0.5,relu,0,0.08055171532039962,0.9186696365663656,0.047139959708333186,2
1,2,32,0.5,relu,2,0.11419013281398009,0.9287311973238088,0.08096006495230856,2
1,2,32,0.5,relu,4,0.13383693931976473,0.9453951436685616,0.15836225442615157,2
1,2,32,0.75,identity,1,0.20461136374876868,0.9441266807080994,0.08770845918885956,2
1,2,32,0.75,identity,3,0.15076268174966698,0.9712506995103688,0.16706917745443067,2
1,2,32,0.75,relu,0,0.17921669660695608,0.9485636280483332,0.06515563687066218,2
1,2,32,0.75,relu,2,0.21448893505681588,0.9499198085977646,0.1195779501982437,2
1,2,32,0.75,relu,4,0.2637976890131463,0.9622816334571713,0.1606640313657459,2
1,2,32,1.0,identity,1,0.7649486368838766,0.983869143751515,0.12268193233459539,1
1,2,32,1.0,identity,3,0.3107200929407575,0.9920166724629036,0.21637614701710714,1
1,2,32,1.0,relu,0,0.7182167121752635,0.9823500211496101,0.09971727055555915,1
1,2,32,1.0,relu,2,0.8676131118804138,0.9862125996062896,0.15493859141467,1
1,2,32,1.0,relu,4,0.894104645854462,0.9834537323154671,0.1238142878079754,1
1,2,64,0.0,identity,1,0.00458148241410788,0.6409520154464023,0.04340321657991623,1
1,2,64,0.0,identity,3,0.0037504921435578546,0.7087331013752719,0.0634472561711465,1
1,2,64,0.0,relu,0,0.018727984796946078,0.8476551715016784,0.10010869917518826,2
1,2,64,0.0,relu,2,0.06398607514934194,0.8701653232194505,0.1178193923940701,2
1,2,64,0.0,relu,4,0.01832200399814983,0.8781374877334447,0.06133943560981705,2
1,2,64,0.25,identity,1,0.013112205883091477,0.8998007111001923,0.033076789297348204,1
1,2,64,0.25,identity,3,0.02741569087093857,0.9314306917437529,0.08770546683548906,2
1,2,64,0.25,relu,0,0.04289605434999765,0.9290560359159348,0.11839688299447405,2
1,2,64,0.25,relu,2,0.030369896311428713,0.9295290543752808,0.05753641760230438,2
1,2,64,0.25,relu,4,0.034751741225211734,0.9506598165808877,0.06978148856716847,2
1,2,64,0.5,identity,1,0.022678354361130415,0.9204393264418593,0.017755843646017636,1
1,2,64,0.5,identity,3,0.036631748815382684,0.9620684923400692,0.05903537860392698,2
1,2,64,0.5,relu,0,0.1100797156484335,0.9408926330058567,0.07276125425749155,2
1,2,64,0.5,relu,2,0.0463511542799458,0.937048731886007,0.07914930118832016,2
1,2,64,0.5,relu,4,0.09922593016908002,0.9568383572192871,0.14358984844842035,2
1,2,64,0.75,identity,1,0.18195991176751086,0.9458823223767906,0.0720299235511137,2
1,2,64,0.75,identity,3,0.06734991695540027,0.9739809003732833,0.09535027228488711,2
1,2,64,0.75,relu,0,0.1536416680454473,0.947078045167423,0.046353799917880856,2
1,2,64,0.75,relu,2,0.2269332014405178,0.9517646615723668,0.09028703463610105,2
1,2,64,0.75,relu,4,0.26784962129916035,0.9648207246379097,0.1527848326193708,2
1,2,64,1.0,identity,1,0.5210912242191922,0.9920981393077857,0.17980366025176966,1
1,2,64,1.0,identity,3,0.4432479124867397,0.9930359553582119,0.1691307286805284,1
1,2,64,1.0,relu,0,0.7249280928617723,0.983458219789685,0.09382864044082093,1
1,2,64,1.0,relu,2,0.8234935589258215,0.9880529292449345,0.2367542992502747,1
1,2,64,1.0,relu,4,0.8681413797445741,0.982716361504397,0.11702254485092244,1
1,2,96,0.0,identity,1,0.009294751032353932,0.750196622678976,0.03100711391760755,1
1,2,96,0.0,identity,3,0.03844586553850958,0.8011495102679744,0.17066165969458216,2
1,2,96,0.0,relu,0,0.007874709042607063,0.8710913910111123,0.03510910939347562,2
1,2,96,0.0,relu,2,0.05237071609294325,0.8718021147649265,0.11052132582178222,2
1,2,96,0.0,relu,4,0.019128151249364705,0.8504597335151403,0.07351434144508029,2
1,2,96,0.25,identity,1,0.025971787364608093,0.9097947487709535,0.01985065451800623,1
1,2,96,0.25,identity,3,0.052184370886743596,0.9411829701769919,0.06870389822843656,2
1,2,96,0.25,relu,0,0.04061054279223461,0.9335401192710749,0.0544904741289407,2
1,2,96,0.25,relu,2,0.04676141170337548,0.9290671085904093,0.0689388578758306,2
1,2,96,0.25,relu,4,0.028302087436667334,0.9477052843597367,0.08138780013563508,2
1,2,96,0.5,identity,1,0.005635920828514025,0.9239338487724109,0.01586749186237072,1
1,2,96,0.5,identity,3,0.06621885323601007,0.9556886439922828,0.10572734711406746,2
1,2,96,0.5,relu,0,0.09879779727524528,0.9417373915400546,0.05548153521021482,2
1,2,96,0.5,relu,2,0.07412435589884134,0.9434992627323547,0.0662931227328238,2
1,2,96,0.5,relu,4,0.08214009239515897,0.9511866458295222,0.11453672309322187,2
1,2,96,0.75,identity,1,0.20611341707616831,0.9498224479300634,0.1390847919848005,2
1,2,96,0.75,identity,3,0.12183700176117707,0.967705674442152,0.14655162760273324,2
1,2,96,0.75,relu,0,0.1496571431410537,0.9507488355493768,0.04636615473138486,2
1,2,96,0.75,relu,2,0.17245758075788753,0.9593723170171667,0.11331446436451864,2
1,2,96,0.75,relu,4,0.24608375509182873,0.9633704993960642,0.13634059348918418,2
1,2,96,1.0,identity,1,0.7947317620826185,0.9809679134637278,0.11690832876961897,1
1,2,96,1.0,identity,3,0.4427346652532003,0.9943538147444864,0.22996801703928818,1
1,2,96,1.0,relu,0,0.6845939556698226,0.9838328549480474,0.08767475259507067,1
1,2,96,1.0,relu,2,0.8550982321515963,0.9874544672366259,0.3547588321082921,1
1,2,96,1.0,relu,4,0.7751550729927116,0.9875461574093392,0.10748102536493406,1
1,32,16,0.0,identity,1,0.0035489214703263786,0.4982646679874414,0.05448369611422975,1
1,32,16,0.0,identity,3,0.006565562974259559,0.7492649510617418,0.055776993684365686,1
1,32,16,0.0,relu,0,0.25374443722527,0.7645823241913254,0.5454045251093129,2
1,32,16,0.0,relu,2,0.2856596326531189,0.779704418665088,0.525294411065749,2
1,32,16,0.0,relu,4,0.2291982136508386,0.8605453402265599,0.6918796761820983,2
1,32,16,0.25,identity,1,0.005044693103217555,0.8775573885597427,0.010902574498422933,1
1,32,16,0.25,identity,3,0.006319499697288255,0.9086604576210987,0.03669201051425496,1
1,32,16,0.25,relu,0,0.19759731215411586,0.9150262254913476,0.25644901930757685,2
1,32,16,0.25,relu,2,0.22456854084601854,0.8968888217409593,0.25909105020470374,2
1,32,16,0.25,relu,4,0.18927546823342165,0.9266961073345732,0.19354835910677173,2
1,32,16,0.5,identity,1,0.0037983047461136238,0.9444455447237123,0.007386538384261756,1
1,32,16,0.5,identity,3,0.0060501540594339685,0.950883857823742,0.02325550601971309,1
1,32,16,0.5,relu,0,0.21772722275732323,0.9405199868766212,0.1916774547789619,2
1,32,16,0.5,relu,2,0.2234869469533403,0.9402719834864364,0.18936445436231633,2
1,32,16,0.5,relu,4,0.24946143875433388,0.9579762373409781,0.16509216958840076,2
1,32,16,0.75,identity,1,0.00738179741577476,0.9674405555059087,0.012009536898695468,1
1,32,16,0.75,identity,3,0.008796300674954986,0.9681237729882454,0.02110207401593135,1
1,32,16,0.75,relu,0,0.28212418034925113,0.9621882526697971,0.12254815612957554,2
1,32,16,0.75,relu,2,0.35853626992464394,0.9616509703436641,0.1394387988461404,2
1,32,16,0.75,relu,4,0.3257541645171172,0.9664054943026362,0.2082365349005588,2
1,32,16,1.0,identity,1,0.6422935291674589,0.9872938264626561,0.04980180462116928,1
1,32,16,1.0,identity,3,0.5806635152639359,0.9920871819666274,0.38230882296654106,1
1,32,16,1.0,relu,0,0.8138698631944844,0.9802292100569496,0.22875763129399282,1
1,32,16,1.0,relu,2,0.8361651452984394,0.9810792093002069,0.24262864707398574,1
1,32,16,1.0,relu,4,0.9207389307362943,0.983071322136102,0.15446934382189484,1
1,32,32,0.0,identity,1,0.0010349366887812954,0.34812346551761497,0.03687443362825017,1
1,32,32,0.0,identity,3,0.004589410391408495,0.6545628951112104,0.02584362463952411,1
1,32,32,0.0,relu,0,0.005300465488490723,0.5727365855792332,0.03358989313633682,1
1,32,32,0.0,relu,2,0.025910722287200736,0.6076794949464905,0.22116486863944232,2
1,32,32,0.0,relu,4,0.029418061104867308,0.6743759702893103,0.15963110045278006,2
1,32,32,0.25,identity,1,0.001169914291091796,0.7580541934589029,0.012133949779269227,1
1,32,32,0.25,identity,3,0.0031680548460481495,0.8469283313479217,0.02578319032389275,1
1,32,32,0.25,relu,0,0.05074898127550919,0.8451043687660131,0.0843470451245363,2
1,32,32,0.25,relu,2,0.04257201772193323,0.8404398857695947,0.10450436194506321,2
1,32,32,0.25,relu,4,0.022025895677433877,0.8725811139058616,0.07427136585066407,2
1,32,32,0.5,identity,1,0.002080370026654174,0.865310523411487,0.008707538733175469,1
1,32,32,0.5,identity,3,0.002809734681417191,0.8960306155914486,0.038601236849071116,1
1,32,32,0.5,relu,0,0.07606579319131829,0.8890480234428492,0.07952940530002199,2
1,32,32,0.5,relu,2,0.07236431866451655,0.8890578235631914,0.07253333107298979,2
1,32,32,0.5,relu,4,0.05956419360254989,0.9048016539017069,0.09575394908020678,2
1,32,32,0.75,identity,1,0.0030313305694038887,0.9219189923636648,0.009896890310556869,1
1,32,32,0.75,identity,3,0.006015866410201635,0.9438222341831187,0.017126848982488233,1
1,32,32,0.75,relu,0,0.12834250076327197,0.9251275881973291,0.0943112749942622,2
1,32,32,0.75,relu,2,0.16381848041855218,0.9275334606725091,0.13699104944367557,2
1,32,32,0.75,relu,4,0.15817959923960737,0.9377704237313745,0.156425152718036,2
1,32,32,1.0,identity,1,0.765118834813678,0.9818316960327453,0.09398842774327439,1
1,32,32,1.0,identity,3,0.34120803409194894,0.9927922533591239,0.08032575530705063,1
1,32,32,1.0,relu,0,0.7760357080787675,0.9816478085731886,0.26761995489484186,1
1,32,32,1.0,relu,2,0.8668383555736393,0.9863271178391507,0.07676238090804849,1
1,32,32,1.0,relu,4,0.8098596746732956,0.9872387168482283,0.06612514348919214,1
1,32,64,0.0,identity,1,0.0019004259408070799,0.5200117084139376,0.01988662334120324,1
1,32,64,0.0,identity,3,0.010611605379449664,0.7463399080536787,0.04945347275219426,2
1,32,64,0.0,relu,0,0.004556586233027424,0.77648227123216,0.04238947496523229,2
1,32,64,0.0,relu,2,0.005330566024918431,0.7802352097355527,0.03908703671890787,2
1,32,64,0.0,relu,4,0.009438905911826357,0.8206090116778857,0.04614892678038264,2
1,32,64,0.25,identity,1,0.003790162094499668,0.7666095652283553,0.0213920180319805,1
1,32,64,0.25,identity,3,0.011639618165288636,0.8555455579936404,0.07035055213279923,2
1,32,64,0.25,relu,0,0.01456131023121684,0.8742802609220927,0.03475506267055091,2
1,32,64,0.25,relu,2,0.014224859390784241,0.8673343045999105,0.043184368257515135,2
1,32,64,0.25,relu,4,0.010143691390382561,0.892843405504512,0.03824573500463968,2
1,32,64,0.5,identity,1,0.002383937647840048,0.8320471492444379,0.013662679895810523,1
1,32,64,0.5,identity,3,0.013106098300898287,0.8837317079278741,0.06793531692483099,2
1,32,64,0.5,relu,0,0.03169152278188773,0.9001112174460811,0.043715548124185405,2
1,32,64,0.5,relu,2,0.03743481050303601,0.8953552429793815,0.04905732200207586,2
1,32,64,0.5,relu,4,0.041280041718564545,0.9179090688214214,0.06624670834961877,2
1,32,64,0.75,identity,1,0.07785916514909125,0.903421118140917,0.09110871307612338,2
1,32,64,0.75,identity,3,0.03952221504637173,0.9287108355434162,0.08495233397306605,2
1,32,64,0.75,relu,0,0.11648073559451773,0.9305346511911804,0.08354552067218442,2
1,32,64,0.75,relu,2,0.08903758472583873,0.9307427972622098,0.08679401549196779,2
1,32,64,0.75,relu,4,0.10123462781137126,0.9417402625710096,0.11713213675179865,2
1,32,64,1.0,identity,1,0.7155201038895241,0.982612232948876,0.09872320062138155,1
1,32,64,1.0,identity,3,0.35302157010534085,0.9917378142452908,0.10092862674969051,1
1,32,64,1.0,relu,0,0.7245426261377383,0.9830045129277998,0.21418180494880468,1
1,32,64,1.0,relu,2,0.8097545685704672,0.9876884627522263,0.11220638618366652,1
1,32,64,1.0,relu,4,0.8697029127714548,0.9863983799042919,0.11654523698357783,1
1,32,96,0.0,identity,1,0.0024288508617517092,0.5499324117115681,0.019743428247381373,1
1,32,96,0.0,identity,3,0.009428667711751812,0.7489562707805502,0.047501057050891055,2
1,32,96,0.0,relu,0,0.003722795868815349,0.787306993231663,0.04520356176933651,2
1,32,96,0.0,relu,2,0.0035317040605895946,0.8128635971365655,0.04069379426550532,1
1,32,96,0.0,relu,4,0.006963100696576513,0.8487479324397789,0.05197032736269586,2
1,32,96,0.25,identity,1,0.0017924395252330127,0.7704476293885388,0.016123079766176447,1
1,32,96,0.25,identity,3,0.007742975781502286,0.8553489274676171,0.05176598265079292,2
1,32,96,0.25,relu,0,0.009566834458017339,0.8864761105528761,0.02997130333640569,2
1,32,96,0.25,relu,2,0.014397202936503248,0.8823316673984903,0.030866022488152695,2
1,32,96,0.25,relu,4,0.00946288939931705,0.9076372855557795,0.0338005593071083,2
1,32,96,0.5,identity,1,0.003572384936819114,0.8765889145079673,0.012971014927322146,1
1,32,96,0.5,identity,3,0.005451646856568428,0.8915416778546733,0.05431127327505858,1
1,32,96,0.5,relu,0,0.029305533304335732,0.9134894329459644,0.03578279561322824,2
1,32,96,0.5,relu,2,0.03790466632844948,0.9096559232257454,0.042315887677109955,2
1,32,96,0.5,relu,4,0.03160569326362205,0.9266788222731238,0.05857180120165547,2
1,32,96,0.75,identity,1,0.004762500824944755,0.9103143259200346,0.008103717972917828,1
1,32,96,0.75,identity,3,0.04750658750198668,0.9300251673429216,0.10093759390638264,2
1,32,96,0.75,relu,0,0.08401060799282219,0.9328272936871623,0.07221238796386728,2
1,32,96,0.75,relu,2,0.061295636056219835,0.9332219830395402,0.05680062694422321,2
1,32,96,0.75,relu,4,0.13284271112050683,0.947330564284102,0.13304202047401661,2
1,32,96,1.0,identity,1,0.3523950998659744,0.9924994544616058,0.07148941546184392,1
1,32,96,1.0,identity,3,0.33797281828844733,0.9918238913115077,0.07539093060295896,1
1,32,96,1.0,relu,0,0.77100801662345,0.9813607026113574,0.21358933514527528,1
1,32,96,1.0,relu,2,0.8230676992247656,0.9858961902201959,0.07954598406964807,1
1,32,96,1.0,relu,4,0.8504847535576305,0.9857159589305574,0.1258019462399722,1
1,4,16,0.0,identity,1,0.005307622314985073,0.3666596466437752,0.06377691656253567,1
1,4,16,0.0,identity,3,0.006148707457864193,0.43694344331328117,0.12299882567138319,1
1,4,16,0.0,relu,0,0.005725499548138425,0.6792274856641195,0.051784566611442796,1
1,4,16,0.0,relu,2,0.04644130844823067,0.7553394772916334,0.23647276150331573,2
1,4,16,0.0,relu,4,0.025474522503085486,0.7372522015432212,0.13476804634365525,2
1,4,16,0.25,identity,1,0.00615552788189539,0.8630068017798114,0.023728856266188186,1
1,4,16,0.25,identity,3,0.020529157553784257,0.9101256751813254,0.10707507348236411,2
1,4,16,0.25,relu,0,0.07778350641850801,0.8981820924429215,0.0808571724068078,2
1,4,16,0.25,relu,2,0.0441152992130038,0.8905266152572469,0.11983667548763488,2
1,4,16,0.25,relu,4,0.038269149622875816,0.9247715172657825,0.13017317398393694,2
1,4,16,0.5,identity,1,0.006610210023751351,0.9179012028334933,0.013219223469888209,1
1,4,16,0.5,identity,3,0.023284557904422236,0.9367619297943716,0.03465221449113959,1
1,4,16,0.5,relu,0,0.16313152376455317,0.9320876093842376,0.10516244236596235,2
1,4,16,0.5,relu,2,0.1281406374847435,0.937395347107287,0.1270194932672007,2
1,4,16,0.5,relu,4,0.12572477608176996,0.940613267101594,0.10865010314807941,2
1,4,16,0.75,identity,1,0.15305275121015058,0.9428307283766547,0.06561089500702656,2
1,4,16,0.75,identity,3,0.009960959609542314,0.9759194539276359,0.019548592707776456,1
1,4,16,0.75,relu,0,0.2724764644302521,0.945380777987514,0.19343626590084362,2
1,4,16,0.75,relu,2,0.2839439692978486,0.9556695328094494,0.21642437771930115,2
1,4,16,0.75,relu,4,0.2718907685028807,0.9624102736052325,0.1628428720820971,2
1,4,16,1.0,identity,1,0.620737760946007,0.9876098276832732,0.0548552123885834,1
1,4,16,1.0,identity,3,0.5567036166695845,0.9925651558509133,0.19345883920250648,1
1,4,16,1.0,relu,0,0.8078175951074863,0.9794535723692637,0.2828834416417496,1
1,4,16,1.0,relu,2,0.937615966524301,0.9853854794885704,0.4366211712137962,1
1,4,16,1.0,relu,4,0.9480709689644322,0.9831757461470724,0.3265893091844484,1
1,4,32,0.0,identity,1,0.020814650877381942,0.3865444440864375,0.09595325834633849,1
1,4,32,0.0,identity,3,0.009203995447268505,0.5161223084673444,0.1419774224893987,1
1,4,32,0.0,relu,0,0.0017279736687469778,0.7164612595645209,0.021984789004155285,1
1,4,32,0.0,relu,2,0.02715255332967905,0.7656457704395887,0.08568249532703479,2
1,4,32,0.0,relu,4,0.009046364999273197,0.791664350651509,0.11401751494440439,2
1,4,32,0.25,identity,1,0.014011246042376222,0.8360559373287109,0.03619434862947854,1
1,4,32,0.25,identity,3,0.020879246913214813,0.9055605630278839,0.09189180812243965,2
1,4,32,0.25,relu,0,0.040117893258359974,0.8955818348041207,0.06857544037440826,2
1,4,32,0.25,relu,2,0.02487561222805175,0.8850482333167425,0.06002955294797148,2
1,4,32,0.25,relu,4,0.01962588017845779,0.9223218625686924,0.07296724223952392,2
1,4,32,0.5,identity,1,0.00833235672461672,0.8966961139067019,0.01958788810220512,1
1,4,32,0.5,identity,3,0.0069313885032756956,0.937901971453913,0.06680767677927192,1
1,4,32,0.5,relu,0,0.10369176143850234,0.9232097929378709,0.075115623957297,2
1,4,32,0.5,relu,2,0.09661205755252089,0.9217800007062354,0.1250187520648492,2
1,4,32,0.5,relu,4,0.08960277765719292,0.9418611307991688,0.13439135604012242,2
1,4,32,0.75,identity,1,0.1864984346806012,0.9337990519806155,0.11445870382461935,2
1,4,32,0.75,identity,3,0.11904396488716784,0.9584670663173684,0.2327592694286804,2
1,4,32,0.75,relu,0,0.22885311423841598,0.9468948162064025,0.1728459960517361,2
1,4,32,0.75,relu,2,0.2771173903039187,0.9569514509915227,0.20304165410419844,2
1,4,32,0.75,relu,4,0.2369610583894972,0.9598089605525191,0.12621608265170983,2
1,4,32,1.0,identity,1,0.7742677947293161,0.9834501092625078,0.12272894330837915,1
1,4,32,1.0,identity,3,0.6155731892817805,0.9957165518409079,0.44199010455849075,1
1,4,32,1.0,relu,0,0.7480540760590842,0.9807612574602396,0.18766547129674366,1
1,4,32,1.0,relu,2,0.938072597508319,0.9868341167322316,0.45747477595678276,1
1,4,32,1.0,relu,4,0.9283344929493124,0.9808577641021808,0.3062155816503017,1
1,4,64,0.0,identity,1,0.0055663006033082425,0.5119328988251753,0.05489989832729637,1
1,4,64,0.0,identity,3,0.003611324022562217,0.6046016838767688,0.06407623557944271,1
1,4,64,0.0,relu,0,0.02467239299664597,0.7932991632313002,0.07088567276049736,2
1,4,64,0.0,relu,2,0.010278093948955062,0.8336567879156946,0.05341636808781946,2
1,4,64,0.0,relu,4,0.010747550747371964,0.8625899498614662,0.04147847539424837,2
1,4,64,0.25,identity,1,0.003952180485885377,0.86002091203167,0.025246353392704972,1
1,4,64,0.25,identity,3,0.0229432421644757,0.9101334596940299,0.12362908675974531,2
1,4,64,0.25,relu,0,0.036322985943855336,0.9113012187562324,0.06676633424987415,2
1,4,64,0.25,relu,2,0.016457738403555952,0.9142547500536992,0.04775722120226334,2
1,4,64,0.25,relu,4,0.016070553910698504,0.9333606042846162,0.052025195529695804,2
1,4,64,0.5,identity,1,0.006155070383192291,0.9113555980744528,0.023872301611372215,1
1,4,64,0.5,identity,3,0.0019023087043334758,0.9337885889432942,0.044303094276099284,1
1,4,64,0.5,relu,0,0.06144617593032655,0.9256597551649728,0.0755020081921045,2
1,4,64,0.5,relu,2,0.09702410922044892,0.9453008684739447,0.10882179656177086,2
1,4,64,0.5,relu,4,0.050180691177865694,0.9346360136358854,0.08885049106568912,2
1,4,64,0.75,identity,1,0.1447672596567721,0.959825371514813,0.0797511430142473,2
1,4,64,0.75,identity,3,0.1311575789617794,0.9628442242518568,0.1779384770059716,2
1,4,64,0.75,relu,0,0.2079512204428203,0.9496349253784576,0.13635274486903423,2
1,4,64,0.75,relu,2,0.23625244718625438,0.9581371754251766,0.20857782092574834,2
1,4,64,0.75,relu,4,0.22942468552993522,0.9548030268900547,0.19576442996923793,2
1,4,64,1.0,identity,1,0.7492247842171404,0.9887842209376562,0.28157105242852537,1
1,4,64,1.0,identity,3,0.7058521606872561,0.9930899910886073,0.4573421858738273,1
1,4,64,1.0,relu,0,0.7335789289183848,0.9830954882007825,0.16251166055959135,1
1,4,64,1.0,relu,2,0.9360529806034303,0.9869769972310787,0.35344258366344544,1
1,4,64,1.0,relu,4,0.946083840970546,0.9766086451189512,0.4034529636500943,1
1,4,96,0.0,identity,1,0.005605109556041723,0.681203971244236,0.03188245442010928,1
1,4,96,0.0,identity,3,0.007722881219504424,0.7508611161380472,0.07492190633403438,2
1,4,96,0.0,relu,0,0.00699655024330821,0.8250796942847067,0.04590404425482237,2
1,4,96,0.0,relu,2,0.00914435125135281,0.8353469347239658,0.04413503200819198,2
1,4,96,0.0,relu,4,0.008404180419512812,0.8633937788543912,0.07703817191611267,2
1,4,96,0.25,identity,1,0.003951696939973563,0.8720500700234143,0.02172853756047073,1
1,4,96,0.25,identity,3,0.013333688972147735,0.9090565393849533,0.05709702737373657,1
1,4,96,0.25,relu,0,0.02395349465418798,0.9146187484316747,0.03704895464135356,2
1,4,96,0.25,relu,2,0.015537710585107856,0.9182373607263923,0.042328485202014834,2
1,4,96,0.25,relu,4,0.006563239858918401,0.929667131973278,0.05113997487533214,2
1,4,96,0.5,identity,1,0.003055792900551708,0.9191337619917339,0.012192096032494227,1
1,4,96,0.5,identity,3,0.03563259985716366,0.9447951399885107,0.1090625370401215,2
1,4,96,0.5,relu,0,0.07556699731133665,0.9335572773474706,0.0565656593923268,2
1,4,96,0.5,relu,2,0.07899274544439672,0.936057804887903,0.09310296182584597,2
1,4,96,0.5,relu,4,0.06392307981563905,0.9418216469559675,0.10160141496483177,2
1,4,96,0.75,identity,1,0.15717189169970774,0.9504209277768915,0.06642993056320119,2
1,4,96,0.75,identity,3,0.10254539931410067,0.9611765640855781,0.15553106874237926,2
1,4,96,0.75,relu,0,0.20153079908505206,0.9503480311925325,0.14435969390823633,2
1,4,96,0.75,relu,2,0.24583251409204246,0.960765117273829,0.1787895365180732,2
1,4,96,0.75,relu,4,0.3008273760144997,0.9576986729871455,0.22266050587057665,2
1,4,96,1.0,identity,1,0.8072335883008976,0.9810852861691239,0.128751382768119,1
1,4,96,1.0,identity,3,0.5046850034466511,0.9924085485485628,0.3046830082583662,1
1,4,96,1.0,relu,0,0.7600910901706145,0.9809147347421532,0.19918874763436886,1
1,4,96,1.0,relu,2,0.9414371287624339,0.9869316426142367,0.43900147614144713,1
1,4,96,1.0,relu,4,0.8983158995136519,0.9828555156066521,0.3471354052201569,1
1,8,16,0.0,identity,1,0.0010536818987269853,0.30413778856344853,0.07505808675604386,1
1,8,16,0.0,identity,3,0.013534446841269738,0.5655967186275636,0.14171636292108233,1
1,8,16,0.0,relu,0,0.0040080091415858375,0.6970154808939703,0.0194473472755472,1
1,8,16,0.0,relu,2,0.019791491410399212,0.6182853683728909,0.1675810470509348,2
1,8,16,0.0,relu,4,0.014138133099525954,0.7478757242764116,0.10511770134930075,2
1,8,16,0.25,identity,1,0.0033771908067777127,0.8382224910620141,0.03161788292274402,1
1,8,16,0.25,identity,3,0.0029148212051455544,0.8976202114413069,0.03077991972266283,1
1,8,16,0.25,relu,0,0.060956022226602485,0.8871397784997932,0.09074721607384242,2
1,8,16,0.25,relu,2,0.08327390525266422,0.9073222947358207,0.11218269645821158,2
1,8,16,0.25,relu,4,0.04537837822517028,0.9115336443682451,0.11567054915313085,2
1,8,16,0.5,identity,1,0.003513893759500046,0.9049263754321375,0.012389974604054544,1
1,8,16,0.5,identity,3,0.00399327548515903,0.9321053593308671,0.035524608988603074,1
1,8,16,0.5,relu,0,0.11953011668683997,0.9280433943330104,0.07849724952687989,2
1,8,16,0.5,relu,2,0.11768270655800885,0.9386284987726943,0.15831435791578974,2
1,8,16,0.5,relu,4,0.12997392213403103,0.9416317014935985,0.14725837443003684,2
1,8,16,0.75,identity,1,0.004784715959499894,0.9519726128914587,0.021689698004604754,1
1,8,16,0.75,identity,3,0.0026662459466428963,0.973039550430603,0.00828385590875496,1
1,8,16,0.75,relu,0,0.23956554970375424,0.9549429665471663,0.13984271258106806,2
1,8,16,0.75,relu,2,0.3462867093004474,0.9644910245895741,0.2317953450658128,2
1,8,16,0.75,relu,4,0.28175902841484723,0.9596354705969774,0.3018296827062086,2
1,8,16,1.0,identity,1,0.7388906479589316,0.9856703732435218,0.13725438402145596,1
1,8,16,1.0,identity,3,0.3731943151051716,0.9943359251937675,0.2633114690972358,1
1,8,16,1.0,relu,0,0.8477574601867419,0.9737287322429532,0.2443334335113923,1
1,8,16,1.0,relu,2,0.9716760064249759,0.9878109588616161,0.459172957584605,1
1,8,16,1.0,relu,4,0.9346147831307973,0.9831185831882852,0.35525981237878984,1
1,8,32,0.0,identity,1,0.007671762288954825,0.37304757126073973,0.062074704528177,1
1,8,32,0.0,identity,3,0.004938600747488017,0.6172859480720717,0.085497848912975,1
1,8,32,0.0,relu,0,0.001784639120706989,0.7389458573536088,0.01524707339519627,1
1,8,32,0.0,relu,2,0.002776441801208203,0.7010075578484636,0.056177947404638655,1
1,8,32,0.0,relu,4,0.0077818111111654705,0.769645632602679,0.04844596985980208,2
1,8,32,0.25,identity,1,0.00305922899361976,0.8207779671078449,0.02600076942445138,1
1,8,32,0.25,identity,3,0.012464608224984965,0.8703064896618681,0.09559297684653331,2
1,8,32,0.25,relu,0,0.02435374641068247,0.8779180124328907,0.047463208028579285,2
1,8,32,0.25,relu,2,0.030214145690086965,0.8861298131597171,0.09169199569011403,2
1,8,32,0.25,relu,4,0.02376524793124562,0.8995124516659924,0.055574468321986994,2
1,8,32,0.5,identity,1,0.0052201222231160705,0.8971393336306246,0.03925690392627839,1
1,8,32,0.5,identity,3,0.0017569397038843981,0.910377040888732,0.05359167320962963,1
1,8,32,0.5,relu,0,0.08446184270099497,0.9153241775949208,0.06829254722581095,2
1,8,32,0.5,relu,2,0.1043630647001498,0.9307182141903382,0.1523385749419616,2
1,8,32,0.5,relu,4,0.09279790822818758,0.9269766253277618,0.12578324568505583,2
1,8,32,0.75,identity,1,0.12171689477179623,0.9313811243903304,0.07119386407687199,2
1,8,32,0.75,identity,3,0.09576640852868931,0.9400345077506667,0.17063372175629232,2
1,8,32,0.75,relu,0,0.15151800430592066,0.9348856042165935,0.09762128308293537,2
1,8,32,0.75,relu,2,0.23986682091473427,0.9487870859750659,0.24550125329628786,2
1,8,32,0.75,relu,4,0.2375635487047084,0.9508018203253805,0.2743302135077673,2
1,8,32,1.0,identity,1,0.6310358551862093,0.9870271491819839,0.22463489579692303,1
1,8,32,1.0,identity,3,0.41106440451656057,0.9921633937839486,0.378026807405915,1
1,8,32,1.0,relu,0,0.7438249257068307,0.9794342199502779,0.170365025317815,1
1,8,32,1.0,relu,2,0.9252272059915849,0.9897864863750349,0.5320523015976413,1
1,8,32,1.0,relu,4,0.9477782534600074,0.9841444020337592,0.41630904073673924,1
1,8,64,0.0,identity,1,0.0030628251242900127,0.46861249695366625,0.04556751041929724,1
1,8,64,0.0,identity,3,0.016560089544943042,0.675203248183742,0.17045814110808552,2
1,8,64,0.0,relu,0,0.009102347078086345,0.8186039916441837,0.04880454956535241,2
1,8,64,0.0,relu,2,0.006088240431149077,0.8052135240498219,0.06597219250148349,2
1,8,64,0.0,relu,4,0.007584428789271121,0.8295130363286617,0.03389672309990561,2
1,8,64,0.25,identity,1,0.0033089414514659884,0.8250077500521352,0.039614402772789326,1
1,8,64,0.25,identity,3,0.004887937101277759,0.8891403211569688,0.10163967946938081,1
1,8,64,0.25,relu,0,0.030635220655159588,0.89474550221631,0.056954670977304674,2
1,8,64,0.25,relu,2,0.024523908893888696,0.90056301294309,0.05437344748625053,2
1,8,64,0.25,relu,4,0.012992378493267795,0.9136166917684487,0.04963564642041769,2
1,8,64,0.5,identity,1,0.004836347636142924,0.8785271460544029,0.026786677222785615,1
1,8,64,0.5,identity,3,0.009153745917102937,0.9221848926602643,0.07747050782299295,1
1,8,64,0.5,relu,0,0.08602530822274264,0.924793078656149,0.07052498502511775,2
1,8,64,0.5,relu,2,0.107580977950642,0.943630167813808,0.13043252003633762,2
1,8,64,0.5,relu,4,0.07867084965451739,0.9351718045373055,0.12700349842014508,2
1,8,64,0.75,identity,1,0.0027525756746458914,0.9297151380915677,0.009273506630343792,1
1,8,64,0.75,identity,3,0.06870758058051914,0.9427728566354329,0.1559003514919818,2
1,8,64,0.75,relu,0,0.16105794858737255,0.9401440073309734,0.09323256970950591,2
1,8,64,0.75,relu,2,0.28334151293372584,0.9619022760305557,0.3153604211799481,2
1,8,64,0.75,relu,4,0.21342056147079835,0.9530279487709649,0.21521175549285546,2
1,8,64,1.0,identity,1,0.8064279747948528,0.9837485276429992,0.27801886356693983,1
1,8,64,1.0,identity,3,0.5404006467122169,0.9868113160860955,0.1527958442603408,1
1,8,64,1.0,relu,0,0.7580852543577468,0.980171447764222,0.13582125912621903,1
1,8,64,1.0,relu,2,0.9224037753476736,0.9865907941229003,0.3073811245054743,1
1,8,64,1.0,relu,4,0.9126613624789237,0.9832916692121015,0.35342886831998666,1
1,8,96,0.0,identity,1,0.002965876018155123,0.5274116600292458,0.029964675580526994,1
1,8,96,0.0,identity,3,0.004695687126656574,0.7733264770076222,0.09001848252015722,1
1,8,96,0.0,relu,0,0.006301688536339392,0.837132625053067,0.04013254564621046,2
1,8,96,0.0,relu,2,0.005737246032000768,0.8219949671574449,0.040302947953961575,2
1,8,96,0.0,relu,4,0.00932150655016217,0.8399066004071877,0.04227504514538399,2
1,8,96,0.25,identity,1,0.002520509342069891,0.8490237762403666,0.01846538319219688,1
1,8,96,0.25,identity,3,0.00589001961650947,0.8906492892018754,0.08529628326456579,1
1,8,96,0.25,relu,0,0.022119784995533905,0.9021648588901355,0.03642271904424233,2
1,8,96,0.25,relu,2,0.017356659443679447,0.9110021674310832,0.04428649762827161,2
1,8,96,0.25,relu,4,0.00839499897802242,0.914871886721395,0.04445268930047327,2
1,8,96,0.5,identity,1,0.0012510088719946526,0.8943301166779368,0.015418127263784496,1
1,8,96,0.5,identity,3,0.015798547868371052,0.9222612232348957,0.0777751000406189,1
1,8,96,0.5,relu,0,0.08517464798904241,0.9270989761272488,0.07409701028652053,2
1,8,96,0.5,relu,2,0.10275943056692072,0.9465839330755991,0.12449211779803716,2
1,8,96,0.5,relu,4,0.08447473161656685,0.9398496991967578,0.1334493916910425,2
1,8,96,0.75,identity,1,0.09666837306337939,0.9414183272915971,0.0767212967513139,2
1,8,96,0.75,identity,3,0.019199179984455514,0.9546174522197454,0.05767475321473868,1
1,8,96,0.75,relu,0,0.19234856980042453,0.9426167017314773,0.1254050276495764,2
1,8,96,0.75,relu,2,0.26999693115173135,0.9581492147472236,0.22546227522362677,2
1,8,96,0.75,relu,4,0.19883974852904956,0.9499745096613121,0.2439441986343605,2
1,8,96,1.0,identity,1,0.7033634519037324,0.989012803298839,0.28337531237216956,1
1,8,96,1.0,identity,3,0.5701727486107696,0.9887057556075091,0.18583318192981518,1
1,8,96,1.0,relu,0,0.6796533841934274,0.9848744018954048,0.0807394817385567,1
1,8,96,1.0,relu,2,0.8954572930964017,0.9890062865562049,0.37315207653183957,1
1,8,96,1.0,relu,4,0.9428071223228875,0.9758803719310752,0.39795324104534646,1
2,16,16,0.0,identity,1,0.00457193724680805,0.3964905564168201,0.12293873973489967,2
2,16,16,0.0,identity,3,0.007957802106694382,0.43979236957228046,0.1367328722930278,2
2,16,16,0.0,relu,0,0.17401004179396456,0.6900116404930539,0.4827303278031335,2
2,16,16,0.0,relu,2,0.22873696487273598,0.6838335758731549,0.5747201390357924,2
2,16,16,0.0,relu,4,0.2932651356600874,0.7134800937699429,0.6955957801415089,3
2,16,16,0.25,identity,1,0.005043492697652759,0.8536193390458859,0.042991808940387885,2
2,16,16,0.25,identity,3,0.008237684626055548,0.9058117050443704,0.04349564793928809,2
2,16,16,0.25,relu,0,0.24113392307397205,0.901955861164741,0.27812846059670104,2
2,16,16,0.25,relu,2,0.22820999251555912,0.8853453149910004,0.32290585273119865,3
2,16,16,0.25,relu,4,0.2014595512941216,0.8918891625162539,0.28878811802601334,3
2,16,16,0.5,identity,1,0.006005035606194176,0.93114710525558,0.02744229724908936,2
2,16,16,0.5,identity,3,0.009186062389602552,0.9509711834142178,0.028514867730078053,2
2,16,16,0.5,relu,0,0.2980322550410256,0.9368343498381262,0.2191245529966358,3
2,16,16,0.5,relu,2,0.16875120350056597,0.9277597154478465,0.2081497452363693,3
2,16,16,0.5,relu,4,0.24544207010247326,0.9411192480244838,0.18081523651679646,3
2,16,16,0.75,identity,1,0.006466304104723339,0.9600474379764153,0.03460467849365775,2
2,16,16,0.75,identity,3,0.01098720382611844,0.9776996166340741,0.02497124178572517,2
2,16,16,0.75,relu,0,0.3395510278204213,0.9652825858445204,0.14466114762402513,2
2,16,16,0.75,relu,2,0.2186046519715028,0.9536162269470085,0.1536987586969039,2
2,16,16,0.75,relu,4,0.3309375315440484,0.959551061991278,0.17963033756302443,3
2,16,16,1.0,identity,1,0.8432755108025066,0.9965919891769585,0.09590282441973451,1
2,16,16,1.0,identity,3,0.666692301079118,0.9976707211641398,0.05978099971091307,1
2,16,16,1.0,relu,0,0.42361925367167674,0.9775592435857154,0.12185448750280373,1
2,16,16,1.0,relu,2,0.4086550115577808,0.9759281578789244,0.14972477210690308,1
2,16,16,1.0,relu,4,0.7272805638963354,0.9767882846306706,0.17705312074353488,1
2,16,32,0.0,identity,1,0.005445393578934396,0.4565574731362195,0.07519245435814544,2
2,16,32,0.0,identity,3,0.003772683238927594,0.5237595160237009,0.06820602427182758,2
2,16,32,0.0,relu,0,0.00304895365773543,0.7339295963620974,0.02526241324368135,2
2,16,32,0.0,relu,2,0.008620239721502335,0.7472340056492869,0.09082120624475819,3
2,16,32,0.0,relu,4,0.008066086730369116,0.7531297993065513,0.07581731841968498,3
2,16,32,0.25,identity,1,0.0041142704865796504,0.8357218506568257,0.043084531168111354,2
2,16,32,0.25,identity,3,0.004950694222293367,0.8845455391570934,0.04991205233100004,2
2,16,32,0.25,relu,0,0.024252809772181267,0.890269658770792,0.056711128756899355,3
2,16,32,0.25,relu,2,0.025115475363071932,0.88821873529193,0.0738421206279731,4
2,16,32,0.25,relu,4,0.02448662828872531,0.8920014940783372,0.08881923031600651,3
2,16,32,0.5,identity,1,0.005206344946283009,0.9001438596416307,0.05125937614169387,2
2,16,32,0.5,identity,3,0.007591410061293806,0.9361910480604216,0.029883558293892568,2
2,16,32,0.5,relu,0,0.06342153109235493,0.9302971039840449,0.05977156756331574,3
2,16,32,0.5,relu,2,0.03850818914949308,0.9193752498421599,0.06127217614484289,3
2,16,32,0.5,relu,4,0.05431438318085647,0.9275249848822342,0.08386412041398805,3
2,16,32,0.75,identity,1,0.010774422678868625,0.9473791404437935,0.05797078033350833,2
2,16,32,0.75,identity,3,0.016371319735285043,0.9657652610989146,0.05145683452191108,2
2,16,32,0.75,relu,0,0.11828688521928689,0.9523405149606964,0.0754799765912511,3
2,16,32,0.75,relu,2,0.1014657286677483,0.9454538333829055,0.08637709865963403,3
2,16,32,0.75,relu,4,0.13289690770056328,0.9483693677546757,0.08128406407236968,3
2,16,32,1.0,identity,1,0.74734159896905,0.9985886894073858,0.06970077641663282,1
2,16,32,1.0,identity,3,0.4729331398482152,0.9972908823792213,0.12295663581976649,1
2,16,32,1.0,relu,0,0.3591022266808094,0.9781851442339767,0.10266405065682427,1
2,16,32,1.0,relu,2,0.5323631494217093,0.9766142711351364,0.21858884384116967,2
2,16,32,1.0,relu,4,0.7359429107646867,0.9805318820972531,0.12335435909139568,1
2,16,64,0.0,identity,1,0.003604166734281813,0.5469068069117735,0.06394217894972293,2
2,16,64,0.0,identity,3,0.0045662071262342245,0.5952574893876753,0.05659017931828958,2
2,16,64,0.0,relu,0,0.006082817420014889,0.791101498396842,0.048727429560865496,3
2,16,64,0.0,relu,2,0.007553885560507254,0.7995386051026278,0.056964633298355015,4
2,16,64,0.0,relu,4,0.004769824511188579,0.8165065032307464,0.03468749804402413,3
2,16,64,0.25,identity,1,0.00566580011904515,0.8346784426552779,0.039936426184706754,2
2,16,64,0.25,identity,3,0.005172855466690027,0.8912571602859124,0.041288176778649974,2
2,16,64,0.25,relu,0,0.015260383064130252,0.9006267262404501,0.028831172504552947,3
2,16,64,0.25,relu,2,0.014774681050727531,0.894780113680362,0.03373341239932164,3
2,16,64,0.25,relu,4,0.01173739169186234,0.90604610600354,0.03661095270690671,3
2,16,64,0.5,identity,1,0.005494104035470509,0.9015428342489804,0.04538896500024067,2
2,16,64,0.5,identity,3,0.0054722794332142015,0.9328692574827343,0.04801035692715549,2
2,16,64,0.5,relu,0,0.04015414537024147,0.9255891370714766,0.04618325448153433,3
2,16,64,0.5,relu,2,0.03578803016016294,0.9217455837242339,0.04831989526043517,3
2,16,64,0.5,relu,4,0.04443210846077679,0.9245273312603429,0.05644839966435306,3
2,16,64,0.75,identity,1,0.06138177387936435,0.9434311812302807,0.1363088039115806,3
2,16,64,0.75,identity,3,0.008143924061248305,0.9614706187905235,0.04098820532393878,2
2,16,64,0.75,relu,0,0.0840749340274406,0.9492793656242889,0.06921353948890871,3
2,16,64,0.75,relu,2,0.10993899107585012,0.9467219376936724,0.09612171793179852,4
2,16,64,0.75,relu,4,0.15937547339850922,0.9463611283166519,0.11639130984245274,4
2,16,64,1.0,identity,1,0.9463445509018614,0.9943507221990837,0.14796156961078058,1
2,16,64,1.0,identity,3,0.46093904175670475,0.9968371295670694,0.06592083612096711,1
2,16,64,1.0,relu,0,0.34748765411853577,0.9769292272033829,0.08221592934918634,1
2,16,64,1.0,relu,2,0.6406599990467322,0.9718133269988203,0.2532274113827601,2
2,16,64,1.0,relu,4,0.805505186551245,0.9801407639727899,0.19223834729916567,2
2,16,96,0.0,identity,1,0.003603119591631982,0.6128642964253981,0.053069001192584626,2
2,16,96,0.0,identity,3,0.00489285697713939,0.6082474458214716,0.05992786788342475,2
2,16,96,0.0,relu,0,0.003406526478030722,0.8180807919407795,0.032039621982673204,3
2,16,96,0.0,relu,2,0.006611324198971617,0.8325925119364037,0.045310844808161964,4
2,16,96,0.0,relu,4,0.0066805133962479545,0.8433409482074238,0.056253077877704484,4
2,16,96,0.25,identity,1,0.004343015068141566,0.8425389394345563,0.04736289978765061,2
2,16,96,0.25,identity,3,0.007726597175486185,0.8965413049849734,0.05170317922143059,2
2,16,96,0.25,relu,0,0.008570431183792523,0.9099673733943082,0.024317361189687917,3
2,16,96,0.25,relu,2,0.009903066600127108,0.9101212244168472,0.02758296579542157,3
2,16,96,0.25,relu,4,0.011507695145546053,0.9226314017716344,0.031991524093275714,3
2,16,96,0.5,identity,1,0.0062721541200719344,0.8924282256388147,0.04408376499254095,2
2,16,96,0.5,identity,3,0.010588997123818777,0.9339758418112261,0.044661435289378236,2
2,16,96,0.5,relu,0,0.033418841072383125,0.9345959856523935,0.03768979795698256,3
2,16,96,0.5,relu,2,0.03096240987903554,0.9314594728709995,0.048126101715746876,4
2,16,96,0.5,relu,4,0.06660435443358509,0.9378319098914362,0.06237961652642758,4
2,16,96,0.75,identity,1,0.06138386443388755,0.9461708617500934,0.09191116252477614,3
2,16,96,0.75,identity,3,0.039653564249053065,0.9598238173110569,0.05404837988514004,3
2,16,96,0.75,relu,0,0.06582134618718334,0.9504393522975599,0.05340917308566459,3
2,16,96,0.75,relu,2,0.09699777251360303,0.9557964213494997,0.0709518722999655,4
2,16,96,0.75,relu,4,0.17175000784290154,0.9563851015587403,0.11052833217678913,4
2,16,96,1.0,identity,1,0.9104988042531554,0.9962112991493791,0.29976926155501354,1
2,16,96,1.0,identity,3,0.47881798893324096,0.996444478677135,0.056699717566539486,1
2,16,96,1.0,relu,0,0.3629900356126311,0.9757772142957946,0.12477738898433008,1
2,16,96,1.0,relu,2,0.58197926873823,0.9754723407786848,0.2139837941329557,2
2,16,96,1.0,relu,4,0.6578294533019583,0.9820472895252657,0.13346172270348894,1
2,1,16,0.0,identity,1,0.09346469757957056,0.6566178567669754,0.19948976994105183,2
2,1,16,0.0,identity,3,0.11636727626050311,0.7674960350853042,0.3047089254996732,2
2,1,16,0.0,relu,0,0.013661428479687392,0.7410290817106736,0.13124714503371251,2
2,1,16,0.0,relu,2,0.10069010587722196,0.651376546052086,0.18358420076561444,3
2,1,16,0.0,relu,4,0.05006148656270069,0.8833099326932184,0.05558166865419975,2
2,1,16,0.25,identity,1,0.02781792089136612,0.9313357098566274,0.11776079777220613,2
2,1,16,0.25,identity,3,0.007490202791252459,0.9328935907783507,0.06877883348613144,2
2,1,16,0.25,relu,0,0.05858144094513633,0.9032961378538163,0.074219111864578,3
2,1,16,0.25,relu,2,0.09041918963208617,0.9267272387123212,0.11009752453390648,3
2,1,16,0.25,relu,4,0.1813672735642433,0.9394403445467607,0.09764144513966647,3
2,1,16,0.5,identity,1,0.005355036778457937,0.9504237733936012,0.11053587172262935,2
2,1,16,0.5,identity,3,0.011301710241491321,0.9567938974623309,0.09074479198271684,2
2,1,16,0.5,relu,0,0.16721667662588677,0.9372448134305243,0.09049470714855032,3
2,1,16,0.5,relu,2,0.25894675062892786,0.9446078511000673,0.09546898699635606,3
2,1,16,0.5,relu,4,0.3048229169661181,0.953124455057272,0.08504894333980767,3
2,1,16,0.75,identity,1,0.030301706738674078,0.9848839850731161,0.04540569186465905,2
2,1,16,0.75,identity,3,0.012940440944418624,0.9848906885989323,0.08040884009810964,2
2,1,16,0.75,relu,0,0.3027219891371972,0.9452851554912267,0.09703889987699794,3
2,1,16,0.75,relu,2,0.3557595256423472,0.9504715618717742,0.30308730693958075,3
2,1,16,0.75,relu,4,0.4177802091289479,0.9624193959264906,0.20671955978920536,3
2,1,16,1.0,identity,1,0.9193178939907978,0.9972638333813334,0.18195967914991193,1
2,1,16,1.0,identity,3,0.9783909559471997,0.9937719949366276,0.11320615825685063,1
2,1,16,1.0,relu,0,0.7272907835163699,0.9691990623537707,0.18711177393711112,1
2,1,16,1.0,relu,2,0.5150465664588492,0.9700823362561635,0.23501370590447376,1
2,1,16,1.0,relu,4,0.8640538859610751,0.9747631721730329,0.3981322391571599,1
2,1,32,0.0,identity,1,0.013882863223696655,0.6199007672202765,0.1587548593736017,2
2,1,32,0.0,identity,3,0.05675984911790858,0.7635418457734109,0.17783699406145453,2
2,1,32,0.0,relu,0,0.010623196084464378,0.7504612635990034,0.13444755603529412,3
2,1,32,0.0,relu,2,0.03754274541400601,0.8177941979751782,0.11677963923587059,3
2,1,32,0.0,relu,4,0.15043479078444244,0.8764696535550126,0.12028074394622784,3
2,1,32,0.25,identity,1,0.02480337148767236,0.9223955955468677,0.04669416563273106,2
2,1,32,0.25,identity,3,0.003047723709479282,0.9468988186178846,0.042377486978530776,2
2,1,32,0.25,relu,0,0.12680766476611896,0.9328913497205857,0.07910802820242892,3
2,1,32,0.25,relu,2,0.07203132275522761,0.9358229688773415,0.09195398243878779,3
2,1,32,0.25,relu,4,0.07460297260769834,0.9496129894390754,0.1452476652555258,3
2,1,32,0.5,identity,1,0.029337144365242186,0.9528526171036508,0.06784188096989152,2
2,1,32,0.5,identity,3,0.013732161690235894,0.9623409981936463,0.046194012730461975,2
2,1,32,0.5,relu,0,0.24789422086851712,0.9417713458192091,0.1530560601997125,3
2,1,32,0.5,relu,2,0.09178294157038873,0.9469137024003722,0.09619513263662638,3
2,1,32,0.5,relu,4,0.13995185933122628,0.9519232969399207,0.08950981252477587,3
2,1,32,0.75,identity,1,0.23726522668043049,0.9794582136946152,0.17182399222366687,3
2,1,32,0.75,identity,3,0.022384547036922452,0.9775485169171451,0.17390661809618913,2
2,1,32,0.75,relu,0,0.35329815993462965,0.9601237706928708,0.15768237701274276,3
2,1,32,0.75,relu,2,0.22499459623185059,0.9583229799725484,0.2674106741308057,4
2,1,32,0.75,relu,4,0.4953012893194646,0.9604274744225603,0.19725300530738493,4
2,1,32,1.0,identity,1,0.9291559648013519,0.9976640146822929,0.16084611678304253,1
2,1,32,1.0,identity,3,0.9769717311967243,0.9947840083328716,0.09070798391096754,1
2,1,32,1.0,relu,0,0.624390767388592,0.9740679416915513,0.09355423715988356,1
2,1,32,1.0,relu,2,0.5808189344119921,0.9682907197048127,0.3279687970402354,1
2,1,32,1.0,relu,4,0.8502240613751402,0.9734773712962754,0.3647008308825223,1
2,1,64,0.0,identity,1,0.023298893255582032,0.7691240590444925,0.1387916386017288,2
2,1,64,0.0,identity,3,0.10231016828452433,0.8130791576382563,0.13051841653346594,2
2,1,64,0.0,relu,0,0.03953051067849334,0.8604828515713809,0.07024989503718267,3
2,1,64,0.0,relu,2,0.018973025606970725,0.8595961318531348,0.1293951046367854,4
2,1,64,0.0,relu,4,0.04875934888417861,0.9029784068798692,0.08636579509573038,3
2,1,64,0.25,identity,1,0.053882468257035736,0.9454477170752837,0.1136301768683291,3
2,1,64,0.25,identity,3,0.01954357407497185,0.9574425820227829,0.057976544866597673,2
2,1,64,0.25,relu,0,0.031071788668575736,0.9398338743244699,0.07608666450956214,3
2,1,64,0.25,relu,2,0.050624345547787886,0.9419981858988654,0.10578307687263071,3
2,1,64,0.25,relu,4,0.05030683843335763,0.9612696958213744,0.06707596486816693,3
2,1,64,0.5,identity,1,0.0057979985471953354,0.9553223831344213,0.08483597579413034,2
2,1,64,0.5,identity,3,0.026702784015055058,0.9660557076970188,0.03359908193141423,2
2,1,64,0.5,relu,0,0.030196801019996198,0.9558496766193831,0.06039999200435391,3
2,1,64,0.5,relu,2,0.08993824542962849,0.9518432514034575,0.10228992462952977,3
2,1,64,0.5,relu,4,0.1904261794626217,0.9673658355634598,0.09574684979408614,3
2,1,64,0.75,identity,1,0.17384908257355328,0.9755898572129319,0.13277666541533037,3
2,1,64,0.75,identity,3,0.2822676051588107,0.9811493020504408,0.12375627649053017,3
2,1,64,0.75,relu,0,0.2341284349063891,0.9673057445440791,0.10099001138230669,3
2,1,64,0.75,relu,2,0.22074750762514864,0.9645854812703428,0.18776256888915904,4
2,1,64,0.75,relu,4,0.49001314899632925,0.9638317539771067,0.1766017475824045,4
2,1,64,1.0,identity,1,0.8209198275234385,0.9990108888504445,0.18791233406653662,1
2,1,64,1.0,identity,3,0.9629980381469058,0.9928918503787384,0.2086026000500662,1
2,1,64,1.0,relu,0,0.6002367115547865,0.9769022961091468,0.1343336438030664,1
2,1,64,1.0,relu,2,0.6479409436674239,0.974702058948211,0.4425282788238436,1
2,1,64,1.0,relu,4,0.7687753509622554,0.9781738043820607,0.3146830590511201,1
2,1,96,0.0,identity,1,0.011220548536002576,0.7946085799550413,0.10765668268465695,2
2,1,96,0.0,identity,3,0.009961285240139506,0.8640433989893608,0.1422001201365934,2
2,1,96,0.0,relu,0,0.020917199989216564,0.8371246210342276,0.05889875475770996,3
2,1,96,0.0,relu,2,0.03547623936704148,0.8730775027316657,0.14061376325829086,4
2,1,96,0.0,relu,4,0.040932115424998854,0.8764440217293187,0.15391864749716563,4
2,1,96,0.25,identity,1,0.014250917469336658,0.9493003531890671,0.06316498825878707,2
2,1,96,0.25,identity,3,0.003927482583370868,0.9563520721844992,0.039222854003465854,2
2,1,96,0.25,relu,0,0.024245028017102644,0.9443448419367872,0.07802222102202437,3
2,1,96,0.25,relu,2,0.0538660014504102,0.9427073885946052,0.12304206700820197,4
2,1,96,0.25,relu,4,0.04940178015689961,0.9618835670043963,0.1020540164712733,3
2,1,96,0.5,identity,1,0.06476066289909403,0.9627782831021751,0.13292792311718735,3
2,1,96,0.5,identity,3,0.022531661201403742,0.9712148269751518,0.0500532647638331,2
2,1,96,0.5,relu,0,0.07957406014205821,0.9561259859669335,0.13683037171643994,3
2,1,96,0.5,relu,2,0.08534241604822393,0.957412877623531,0.10712254137078012,4
2,1,96,0.5,relu,4,0.2584120480301077,0.9620780643051421,0.12564777703756452,4
2,1,96,0.75,identity,1,0.23628571497190223,0.9724871132403361,0.19007528100735918,3
2,1,96,0.75,identity,3,0.023118765677414017,0.9903631588114029,0.07642718360386747,2
2,1,96,0.75,relu,0,0.277275320239905,0.9615319431479677,0.14969183932581864,3
2,1,96,0.75,relu,2,0.2781800833798222,0.9692524582690787,0.12608469259305938,4
2,1,96,0.75,relu,4,0.5021292146331882,0.9605412163584435,0.25294467611768173,4
2,1,96,1.0,identity,1,0.9125064108564112,0.9965132806207607,0.17411899959964122,1
2,1,96,1.0,identity,3,0.9363226347108164,0.9936830004410641,0.11866580932229023,1
2,1,96,1.0,relu,0,0.5999499899782746,0.9771737974515992,0.09281321168382671,1
2,1,96,1.0,relu,2,0.5361238852103213,0.9715984551470305,0.22865032418794984,1
2,1,96,1.0,relu,4,0.8609376734082258,0.9780450845927569,0.40835847723056096,1
2,2,16,0.0,identity,1,0.02626848859632495,0.4495913965690311,0.15833390680944312,2
2,2,16,0.0,identity,3,0.00923904824385855,0.6257721996528934,0.18318345433322217,2
2,2,16,0.0,relu,0,0.00668568001649678,0.646296893077119,0.04705503214646317,2
2,2,16,0.0,relu,2,0.03654957199066567,0.7099404399587871,0.1520868647133576,3
2,2,16,0.0,relu,4,0.01824636699341513,0.7507728576669873,0.1448288637441995,3
2,2,16,0.25,identity,1,0.003801088799952807,0.9105574306770484,0.09979910657061335,2
2,2,16,0.25,identity,3,0.011221087162275784,0.9449316506429355,0.054465648966318635,2
2,2,16,0.25,relu,0,0.14196721135650775,0.9108252486032792,0.05939433786426762,3
2,2,16,0.25,relu,2,0.052375306798544616,0.9151255236949711,0.12488487734194288,3
2,2,16,0.25,relu,4,0.06980379591850708,0.9361394664003677,0.08270254317488637,3
2,2,16,0.5,identity,1,0.023645178211860674,0.9290674015798522,0.08753788492217364,2
2,2,16,0.5,identity,3,0.04669845782788231,0.9699884468205183,0.05552616670161148,2
2,2,16,0.5,relu,0,0.19776931519027396,0.9266882992656237,0.12450158910536255,3
2,2,16,0.5,relu,2,0.1047608941129002,0.9386013333886725,0.11915067495998427,3
2,2,16,0.5,relu,4,0.21471524953576326,0.9538420631958047,0.1569556322077438,3
2,2,16,0.75,identity,1,0.03614952512456574,0.9708055040937588,0.13528929820780847,2
2,2,16,0.75,identity,3,0.053917493826514964,0.9791678956916636,0.08231883184814855,2
2,2,16,0.75,relu,0,0.3445812581130328,0.9535930078578015,0.20843334028411997,3
2,2,16,0.75,relu,2,0.26944558682494624,0.9597434290604134,0.12342748767928831,3
2,2,16,0.75,relu,4,0.2973402986596002,0.9704831817211722,0.13370006174818272,3
2,2,16,1.0,identity,1,0.8956194913579555,0.9960414979751742,0.13964826833868463,1
2,2,16,1.0,identity,3,0.4790965951646961,0.9962463718527034,0.20372697082361113,1
2,2,16,1.0,relu,0,0.8659080415865726,0.9789734109287528,0.2511273247818697,1
2,2,16,1.0,relu,2,0.4037100220239909,0.9761692830047477,0.07204690557470154,1
2,2,16,1.0,relu,4,0.7146577513365605,0.9835742383961893,0.1611711901998077,1
2,2,32,0.0,identity,1,0.05744546453941402,0.5480237494322462,0.17584880256429233,2
2,2,32,0.0,identity,3,0.010158545638279339,0.7265119988999433,0.08259274729601676,2
2,2,32,0.0,relu,0,0.016847382051940175,0.8213489364105333,0.07057165263212216,3
2,2,32,0.0,relu,2,0.01841519149838614,0.7914785339964711,0.11590280407573017,3
2,2,32,0.0,relu,4,0.024109548469284637,0.7573033370437487,0.10388720222607743,3
2,2,32,0.25,identity,1,0.019047681731442993,0.8968752726843635,0.06777200113240163,2
2,2,32,0.25,identity,3,0.008097152974974911,0.9502384060892278,0.06200286493191498,2
2,2,32,0.25,relu,0,0.06545656600121405,0.9067518909406377,0.07995573703960555,3
2,2,32,0.25,relu,2,0.05457209986471771,0.933064472911871,0.06338470714622642,3
2,2,32,0.25,relu,4,0.050279611565545924,0.9428163384160225,0.09011084992083257,3
2,2,32,0.5,identity,1,0.012677410529425915,0.9340477112107909,0.09570406935805383,2
2,2,32,0.5,identity,3,0.06779275741180359,0.9677697332534444,0.09668245593851592,3
2,2,32,0.5,relu,0,0.15472425868380607,0.9427044965411276,0.09657967166669577,3
2,2,32,0.5,relu,2,0.08402623647317349,0.9460691883814025,0.07301605164782188,3
2,2,32,0.5,relu,4,0.08638761510424411,0.9473141113424262,0.1024411629376117,3
2,2,32,0.75,identity,1,0.0887196996211211,0.9752063404390162,0.1516953600639329,3
2,2,32,0.75,identity,3,0.031949279330242865,0.9813823153005566,0.07319989068463105,2
2,2,32,0.75,relu,0,0.2961039170193487,0.9545771188353136,0.16066548402685144,3
2,2,32,0.75,relu,2,0.29691434621796214,0.9575452751256556,0.16224336152337493,4
2,2,32,0.75,relu,4,0.28361078236129034,0.9631985653926604,0.1222018403919077,3
2,2,32,1.0,identity,1,0.922051051249526,0.9946975678483655,0.14071647467791232,1
2,2,32,1.0,identity,3,0.5985441235524837,0.9958210123724893,0.26265626226760436,1
2,2,32,1.0,relu,0,0.7858688227443094,0.9787653801005028,0.201543088271486,1
2,2,32,1.0,relu,2,0.47512296680382643,0.9674548744673621,0.15864968116783296,1
2,2,32,1.0,relu,4,0.6452085998594463,0.9823064411368815,0.11591065048200357,1
2,2,64,0.0,identity,1,0.018602936826764227,0.6666753132975473,0.08342060105366532,2
2,2,64,0.0,identity,3,0.007444292672977052,0.6770226695942039,0.10604943758682756,2
2,2,64,0.0,relu,0,0.023616339821049263,0.8302796473810413,0.06573596229702595,3
2,2,64,0.0,relu,2,0.015520883761394103,0.8455096350824508,0.06134013495794643,3
2,2,64,0.0,relu,4,0.014564779303049296,0.9000559178486858,0.07628829027846265,3
2,2,64,0.25,identity,1,0.04229192050023696,0.9084465240178407,0.053443014235269995,2
2,2,64,0.25,identity,3,0.013570442153391805,0.9391549720098838,0.05768851380966496,2
2,2,64,0.25,relu,0,0.057032168040528915,0.9214810904490142,0.06126393970914054,3
2,2,64,0.25,relu,2,0.033570110421562736,0.9403403648911396,0.05520493615465045,3
2,2,64,0.25,relu,4,0.043367365506434045,0.9541770781707657,0.09594607809749948,3
2,2,64,0.5,identity,1,0.027049760039512854,0.9419455276801095,0.04268519150409733,2
2,2,64,0.5,identity,3,0.05385113848915112,0.96439070700417,0.0842972301208779,3
2,2,64,0.5,relu,0,0.12650726619762723,0.9404563190328544,0.09886338885757298,3
2,2,64,0.5,relu,2,0.048112558630735214,0.9526302259564019,0.07438757969175235,3
2,2,64,0.5,relu,4,0.10408994209725192,0.9596308085282971,0.0836974605167114,3
2,2,64,0.75,identity,1,0.08344230544481071,0.9643373532451425,0.09927062850261298,3
2,2,64,0.75,identity,3,0.09432007249477985,0.9811780553775071,0.12315421358631207,3
2,2,64,0.75,relu,0,0.24758161855018504,0.9535252071499922,0.15068950133659684,3
2,2,64,0.75,relu,2,0.221749649396726,0.9645150121436754,0.13945520609152104,4
2,2,64,0.75,relu,4,0.26605841613772296,0.9693469763625842,0.08690036419169167,3
2,2,64,1.0,identity,1,0.7505309564729057,0.9987824956155481,0.16936490665576645,1
2,2,64,1.0,identity,3,0.5848842764913087,0.9964065168507377,0.1518820243638081,1
2,2,64,1.0,relu,0,0.834089368861013,0.9829552808431282,0.2958140971309454,1
2,2,64,1.0,relu,2,0.5671694068896751,0.9748139716716558,0.15174940167965106,2
2,2,64,1.0,relu,4,0.6356965486463514,0.9842999528029932,0.1143667047175608,1
2,2,96,0.0,identity,1,0.003297068329705269,0.7421415802269189,0.05335304813031755,2
2,2,96,0.0,identity,3,0.01794328682229061,0.7324708999187938,0.09186589649914535,2
2,2,96,0.0,relu,0,0.010209133765613247,0.817649901018356,0.05186953462810857,3
2,2,96,0.0,relu,2,0.013653554024641395,0.810392226540154,0.07085269525047613,3
2,2,96,0.0,relu,4,0.00960437738935775,0.8803717229336437,0.07210655784105417,3
2,2,96,0.25,identity,1,0.013967866581572033,0.9193671310223651,0.06909008395728958,2
2,2,96,0.25,identity,3,0.010666224402331127,0.950730990106915,0.04158760827983,2
2,2,96,0.25,relu,0,0.04828791701419351,0.9336287484893666,0.06502440533532522,3
2,2,96,0.25,relu,2,0.02777762450605586,0.9451742469808032,0.06782971368957404,4
2,2,96,0.25,relu,4,0.052485753606622845,0.9533031068639729,0.05039286744249263,3
2,2,96,0.5,identity,1,0.05300160831292266,0.9465660658555188,0.10810491113248924,3
2,2,96,0.5,identity,3,0.030627364616200876,0.9700559225930407,0.05107357448787486,2
2,2,96,0.5,relu,0,0.1384709327025263,0.9544555836910242,0.09139866278086083,3
2,2,96,0.5,relu,2,0.05477644766623257,0.9540475953178407,0.09174224353712118,4
2,2,96,0.5,relu,4,0.15630095564259563,0.9610569432366526,0.0674526206397811,3
2,2,96,0.75,identity,1,0.09167851201047984,0.9731870297539289,0.15781536457530257,3
2,2,96,0.75,identity,3,0.03795511216144772,0.9829846388216618,0.042936786527798025,2
2,2,96,0.75,relu,0,0.2596513677755773,0.9637581220827895,0.15829961477587684,3
2,2,96,0.75,relu,2,0.2677057430789645,0.9621626383541102,0.14023486390159717,4
2,2,96,0.75,relu,4,0.2435450406882463,0.9678785523209363,0.08533638796688771,3
2,2,96,1.0,identity,1,0.7489583292453167,0.9982625285712838,0.07048012731701896,1
2,2,96,1.0,identity,3,0.4642955551476899,0.99716991698313,0.15290265320141969,1
2,2,96,1.0,relu,0,0.856800945168913,0.9830235967802111,0.34324512296599385,1
2,2,96,1.0,relu,2,0.522247924062672,0.9754911490648139,0.15575344683657663,2
2,2,96,1.0,relu,4,0.6060767771808541,0.9870684807412228,0.1524057106842825,1
2,32,16,0.0,identity,1,0.009225955761623264,0.63427400108519,0.12912934845228388,2
2,32,16,0.0,identity,3,0.008203996727973723,0.7063469230490194,0.09814932825593102,2
2,32,16,0.0,relu,0,0.24191898413835153,0.7891287685274736,0.5603525888015665,2
2,32,16,0.0,relu,2,0.2043217763135656,0.8342092433240289,0.5026487024342488,2
2,32,16,0.0,relu,4,0.29343538925226714,0.8432383828949981,0.55751141845107,3
2,32,16,0.25,identity,1,0.009849263857543263,0.9068979263117739,0.038799584912993394,2
2,32,16,0.25,identity,3,0.010419349873039174,0.920820702671734,0.04696182067007583,2
2,32,16,0.25,relu,0,0.31303513061040017,0.9160449395715409,0.2756570361705272,2
2,32,16,0.25,relu,2,0.24424639103035922,0.9089344628045614,0.28612521102425076,2
2,32,16,0.25,relu,4,0.2553559900895341,0.943052478681916,0.28389657379169453,3
2,32,16,0.5,identity,1,0.009684000440237648,0.9517560675290964,0.023236269110856533,2
2,32,16,0.5,identity,3,0.012322705475202811,0.9619320237999979,0.029673203806278418,2
2,32,16,0.5,relu,0,0.2760255930184249,0.9510217286969328,0.19649444851486805,3
2,32,16,0.5,relu,2,0.12968546554426197,0.9420415422465431,0.1671746557689338,2
2,32,16,0.5,relu,4,0.252797504121513,0.9599993260387274,0.2203345680926993,3
2,32,16,0.75,identity,1,0.01245538362379689,0.9753150786218642,0.028895247136268693,2
2,32,16,0.75,identity,3,0.023261146026356094,0.9813160001760711,0.02343597295614653,2
2,32,16,0.75,relu,0,0.3922907030824958,0.9701332228100438,0.14074303434225344,2
2,32,16,0.75,relu,2,0.2525572418526673,0.9608081325355472,0.1515562494415691,2
2,32,16,0.75,relu,4,0.2991808326885098,0.9712169291813354,0.16984323855782055,3
2,32,16,1.0,identity,1,0.8786730979328802,0.9944337169785541,0.16456198239478004,1
2,32,16,1.0,identity,3,0.568531327984905,0.995919023181914,0.10607635367333472,1
2,32,16,1.0,relu,0,0.4347665580294111,0.9779615328853046,0.11184560628462269,1
2,32,16,1.0,relu,2,0.5132816635519555,0.9733228943644916,0.2270042885001981,2
2,32,16,1.0,relu,4,0.7480746415018781,0.988125188174478,0.16826464593174534,1
2,32,32,0.0,identity,1,0.0026998334878572793,0.43290495983065896,0.05285518733475822,2
2,32,32,0.0,identity,3,0.002983325477374683,0.5042090984211416,0.05001027144035194,2
2,32,32,0.0,relu,0,0.004505717587185354,0.5628781101848487,0.036104417928009856,2
2,32,32,0.0,relu,2,0.06036438153585106,0.6253214993852031,0.19654491360874093,3
2,32,32,0.0,relu,4,0.023277540402842047,0.6532000495923248,0.15379531714294828,3
2,32,32,0.25,identity,1,0.0036868682206140715,0.832141703058991,0.022048010586615104,2
2,32,32,0.25,identity,3,0.0036945657967240603,0.855733512152236,0.029676967376615803,2
2,32,32,0.25,relu,0,0.005219825020768469,0.8534819381545129,0.014277544465162353,2
2,32,32,0.25,relu,2,0.040871050460556994,0.8368290571729256,0.10615404523979663,3
2,32,32,0.25,relu,4,0.052164761756526415,0.8833407552079702,0.10159721886213756,3
2,32,32,0.5,identity,1,0.005564997849660943,0.9123664701997554,0.036674263876581945,2
2,32,32,0.5,identity,3,0.006188314477334669,0.9130533827467839,0.027311427628586474,2
2,32,32,0.5,relu,0,0.09017240071925141,0.9077664938212902,0.09428454987399404,3
2,32,32,0.5,relu,2,0.06580759825525483,0.8920926073738468,0.10932466351389417,3
2,32,32,0.5,relu,4,0.06783891756755232,0.9271100226920799,0.10922093196910078,3
2,32,32,0.75,identity,1,0.011834358694465358,0.9556585965661221,0.05240004722666898,2
2,32,32,0.75,identity,3,0.00977030127634077,0.9514859073335763,0.0240621205611486,2
2,32,32,0.75,relu,0,0.11914286377986631,0.9422554905828046,0.07917675092239708,3
2,32,32,0.75,relu,2,0.09799405814647325,0.9383411695684749,0.10112319095111066,3
2,32,32,0.75,relu,4,0.09765664448477648,0.9513889590691952,0.08502130286512587,3
2,32,32,1.0,identity,1,0.7385197389215558,0.9981904625537518,0.04638043136274049,1
2,32,32,1.0,identity,3,0.5214605245633501,0.9977807492622006,0.08962040200117996,1
2,32,32,1.0,relu,0,0.43412058281768146,0.9817950520171651,0.07458127936468072,1
2,32,32,1.0,relu,2,0.4799681597173387,0.977402748221161,0.16104628115844652,2
2,32,32,1.0,relu,4,0.8231606451415667,0.9829862731969057,0.21878879874203366,2
2,32,64,0.0,identity,1,0.0030921247776530387,0.6064535240917805,0.038565577310286814,2
2,32,64,0.0,identity,3,0.005101121503464562,0.6615531203691298,0.04472291966943671,2
2,32,64,0.0,relu,0,0.009040716696437875,0.7695661813047342,0.07295853873191419,3
2,32,64,0.0,relu,2,0.015769894498846485,0.7851485911944813,0.053545441771926404,4
2,32,64,0.0,relu,4,0.006203059632710407,0.831500590174994,0.03889857132255015,3
2,32,64,0.25,identity,1,0.0034334583047237873,0.822221827653345,0.02404556789682818,2
2,32,64,0.25,identity,3,0.006268540713654261,0.8588882057013799,0.03508329532746763,2
2,32,64,0.25,relu,0,0.018913593071864604,0.8860607533124177,0.04464255183237901,3
2,32,64,0.25,relu,2,0.017202958624137364,0.88459374772341,0.03754595015753885,3
2,32,64,0.25,relu,4,0.017134862752147092,0.9116204199448852,0.043674563346891376,3
2,32,64,0.5,identity,1,0.0035945916105740517,0.8861652143694317,0.026579812158236005,2
2,32,64,0.5,identity,3,0.008838577814166882,0.903970917853538,0.0344905021722688,2
2,32,64,0.5,relu,0,0.04917922791632039,0.9166719814567473,0.05895406531161287,3
2,32,64,0.5,relu,2,0.046355990336896,0.9127768918446474,0.06692117277493925,4
2,32,64,0.5,relu,4,0.03188599516971495,0.931188650670587,0.04946840207555682,3
2,32,64,0.75,identity,1,0.010982245901460116,0.9280780653604527,0.03258151031024267,2
2,32,64,0.75,identity,3,0.010413559162703746,0.9478417152802442,0.031820500369688316,2
2,32,64,0.75,relu,0,0.08363970822688693,0.9434687115446876,0.06254558265897445,3
2,32,64,0.75,relu,2,0.10542728012350265,0.9409048243723275,0.10931528720486383,4
2,32,64,0.75,relu,4,0.059858997166526456,0.9538025723437838,0.06525188841678099,3
2,32,64,1.0,identity,1,0.8062538063169549,0.9956770105222801,0.10161910552121495,1
2,32,64,1.0,identity,3,0.5639758122319541,0.9966794532008926,0.12182337068065427,1
2,32,64,1.0,relu,0,0.4257201081609482,0.9817603734696193,0.07446751754207766,1
2,32,64,1.0,relu,2,0.372839328115356,0.978648565694106,0.1478004941350358,1
2,32,64,1.0,relu,4,0.7657010454711788,0.9865366704369825,0.16500124937888205,2
2,32,96,0.0,identity,1,0.006971621973560692,0.6167965445893976,0.06083807292038157,3
2,32,96,0.0,identity,3,0.00768850183609696,0.6615125625035769,0.060904735293984893,3
2,32,96,0.0,relu,0,0.005460974919209718,0.800630865795987,0.04724297453174672,3
2,32,96,0.0,relu,2,0.007391507714971431,0.8232163198931743,0.03254797072517906,4
2,32,96,0.0,relu,4,0.010246132235505162,0.8598534677745908,0.03760487886566093,3
2,32,96,0.25,identity,1,0.003033339599363321,0.8269642807484802,0.02272540986408206,2
2,32,96,0.25,identity,3,0.005572981852969004,0.8640875384296653,0.03313144997582692,2
2,32,96,0.25,relu,0,0.015625725849585697,0.900492000716834,0.03347679189445377,3
2,32,96,0.25,relu,2,0.008004859291425484,0.8972567444790197,0.027192011524306173,3
2,32,96,0.25,relu,4,0.010785157794127597,0.9224149754261974,0.029203517701354487,3
2,32,96,0.5,identity,1,0.00405399997067278,0.885619209102969,0.030640714934861264,2
2,32,96,0.5,identity,3,0.008360728806495082,0.9084348495253893,0.03388412949526287,2
2,32,96,0.5,relu,0,0.033086262085878504,0.9240669644518611,0.038614497590238515,3
2,32,96,0.5,relu,2,0.033657587959599514,0.9212680587443718,0.0492109343270168,4
2,32,96,0.5,relu,4,0.02360312758338046,0.9384167125516285,0.04007195422970736,3
2,32,96,0.75,identity,1,0.00952972773623117,0.9397007524038201,0.04194902164493606,2
2,32,96,0.75,identity,3,0.01366641474931697,0.9450407631541164,0.035083733869996636,2
2,32,96,0.75,relu,0,0.07763634408403154,0.9473813897125418,0.059711832797228616,3
2,32,96,0.75,relu,2,0.08761271999126789,0.9492202034189335,0.07670670325122589,4
2,32,96,0.75,relu,4,0.12452541817328315,0.958753860890662,0.09830336226526254,4
2,32,96,1.0,identity,1,0.7473505790261716,0.9973265356296479,0.06631067394532165,1
2,32,96,1.0,identity,3,0.4402910934412857,0.9952186844223687,0.09696829995846595,1
2,32,96,1.0,relu,0,0.3612414898880629,0.9805756341327924,0.0694941553447042,1
2,32,96,1.0,relu,2,0.48191087473060296,0.9771716971909384,0.1832470205170219,2
2,32,96,1.0,relu,4,0.7743216702947865,0.9865801509651126,0.18714991776915688,2
2,4,16,0.0,identity,1,0.01725668632426509,0.37814275856064516,0.25749074124472604,2
2,4,16,0.0,identity,3,0.013552670545545428,0.42373067231013706,0.1931761413049596,2
2,4,16,0.0,relu,0,0.00938042956907222,0.726593637853028,0.0440757323424834,2
2,4,16,0.0,relu,2,0.05427121731745578,0.7528690438140675,0.2654152158964717,3
2,4,16,0.0,relu,4,0.02711184280488082,0.7975664015377815,0.13727393823509168,3
2,4,16,0.25,identity,1,0.016417651490259342,0.9159976027194033,0.053367531088398805,2
2,4,16,0.25,identity,3,0.014522219699680722,0.9285425205413149,0.05677543898902506,2
2,4,16,0.25,relu,0,0.014765148681831096,0.8985445351899474,0.04021536771164496,2
2,4,16,0.25,relu,2,0.05705769588483469,0.8937266389486683,0.10797688885721375,3
2,4,16,0.25,relu,4,0.08878568367594626,0.9263735227461632,0.09034271324290419,3
2,4,16,0.5,identity,1,0.010746536238538598,0.9611455510876056,0.07816429281650566,2
2,4,16,0.5,identity,3,0.006790401693652857,0.9600437083065549,0.06039080436794429,2
2,4,16,0.5,relu,0,0.11875964364568563,0.9216485589992534,0.08410053360498873,3
2,4,16,0.5,relu,2,0.11700866760219984,0.9294764603782102,0.18211664227421853,3
2,4,16,0.5,relu,4,0.11674811317503998,0.9574451587556669,0.12469886874598628,3
2,4,16,0.75,identity,1,0.016467077306600863,0.9823920204578369,0.06886103930567282,2
2,4,16,0.75,identity,3,0.011181454900025664,0.9798750414686175,0.0365537771001712,2
2,4,16,0.75,relu,0,0.26171365422555715,0.9553778748999191,0.11423391112019024,3
2,4,16,0.75,relu,2,0.2388904795415561,0.9604840820006532,0.2623230115024311,2
2,4,16,0.75,relu,4,0.23913108656899834,0.9721215068391699,0.15735000918622563,3
2,4,16,1.0,identity,1,0.8290922431084594,0.9978615357688794,0.4419787396235689,1
2,4,16,1.0,identity,3,0.31097498862499706,0.9960111744794123,0.057916436241490246,1
2,4,16,1.0,relu,0,0.7117057984524794,0.9773928479164452,0.2241851262817909,1
2,4,16,1.0,relu,2,0.9486406110472019,0.989449416146134,0.7900039560491098,1
2,4,16,1.0,relu,4,0.6636123612858227,0.9859498261423904,0.34028809157624895,1
2,4,32,0.0,identity,1,0.012579778455747875,0.5125746566031983,0.1960231605596719,2
2,4,32,0.0,identity,3,0.02112352332832767,0.5520820224935804,0.13938950767342645,2
2,4,32,0.0,relu,0,0.008623957698665932,0.7471176279890808,0.031338113449801676,2
2,4,32,0.0,relu,2,0.03003769488830318,0.8139435254392554,0.1014583233461063,3
2,4,32,0.0,relu,4,0.009194161078044414,0.7783320563049064,0.07934752109579125,3
2,4,32,0.25,identity,1,0.011535410233062518,0.9175126090374027,0.043557075096745744,2
2,4,32,0.25,identity,3,0.008156393107587494,0.9264144931468662,0.05434248347371432,2
2,4,32,0.25,relu,0,0.05032555164054796,0.9073998857900982,0.038320985202724145,3
2,4,32,0.25,relu,2,0.0491063522083685,0.9085166426509367,0.08383643826515703,3
2,4,32,0.25,relu,4,0.027720295001450176,0.9236213499373435,0.05379054108688258,3
2,4,32,0.5,identity,1,0.015469589090571844,0.9528437028757439,0.11066292027808247,2
2,4,32,0.5,identity,3,0.009155457360548572,0.9583723914078258,0.04669253584268325,2
2,4,32,0.5,relu,0,0.11041321695870937,0.9274880484490728,0.06794886686398494,3
2,4,32,0.5,relu,2,0.09297382553871991,0.9296892277184706,0.12314195690007138,3
2,4,32,0.5,relu,4,0.06901598645300452,0.9513785708734893,0.08354144703859036,3
2,4,32,0.75,identity,1,0.04597345145438742,0.9799926785211844,0.23514331485208922,2
2,4,32,0.75,identity,3,0.0189957387435993,0.9763082224490556,0.04570766658245454,2
2,4,32,0.75,relu,0,0.18130436913991432,0.9523883172813146,0.10444404266380466,3
2,4,32,0.75,relu,2,0.20882280063095082,0.9560685360327887,0.2866817904689331,2
2,4,32,0.75,relu,4,0.19157310457048232,0.9679515518051417,0.20151627330750255,3
2,4,32,1.0,identity,1,0.47342728329632383,0.9984084922083222,0.11496164688520845,1
2,4,32,1.0,identity,3,0.35895662156473856,0.9982076252541804,0.2094139501767506,1
2,4,32,1.0,relu,0,0.7491861298872005,0.979533106955857,0.18890219286048585,2
2,4,32,1.0,relu,2,0.9224665695492362,0.9895183911624796,0.5163710945779483,1
2,4,32,1.0,relu,4,0.8620809297997848,0.9855551403304854,0.41971985904252274,2
2,4,64,0.0,identity,1,0.01744659087760387,0.5725064695137663,0.13444310622732808,2
2,4,64,0.0,identity,3,0.01626641727988416,0.620093383897731,0.11574929188547187,2
2,4,64,0.0,relu,0,0.015866830456494976,0.827777605815997,0.04568670704607036,3
2,4,64,0.0,relu,2,0.04045172825071311,0.8470484081594433,0.12213556760116531,4
2,4,64,0.0,relu,4,0.020286713228657646,0.8565605036169325,0.06853970116094524,4
2,4,64,0.25,identity,1,0.012295098600813048,0.9212516260982404,0.051366897054110766,2
2,4,64,0.25,identity,3,0.023652954116506145,0.9306795011505007,0.05995218488169627,3
2,4,64,0.25,relu,0,0.041552129080558366,0.9147749411105982,0.036645865156396784,3
2,4,64,0.25,relu,2,0.032955930452067246,0.9198203436292819,0.0784346504590623,4
2,4,64,0.25,relu,4,0.010553020347745868,0.9401649668197053,0.04033184097569425,3
2,4,64,0.5,identity,1,0.019411293213430426,0.9526682144173462,0.1327032323896324,2
2,4,64,0.5,identity,3,0.00834256600179347,0.9579917605623699,0.04333322207648753,2
2,4,64,0.5,relu,0,0.09944480539128144,0.9264820507879837,0.055502848963622266,3
2,4,64,0.5,relu,2,0.07600409817088627,0.933048613503823,0.14755005823188214,4
2,4,64,0.5,relu,4,0.05838023639000672,0.9537025203513873,0.08046566601975408,3
2,4,64,0.75,identity,1,0.1068405760595623,0.971898414040259,0.29082596616269824,3
2,4,64,0.75,identity,3,0.09248575704735244,0.9760477288098947,0.07266565548702886,3
2,4,64,0.75,relu,0,0.21975230613974037,0.957201445374579,0.14519077745464049,3
2,4,64,0.75,relu,2,0.16798281535604778,0.9592791182260471,0.2510558975498317,3
2,4,64,0.75,relu,4,0.22456382847597847,0.9686742897171803,0.15179330923742831,3
2,4,64,1.0,identity,1,0.8795875071571754,0.9960315508574065,0.11274910651749655,1
2,4,64,1.0,identity,3,0.684788520940234,0.9954232853817165,0.10548045450236063,1
2,4,64,1.0,relu,0,0.6540547219820044,0.9771294860038655,0.1415788127049527,1
2,4,64,1.0,relu,2,0.8983230169888344,0.9904278722129551,0.4474443772714921,1
2,4,64,1.0,relu,4,0.656569905693748,0.9848420408965807,0.27525228145370206,1
2,4,96,0.0,identity,1,0.011070171428268764,0.655972799471151,0.0917321415895993,2
2,4,96,0.0,identity,3,0.008514953759564218,0.7331801638997968,0.10660817248694218,3
2,4,96,0.0,relu,0,0.01073035985357328,0.8310953498557118,0.05638644139482227,3
2,4,96,0.0,relu,2,0.031994799327547195,0.8640800715999659,0.09522562178269026,4
2,4,96,0.0,relu,4,0.007938165251681088,0.8934993194107552,0.048058936216427775,3
2,4,96,0.25,identity,1,0.007676229391077361,0.920273979633861,0.055290493275712095,2
2,4,96,0.25,identity,3,0.010933635597571186,0.9359190477940356,0.04918950592240336,2
2,4,96,0.25,relu,0,0.035927763981483556,0.9231494421740714,0.0405622924520577,3
2,4,96,0.25,relu,2,0.037562720895700154,0.9238462296242037,0.0786905413660431,4
2,4,96,0.25,relu,4,0.030720254240685706,0.9495078539136099,0.05917377543178509,4
2,4,96,0.5,identity,1,0.049026326022043626,0.9578031065562473,0.17632868942824567,3
2,4,96,0.5,identity,3,0.006495142441909517,0.9578774787491705,0.0462646213405914,2
2,4,96,0.5,relu,0,0.09498040872534674,0.9401495188695841,0.08010085012617486,3
2,4,96,0.5,relu,2,0.07934617443671675,0.9411030888573813,0.10993183661514216,4
2,4,96,0.5,relu,4,0.08224438677186964,0.955905032124435,0.08503350133635271,3
2,4,96,0.75,identity,1,0.0643389098702149,0.9796765226706029,0.28314639001961994,2
2,4,96,0.75,identity,3,0.01264741199328689,0.9790380321468055,0.04919213365076074,2
2,4,96,0.75,relu,0,0.21608943284200355,0.9574679570914476,0.12749830594752726,3
2,4,96,0.75,relu,2,0.21114041668526548,0.9633093484382727,0.25015231054863823,3
2,4,96,0.75,relu,4,0.19959398318773597,0.9675382491642294,0.18363649524234285,3
2,4,96,1.0,identity,1,0.8332882094532683,0.9941276216527241,0.20070108461412242,1
2,4,96,1.0,identity,3,0.5490585216905461,0.9955753239971429,0.08815585725793723,1
2,4,96,1.0,relu,0,0.7200303365205818,0.9769911437778435,0.23377614099133698,1
2,4,96,1.0,relu,2,0.9093807248358032,0.990565192994581,0.5411514276205142,1
2,4,96,1.0,relu,4,0.6268472639935073,0.9885077688141283,0.3225614562064818,1
2,8,16,0.0,identity,1,0.006878181146112053,0.37437525898363316,0.176223533551213,2
2,8,16,0.0,identity,3,0.003942288851537973,0.39009498414248023,0.17850154408639665,2
2,8,16,0.0,relu,0,0.0067225099331611905,0.6928410770479296,0.03827369192177787,2
2,8,16,0.0,relu,2,0.043283462702363204,0.7382390603325194,0.19630613602941904,3
2,8,16,0.0,relu,4,0.024260503601825037,0.7839270793623362,0.19195900863750925,3
2,8,16,0.25,identity,1,0.007211202424206632,0.8931244625956657,0.027770118955829887,2
2,8,16,0.25,identity,3,0.011641960344121426,0.9054969404210267,0.03809425989625362,2
2,8,16,0.25,relu,0,0.029829296871267116,0.9097582686301183,0.0446288278828668,2
2,8,16,0.25,relu,2,0.06693943153131007,0.9008584570592956,0.1468623787427739,3
2,8,16,0.25,relu,4,0.041832672046364844,0.9035926896783214,0.07912066567736187,3
2,8,16,0.5,identity,1,0.00446180600179818,0.9306935822824873,0.034152334157802736,2
2,8,16,0.5,identity,3,0.004352578569612173,0.946594985485168,0.05024312075940565,2
2,8,16,0.5,relu,0,0.14919573782585394,0.9392026717885343,0.13296462999606012,3
2,8,16,0.5,relu,2,0.12464094069701037,0.9346680831163304,0.11557568762255789,3
2,8,16,0.5,relu,4,0.1001678886580985,0.9398516820879008,0.15194502664428486,3
2,8,16,0.75,identity,1,0.006951717518270627,0.9708546714532372,0.03276470150620108,2
2,8,16,0.75,identity,3,0.0062437809393459665,0.9764088952424723,0.03376627041023772,2
2,8,16,0.75,relu,0,0.27926419344972003,0.9591602201507289,0.15779853371915842,3
2,8,16,0.75,relu,2,0.31278797001329406,0.9614740178084851,0.14922509402171819,2
2,8,16,0.75,relu,4,0.2129077658381973,0.9616929339592768,0.1767821334109461,3
2,8,16,1.0,identity,1,0.838524493099387,0.9929387803450735,0.11587949268826861,1
2,8,16,1.0,identity,3,0.9226093338647658,0.9969690754640145,0.06934922485637547,1
2,8,16,1.0,relu,0,0.7580924822750783,0.9784764206082722,0.14444757278286252,2
2,8,16,1.0,relu,2,0.6177777056658986,0.9781108044019816,0.14852641175877895,1
2,8,16,1.0,relu,4,0.7939609078878748,0.9841501136328931,0.3368481068560942,1
2,8,32,0.0,identity,1,0.017531109643699465,0.4561542606847684,0.10638268162727142,2
2,8,32,0.0,identity,3,0.011217449983034767,0.5184383148146655,0.1510573488214058,2
2,8,32,0.0,relu,0,0.006385206343153808,0.7570306722998781,0.02379759707726647,2
2,8,32,0.0,relu,2,0.0159957363026122,0.7683653801259273,0.05830120113665222,3
2,8,32,0.0,relu,4,0.006607342071221736,0.7874878853105741,0.0756608056041117,3
2,8,32,0.25,identity,1,0.008104605862904202,0.8894718659995372,0.028570070860757635,2
2,8,32,0.25,identity,3,0.007516218551912776,0.8801448347269811,0.0540985012581409,2
2,8,32,0.25,relu,0,0.031044673950976202,0.8992498579992827,0.04666175625570911,3
2,8,32,0.25,relu,2,0.04057444348697922,0.8985876616505055,0.07181017885574185,3
2,8,32,0.25,relu,4,0.01990881629150135,0.9001419192622109,0.06536299041827905,3
2,8,32,0.5,identity,1,0.012006905133523557,0.9336808673483646,0.045071929301542614,2
2,8,32,0.5,identity,3,0.009028038436803274,0.9347046132729838,0.04460686204527088,2
2,8,32,0.5,relu,0,0.0909043991516364,0.9305448745725391,0.06545532076128736,3
2,8,32,0.5,relu,2,0.08826611592590317,0.927113307017207,0.1032100419426787,3
2,8,32,0.5,relu,4,0.055612997915786284,0.929130653236389,0.09155459202851086,3
2,8,32,0.75,identity,1,0.08626801671030536,0.9594314286503022,0.08530904444910638,3
2,8,32,0.75,identity,3,0.09877783635021359,0.9737554057502821,0.19928977925578956,3
2,8,32,0.75,relu,0,0.13775781328226555,0.9515967650638417,0.07751554400589093,3
2,8,32,0.75,relu,2,0.15017452614431656,0.9435110495109829,0.10496301983009472,3
2,8,32,0.75,relu,4,0.15372786592526924,0.9543151445263902,0.13717620368575406,3
2,8,32,1.0,identity,1,0.8166463588241629,0.9966844012841907,0.07959068169850457,1
2,8,32,1.0,identity,3,0.9684235731760629,0.9935257911182903,0.11735428532428094,1
2,8,32,1.0,relu,0,0.6323196177280535,0.982210074059806,0.15233667656140754,2
2,8,32,1.0,relu,2,0.6446161238391601,0.9791045187418754,0.12154782285440928,1
2,8,32,1.0,relu,4,0.7348843590125703,0.9836619306695709,0.268910337343296,1
2,8,64,0.0,identity,1,0.007432948920125111,0.5451697833354252,0.0980791275424698,2
2,8,64,0.0,identity,3,0.007417026722581101,0.5491204836489282,0.11607055071505888,2
2,8,64,0.0,relu,0,0.008047800686077465,0.79446246025442,0.049067869792858335,3
2,8,64,0.0,relu,2,0.012533011440642451,0.8262682514917261,0.04526439919035865,3
2,8,64,0.0,relu,4,0.006016214393754826,0.8337699651942726,0.0416573357209138,3
2,8,64,0.25,identity,1,0.005478029855939349,0.8837586319293691,0.028929599870284605,2
2,8,64,0.25,identity,3,0.0073145909615397586,0.893163385644005,0.0503463750458758,2
2,8,64,0.25,relu,0,0.028074925719962656,0.9118328162706929,0.04516414552046833,3
2,8,64,0.25,relu,2,0.03956621891221811,0.9206162857441919,0.07181261485777454,4
2,8,64,0.25,relu,4,0.011826707454737746,0.9157348417727156,0.03671985209983314,3
2,8,64,0.5,identity,1,0.007010718153613173,0.9302064959527414,0.03143037326275371,2
2,8,64,0.5,identity,3,0.0038403610680767023,0.9389064432808006,0.034776584701284065,2
2,8,64,0.5,relu,0,0.07358323013836937,0.9323656903478801,0.06414874789274677,3
2,8,64,0.5,relu,2,0.0704062404485076,0.9394391121314257,0.06371779051601598,3
2,8,64,0.5,relu,4,0.05506526704539311,0.9363346836181756,0.08954428101795989,3
2,8,64,0.75,identity,1,0.012602905931678142,0.9625049143300974,0.03074426342711736,2
2,8,64,0.75,identity,3,0.018684454225400805,0.9760708841229482,0.028945161188094613,2
2,8,64,0.75,relu,0,0.17231462748000498,0.9531956207007005,0.09948725002031145,3
2,8,64,0.75,relu,2,0.18899378435768643,0.9505115790773908,0.12222509124471222,3
2,8,64,0.75,relu,4,0.1646580019502184,0.9532792027735086,0.12370584982733125,3
2,8,64,1.0,identity,1,0.8234646196390022,0.9958201532366535,0.1334683771968044,1
2,8,64,1.0,identity,3,0.9434434637503383,0.9956359201241385,0.08075050028977221,1
2,8,64,1.0,relu,0,0.6730974520370165,0.9825558271821991,0.12182237938647225,2
2,8,64,1.0,relu,2,0.5858117989176991,0.9792702302381521,0.13250340579598413,1
2,8,64,1.0,relu,4,0.7377061097277445,0.9866817679913,0.24616430481121485,1
2,8,96,0.0,identity,1,0.006349170597901103,0.6060274699019746,0.06696607409096407,2
2,8,96,0.0,identity,3,0.007170075906842724,0.6513911613060193,0.07754849747488053,2
2,8,96,0.0,relu,0,0.007865259258882882,0.8541825477645686,0.03658729796720556,3
2,8,96,0.0,relu,2,0.012278515991851981,0.8503117536467686,0.053247552485671666,4
2,8,96,0.0,relu,4,0.013438416902470598,0.8616749570025196,0.0677907677541066,4
2,8,96,0.25,identity,1,0.005143143584143369,0.8915461147537622,0.03863473312802408,2
2,8,96,0.25,identity,3,0.00479731538651101,0.8877693528111821,0.057616723573624136,2
2,8,96,0.25,relu,0,0.022295332143431427,0.9225972361010167,0.05261632559414121,3
2,8,96,0.25,relu,2,0.035670672849693406,0.9226166189552883,0.08079269071147839,4
2,8,96,0.25,relu,4,0.01436521682469567,0.9257059626598303,0.036901652812336184,3
2,8,96,0.5,identity,1,0.0069313652591708255,0.9343717387268518,0.03492576364203006,2
2,8,96,0.5,identity,3,0.0028679828496260625,0.9387965575154714,0.03742270498198084,2
2,8,96,0.5,relu,0,0.08411934930628635,0.9460461537193728,0.08706592094471075,3
2,8,96,0.5,relu,2,0.07951950804101679,0.9416915952942239,0.07611648171333704,4
2,8,96,0.5,relu,4,0.042632826972908405,0.9394901615824999,0.06891430870456762,4
2,8,96,0.75,identity,1,0.013553055550903137,0.9683463102419673,0.03982806702322626,2
2,8,96,0.75,identity,3,0.017056747468636863,0.9684447910077688,0.040267762410928234,2
2,8,96,0.75,relu,0,0.17916658624684256,0.957475542873112,0.1400131497638546,4
2,8,96,0.75,relu,2,0.17053821764809565,0.9542307970375536,0.11512258366383489,3
2,8,96,0.75,relu,4,0.15671232440837785,0.9598063507292902,0.14395575927782886,3
2,8,96,1.0,identity,1,0.775504911436194,0.9959370168293513,0.182559029467027,1
2,8,96,1.0,identity,3,0.9318352619655503,0.9927090547988185,0.11559142127248598,1
2,8,96,1.0,relu,0,0.6601304995670095,0.9800916808323822,0.1380139873576713,2
2,8,96,1.0,relu,2,0.670206995796242,0.978785298948648,0.1683721020283569,1
2,8,96,1.0,relu,4,0.7471128751710725,0.9847376654763591,0.2701098864095247,1
4,16,16,0.0,identity,1,0.004892263726919647,0.4600578488804848,0.19134388236126026,3
4,16,16,0.0,identity,3,0.006542549304955349,0.5035896422853032,0.15722802702400007,3
4,16,16,0.0,relu,0,0.14478362234676967,0.7871251583115572,0.6527954762632027,3
4,16,16,0.0,relu,2,0.200794987330202,0.812447026409239,0.6146028709595703,3
4,16,16,0.0,relu,4,0.047859785736415375,0.7750205272774834,0.2280303792181364,3
4,16,16,0.25,identity,1,0.006697868086524998,0.8915203865386084,0.041581718333974345,3
4,16,16,0.25,identity,3,0.008775300175722473,0.9081974710434256,0.035840963492495576,3
4,16,16,0.25,relu,0,0.10433866199464548,0.9188993091840811,0.15805536536473935,3
4,16,16,0.25,relu,2,0.19819389129141451,0.9221882019671195,0.29848912493126595,3
4,16,16,0.25,relu,4,0.16025751165809615,0.9167864336138513,0.1984044349319795,4
4,16,16,0.5,identity,1,0.00853853166086783,0.9544215011396359,0.026199670654839677,3
4,16,16,0.5,identity,3,0.011380034179409665,0.9640796116594444,0.021122346970646754,3
4,16,16,0.5,relu,0,0.25169426430081765,0.9602872360748878,0.22685314834909032,3
4,16,16,0.5,relu,2,0.2259900520030024,0.9604156301823834,0.17362052408869882,3
4,16,16,0.5,relu,4,0.2705727011813285,0.9622612312573698,0.1932856790018306,4
4,16,16,0.75,identity,1,0.017429753750150788,0.9780593155357301,0.04360655655409164,3
4,16,16,0.75,identity,3,0.013686946087911503,0.9815062004283592,0.01805979661331678,3
4,16,16,0.75,relu,0,0.29846657393915793,0.9736272642181435,0.1837879310140207,3
4,16,16,0.75,relu,2,0.2305983249466387,0.9742983449195771,0.1512609510894494,2
4,16,16,0.75,relu,4,0.36455499998892416,0.9710549011725552,0.15625001500008617,3
4,16,16,1.0,identity,1,0.5631895985607629,0.9938126605163882,0.053624867003936046,1
4,16,16,1.0,identity,3,0.5409535723312956,0.9945489376671495,0.11532140694284926,2
4,16,16,1.0,relu,0,0.4602681386509177,0.9863635959732192,0.06686833810680103,1
4,16,16,1.0,relu,2,0.4530665164785473,0.9874408136660783,0.07487029548397385,1
4,16,16,1.0,relu,4,0.5438447435140497,0.9847142266100853,0.10277683710849267,2
4,16,32,0.0,identity,1,0.005860093982765573,0.3898424836554878,0.13526719616418376,4
4,16,32,0.0,identity,3,0.00499487296051242,0.47446653811995076,0.11908113908202418,4
4,16,32,0.0,relu,0,0.009517630570534615,0.7624171013671238,0.050801169208255864,4
4,16,32,0.0,relu,2,0.008682394610691329,0.7872168607871137,0.04546691752143807,4
4,16,32,0.0,relu,4,0.008007942277273725,0.7944793567559256,0.07070260947377066,4
4,16,32,0.25,identity,1,0.005102595100762906,0.8709651496138647,0.030010433962379696,4
4,16,32,0.25,identity,3,0.005480678442507572,0.8842650339162964,0.03431673561527938,4
4,16,32,0.25,relu,0,0.01259562725657031,0.9113844358302,0.03830603362055779,4
4,16,32,0.25,relu,2,0.014437303228537557,0.9193385551318625,0.05037975716466192,4
4,16,32,0.25,relu,4,0.017372078280800875,0.9167087206834538,0.044494919403528156,4
4,16,32,0.5,identity,1,0.005536347710038033,0.922231501318383,0.024392157793544828,4
4,16,32,0.5,identity,3,0.007214297051076883,0.9351108431445088,0.027408834688219,4
4,16,32,0.5,relu,0,0.04399818145224349,0.9468878218579272,0.05897660948449968,4
4,16,32,0.5,relu,2,0.032840753169382605,0.9445988770983906,0.05397474325009886,4
4,16,32,0.5,relu,4,0.04937879461872893,0.9483715577085029,0.06882228709940079,4
4,16,32,0.75,identity,1,0.014210542087369583,0.9607661013863547,0.03888301163549606,4
4,16,32,0.75,identity,3,0.01050203735526752,0.9644253570053309,0.027762248472635323,4
4,16,32,0.75,relu,0,0.10218197333541751,0.9639132113432107,0.06372050915449623,4
4,16,32,0.75,relu,2,0.08900616668982769,0.9659566775710409,0.060675755963286476,3
4,16,32,0.75,relu,4,0.1391444549689441,0.9633782940572719,0.09780674944566184,5
4,16,32,1.0,identity,1,0.4864374163628243,0.9964677706857008,0.15347686503990787,2
4,16,32,1.0,identity,3,0.539301535287496,0.9946485746712103,0.19016765030416524,2
4,16,32,1.0,relu,0,0.35187673064503655,0.9838651043247559,0.08368152751289136,1
4,16,32,1.0,relu,2,0.47728950362518086,0.9880821989314577,0.09358951199656028,2
4,16,32,1.0,relu,4,0.49991549963051285,0.9863919565471764,0.09135640806777641,2
4,16,64,0.0,identity,1,0.007625174580391896,0.5481351567612657,0.10863980564212986,4
4,16,64,0.0,identity,3,0.007178570995754105,0.5527692825046965,0.11266488468545979,4
4,16,64,0.0,relu,0,0.010611750750935194,0.8298788687976466,0.051136697441753295,5
4,16,64,0.0,relu,2,0.009765987199601289,0.8237029274362386,0.05483438086094709,5
4,16,64,0.0,relu,4,0.01076375413723315,0.8092616926680343,0.05613336010915918,6
4,16,64,0.25,identity,1,0.006852425657630098,0.8797472476566226,0.04720390550703076,4
4,16,64,0.25,identity,3,0.005118198210660408,0.8895059115081821,0.03898475619975697,4
4,16,64,0.25,relu,0,0.01761147436752899,0.9292888379869233,0.03812785552538652,5
4,16,64,0.25,relu,2,0.01260092369174794,0.9227907432095184,0.03964147686106558,5
4,16,64,0.25,relu,4,0.02226080234528276,0.9311613116152558,0.037279330273622124,5
4,16,64,0.5,identity,1,0.008099471596573633,0.9289029459199782,0.036119020085373425,4
4,16,64,0.5,identity,3,0.007372990701109658,0.9351352052274036,0.03129851069267208,4
4,16,64,0.5,relu,0,0.0428817487997212,0.9484466235209861,0.04635882122382017,5
4,16,64,0.5,relu,2,0.03730954417425668,0.9495947315935959,0.04468603076789477,5
4,16,64,0.5,relu,4,0.0501756924399339,0.9525777021982473,0.04649795900116089,5
4,16,64,0.75,identity,1,0.016923750097765006,0.9661073782457613,0.04572524308934603,4
4,16,64,0.75,identity,3,0.01618344479077782,0.9639437327829526,0.03619604279606336,4
4,16,64,0.75,relu,0,0.08381931380137345,0.9662991474721543,0.05868578331517107,4
4,16,64,0.75,relu,2,0.07769687640666353,0.9663064494409557,0.054878986050868835,5
4,16,64,0.75,relu,4,0.10066019749609458,0.9656971313751147,0.059062528198050496,5
4,16,64,1.0,identity,1,0.5587840035030074,0.9943232358975587,0.08209240413274133,2
4,16,64,1.0,identity,3,0.48941581699411996,0.9940406319772005,0.15452093386638835,2
4,16,64,1.0,relu,0,0.45808725360826125,0.984350015426338,0.09091805196126156,2
4,16,64,1.0,relu,2,0.4542843836855258,0.9861731387339803,0.07266500851673602,2
4,16,64,1.0,relu,4,0.43798861802169725,0.9856315247733002,0.06521102751609702,2
4,16,96,0.0,identity,1,0.005803454592441687,0.5168073126077559,0.10137967197263123,4
4,16,96,0.0,identity,3,0.007427195553870944,0.598945605243384,0.08334559834904422,4
4,16,96,0.0,relu,0,0.007811979006138383,0.8547734633482689,0.041984910432999525,5
4,16,96,0.0,relu,2,0.006793854283019264,0.8439547022080724,0.04888038312165279,5
4,16,96,0.0,relu,4,0.005940458009212113,0.8713775841915373,0.03575570002574261,5
4,16,96,0.25,identity,1,0.007640477102017266,0.8826677887276871,0.03820384853357622,4
4,16,96,0.25,identity,3,0.007775933189603765,0.8947521215208972,0.03249079905887608,4
4,16,96,0.25,relu,0,0.015563828557237293,0.9350838245155102,0.02997423548405931,5
4,16,96,0.25,relu,2,0.012673486131541558,0.931429139304301,0.03257659696828942,5
4,16,96,0.25,relu,4,0.01275786359769925,0.9374682579471484,0.030018193958274767,5
4,16,96,0.5,identity,1,0.010286025852300233,0.9249545642139929,0.026515329750360073,4
4,16,96,0.5,identity,3,0.009351746079073906,0.9351431817755179,0.03522446112587745,4
4,16,96,0.5,relu,0,0.03887930817930992,0.9547873554060361,0.03950157287522428,5
4,16,96,0.5,relu,2,0.03095988641766633,0.9522747392528048,0.04004819407366821,5
4,16,96,0.5,relu,4,0.036311124907608586,0.9556244604857946,0.03962395050149689,5
4,16,96,0.75,identity,1,0.014897556614086094,0.9670769528360925,0.06500590358314817,4
4,16,96,0.75,identity,3,0.01417154185233971,0.9619368049336884,0.0320823620956306,4
4,16,96,0.75,relu,0,0.0849931896239144,0.9691631937691223,0.06210884272185203,5
4,16,96,0.75,relu,2,0.06925832554498929,0.9691088878193295,0.049805613866267105,5
4,16,96,0.75,relu,4,0.09460531596155433,0.9684694063335006,0.05473775280915259,5
4,16,96,1.0,identity,1,0.607691083424763,0.9938612942455879,0.09034567954324145,2
4,16,96,1.0,identity,3,0.5590715177875142,0.9938445950375115,0.07734918841236535,2
4,16,96,1.0,relu,0,0.36163786976541035,0.9856509713969858,0.08180696046375405,2
4,16,96,1.0,relu,2,0.42113755375809653,0.98733834544103,0.07357875709230328,2
4,16,96,1.0,relu,4,0.4228172902971214,0.9844513751063625,0.09271782834947939,2
4,1,16,0.0,identity,1,0.038064028854515916,0.5089056837428786,0.2200815161470538,3
4,1,16,0.0,identity,3,0.06570612445123397,0.5848323488189133,0.15332369806038662,3
4,1,16,0.0,relu,0,0.08753533794839617,0.7908090105331161,0.2748077677532547,5
4,1,16,0.0,relu,2,0.019934581900871256,0.5727006506625663,0.2680717576761929,5
4,1,16,0.0,relu,4,0.09159981320915268,0.6794903338964866,0.24771081649067644,5
4,1,16,0.25,identity,1,0.09540149474206475,0.9164126190914712,0.08376255494202763,4
4,1,16,0.25,identity,3,0.04624916889550941,0.9112185863039494,0.14310732990315925,4
4,1,16,0.25,relu,0,0.17812322360763602,0.9336290185542558,0.14196605186515934,4
4,1,16,0.25,relu,2,0.10932952661417769,0.9247697466874126,0.15644720501959333,3
4,1,16,0.25,relu,4,0.16804235434567688,0.9418276695913421,0.12023165913420486,5
4,1,16,0.5,identity,1,0.056472190413153024,0.9403333132000432,0.1570850886581395,4
4,1,16,0.5,identity,3,0.08247138381522262,0.9508935282268758,0.19063937421266977,4
4,1,16,0.5,relu,0,0.26924628680919227,0.9476357964120019,0.1250251176926589,4
4,1,16,0.5,relu,2,0.48185290161715066,0.9565955591575588,0.28604575176325686,4
4,1,16,0.5,relu,4,0.12650391009398693,0.9524457976049436,0.10292285322669105,4
4,1,16,0.75,identity,1,0.049199377183638315,0.9751421407694463,0.06208775907310168,4
4,1,16,0.75,identity,3,0.2308221860592599,0.9759420828705149,0.18073052728828473,4
4,1,16,0.75,relu,0,0.3811692297401753,0.9518316279550268,0.2313782179320672,5
4,1,16,0.75,relu,2,0.5997633805467469,0.9682524374958901,0.3987517939691563,4
4,1,16,0.75,relu,4,0.45323831091001826,0.9693108875612707,0.2057525697703246,4
4,1,16,1.0,identity,1,0.8358734143974348,0.9936963121624739,0.13329537370117545,1
4,1,16,1.0,identity,3,0.7584474676552657,0.9913416243296234,0.1724821801088285,1
4,1,16,1.0,relu,0,0.6359977879914945,0.9691389125188682,0.08314436019290447,1
4,1,16,1.0,relu,2,0.9245669134239595,0.9722840077052962,0.2563752501172608,1
4,1,16,1.0,relu,4,0.9212946947829158,0.9774434252101812,0.1645013130463321,1
4,1,32,0.0,identity,1,0.07614644867185792,0.6624384364613649,0.19144315223057248,4
4,1,32,0.0,identity,3,0.029648242775112216,0.679974558040293,0.16485273269799752,4
4,1,32,0.0,relu,0,0.03956046012845343,0.8349715485450137,0.1379038481047204,5
4,1,32,0.0,relu,2,0.08736365396229247,0.7757637220813741,0.212482597958908,5
4,1,32,0.0,relu,4,0.021346301405109916,0.7098314394884949,0.11455281912800369,5
4,1,32,0.25,identity,1,0.02825491159941662,0.9229128780694293,0.07875576078435323,4
4,1,32,0.25,identity,3,0.011127748134056337,0.9152703168805211,0.11245845854052977,4
4,1,32,0.25,relu,0,0.06170915666692207,0.9435923811866654,0.11938401671683094,5
4,1,32,0.25,relu,2,0.23240161668490752,0.9421265369868898,0.18405324278992757,5
4,1,32,0.25,relu,4,0.0736410648127568,0.9488719480560419,0.10472315180624735,5
4,1,32,0.5,identity,1,0.051558611444168505,0.9608809517799394,0.060855368699825614,4
4,1,32,0.5,identity,3,0.06907785152209547,0.9433297556808978,0.12248169193364393,4
4,1,32,0.5,relu,0,0.17070352242713535,0.954008415896604,0.12691084553192272,5
4,1,32,0.5,relu,2,0.4127570977466684,0.9522929118053767,0.28743830451718466,5
4,1,32,0.5,relu,4,0.2799235890733153,0.9621353730579429,0.13330798354085976,6
4,1,32,0.75,identity,1,0.12846367632111597,0.9803758336475531,0.20458575241175703,4
4,1,32,0.75,identity,3,0.228625014870738,0.9801542280088864,0.19502589713929513,4
4,1,32,0.75,relu,0,0.32534995138550193,0.959694514562164,0.10485698139453532,5
4,1,32,0.75,relu,2,0.5028509453051508,0.9566252205221415,0.2572597766389629,4
4,1,32,0.75,relu,4,0.4158434402183829,0.9649678226913072,0.1727298532908781,5
4,1,32,1.0,identity,1,0.8382210327445163,0.9929438810092399,0.09200415948694003,1
4,1,32,1.0,identity,3,0.9917006630930852,0.9974825692341591,0.9931942934210313,2
4,1,32,1.0,relu,0,0.5733177516284705,0.9743062056215079,0.04012945369951733,1
4,1,32,1.0,relu,2,0.8320505325629454,0.9817243977654402,0.10578650726932375,1
4,1,32,1.0,relu,4,0.9011603861260121,0.9720421378164211,0.2680530515797299,1
4,1,64,0.0,identity,1,0.01854107678038034,0.8032781729944245,0.14378307054289957,4
4,1,64,0.0,identity,3,0.055033867114891874,0.8147281074659303,0.1616730704775196,4
4,1,64,0.0,relu,0,0.030431797206543678,0.8455079085200752,0.10999305998538314,6
4,1,64,0.0,relu,2,0.027199749619485493,0.813534084691132,0.11216911160936024,5
4,1,64,0.0,relu,4,0.03210661566360503,0.812802516294344,0.1422245752849491,6
4,1,64,0.25,identity,1,0.013756288959895844,0.9303096258990338,0.06516657462811776,4
4,1,64,0.25,identity,3,0.08164559377911151,0.9333012509790785,0.11634676866665024,4
4,1,64,0.25,relu,0,0.041644731314838666,0.9548192681039386,0.09172439688923603,6
4,1,64,0.25,relu,2,0.1728039538901141,0.954383204102185,0.1951498000928616,6
4,1,64,0.25,relu,4,0.0681343883510866,0.9549361527467378,0.09565232229289732,6
4,1,64,0.5,identity,1,0.022987091072538653,0.9508015521735756,0.059478733556877786,4
4,1,64,0.5,identity,3,0.05105433026012462,0.9521910739003179,0.12509743672369952,4
4,1,64,0.5,relu,0,0.1861174739922543,0.9588512139558399,0.15231623766906435,6
4,1,64,0.5,relu,2,0.33689624038540716,0.966493866040621,0.2564125243564708,5
4,1,64,0.5,relu,4,0.1849130058609162,0.9575139556127344,0.13065317350659247,6
4,1,64,0.75,identity,1,0.0910324056913,0.9655154997435366,0.09472807933113313,4
4,1,64,0.75,identity,3,0.26707176830911644,0.9710753424154873,0.2407713253416038,4
4,1,64,0.75,relu,0,0.2801363148477091,0.96179705291242,0.10030906921959712,6
4,1,64,0.75,relu,2,0.44628829087145694,0.9655062660616054,0.24237763420206354,5
4,1,64,0.75,relu,4,0.46965689803503796,0.9681354676367886,0.1209960943948045,5
4,1,64,1.0,identity,1,0.7129885606184814,0.9966426044088567,0.23925366691575217,1
4,1,64,1.0,identity,3,0.5052060561752196,0.9958832416340581,0.05791644837274312,1
4,1,64,1.0,relu,0,0.5579956167958314,0.9754892940432418,0.050224599150224584,1
4,1,64,1.0,relu,2,0.8408081126699191,0.9788824598199497,0.14127592622761131,1
4,1,64,1.0,relu,4,0.8918680968265356,0.9743935633340504,0.19951378785818083,1
4,1,96,0.0,identity,1,0.01782865682683534,0.7937391097880931,0.11987978679551463,4
4,1,96,0.0,identity,3,0.031235609518089083,0.8081702920896012,0.12212587610514976,4
4,1,96,0.0,relu,0,0.04004801313461884,0.8544789931850202,0.09631607478657266,6
4,1,96,0.0,relu,2,0.032406724040424224,0.9038441581297605,0.14243329030241586,6
4,1,96,0.0,relu,4,0.05726687243551569,0.8617761446386669,0.11808687044834033,6
4,1,96,0.25,identity,1,0.02837235117411928,0.9195866561848669,0.048328624619928436,4
4,1,96,0.25,identity,3,0.04653552009665835,0.9415298797746051,0.0873282195204329,4
4,1,96,0.25,relu,0,0.039762413517633335,0.9514354611947267,0.09006090501910022,5
4,1,96,0.25,relu,2,0.16851059223126966,0.9560494778501946,0.1852339623558965,6
4,1,96,0.25,relu,4,0.05704746401847993,0.9562113748984469,0.09010626880995994,6
4,1,96,0.5,identity,1,0.04056774292879492,0.9604993854631604,0.03958333085243138,4
4,1,96,0.5,identity,3,0.03697514365551175,0.9624389882906507,0.08388382994690687,4
4,1,96,0.5,relu,0,0.22503772590208027,0.9654007093355433,0.12827399223834404,6
4,1,96,0.5,relu,2,0.38151664541827524,0.9617069390908173,0.33488466418574775,5
4,1,96,0.5,relu,4,0.19145978276971917,0.962419062927195,0.10599395575733218,6
4,1,96,0.75,identity,1,0.12841422562307864,0.975224478672674,0.1138235424238851,4
4,1,96,0.75,identity,3,0.2038771892769405,0.9824593926906215,0.1244733692607773,4
4,1,96,0.75,relu,0,0.32839808500413475,0.9580409067534713,0.1637409875648052,6
4,1,96,0.75,relu,2,0.5442219332620967,0.9689839901641111,0.31186072696239375,4
4,1,96,0.75,relu,4,0.44587958054847937,0.9710825040873389,0.13062405059073406,5
4,1,96,1.0,identity,1,0.7569853698487845,0.9950295428079403,0.15111175431285062,1
4,1,96,1.0,identity,3,0.7706388238564134,0.9924023223393479,0.17529241908605786,1
4,1,96,1.0,relu,0,0.6071418227326919,0.9742658386322781,0.07552987102645871,1
4,1,96,1.0,relu,2,0.7645364810360273,0.9836005667232821,0.07716155129496319,1
4,1,96,1.0,relu,4,0.865676503417388,0.9804087714470199,0.13438951052598863,1
4,2,16,0.0,identity,1,0.008014622320412775,0.4076388213144057,0.18614136911228849,3
4,2,16,0.0,identity,3,0.010453584844628388,0.4944519909732348,0.14925654016444456,3
4,2,16,0.0,relu,0,0.03153246068726215,0.7501513912010946,0.13130094544936535,4
4,2,16,0.0,relu,2,0.022053922848819744,0.7856669980009946,0.10254926563073823,4
4,2,16,0.0,relu,4,0.029495201461369098,0.7674174329084249,0.2037472303435928,4
4,2,16,0.25,identity,1,0.024290957931929282,0.9059434288328672,0.047358415592812314,4
4,2,16,0.25,identity,3,0.012626254962785164,0.9314813371873885,0.06592921589015574,3
4,2,16,0.25,relu,0,0.050196737221692274,0.9305190154550754,0.09573996476907105,4
4,2,16,0.25,relu,2,0.05424925070527913,0.9284384395839537,0.18747491396766638,4
4,2,16,0.25,relu,4,0.03500469047153733,0.8845112368055676,0.10460196036535348,4
4,2,16,0.5,identity,1,0.02012646925405404,0.9486294079781349,0.054599867061668104,4
4,2,16,0.5,identity,3,0.01707700154694802,0.9613582023918057,0.040753101015694314,3
4,2,16,0.5,relu,0,0.2070470401668849,0.9533957405893835,0.18699223626737524,5
4,2,16,0.5,relu,2,0.09086844766510471,0.9390898154925195,0.11378976079747538,4
4,2,16,0.5,relu,4,0.11549625284822855,0.9146711437121959,0.1430965408233533,4
4,2,16,0.75,identity,1,0.09564392786668,0.9695653862582143,0.07550232195385169,4
4,2,16,0.75,identity,3,0.06107109707040609,0.984297947823637,0.13846188504206688,4
4,2,16,0.75,relu,0,0.35297787997258245,0.968777431274903,0.17343034889193734,4
4,2,16,0.75,relu,2,0.14849337403459656,0.9593349182437187,0.11995578704868605,3
4,2,16,0.75,relu,4,0.38629573267197737,0.9454053473177737,0.2689862708079112,4
4,2,16,1.0,identity,1,0.6424026553054022,0.9975777084428747,0.06779566181060384,1
4,2,16,1.0,identity,3,0.6601124766261206,0.994465822512494,0.07658715892705108,1
4,2,16,1.0,relu,0,0.7711278837545927,0.9769880762485803,0.2974476980321973,2
4,2,16,1.0,relu,2,0.4805931924716799,0.9766296942461252,0.17596794212231465,1
4,2,16,1.0,relu,4,0.7016599161703864,0.9690649247177022,0.17585463870639564,1
4,2,32,0.0,identity,1,0.017643769452731807,0.6136765042779351,0.17748610754422284,4
4,2,32,0.0,identity,3,0.014037562002048259,0.5508631627990463,0.21968837720526802,4
4,2,32,0.0,relu,0,0.0326125329489343,0.743947503043786,0.12773608466621483,6
4,2,32,0.0,relu,2,0.06265889421992621,0.821294534982095,0.12758802726670782,5
4,2,32,0.0,relu,4,0.05014441675681248,0.7856343558687305,0.11034950196954962,5
4,2,32,0.25,identity,1,0.00774331725238546,0.9099407385991489,0.06149402122948846,4
4,2,32,0.25,identity,3,0.017277867876962238,0.937579594346389,0.07145686093028736,4
4,2,32,0.25,relu,0,0.08097999243047868,0.9370831619065472,0.09324468652769871,5
4,2,32,0.25,relu,2,0.08604357858815058,0.9313716749618653,0.1333831853178042,5
4,2,32,0.25,relu,4,0.020173755132839956,0.9148952902972325,0.1026557704970814,5
4,2,32,0.5,identity,1,0.03834343688911317,0.9379382563368893,0.08238371058781035,4
4,2,32,0.5,identity,3,0.025065017136167028,0.9617258074596933,0.06224552581163797,4
4,2,32,0.5,relu,0,0.16328405831690354,0.9526289389426033,0.12518815598764382,5
4,2,32,0.5,relu,2,0.07157186840700304,0.9489164256958954,0.12401374258953377,5
4,2,32,0.5,relu,4,0.12813693377022697,0.9341774714023835,0.12219056916618505,5
4,2,32,0.75,identity,1,0.10323214253637127,0.9723295826786741,0.14922035678076453,4
4,2,32,0.75,identity,3,0.1736793059985143,0.9730851121421207,0.07699177430120009,4
4,2,32,0.75,relu,0,0.3129081545527473,0.9686445043422619,0.17238140237073094,4
4,2,32,0.75,relu,2,0.1469733493667889,0.9575902312722139,0.13313733920817908,4
4,2,32,0.75,relu,4,0.44711625303411917,0.9541003676527109,0.2526748301736747,4
4,2,32,1.0,identity,1,0.830034746037797,0.9955346416869855,0.2961476877924252,1
4,2,32,1.0,identity,3,0.8005918910427133,0.994052221931448,0.3017533862465177,2
4,2,32,1.0,relu,0,0.7545713223242323,0.9785949633831941,0.28341491276048086,2
4,2,32,1.0,relu,2,0.6260525080174194,0.9753546886947598,0.3696083965786697,2
4,2,32,1.0,relu,4,0.7639904612087834,0.95962389739692,0.36009756276312876,1
4,2,64,0.0,identity,1,0.046257663246464534,0.6361980203902339,0.16430880252687677,4
4,2,64,0.0,identity,3,0.017919698375601933,0.688709403989051,0.13196631363312614,4
4,2,64,0.0,relu,0,0.016196111715365672,0.814660981389688,0.07449262299374461,5
4,2,64,0.0,relu,2,0.024526262373449827,0.837215208964671,0.1019292547485952,6
4,2,64,0.0,relu,4,0.02011041769556785,0.7493409401422199,0.11984211147489382,6
4,2,64,0.25,identity,1,0.03850104583711718,0.911358416911341,0.05986903670432357,4
4,2,64,0.25,identity,3,0.018723975355698762,0.9360185583196582,0.05051661555948861,4
4,2,64,0.25,relu,0,0.04706207034018073,0.9464096708783177,0.09497280205630379,6
4,2,64,0.25,relu,2,0.02976622277475319,0.9424323595919045,0.12705298922297673,5
4,2,64,0.25,relu,4,0.03974362816725435,0.9311917508661802,0.09393399529027785,6
4,2,64,0.5,identity,1,0.06961463043062299,0.9462925164108796,0.08859416783388788,4
4,2,64,0.5,identity,3,0.024580525585591873,0.9601379697952216,0.051829231753342885,4
4,2,64,0.5,relu,0,0.1697642957755944,0.9550693213947633,0.17207479687236085,6
4,2,64,0.5,relu,2,0.04540001338480651,0.9521543544090353,0.0981669793974516,5
4,2,64,0.5,relu,4,0.14659488386842034,0.9333720574480807,0.1507290820651727,6
4,2,64,0.75,identity,1,0.13538629105253297,0.9605174047596953,0.11106208458582088,4
4,2,64,0.75,identity,3,0.04084256791489047,0.9805329825518464,0.07497576340321113,4
4,2,64,0.75,relu,0,0.27402527435311297,0.9674385629776747,0.17480020345893474,5
4,2,64,0.75,relu,2,0.19202539111643413,0.9668884904467601,0.13287617952826847,5
4,2,64,0.75,relu,4,0.3683731303392757,0.9533186680642631,0.26307035688965474,4
4,2,64,1.0,identity,1,0.8179104604099856,0.994813905132477,0.13494496590133523,1
4,2,64,1.0,identity,3,0.7143247867521018,0.9916746734192589,0.10274946960625234,1
4,2,64,1.0,relu,0,0.6925983622708028,0.9812364703081905,0.24809462096412785,2
4,2,64,1.0,relu,2,0.5925196745389694,0.9762801542071159,0.25557587129694126,2
4,2,64,1.0,relu,4,0.7053418407734147,0.9630353635904549,0.1980104550695941,1
4,2,96,0.0,identity,1,0.014768815297600293,0.7470094592591715,0.10124174779186042,4
4,2,96,0.0,identity,3,0.021931916397781186,0.8049400612482709,0.10445677119851554,4
4,2,96,0.0,relu,0,0.016793891129336595,0.8359341349646667,0.08397068523372893,6
4,2,96,0.0,relu,2,0.023906653206787466,0.841936626367203,0.11335010909031347,7
4,2,96,0.0,relu,4,0.019929101023713987,0.7866871030927244,0.10412930378570685,6
4,2,96,0.25,identity,1,0.03769037210853719,0.9224061432736576,0.04690260488607859,4
4,2,96,0.25,identity,3,0.01723484549971836,0.9392127760304823,0.05107038696671236,3
4,2,96,0.25,relu,0,0.048754825419529094,0.947455590056893,0.0991765632368319,6
4,2,96,0.25,relu,2,0.026332399250783383,0.9437126685471461,0.14081445024628986,5
4,2,96,0.25,relu,4,0.03280885286451539,0.9197700202444674,0.0831141814469985,5
4,2,96,0.5,identity,1,0.02302919908351355,0.9541968736888541,0.06630292265597618,4
4,2,96,0.5,identity,3,0.009754386330277786,0.9622241165032618,0.043086738764037985,4
4,2,96,0.5,relu,0,0.12275128066272596,0.959478354343563,0.12903542007991248,6
4,2,96,0.5,relu,2,0.04719585586779498,0.9542201469595231,0.0748042460807122,5
4,2,96,0.5,relu,4,0.1451771395873169,0.9291464402257664,0.18126300949806282,5
4,2,96,0.75,identity,1,0.11645487744763766,0.9713699880990072,0.07971809829667982,4
4,2,96,0.75,identity,3,0.08851869077392865,0.9791148664401083,0.08098724622812399,4
4,2,96,0.75,relu,0,0.26767067803787403,0.9694172113372346,0.13009013175509165,5
4,2,96,0.75,relu,2,0.1748683233880716,0.9685783634557394,0.1306312156422975,5
4,2,96,0.75,relu,4,0.42461799607034734,0.951584758188365,0.3053369252514822,4
4,2,96,1.0,identity,1,0.8605914641328269,0.9929568048715491,0.22952562072084573,1
4,2,96,1.0,identity,3,0.7576661737835568,0.9903669420369878,0.11442922081252328,1
4,2,96,1.0,relu,0,0.7274454026739994,0.9808151357273374,0.27237763878676857,2
4,2,96,1.0,relu,2,0.537241769397338,0.9763240015062182,0.2663162272818287,2
4,2,96,1.0,relu,4,0.7548806016982976,0.9696742006867637,0.33587891580946333,1
4,32,16,0.0,identity,1,0.024717700842238066,0.6916047395738198,0.23197887988158836,4
4,32,16,0.0,identity,3,0.013635906770308747,0.7552880471533501,0.13572385258227954,3
4,32,16,0.0,relu,0,0.2269666989078895,0.872059569391873,0.5973810098953034,4
4,32,16,0.0,relu,2,0.16318566685845126,0.8657861427304823,0.3859841590404937,3
4,32,16,0.0,relu,4,0.1254368575864274,0.8877606393850747,0.40589284757026034,4
4,32,16,0.25,identity,1,0.03769854224621255,0.9467774792922441,0.06129863711977519,4
4,32,16,0.25,identity,3,0.02037986676645054,0.9591023673865401,0.03418226294671808,3
4,32,16,0.25,relu,0,0.2887714156687312,0.9475220976289778,0.3794827863383726,4
4,32,16,0.25,relu,2,0.16583106780954773,0.9464482475229701,0.16298200635688248,3
4,32,16,0.25,relu,4,0.3576300435339157,0.9538498528290139,0.34672066490912373,4
4,32,16,0.5,identity,1,0.03710542804652206,0.972103927763544,0.03738673641783123,4
4,32,16,0.5,identity,3,0.017454193736830156,0.9775219994087265,0.024584633381167897,3
4,32,16,0.5,relu,0,0.36388149649112006,0.9718180866556948,0.2460219176904939,4
4,32,16,0.5,relu,2,0.2626128141657819,0.9669194919705955,0.20087920998796654,4
4,32,16,0.5,relu,4,0.3122242043697934,0.9694446289249619,0.24797119856318833,3
4,32,16,0.75,identity,1,0.03345238789537999,0.9854201194859811,0.027867559797921056,4
4,32,16,0.75,identity,3,0.021294010007335246,0.9882636632785556,0.021044870298600638,3
4,32,16,0.75,relu,0,0.49924009046438267,0.9772336321635592,0.26419208986469095,4
4,32,16,0.75,relu,2,0.24960057646398953,0.9779127382012224,0.13416895757338246,3
4,32,16,0.75,relu,4,0.372601932798704,0.9789370963740675,0.19095790690482542,3
4,32,16,1.0,identity,1,0.5782855535551921,0.9977362377666066,0.06208773001069671,2
4,32,16,1.0,identity,3,0.4279700133766982,0.9983880670429781,0.3879020102933441,3
4,32,16,1.0,relu,0,0.5883176630239068,0.986431232850319,0.13043990507293515,1
4,32,16,1.0,relu,2,0.5286245656912111,0.987121399029605,0.12138998368972828,2
4,32,16,1.0,relu,4,0.629143846854236,0.9880090884158849,0.18944920084135808,2
4,32,32,0.0,identity,1,0.004376514534573163,0.403827178431147,0.11447267116709593,4
4,32,32,0.0,identity,3,0.0046148375839440495,0.47468858089581994,0.07757051543531332,3
4,32,32,0.0,relu,0,0.014922883198296648,0.650641017019781,0.11360166973931655,4
4,32,32,0.0,relu,2,0.022823291820214083,0.6222069549360053,0.11220839059975135,4
4,32,32,0.0,relu,4,0.014486055520979093,0.6711782206751783,0.1616771115871486,4
4,32,32,0.25,identity,1,0.0049407511964165065,0.8738182124439494,0.027574497487433444,4
4,32,32,0.25,identity,3,0.004552755897532522,0.8940166155367336,0.01791144512686641,3
4,32,32,0.25,relu,0,0.03232229419455609,0.8926013363140991,0.07626513474185731,4
4,32,32,0.25,relu,2,0.015673852627115733,0.8853057717028834,0.03858127532661818,4
4,32,32,0.25,relu,4,0.024030849542180134,0.90214729156709,0.05518371467723172,4
4,32,32,0.5,identity,1,0.0056442516227296225,0.9283019876709357,0.022765713176720808,4
4,32,32,0.5,identity,3,0.005362010592843358,0.9404456881621167,0.014800551241360803,3
4,32,32,0.5,relu,0,0.08555226682764537,0.9403334419856106,0.1243310231786327,4
4,32,32,0.5,relu,2,0.031375198660543516,0.9308815047606289,0.045198596715137145,4
4,32,32,0.5,relu,4,0.04616761943952687,0.9381278437228511,0.06235207359910484,4
4,32,32,0.75,identity,1,0.010105167867322263,0.9621571376655922,0.01737928863113097,4
4,32,32,0.75,identity,3,0.009355397899285377,0.9708599018994766,0.018048738704188612,3
4,32,32,0.75,relu,0,0.2101207242949038,0.9643274813482232,0.17056209523981902,4
4,32,32,0.75,relu,2,0.08392511237720333,0.9595583680643418,0.06595723487515325,4
4,32,32,0.75,relu,4,0.10582245045922752,0.9652899610314971,0.08568303098902745,4
4,32,32,1.0,identity,1,0.4588298838368309,0.997915344084146,0.06480872237374796,2
4,32,32,1.0,identity,3,0.6016154931935466,0.9969399660178272,0.24017029195760212,3
4,32,32,1.0,relu,0,0.7035882574400629,0.9839960998604651,0.1773113551062426,2
4,32,32,1.0,relu,2,0.43760227958543596,0.9890023663321093,0.07199805412312482,2
4,32,32,1.0,relu,4,0.5610671334882065,0.9887216252538386,0.1244444106529581,2
4,32,64,0.0,identity,1,0.005808430139467089,0.5485929930851144,0.07218026825906874,4
4,32,64,0.0,identity,3,0.005386909553825492,0.62152721012458,0.06611637071449664,4
4,32,64,0.0,relu,0,0.010020584819491035,0.8051775729745625,0.061880530806896615,5
4,32,64,0.0,relu,2,0.008139498558606177,0.8113759222795676,0.051902161188454865,5
4,32,64,0.0,relu,4,0.010941867274232029,0.8280273767771278,0.05841319365235392,5
4,32,64,0.25,identity,1,0.004993621518904982,0.8567274314249734,0.028096206489831885,4
4,32,64,0.25,identity,3,0.007238687904505922,0.8820776831746606,0.03175264730088381,4
4,32,64,0.25,relu,0,0.02352264069684607,0.9167188274539644,0.05408194432851778,5
4,32,64,0.25,relu,2,0.008193923871507303,0.9142421620578081,0.024998363021703773,4
4,32,64,0.25,relu,4,0.015553350651863272,0.9193581551857033,0.04648368794852767,5
4,32,64,0.5,identity,1,0.006208537881547338,0.9141736825263876,0.026697474205596865,4
4,32,64,0.5,identity,3,0.006946332238410329,0.9342190370691655,0.018631563538911582,3
4,32,64,0.5,relu,0,0.05463695835866321,0.9437839383783804,0.08301365173149301,5
4,32,64,0.5,relu,2,0.015822149452158988,0.9389121845078067,0.028378321304287905,4
4,32,64,0.5,relu,4,0.04628432303566237,0.9457724097713882,0.06471493177073855,5
4,32,64,0.75,identity,1,0.01061427247570094,0.9547936196343976,0.030631713948165683,4
4,32,64,0.75,identity,3,0.011648430824295022,0.9662274439932726,0.022926407132690414,3
4,32,64,0.75,relu,0,0.1240380475346487,0.9646159099189197,0.10793655848174095,5
4,32,64,0.75,relu,2,0.06038654204982293,0.9628790910888251,0.055297426479335283,5
4,32,64,0.75,relu,4,0.10440598509037877,0.9637428835279463,0.10247393812146335,5
4,32,64,1.0,identity,1,0.46255932045600684,0.9966999560761324,0.09424586513805798,2
4,32,64,1.0,identity,3,0.4812753612447567,0.9966033293750604,0.03709595946674911,2
4,32,64,1.0,relu,0,0.7031059823035943,0.9848826649923572,0.19383632853853,2
4,32,64,1.0,relu,2,0.3849964840395734,0.9890397856485973,0.06354868590828018,2
4,32,64,1.0,relu,4,0.5277174564632943,0.9881210091956141,0.16229382707973392,2
4,32,96,0.0,identity,1,0.005576361321549108,0.566143491576779,0.07001740799642171,4
4,32,96,0.0,identity,3,0.0065517541302579805,0.6469788607988688,0.06573743879127139,4
4,32,96,0.0,relu,0,0.005962446980068233,0.8459510757094449,0.03870366430354396,5
4,32,96,0.0,relu,2,0.005282410600258065,0.8468746798021737,0.03645881504230475,5
4,32,96,0.0,relu,4,0.005624020816199599,0.8518337061993277,0.03682947384673983,5
4,32,96,0.25,identity,1,0.005322834434496587,0.8638533999169176,0.03105303150718735,4
4,32,96,0.25,identity,3,0.006274644781407654,0.888744479554666,0.026279039954502606,4
4,32,96,0.25,relu,0,0.013383827955967275,0.9290159266560014,0.036721033374417414,5
4,32,96,0.25,relu,2,0.00869772029499893,0.9298954418496708,0.02703757856252925,5
4,32,96,0.25,relu,4,0.012079946463065289,0.9305962804472371,0.033884448896154475,5
4,32,96,0.5,identity,1,0.006824940230854514,0.9170676160854523,0.02828071909510589,4
4,32,96,0.5,identity,3,0.009206640172217381,0.9305699430040929,0.022507451843807796,4
4,32,96,0.5,relu,0,0.04042119385828837,0.952184943596556,0.05416672262053076,5
4,32,96,0.5,relu,2,0.026855125969133704,0.9507043343728843,0.03557522078094442,5
4,32,96,0.5,relu,4,0.035012643693500184,0.9519940115177347,0.046738626859130265,5
4,32,96,0.75,identity,1,0.009251585181542087,0.9594614939254531,0.02824660791823479,4
4,32,96,0.75,identity,3,0.009168645693053557,0.966987746481017,0.01473403245997024,3
4,32,96,0.75,relu,0,0.12506249002704276,0.969825699156795,0.09505210653798356,5
4,32,96,0.75,relu,2,0.05681276131134931,0.9651220547924754,0.047735526336294846,5
4,32,96,0.75,relu,4,0.1076691188221963,0.9689320143854414,0.08281357700530761,5
4,32,96,1.0,identity,1,0.490074507251775,0.9973414132022163,0.05608354222997615,3
4,32,96,1.0,identity,3,0.5024357116224897,0.9959834221881885,0.06929572843276333,2
4,32,96,1.0,relu,0,0.606404366370055,0.9857512015337911,0.17686955121873338,2
4,32,96,1.0,relu,2,0.5644697430182216,0.98769237074487,0.0909300655127354,3
4,32,96,1.0,relu,4,0.536916223081647,0.9882127167972246,0.15437179273982293,2
4,4,16,0.0,identity,1,0.010937972028446737,0.3359537138162257,0.29426403739106693,4
4,4,16,0.0,identity,3,0.01100531290165021,0.35167000426737566,0.2882060842572438,4
4,4,16,0.0,relu,0,0.03175459527094259,0.7702711085967581,0.19859574881133177,4
4,4,16,0.0,relu,2,0.01331543766147712,0.7389536709910813,0.10508455180267823,4
4,4,16,0.0,relu,4,0.018415292317235127,0.7387967966420278,0.10914842642491344,4
4,4,16,0.25,identity,1,0.020547935624218448,0.9066999811429309,0.05017180822677599,4
4,4,16,0.25,identity,3,0.009449936901127437,0.9337257393717604,0.02608618091877845,3
4,4,16,0.25,relu,0,0.05126246012318154,0.9288059419572369,0.13662874740585973,4
4,4,16,0.25,relu,2,0.062332007792014504,0.9173602880296683,0.16840124867150932,4
4,4,16,0.25,relu,4,0.07848465644621222,0.9216837502598721,0.0937565373472106,4
4,4,16,0.5,identity,1,0.011270618054898094,0.9571752167355119,0.023082091191765342,4
4,4,16,0.5,identity,3,0.006969239355521282,0.9628235206406471,0.025183476167355334,3
4,4,16,0.5,relu,0,0.1434411039102505,0.9614508223786203,0.17978306885109802,4
4,4,16,0.5,relu,2,0.09632152465479672,0.9513801288602347,0.0922996758114966,4
4,4,16,0.5,relu,4,0.08323907436431832,0.9480074544547792,0.10004966626865804,4
4,4,16,0.75,identity,1,0.01121754772109221,0.975568530534922,0.03724997281756673,4
4,4,16,0.75,identity,3,0.01740289559271463,0.9811943274765409,0.026411630468012485,4
4,4,16,0.75,relu,0,0.28741549525036836,0.9760963797038478,0.14536920223898298,4
4,4,16,0.75,relu,2,0.26090784985850896,0.9723364926787709,0.17367147449910242,3
4,4,16,0.75,relu,4,0.26901139572659966,0.97556537960937,0.11887942726232346,4
4,4,16,1.0,identity,1,0.7081263579411515,0.9963397665082729,0.03716164901790335,1
4,4,16,1.0,identity,3,0.5438918611695654,0.9974353580850049,0.3850145254112559,2
4,4,16,1.0,relu,0,0.6412723319936574,0.9881187069989847,0.12895503068253783,2
4,4,16,1.0,relu,2,0.5204724926274554,0.9818935803324054,0.14218095969198674,2
4,4,16,1.0,relu,4,0.5272404158392106,0.9845498207163398,0.0629922277100933,1
4,4,32,0.0,identity,1,0.012589362266335495,0.47335781437565855,0.18019144006609097,4
4,4,32,0.0,identity,3,0.024557631105753236,0.4421726288616046,0.21829201307770427,4
4,4,32,0.0,relu,0,0.014011939676255835,0.739087288168684,0.08978849788215093,5
4,4,32,0.0,relu,2,0.028678308147593316,0.8126302420340779,0.09657218920318277,5
4,4,32,0.0,relu,4,0.015514098343260592,0.8171694278744933,0.08056476567427297,5
4,4,32,0.25,identity,1,0.011138421254407112,0.9130361110021386,0.05349564112683686,4
4,4,32,0.25,identity,3,0.008828936037632263,0.9271401957374938,0.04429513352577622,4
4,4,32,0.25,relu,0,0.06393090753795759,0.9426681208407325,0.06776742991979018,5
4,4,32,0.25,relu,2,0.018933786822067297,0.9355515640847721,0.05314117943476982,4
4,4,32,0.25,relu,4,0.03484572618144676,0.9384558151453567,0.05054426465506427,4
4,4,32,0.5,identity,1,0.012412752535311966,0.9492650902235221,0.07705121218294174,4
4,4,32,0.5,identity,3,0.013878100130430995,0.9629816533804714,0.03364633018697086,4
4,4,32,0.5,relu,0,0.08170818632284722,0.9630703528047019,0.08424826124294009,5
4,4,32,0.5,relu,2,0.0912493530590919,0.9591352564365137,0.08436447354809665,5
4,4,32,0.5,relu,4,0.08727815628729338,0.9501371852877929,0.07645411888067508,5
4,4,32,0.75,identity,1,0.027633861380944674,0.9728229169982927,0.03501997529912396,4
4,4,32,0.75,identity,3,0.021266601504627884,0.9788279908613771,0.03324293492330549,4
4,4,32,0.75,relu,0,0.1614365674463606,0.976164292422208,0.0964926256994506,4
4,4,32,0.75,relu,2,0.16904438793193094,0.9694680155391883,0.08799464407553745,4
4,4,32,0.75,relu,4,0.1675543495384538,0.9653900810278955,0.07627130657400348,5
4,4,32,1.0,identity,1,0.7926304439659833,0.9966375517577764,0.08731667975231071,2
4,4,32,1.0,identity,3,0.49616436407525566,0.9963400477367761,0.1121759065537342,2
4,4,32,1.0,relu,0,0.5676888950126329,0.9887357238298283,0.11745072655845006,2
4,4,32,1.0,relu,2,0.44404853150035195,0.9813318623063265,0.12833444980864286,2
4,4,32,1.0,relu,4,0.5408332857156873,0.9841833400118204,0.08148546522460234,2
4,4,64,0.0,identity,1,0.01714853871225716,0.5225269030340036,0.1650796951407563,4
4,4,64,0.0,identity,3,0.009434849924089883,0.5961588817970688,0.13170054042813276,4
4,4,64,0.0,relu,0,0.015290348078046084,0.8195498718067582,0.0634390785424686,5
4,4,64,0.0,relu,2,0.020158172799771213,0.8460125049439193,0.07694407056851954,6
4,4,64,0.0,relu,4,0.02127208197221459,0.8428411737064035,0.06443577382446494,5
4,4,64,0.25,identity,1,0.024738765455021572,0.9155289664780323,0.055721158278759585,4
4,4,64,0.25,identity,3,0.004630748488214382,0.9383273990785628,0.0497543520296737,4
4,4,64,0.25,relu,0,0.02692865396534978,0.947982142186331,0.05236410706791572,5
4,4,64,0.25,relu,2,0.023425103778262582,0.9457079441983491,0.05639916240879602,5
4,4,64,0.25,relu,4,0.029428505796083745,0.9403043153671493,0.0439967902474651,5
4,4,64,0.5,identity,1,0.02454714344217753,0.9573553871608307,0.050301297238665506,4
4,4,64,0.5,identity,3,0.01515948044757391,0.9612109814579496,0.05231435699360163,4
4,4,64,0.5,relu,0,0.05098746754921485,0.9640092517980081,0.05342500743174383,5
4,4,64,0.5,relu,2,0.07583902180826829,0.9628049231492584,0.06755174924170908,6
4,4,64,0.5,relu,4,0.07399995000698129,0.9571371681241171,0.05422769858437517,5
4,4,64,0.75,identity,1,0.035559587937916415,0.976707619357368,0.039117366953198354,4
4,4,64,0.75,identity,3,0.025818366112374074,0.9795123456125477,0.045734882846504565,4
4,4,64,0.75,relu,0,0.1428892768370657,0.9738709563245704,0.08295832033029102,5
4,4,64,0.75,relu,2,0.1735626921671288,0.9696190578050581,0.10899945053999667,6
4,4,64,0.75,relu,4,0.13345732624725754,0.9688008800196255,0.05802041541207829,5
4,4,64,1.0,identity,1,0.5878066513285075,0.9978788005799463,0.03584348383495693,1
4,4,64,1.0,identity,3,0.5333053346116297,0.9958062172728762,0.07098653728077221,2
4,4,64,1.0,relu,0,0.5303549260220257,0.9875405029012908,0.1030517925738249,2
4,4,64,1.0,relu,2,0.5048519906923963,0.9834012275301961,0.15121072249128925,3
4,4,64,1.0,relu,4,0.5343011215212615,0.9834130086227235,0.11662349994239354,2
4,4,96,0.0,identity,1,0.010183997265762761,0.6134087044665651,0.10407341917200004,4
4,4,96,0.0,identity,3,0.009933372418765308,0.729190801327248,0.08413429519195968,4
4,4,96,0.0,relu,0,0.020841231871737365,0.8500045793962665,0.06007108098718203,6
4,4,96,0.0,relu,2,0.021013308532923877,0.8536718485084848,0.07553644667678325,6
4,4,96,0.0,relu,4,0.02318884113826385,0.8083206232525255,0.0747345429256088,6
4,4,96,0.25,identity,1,0.009680898639289894,0.9129489204837243,0.04789017868804197,4
4,4,96,0.25,identity,3,0.01579946959552149,0.9336310935155213,0.04925703396995989,4
4,4,96,0.25,relu,0,0.016543942933827566,0.9537827290486119,0.0414409830196148,5
4,4,96,0.25,relu,2,0.018432111084773377,0.9523583767088992,0.04580193749667865,5
4,4,96,0.25,relu,4,0.029228323004446978,0.945323623362617,0.048267791378951236,5
4,4,96,0.5,identity,1,0.007136165455557867,0.9534063864902955,0.03530103839770718,4
4,4,96,0.5,identity,3,0.007481649005854639,0.9646505335768554,0.04140259147471145,4
4,4,96,0.5,relu,0,0.07639725748434147,0.9695086883907493,0.07004890929189521,6
4,4,96,0.5,relu,2,0.044750297178378945,0.967686397312053,0.06426859107338069,6
4,4,96,0.5,relu,4,0.05520116167766593,0.9602682310561195,0.05266522598039879,5
4,4,96,0.75,identity,1,0.018833553889130075,0.9746256452213324,0.03533642348585552,4
4,4,96,0.75,identity,3,0.014506427759611615,0.9805375510019212,0.043382492373095265,4
4,4,96,0.75,relu,0,0.15187000545461102,0.9751855315669049,0.0874738208213369,5
4,4,96,0.75,relu,2,0.17423237995756546,0.9734125971801864,0.11687620856413626,6
4,4,96,0.75,relu,4,0.11659118653006582,0.9694840618199462,0.05583259829355758,5
4,4,96,1.0,identity,1,0.8034971868338515,0.9956102350502574,0.11808008672597349,2
4,4,96,1.0,identity,3,0.5776825818384429,0.9952130919935739,0.07950184487167467,2
4,4,96,1.0,relu,0,0.4820590296358567,0.9880747184024187,0.08942489143854342,2
4,4,96,1.0,relu,2,0.4112757215379076,0.9844616639487959,0.10305565334833175,2
4,4,96,1.0,relu,4,0.5074425291444842,0.9840383888996662,0.09244658225051326,2
4,8,16,0.0,identity,1,0.0046587849542025234,0.262079753084291,0.2564698675866157,4
4,8,16,0.0,identity,3,0.007064667259665938,0.31024578699666844,0.22252962852680855,3
4,8,16,0.0,relu,0,0.021749397450045293,0.7781796203570327,0.2654987574627221,4
4,8,16,0.0,relu,2,0.03073667925062623,0.8034434343749027,0.13507703478983374,4
4,8,16,0.0,relu,4,0.03202888223846769,0.7972295687794063,0.21542604010563066,4
4,8,16,0.25,identity,1,0.003254727583188057,0.8908373108616429,0.02779618656173885,4
4,8,16,0.25,identity,3,0.00457277897472113,0.8970487706739371,0.023768599237935152,3
4,8,16,0.25,relu,0,0.03082350217942494,0.8880166135095722,0.09944940996905703,4
4,8,16,0.25,relu,2,0.09639758625636276,0.9262920718392567,0.1819932696836179,4
4,8,16,0.25,relu,4,0.10905871079276737,0.9271257784113277,0.22033350044244474,4
4,8,16,0.5,identity,1,0.008944161467089543,0.947580416076747,0.02141103615348945,4
4,8,16,0.5,identity,3,0.004035935266766092,0.9465127631958091,0.015910303649037342,3
4,8,16,0.5,relu,0,0.1834688771688969,0.9536173861824513,0.21697026903842148,4
4,8,16,0.5,relu,2,0.17851081324923876,0.9526963541541482,0.1536393438864401,3
4,8,16,0.5,relu,4,0.25317798284203924,0.948138591817976,0.19096795084477963,4
4,8,16,0.75,identity,1,0.016225093822731372,0.9740656639141333,0.034162918381184064,4
4,8,16,0.75,identity,3,0.009640060386926368,0.9705204944478673,0.01690472325172574,3
4,8,16,0.75,relu,0,0.30701787068343006,0.9658738854060857,0.14750070433011964,4
4,8,16,0.75,relu,2,0.3428572611946642,0.9710235224300509,0.14344794492384325,3
4,8,16,0.75,relu,4,0.3360226494400231,0.9728452996149303,0.1401244371398481,3
4,8,16,1.0,identity,1,0.49354545032007796,0.9958471911077258,0.08881971953560257,2
4,8,16,1.0,identity,3,0.3910864718043952,0.9952922314720318,0.06677166103413562,1
4,8,16,1.0,relu,0,0.5833611248653215,0.9808983617567665,0.12977575436771843,2
4,8,16,1.0,relu,2,0.6775952720154513,0.9846263140681774,0.12307766872862808,2
4,8,16,1.0,relu,4,0.5996469682029817,0.9883112640290905,0.08287952438415963,2
4,8,32,0.0,identity,1,0.00875070013336562,0.40323305249212277,0.16781027467306273,4
4,8,32,0.0,identity,3,0.00790541171520186,0.48323866151688255,0.19416547963842937,4
4,8,32,0.0,relu,0,0.016171885368758382,0.7692894779193614,0.1155300593335379,5
4,8,32,0.0,relu,2,0.017411421397330925,0.7912660101151469,0.11866364187446023,5
4,8,32,0.0,relu,4,0.014291648475751909,0.8073789805730829,0.08432127678788606,5
4,8,32,0.25,identity,1,0.006107074187227081,0.8982960461004837,0.03762876627188309,4
4,8,32,0.25,identity,3,0.007901791085700974,0.9028064373148715,0.04049820953087099,4
4,8,32,0.25,relu,0,0.015557824755171975,0.9272230720885696,0.04071216657150268,4
4,8,32,0.25,relu,2,0.029733844718733905,0.9267953256870326,0.07024812937143668,5
4,8,32,0.25,relu,4,0.03261259785316906,0.9343195405560022,0.05547211098642089,5
4,8,32,0.5,identity,1,0.00861734601435067,0.9452762863430408,0.034350939962150544,4
4,8,32,0.5,identity,3,0.007691173009177546,0.9427747015653973,0.03392271397538297,4
4,8,32,0.5,relu,0,0.08366523000185273,0.9455749423836407,0.07478611208535345,5
4,8,32,0.5,relu,2,0.03109905455164341,0.9547435288754338,0.04011618915384175,4
4,8,32,0.5,relu,4,0.0517497714941271,0.953954036144329,0.06630276229397707,4
4,8,32,0.75,identity,1,0.016372628755055768,0.9691921632949548,0.04289642013607126,4
4,8,32,0.75,identity,3,0.032607072364830944,0.961380806394661,0.04937500879389413,4
4,8,32,0.75,relu,0,0.1650323394758441,0.9646930071962558,0.09873564548003866,5
4,8,32,0.75,relu,2,0.15068186447057452,0.9695196410448882,0.06575292090139867,4
4,8,32,0.75,relu,4,0.13675604645792033,0.9723161669148643,0.058697055225862854,4
4,8,32,1.0,identity,1,0.608992438844863,0.9954673956496038,0.2898230286500698,3
4,8,32,1.0,identity,3,0.5225355641803178,0.9934977504926644,0.07735312349982114,1
4,8,32,1.0,relu,0,0.6154439405397982,0.9809686174271465,0.16271374232430902,3
4,8,32,1.0,relu,2,0.6815523803719993,0.9843597347339219,0.14544896362240411,2
4,8,32,1.0,relu,4,0.602702646477374,0.9886410481298618,0.0789816723118293,2
4,8,64,0.0,identity,1,0.007974354539668587,0.44640316797109164,0.1501336737871524,4
4,8,64,0.0,identity,3,0.022517479495784216,0.5822302390421782,0.13368225043045492,4
4,8,64,0.0,relu,0,0.01191843243817142,0.8149131825478144,0.0567635190867527,5
4,8,64,0.0,relu,2,0.014439903847096551,0.8382128164344205,0.07333175390037434,6
4,8,64,0.0,relu,4,0.010815003203919525,0.8348554541464062,0.05015604545515756,5
4,8,64,0.25,identity,1,0.01153659905270988,0.907694013027746,0.04421561463258898,4
4,8,64,0.25,identity,3,0.009171073893544839,0.9005233097807569,0.0409273452339335,4
4,8,64,0.25,relu,0,0.013420145863445398,0.9341910885802911,0.04187291762344649,5
4,8,64,0.25,relu,2,0.020644846695447836,0.9304406556733714,0.043645820916456815,5
4,8,64,0.25,relu,4,0.029108086499341018,0.9398237795618928,0.046144729736570016,5
4,8,64,0.5,identity,1,0.011364206794512936,0.9468734684790873,0.0351927837200225,4
4,8,64,0.5,identity,3,0.01266154120045008,0.9415524921564616,0.03702260674597835,4
4,8,64,0.5,relu,0,0.047779968263216205,0.9511090209057516,0.05069800689671312,5
4,8,64,0.5,relu,2,0.06886645018919293,0.9547431166470567,0.05024590289826836,5
4,8,64,0.5,relu,4,0.058849298863687116,0.9556653288447144,0.05522510682850904,5
4,8,64,0.75,identity,1,0.01958900804760588,0.9711103952317183,0.0494509465896862,4
4,8,64,0.75,identity,3,0.02692123123445721,0.9669033752963639,0.03961470642719943,4
4,8,64,0.75,relu,0,0.12626717746022995,0.9644459611611305,0.07779164835540872,5
4,8,64,0.75,relu,2,0.13498536756828625,0.9689405189196072,0.06901770908135194,5
4,8,64,0.75,relu,4,0.09953437942704634,0.9711785646974196,0.05474819938023035,5
4,8,64,1.0,identity,1,0.4943384620449969,0.9951529295629489,0.09046252455766648,2
4,8,64,1.0,identity,3,0.5387908332762927,0.9931946018073728,0.07517621023812339,1
4,8,64,1.0,relu,0,0.5132916792462457,0.9827790851507313,0.10466191493464568,2
4,8,64,1.0,relu,2,0.6125124075058334,0.9847006565576473,0.12563419543668358,2
4,8,64,1.0,relu,4,0.364373756426329,0.9863655358193127,0.05838646428967618,2
4,8,96,0.0,identity,1,0.006185986960226642,0.5660296562381318,0.11222687548816786,4
4,8,96,0.0,identity,3,0.016627623437744574,0.6437018645634598,0.12151662255353056,4
4,8,96,0.0,relu,0,0.00887438717223241,0.8514110335335394,0.05685894854329045,6
4,8,96,0.0,relu,2,0.01925888535560734,0.8424078366272791,0.06303590379554096,6
4,8,96,0.0,relu,4,0.01086427832528218,0.869092372128034,0.058422695456831514,6
4,8,96,0.25,identity,1,0.005303500285151464,0.9045355341838397,0.03523037594652836,4
4,8,96,0.25,identity,3,0.007301846401094007,0.909603247536129,0.04353283713485445,4
4,8,96,0.25,relu,0,0.015101742288359529,0.9437134111384512,0.03606381714499321,5
4,8,96,0.25,relu,2,0.01822622010212292,0.9455307456239732,0.04103296496116443,5
4,8,96,0.25,relu,4,0.015007263176802652,0.9457599535587528,0.03056654893462717,5
4,8,96,0.5,identity,1,0.009829207741971824,0.9469272735024222,0.03513764603288195,4
4,8,96,0.5,identity,3,0.008418499076303968,0.9452929224323755,0.03105620404127105,4
4,8,96,0.5,relu,0,0.05859875517761716,0.9574999030890502,0.05431545223866452,6
4,8,96,0.5,relu,2,0.05640693196043165,0.9562827554882009,0.054511987272322635,5
4,8,96,0.5,relu,4,0.042289149543561486,0.9591476314597565,0.04243604752835067,5
4,8,96,0.75,identity,1,0.01351572297635075,0.9728297430365473,0.05180118619138895,4
4,8,96,0.75,identity,3,0.022514847669610906,0.9665300944840787,0.04290824643093397,4
4,8,96,0.75,relu,0,0.13826758062092187,0.9672443887544143,0.07392945722713593,6
4,8,96,0.75,relu,2,0.18406100822613425,0.9707863667510974,0.09245696286568789,6
4,8,96,0.75,relu,4,0.09940095281858571,0.9709619051784565,0.04915968957260537,5
4,8,96,1.0,identity,1,0.5355869464109598,0.9965057067005435,0.2649288694169769,2
4,8,96,1.0,identity,3,0.39404302658998264,0.9944706704866291,0.05519105508545167,1
4,8,96,1.0,relu,0,0.5319066612451189,0.9810637029395717,0.16285741908977575,2
4,8,96,1.0,relu,2,0.5318452175437002,0.9873589064931115,0.13353195145489252,3
4,8,96,1.0,relu,4,0.3490208157298775,0.9848149120804411,0.06634436764574658,2
8,16,16,0.0,identity,1,0.035763433446055856,0.5232316801200381,0.26813670412538065,4
8,16,16,0.0,identity,3,0.022509146661709604,0.5718989561898513,0.2406390438120035,4
8,16,16,0.0,relu,0,0.15424511314432662,0.7458982177804288,0.5812185576299435,4
8,16,16,0.0,relu,2,0.14202211083469862,0.8185478254182172,0.48437851308530955,4
8,16,16,0.0,relu,4,0.15089769884065615,0.8092934223211545,0.705849408112918,5
8,16,16,0.25,identity,1,0.03821248316929872,0.9153950661263355,0.09834016314295883,4
8,16,16,0.25,identity,3,0.01924079381893923,0.9058531248068911,0.0637516829210336,4
8,16,16,0.25,relu,0,0.22605520769331963,0.9160808602390362,0.3682163794427858,4
8,16,16,0.25,relu,2,0.1733080121971948,0.9244776198143323,0.3801420785196666,4
8,16,16,0.25,relu,4,0.2570629282036549,0.9431308851880428,0.3975282664184647,5
8,16,16,0.5,identity,1,0.013363092387565327,0.965955489145665,0.028303010912693233,3
8,16,16,0.5,identity,3,0.025918476196587457,0.9657466881593961,0.03126278547402718,4
8,16,16,0.5,relu,0,0.2551523820298249,0.9696235666638973,0.21731048831965125,3
8,16,16,0.5,relu,2,0.24660719745486215,0.963139994434119,0.2536925914793152,3
8,16,16,0.5,relu,4,0.296169884363986,0.9751044105907127,0.25457784718168297,4
8,16,16,0.75,identity,1,0.027550652461788085,0.987934442228216,0.021867842048726906,3
8,16,16,0.75,identity,3,0.03193152905093114,0.9834943469299425,0.0250704735344225,4
8,16,16,0.75,relu,0,0.41977962594193124,0.9793341115382828,0.20910445567679112,4
8,16,16,0.75,relu,2,0.3014598213558883,0.9792775672074199,0.17570243450950837,3
8,16,16,0.75,relu,4,0.4052641513895366,0.9825632691767073,0.1949068916896725,4
8,16,16,1.0,identity,1,0.19731911209978073,0.9968053724087448,0.033442042853166,2
8,16,16,1.0,identity,3,0.2227709847600852,0.9903246084133077,0.04024526634715085,1
8,16,16,1.0,relu,0,0.4989898280161801,0.9881824324430151,0.11934363334765384,2
8,16,16,1.0,relu,2,0.45056088377062636,0.9843383193482927,0.12340732780923457,2
8,16,16,1.0,relu,4,0.4239313975360503,0.987449298364763,0.102071310255142,2
8,16,32,0.0,identity,1,0.006719294004299785,0.42490960749930423,0.18062792062898758,6
8,16,32,0.0,identity,3,0.007217168377678368,0.429175251170725,0.19372288546082994,6
8,16,32,0.0,relu,0,0.015242848966737945,0.7561145566403507,0.12018203554823577,6
8,16,32,0.0,relu,2,0.018641466933389736,0.711216538140615,0.13120381159857347,7
8,16,32,0.0,relu,4,0.014687078645117407,0.6831754155176231,0.13736299867153456,7
8,16,32,0.25,identity,1,0.004967685695783636,0.8987504348523636,0.02717093584800865,5
8,16,32,0.25,identity,3,0.006462548099806169,0.8947600869672241,0.033247358300514965,6
8,16,32,0.25,relu,0,0.018559466027430468,0.9131415705615091,0.09007439503038252,5
8,16,32,0.25,relu,2,0.026109539703327828,0.9089104846182803,0.1037605484197632,6
8,16,32,0.25,relu,4,0.022047710314050815,0.9128785048007307,0.08215749823198508,6
8,16,32,0.5,identity,1,0.007324133041765683,0.9441320267040415,0.029182397581374753,6
8,16,32,0.5,identity,3,0.009360250127698299,0.9405483754830652,0.03037696303428559,6
8,16,32,0.5,relu,0,0.05524891667747347,0.9517686758478432,0.0857130171656958,5
8,16,32,0.5,relu,2,0.040467873171808756,0.9438256412924676,0.08942789584776942,6
8,16,32,0.5,relu,4,0.030491239924156033,0.9496015347837508,0.057341199097772744,5
8,16,32,0.75,identity,1,0.010808438246087279,0.9698308499178929,0.0226023844152932,5
8,16,32,0.75,identity,3,0.013925385942754668,0.9660994626676025,0.029627430354252814,6
8,16,32,0.75,relu,0,0.10747355203696855,0.9688541002679784,0.10102417837865695,6
8,16,32,0.75,relu,2,0.10029344550218788,0.9642185414683797,0.09074284224515954,6
8,16,32,0.75,relu,4,0.07947604179873315,0.9684196941525007,0.07363614070453448,6
8,16,32,1.0,identity,1,0.26841080482415525,0.9964463913119997,0.06353697547112917,3
8,16,32,1.0,identity,3,0.11080335469030379,0.9903413671547634,0.04778679484032528,1
8,16,32,1.0,relu,0,0.3677624309377879,0.9878117862172521,0.07731351669443517,2
8,16,32,1.0,relu,2,0.3253067403134742,0.9848390269848915,0.07425932161766068,2
8,16,32,1.0,relu,4,0.382171924053509,0.9876498668063846,0.07831942410963862,2
8,16,64,0.0,identity,1,0.009304004336377366,0.573955958903548,0.1370604187087167,6
8,16,64,0.0,identity,3,0.009591696477250132,0.5537297197300766,0.1411036836233943,6
8,16,64,0.0,relu,0,0.008611659993284972,0.7891025322510868,0.05910233853326365,7
8,16,64,0.0,relu,2,0.011892028316597856,0.7616549966351928,0.06560810232899726,8
8,16,64,0.0,relu,4,0.014190505732143066,0.7930531665935471,0.06764960167268981,9
8,16,64,0.25,identity,1,0.008771035090645888,0.907398266816481,0.03474366001153028,6
8,16,64,0.25,identity,3,0.009706222393784955,0.9021123301981802,0.033619672362920815,6
8,16,64,0.25,relu,0,0.017631133600356553,0.9331543207611461,0.04771796709846363,7
8,16,64,0.25,relu,2,0.013586549293806592,0.9281830443604909,0.04265025029660838,7
8,16,64,0.25,relu,4,0.015584731760805479,0.9396939229911474,0.04328969713534714,7
8,16,64,0.5,identity,1,0.008932614166435543,0.9447946404316631,0.03503928841427878,6
8,16,64,0.5,identity,3,0.0149705870823897,0.9424153079564678,0.03790084647162759,6
8,16,64,0.5,relu,0,0.0383555293358781,0.960965958823326,0.053678941273778064,7
8,16,64,0.5,relu,2,0.026453660487937236,0.9552456033298159,0.0476031808789081,7
8,16,64,0.5,relu,4,0.039568605844631365,0.9631301737567238,0.05085509148596908,7
8,16,64,0.75,identity,1,0.014187550041642174,0.9683496992299175,0.03088111656136332,6
8,16,64,0.75,identity,3,0.028789874529340106,0.9663505659816769,0.04058602974899175,6
8,16,64,0.75,relu,0,0.08202821519088599,0.9753496770985243,0.06058976541126555,7
8,16,64,0.75,relu,2,0.07370303396143056,0.9702353998986677,0.060805288191062436,7
8,16,64,0.75,relu,4,0.07028008651746055,0.9750989159915745,0.05568709317254876,7
8,16,64,1.0,identity,1,0.32253971316420643,0.9962307818179922,0.0639574401551052,3
8,16,64,1.0,identity,3,0.17526813700696764,0.9903654002792285,0.03734644424936879,1
8,16,64,1.0,relu,0,0.30443528429337297,0.9884819398165801,0.06833946204065122,3
8,16,64,1.0,relu,2,0.33347109489796195,0.9847153501237086,0.07327785723832339,3
8,16,64,1.0,relu,4,0.3207144100110366,0.9873656663892177,0.07000368767937525,3
8,16,96,0.0,identity,1,0.010024154575932418,0.5872350152591435,0.13993304655589303,6
8,16,96,0.0,identity,3,0.009220116085101846,0.5449629697581921,0.15405513381560607,7
8,16,96,0.0,relu,0,0.00812525033663825,0.8005461679034557,0.05108469290588058,8
8,16,96,0.0,relu,2,0.008978928662121842,0.7753310064330892,0.04820109950624748,9
8,16,96,0.0,relu,4,0.007933236257621153,0.7381357671116354,0.05297012248104013,10
8,16,96,0.25,identity,1,0.008467021865073669,0.903278381091823,0.037201588571318014,6
8,16,96,0.25,identity,3,0.012016327339146739,0.9035444827958724,0.03682499227255921,6
8,16,96,0.25,relu,0,0.01680401895666146,0.9415031895460835,0.04107257388724244,8
8,16,96,0.25,relu,2,0.01514499212644435,0.9367073630489412,0.042517479805917434,8
8,16,96,0.25,relu,4,0.01800243332464665,0.9493482460298429,0.04047287058060894,8
8,16,96,0.5,identity,1,0.014072249593534831,0.946022867100953,0.033857653415588926,6
8,16,96,0.5,identity,3,0.01590810383584201,0.9450143430541433,0.04096732438032549,6
8,16,96,0.5,relu,0,0.033478383843566516,0.9632344755581511,0.04613088954584475,8
8,16,96,0.5,relu,2,0.03198987150510088,0.9581470278333464,0.05141137990382995,8
8,16,96,0.5,relu,4,0.030373143151865477,0.9644559345737034,0.04512574935323386,8
8,16,96,0.75,identity,1,0.012941914602996835,0.9686036074989447,0.030866646301850036,6
8,16,96,0.75,identity,3,0.030427221032711314,0.9673109681448725,0.05561141317870026,6
8,16,96,0.75,relu,0,0.06961204991888983,0.9765512907302631,0.05198741996409057,7
8,16,96,0.75,relu,2,0.06696359359681424,0.9732792195027957,0.05823454259819198,8
8,16,96,0.75,relu,4,0.06953061825512276,0.9780460488913567,0.04816207699968377,7
8,16,96,1.0,identity,1,0.30977498677405435,0.9962030288767564,0.0632702071018275,3
8,16,96,1.0,identity,3,0.2042128689647624,0.990343119978559,0.06463670880947818,2
8,16,96,1.0,relu,0,0.3818621943819621,0.9870843157460377,0.09203729988941328,4
8,16,96,1.0,relu,2,0.31834059884520743,0.9853022553598995,0.07394913626114097,3
8,16,96,1.0,relu,4,0.3150206989128399,0.9870284359808276,0.07205457414119569,3
8,1,16,0.0,identity,1,0.09430130283855692,0.6205539096712498,0.3092737631260869,5
8,1,16,0.0,identity,3,0.07343415720121152,0.5893209994882037,0.28792179393330536,5
8,1,16,0.0,relu,0,0.12605192457554987,0.6111938722506286,0.27986827924708824,6
8,1,16,0.0,relu,2,0.26381297258094016,0.6548923356031872,0.36799532664599777,6
8,1,16,0.0,relu,4,0.21443880999801643,0.7406422779760385,0.30675294522978114,6
8,1,16,0.25,identity,1,0.020513717198295544,0.928187983581342,0.06840590453174701,5
8,1,16,0.25,identity,3,0.03317440826464575,0.9476912015748322,0.16589512132717887,6
8,1,16,0.25,relu,0,0.1387509120505311,0.9395863867492305,0.1409553860196632,5
8,1,16,0.25,relu,2,0.10221429565707013,0.9310524710312618,0.1788517984421527,5
8,1,16,0.25,relu,4,0.1843823083699843,0.9442961538291241,0.17904174961681124,6
8,1,16,0.5,identity,1,0.17131503346983096,0.9422087137319559,0.16349072841345466,6
8,1,16,0.5,identity,3,0.02730478814220949,0.9755361171836652,0.1356471428915295,6
8,1,16,0.5,relu,0,0.15197519198442555,0.9561325010500338,0.20229377555493427,5
8,1,16,0.5,relu,2,0.22812782712193796,0.9354805935316075,0.27707121307109167,5
8,1,16,0.5,relu,4,0.18897063943839953,0.9566753000336489,0.15570733006540036,5
8,1,16,0.75,identity,1,0.2425737444540502,0.9692550974564003,0.2797737271440091,6
8,1,16,0.75,identity,3,0.12929492168436835,0.9818066572253238,0.34078858019701436,5
8,1,16,0.75,relu,0,0.3425671791304677,0.9602798321154408,0.20318855894552826,5
8,1,16,0.75,relu,2,0.3223311336716486,0.9297089486170215,0.2184259691084703,5
8,1,16,0.75,relu,4,0.3067748961675098,0.9601906321028728,0.160155457402596,4
8,1,16,1.0,identity,1,0.7330477703746514,0.9919964675058686,0.13928203593090827,1
8,1,16,1.0,identity,3,0.7071781860873941,0.9944400104716461,0.4923028347902333,1
8,1,16,1.0,relu,0,0.8237691610658842,0.9797136755770526,0.13006880938280602,1
8,1,16,1.0,relu,2,0.6760524231439142,0.9665480809156335,0.21150165691000844,1
8,1,16,1.0,relu,4,0.8287164492752622,0.9797316869596326,0.14403806202579594,1
8,1,32,0.0,identity,1,0.05426755189582222,0.6429461033178309,0.2182869102833799,4
8,1,32,0.0,identity,3,0.06605109422295306,0.7081216653017883,0.22758289503267037,5
8,1,32,0.0,relu,0,0.10314007006721726,0.7332117825938708,0.18425155017617675,8
8,1,32,0.0,relu,2,0.07332150001702381,0.6445847319388741,0.2285799916628553,8
8,1,32,0.0,relu,4,0.11327719662862075,0.7520627024277736,0.19851799654301922,9
8,1,32,0.25,identity,1,0.07597929987100155,0.9125883628364139,0.09296794066135947,5
8,1,32,0.25,identity,3,0.06775241815949022,0.9405677521844287,0.14629974895250483,6
8,1,32,0.25,relu,0,0.1238338079885927,0.9337261027133842,0.15067871327378288,6
8,1,32,0.25,relu,2,0.13109563846091185,0.9341517568169508,0.2319293009853231,6
8,1,32,0.25,relu,4,0.1048895421757202,0.9485132265519906,0.16091616883635793,7
8,1,32,0.5,identity,1,0.07952981902728315,0.9240352437226313,0.09071700254434417,5
8,1,32,0.5,identity,3,0.07610545886965399,0.9627887687967183,0.21729594609082942,6
8,1,32,0.5,relu,0,0.11969328469980628,0.9554786273115647,0.1217654698086484,5
8,1,32,0.5,relu,2,0.2611442677522842,0.9334503999266824,0.19814567715553472,6
8,1,32,0.5,relu,4,0.16142732184344102,0.9558697402335903,0.1650433435070413,7
8,1,32,0.75,identity,1,0.1337719992959977,0.9709734783455787,0.12021406944546656,5
8,1,32,0.75,identity,3,0.20503264018636114,0.9817196948114022,0.1717584947315598,6
8,1,32,0.75,relu,0,0.3510394369034488,0.9629604300768094,0.14495545669918664,6
8,1,32,0.75,relu,2,0.3590431828473356,0.9434167135264158,0.20602579215015443,5
8,1,32,0.75,relu,4,0.2699745766502752,0.9587322896646487,0.17650726544434317,6
8,1,32,1.0,identity,1,0.7208128989228443,0.9946060646633113,0.40647191448365155,1
8,1,32,1.0,identity,3,0.8323166284787104,0.9930916894583146,0.6264319167832042,1
8,1,32,1.0,relu,0,0.8079218765719288,0.9801245473302083,0.08702803250640079,1
8,1,32,1.0,relu,2,0.5466609659943351,0.9766685101636484,0.21064756556921632,1
8,1,32,1.0,relu,4,0.8281140344355938,0.9811143085587158,0.09881360260432548,1
8,1,64,0.0,identity,1,0.08610403871862003,0.7600510610666549,0.269145346273503,6
8,1,64,0.0,identity,3,0.018240460564702386,0.785839564030055,0.1999358932300547,6
8,1,64,0.0,relu,0,0.032411314216630675,0.6776463582510719,0.16818448871374056,9
8,1,64,0.0,relu,2,0.06609130616270213,0.7104576521554645,0.17564269610974265,9
8,1,64,0.0,relu,4,0.07793562295412887,0.6349783972037647,0.15876495540317223,10
8,1,64,0.25,identity,1,0.027974298863608207,0.9427495503040342,0.07554436209591871,5
8,1,64,0.25,identity,3,0.03183070791304003,0.9492962193140405,0.1852466314901739,6
8,1,64,0.25,relu,0,0.09899987267843828,0.9433482992698539,0.13962007143858174,7
8,1,64,0.25,relu,2,0.1247581625859971,0.9428406789033672,0.12317465973120868,8
8,1,64,0.25,relu,4,0.09753517143092474,0.9473152842915271,0.1698085347802652,8
8,1,64,0.5,identity,1,0.06968020981209705,0.9577501470006109,0.17615603239787364,6
8,1,64,0.5,identity,3,0.13611886021401273,0.9588893871129197,0.24190275972677722,6
8,1,64,0.5,relu,0,0.14165726012112465,0.9557605694938454,0.15614941469481902,7
8,1,64,0.5,relu,2,0.28728277195665775,0.9523759232791043,0.259053635358142,6
8,1,64,0.5,relu,4,0.24598963379859465,0.9510113996446896,0.17583301329276355,8
8,1,64,0.75,identity,1,0.2690774510853658,0.9704011141619845,0.11425407811755106,5
8,1,64,0.75,identity,3,0.17732853784748853,0.982456744486443,0.13986714451121982,5
8,1,64,0.75,relu,0,0.3994111635513362,0.9684368831471984,0.2030265184061153,7
8,1,64,0.75,relu,2,0.34987749915035665,0.9530333488717405,0.26389707181079003,5
8,1,64,0.75,relu,4,0.3204340610926925,0.9675033143155635,0.148043109116878,6
8,1,64,1.0,identity,1,0.814759569642056,0.9882933729770204,0.19664024363589952,1
8,1,64,1.0,identity,3,0.6171867375794141,0.9922501471822838,0.1281892221204376,1
8,1,64,1.0,relu,0,0.7082673765281315,0.9851369176609809,0.08575546109734956,1
8,1,64,1.0,relu,2,0.7062308469743863,0.9667253489123339,0.2510137575966605,1
8,1,64,1.0,relu,4,0.7678708773552609,0.9832009229360825,0.0936472189273076,1
8,1,96,0.0,identity,1,0.014899433681175779,0.8180288485052601,0.11074118238149948,5
8,1,96,0.0,identity,3,0.03069905123522882,0.8370287390814481,0.15499805302898387,6
8,1,96,0.0,relu,0,0.07478748132239962,0.8096624350123967,0.11901032191402722,10
8,1,96,0.0,relu,2,0.0509837231848937,0.7284187821601706,0.16926291384103626,9
8,1,96,0.0,relu,4,0.03832775932927615,0.784151011867346,0.162471588418788,10
8,1,96,0.25,identity,1,0.020437699856399087,0.9246414505213958,0.09903907866978152,5
8,1,96,0.25,identity,3,0.04744270292562276,0.9480353226368059,0.13919831569966062,6
8,1,96,0.25,relu,0,0.12385525582956416,0.9463253574946504,0.1367915918448035,8
8,1,96,0.25,relu,2,0.15127723237846902,0.9383386960732283,0.1881009059119538,8
8,1,96,0.25,relu,4,0.10184941837660882,0.9509078875119285,0.13085182117796584,8
8,1,96,0.5,identity,1,0.04371963803288492,0.9509384825050583,0.09273450047799187,6
8,1,96,0.5,identity,3,0.14694538422865694,0.9644429769629603,0.15811334143814817,6
8,1,96,0.5,relu,0,0.21250354021779036,0.9560612463598277,0.15142708916842526,8
8,1,96,0.5,relu,2,0.16741817683013013,0.9438158954616778,0.17471322818423926,6
8,1,96,0.5,relu,4,0.16050924051407434,0.9564419765988983,0.14314800828220153,8
8,1,96,0.75,identity,1,0.0806832806316245,0.9779526167307433,0.09643273006846428,6
8,1,96,0.75,identity,3,0.2534026240068251,0.9725504893454336,0.19938840427914403,6
8,1,96,0.75,relu,0,0.29632339605619307,0.9622603095683211,0.16021192140212265,7
8,1,96,0.75,relu,2,0.3489086201968142,0.9523349904920212,0.22636634593778368,6
8,1,96,0.75,relu,4,0.22469135026221676,0.9672392257091358,0.12543437934210938,6
8,1,96,1.0,identity,1,0.752437298399645,0.9917455108374394,0.13515480106621505,1
8,1,96,1.0,identity,3,0.6929330142039675,0.9910141502071688,0.15231148662373442,1
8,1,96,1.0,relu,0,0.7869372483424695,0.9803085170736715,0.10937376633405752,1
8,1,96,1.0,relu,2,0.579908946939351,0.9754985989685875,0.14107937338657947,1
8,1,96,1.0,relu,4,0.7010402971294025,0.9867782137110462,0.06790940730831042,1
8,2,16,0.0,identity,1,0.02022250776037041,0.5177642948230637,0.27687009065216805,5
8,2,16,0.0,identity,3,0.010804544143885342,0.4488063950530973,0.39814048331756674,6
8,2,16,0.0,relu,0,0.10439502527638277,0.6359510938246025,0.33695953694823805,6
8,2,16,0.0,relu,2,0.13924757453114237,0.5864997169062982,0.3458871757237039,7
8,2,16,0.0,relu,4,0.148172724941793,0.680809437321036,0.3603287914884402,7
8,2,16,0.25,identity,1,0.045850088914046565,0.9273676265137185,0.05923486151003572,6
8,2,16,0.25,identity,3,0.041393774530779144,0.9230927220261097,0.05147873855483278,6
8,2,16,0.25,relu,0,0.0856119840449219,0.9231157746262749,0.17281843655588172,5
8,2,16,0.25,relu,2,0.04456817442460542,0.9178816968252562,0.15494760751992812,5
8,2,16,0.25,relu,4,0.06892482685702346,0.9209259814617285,0.15018575462435715,6
8,2,16,0.5,identity,1,0.044590329335276936,0.9717933853822242,0.11634291548627439,6
8,2,16,0.5,identity,3,0.05245269969895721,0.9558341679540261,0.09234543478045684,6
8,2,16,0.5,relu,0,0.29145414185120677,0.9543400080332745,0.1626749021038074,6
8,2,16,0.5,relu,2,0.19382302888694553,0.955847911707384,0.18085607630154793,5
8,2,16,0.5,relu,4,0.14940809361961277,0.9444267683420084,0.15105743062871652,6
8,2,16,0.75,identity,1,0.15228134840538085,0.9745710302666031,0.08400299419310797,6
8,2,16,0.75,identity,3,0.043749453600696764,0.976510897969739,0.12045791852274698,6
8,2,16,0.75,relu,0,0.3376590125822216,0.9668810258005341,0.1674562220538719,5
8,2,16,0.75,relu,2,0.38651582516054295,0.97362202775075,0.17970781346658007,5
8,2,16,0.75,relu,4,0.3582470888958693,0.9624430720374089,0.14202492671354655,5
8,2,16,1.0,identity,1,0.8287125744861848,0.9977419399509071,0.2941057872134687,1
8,2,16,1.0,identity,3,0.9010158280460793,0.9842249798728495,0.1355973051407871,1
8,2,16,1.0,relu,0,0.8709243662202474,0.9824708848308497,0.20905818020936578,2
8,2,16,1.0,relu,2,0.605849740482448,0.9824662232278251,0.10709412883132725,1
8,2,16,1.0,relu,4,0.7543535702348558,0.973071203128249,0.14358266258673386,1
8,2,32,0.0,identity,1,0.023657655608921833,0.6352460538583588,0.2201321910162748,6
8,2,32,0.0,identity,3,0.09451246965091131,0.6438814842300788,0.2614335826196233,6
8,2,32,0.0,relu,0,0.04445012700370013,0.6378907675208463,0.1605461263058579,8
8,2,32,0.0,relu,2,0.03914583626523682,0.6724137430953295,0.1549381803109489,8
8,2,32,0.0,relu,4,0.0730475714287035,0.6115175371546806,0.17354406160690927,9
8,2,32,0.25,identity,1,0.027955138998118426,0.9228997852800356,0.07554183480318079,6
8,2,32,0.25,identity,3,0.0241562057970722,0.9254756035559518,0.07543298701334511,6
8,2,32,0.25,relu,0,0.0707365632256733,0.9337905884024904,0.12945033178974943,6
8,2,32,0.25,relu,2,0.0798853250616019,0.9388836269028992,0.12303635558712174,7
8,2,32,0.25,relu,4,0.04694708011993904,0.9070452626041787,0.13936992295805317,7
8,2,32,0.5,identity,1,0.05831757846642719,0.9504440589861962,0.0824524243129392,6
8,2,32,0.5,identity,3,0.02492604367204698,0.9525754408967937,0.07292699185410158,6
8,2,32,0.5,relu,0,0.10151880989700612,0.9572441435156789,0.09524970238926159,6
8,2,32,0.5,relu,2,0.13328665989098498,0.9612724299056233,0.1315454237822743,7
8,2,32,0.5,relu,4,0.09580549412727836,0.9212057413990729,0.12672858328533076,7
8,2,32,0.75,identity,1,0.17280439700677055,0.9742501916641008,0.10605960959517859,6
8,2,32,0.75,identity,3,0.1368184024482128,0.9682123955897237,0.07768608786739328,6
8,2,32,0.75,relu,0,0.2311741246951764,0.9676113576615412,0.13808506185074193,6
8,2,32,0.75,relu,2,0.28701826093541594,0.9718911200853457,0.19131959389690528,6
8,2,32,0.75,relu,4,0.20540262012899224,0.9496011482248861,0.11889996278667549,7
8,2,32,1.0,identity,1,0.9176745410919253,0.9933473940391353,0.08698049592531634,1
8,2,32,1.0,identity,3,0.9023179015278073,0.9880834235794738,0.082685136122818,1
8,2,32,1.0,relu,0,0.8482661670812631,0.9832692376321418,0.1703548273266764,2
8,2,32,1.0,relu,2,0.8396504002423377,0.9804137187877165,0.2614524345087404,2
8,2,32,1.0,relu,4,0.7550667811370563,0.9814472301082999,0.14716864943701485,2
8,2,64,0.0,identity,1,0.026424166540013363,0.7080985498425213,0.15899925134416917,5
8,2,64,0.0,identity,3,0.024236811324212387,0.6918420035095887,0.20753307297515264,6
8,2,64,0.0,relu,0,0.03863757643041263,0.6835001329248028,0.12360169222381825,10
8,2,64,0.0,relu,2,0.054943194434396825,0.7351899327867991,0.1382428844098297,10
8,2,64,0.0,relu,4,0.06000651254512825,0.6981547442711769,0.15444794398697634,10
8,2,64,0.25,identity,1,0.029865988587868,0.9274624790399555,0.07735987626966506,6
8,2,64,0.25,identity,3,0.038119099433710016,0.9295396141623375,0.08554220720253208,6
8,2,64,0.25,relu,0,0.046252685276680784,0.9450194774299681,0.09033210013065675,8
8,2,64,0.25,relu,2,0.04862008462964918,0.9479226909139163,0.1014726535551081,9
8,2,64,0.25,relu,4,0.0790919292857944,0.9353854031481981,0.0990524056895858,9
8,2,64,0.5,identity,1,0.04455970190166649,0.9570121785136151,0.08294470635386623,6
8,2,64,0.5,identity,3,0.04617510981116612,0.9510939471684338,0.06328581939002366,6
8,2,64,0.5,relu,0,0.13633586429765193,0.9573872197908043,0.10527601790935724,7
8,2,64,0.5,relu,2,0.11793042019907728,0.9616863120479062,0.09773769901393135,8
8,2,64,0.5,relu,4,0.08302436869535941,0.9447404396345129,0.10685147077787974,9
8,2,64,0.75,identity,1,0.1866149466398095,0.9698672583610752,0.09766604175303682,6
8,2,64,0.75,identity,3,0.09700079011028374,0.9705227063479653,0.06808227281139916,6
8,2,64,0.75,relu,0,0.2468880264657446,0.9701623272347657,0.1284525381088707,6
8,2,64,0.75,relu,2,0.27530072969205915,0.9720844759670375,0.1720289372062699,7
8,2,64,0.75,relu,4,0.20393412770283373,0.9544233806942206,0.11736622220032128,9
8,2,64,1.0,identity,1,0.83118071979446,0.997371521495546,0.030088598537287747,1
8,2,64,1.0,identity,3,0.8904402596063039,0.9878741419996262,0.112950217662025,1
8,2,64,1.0,relu,0,0.8119031067719619,0.9836497556538818,0.1297091066408709,2
8,2,64,1.0,relu,2,0.810935788492631,0.9805322109867878,0.2736684484902131,2
8,2,64,1.0,relu,4,0.793463998240544,0.9793556046687101,0.18358962100448323,2
8,2,96,0.0,identity,1,0.03811162846389487,0.7659332475430956,0.12673488736136207,6
8,2,96,0.0,identity,3,0.04993444795890356,0.7506748662153703,0.14454441078347682,6
8,2,96,0.0,relu,0,0.02617418626308994,0.5606763900221955,0.13398320472721234,11
8,2,96,0.0,relu,2,0.03615479896170738,0.5957919889071063,0.16058318920070386,10
8,2,96,0.0,relu,4,0.0807263405262489,0.6972177276248706,0.15681866973090405,11
8,2,96,0.25,identity,1,0.02687760719636509,0.9270173771476057,0.10492382393169399,6
8,2,96,0.25,identity,3,0.025603184722256055,0.9319418313208798,0.0632939221621776,6
8,2,96,0.25,relu,0,0.03665727053204957,0.9401805900203687,0.09287111898354877,7
8,2,96,0.25,relu,2,0.03947778081997352,0.9484724723770396,0.10497764430098243,9
8,2,96,0.25,relu,4,0.04873551636687603,0.9333102565184956,0.07536561334457939,10
8,2,96,0.5,identity,1,0.0519710143326038,0.9568960513027182,0.06625997694810445,6
8,2,96,0.5,identity,3,0.024908310076345096,0.9595614132018632,0.07126498565335042,6
8,2,96,0.5,relu,0,0.1324901655570745,0.9575814614405486,0.10768747613726322,8
8,2,96,0.5,relu,2,0.10685123996811462,0.9638676487158006,0.11202667620554434,9
8,2,96,0.5,relu,4,0.08232384949801003,0.9363588252615117,0.09379895955414552,9
8,2,96,0.75,identity,1,0.17210980469606169,0.9754148731222749,0.09165307569053219,6
8,2,96,0.75,identity,3,0.11750612420591774,0.972238387049479,0.08337141778300947,6
8,2,96,0.75,relu,0,0.30294654375681607,0.9682079882887084,0.14860810666561905,7
8,2,96,0.75,relu,2,0.29209411603614793,0.9737029570961482,0.17393142449873883,7
8,2,96,0.75,relu,4,0.2158353051824234,0.9521879457422733,0.16608074244288865,8
8,2,96,1.0,identity,1,0.9233224352382525,0.9926335879334832,0.13934178592935428,1
8,2,96,1.0,identity,3,0.901746152452801,0.9882288491835169,0.07962882335504663,1
8,2,96,1.0,relu,0,0.7794188522998665,0.9848223844779418,0.09992775204380355,2
8,2,96,1.0,relu,2,0.8314755611045798,0.9817437792499163,0.29609499795830435,2
8,2,96,1.0,relu,4,0.7925739600543904,0.9815156176306273,0.16179706680910402,2
8,32,16,0.0,identity,1,0.03649849237119758,0.7518791551487247,0.2296478844292618,4
8,32,16,0.0,identity,3,0.046814827206278185,0.7972494805221327,0.2749348356288969,5
8,32,16,0.0,relu,0,0.1477357220048221,0.8750837345860459,0.37122320529627684,4
8,32,16,0.0,relu,2,0.126414221731111,0.8913446364409785,0.4207054833578986,4
8,32,16,0.0,relu,4,0.0732248778802531,0.897425374359709,0.2482933041948203,4
8,32,16,0.25,identity,1,0.047856157946397096,0.9535412043848142,0.08156205063363106,4
8,32,16,0.25,identity,3,0.06285138646386765,0.9676469394599668,0.07906456446091895,5
8,32,16,0.25,relu,0,0.30033882089761427,0.9630981812827569,0.32265409418315283,4
8,32,16,0.25,relu,2,0.24339063879931203,0.9565954067523416,0.3277832645786351,4
8,32,16,0.25,relu,4,0.2118708259752161,0.976597284111171,0.3131036627402621,4
8,32,16,0.5,identity,1,0.07844781213753625,0.9841076573989622,0.05498526470569342,4
8,32,16,0.5,identity,3,0.052099903752360996,0.9897963638619067,0.03654774208903048,4
8,32,16,0.5,relu,0,0.4891572095754008,0.9857213997541899,0.23342735215804614,5
8,32,16,0.5,relu,2,0.3249026451800086,0.978472743418893,0.2997692672035265,4
8,32,16,0.5,relu,4,0.37513923978048963,0.9872970156010226,0.21436359205294506,5
8,32,16,0.75,identity,1,0.11406434277039944,0.9929188673315614,0.03537887803508919,4
8,32,16,0.75,identity,3,0.09134540754364022,0.9943072189323979,0.03417669206981768,5
8,32,16,0.75,relu,0,0.4899470761804869,0.9894678671787838,0.16539455093280103,5
8,32,16,0.75,relu,2,0.37885592846681504,0.9840222560164199,0.18842538818106705,3
8,32,16,0.75,relu,4,0.5201408066384313,0.9887745593316205,0.20660223241509673,5
8,32,16,1.0,identity,1,0.1733191607454694,0.9982100373155168,0.11910863630256889,2
8,32,16,1.0,identity,3,0.20184773668978465,0.9971796168591351,0.058804992735423625,2
8,32,16,1.0,relu,0,0.5464227315370345,0.9924701008785594,0.06485424939738493,1
8,32,16,1.0,relu,2,0.35505913440134634,0.9879488218762332,0.0850012631576248,1
8,32,16,1.0,relu,4,0.5489699096895048,0.9918504689366727,0.10323679192005453,2
8,32,32,0.0,identity,1,0.013610002479031618,0.5083964682280199,0.15202470038379,5
8,32,32,0.0,identity,3,0.009540972354768024,0.5463541686552704,0.13703577260877878,5
8,32,32,0.0,relu,0,0.015182154227841353,0.6435770735613086,0.16479203339456364,5
8,32,32,0.0,relu,2,0.019499495652493908,0.6750559890102993,0.18825542202282866,5
8,32,32,0.0,relu,4,0.020809585699853167,0.673268121221139,0.20102913128369138,6
8,32,32,0.25,identity,1,0.020063205341608187,0.9013048954629349,0.044258548521704265,5
8,32,32,0.25,identity,3,0.010835378524618165,0.9202259852560541,0.03379752758232072,5
8,32,32,0.25,relu,0,0.028671274984916294,0.9229062290193363,0.07569799003649243,5
8,32,32,0.25,relu,2,0.02752986791303014,0.9064250096263646,0.08519052296432386,5
8,32,32,0.25,relu,4,0.04760981553175393,0.9305618422319066,0.10467255014168318,7
8,32,32,0.5,identity,1,0.02048959209415708,0.9523254203161036,0.033088292142245776,5
8,32,32,0.5,identity,3,0.01198006191975422,0.9608497252167457,0.025679523021654684,5
8,32,32,0.5,relu,0,0.06433158630745829,0.9582604483158134,0.0635487544420511,6
8,32,32,0.5,relu,2,0.044884800473490055,0.9521673979033443,0.07455801501432488,5
8,32,32,0.5,relu,4,0.057389032394438,0.9582033630963278,0.07327173819188049,7
8,32,32,0.75,identity,1,0.027066103800619638,0.9757278626868165,0.03284830194776662,5
8,32,32,0.75,identity,3,0.017134987103577325,0.9784681414437936,0.028243797643024305,5
8,32,32,0.75,relu,0,0.10040274355854457,0.9740110453995697,0.07386811321242011,6
8,32,32,0.75,relu,2,0.10545198666212006,0.9693024081802077,0.08991303467252706,6
8,32,32,0.75,relu,4,0.09009041493411529,0.9742918032787249,0.07697675526195653,7
8,32,32,1.0,identity,1,0.20037436327507618,0.9982136600023629,0.08005963627597454,2
8,32,32,1.0,identity,3,0.2663557959577731,0.9964444612404271,0.03494505933019978,2
8,32,32,1.0,relu,0,0.505697504143033,0.9916060582109617,0.07312271863119019,2
8,32,32,1.0,relu,2,0.3483507564622049,0.9872095015539689,0.09562612307425115,2
8,32,32,1.0,relu,4,0.39522796976669544,0.9920171222155251,0.057542519739901384,2
8,32,64,0.0,identity,1,0.00789981367849411,0.5690806602872671,0.09713723337792704,6
8,32,64,0.0,identity,3,0.0074593802341371696,0.6027388569943365,0.09828778388217102,6
8,32,64,0.0,relu,0,0.00992566400571266,0.792301942992417,0.06065083894856857,7
8,32,64,0.0,relu,2,0.01087485128857788,0.7681056592390015,0.05976923272222247,8
8,32,64,0.0,relu,4,0.011078540638588902,0.7808746226603768,0.07252719956854595,8
8,32,64,0.25,identity,1,0.007227082936939689,0.8870088613193149,0.033759983631228827,6
8,32,64,0.25,identity,3,0.007412677614308294,0.9006363317106003,0.03097054407698686,6
8,32,64,0.25,relu,0,0.01646194846811387,0.9237812720850288,0.045619484743964066,7
8,32,64,0.25,relu,2,0.017957490891932847,0.9184810262676002,0.04841020956657645,7
8,32,64,0.25,relu,4,0.016097347084843273,0.9275090529942862,0.04978877850535778,7
8,32,64,0.5,identity,1,0.008648388891955978,0.9314725728739094,0.03336870518813129,6
8,32,64,0.5,identity,3,0.010675096369918969,0.943467061561587,0.02915068958836835,6
8,32,64,0.5,relu,0,0.02468008738889582,0.9544364096019949,0.04784039826510072,7
8,32,64,0.5,relu,2,0.025449324506351855,0.9460771095574191,0.0466343725299146,7
8,32,64,0.5,relu,4,0.02379455585009019,0.9545434935322665,0.0551952738517342,8
8,32,64,0.75,identity,1,0.014968822999595512,0.963313071021786,0.03513779631781179,6
8,32,64,0.75,identity,3,0.014459905353876206,0.9687299670528363,0.0299558829213004,6
8,32,64,0.75,relu,0,0.06960323153432732,0.9741097783429542,0.05492640335814005,7
8,32,64,0.75,relu,2,0.06020742529738789,0.9694519276578629,0.06742631508005677,7
8,32,64,0.75,relu,4,0.06733420113482701,0.9751477523214926,0.06159220534557113,8
8,32,64,1.0,identity,1,0.19536443339547965,0.9979671393898485,0.10140278105792162,2
8,32,64,1.0,identity,3,0.3288736772966256,0.9962320536676831,0.059969177481623066,3
8,32,64,1.0,relu,0,0.37800392177110076,0.9913187108729276,0.05474923675798058,3
8,32,64,1.0,relu,2,0.3674401018572649,0.9874969416127901,0.10389232658204252,3
8,32,64,1.0,relu,4,0.3950879735847253,0.9910179501953011,0.07642397714651919,4
8,32,96,0.0,identity,1,0.010086644856578082,0.6868803695403866,0.08878560281472908,6
8,32,96,0.0,identity,3,0.011973795514223886,0.6018826788431557,0.11685582607936085,7
8,32,96,0.0,relu,0,0.004796378322925527,0.7841408772124643,0.03905956960660998,8
8,32,96,0.0,relu,2,0.006457692893900065,0.772631275923317,0.04215297377458969,10
8,32,96,0.0,relu,4,0.005827627672441832,0.7858096075014851,0.043371906941208974,9
8,32,96,0.25,identity,1,0.00914840701583503,0.8931918243651434,0.0361923460686245,6
8,32,96,0.25,identity,3,0.009465345473013215,0.9074064895947621,0.03373250407874484,6
8,32,96,0.25,relu,0,0.014574952421560584,0.9395691960025285,0.040715035747378274,8
8,32,96,0.25,relu,2,0.01614833625432912,0.9348687050227118,0.042536886100537956,8
8,32,96,0.25,relu,4,0.01788378915773543,0.9390762403269979,0.043442607952697374,9
8,32,96,0.5,identity,1,0.010468084083779465,0.9333868600329372,0.035106105976201174,6
8,32,96,0.5,identity,3,0.013840043202926226,0.946080661398603,0.030347824300733177,6
8,32,96,0.5,relu,0,0.02122080714995133,0.964088032892966,0.03278872110871931,7
8,32,96,0.5,relu,2,0.023419906040375266,0.95647641198497,0.04268382663724239,8
8,32,96,0.5,relu,4,0.031055519919820116,0.9639204870394961,0.0480352770429578,9
8,32,96,0.75,identity,1,0.016526354128033594,0.9632351609356121,0.03659524642153599,6
8,32,96,0.75,identity,3,0.01684202911318352,0.970787698292422,0.03529273658190651,6
8,32,96,0.75,relu,0,0.0560313428345129,0.9791152480959514,0.04189754709837843,7
8,32,96,0.75,relu,2,0.08182359730576258,0.9728509062004247,0.06519641895257337,8
8,32,96,0.75,relu,4,0.06498524658458082,0.9778473390939134,0.05417283672935888,9
8,32,96,1.0,identity,1,0.18402066286188293,0.9977693975090325,0.058867664556754046,2
8,32,96,1.0,identity,3,0.27696280979296234,0.9964832299433969,0.05542215493891912,3
8,32,96,1.0,relu,0,0.39205383696889523,0.9912877867236376,0.06670457987008824,4
8,32,96,1.0,relu,2,0.4207064201772302,0.9868482739045394,0.13701816126554467,4
8,32,96,1.0,relu,4,0.3986622174631305,0.9913200462357883,0.07987388555982482,4
8,4,16,0.0,identity,1,0.027536152316530657,0.38389418423159094,0.3478970561320804,5
8,4,16,0.0,identity,3,0.012275493132311195,0.32471538852672066,0.44568918994958134,6
8,4,16,0.0,relu,0,0.04130498224513137,0.7307849578903373,0.3203673386691674,6
8,4,16,0.0,relu,2,0.060945449473502604,0.6447772512609939,0.32795088578756826,7
8,4,16,0.0,relu,4,0.04716490224956561,0.7539787565705621,0.25949728598645705,7
8,4,16,0.25,identity,1,0.015217437079408048,0.9231162432308916,0.049870985062613976,5
8,4,16,0.25,identity,3,0.014442480317312776,0.9178103435840334,0.041916405883982086,6
8,4,16,0.25,relu,0,0.08623823793442388,0.9097229016267819,0.20983503217421814,4
8,4,16,0.25,relu,2,0.13196938552660253,0.9213898303752543,0.21891629376088176,6
8,4,16,0.25,relu,4,0.11743074509966901,0.9210805906932418,0.2645635694055562,6
8,4,16,0.5,identity,1,0.013685770291227861,0.9594021957541424,0.03580642324590019,5
8,4,16,0.5,identity,3,0.013185180130216885,0.9614520546353801,0.03694920180265828,6
8,4,16,0.5,relu,0,0.13707400003529532,0.9546431654395476,0.1732377527286572,5
8,4,16,0.5,relu,2,0.1332447683008376,0.9578666366872822,0.20958874879027836,5
8,4,16,0.5,relu,4,0.2104444669993373,0.9559107252399527,0.211938693537464,5
8,4,16,0.75,identity,1,0.025697566244015018,0.9833282493296984,0.039408106681221314,5
8,4,16,0.75,identity,3,0.021141307625359762,0.9786076488669894,0.03678721293896901,6
8,4,16,0.75,relu,0,0.15076741342615665,0.974090645254011,0.09768036032653932,4
8,4,16,0.75,relu,2,0.24473538495011543,0.9720842234098863,0.1523451142582901,4
8,4,16,0.75,relu,4,0.272496955927054,0.9669074211688377,0.13580715540876998,4
8,4,16,1.0,identity,1,0.6885492687063953,0.9956985884512051,0.16106391900189634,2
8,4,16,1.0,identity,3,0.24993660670059728,0.9943172829780201,0.0366026389196813,2
8,4,16,1.0,relu,0,0.37051805745726746,0.9836553622444117,0.12435735850066057,2
8,4,16,1.0,relu,2,0.5005140685311029,0.9838911091943081,0.06434880604460284,1
8,4,16,1.0,relu,4,0.6040788931892713,0.9786553388921452,0.08906782210437121,2
8,4,32,0.0,identity,1,0.017780471322142735,0.5750076307679085,0.21836377903349,5
8,4,32,0.0,identity,3,0.01700201166029086,0.5464847242210187,0.2738187845061377,6
8,4,32,0.0,relu,0,0.04449257387688167,0.7623643217411392,0.17218421978788584,8
8,4,32,0.0,relu,2,0.03115617408511398,0.6965959625751015,0.1288753119729942,8
8,4,32,0.0,relu,4,0.03644346782888488,0.688073794546062,0.12046721442161744,8
8,4,32,0.25,identity,1,0.024311090468499587,0.9281959685504226,0.06146279003809025,6
8,4,32,0.25,identity,3,0.014325060968466127,0.923195278130853,0.05075144891316505,6
8,4,32,0.25,relu,0,0.033855950819233004,0.9355194424481463,0.09216554717687658,6
8,4,32,0.25,relu,2,0.029271064619589605,0.927713044107974,0.10755405883457386,7
8,4,32,0.25,relu,4,0.04371314910914321,0.9374852092190996,0.09214217000405024,7
8,4,32,0.5,identity,1,0.022154018028277423,0.9590774606738267,0.04822199877334734,6
8,4,32,0.5,identity,3,0.014369753714727535,0.9556396667655395,0.0454534607960761,6
8,4,32,0.5,relu,0,0.0591500401896036,0.9533611405651404,0.09310419998791088,6
8,4,32,0.5,relu,2,0.08119464119532695,0.9555763095312013,0.10278313083597543,7
8,4,32,0.5,relu,4,0.12209422668991754,0.9529126470547371,0.10929280525226845,7
8,4,32,0.75,identity,1,0.05277573525993466,0.9780614042206378,0.05866350301785036,5
8,4,32,0.75,identity,3,0.06976570038345295,0.9725943331957878,0.061434595678830875,7
8,4,32,0.75,relu,0,0.11906876551190514,0.9706143538040265,0.07338616570513902,6
8,4,32,0.75,relu,2,0.15849564395186874,0.9721098293005234,0.09768866184542101,6
8,4,32,0.75,relu,4,0.1860810817705421,0.9689771908104068,0.09026661150860021,7
8,4,32,1.0,identity,1,0.535741919529325,0.997042656349648,0.20318387622336098,2
8,4,32,1.0,identity,3,0.3653303541580667,0.9939798097155302,0.14476358924301513,2
8,4,32,1.0,relu,0,0.4637843458167086,0.9818725282671454,0.12161934789390197,3
8,4,32,1.0,relu,2,0.5654635294975111,0.983725330963341,0.09907383062183955,2
8,4,32,1.0,relu,4,0.6125064461047686,0.9835922862647454,0.0915511075482916,3
8,4,64,0.0,identity,1,0.03018352382657144,0.596717440631897,0.19721678386310953,5
8,4,64,0.0,identity,3,0.01621784063536172,0.5964974088089271,0.1968865096032871,6
8,4,64,0.0,relu,0,0.02661239383010369,0.733021028951431,0.10583831447062261,8
8,4,64,0.0,relu,2,0.03294506330303472,0.7259046060187019,0.10416305664361612,9
8,4,64,0.0,relu,4,0.01739062627625848,0.7310570857261246,0.09700688578862449,10
8,4,64,0.25,identity,1,0.013999443327135113,0.9277694483734539,0.06421886675391394,6
8,4,64,0.25,identity,3,0.017828371366903573,0.9276726584023819,0.06456897870630467,7
8,4,64,0.25,relu,0,0.037233045925944286,0.9459844433348563,0.07211348107222805,8
8,4,64,0.25,relu,2,0.02775586030709257,0.9392589509271181,0.07159636130703681,8
8,4,64,0.25,relu,4,0.03462042465848979,0.9389061426740835,0.07028741405656894,8
8,4,64,0.5,identity,1,0.027481288074732543,0.9603511622404323,0.057890639479146536,6
8,4,64,0.5,identity,3,0.0257339946619085,0.9546781047098625,0.04540965741423138,7
8,4,64,0.5,relu,0,0.051723089249991805,0.9576326749490123,0.07288874351522752,8
8,4,64,0.5,relu,2,0.06971589374776174,0.9591798054213262,0.07972988494691549,8
8,4,64,0.5,relu,4,0.09121095590606881,0.9585496122810747,0.08212664585119038,9
8,4,64,0.75,identity,1,0.0703725697654894,0.9784877214884414,0.07316303555946817,6
8,4,64,0.75,identity,3,0.07900009545776919,0.9712075960632024,0.07377635035184654,7
8,4,64,0.75,relu,0,0.17934156675781027,0.9719357354127549,0.09887134441213233,8
8,4,64,0.75,relu,2,0.1516205599571905,0.9705856510041683,0.10149444017153482,8
8,4,64,0.75,relu,4,0.15129336394903295,0.9676451767796181,0.09686513058218355,8
8,4,64,1.0,identity,1,0.6009823090784053,0.9960521956218302,0.1223744550508918,2
8,4,64,1.0,identity,3,0.3829619503898285,0.9921024941865578,0.08263419781473808,2
8,4,64,1.0,relu,0,0.5534535997518851,0.9827100771465935,0.14305837040307665,4
8,4,64,1.0,relu,2,0.6352091564728289,0.9819117650633795,0.10954251821581956,3
8,4,64,1.0,relu,4,0.44918593586167344,0.9825749324895998,0.14014547286176918,3
8,4,96,0.0,identity,1,0.025337863846026334,0.6493646223014418,0.12974235943044474,5
8,4,96,0.0,identity,3,0.013763909853864444,0.6789530342036151,0.1410439425243066,6
8,4,96,0.0,relu,0,0.026639930727414107,0.7546995107865057,0.09263899440017632,9
8,4,96,0.0,relu,2,0.01583693568516663,0.7443659739441622,0.07890483729672845,8
8,4,96,0.0,relu,4,0.04039008941306663,0.6741998471889747,0.10372396602568956,11
8,4,96,0.25,identity,1,0.01939015561961924,0.9320995202685846,0.05793669299562714,6
8,4,96,0.25,identity,3,0.014279394842243096,0.9313879294873678,0.049834184963939245,6
8,4,96,0.25,relu,0,0.03730044334379241,0.9459846769244267,0.06772288858968126,8
8,4,96,0.25,relu,2,0.03280627677753856,0.9430734352084863,0.06943777228023931,8
8,4,96,0.25,relu,4,0.031117068802042378,0.9350844059648569,0.08484511620600933,10
8,4,96,0.5,identity,1,0.018343020715395182,0.9614710093224673,0.050113350692922685,6
8,4,96,0.5,identity,3,0.015317497866440287,0.9600716986082912,0.05584462124781132,7
8,4,96,0.5,relu,0,0.0491023704187695,0.9647734299575785,0.07940765135332936,8
8,4,96,0.5,relu,2,0.06596361396484104,0.9564194550988836,0.08355675238980975,9
8,4,96,0.5,relu,4,0.06583096431201793,0.9551842374111464,0.09322057241269006,10
8,4,96,0.75,identity,1,0.08568056239440301,0.979386002046719,0.08111567248119105,6
8,4,96,0.75,identity,3,0.037762676985333046,0.9721128072328633,0.053056604378968066,7
8,4,96,0.75,relu,0,0.147471108554862,0.9745977182065596,0.08984754150085573,8
8,4,96,0.75,relu,2,0.17920455967020726,0.9733182245803141,0.09296426017052706,9
8,4,96,0.75,relu,4,0.14173439581963485,0.9683286905929654,0.12550220649679728,9
8,4,96,1.0,identity,1,0.6177194908976912,0.9943942059937236,0.16392557078645617,2
8,4,96,1.0,identity,3,0.3884764866079563,0.9914367239829673,0.10123303827756619,2
8,4,96,1.0,relu,0,0.45043578967771813,0.9838461608598996,0.15477974009458184,4
8,4,96,1.0,relu,2,0.59912897472257,0.9841894960829142,0.13936559208614832,3
8,4,96,1.0,relu,4,0.5113030505503398,0.9830158534991931,0.14489981122079157,4
8,8,16,0.0,identity,1,0.0058271338515825085,0.2841360595784748,0.36736115516696705,5
8,8,16,0.0,identity,3,0.005059104368505533,0.2628501516130369,0.3797471263452413,6
8,8,16,0.0,relu,0,0.04751771442226472,0.6633328004025938,0.5678676633165997,5
8,8,16,0.0,relu,2,0.05651131895362907,0.5894379247836224,0.7216586308765593,5
8,8,16,0.0,relu,4,0.05066561878840905,0.550026850077883,0.583092786979757,6
8,8,16,0.25,identity,1,0.005098302697045177,0.8781286004710557,0.06603282144737857,4
8,8,16,0.25,identity,3,0.005855247419179985,0.8874018367215389,0.06471102186428745,5
8,8,16,0.25,relu,0,0.07941756669828802,0.8786150976946503,0.26643077270226506,5
8,8,16,0.25,relu,2,0.12417762926954086,0.8747142187658218,0.43138598201807005,5
8,8,16,0.25,relu,4,0.07033555497542557,0.8908081850954224,0.2479425414248078,5
8,8,16,0.5,identity,1,0.008136375591510503,0.9525144141324431,0.0670957711375615,4
8,8,16,0.5,identity,3,0.013653907927070195,0.9575260462245386,0.04783452567387878,4
8,8,16,0.5,relu,0,0.0989508477479263,0.9534884295102779,0.20902582978651532,3
8,8,16,0.5,relu,2,0.14221660591429555,0.9553911213005813,0.287365739203013,4
8,8,16,0.5,relu,4,0.25538827058094066,0.9631076119088375,0.24640739812471651,5
8,8,16,0.75,identity,1,0.039633358979238385,0.9803126658376283,0.024791819453699713,3
8,8,16,0.75,identity,3,0.014248431447000894,0.98508486150075,0.013281002732577978,3
8,8,16,0.75,relu,0,0.2411944782394328,0.9674392790712163,0.16597501122218744,4
8,8,16,0.75,relu,2,0.25093696457079484,0.9716294024992349,0.17656064650690467,3
8,8,16,0.75,relu,4,0.47792404102341907,0.9819335283263303,0.15417152567430153,5
8,8,16,1.0,identity,1,0.33193159472575934,0.9963915210036178,0.1410567346393262,3
8,8,16,1.0,identity,3,0.17294441324610973,0.996830028225126,0.058344147128174054,2
8,8,16,1.0,relu,0,0.4076271551859423,0.9817322898264819,0.10491956541927286,2
8,8,16,1.0,relu,2,0.38714095537030185,0.9852527390976713,0.137298634830396,2
8,8,16,1.0,relu,4,0.7452618291916551,0.9898326045849827,0.1428371799525915,3
8,8,32,0.0,identity,1,0.011870879566269562,0.49592504786612546,0.22013563151502072,6
8,8,32,0.0,identity,3,0.010779141121825627,0.47297530322439396,0.24357728080559743,7
8,8,32,0.0,relu,0,0.02013634614839813,0.7067756515169639,0.09938910673351233,7
8,8,32,0.0,relu,2,0.019723580592343866,0.7782824358376829,0.09621137932045037,7
8,8,32,0.0,relu,4,0.024839714567581384,0.7419541866494249,0.13252298726387537,7
8,8,32,0.25,identity,1,0.011488425253228761,0.9200467329245905,0.04272629680435234,6
8,8,32,0.25,identity,3,0.008886670801437208,0.930344445488549,0.03161086843871622,6
8,8,32,0.25,relu,0,0.029114683757347392,0.9302520043911711,0.07565881242926009,6
8,8,32,0.25,relu,2,0.036763614337032284,0.9310979578760687,0.0981831147231666,7
8,8,32,0.25,relu,4,0.03180287004266577,0.9444149581417696,0.09373145894403843,7
8,8,32,0.5,identity,1,0.007936816397098666,0.956607677521212,0.034080328949217246,6
8,8,32,0.5,identity,3,0.009924099658257898,0.9607357216088357,0.030595403297383618,6
8,8,32,0.5,relu,0,0.049736205315985126,0.9577250524379076,0.07076123047961726,5
8,8,32,0.5,relu,2,0.05665546202811346,0.9587189494118958,0.10183927473807008,6
8,8,32,0.5,relu,4,0.03541086907709971,0.9655419780549493,0.07954454615059238,6
8,8,32,0.75,identity,1,0.012608691376839124,0.9766304263048082,0.03134441161824466,6
8,8,32,0.75,identity,3,0.015969041485422948,0.9782044094388808,0.029132660105245376,6
8,8,32,0.75,relu,0,0.1347531450941721,0.9705489227765773,0.09869014751388078,6
8,8,32,0.75,relu,2,0.09402225165841865,0.974265148436639,0.10807342389320954,6
8,8,32,0.75,relu,4,0.08193360496266656,0.9780465334762807,0.07334956598315466,6
8,8,32,1.0,identity,1,0.20174683165943283,0.996162226621044,0.06322985152338219,3
8,8,32,1.0,identity,3,0.33781811302763526,0.9959334628380485,0.05818933500621558,3
8,8,32,1.0,relu,0,0.3278277127088869,0.9828814636287465,0.092687571886007,3
8,8,32,1.0,relu,2,0.2764106186827085,0.9853761477333423,0.08473001911312146,2
8,8,32,1.0,relu,4,0.5863318703990477,0.9887584644651064,0.10162280840404349,4
8,8,64,0.0,identity,1,0.011771918439207484,0.5612350345277523,0.1938102038783534,6
8,8,64,0.0,identity,3,0.014468289177892774,0.5243581889117068,0.22990808514650465,7
8,8,64,0.0,relu,0,0.014898645031580534,0.754167527007583,0.07228301685677149,8
8,8,64,0.0,relu,2,0.01745571154616766,0.7468025840933665,0.07627787778391176,8
8,8,64,0.0,relu,4,0.015020206516354103,0.7259219777085173,0.07677809969600317,9
8,8,64,0.25,identity,1,0.009342444995197836,0.9242283690317713,0.03702362052308525,6
8,8,64,0.25,identity,3,0.015558525628414626,0.9335738307239763,0.0492003706138055,7
8,8,64,0.25,relu,0,0.024334229793198776,0.9399440169000349,0.060289383513241195,7
8,8,64,0.25,relu,2,0.02188381523390181,0.9414746402597568,0.06956926560600606,8
8,8,64,0.25,relu,4,0.018027184155491833,0.9498797910675436,0.05214497223032498,8
8,8,64,0.5,identity,1,0.014346669871365509,0.9569923181839549,0.041014172253802765,6
8,8,64,0.5,identity,3,0.012382274438615884,0.9624584137681503,0.036309268449793264,6
8,8,64,0.5,relu,0,0.03986848424984668,0.9592372582614885,0.0523275505679682,7
8,8,64,0.5,relu,2,0.03336629693698709,0.9624613964374652,0.06888942123980929,7
8,8,64,0.5,relu,4,0.0335700064533237,0.9688589084219714,0.055721748334255236,8
8,8,64,0.75,identity,1,0.018092552886554213,0.9752827076065445,0.03865290131106127,6
8,8,64,0.75,identity,3,0.02317710136262135,0.978847732105451,0.03929779908085751,7
8,8,64,0.75,relu,0,0.08920768743277394,0.9734257692075592,0.0596468504940588,7
8,8,64,0.75,relu,2,0.07110026790578737,0.9756272857091441,0.07131250122220933,7
8,8,64,0.75,relu,4,0.08004939729512574,0.9796669654800925,0.05842854729409906,8
8,8,64,1.0,identity,1,0.29493430068281334,0.996281726535968,0.10051027800756354,4
8,8,64,1.0,identity,3,0.26422678356788887,0.9960953987059638,0.05865297735650909,3
8,8,64,1.0,relu,0,0.28829473841926745,0.9832529258237594,0.09982578789105659,4
8,8,64,1.0,relu,2,0.32151510103108744,0.9852935933697867,0.10272092763822165,4
8,8,64,1.0,relu,4,0.5200414546730278,0.9894321415496967,0.07629465363442486,4
8,8,96,0.0,identity,1,0.013378279401649542,0.6126197525354974,0.13986302348418408,6
8,8,96,0.0,identity,3,0.010018580787160473,0.6311085370231234,0.14330872881703083,6
8,8,96,0.0,relu,0,0.0188467240154025,0.7377561600178941,0.0748948387368245,10
8,8,96,0.0,relu,2,0.01679978007279137,0.7648912021801799,0.07131998669950176,9
8,8,96,0.0,relu,4,0.01967906043515078,0.7381653870992759,0.06149861659512227,11
8,8,96,0.25,identity,1,0.010322326067852487,0.9256266286356647,0.04584813990978512,6
8,8,96,0.25,identity,3,0.016379752316348303,0.9343262256462008,0.042754040342794224,7
8,8,96,0.25,relu,0,0.01628565698377283,0.9479290122341807,0.042222368422798535,7
8,8,96,0.25,relu,2,0.019530376385084165,0.9483835593209842,0.04902876453057692,8
8,8,96,0.25,relu,4,0.019758164502243648,0.9551634100491307,0.057099768429319214,9
8,8,96,0.5,identity,1,0.015063869313457464,0.9580228245589936,0.04242680043329207,6
8,8,96,0.5,identity,3,0.01719018423612013,0.9604161181438965,0.04093814149311484,7
8,8,96,0.5,relu,0,0.02793323571315395,0.9631646567172787,0.045813727153047976,7
8,8,96,0.5,relu,2,0.03219625753965598,0.9664021324003106,0.05804040792405812,8
8,8,96,0.5,relu,4,0.03426853073611247,0.972084879301922,0.053445565415225355,9
8,8,96,0.75,identity,1,0.014367042075316224,0.976005922281639,0.03662799407937928,6
8,8,96,0.75,identity,3,0.02565680943585389,0.978653052237135,0.04098446414594689,7
8,8,96,0.75,relu,0,0.06481741400115047,0.9745969437617883,0.050817746692150445,7
8,8,96,0.75,relu,2,0.04907887820709835,0.9776018215254582,0.05652023285309825,7
8,8,96,0.75,relu,4,0.09229596992171027,0.9820767274809777,0.06194489748025397,9
8,8,96,1.0,identity,1,0.2650685153163092,0.9960962109662621,0.0762896930303185,3
8,8,96,1.0,identity,3,0.26479510254205946,0.995950778219097,0.06697012009742555,3
8,8,96,1.0,relu,0,0.3256301173931657,0.9823830840103999,0.1086557647131275,5
8,8,96,1.0,relu,2,0.29658508002599765,0.9863364241603513,0.09415218341592653,4
8,8,96,1.0,relu,4,0.44493880048895107,0.9902224540644918,0.0896844292884584,5
