r_class,r_item,d,int_frac,activation,seed,nonadd,item_main,class_main
1,16,16,0.0,identity,0,0.018068818217247793,0.7033697928425365,0.27856138894021565
1,16,16,0.0,identity,2,0.021679203698198573,0.6039225305767867,0.3743982657250154
1,16,16,0.0,identity,4,0.02295705860206489,0.6349337175275436,0.3421092238703916
1,16,16,0.0,relu,1,0.05633796263149893,0.7426212187618333,0.2010408186066662
1,16,16,0.0,relu,3,0.0927342953291629,0.6163013909887519,0.2909643136820858
1,16,16,0.25,identity,0,0.18131887824176676,0.5855418802750199,0.23313924148321338
1,16,16,0.25,identity,2,0.18079989247239595,0.5373763105135679,0.2818237970140356
1,16,16,0.25,identity,4,0.21025223557452416,0.5068910740450036,0.28285669038047195
1,16,16,0.25,relu,1,0.21730957376323778,0.626379159159937,0.15631126707682552
1,16,16,0.25,relu,3,0.18134571396851873,0.3079850920056899,0.5106691940257944
1,16,16,0.5,identity,0,0.3149201330561338,0.4903794470701231,0.19470041987374312
1,16,16,0.5,identity,2,0.33549305369076543,0.4616252324376233,0.20288171387161152
1,16,16,0.5,identity,4,0.3539323662493384,0.4183790729244887,0.22768856082617275
1,16,16,0.5,relu,1,0.323022259138938,0.5196959213452874,0.1572818195157751
1,16,16,0.5,relu,3,0.3001860024595869,0.3102685205899665,0.38954547695044495
1,16,16,0.75,identity,0,0.5033899680668965,0.37447771476895164,0.12213231716415208
1,16,16,0.75,identity,2,0.5293611000350448,0.3263382442778291,0.14430065568712575
1,16,16,0.75,identity,4,0.5111452712423732,0.3276130622445937,0.1612416665130332
1,16,16,0.75,relu,1,0.4305409079493323,0.3993743826975027,0.17008470935316553
1,16,16,0.75,relu,3,0.4062128452219468,0.32277959671590295,0.271007558062151
1,16,16,1.0,identity,0,0.7799188362823818,0.1336451330750088,0.08643603064260882
1,16,16,1.0,identity,2,0.9419157927768432,0.022531197843812058,0.035553009379344795
1,16,16,1.0,identity,4,0.8507913244096774,0.07739760561581173,0.07181106997451076
1,16,16,1.0,relu,1,0.6551763027510304,0.23325402709563062,0.11156967015333825
1,16,16,1.0,relu,3,0.5732989885860477,0.182808202392652,0.24389280902129942
1,16,32,0.0,identity,0,0.0389125043159254,0.7448918183615031,0.2161956773225707
1,16,32,0.0,identity,2,0.04452338121645523,0.7314213745448125,0.22405524423873244
1,16,32,0.0,identity,4,0.036917501109867884,0.6437849433785836,0.3192975555115477
1,16,32,0.0,relu,1,0.09328819873685272,0.7539035501855679,0.15280825107758106
1,16,32,0.0,relu,3,0.11536348098837365,0.5961429053567022,0.2884936136549231
1,16,32,0.25,identity,0,0.1716242254982551,0.6436579256405193,0.18471784886122594
1,16,32,0.25,identity,2,0.17275987470718634,0.6355332358318736,0.19170688946093933
1,16,32,0.25,identity,4,0.21269786751048395,0.5700067960167434,0.2172953364727731
1,16,32,0.25,relu,1,0.20862274245388884,0.6662767607721003,0.12510049677401047
1,16,32,0.25,relu,3,0.2381373194625708,0.5345200598598174,0.22734262067761357
1,16,32,0.5,identity,0,0.2601604418832858,0.5701391723527294,0.169700385763985
1,16,32,0.5,identity,2,0.2455976858024204,0.5829218537083628,0.1714804604892164
1,16,32,0.5,identity,4,0.2798652332492058,0.47291423014750217,0.24722053660329174
1,16,32,0.5,relu,1,0.32076521913134065,0.5621961347312812,0.11703864613737827
1,16,32,0.5,relu,3,0.3030742872964629,0.48248341145958634,0.21444230124395064
1,16,32,0.75,identity,0,0.4471966246980263,0.44349973718229146,0.10930363811968169
1,16,32,0.75,identity,2,0.5528531780508913,0.30144277462593466,0.1457040473231741
1,16,32,0.75,identity,4,0.4007074794320837,0.40034352546887925,0.1989489950990366
1,16,32,0.75,relu,1,0.4274390307514341,0.455817728232763,0.11674324101580327
1,16,32,0.75,relu,3,0.374178094211508,0.40472489294230984,0.2210970128461836
1,16,32,1.0,identity,0,0.8913028170601992,0.0891774416580348,0.019519741281765306
1,16,32,1.0,identity,2,0.8325784023515373,0.06222568319530704,0.10519591445315628
1,16,32,1.0,identity,4,0.9288546659353232,0.03898229758407776,0.032163036480598935
1,16,32,1.0,relu,1,0.5776405979527041,0.28400677325295515,0.13835262879434113
1,16,32,1.0,relu,3,0.6042573637062671,0.17028088735834382,0.22546174893538898
1,16,64,0.0,identity,0,0.04576683101525275,0.743179340160343,0.21105382882440377
1,16,64,0.0,identity,2,0.05999421101653833,0.7295360571726031,0.2104697318108599
1,16,64,0.0,identity,4,0.06955218802995046,0.6462583714019875,0.2841894405680632
1,16,64,0.0,relu,1,0.14310299598263668,0.7370028094864881,0.11989419453087583
1,16,64,0.0,relu,3,0.16888349444965867,0.5964715733827145,0.23464493216762977
1,16,64,0.25,identity,0,0.17200720564866043,0.6649664864682678,0.16302630788307218
1,16,64,0.25,identity,2,0.1780030707139742,0.6336628613063534,0.18833406797967275
1,16,64,0.25,identity,4,0.2249758179408658,0.54177143966151,0.2332527423976242
1,16,64,0.25,relu,1,0.24619887127553286,0.632458367549085,0.12134276117538222
1,16,64,0.25,relu,3,0.2835993940002582,0.5332004888578351,0.18320011714190698
1,16,64,0.5,identity,0,0.24119471202493345,0.5786552237932242,0.18015006418184268
1,16,64,0.5,identity,2,0.25585883602823095,0.5462602847559117,0.19788087921585737
1,16,64,0.5,identity,4,0.30849364791939193,0.5073492333293617,0.18415711875124616
1,16,64,0.5,relu,1,0.3377230016445632,0.5474485633793895,0.11482843497604685
1,16,64,0.5,relu,3,0.3373842663814258,0.4988748272546796,0.1637409063638947
1,16,64,0.75,identity,0,0.38586846122407736,0.46216408226152195,0.15196745651440122
1,16,64,0.75,identity,2,0.4105166207796787,0.4364044724288463,0.15307890679147473
1,16,64,0.75,identity,4,0.3981358982990974,0.39675988780553983,0.2051042138953617
1,16,64,0.75,relu,1,0.4412805932396923,0.4324677024005103,0.12625170435979835
1,16,64,0.75,relu,3,0.4282096258398845,0.41636339547133056,0.15542697868878436
1,16,64,1.0,identity,0,0.793200605717529,0.12793796422634976,0.07886143005612166
1,16,64,1.0,identity,2,0.7708296427905752,0.08709503392714321,0.1420753232822807
1,16,64,1.0,identity,4,0.9217738130463738,0.04218755126327009,0.036038635690355654
1,16,64,1.0,relu,1,0.5945315590656451,0.2728396526616702,0.1326287882726842
1,16,64,1.0,relu,3,0.6509771493345013,0.14278868077545087,0.20623416989004825
1,16,96,0.0,identity,0,0.05880297540268341,0.7275751880534765,0.21362183654384012
1,16,96,0.0,identity,2,0.06431300724602873,0.7127638928579667,0.22292309989600465
1,16,96,0.0,identity,4,0.06887592983683917,0.6506894309548215,0.2804346392083404
1,16,96,0.0,relu,1,0.1569233001968422,0.6840834512086099,0.1589932485945473
1,16,96,0.0,relu,3,0.16369640665560267,0.5616479245388943,0.27465566880550024
1,16,96,0.25,identity,0,0.1863195008431032,0.6513166661679366,0.16236383298895996
1,16,96,0.25,identity,2,0.1984520216898957,0.6251837987252944,0.17636417958481004
1,16,96,0.25,identity,4,0.2084494274854558,0.5349997990599294,0.2565507734546144
1,16,96,0.25,relu,1,0.2822937928187023,0.6162858230048217,0.10142038417647663
1,16,96,0.25,relu,3,0.3094112631307379,0.496497653980816,0.19409108288844545
1,16,96,0.5,identity,0,0.31688818641511723,0.539572451597023,0.1435393619878598
1,16,96,0.5,identity,2,0.2981233640526734,0.5502197332111025,0.15165690273622479
1,16,96,0.5,identity,4,0.29578094066769606,0.5133627883690136,0.19085627096328944
1,16,96,0.5,relu,1,0.35486422089989,0.5397392480244646,0.10539653107564592
1,16,96,0.5,relu,3,0.3530366796517216,0.46551968147779327,0.18144363887048526
1,16,96,0.75,identity,0,0.4458751967814965,0.4298171468121244,0.12430765640637925
1,16,96,0.75,identity,2,0.40252397202723067,0.4340281328113857,0.16344789516138328
1,16,96,0.75,identity,4,0.47113712912625294,0.3800301796108944,0.1488326912628529
1,16,96,0.75,relu,1,0.43804148205262955,0.4300410954580819,0.13191742248928884
1,16,96,0.75,relu,3,0.45589608367177387,0.3736916126347937,0.17041230369343208
1,16,96,1.0,identity,0,0.7047368521793568,0.16031799023494409,0.13494515758569994
1,16,96,1.0,identity,2,0.8803674302466513,0.04439599875709494,0.07523657099625422
1,16,96,1.0,identity,4,0.7862528302698303,0.11134296391763175,0.10240420581253756
1,16,96,1.0,relu,1,0.5774703843305145,0.28364487086324264,0.1388847448062428
1,16,96,1.0,relu,3,0.6460812167363182,0.14986988474337604,0.20404889852030497
1,1,16,0.0,identity,0,0.037044145874457646,0.5367559424519106,0.4261999116736331
1,1,16,0.0,identity,2,0.036799786069628866,0.5602049385347396,0.4029952753956311
1,1,16,0.0,identity,4,0.09479585310817867,0.4098014080001761,0.49540273889164127
1,1,16,0.0,relu,1,0.05091315989945224,0.6121081620222706,0.3369786780782765
1,1,16,0.0,relu,3,0.10454590797369959,0.43702532367915176,0.45842876834714985
1,1,16,0.25,identity,0,0.36489836663461916,0.3829032678192067,0.2521983655461749
1,1,16,0.25,identity,2,0.4059956061889847,0.31084268470172727,0.2831617091092879
1,1,16,0.25,identity,4,0.3807643700896529,0.2164805808871403,0.40275504902320747
1,1,16,0.25,relu,1,0.31801762355124047,0.479177407777437,0.20280496867132244
1,1,16,0.25,relu,3,0.2728648177123506,0.3627714854655855,0.3643636968220613
1,1,16,0.5,identity,0,0.5328476445339932,0.2717260228214516,0.19542633264455542
1,1,16,0.5,identity,2,0.5408219055616653,0.2402937173235656,0.21888437711476988
1,1,16,0.5,identity,4,0.44198948248613706,0.25582391469667265,0.30218660281719045
1,1,16,0.5,relu,1,0.38392104648518555,0.4350853871426689,0.18099356637214553
1,1,16,0.5,relu,3,0.34724825871258214,0.30000224287106664,0.3527494984163516
1,1,16,0.75,identity,0,0.7447545543764876,0.1662575373129969,0.08898790831051512
1,1,16,0.75,identity,2,0.6863505844238986,0.1642710605838582,0.14937835499224372
1,1,16,0.75,identity,4,0.6346912373720984,0.13948396528289794,0.2258247973450033
1,1,16,0.75,relu,1,0.480149464024356,0.35630864056085687,0.16354189541478753
1,1,16,0.75,relu,3,0.41869648763974016,0.26764239519263816,0.31366111716762113
1,1,16,1.0,identity,0,0.7696131347139636,0.13195017526032493,0.09843669002571181
1,1,16,1.0,identity,2,0.9441880250672056,0.02340595832575958,0.03240601660703471
1,1,16,1.0,identity,4,0.955200844309644,0.026481120736674166,0.018318034953682116
1,1,16,1.0,relu,1,0.6080674740891443,0.270411226477974,0.1215212994328813
1,1,16,1.0,relu,3,0.5496500546084981,0.2139055598402532,0.23644438555124797
1,1,32,0.0,identity,0,0.047959283748949304,0.428800186335148,0.5232405299159014
1,1,32,0.0,identity,2,0.06051119274215615,0.5130160363833508,0.4264727708744943
1,1,32,0.0,identity,4,0.14272109942322003,0.3769154259730411,0.4803634746037382
1,1,32,0.0,relu,1,0.23806937112646434,0.5530325217656517,0.2088981071078845
1,1,32,0.0,relu,3,0.1300351106739129,0.4055078769691994,0.46445701235688824
1,1,32,0.25,identity,0,0.31683872064974916,0.35355918781162704,0.3296020915386241
1,1,32,0.25,identity,2,0.4287922017772054,0.3265626028331008,0.24464519538969468
1,1,32,0.25,identity,4,0.334940941632746,0.3172664232342518,0.34779263513300235
1,1,32,0.25,relu,1,0.3347776754326908,0.4528202423260814,0.21240208224122756
1,1,32,0.25,relu,3,0.34491734755187525,0.3046143116803943,0.35046834076773126
1,1,32,0.5,identity,0,0.35946170716672426,0.3658215755691873,0.27471671726408775
1,1,32,0.5,identity,2,0.43767507756295226,0.25689133920538104,0.30543358323166775
1,1,32,0.5,identity,4,0.4682829807512462,0.22889785567576756,0.3028191635729859
1,1,32,0.5,relu,1,0.4424740406972237,0.35762545251997324,0.19990050678280244
1,1,32,0.5,relu,3,0.39150594499589814,0.26243071911507826,0.34606333588902566
1,1,32,0.75,identity,0,0.5916244488383631,0.27025617398500296,0.13811937717663408
1,1,32,0.75,identity,2,0.588472132526414,0.1665956165312747,0.24493225094231205
1,1,32,0.75,identity,4,0.531045153994915,0.21056983504752477,0.25838501095755806
1,1,32,0.75,relu,1,0.47052748566712904,0.35130955972510747,0.17816295460776385
1,1,32,0.75,relu,3,0.46435104509334296,0.24475164088333007,0.29089731402332825
1,1,32,1.0,identity,0,0.8881183422676622,0.08925143443305482,0.022630223299283044
1,1,32,1.0,identity,2,0.9055899618155309,0.03719502941416322,0.0572150087703059
1,1,32,1.0,identity,4,0.9751248341316157,0.017145621189575237,0.0077295446788091795
1,1,32,1.0,relu,1,0.6130588196858962,0.2700652352005832,0.11687594511352042
1,1,32,1.0,relu,3,0.5845507104201568,0.1802629651334458,0.23518632444639592
1,1,64,0.0,identity,0,0.11672361617989196,0.48801889921788216,0.3952574846022254
1,1,64,0.0,identity,2,0.0749858108709169,0.4329334318317043,0.4920807572973794
1,1,64,0.0,identity,4,0.11233244968497742,0.463118091085072,0.4245494592299505
1,1,64,0.0,relu,1,0.11941581820976667,0.5717395663931915,0.3088446153970421
1,1,64,0.0,relu,3,0.15087099461056813,0.4518510653292281,0.3972779400602054
1,1,64,0.25,identity,0,0.3453858299617836,0.3852597265005502,0.26935444353766674
1,1,64,0.25,identity,2,0.36216576265690786,0.35175399925288875,0.2860802380902035
1,1,64,0.25,identity,4,0.3198328181728319,0.3012458985290502,0.3789212832981183
1,1,64,0.25,relu,1,0.3578158993767089,0.41471942346267426,0.2274646771606165
1,1,64,0.25,relu,3,0.33999032249430605,0.3891570659489423,0.2708526115567516
1,1,64,0.5,identity,0,0.44378062409822205,0.3128380783382417,0.24338129756353657
1,1,64,0.5,identity,2,0.4143550567137054,0.30856127829216934,0.2770836649941263
1,1,64,0.5,identity,4,0.4668697009990343,0.24418839085712646,0.2889419081438379
1,1,64,0.5,relu,1,0.42472736387931326,0.35960679886986013,0.2156658372508258
1,1,64,0.5,relu,3,0.4576064525226495,0.2876450717359936,0.2547484757413562
1,1,64,0.75,identity,0,0.5433495324483547,0.27681439569708977,0.17983607185455527
1,1,64,0.75,identity,2,0.553463772787252,0.1880957921558321,0.2584404350569164
1,1,64,0.75,identity,4,0.5991920338640072,0.16676208232777867,0.2340458838082145
1,1,64,0.75,relu,1,0.4611596911874043,0.33549147685410197,0.20334883195849315
1,1,64,0.75,relu,3,0.4875685054393823,0.25030124999183784,0.2621302445687794
1,1,64,1.0,identity,0,0.8492810704712934,0.10485639999775065,0.0458625295309558
1,1,64,1.0,identity,2,0.7771224640204031,0.08627531190042151,0.1366022240791743
1,1,64,1.0,identity,4,0.8971498551404951,0.056408429599579396,0.04644171525992579
1,1,64,1.0,relu,1,0.6134722649320016,0.2711785680062884,0.11534916706170943
1,1,64,1.0,relu,3,0.6097940519874518,0.18394201214644235,0.2062639358661063
1,1,96,0.0,identity,0,0.14243272360828335,0.4075135322683868,0.4500537441233313
1,1,96,0.0,identity,2,0.11651639530147716,0.47768219835379877,0.4058014063447245
1,1,96,0.0,identity,4,0.18217220435068168,0.3688176524123708,0.4490101432369507
1,1,96,0.0,relu,1,0.1782925504236776,0.5775621264960185,0.24414532308030293
1,1,96,0.0,relu,3,0.16007078249468876,0.37813147950302717,0.46179773800228646
1,1,96,0.25,identity,0,0.44025237350895874,0.29140483597529615,0.2683427905157448
1,1,96,0.25,identity,2,0.41784798401910045,0.3529368966183007,0.22921511936259964
1,1,96,0.25,identity,4,0.4506984680399068,0.25209631377378044,0.2972052181863126
1,1,96,0.25,relu,1,0.3846573642623795,0.4078434951310545,0.20749914060656632
1,1,96,0.25,relu,3,0.38276513754629055,0.29344579651823544,0.32378906593547563
1,1,96,0.5,identity,0,0.4721349334715283,0.3276225972566971,0.20024246927177516
1,1,96,0.5,identity,2,0.5158376085897198,0.2252820279051324,0.2588803635051478
1,1,96,0.5,identity,4,0.4539383608003474,0.2621097923107625,0.2839518468888896
1,1,96,0.5,relu,1,0.43278952321282693,0.34959106051711947,0.2176194162700542
1,1,96,0.5,relu,3,0.4926754518796457,0.25582681266772295,0.251497735452632
1,1,96,0.75,identity,0,0.6755389544087863,0.21061982182338718,0.11384122376782652
1,1,96,0.75,identity,2,0.5620915992802932,0.18419013631334666,0.25371826440636
1,1,96,0.75,identity,4,0.6242801121904964,0.17889282529843573,0.19682706251106638
1,1,96,0.75,relu,1,0.5277496818079584,0.3013125844067007,0.17093773378534
1,1,96,0.75,relu,3,0.5112613077069722,0.24349793580073362,0.24524075649229457
1,1,96,1.0,identity,0,0.8508091415310378,0.10458471351728298,0.04460614495167965
1,1,96,1.0,identity,2,0.8239635578033914,0.06822293418801528,0.1078135080085945
1,1,96,1.0,identity,4,0.8971174668215025,0.05606387062764226,0.046818662550855206
1,1,96,1.0,relu,1,0.5945195863420928,0.2831974608648646,0.1222829527930428
1,1,96,1.0,relu,3,0.6546693746264857,0.16670934214242641,0.17862128323108875
1,2,16,0.0,identity,0,0.026875083473671704,0.5702104774734589,0.4029144390528699
1,2,16,0.0,identity,2,0.05161199312657931,0.6344949869709796,0.3138930199024396
1,2,16,0.0,identity,4,0.039035043766733585,0.48357928655942345,0.4773856696738415
1,2,16,0.0,relu,1,0.10183672282964011,0.68286487524431,0.21529840192604946
1,2,16,0.0,relu,3,0.1122849160686192,0.5095157980338542,0.37819928589752744
1,2,16,0.25,identity,0,0.29675652940478225,0.4215645620560941,0.2816789085391234
1,2,16,0.25,identity,2,0.31406535862794976,0.42903951561520026,0.2568951257568504
1,2,16,0.25,identity,4,0.3088680551388929,0.3609391330119015,0.3301928118492051
1,2,16,0.25,relu,1,0.298211057488309,0.5183201623997516,0.18346878011194023
1,2,16,0.25,relu,3,0.2855088994568245,0.3817622440351243,0.33272885650805184
1,2,16,0.5,identity,0,0.3916742499160457,0.3598072817279298,0.24851846835602437
1,2,16,0.5,identity,2,0.4105275684383173,0.3963394077105102,0.1931330238511726
1,2,16,0.5,identity,4,0.42942972906532423,0.3226248165864037,0.2479454543482721
1,2,16,0.5,relu,1,0.35798616032813413,0.4915861753021534,0.15042766436971314
1,2,16,0.5,relu,3,0.30694412275975497,0.37604651786792037,0.3170093593723245
1,2,16,0.75,identity,0,0.3943142433235658,0.3655868664260423,0.2400988902503922
1,2,16,0.75,identity,2,0.5936693297901744,0.23551418845736014,0.1708164817524663
1,2,16,0.75,identity,4,0.5695687811436312,0.21764271823933168,0.2127885006170376
1,2,16,0.75,relu,1,0.39947609809266604,0.45855739323731187,0.14196650867002247
1,2,16,0.75,relu,3,0.37965742971020844,0.3125396634750719,0.30780290681472094
1,2,16,1.0,identity,0,0.7861111478110668,0.13202357115580046,0.08186528103313304
1,2,16,1.0,identity,2,0.8695418751007192,0.05329557872275286,0.07716254617652846
1,2,16,1.0,identity,4,0.8759284335325349,0.061783288141244806,0.062288278326219956
1,2,16,1.0,relu,1,0.6427473173440861,0.24761872482806443,0.10963395782784993
1,2,16,1.0,relu,3,0.5767745053446276,0.20457739952765763,0.2186480951277155
1,2,32,0.0,identity,0,0.046319327256050674,0.6495149400527203,0.3041657326912289
1,2,32,0.0,identity,2,0.08698844249829653,0.5439017087948708,0.36910984870683267
1,2,32,0.0,identity,4,0.04946794048674649,0.5550477320371137,0.3954843274761396
1,2,32,0.0,relu,1,0.1134723268455028,0.6760739712939445,0.21045370186055343
1,2,32,0.0,relu,3,0.11387643455118472,0.4642552664158135,0.42186829903299783
1,2,32,0.25,identity,0,0.28489811884040395,0.4135641684618759,0.3015377126977204
1,2,32,0.25,identity,2,0.30986045871013296,0.3967702504617192,0.2933692908281478
1,2,32,0.25,identity,4,0.3570074566519616,0.3455614935735535,0.2974310497744847
1,2,32,0.25,relu,1,0.32513701881396107,0.5226846394862397,0.15217834169979935
1,2,32,0.25,relu,3,0.2791883322281617,0.4209738018166952,0.2998378659551428
1,2,32,0.5,identity,0,0.3257832331884043,0.41372409611186356,0.26049267069973225
1,2,32,0.5,identity,2,0.4312256669985049,0.34837229288130034,0.2204020401201945
1,2,32,0.5,identity,4,0.4101981897288814,0.3265449782248291,0.26325683204628864
1,2,32,0.5,relu,1,0.3686739077153004,0.4736342055621862,0.1576918867225134
1,2,32,0.5,relu,3,0.3237754180845564,0.3636069064306843,0.31261767548475883
1,2,32,0.75,identity,0,0.6016348643315007,0.24081111591713122,0.15755401975136768
1,2,32,0.75,identity,2,0.5600555392034002,0.28543633043898564,0.15450813035761377
1,2,32,0.75,identity,4,0.5060778190709238,0.22911822330719614,0.2648039576218806
1,2,32,0.75,relu,1,0.391803590282354,0.4509443169826089,0.15725209273503699
1,2,32,0.75,relu,3,0.3852834125400969,0.3219530017022379,0.2927635857576651
1,2,32,1.0,identity,0,0.8858263909836964,0.08646308543479143,0.027710523581512027
1,2,32,1.0,identity,2,0.9099776347501926,0.03519381625429481,0.05482854899551283
1,2,32,1.0,identity,4,0.8626263973306972,0.07037030235845243,0.06700330031084971
1,2,32,1.0,relu,1,0.6713289279645985,0.23303103166850875,0.09564004036689348
1,2,32,1.0,relu,3,0.6044848113784743,0.20055757894640933,0.1949576096751169
1,2,64,0.0,identity,0,0.07742902154402115,0.5631643475935503,0.3594066308624283
1,2,64,0.0,identity,2,0.10825931663999208,0.4807596593846943,0.4109810239753128
1,2,64,0.0,identity,4,0.07042705584541267,0.49805719342680094,0.4315157507277873
1,2,64,0.0,relu,1,0.19561900896415718,0.6279130649906224,0.17646792604521983
1,2,64,0.0,relu,3,0.15315178786428793,0.42399985469235874,0.42284835744335286
1,2,64,0.25,identity,0,0.3016124922781686,0.4519694283085792,0.24641807941325047
1,2,64,0.25,identity,2,0.31501705304049094,0.41288511638021214,0.27209783057929704
1,2,64,0.25,identity,4,0.30729814997534227,0.4038266731486091,0.2888751768760497
1,2,64,0.25,relu,1,0.3283711303027078,0.5343531884855705,0.13727568121172112
1,2,64,0.25,relu,3,0.3802132329070312,0.3457447174972961,0.27404204959567313
1,2,64,0.5,identity,0,0.43863533068610017,0.3868192962424305,0.17454537307146945
1,2,64,0.5,identity,2,0.4226750083072254,0.3602765210790945,0.2170484706136806
1,2,64,0.5,identity,4,0.44437510697318033,0.3155554813712583,0.2400694116555607
1,2,64,0.5,relu,1,0.34496265617176186,0.4993483876755316,0.1556889561527069
1,2,64,0.5,relu,3,0.36188837528469314,0.36998830808627164,0.26812331662903566
1,2,64,0.75,identity,0,0.5328286260627116,0.30206004947370224,0.1651113244635869
1,2,64,0.75,identity,2,0.5707292429781082,0.27238089032754514,0.15688986669434682
1,2,64,0.75,identity,4,0.6276137496780523,0.20062639650851444,0.17175985381343464
1,2,64,0.75,relu,1,0.40478212699807437,0.44635464756063686,0.14886322544128885
1,2,64,0.75,relu,3,0.41846639408186137,0.3289245775199833,0.2526090283981544
1,2,64,1.0,identity,0,0.8571403624763697,0.10319407109803731,0.039665566425592776
1,2,64,1.0,identity,2,0.7987245050276274,0.08149892295028462,0.11977657202208881
1,2,64,1.0,identity,4,0.8156164629073519,0.09173910702506201,0.0926444300675866
1,2,64,1.0,relu,1,0.6288459354967977,0.26329263458706226,0.1078614299161397
1,2,64,1.0,relu,3,0.6439721182416658,0.1759760752810016,0.1800518064773335
1,2,96,0.0,identity,0,0.11563907979142421,0.503886205203434,0.38047471500514096
1,2,96,0.0,identity,2,0.10521147937885554,0.567565957099359,0.3272225635217856
1,2,96,0.0,identity,4,0.11371573236835349,0.4586440232732537,0.4276402443583935
1,2,96,0.0,relu,1,0.2040786612848122,0.6233505470167993,0.17257079169838838
1,2,96,0.0,relu,3,0.15030546603746522,0.4629001627706737,0.3867943711918614
1,2,96,0.25,identity,0,0.33556295290095933,0.37530691078634715,0.28913013631269363
1,2,96,0.25,identity,2,0.31933605707188784,0.4330134832888837,0.247650459639228
1,2,96,0.25,identity,4,0.3445580289106134,0.3610455939041986,0.29439637718518813
1,2,96,0.25,relu,1,0.3642161434178055,0.49132516718640207,0.1444586893957916
1,2,96,0.25,relu,3,0.36813193474387934,0.3532770205108354,0.2785910447452838
1,2,96,0.5,identity,0,0.39601877888484266,0.39462516796636776,0.20935605314878902
1,2,96,0.5,identity,2,0.43616901592882823,0.35682199805020137,0.20700898602097118
1,2,96,0.5,identity,4,0.4717508888196708,0.3128028795655351,0.2154462316147931
1,2,96,0.5,relu,1,0.38606218836676975,0.4638911496748072,0.15004666195842323
1,2,96,0.5,relu,3,0.40524581386271163,0.365756556291784,0.2289976298455041
1,2,96,0.75,identity,0,0.5253095242951701,0.299889344432972,0.17480113127185776
1,2,96,0.75,identity,2,0.5785302987022314,0.2641285566415505,0.1573411446562185
1,2,96,0.75,identity,4,0.5476145629405108,0.2326544584050173,0.21973097865447153
1,2,96,0.75,relu,1,0.45596528020276894,0.3943731843866488,0.14966153541058227
1,2,96,0.75,relu,3,0.4443837452813113,0.34799276296626597,0.2076234917524238
1,2,96,1.0,identity,0,0.8827672100073819,0.08995437406185616,0.027278415930762218
1,2,96,1.0,identity,2,0.7264556961051455,0.10908083307376892,0.16446347082108537
1,2,96,1.0,identity,4,0.8848478165924215,0.056888066020713744,0.05826411738686462
1,2,96,1.0,relu,1,0.6373793814303537,0.25207647788384996,0.1105441406857963
1,2,96,1.0,relu,3,0.6141739937918476,0.19813386230853655,0.18769214389961558
1,32,16,0.0,identity,0,0.0648034418670902,0.6463809882436812,0.28881556988922863
1,32,16,0.0,identity,2,0.06036988752582661,0.5964360003402109,0.34319411213396234
1,32,16,0.0,identity,4,0.06299564790200231,0.5091535207371761,0.4278508313608217
1,32,16,0.0,relu,1,0.09250807129637618,0.7141498329816017,0.19334209572202116
1,32,16,0.0,relu,3,0.10405502095035292,0.2930708140116517,0.6028741650379914
1,32,16,0.25,identity,0,0.25084062208899144,0.4961428212643918,0.2530165566466164
1,32,16,0.25,identity,2,0.26199131510779733,0.476855687886343,0.26115299700585903
1,32,16,0.25,identity,4,0.28054452080528736,0.3801156353861307,0.33933984380858195
1,32,16,0.25,relu,1,0.23836088405019756,0.5336068368621913,0.2280322790876106
1,32,16,0.25,relu,3,0.17201990966893516,0.23009192565238495,0.5978881646786794
1,32,16,0.5,identity,0,0.3931526656442309,0.41288603626878523,0.1939612980869838
1,32,16,0.5,identity,2,0.401443290441135,0.38196450930274534,0.21659220025611964
1,32,16,0.5,identity,4,0.4661996433158875,0.30653667801668333,0.2272636786674292
1,32,16,0.5,relu,1,0.35436498832896757,0.4793513629442657,0.1662836487267662
1,32,16,0.5,relu,3,0.28944321379140564,0.26488578953713676,0.4456709966714573
1,32,16,0.75,identity,0,0.5650992956155734,0.30006470789621853,0.13483599648820854
1,32,16,0.75,identity,2,0.6013634034376485,0.26316269820933175,0.13547389835301962
1,32,16,0.75,identity,4,0.6519807254930288,0.19473284731817733,0.15328642718879368
1,32,16,0.75,relu,1,0.4201110157669655,0.397517017868938,0.18237196636409556
1,32,16,0.75,relu,3,0.3218697125065064,0.2791370970212405,0.398993190472253
1,32,16,1.0,identity,0,0.8683323302074326,0.09422687820109317,0.03744079159147411
1,32,16,1.0,identity,2,0.9087186298115972,0.04119526365886341,0.050086106529539313
1,32,16,1.0,identity,4,0.9037038665681054,0.046214061263417316,0.050082072168476856
1,32,16,1.0,relu,1,0.6275802912135189,0.2665159747434506,0.1059037340430308
1,32,16,1.0,relu,3,0.5683916092439386,0.2152400969421339,0.21636829381392733
1,32,32,0.0,identity,0,0.03215505041277687,0.7601487814810824,0.20769616810614058
1,32,32,0.0,identity,2,0.03753160823705636,0.7314173311030578,0.23105106065988582
1,32,32,0.0,identity,4,0.04101457599488409,0.6860379861238415,0.27294743788127485
1,32,32,0.0,relu,1,0.045469008059066694,0.8223064902580496,0.13222450168288372
1,32,32,0.0,relu,3,0.11005715578477697,0.518185770925835,0.3717570732893894
1,32,32,0.25,identity,0,0.17265720916430585,0.6586213740012842,0.1687214168344097
1,32,32,0.25,identity,2,0.17782284840221224,0.6455678986441501,0.17660925295363755
1,32,32,0.25,identity,4,0.19908845939079212,0.5825019914598866,0.21840954914932129
1,32,32,0.25,relu,1,0.16165310870923907,0.7141010680324482,0.12424582325831253
1,32,32,0.25,relu,3,0.19579824895593728,0.47512827669099833,0.329073474353066
1,32,32,0.5,identity,0,0.2881451622547034,0.565774097922224,0.14608073982307285
1,32,32,0.5,identity,2,0.31097310726446503,0.5472648250659431,0.14176206766959146
1,32,32,0.5,identity,4,0.3409344301052503,0.4753334039445937,0.1837321659501559
1,32,32,0.5,relu,1,0.2678212563500994,0.6123196882203176,0.11985905542958358
1,32,32,0.5,relu,3,0.2765703871226529,0.4456964546607261,0.2777331582166227
1,32,32,0.75,identity,0,0.45325874308821257,0.44029018576230683,0.10645107114948102
1,32,32,0.75,identity,2,0.4354784057186,0.41161255586487194,0.15290903841652803
1,32,32,0.75,identity,4,0.49263851721188306,0.3625402221678144,0.14482126062030284
1,32,32,0.75,relu,1,0.3262631597189178,0.5511155214358007,0.12262131884528193
1,32,32,0.75,relu,3,0.33886936244574306,0.4453349825597915,0.2157956549944648
1,32,32,1.0,identity,0,0.8727860236709449,0.09425828884503076,0.032955687484024
1,32,32,1.0,identity,2,0.87718235694065,0.05458612832792558,0.06823151473142437
1,32,32,1.0,identity,4,0.8222126501253914,0.08389537796391851,0.09389197191069078
1,32,32,1.0,relu,1,0.6055919004418961,0.2774772295979916,0.11693086996011257
1,32,32,1.0,relu,3,0.6113571996050141,0.19706793491112498,0.19157486548386135
1,32,64,0.0,identity,0,0.06866412965744698,0.7654246412547873,0.1659112290877658
1,32,64,0.0,identity,2,0.06619185181346013,0.7448345195362446,0.18897362865029574
1,32,64,0.0,identity,4,0.07051883416041956,0.682150661473454,0.24733050436612647
1,32,64,0.0,relu,1,0.1307613754561741,0.7599015896253934,0.10933703491843275
1,32,64,0.0,relu,3,0.1961001157895513,0.5441776819858234,0.2597222022246259
1,32,64,0.25,identity,0,0.19317620016261747,0.6691276991447688,0.13769610069261315
1,32,64,0.25,identity,2,0.18297413304994956,0.6714997710341317,0.1455260959159188
1,32,64,0.25,identity,4,0.21638532857401305,0.6177720254176929,0.1658426460082945
1,32,64,0.25,relu,1,0.22855677395813961,0.6800904767176292,0.09135274932423135
1,32,64,0.25,relu,3,0.27087436557550265,0.5190074710279031,0.21011816339659464
1,32,64,0.5,identity,0,0.26847741081249554,0.5888624507810153,0.1426601384064892
1,32,64,0.5,identity,2,0.24664543086382512,0.6160308346011242,0.13732373453505003
1,32,64,0.5,identity,4,0.3096082646111203,0.529483407598949,0.16090832778993042
1,32,64,0.5,relu,1,0.2815011927487339,0.6335962904618634,0.08490251678940315
1,32,64,0.5,relu,3,0.30825463420139104,0.4968355632060644,0.19490980259254523
1,32,64,0.75,identity,0,0.40224912746875646,0.4306148351222563,0.16713603740898728
1,32,64,0.75,identity,2,0.33631229004223095,0.5260502063314956,0.1376375036262732
1,32,64,0.75,identity,4,0.40028193792122635,0.4228772975594391,0.1768407645193349
1,32,64,0.75,relu,1,0.33442367722208943,0.5710560129382524,0.09452030983965791
1,32,64,0.75,relu,3,0.36745290567890704,0.43338155111225574,0.19916554320883834
1,32,64,1.0,identity,0,0.7778588341941337,0.13302775930855806,0.08911340649730791
1,32,64,1.0,identity,2,0.7884460880640878,0.09314621905934678,0.11840769287656687
1,32,64,1.0,identity,4,0.7339949415193426,0.12294303740984604,0.143062021070811
1,32,64,1.0,relu,1,0.6604834943068616,0.24633408293475775,0.0931824227583802
1,32,64,1.0,relu,3,0.60214028324404,0.1994094339584065,0.19845028279755472
1,32,96,0.0,identity,0,0.06932451392461378,0.7762719605188944,0.1544035255564924
1,32,96,0.0,identity,2,0.07342948687742808,0.727321390630969,0.19924912249160284
1,32,96,0.0,identity,4,0.08441012652185492,0.6960816534321288,0.21950822004601558
1,32,96,0.0,relu,1,0.1289414275814898,0.7203489305366759,0.15070964188183272
1,32,96,0.0,relu,3,0.22839164168679016,0.524648547936693,0.24695981037651732
1,32,96,0.25,identity,0,0.18188007859640212,0.6859488175550162,0.13217110384858163
1,32,96,0.25,identity,2,0.17609622268641512,0.6871584295757153,0.13674534773786992
1,32,96,0.25,identity,4,0.20880531805714547,0.5855979099904571,0.20559677195239723
1,32,96,0.25,relu,1,0.2463010661812927,0.6698161141224985,0.08388281969620859
1,32,96,0.25,relu,3,0.3099593539378405,0.48927377066526284,0.20076687539689725
1,32,96,0.5,identity,0,0.2697676907847168,0.5971956050836845,0.1330367041315982
1,32,96,0.5,identity,2,0.2559872179123032,0.5915590870037816,0.15245369508391524
1,32,96,0.5,identity,4,0.3310504211144531,0.5029401011838153,0.16600947770173188
1,32,96,0.5,relu,1,0.3034889840728487,0.6193099306221534,0.07720108530499786
1,32,96,0.5,relu,3,0.3518195759494616,0.46441830610421236,0.1837621179463263
1,32,96,0.75,identity,0,0.4716335114576368,0.41935319277715283,0.1090132957652102
1,32,96,0.75,identity,2,0.42021558231588274,0.4513593326248203,0.1284250850592972
1,32,96,0.75,identity,4,0.4308808311037974,0.3953620221797791,0.17375714671642384
1,32,96,0.75,relu,1,0.37836564628039365,0.5321803802760047,0.08945397344360158
1,32,96,0.75,relu,3,0.4075639165272197,0.4094492921631809,0.18298679130960074
1,32,96,1.0,identity,0,0.7664936677927038,0.1374786739658447,0.09602765824145248
1,32,96,1.0,identity,2,0.8287698936052262,0.0755136817519833,0.0957164246427912
1,32,96,1.0,identity,4,0.8078804379672362,0.09207535481360771,0.10004420721915547
1,32,96,1.0,relu,1,0.6526195006765124,0.24898418278130813,0.0983963165421793
1,32,96,1.0,relu,3,0.6178919009601348,0.18518326261661658,0.19692483642324826
1,4,16,0.0,identity,0,0.01746607028152572,0.6561141951689212,0.32641973454955353
1,4,16,0.0,identity,2,0.022095594841697146,0.5881746388622283,0.3897297662960758
1,4,16,0.0,identity,4,0.04218299075798793,0.5667142899725459,0.3911027192694659
1,4,16,0.0,relu,1,0.06169894529391687,0.7316646088944011,0.20663644581168208
1,4,16,0.0,relu,3,0.07563912139620756,0.6237119649491761,0.30064891365461777
1,4,16,0.25,identity,0,0.18281727133051695,0.5459781802608241,0.27120454840865804
1,4,16,0.25,identity,2,0.25260474377246184,0.5208348797772603,0.22656037645027716
1,4,16,0.25,identity,4,0.24587998556667293,0.4330957067196352,0.32102430771369134
1,4,16,0.25,relu,1,0.2548880414283481,0.5755522710568919,0.16955968751476044
1,4,16,0.25,relu,3,0.2474621435703038,0.4317746349429375,0.3207632214867589
1,4,16,0.5,identity,0,0.37072049118395717,0.3935112186608206,0.2357682901552221
1,4,16,0.5,identity,2,0.40430902076781,0.3916262033545976,0.20406477587759228
1,4,16,0.5,identity,4,0.3960717466538884,0.35092458317713116,0.25300367016898023
1,4,16,0.5,relu,1,0.27460071618223175,0.5685802731512997,0.15681901066646756
1,4,16,0.5,relu,3,0.3084507769958668,0.346191359311466,0.34535786369267
1,4,16,0.75,identity,0,0.6115236624052918,0.2530069214998703,0.13546941609483826
1,4,16,0.75,identity,2,0.6974543439268035,0.20391286596856806,0.09863279010462893
1,4,16,0.75,identity,4,0.59307623602992,0.2071482649419331,0.19977549902814634
1,4,16,0.75,relu,1,0.362863065535612,0.47860734334289723,0.15852959112149084
1,4,16,0.75,relu,3,0.36449986009571106,0.31218433070438517,0.32331580919990416
1,4,16,1.0,identity,0,0.8708680732648677,0.09862123941672074,0.030510687318411882
1,4,16,1.0,identity,2,0.9602651409005404,0.011039929019986882,0.028694930079472034
1,4,16,1.0,identity,4,0.9188912819123459,0.04594349491843945,0.03516522316921488
1,4,16,1.0,relu,1,0.6374600988655714,0.25240379830390847,0.11013610283052018
1,4,16,1.0,relu,3,0.6069653996815648,0.1853666198352533,0.20766798048318255
1,4,32,0.0,identity,0,0.0230868101896202,0.6011489687229847,0.37576422108739505
1,4,32,0.0,identity,2,0.02731074046938974,0.6561943190155881,0.316494940515021
1,4,32,0.0,identity,4,0.041769656942167686,0.5106635849135466,0.44756675814428526
1,4,32,0.0,relu,1,0.13617439561223046,0.6568502612800782,0.20697534310769022
1,4,32,0.0,relu,3,0.12647338622050291,0.5165607055875124,0.35696590819198315
1,4,32,0.25,identity,0,0.26132203671589466,0.5369722812694906,0.20170568201461517
1,4,32,0.25,identity,2,0.2504907148262964,0.5345285758471114,0.21498070932659188
1,4,32,0.25,identity,4,0.29983930910623124,0.442735897611939,0.25742479328182993
1,4,32,0.25,relu,1,0.24918300144952382,0.5847515190398676,0.16606547951060807
1,4,32,0.25,relu,3,0.26534774620914725,0.47155704060326575,0.26309521318758666
1,4,32,0.5,identity,0,0.3428706847842241,0.449672904588514,0.20745641062726253
1,4,32,0.5,identity,2,0.31931724226719455,0.4685558068044453,0.21212695092835962
1,4,32,0.5,identity,4,0.4328054303164911,0.3251163466783102,0.24207822300519957
1,4,32,0.5,relu,1,0.2899784022958997,0.5617657943877661,0.1482558033163342
1,4,32,0.5,relu,3,0.29615273199593695,0.4509155278452779,0.25293174015878506
1,4,32,0.75,identity,0,0.5229791063039043,0.3269434387949531,0.150077454901143
1,4,32,0.75,identity,2,0.5437102063325278,0.2768535902767671,0.17943620339070485
1,4,32,0.75,identity,4,0.561885761213117,0.26424201921713547,0.1738722195697476
1,4,32,0.75,relu,1,0.3987847471788259,0.4724203579180104,0.12879489490316326
1,4,32,0.75,relu,3,0.35129771244108243,0.38610060455419715,0.2626016830047214
1,4,32,1.0,identity,0,0.8573183238889669,0.10042705610688502,0.04225462000414828
1,4,32,1.0,identity,2,0.8965214012676653,0.03588546758528782,0.06759313114704675
1,4,32,1.0,identity,4,0.8316105329318738,0.08612095954676371,0.0822685075213618
1,4,32,1.0,relu,1,0.6281801821337553,0.2600733001528075,0.1117465177134374
1,4,32,1.0,relu,3,0.6230698185284744,0.1739385063365014,0.20299167513502422
1,4,64,0.0,identity,0,0.05141206436048877,0.6532173139316517,0.29537062170785755
1,4,64,0.0,identity,2,0.05161733344949545,0.6580256782068618,0.2903569883436433
1,4,64,0.0,identity,4,0.05697701286947607,0.5478721772211425,0.3951508099093826
1,4,64,0.0,relu,1,0.14328584495595117,0.6950341125544941,0.16168004248955495
1,4,64,0.0,relu,3,0.14508140548779255,0.5859114661661108,0.26900712834609736
1,4,64,0.25,identity,0,0.25631777629288127,0.5391478001131869,0.2045344235939315
1,4,64,0.25,identity,2,0.25938365240033867,0.5506704641262735,0.18994588347338848
1,4,64,0.25,identity,4,0.3048221465665522,0.4498082602850619,0.24536959314838522
1,4,64,0.25,relu,1,0.27012876854071705,0.5880452850865856,0.14182594637269796
1,4,64,0.25,relu,3,0.3381759589299408,0.4387434804004803,0.22308056066957938
1,4,64,0.5,identity,0,0.3084590896281684,0.46095589184724006,0.2305850185245903
1,4,64,0.5,identity,2,0.4151944154091197,0.41148912405415894,0.17331646053672112
1,4,64,0.5,identity,4,0.4122376129682434,0.3499579227753843,0.23780446425637228
1,4,64,0.5,relu,1,0.3387977413879622,0.5182672252669708,0.1429350333450671
1,4,64,0.5,relu,3,0.3643270461249195,0.4224241243655206,0.21324882950956056
1,4,64,0.75,identity,0,0.5261085975840174,0.3110806876455186,0.16281071477046427
1,4,64,0.75,identity,2,0.6123925019267833,0.2332837487829858,0.15432374929023085
1,4,64,0.75,identity,4,0.5510985563271569,0.2813319038182669,0.16756953985457618
1,4,64,0.75,relu,1,0.3994078151079784,0.4541775197389188,0.14641466515310325
1,4,64,0.75,relu,3,0.4263551409859309,0.35527061003479893,0.21837424897926996
1,4,64,1.0,identity,0,0.8510773119704687,0.10898552599479769,0.0399371620347337
1,4,64,1.0,identity,2,0.8916221331382459,0.03858653649731844,0.0697913303644359
1,4,64,1.0,identity,4,0.8555632206925896,0.07750598872535142,0.06693079058205864
1,4,64,1.0,relu,1,0.6286453859089828,0.25772178410286106,0.11363282998815677
1,4,64,1.0,relu,3,0.6137478099459031,0.1691223008260346,0.2171298892280632
1,4,96,0.0,identity,0,0.0679394160046899,0.6691299223059626,0.26293066168934615
1,4,96,0.0,identity,2,0.07994363593775482,0.6206051079430968,0.2994512561191497
1,4,96,0.0,identity,4,0.10646241131792772,0.547098475285515,0.346439113396559
1,4,96,0.0,relu,1,0.18827719105567822,0.65915357261358,0.15256923633074065
1,4,96,0.0,relu,3,0.15628077930730427,0.5313729494958649,0.3123462711968327
1,4,96,0.25,identity,0,0.2723891306565578,0.5082784858346145,0.21933238350882805
1,4,96,0.25,identity,2,0.3146335833683868,0.4611464725501545,0.22421994408145907
1,4,96,0.25,identity,4,0.31601352289949597,0.36575385091055745,0.3182326261899467
1,4,96,0.25,relu,1,0.3180961214459719,0.5538589624787856,0.12804491607524235
1,4,96,0.25,relu,3,0.3229923130712568,0.4415003990244779,0.2355072879042669
1,4,96,0.5,identity,0,0.4040394441768687,0.4054987499619793,0.19046180586115205
1,4,96,0.5,identity,2,0.43437439757725693,0.3846813933688415,0.18094420905390163
1,4,96,0.5,identity,4,0.43428475666444194,0.3099895134762866,0.2557257298592713
1,4,96,0.5,relu,1,0.3704478008440348,0.5049967961663755,0.12455540298959031
1,4,96,0.5,relu,3,0.3810534046072999,0.40908618702122457,0.20986040837147535
1,4,96,0.75,identity,0,0.5039609649147464,0.3250822970922016,0.17095673799305197
1,4,96,0.75,identity,2,0.5664799148672611,0.2612143562245486,0.1723057289081901
1,4,96,0.75,identity,4,0.5383376931372322,0.2689110882520948,0.19275121861067268
1,4,96,0.75,relu,1,0.4376004150799839,0.43028029455562483,0.13211929036439166
1,4,96,0.75,relu,3,0.4073783288834991,0.3947671640476243,0.1978545070688772
1,4,96,1.0,identity,0,0.6758707132045311,0.17539965424533635,0.14872963255013086
1,4,96,1.0,identity,2,0.8903845741040007,0.040738925855163394,0.06887650004083555
1,4,96,1.0,identity,4,0.8324484050212487,0.08860608137295346,0.07894551360579725
1,4,96,1.0,relu,1,0.6245745380725602,0.2624392084701408,0.11298625345729883
1,4,96,1.0,relu,3,0.6179702470996097,0.17355613268700745,0.20847362021338353
1,8,16,0.0,identity,0,0.01922400849192607,0.6766249706046203,0.3041510209034533
1,8,16,0.0,identity,2,0.03195228693438813,0.6940359183413591,0.27401179472425247
1,8,16,0.0,identity,4,0.025991967034238884,0.6342157963654709,0.33979223660029084
1,8,16,0.0,relu,1,0.06673933245252145,0.7141990378457636,0.21906162970171422
1,8,16,0.0,relu,3,0.0956979811055297,0.4590859582005044,0.44521606069396413
1,8,16,0.25,identity,0,0.24457674305051766,0.5455856676581952,0.20983758929128704
1,8,16,0.25,identity,2,0.2542069602262186,0.5286065307947745,0.21718650897900751
1,8,16,0.25,identity,4,0.2385511405515522,0.4713422516910583,0.2901066077573883
1,8,16,0.25,relu,1,0.25698174853575584,0.5872037627968394,0.15581448866740502
1,8,16,0.25,relu,3,0.23985899242890166,0.4501338850866704,0.3100071224844296
1,8,16,0.5,identity,0,0.37454676456130237,0.4520198495277214,0.17343338591097607
1,8,16,0.5,identity,2,0.4578902876207484,0.38878322778845187,0.1533264845908007
1,8,16,0.5,identity,4,0.39889348676008374,0.3834939203760698,0.21761259286384643
1,8,16,0.5,relu,1,0.32416183813583027,0.5483377633412794,0.1275003985228905
1,8,16,0.5,relu,3,0.29961041676429745,0.4087555231395489,0.2916340600961521
1,8,16,0.75,identity,0,0.541927836721292,0.3330065679306026,0.12506559534810585
1,8,16,0.75,identity,2,0.6519612608307047,0.2403841605434045,0.107654578625891
1,8,16,0.75,identity,4,0.5837219376333332,0.25549450169755067,0.1607835606691158
1,8,16,0.75,relu,1,0.358641504002884,0.5043794881700159,0.13697900782709993
1,8,16,0.75,relu,3,0.3000860904128409,0.3718399678157529,0.32807394177140825
1,8,16,1.0,identity,0,0.8154976216517283,0.11956889674526652,0.06493348160300524
1,8,16,1.0,identity,2,0.965010965457562,0.013237418920841544,0.021751615621596488
1,8,16,1.0,identity,4,0.933352244314602,0.03759554504990442,0.029052210635493167
1,8,16,1.0,relu,1,0.6294244277970866,0.26179736222195255,0.10877820998096027
1,8,16,1.0,relu,3,0.5616760486381114,0.24032231070729837,0.19800164065459
1,8,32,0.0,identity,0,0.02751376802024108,0.622170045629901,0.3503161863498577
1,8,32,0.0,identity,2,0.04260719072194325,0.6998137722125413,0.2575790370655158
1,8,32,0.0,identity,4,0.0360690434419361,0.6193147888628896,0.3446161676951748
1,8,32,0.0,relu,1,0.1173744096677888,0.7148064910927706,0.16781909923944013
1,8,32,0.0,relu,3,0.1270855328049634,0.42109182871650913,0.451822638478531
1,8,32,0.25,identity,0,0.20740948062665382,0.5856803875760995,0.2069101317972469
1,8,32,0.25,identity,2,0.23661956951371765,0.5791634938892051,0.18421693659707672
1,8,32,0.25,identity,4,0.24273324948917363,0.5341538453863727,0.2231129051244542
1,8,32,0.25,relu,1,0.22736493861480786,0.6417544485712812,0.1308806128139107
1,8,32,0.25,relu,3,0.21555274963752516,0.45992646606819587,0.32452078429428216
1,8,32,0.5,identity,0,0.31438750080371053,0.49407898131798816,0.19153351787830145
1,8,32,0.5,identity,2,0.3938550111180668,0.42500318684706007,0.18114180203487293
1,8,32,0.5,identity,4,0.47568251609274614,0.34629230874900685,0.17802517515824667
1,8,32,0.5,relu,1,0.27060182498628405,0.6027314329157133,0.12666674209800294
1,8,32,0.5,relu,3,0.2912264409372635,0.47379896493029594,0.23497459413244012
1,8,32,0.75,identity,0,0.4527817641582035,0.3718976697210282,0.17532056612076843
1,8,32,0.75,identity,2,0.5962966355552048,0.2589452854764609,0.14475807896833395
1,8,32,0.75,identity,4,0.46566515583844165,0.33368049984502557,0.20065434431653303
1,8,32,0.75,relu,1,0.33360929437792897,0.551403067445921,0.11498763817615004
1,8,32,0.75,relu,3,0.3320248636286221,0.4177724352416194,0.2502027011297572
1,8,32,1.0,identity,0,0.7407986667644202,0.14689649362646354,0.11230483960911623
1,8,32,1.0,identity,2,0.8724137367038409,0.04941089818389551,0.07817536511226232
1,8,32,1.0,identity,4,0.9084744547056864,0.05019178521962163,0.04133376007469159
1,8,32,1.0,relu,1,0.6820905202409622,0.23245550622047512,0.08545397353856216
1,8,32,1.0,relu,3,0.6289490638024418,0.20088297618474302,0.17016796001281606
1,8,64,0.0,identity,0,0.04655688379784371,0.6954736187700641,0.2579694974320937
1,8,64,0.0,identity,2,0.049538790741542056,0.6519889863490326,0.298472222909426
1,8,64,0.0,identity,4,0.05563381124556089,0.6526333738458643,0.2917328149085765
1,8,64,0.0,relu,1,0.14001016759058252,0.7083407909455433,0.1516490414638745
1,8,64,0.0,relu,3,0.14204442830177977,0.4378656385699672,0.42008993312825205
1,8,64,0.25,identity,0,0.2336313092734723,0.5763446897433786,0.1900240009831494
1,8,64,0.25,identity,2,0.22911391878642276,0.552122573664395,0.21876350754918258
1,8,64,0.25,identity,4,0.2478240003321522,0.49808163798359645,0.25409436168425203
1,8,64,0.25,relu,1,0.24913644683382105,0.6329742937203339,0.11788925944584472
1,8,64,0.25,relu,3,0.26567483461761665,0.46645733238132986,0.2678678330010529
1,8,64,0.5,identity,0,0.3429249053343227,0.482386819952337,0.17468827471334047
1,8,64,0.5,identity,2,0.39713286173211493,0.4115406841834649,0.1913264540844199
1,8,64,0.5,identity,4,0.37646340901536934,0.42743721660528,0.19609937437935046
1,8,64,0.5,relu,1,0.2954458775347332,0.5908518272361091,0.11370229522915754
1,8,64,0.5,relu,3,0.32007394849588305,0.45174136984538754,0.22818468165872982
1,8,64,0.75,identity,0,0.517564739807927,0.34202352623986054,0.14041173395221235
1,8,64,0.75,identity,2,0.6124595504451673,0.24579715749884953,0.14174329205598332
1,8,64,0.75,identity,4,0.47133731448203436,0.30430774236366914,0.22435494315429594
1,8,64,0.75,relu,1,0.35767260322782807,0.5405957963864435,0.10173160038572869
1,8,64,0.75,relu,3,0.40307864874232785,0.432444041867221,0.16447730939045072
1,8,64,1.0,identity,0,0.8865360829987148,0.0916321425230643,0.021831774478221173
1,8,64,1.0,identity,2,0.8915796197828847,0.04398677447859365,0.06443360573852093
1,8,64,1.0,identity,4,0.9169194264692845,0.0448233355029359,0.03825723802777942
1,8,64,1.0,relu,1,0.6732913326034015,0.23617083854524457,0.09053782885135327
1,8,64,1.0,relu,3,0.609966011978592,0.20262351423444017,0.18741047378696765
1,8,96,0.0,identity,0,0.06794482945586473,0.6875997658636106,0.2444554046805243
1,8,96,0.0,identity,2,0.06764806849583574,0.6574637696240039,0.27488816188016185
1,8,96,0.0,identity,4,0.0732489815409319,0.5969228005793998,0.329828217879669
1,8,96,0.0,relu,1,0.17047646922896603,0.7016363572874542,0.12788717348357997
1,8,96,0.0,relu,3,0.15191031689530266,0.3568732417261208,0.4912164413785761
1,8,96,0.25,identity,0,0.23833010693762435,0.5637164590297118,0.19795343403266277
1,8,96,0.25,identity,2,0.2614342417536301,0.5603957209181506,0.17817003732821904
1,8,96,0.25,identity,4,0.2554794325116098,0.5152378709433207,0.22928269654506858
1,8,96,0.25,relu,1,0.27851941859138946,0.6075555028160042,0.11392507859260646
1,8,96,0.25,relu,3,0.29687130622870367,0.4416089349173528,0.26151975885394363
1,8,96,0.5,identity,0,0.3325612244653103,0.4837304028630232,0.18370837267166693
1,8,96,0.5,identity,2,0.42994524585036276,0.4015052266751362,0.1685495274745013
1,8,96,0.5,identity,4,0.35900725424310076,0.42418501456481655,0.21680773119208177
1,8,96,0.5,relu,1,0.32315879891644755,0.5714892995849092,0.10535190149864335
1,8,96,0.5,relu,3,0.3535612557419033,0.46571126685601416,0.18072747740208275
1,8,96,0.75,identity,0,0.4492230090098427,0.3534287850375077,0.19734820595265035
1,8,96,0.75,identity,2,0.606663013987341,0.24242588386406036,0.1509111021485982
1,8,96,0.75,identity,4,0.5309945452194099,0.2851161151784988,0.18388933960209075
1,8,96,0.75,relu,1,0.37679118029468445,0.5092852010917136,0.11392361861360206
1,8,96,0.75,relu,3,0.4192426436387259,0.406965876752363,0.17379147960891086
1,8,96,1.0,identity,0,0.8472612734101069,0.10669580766473659,0.04604291892515714
1,8,96,1.0,identity,2,0.9248698135615414,0.02841755854686438,0.04671262789159433
1,8,96,1.0,identity,4,0.7856427983437774,0.10605251057076874,0.10830469108545385
1,8,96,1.0,relu,1,0.6418983775041106,0.25820771627877465,0.09989390621711529
1,8,96,1.0,relu,3,0.6438088831524297,0.19284454030364742,0.16334657654392307
2,16,16,0.0,identity,0,0.023394977932585284,0.7109050907762747,0.26569993129113995
2,16,16,0.0,identity,2,0.022312261582647125,0.6510146199105447,0.32667311850680825
2,16,16,0.0,identity,4,0.023375087473417627,0.5963381955950097,0.38028671693157273
2,16,16,0.0,relu,1,0.0911742335622331,0.6154600721876952,0.2933656942500708
2,16,16,0.0,relu,3,0.07390873535705564,0.3035565322973556,0.6225347323455855
2,16,16,0.25,identity,0,0.2466848837948471,0.5316908737734338,0.22162424243171905
2,16,16,0.25,identity,2,0.19920763543439413,0.5385516633986678,0.2622407011669382
2,16,16,0.25,identity,4,0.20227261275774253,0.4938884788673174,0.30383890837494015
2,16,16,0.25,relu,1,0.24248277201666352,0.4266166063839047,0.33090062159943084
2,16,16,0.25,relu,3,0.22206432129108056,0.2905171341930172,0.48741854451590394
2,16,16,0.5,identity,0,0.40263398653069316,0.4346744515122112,0.16269156195709555
2,16,16,0.5,identity,2,0.34159739721466303,0.4547797479622484,0.20362285482308892
2,16,16,0.5,identity,4,0.35318722924248225,0.4104895545882819,0.23632321616923535
2,16,16,0.5,relu,1,0.3144923732888931,0.367497797613163,0.31800982909794356
2,16,16,0.5,relu,3,0.30881123519362724,0.2117713592013982,0.47941740560497637
2,16,16,0.75,identity,0,0.569166334908727,0.314535898454064,0.11629776663720869
2,16,16,0.75,identity,2,0.4920889150365621,0.3648106912400581,0.1431003937233797
2,16,16,0.75,identity,4,0.5838563778111076,0.2602483106661653,0.1558953115227269
2,16,16,0.75,relu,1,0.42525460528837755,0.303663001744142,0.2710823929674811
2,16,16,0.75,relu,3,0.4173482981992445,0.1889639997733844,0.39368770202737186
2,16,16,1.0,identity,0,0.8217537226427027,0.11740323713478337,0.06084304022251386
2,16,16,1.0,identity,2,0.7260105974671692,0.22142771759266147,0.05256168494016918
2,16,16,1.0,identity,4,0.8819104427660559,0.08982682119479207,0.02826273603915186
2,16,16,1.0,relu,1,0.6347266911612217,0.12049003667071932,0.24478327216806067
2,16,16,1.0,relu,3,0.7026146497171335,0.11282983768404772,0.18455551259881753
2,16,32,0.0,identity,0,0.033212915516795845,0.7301788802152257,0.23660820426797882
2,16,32,0.0,identity,2,0.027556270173083874,0.6823974858243743,0.29004624400254164
2,16,32,0.0,identity,4,0.03547168128486987,0.6330265830287991,0.3315017356863303
2,16,32,0.0,relu,1,0.13674814944677238,0.6698333995257685,0.19341845102745828
2,16,32,0.0,relu,3,0.13907013697662388,0.6204867225628329,0.24044314046054233
2,16,32,0.25,identity,0,0.21913118859574307,0.6026721753874926,0.17819663601676444
2,16,32,0.25,identity,2,0.2009316410127188,0.581279226717337,0.21778913226994454
2,16,32,0.25,identity,4,0.20637597377864494,0.5436134892185386,0.25001053700281617
2,16,32,0.25,relu,1,0.23724327594993494,0.5663617144397713,0.19639500961029424
2,16,32,0.25,relu,3,0.2964095974231601,0.4385394245001917,0.2650509780766481
2,16,32,0.5,identity,0,0.35195362445329675,0.5007444923738853,0.14730188317281814
2,16,32,0.5,identity,2,0.30126146097038037,0.507778327118162,0.19096021191145787
2,16,32,0.5,identity,4,0.3014506295010788,0.4713533447318648,0.22719602576705644
2,16,32,0.5,relu,1,0.30293122551437207,0.4952871715929231,0.2017816028927052
2,16,32,0.5,relu,3,0.3881700666768787,0.3470790346903909,0.2647508986327307
2,16,32,0.75,identity,0,0.4904279516147137,0.3971705358947159,0.11240151249057034
2,16,32,0.75,identity,2,0.4503681805242981,0.4099890009165295,0.1396428185591725
2,16,32,0.75,identity,4,0.44756240105600437,0.368907880917291,0.18352971802670454
2,16,32,0.75,relu,1,0.3958334847551496,0.3894503092084694,0.21471620603638092
2,16,32,0.75,relu,3,0.480453283024347,0.2838743447360367,0.23567237223961598
2,16,32,1.0,identity,0,0.8508012508846561,0.10837431538902825,0.040824433726315744
2,16,32,1.0,identity,2,0.7334155210571512,0.2078701992031973,0.05871427973965135
2,16,32,1.0,identity,4,0.8655969374420633,0.10032987586847189,0.034073186689464546
2,16,32,1.0,relu,1,0.5919157536671315,0.14723223904912042,0.2608520072837491
2,16,32,1.0,relu,3,0.7219293521148253,0.12838805094555006,0.1496825969396246
2,16,64,0.0,identity,0,0.04877795546305218,0.7327125168589573,0.2185095276779914
2,16,64,0.0,identity,2,0.05709252026877126,0.6649226670314076,0.27798481269982067
2,16,64,0.0,identity,4,0.047970333983079226,0.6580699474183775,0.2939597185985432
2,16,64,0.0,relu,1,0.16656412032776816,0.648332995296777,0.18510288437545547
2,16,64,0.0,relu,3,0.17713021108926405,0.5784581448850898,0.24441164402564658
2,16,64,0.25,identity,0,0.2198546945145307,0.6011730126970166,0.1789722927884529
2,16,64,0.25,identity,2,0.20199079149274346,0.5889775216773553,0.20903168682990017
2,16,64,0.25,identity,4,0.21426117643625647,0.5491760457348088,0.23656277782893526
2,16,64,0.25,relu,1,0.2780973559290238,0.5526148976094679,0.1692877464615084
2,16,64,0.25,relu,3,0.32045033948900625,0.434080129499759,0.24546953101123495
2,16,64,0.5,identity,0,0.3319621725019885,0.5109710303650012,0.1570667971330098
2,16,64,0.5,identity,2,0.2952698348539203,0.49435083296372195,0.21037933218235758
2,16,64,0.5,identity,4,0.3360385663222904,0.4454913213557318,0.2184701123219773
2,16,64,0.5,relu,1,0.33638215199758664,0.49357394585197584,0.17004390215043766
2,16,64,0.5,relu,3,0.3989930469025191,0.3959485342323552,0.20505841886512577
2,16,64,0.75,identity,0,0.4637059114322894,0.41206406661450945,0.12423002195320085
2,16,64,0.75,identity,2,0.48012937294296243,0.38475646203476227,0.1351141650222756
2,16,64,0.75,identity,4,0.4866718922646197,0.354181081041637,0.15914702669374384
2,16,64,0.75,relu,1,0.41887491016014455,0.4088815693266017,0.17224352051325428
2,16,64,0.75,relu,3,0.4855198737914059,0.3134373117898919,0.20104281441870195
2,16,64,1.0,identity,0,0.8521884236625227,0.10685853649102532,0.040953039846452204
2,16,64,1.0,identity,2,0.7254721628701163,0.20972923567233584,0.06479860145754793
2,16,64,1.0,identity,4,0.8862822141779537,0.08682933566665348,0.02688845015539301
2,16,64,1.0,relu,1,0.6012897028889357,0.1444873442223637,0.25422295288869895
2,16,64,1.0,relu,3,0.6872373088321486,0.14228372544516737,0.17047896572268356
2,16,96,0.0,identity,0,0.05500289208053214,0.7172368240138245,0.22776028390564376
2,16,96,0.0,identity,2,0.04807504200301598,0.6797540779444863,0.2721708800524985
2,16,96,0.0,identity,4,0.05419765849962214,0.6403868032680179,0.3054155382323607
2,16,96,0.0,relu,1,0.1847637950358914,0.6322953676440954,0.182940837320012
2,16,96,0.0,relu,3,0.19983659126989986,0.5735267702940428,0.22663663843605777
2,16,96,0.25,identity,0,0.22411242086413796,0.601606282857131,0.17428129627873132
2,16,96,0.25,identity,2,0.21443740138134518,0.5733994363528078,0.2121631622658468
2,16,96,0.25,identity,4,0.2018560967991846,0.5494851112167386,0.2486587919840768
2,16,96,0.25,relu,1,0.3071491911381901,0.5366746660336758,0.15617614282813405
2,16,96,0.25,relu,3,0.36049069918314675,0.4383557860491108,0.20115351476774312
2,16,96,0.5,identity,0,0.3393820174078278,0.5102729441680477,0.15034503842412408
2,16,96,0.5,identity,2,0.3045613159200273,0.503630788595172,0.19180789548480023
2,16,96,0.5,identity,4,0.3060140815957569,0.4730684649617603,0.22091745344248293
2,16,96,0.5,relu,1,0.36043183341485946,0.46886860713757333,0.1706995594475669
2,16,96,0.5,relu,3,0.4265326561271009,0.3708338191172553,0.2026335247556428
2,16,96,0.75,identity,0,0.4475582176853107,0.42207589540204893,0.13036588691264078
2,16,96,0.75,identity,2,0.42471481063242855,0.40193709269690864,0.17334809667066245
2,16,96,0.75,identity,4,0.4730601142765079,0.3512760332619064,0.1756638524615865
2,16,96,0.75,relu,1,0.4392650532948495,0.3903776623934701,0.17035728431168015
2,16,96,0.75,relu,3,0.5178366461581378,0.30384397117168743,0.17831938267017472
2,16,96,1.0,identity,0,0.8359534316631405,0.11820005350190883,0.04584651483495107
2,16,96,1.0,identity,2,0.7684725907934878,0.18305548465214236,0.048471924554369654
2,16,96,1.0,identity,4,0.7829491571214144,0.1369049336651905,0.08014590921339425
2,16,96,1.0,relu,1,0.6352759882207406,0.12946157242826134,0.23526243935099606
2,16,96,1.0,relu,3,0.7054676679851313,0.14305670052062036,0.15147563149424864
2,1,16,0.0,identity,0,0.06496261067988154,0.5339318577898406,0.40110553153027884
2,1,16,0.0,identity,2,0.024083909974213263,0.3874556217128359,0.5884604683129506
2,1,16,0.0,identity,4,0.0793222425400487,0.3682391943741969,0.5524385630857551
2,1,16,0.0,relu,1,0.20485730005545125,0.4032962217745121,0.3918464781700374
2,1,16,0.0,relu,3,0.1298068000543192,0.3866233426671184,0.4835698572785629
2,1,16,0.25,identity,0,0.24922834913596545,0.4360133712169382,0.3147582796470966
2,1,16,0.25,identity,2,0.1662946308493435,0.40388367832061906,0.42982169083003735
2,1,16,0.25,identity,4,0.2857800740111675,0.2612569948254477,0.45296293116338415
2,1,16,0.25,relu,1,0.3113678576737628,0.35208192794322596,0.33655021438301214
2,1,16,0.25,relu,3,0.2907483701032996,0.28898074269015506,0.4202708872065444
2,1,16,0.5,identity,0,0.41770109383684983,0.3805773559977107,0.20172155016543938
2,1,16,0.5,identity,2,0.30302738480210606,0.369925621039167,0.3270469941587275
2,1,16,0.5,identity,4,0.3666270432532983,0.29581145867156855,0.3375614980751339
2,1,16,0.5,relu,1,0.38757703024118956,0.29525874855987133,0.3171642211989408
2,1,16,0.5,relu,3,0.3533549722243166,0.27143183017884914,0.3752131975968337
2,1,16,0.75,identity,0,0.6677098077299026,0.247582196391842,0.08470799587825531
2,1,16,0.75,identity,2,0.5105679313784802,0.2291306553986975,0.2603014132228231
2,1,16,0.75,identity,4,0.6797127343695791,0.1708430845420145,0.14944418108840604
2,1,16,0.75,relu,1,0.44680634364846955,0.22968995620382865,0.3235037001477014
2,1,16,0.75,relu,3,0.4500637463721373,0.23464870702710106,0.31528754660076075
2,1,16,1.0,identity,0,0.7277998116165733,0.2179414398174986,0.05425874856592841
2,1,16,1.0,identity,2,0.7541980512272558,0.2250589272859742,0.020743021486770246
2,1,16,1.0,identity,4,0.8556947286248126,0.11291666591543226,0.03138860545975516
2,1,16,1.0,relu,1,0.6317974319511471,0.16500414346111222,0.20319842458774015
2,1,16,1.0,relu,3,0.6191989285423841,0.17652693549996779,0.20427413595764832
2,1,32,0.0,identity,0,0.04342578677309108,0.5885866427715651,0.3679875704553442
2,1,32,0.0,identity,2,0.06156342884139948,0.3824884676297876,0.5559481035288132
2,1,32,0.0,identity,4,0.06518746684296745,0.43943268409749436,0.4953798490595379
2,1,32,0.0,relu,1,0.13220736172075637,0.4876748855604227,0.3801177527188193
2,1,32,0.0,relu,3,0.14762427295502847,0.4106812874637337,0.4416944395812389
2,1,32,0.25,identity,0,0.26023530653747,0.42814799339818066,0.3116167000643492
2,1,32,0.25,identity,2,0.2575949929760201,0.3624829187516267,0.37992208827235274
2,1,32,0.25,identity,4,0.314861059562626,0.274249515617103,0.41088942482027085
2,1,32,0.25,relu,1,0.30826625240613126,0.3359393665384987,0.35579438105536887
2,1,32,0.25,relu,3,0.31240732474423194,0.29224674102023346,0.3953459342355345
2,1,32,0.5,identity,0,0.4024484132187727,0.3361349778760655,0.2614166089051611
2,1,32,0.5,identity,2,0.36045414433363254,0.327131192367451,0.31241466329891665
2,1,32,0.5,identity,4,0.42322758695146845,0.2516629003008813,0.32510951274764976
2,1,32,0.5,relu,1,0.37393402756025124,0.2952743168426156,0.33079165559713314
2,1,32,0.5,relu,3,0.3793182227610487,0.26884848910259057,0.35183328813636033
2,1,32,0.75,identity,0,0.4733323483627798,0.2853926572368168,0.24127499440040293
2,1,32,0.75,identity,2,0.4539994595589596,0.3638085692577723,0.18219197118326855
2,1,32,0.75,identity,4,0.5621716184615069,0.228603846090023,0.20922453544846942
2,1,32,0.75,relu,1,0.4467234633429521,0.23957664405534118,0.3136998926017073
2,1,32,0.75,relu,3,0.4506366107697729,0.21100301990444803,0.33836036932577945
2,1,32,1.0,identity,0,0.6641944704519223,0.24370174859223448,0.09210378095584416
2,1,32,1.0,identity,2,0.6683878509025859,0.2423047067193483,0.08930744237806626
2,1,32,1.0,identity,4,0.8168595872581714,0.13167545166825423,0.05146496107357398
2,1,32,1.0,relu,1,0.6905817462044009,0.14249261287265125,0.16692564092294696
2,1,32,1.0,relu,3,0.6589660564671512,0.15917469471368287,0.18185924881916637
2,1,64,0.0,identity,0,0.11773508305552695,0.5088817817236831,0.37338313522079003
2,1,64,0.0,identity,2,0.10615231163217233,0.4349447597633176,0.45890292860450954
2,1,64,0.0,identity,4,0.1035954160124216,0.38946254750958026,0.5069420364779975
2,1,64,0.0,relu,1,0.1549167254069189,0.4667624352114219,0.3783208393816609
2,1,64,0.0,relu,3,0.23113535647005684,0.35735944080902954,0.4115052027209122
2,1,64,0.25,identity,0,0.2953446415718535,0.40852540945373883,0.2961299489744077
2,1,64,0.25,identity,2,0.2885651807860189,0.35719201359755354,0.35424280561642785
2,1,64,0.25,identity,4,0.3216214529246523,0.2832498163731155,0.3951287307022317
2,1,64,0.25,relu,1,0.3669242718185223,0.32455975655158426,0.30851597162989314
2,1,64,0.25,relu,3,0.3843349947338117,0.26650191055760303,0.3491630947085855
2,1,64,0.5,identity,0,0.40659906788200173,0.3330431809170142,0.26035775120098414
2,1,64,0.5,identity,2,0.318869669692667,0.328829966190684,0.35230036411664906
2,1,64,0.5,identity,4,0.4172490308435936,0.20920331892279798,0.37354765023360775
2,1,64,0.5,relu,1,0.4298992928308318,0.2818083166938105,0.28829239047535776
2,1,64,0.5,relu,3,0.4596829263873281,0.22302063112752657,0.3172964424851448
2,1,64,0.75,identity,0,0.4950115337244817,0.2699709879492684,0.23501747832624947
2,1,64,0.75,identity,2,0.5019895440623998,0.3020186417674672,0.19599181417013245
2,1,64,0.75,identity,4,0.5312574324115755,0.24673088510576638,0.22201168248265812
2,1,64,0.75,relu,1,0.5040335534725398,0.23977996636073523,0.25618648016672535
2,1,64,0.75,relu,3,0.43885195625214546,0.2092742675526972,0.35187377619515603
2,1,64,1.0,identity,0,0.6519451608882093,0.2445458765040433,0.10350896260774745
2,1,64,1.0,identity,2,0.6572044062005139,0.24484640150699627,0.09794919229248945
2,1,64,1.0,identity,4,0.8713337019471787,0.10059905321728328,0.028067244835538283
2,1,64,1.0,relu,1,0.7028567196953841,0.14000780168078122,0.15713547862383384
2,1,64,1.0,relu,3,0.6985070845675122,0.13957254657603257,0.16192036885645641
2,1,96,0.0,identity,0,0.09444807567540495,0.5582032991690533,0.3473486251555417
2,1,96,0.0,identity,2,0.09959928665536624,0.4904579948527328,0.409942718491901
2,1,96,0.0,identity,4,0.14442888981977597,0.38952601492109207,0.46604509525913246
2,1,96,0.0,relu,1,0.23864536216537632,0.43074809173744005,0.33060654609718365
2,1,96,0.0,relu,3,0.18401259581392376,0.40385129519315643,0.41213610899291675
2,1,96,0.25,identity,0,0.3352661710751364,0.3798368311663522,0.28489699775851113
2,1,96,0.25,identity,2,0.29668171519767356,0.34810846498096043,0.35520981982136507
2,1,96,0.25,identity,4,0.31684390665332385,0.32355746086507187,0.35959863248160534
2,1,96,0.25,relu,1,0.37795044248069615,0.32692187418507007,0.295127683334235
2,1,96,0.25,relu,3,0.41658507848241977,0.2707652266745377,0.31264969484304195
2,1,96,0.5,identity,0,0.4337445842201277,0.3065278426870794,0.2597275730927936
2,1,96,0.5,identity,2,0.3645195814503568,0.3326903475252133,0.30279007102442956
2,1,96,0.5,identity,4,0.3959639000642596,0.2979502583247341,0.30608584161100755
2,1,96,0.5,relu,1,0.4316326094536438,0.27964905133252893,0.28871833921382817
2,1,96,0.5,relu,3,0.451906963205688,0.23067484150000492,0.31741819529430554
2,1,96,0.75,identity,0,0.5288979469483366,0.2599113887761587,0.2111906642755045
2,1,96,0.75,identity,2,0.5168791013598661,0.28252730183949615,0.20059359680063754
2,1,96,0.75,identity,4,0.539588363397192,0.2313491827931001,0.22906245380970766
2,1,96,0.75,relu,1,0.4560761662410484,0.23773025866994718,0.30619357508900313
2,1,96,0.75,relu,3,0.485400762184367,0.21929377434146716,0.2953054634741671
2,1,96,1.0,identity,0,0.725047579800256,0.21374625633072897,0.06120616386901535
2,1,96,1.0,identity,2,0.6428391347131864,0.24867346516739353,0.10848740011942085
2,1,96,1.0,identity,4,0.8284746999986696,0.12570482671186162,0.045820473289468734
2,1,96,1.0,relu,1,0.6802563614164174,0.14673254375870387,0.17301109482487745
2,1,96,1.0,relu,3,0.6749729058485004,0.14520370559092646,0.17982338856057287
2,2,16,0.0,identity,0,0.025798222663816647,0.5349338988256609,0.43926787851052235
2,2,16,0.0,identity,2,0.02977992188744499,0.5397039058965442,0.43051617221601024
2,2,16,0.0,identity,4,0.029971830835522347,0.5133577522950884,0.45667041686938875
2,2,16,0.0,relu,1,0.12080994679295107,0.48496019348688985,0.3942298597201592
2,2,16,0.0,relu,3,0.14237574242511794,0.4674527578415838,0.3901714997332987
2,2,16,0.25,identity,0,0.2829750212704586,0.46187043075479267,0.2551545479747494
2,2,16,0.25,identity,2,0.24769705678618614,0.4399429186792693,0.3123600245345445
2,2,16,0.25,identity,4,0.3027484849222258,0.3290030072978377,0.3682485077799368
2,2,16,0.25,relu,1,0.2569510667400466,0.41765463085390253,0.32539430240605255
2,2,16,0.25,relu,3,0.3179680605540602,0.3216457309674406,0.3603862084784983
2,2,16,0.5,identity,0,0.3722894218702383,0.4010551313354351,0.2266554467943274
2,2,16,0.5,identity,2,0.39994667896559005,0.3639508106502018,0.23610251038420832
2,2,16,0.5,identity,4,0.4777913554080999,0.23318623000626088,0.28902241458563893
2,2,16,0.5,relu,1,0.29680137248604205,0.38860028237611205,0.31459834513784624
2,2,16,0.5,relu,3,0.3790053884391632,0.2268418462201092,0.3941527653407291
2,2,16,0.75,identity,0,0.5286077476466812,0.30127566389255916,0.17011658846075994
2,2,16,0.75,identity,2,0.5200446434632991,0.27971791236197074,0.20023744417472977
2,2,16,0.75,identity,4,0.6683172563049634,0.16849262002520607,0.16319012366983016
2,2,16,0.75,relu,1,0.40330967667485973,0.3021583579132934,0.2945319654118466
2,2,16,0.75,relu,3,0.4556196131778404,0.2140562653573931,0.33032412146476714
2,2,16,1.0,identity,0,0.7666880416599295,0.1341400657012064,0.09917189263886368
2,2,16,1.0,identity,2,0.7615048619629303,0.19212750678327062,0.04636763125379901
2,2,16,1.0,identity,4,0.9266672308758167,0.04551804079980106,0.02781472832438246
2,2,16,1.0,relu,1,0.6346154739640335,0.11735603318605997,0.24802849284990758
2,2,16,1.0,relu,3,0.6541821749129045,0.1464973622697968,0.1993204628172995
2,2,32,0.0,identity,0,0.03754869539235001,0.5877871844797591,0.37466412012789124
2,2,32,0.0,identity,2,0.036483763826248794,0.5476194929383552,0.41589674323539527
2,2,32,0.0,identity,4,0.03938425382069717,0.5351354934305035,0.42548025274880064
2,2,32,0.0,relu,1,0.16311163677546708,0.5517817938185907,0.2851065694059422
2,2,32,0.0,relu,3,0.12396705695423872,0.5040296370300932,0.3720033060156687
2,2,32,0.25,identity,0,0.26464586446014077,0.5341546408107495,0.20119949472910953
2,2,32,0.25,identity,2,0.2996090246328275,0.4059616890706758,0.2944292862964963
2,2,32,0.25,identity,4,0.33530810856270127,0.3118370148925289,0.3528548765447705
2,2,32,0.25,relu,1,0.28740888054172575,0.4553267925189884,0.25726432693928586
2,2,32,0.25,relu,3,0.355276332046801,0.3399863072181192,0.3047373607350792
2,2,32,0.5,identity,0,0.3796486569077106,0.3871612815595773,0.2331900615327123
2,2,32,0.5,identity,2,0.41679705177254867,0.35066710418025765,0.23253584404719374
2,2,32,0.5,identity,4,0.4368781099830354,0.2707527583591289,0.2923691316578356
2,2,32,0.5,relu,1,0.34615822758793346,0.3925894653313619,0.26125230708070507
2,2,32,0.5,relu,3,0.4505399301424544,0.2518453733149205,0.2976146965426257
2,2,32,0.75,identity,0,0.4560840375201599,0.34378533607992945,0.2001306263999106
2,2,32,0.75,identity,2,0.5512461899041282,0.29277554828977753,0.1559782618060945
2,2,32,0.75,identity,4,0.5030759323764995,0.23555277638638775,0.2613712912371125
2,2,32,0.75,relu,1,0.39232721079918115,0.34357868271985303,0.26409410648096654
2,2,32,0.75,relu,3,0.48807713994466095,0.20786287505454795,0.3040599850007907
2,2,32,1.0,identity,0,0.8731585789121619,0.07183129290855705,0.05501012817928119
2,2,32,1.0,identity,2,0.7704232087080363,0.1988709670763153,0.03070582421564882
2,2,32,1.0,identity,4,0.8976208793814507,0.061144706561436474,0.04123441405711288
2,2,32,1.0,relu,1,0.6235146072708061,0.11547130722982657,0.26101408549936694
2,2,32,1.0,relu,3,0.7176957909440191,0.12282944286219026,0.15947476619379058
2,2,64,0.0,identity,0,0.07086679079761862,0.5319161821455106,0.3972170270568706
2,2,64,0.0,identity,2,0.07956064946861006,0.4986619910838528,0.4217773594475368
2,2,64,0.0,identity,4,0.08108460540880899,0.45095291920093217,0.4679624753902596
2,2,64,0.0,relu,1,0.1833807885050947,0.5080287815528439,0.30859042994206143
2,2,64,0.0,relu,3,0.09601740861602476,0.505285301398625,0.3986972899853477
2,2,64,0.25,identity,0,0.2731196348094124,0.4712158083086796,0.25566455688190765
2,2,64,0.25,identity,2,0.3039610781414604,0.40717137262223635,0.28886754923630276
2,2,64,0.25,identity,4,0.3232659716981705,0.3295781076448484,0.3471559206569818
2,2,64,0.25,relu,1,0.32982542502206014,0.4181101390254036,0.2520644359525373
2,2,64,0.25,relu,3,0.40233638732841515,0.3180476612312704,0.27961595144031476
2,2,64,0.5,identity,0,0.3466581187744343,0.4196679230186198,0.23367395820694659
2,2,64,0.5,identity,2,0.4069421463983789,0.33465042304297965,0.2584074305586407
2,2,64,0.5,identity,4,0.4373642754584314,0.2640547736639275,0.29858095087764136
2,2,64,0.5,relu,1,0.3696166093436883,0.3769709999124712,0.25341239074384025
2,2,64,0.5,relu,3,0.48341200638047005,0.2602391702030153,0.25634882341651405
2,2,64,0.75,identity,0,0.5953834987301103,0.253536850160896,0.15107965110899324
2,2,64,0.75,identity,2,0.5713601451544159,0.2690391560103025,0.15960069883528208
2,2,64,0.75,identity,4,0.7037590884661586,0.14470974236431358,0.15153116916952808
2,2,64,0.75,relu,1,0.4261901187109455,0.3437828303083354,0.23002705098071968
2,2,64,0.75,relu,3,0.535563418417407,0.21395396872046157,0.25048261286213125
2,2,64,1.0,identity,0,0.8017341898201279,0.11263711665988185,0.08562869351999043
2,2,64,1.0,identity,2,0.7391972640015809,0.1965900661084953,0.06421266988992401
2,2,64,1.0,identity,4,0.8602691189982977,0.07857478260023092,0.0611560984014712
2,2,64,1.0,relu,1,0.6505915475859079,0.1125283869267041,0.2368800654873882
2,2,64,1.0,relu,3,0.7150817029261844,0.12093639625324053,0.16398190082057423
2,2,96,0.0,identity,0,0.12124021781458678,0.5495072527267465,0.32925252945866634
2,2,96,0.0,identity,2,0.08394689994712606,0.5052415092035913,0.4108115908492833
2,2,96,0.0,identity,4,0.10263098555088232,0.4224853242329508,0.4748836902161672
2,2,96,0.0,relu,1,0.2025763419222037,0.47994634412832216,0.31747731394947504
2,2,96,0.0,relu,3,0.22207045408638615,0.3991420300226163,0.3787875158909966
2,2,96,0.25,identity,0,0.3020345647567015,0.4644764784909102,0.2334889567523881
2,2,96,0.25,identity,2,0.30742481218845136,0.37558937049829777,0.3169858173132509
2,2,96,0.25,identity,4,0.3571250322644523,0.31803954655086,0.3248354211846874
2,2,96,0.25,relu,1,0.3544857553959161,0.4010889894791652,0.2444252551249181
2,2,96,0.25,relu,3,0.4440876469826039,0.31168211367547144,0.24423023934192456
2,2,96,0.5,identity,0,0.35150299984601957,0.4227534649538775,0.225743535200103
2,2,96,0.5,identity,2,0.47271250196634956,0.29937960601424934,0.22790789201940115
2,2,96,0.5,identity,4,0.44295383585367853,0.27216001417456903,0.28488614997175205
2,2,96,0.5,relu,1,0.38741753712667226,0.3803402235707754,0.23224223930255217
2,2,96,0.5,relu,3,0.49156270872543495,0.25717551487888896,0.25126177639567593
2,2,96,0.75,identity,0,0.5589257012997884,0.26823802509519684,0.17283627360501513
2,2,96,0.75,identity,2,0.5109238661231186,0.28187090571490747,0.20720522816197323
2,2,96,0.75,identity,4,0.5446504060488964,0.21733536042539403,0.2380142335257085
2,2,96,0.75,relu,1,0.46137835556044116,0.28656528957493826,0.25205635486462025
2,2,96,0.75,relu,3,0.5519496086547684,0.21605788086962838,0.2319925104756027
2,2,96,1.0,identity,0,0.7955691757923894,0.11882776463143138,0.08560305957617849
2,2,96,1.0,identity,2,0.7843860989515885,0.18760962557892003,0.028004275469491996
2,2,96,1.0,identity,4,0.8313976585461753,0.08992456093294722,0.07867778052087683
2,2,96,1.0,relu,1,0.6925264099760832,0.09336158660528002,0.21411200341863626
2,2,96,1.0,relu,3,0.7087054815539311,0.13567261551939996,0.15562190292666847
2,32,16,0.0,identity,0,0.06546423030860485,0.6418209876692015,0.29271478202219403
2,32,16,0.0,identity,2,0.07029213611166492,0.5665070976414162,0.36320076624691877
2,32,16,0.0,identity,4,0.07437449386424815,0.5001084415014221,0.4255170646343305
2,32,16,0.0,relu,1,0.12586321893797842,0.5321245286434932,0.34201225241852884
2,32,16,0.0,relu,3,0.14528935477199248,0.35545891216130365,0.4992517330667048
2,32,16,0.25,identity,0,0.3091342482930916,0.4603739015336614,0.23049185017324728
2,32,16,0.25,identity,2,0.24976940368186737,0.4615271920569928,0.2887034042611402
2,32,16,0.25,identity,4,0.3091507905454152,0.3660498213811988,0.32479938807338604
2,32,16,0.25,relu,1,0.2767108468825822,0.39361650339921217,0.3296726497182055
2,32,16,0.25,relu,3,0.24564201169139088,0.29302192022834833,0.46133606808026123
2,32,16,0.5,identity,0,0.4938485376967184,0.3206405154563798,0.18551094684690161
2,32,16,0.5,identity,2,0.3828873920164897,0.38902386231068475,0.22808874567282614
2,32,16,0.5,identity,4,0.4649316466669468,0.28410298630455955,0.250965367028494
2,32,16,0.5,relu,1,0.37584284568301535,0.3452954829974784,0.2788616713195066
2,32,16,0.5,relu,3,0.3438275352793767,0.24225297469315465,0.41391949002746836
2,32,16,0.75,identity,0,0.6502140627854226,0.22912092571336892,0.12066501150120856
2,32,16,0.75,identity,2,0.5279853331000951,0.33212138654158135,0.13989328035832377
2,32,16,0.75,identity,4,0.6397582013811283,0.19717966178509727,0.16306213683377468
2,32,16,0.75,relu,1,0.46589566493856527,0.2549290277560393,0.2791753073053942
2,32,16,0.75,relu,3,0.4425835070980896,0.18143193278905664,0.37598456011285597
2,32,16,1.0,identity,0,0.8199572449896412,0.1193579840862637,0.06068477092409508
2,32,16,1.0,identity,2,0.7552552598338097,0.21203478493668498,0.03270995522950531
2,32,16,1.0,identity,4,0.7962287837166613,0.10720957673500044,0.09656163954833857
2,32,16,1.0,relu,1,0.6287510835699986,0.1573017282300244,0.2139471881999771
2,32,16,1.0,relu,3,0.6457944049874922,0.15668456628003924,0.1975210287324687
2,32,32,0.0,identity,0,0.025438560128021856,0.7778964233420183,0.19666501652995985
2,32,32,0.0,identity,2,0.03492317680547183,0.7221930051467996,0.2428838180477282
2,32,32,0.0,identity,4,0.034713551930047284,0.6808707356602746,0.2844157124096784
2,32,32,0.0,relu,1,0.07293015664984653,0.7349617162520093,0.1921081270981439
2,32,32,0.0,relu,3,0.0815203635714589,0.6107451143965361,0.30773452203200374
2,32,32,0.25,identity,0,0.20035173898757105,0.6356650587850436,0.16398320222738552
2,32,32,0.25,identity,2,0.17596019152843137,0.6319581638489744,0.19208164462259383
2,32,32,0.25,identity,4,0.2167344384774614,0.545437321959211,0.23782823956332777
2,32,32,0.25,relu,1,0.21188540489356608,0.5942016502347084,0.19391294487172572
2,32,32,0.25,relu,3,0.22742851445809115,0.45759345436337245,0.31497803117853623
2,32,32,0.5,identity,0,0.31660172364930983,0.5502401731465961,0.13315810320409432
2,32,32,0.5,identity,2,0.2890086639597479,0.553397319849312,0.15759401619094032
2,32,32,0.5,identity,4,0.3415097943667906,0.4659530920884385,0.1925371135447709
2,32,32,0.5,relu,1,0.2940298002438176,0.49456481146273845,0.21140538829344394
2,32,32,0.5,relu,3,0.296773447119869,0.4164071102864793,0.28681944259365216
2,32,32,0.75,identity,0,0.4772630942579009,0.4182487259855759,0.10448817975652305
2,32,32,0.75,identity,2,0.45095757628682953,0.4327824956607368,0.11625992805243367
2,32,32,0.75,identity,4,0.5222749885981707,0.33194100086727607,0.14578401053455328
2,32,32,0.75,relu,1,0.38646624398765633,0.4053938328788183,0.20813992313352583
2,32,32,0.75,relu,3,0.37528070616178655,0.36051374914765927,0.2642055446905541
2,32,32,1.0,identity,0,0.7488686797619583,0.16843598617487296,0.08269533406316862
2,32,32,1.0,identity,2,0.7506167174361676,0.21126571720417697,0.03811756535965527
2,32,32,1.0,identity,4,0.8494851659918492,0.09031076343308783,0.060204070575062434
2,32,32,1.0,relu,1,0.6989468205890388,0.11675480217506573,0.18429837723589548
2,32,32,1.0,relu,3,0.6871023165309496,0.12738858431606928,0.1855090991529819
2,32,64,0.0,identity,0,0.05604243419895413,0.7699211689235246,0.17403639687752184
2,32,64,0.0,identity,2,0.0632271319785536,0.7200736769173393,0.21669919110410743
2,32,64,0.0,identity,4,0.07149212502543663,0.6800208967877022,0.24848697818686072
2,32,64,0.0,relu,1,0.1611797863268951,0.6655584259819337,0.17326178769117057
2,32,64,0.0,relu,3,0.18043613475832013,0.6119919108701627,0.20757195437151688
2,32,64,0.25,identity,0,0.20198153950680534,0.6467855080616258,0.15123295243156848
2,32,64,0.25,identity,2,0.1899792803254506,0.6389097348410163,0.17111098483353343
2,32,64,0.25,identity,4,0.23462234041277133,0.561066283204597,0.20431137638263103
2,32,64,0.25,relu,1,0.2710963310165338,0.5841199340228147,0.14478373496065092
2,32,64,0.25,relu,3,0.29768417026137284,0.5152769548080607,0.187038874930566
2,32,64,0.5,identity,0,0.27499432037247185,0.5773458195011739,0.14765986012635385
2,32,64,0.5,identity,2,0.2635636893230221,0.5806266987438503,0.15580961193312734
2,32,64,0.5,identity,4,0.33618000448635266,0.4791010928525889,0.18471890266105828
2,32,64,0.5,relu,1,0.3385015244346448,0.5093537072768529,0.15214476828850254
2,32,64,0.5,relu,3,0.35085648865139946,0.46283173353138285,0.18631177781721664
2,32,64,0.75,identity,0,0.3950712601371524,0.4644016269500355,0.14052711291281214
2,32,64,0.75,identity,2,0.41124815066175907,0.46406912696598096,0.12468272237226032
2,32,64,0.75,identity,4,0.46563614720737745,0.36941219614687243,0.16495165664574968
2,32,64,0.75,relu,1,0.409927695552768,0.4400381437564295,0.15003416069080283
2,32,64,0.75,relu,3,0.42154835441318206,0.39470375609973163,0.1837478894870864
2,32,64,1.0,identity,0,0.8455713461486833,0.10440617790284813,0.050022475948468016
2,32,64,1.0,identity,2,0.7557004333204327,0.19636698459220417,0.04793258208736357
2,32,64,1.0,identity,4,0.8636147581060079,0.07722200215950455,0.05916323973448739
2,32,64,1.0,relu,1,0.6748782512449489,0.14284467725281594,0.18227707150223507
2,32,64,1.0,relu,3,0.6525723412516311,0.1481811272481592,0.1992465315002108
2,32,96,0.0,identity,0,0.06363432708985212,0.7588896520806889,0.17747602082945874
2,32,96,0.0,identity,2,0.0636646652243578,0.7273246501307814,0.20901068464486047
2,32,96,0.0,identity,4,0.07892122205442592,0.6611785902603512,0.2599001876852227
2,32,96,0.0,relu,1,0.16703853061597448,0.6467612681583145,0.18620020122571165
2,32,96,0.0,relu,3,0.20044373014333208,0.5600578425131557,0.23949842734351345
2,32,96,0.25,identity,0,0.20876290123044175,0.6402257146414804,0.1510113841280772
2,32,96,0.25,identity,2,0.19719955427541305,0.6289393495994886,0.17386109612509834
2,32,96,0.25,identity,4,0.2380615326253083,0.5628728425212753,0.19906562485341628
2,32,96,0.25,relu,1,0.3111211007888732,0.5548731067585552,0.1340057924525717
2,32,96,0.25,relu,3,0.3286014342822479,0.4961464792345105,0.17525208648324198
2,32,96,0.5,identity,0,0.2845089035206875,0.5683267239081964,0.14716437257111664
2,32,96,0.5,identity,2,0.27566018997653635,0.5817554888575305,0.14258432116593317
2,32,96,0.5,identity,4,0.32418637841554804,0.4965280750599018,0.17928554652454978
2,32,96,0.5,relu,1,0.37476621171431107,0.4879763399711016,0.13725744831458753
2,32,96,0.5,relu,3,0.39518204429567133,0.44183463542218426,0.1629833202821436
2,32,96,0.75,identity,0,0.4172192896122053,0.4541750355330971,0.12860567485469757
2,32,96,0.75,identity,2,0.41044355117751846,0.4616169292426309,0.12793951957985147
2,32,96,0.75,identity,4,0.49250382939672865,0.35953158046965467,0.14796459013361624
2,32,96,0.75,relu,1,0.4570319526112747,0.40629273678157024,0.13667531060715482
2,32,96,0.75,relu,3,0.4686148783273665,0.3612120583099009,0.17017306336273297
2,32,96,1.0,identity,0,0.9088735325528935,0.06397624484955562,0.027150222597551305
2,32,96,1.0,identity,2,0.7066270363921012,0.21912913030384232,0.07424383330405615
2,32,96,1.0,identity,4,0.9007693978810672,0.06353992275556274,0.0356906793633704
2,32,96,1.0,relu,1,0.684654919983379,0.14016769179905567,0.17517738821756512
2,32,96,1.0,relu,3,0.6531767301874143,0.15587529148698748,0.19094797832559857
2,4,16,0.0,identity,0,0.01261896329458939,0.6668240042848987,0.3205570324205116
2,4,16,0.0,identity,2,0.024266461411802515,0.5890427368998244,0.3866908016883736
2,4,16,0.0,identity,4,0.03267833709115126,0.5289929274884723,0.4383287354203739
2,4,16,0.0,relu,1,0.09884242850643847,0.5556601024668242,0.3454974690267383
2,4,16,0.0,relu,3,0.06728239234178461,0.5269223220711271,0.4057952855870873
2,4,16,0.25,identity,0,0.25941354737212285,0.5356147127349621,0.2049717398929149
2,4,16,0.25,identity,2,0.22267822696459266,0.47092185180794266,0.3063999212274649
2,4,16,0.25,identity,4,0.2797543475332626,0.40002798349040947,0.32021766897632853
2,4,16,0.25,relu,1,0.25845211452989036,0.43412616878765514,0.30742171668245455
2,4,16,0.25,relu,3,0.2632103518802277,0.35661488976388594,0.3801747583558855
2,4,16,0.5,identity,0,0.38003266230978927,0.44777642924234423,0.17219090844786672
2,4,16,0.5,identity,2,0.40358948378451454,0.3661280011785163,0.23028251503696884
2,4,16,0.5,identity,4,0.4671638667358511,0.2816287394127934,0.25120739385135543
2,4,16,0.5,relu,1,0.3846556272887392,0.3096627517503388,0.30568162096092005
2,4,16,0.5,relu,3,0.3539350329707687,0.28599513425957446,0.36006983276965737
2,4,16,0.75,identity,0,0.4780193614896667,0.3562327502339622,0.16574788827637102
2,4,16,0.75,identity,2,0.5872683105300707,0.25290307752256547,0.15982861194736406
2,4,16,0.75,identity,4,0.6145426569317366,0.211755369119557,0.17370197394870657
2,4,16,0.75,relu,1,0.4801524891913182,0.21227852757677573,0.30756898323190596
2,4,16,0.75,relu,3,0.4706136249936934,0.1914526051416808,0.3379337698646263
2,4,16,1.0,identity,0,0.8416723867473485,0.11436137635671575,0.04396623689593586
2,4,16,1.0,identity,2,0.8934449198658676,0.033516112294474855,0.07303896783965769
2,4,16,1.0,identity,4,0.8999740712035736,0.0553312671836815,0.04469466161274482
2,4,16,1.0,relu,1,0.6361885103290023,0.12233807725850518,0.24147341241249246
2,4,16,1.0,relu,3,0.6491807979109442,0.193759026984607,0.1570601751044492
2,4,32,0.0,identity,0,0.025835586016172037,0.6491026536137127,0.3250617603701154
2,4,32,0.0,identity,2,0.04051816582539272,0.5412485258493476,0.4182333083252601
2,4,32,0.0,identity,4,0.0336121964537991,0.5176653444769793,0.44872245906922115
2,4,32,0.0,relu,1,0.13194248606097309,0.573987187004621,0.29407032693440527
2,4,32,0.0,relu,3,0.1336044471906884,0.5048847396737333,0.3615108131355763
2,4,32,0.25,identity,0,0.25374262385749474,0.5241092949112471,0.22214808123125793
2,4,32,0.25,identity,2,0.2114108921501344,0.46812623085275185,0.3204628769971139
2,4,32,0.25,identity,4,0.28166784042318843,0.4101985596403107,0.30813359993650136
2,4,32,0.25,relu,1,0.31593172980144946,0.41968212879838473,0.26438614140016603
2,4,32,0.25,relu,3,0.32098247875387903,0.40299824011591495,0.2760192811302069
2,4,32,0.5,identity,0,0.37020255315690187,0.4303678531545664,0.1994295936885319
2,4,32,0.5,identity,2,0.33928056204728396,0.3837443898927944,0.276975048059922
2,4,32,0.5,identity,4,0.40880942517222896,0.3250795356011418,0.26611103922662915
2,4,32,0.5,relu,1,0.4029065837495271,0.3161548924094488,0.2809385238410248
2,4,32,0.5,relu,3,0.4030429139205182,0.31801111789189274,0.2789459681875897
2,4,32,0.75,identity,0,0.6620907326698352,0.2315742377356237,0.10633502959454115
2,4,32,0.75,identity,2,0.6442931483726386,0.2041915601484499,0.1515152914789116
2,4,32,0.75,identity,4,0.6372547164231446,0.19378988375721168,0.16895539981964314
2,4,32,0.75,relu,1,0.4844238861782478,0.23917335379022955,0.27640276003152214
2,4,32,0.75,relu,3,0.48356640024510344,0.24415410716709326,0.2722794925878032
2,4,32,1.0,identity,0,0.7496161931518669,0.16973904120507768,0.08064476564305541
2,4,32,1.0,identity,2,0.850251587644627,0.0465025546697421,0.10324585768563213
2,4,32,1.0,identity,4,0.8365088130466762,0.08161064680755137,0.08188054014577258
2,4,32,1.0,relu,1,0.668115330100876,0.12700954040054785,0.20487512949857664
2,4,32,1.0,relu,3,0.6968818016738055,0.16324812982214307,0.13987006850405154
2,4,64,0.0,identity,0,0.04535519760231112,0.6519739341495404,0.3026708682481476
2,4,64,0.0,identity,2,0.057644390717528665,0.5464795815098022,0.39587602777266934
2,4,64,0.0,identity,4,0.04895861017834376,0.5296965249499982,0.421344864871657
2,4,64,0.0,relu,1,0.16776468583959178,0.5301206648848218,0.30211464927558646
2,4,64,0.0,relu,3,0.18411890324680355,0.47234032294350187,0.3435407738096968
2,4,64,0.25,identity,0,0.256103666893818,0.5268257919431217,0.2170705411630609
2,4,64,0.25,identity,2,0.21128753356142338,0.4708591339845271,0.3178533324540493
2,4,64,0.25,identity,4,0.2934001368711417,0.4227097344622206,0.2838901286666376
2,4,64,0.25,relu,1,0.34138613504739646,0.4353136296806849,0.22330023527191867
2,4,64,0.25,relu,3,0.38260989529189326,0.3541017911927683,0.26328831351533827
2,4,64,0.5,identity,0,0.34614124077895636,0.4698496458728852,0.18400911334815837
2,4,64,0.5,identity,2,0.3426040438564906,0.3875026776829116,0.26989327846059863
2,4,64,0.5,identity,4,0.4118786148467153,0.34715236221645207,0.24096902293683276
2,4,64,0.5,relu,1,0.41953341095873564,0.3651670547089336,0.21529953433233126
2,4,64,0.5,relu,3,0.4284888001118538,0.33383285862842954,0.23767834125971626
2,4,64,0.75,identity,0,0.5118607079476339,0.3327148945316603,0.1554243975207062
2,4,64,0.75,identity,2,0.5065635631324756,0.27263811690765255,0.22079831995987112
2,4,64,0.75,identity,4,0.6069816036163764,0.2120788166403525,0.1809395797432713
2,4,64,0.75,relu,1,0.5029843132253606,0.24971955453329497,0.24729613224134456
2,4,64,0.75,relu,3,0.4918193692039643,0.2803960770865521,0.22778455370948422
2,4,64,1.0,identity,0,0.7475029771274502,0.16459343064652496,0.08790359222602454
2,4,64,1.0,identity,2,0.8733390243726595,0.03870043824192722,0.08796053738541319
2,4,64,1.0,identity,4,0.8786181190612438,0.06316206962100641,0.0582198113177498
2,4,64,1.0,relu,1,0.6468273043729033,0.13159279250555778,0.22157990312154022
2,4,64,1.0,relu,3,0.6715399481598373,0.1944254439741184,0.13403460786604396
2,4,96,0.0,identity,0,0.06169573665410179,0.6110581095794261,0.327246153766471
2,4,96,0.0,identity,2,0.08558962702168031,0.538706599798773,0.3757037731795473
2,4,96,0.0,identity,4,0.06715732022826547,0.5020324385241223,0.4308102412476119
2,4,96,0.0,relu,1,0.19564452191763917,0.5170354000959464,0.2873200779864137
2,4,96,0.0,relu,3,0.1874044670266482,0.46082356343138653,0.35177196954196605
2,4,96,0.25,identity,0,0.2896246193367017,0.49041701496872264,0.21995836569457544
2,4,96,0.25,identity,2,0.25276335231786207,0.4518255261488132,0.29541112153332505
2,4,96,0.25,identity,4,0.30932091660522737,0.39332742435830526,0.2973516590364677
2,4,96,0.25,relu,1,0.37515846010811266,0.41776953257974103,0.20707200731214595
2,4,96,0.25,relu,3,0.38480967357424867,0.3766868327792779,0.23850349364647264
2,4,96,0.5,identity,0,0.3684748909141973,0.4255182081797054,0.20600690090609675
2,4,96,0.5,identity,2,0.37675455431469745,0.3869786259869828,0.23626681969831986
2,4,96,0.5,identity,4,0.4096337362666382,0.3336979659181134,0.25666829781524875
2,4,96,0.5,relu,1,0.45673278330683587,0.33337051950544117,0.20989669718772344
2,4,96,0.5,relu,3,0.4447560023769686,0.34130665176147007,0.21393734586156124
2,4,96,0.75,identity,0,0.4771690049807903,0.34884991892811296,0.17398107609109753
2,4,96,0.75,identity,2,0.6035931409090044,0.20933028705766143,0.18707657203333386
2,4,96,0.75,identity,4,0.5544825943043155,0.23127661024844973,0.21424079544723532
2,4,96,0.75,relu,1,0.4960174927692081,0.2807385337817604,0.2232439734490324
2,4,96,0.75,relu,3,0.5203298416348382,0.26420658277431514,0.21546357559084517
2,4,96,1.0,identity,0,0.7544654746271715,0.16474372819434427,0.0807907971784844
2,4,96,1.0,identity,2,0.8464181315918722,0.04880539745756082,0.10477647095056719
2,4,96,1.0,identity,4,0.8966504648477002,0.054879135430395395,0.04847039972190477
2,4,96,1.0,relu,1,0.6405267550039057,0.1331822821550608,0.22629096284103514
2,4,96,1.0,relu,3,0.7166855982330234,0.17317117175310823,0.1101432300138684
2,8,16,0.0,identity,0,0.016194182870127603,0.7096558178033414,0.2741499993265316
2,8,16,0.0,identity,2,0.016164318733647084,0.6251005556174712,0.3587351256488823
2,8,16,0.0,identity,4,0.024398680172462394,0.5804724506491913,0.3951288691783479
2,8,16,0.0,relu,1,0.10424823128653724,0.5450623319586114,0.3506894367548512
2,8,16,0.0,relu,3,0.11285765359996323,0.46249347807322405,0.42464886832680915
2,8,16,0.25,identity,0,0.23742013329724532,0.5506722434005626,0.2119076233021917
2,8,16,0.25,identity,2,0.2325729759520585,0.4912602321743248,0.27616679187361626
2,8,16,0.25,identity,4,0.21972607454870266,0.46278299511281473,0.31749093033848225
2,8,16,0.25,relu,1,0.27709888568107394,0.4346990939330948,0.28820202038582904
2,8,16,0.25,relu,3,0.26810799968372484,0.35970052006112957,0.37219148025514537
2,8,16,0.5,identity,0,0.3569502627169051,0.4592911012398954,0.1837586360431992
2,8,16,0.5,identity,2,0.40110230834580873,0.38563896258999975,0.21325872906419152
2,8,16,0.5,identity,4,0.37429494778690936,0.3695579379550641,0.25614711425802655
2,8,16,0.5,relu,1,0.3797692190052263,0.33318389600913606,0.2870468849856378
2,8,16,0.5,relu,3,0.3697299544690938,0.2635778835554817,0.36669216197542537
2,8,16,0.75,identity,0,0.4729503893765445,0.36762305767549663,0.15942655294795882
2,8,16,0.75,identity,2,0.5818157510583977,0.27539435901758047,0.14278988992402175
2,8,16,0.75,identity,4,0.6298622872781536,0.22596737211303092,0.1441703406088151
2,8,16,0.75,relu,1,0.48633345223442265,0.2610766093448093,0.25258993842076854
2,8,16,0.75,relu,3,0.4900717281013281,0.2167407851893998,0.29318748670927175
2,8,16,1.0,identity,0,0.7791063175963666,0.14948384985016877,0.0714098325534644
2,8,16,1.0,identity,2,0.8554764708322523,0.09577551150344892,0.04874801766429903
2,8,16,1.0,identity,4,0.9557373517699842,0.02206483026401168,0.02219781796600403
2,8,16,1.0,relu,1,0.6389475180140752,0.1672031285609856,0.19384935342494009
2,8,16,1.0,relu,3,0.670677752207044,0.15503452635432835,0.17428772143862814
2,8,32,0.0,identity,0,0.032844021769709165,0.6962298717731433,0.27092610645714704
2,8,32,0.0,identity,2,0.03356528047402904,0.6432300707451512,0.3232046487808199
2,8,32,0.0,identity,4,0.031435069655154864,0.5874983393211223,0.381066591023723
2,8,32,0.0,relu,1,0.11918078537889669,0.5953219310800464,0.2854972835410577
2,8,32,0.0,relu,3,0.13260083500164113,0.5256132760936937,0.34178588890466494
2,8,32,0.25,identity,0,0.2474797199839124,0.5412070180759168,0.21131326194017105
2,8,32,0.25,identity,2,0.23405134843556819,0.4934328315092102,0.2725158200552215
2,8,32,0.25,identity,4,0.223566979731985,0.4620194204225418,0.31441359984547324
2,8,32,0.25,relu,1,0.2907634218980262,0.49172149523572334,0.21751508286625093
2,8,32,0.25,relu,3,0.27168593406949554,0.45660031670919393,0.2717137492213106
2,8,32,0.5,identity,0,0.34707204841511397,0.45986577686125585,0.1930621747236302
2,8,32,0.5,identity,2,0.3451984328688087,0.4258593221315643,0.22894224499962662
2,8,32,0.5,identity,4,0.3897347896486521,0.36844247300469907,0.2418227373466492
2,8,32,0.5,relu,1,0.3796854131429678,0.4162701298217705,0.20404445703526133
2,8,32,0.5,relu,3,0.3482802385633796,0.3798571028108026,0.2718626586258185
2,8,32,0.75,identity,0,0.4765522428513301,0.36343687111334816,0.1600108860353222
2,8,32,0.75,identity,2,0.4909702472200242,0.32001338189429407,0.18901637088568096
2,8,32,0.75,identity,4,0.4721663684069581,0.2967347496461165,0.23109888194692543
2,8,32,0.75,relu,1,0.4623748411805812,0.32591037970306985,0.21171477911634923
2,8,32,0.75,relu,3,0.47342155865133156,0.30631107368223054,0.2202673676664383
2,8,32,1.0,identity,0,0.8025648128483399,0.1372273942803694,0.060207792871290494
2,8,32,1.0,identity,2,0.8770603863318147,0.08750765201070873,0.035431961657476904
2,8,32,1.0,identity,4,0.9124360054109519,0.03590847614374629,0.0516555184453013
2,8,32,1.0,relu,1,0.6986224704386489,0.14931812531637595,0.15205940424497488
2,8,32,1.0,relu,3,0.639333926044609,0.1766297590148882,0.18403631494050268
2,8,64,0.0,identity,0,0.03985121051837667,0.6692707581724022,0.29087803130922135
2,8,64,0.0,identity,2,0.037626134040793686,0.6381260767582431,0.3242477892009633
2,8,64,0.0,identity,4,0.04182710919725606,0.597265526136027,0.36090736466671686
2,8,64,0.0,relu,1,0.15171700668644603,0.5973868273299335,0.25089616598362113
2,8,64,0.0,relu,3,0.1425478547926904,0.5581718866422135,0.2992802585650945
2,8,64,0.25,identity,0,0.2671874802035629,0.5356599427565617,0.19715257703987538
2,8,64,0.25,identity,2,0.22137918909647306,0.5043820976527921,0.27423871325073473
2,8,64,0.25,identity,4,0.22421425883524146,0.47634903354646185,0.2994367076182978
2,8,64,0.25,relu,1,0.32517474398351665,0.48353227230323514,0.19129298371324738
2,8,64,0.25,relu,3,0.31668491660971076,0.4617605463306953,0.22155453705959352
2,8,64,0.5,identity,0,0.373775056100323,0.44972872275104947,0.17649622114862754
2,8,64,0.5,identity,2,0.34414438876088144,0.41567183606799746,0.24018377517112094
2,8,64,0.5,identity,4,0.35683592195091973,0.40405888339692503,0.2391051946521547
2,8,64,0.5,relu,1,0.4187477963947712,0.4108809916164799,0.17037121198874838
2,8,64,0.5,relu,3,0.38055919767363167,0.39609163266230935,0.22334916966405835
2,8,64,0.75,identity,0,0.5961464335294056,0.2884903115465187,0.115363254924076
2,8,64,0.75,identity,2,0.439091181310127,0.35611650122419897,0.2047923174656739
2,8,64,0.75,identity,4,0.4924354787623302,0.29869721729456183,0.208867303943108
2,8,64,0.75,relu,1,0.4833097963985324,0.3456500299656716,0.17104017363579507
2,8,64,0.75,relu,3,0.4695018416365978,0.32827217718129265,0.20222598118210933
2,8,64,1.0,identity,0,0.8125220407261715,0.1326819584436385,0.05479600083018981
2,8,64,1.0,identity,2,0.8776849826648769,0.08405573226289294,0.03825928507223046
2,8,64,1.0,identity,4,0.8771062003696483,0.055330785300014285,0.06756301433033733
2,8,64,1.0,relu,1,0.6855423427067944,0.1505778541875589,0.1638798031056462
2,8,64,1.0,relu,3,0.6363430279063621,0.17970939666384367,0.18394757542979412
2,8,96,0.0,identity,0,0.05342209435542352,0.66945466702157,0.27712323862300675
2,8,96,0.0,identity,2,0.059081126085019565,0.6265617362349002,0.31435713768008017
2,8,96,0.0,identity,4,0.05923217001364335,0.5587138890391993,0.38205394094715744
2,8,96,0.0,relu,1,0.19111324495482096,0.5710908084570481,0.2377959465881309
2,8,96,0.0,relu,3,0.18594872053885034,0.5338910514393918,0.28016022802175794
2,8,96,0.25,identity,0,0.26776155797769596,0.5432135286067769,0.18902491341552713
2,8,96,0.25,identity,2,0.23408224582393614,0.5072030898101509,0.2587146643659133
2,8,96,0.25,identity,4,0.248599989605669,0.48589600244037345,0.26550400795395684
2,8,96,0.25,relu,1,0.3630537487026836,0.4701475212744685,0.1667987300228483
2,8,96,0.25,relu,3,0.33842872893878007,0.43284707811295053,0.22872419294826918
2,8,96,0.5,identity,0,0.358612031131401,0.4730936687524687,0.16829430011613042
2,8,96,0.5,identity,2,0.3559832780304268,0.42674277703695646,0.21727394493261662
2,8,96,0.5,identity,4,0.35473070748135455,0.3860168066845567,0.2592524858340881
2,8,96,0.5,relu,1,0.4099108805524869,0.4290398869109199,0.16104923253659276
2,8,96,0.5,relu,3,0.41299183245629195,0.36283486961187317,0.22417329793183544
2,8,96,0.75,identity,0,0.5885945773738442,0.29465378933244185,0.11675163329371402
2,8,96,0.75,identity,2,0.4984995958597395,0.31652495488991594,0.18497544925034443
2,8,96,0.75,identity,4,0.5816571328750625,0.2379376632219576,0.1804052039029791
2,8,96,0.75,relu,1,0.48392977006106896,0.3348600771045379,0.1812101528343935
2,8,96,0.75,relu,3,0.46736099788757796,0.3241723077930037,0.20846669431941806
2,8,96,1.0,identity,0,0.8537782864614291,0.11123820361060276,0.034983509927968184
2,8,96,1.0,identity,2,0.8483129762782753,0.09976706341251654,0.051919960309207806
2,8,96,1.0,identity,4,0.8260012024021397,0.07910398926253208,0.09489480833532843
2,8,96,1.0,relu,1,0.7101087445284741,0.13801532678835723,0.15187592868316807
2,8,96,1.0,relu,3,0.5796904777329256,0.20515800922564245,0.215151513041431
4,16,16,0.0,identity,0,0.03518491623077711,0.6041968515652837,0.3606182322039392
4,16,16,0.0,identity,2,0.03625324271003826,0.5639772037861649,0.39976955350379667
4,16,16,0.0,identity,4,0.033746845375196115,0.58373361177672,0.38251954284808387
4,16,16,0.0,relu,1,0.09031261417702817,0.5267073574445053,0.38298002837846473
4,16,16,0.0,relu,3,0.11279199662349312,0.4798205356767801,0.4073874676997283
4,16,16,0.25,identity,0,0.2682527492293381,0.4423107871986188,0.2894364635720426
4,16,16,0.25,identity,2,0.21802939012519254,0.4615894058300315,0.32038120404477594
4,16,16,0.25,identity,4,0.28634255810392345,0.40316374792603094,0.31049369397004534
4,16,16,0.25,relu,1,0.2911598551449804,0.36846861650826485,0.34037152834675427
4,16,16,0.25,relu,3,0.27672728563880783,0.32281301815452085,0.4004596962066708
4,16,16,0.5,identity,0,0.4480403594263725,0.33191217158696923,0.22004746898665825
4,16,16,0.5,identity,2,0.4581757941143898,0.30515022157890664,0.2366739843067044
4,16,16,0.5,identity,4,0.4767477506376792,0.2847475468702711,0.23850470249204958
4,16,16,0.5,relu,1,0.4114365467419643,0.26559638906742056,0.3229670641906159
4,16,16,0.5,relu,3,0.43772496279515666,0.26573993108681243,0.29653510611803174
4,16,16,0.75,identity,0,0.615627530450518,0.23385677929768062,0.15051569025180128
4,16,16,0.75,identity,2,0.613989085747387,0.2222612651810766,0.16374964907153697
4,16,16,0.75,identity,4,0.6275342524263549,0.20975046186318505,0.1627152857104602
4,16,16,0.75,relu,1,0.5517138376027324,0.23726616132627823,0.2110200010709893
4,16,16,0.75,relu,3,0.5471384120851095,0.22369673149142,0.22916485642347043
4,16,16,1.0,identity,0,0.8920466496946645,0.08786747263840305,0.0200858776669323
4,16,16,1.0,identity,2,0.9056429293240477,0.08212903707473876,0.012228033601213651
4,16,16,1.0,identity,4,0.893809129352837,0.08088199328911053,0.025308877358052567
4,16,16,1.0,relu,1,0.7204857209548372,0.15249945470063847,0.12701482434452438
4,16,16,1.0,relu,3,0.761973498468705,0.13961734880591545,0.09840915272537973
4,16,32,0.0,identity,0,0.03420230889507868,0.6518189924243092,0.31397869868061185
4,16,32,0.0,identity,2,0.03193165317217564,0.6336983570188989,0.33436998980892574
4,16,32,0.0,identity,4,0.031801437727938205,0.6540124849520391,0.31418607732002224
4,16,32,0.0,relu,1,0.11263008144641308,0.5989787727323042,0.2883911458212828
4,16,32,0.0,relu,3,0.12060556945524151,0.5654420984202521,0.313952332124506
4,16,32,0.25,identity,0,0.23664313127635228,0.528650952306298,0.23470591641735014
4,16,32,0.25,identity,2,0.23813060465750496,0.5121537344384088,0.24971566090408645
4,16,32,0.25,identity,4,0.24641793504847853,0.5090183253845388,0.24456373956698232
4,16,32,0.25,relu,1,0.3004125326097206,0.46768897165911594,0.23189849573116406
4,16,32,0.25,relu,3,0.29978210814597617,0.428226847572851,0.2719910442811728
4,16,32,0.5,identity,0,0.35833255042849127,0.4445040956257519,0.19716335394575718
4,16,32,0.5,identity,2,0.36414856201882734,0.4347168703318578,0.20113456764931475
4,16,32,0.5,identity,4,0.3635851052784122,0.43202101404770493,0.20439388067388317
4,16,32,0.5,relu,1,0.39553567948275087,0.35549162444429466,0.2489726960729546
4,16,32,0.5,relu,3,0.40241924715546507,0.35012308586716356,0.24745766697737084
4,16,32,0.75,identity,0,0.5454698635433453,0.3166477923695756,0.13788234408707925
4,16,32,0.75,identity,2,0.5073840339506145,0.3376439816644391,0.15497198438494625
4,16,32,0.75,identity,4,0.5137667604669615,0.32841016649545696,0.15782307303758134
4,16,32,0.75,relu,1,0.4837068012437245,0.3056467348591449,0.21064646389713007
4,16,32,0.75,relu,3,0.5092810184469027,0.2801748447675385,0.21054413678555917
4,16,32,1.0,identity,0,0.8853031845745234,0.09163033470983385,0.02306648071564285
4,16,32,1.0,identity,2,0.8841805915456473,0.0912353242006719,0.024584084253680555
4,16,32,1.0,identity,4,0.8978899243830797,0.07897902928842299,0.02313104632849747
4,16,32,1.0,relu,1,0.7302338345471957,0.14453909021629097,0.12522707523651358
4,16,32,1.0,relu,3,0.7040823219519182,0.17225354561220615,0.12366413243587535
4,16,64,0.0,identity,0,0.05019168716891434,0.6549890926012288,0.29481922022985724
4,16,64,0.0,identity,2,0.057848100429778115,0.6323309928580062,0.30982090671221535
4,16,64,0.0,identity,4,0.060817037178731215,0.6109415248918759,0.32824143792939314
4,16,64,0.0,relu,1,0.15801348046263836,0.5924660828194911,0.2495204367178706
4,16,64,0.0,relu,3,0.15476712140416063,0.5753099478255305,0.2699229307703095
4,16,64,0.25,identity,0,0.2513527325123331,0.5164324441175902,0.2322148233700773
4,16,64,0.25,identity,2,0.2415747025017361,0.5155237599984217,0.24290153749984167
4,16,64,0.25,identity,4,0.26473703686336464,0.49528001594062976,0.2399829471960052
4,16,64,0.25,relu,1,0.32953832845977654,0.4603863832629084,0.2100752882773145
4,16,64,0.25,relu,3,0.34221116060375323,0.4344845578123673,0.22330428158387963
4,16,64,0.5,identity,0,0.3797696560690126,0.42723144536273167,0.1929988985682555
4,16,64,0.5,identity,2,0.3631669748981421,0.43191453912901306,0.20491848597284448
4,16,64,0.5,identity,4,0.3717278786008156,0.428222411955073,0.20004970944411193
4,16,64,0.5,relu,1,0.4228131254722299,0.38629164765970275,0.19089522686806737
4,16,64,0.5,relu,3,0.44086577558414314,0.3692010291946413,0.18993319522121602
4,16,64,0.75,identity,0,0.5431215859322825,0.31714982380627826,0.1397285902614394
4,16,64,0.75,identity,2,0.5119778855145447,0.33345505023682487,0.1545670642486311
4,16,64,0.75,identity,4,0.5308184411163661,0.31409145659339516,0.15509010229023898
4,16,64,0.75,relu,1,0.5209008814201272,0.3009035686225505,0.17819554995732242
4,16,64,0.75,relu,3,0.5367799591351707,0.2866989734289343,0.1765210674358952
4,16,64,1.0,identity,0,0.8838602531209395,0.09350778555009867,0.02263196132896207
4,16,64,1.0,identity,2,0.858173864215446,0.10604019042425192,0.03578594536030175
4,16,64,1.0,identity,4,0.890193995221342,0.08277494867150335,0.027031056107154477
4,16,64,1.0,relu,1,0.7396267590701535,0.14221127051695048,0.11816197041289603
4,16,64,1.0,relu,3,0.7036959674353025,0.16932967781594377,0.12697435474875401
4,16,96,0.0,identity,0,0.05120441669296119,0.6424300893302253,0.3063654939768136
4,16,96,0.0,identity,2,0.060296084687510354,0.6234095563033883,0.316294359009101
4,16,96,0.0,identity,4,0.07134586726185618,0.6053535971975783,0.3233005355405653
4,16,96,0.0,relu,1,0.16168794477610235,0.5847813327658269,0.25353072245806946
4,16,96,0.0,relu,3,0.19993402671734908,0.5629575763513645,0.2371083969312865
4,16,96,0.25,identity,0,0.2510381496589735,0.5190580911222565,0.22990375921877054
4,16,96,0.25,identity,2,0.2562769337105318,0.5127447718918264,0.23097829439764153
4,16,96,0.25,identity,4,0.24719313758248812,0.5154363614538194,0.2373705009636921
4,16,96,0.25,relu,1,0.3750918682175124,0.44773045812360485,0.17717767365888323
4,16,96,0.25,relu,3,0.3947098961502856,0.42772239622334185,0.17756770762637303
4,16,96,0.5,identity,0,0.37025512900672786,0.4331143302224987,0.19663054077077324
4,16,96,0.5,identity,2,0.365246557102404,0.4247395227857635,0.2100139201118325
4,16,96,0.5,identity,4,0.36745530110618446,0.4335087300163471,0.1990359688774686
4,16,96,0.5,relu,1,0.45920076179255154,0.37511950326742033,0.16567973494002847
4,16,96,0.5,relu,3,0.46930181656962106,0.3647420070797977,0.1659561763505822
4,16,96,0.75,identity,0,0.5208791648861153,0.3270669664930199,0.15205386862086456
4,16,96,0.75,identity,2,0.5362092395352774,0.3190489008651892,0.14474185959953328
4,16,96,0.75,identity,4,0.5245652811300844,0.32358063230721945,0.15185408656269636
4,16,96,0.75,relu,1,0.5609681048785252,0.28763236811678367,0.15139952700469117
4,16,96,0.75,relu,3,0.5579219401268993,0.2858602141593863,0.15621784571371514
4,16,96,1.0,identity,0,0.8882624851283667,0.08836612363302929,0.023371391238604215
4,16,96,1.0,identity,2,0.8872253080722738,0.08779049562409577,0.024984196303630104
4,16,96,1.0,identity,4,0.900600762181773,0.0744245690431297,0.024974668775096822
4,16,96,1.0,relu,1,0.7243135324897196,0.14915960256927244,0.1265268649410074
4,16,96,1.0,relu,3,0.7015702118114473,0.17231106639328145,0.12611872179527125
4,1,16,0.0,identity,0,0.04213018852043361,0.484899299970206,0.47297051150936026
4,1,16,0.0,identity,2,0.06025306862599175,0.3500986225843744,0.5896483087896335
4,1,16,0.0,identity,4,0.03702555443755848,0.5007183899937723,0.46225605556866833
4,1,16,0.0,relu,1,0.06093766978882498,0.585520808921009,0.35354152129016697
4,1,16,0.0,relu,3,0.11082423379569512,0.3886861589553856,0.5004896072489196
4,1,16,0.25,identity,0,0.2312941723184458,0.35100305357841155,0.4177027741031431
4,1,16,0.25,identity,2,0.3283296469403098,0.31871611195152355,0.35295424110816653
4,1,16,0.25,identity,4,0.2673181333243782,0.36966802992176867,0.36301383675385396
4,1,16,0.25,relu,1,0.2714726653591852,0.29712442345351014,0.431402911187305
4,1,16,0.25,relu,3,0.22202725343902288,0.29677302970296054,0.48119971685801816
4,1,16,0.5,identity,0,0.39576437491892613,0.2961476985651255,0.3080879265159492
4,1,16,0.5,identity,2,0.464173700401734,0.24033370633503748,0.29549259326322846
4,1,16,0.5,identity,4,0.3884119303701532,0.2861100490962064,0.32547802053364017
4,1,16,0.5,relu,1,0.3310270530828555,0.2532228988336992,0.41575004808344473
4,1,16,0.5,relu,3,0.2743933850387569,0.3054863398983974,0.4201202750628466
4,1,16,0.75,identity,0,0.4956852552981874,0.2690832123575645,0.23523153234424798
4,1,16,0.75,identity,2,0.6876187279620732,0.16493289618065476,0.14744837585727189
4,1,16,0.75,identity,4,0.56874937250646,0.20554602185681087,0.22570460563672914
4,1,16,0.75,relu,1,0.4126102565535376,0.27354738683501917,0.3138423566114436
4,1,16,0.75,relu,3,0.3849264049697363,0.20986837202316544,0.4052052230070984
4,1,16,1.0,identity,0,0.8185873307660307,0.14301557551008476,0.03839709372388494
4,1,16,1.0,identity,2,0.9421127456792763,0.03972590561407447,0.01816134870664942
4,1,16,1.0,identity,4,0.8212588708377238,0.11800429809633757,0.060736831065938225
4,1,16,1.0,relu,1,0.6733940343034364,0.16586016813564947,0.16074579756091423
4,1,16,1.0,relu,3,0.558252086490354,0.16598548099442845,0.27576243251521726
4,1,32,0.0,identity,0,0.034443039381628265,0.521652370999577,0.4439045896187952
4,1,32,0.0,identity,2,0.043836343555427495,0.4148862060027049,0.5412774504418678
4,1,32,0.0,identity,4,0.06009692487183721,0.4270546180384093,0.512848457089754
4,1,32,0.0,relu,1,0.15513514824550814,0.4115773332163272,0.4332875185381646
4,1,32,0.0,relu,3,0.1740472580752238,0.39264912828677095,0.43330361363800557
4,1,32,0.25,identity,0,0.2677226537166043,0.35023988938752393,0.3820374568958723
4,1,32,0.25,identity,2,0.34664131918445806,0.2775411383410485,0.3758175424744931
4,1,32,0.25,identity,4,0.28295088433202203,0.3326411546893463,0.38440796097863206
4,1,32,0.25,relu,1,0.3375272861193035,0.2920279641646315,0.3704447497160652
4,1,32,0.25,relu,3,0.28682100549636447,0.30034930545574395,0.4128296890478926
4,1,32,0.5,identity,0,0.33263599527066545,0.292577674255357,0.3747863304739776
4,1,32,0.5,identity,2,0.40432383679381967,0.29252687238514996,0.3031492908210299
4,1,32,0.5,identity,4,0.3867139818191761,0.28935385723208107,0.323932160948743
4,1,32,0.5,relu,1,0.36088532680814017,0.27345615846438154,0.36565851472747934
4,1,32,0.5,relu,3,0.36341824989007904,0.21802022043005978,0.41856152967986204
4,1,32,0.75,identity,0,0.4447301957717643,0.2811473427282048,0.2741224615000307
4,1,32,0.75,identity,2,0.5271527358981625,0.2602755334139257,0.21257173068791196
4,1,32,0.75,identity,4,0.5334342576691419,0.17488873742279107,0.29167700490806703
4,1,32,0.75,relu,1,0.44509216854193595,0.23563805584778652,0.3192697756102771
4,1,32,0.75,relu,3,0.45860194784302905,0.19950635985621337,0.34189169230075683
4,1,32,1.0,identity,0,0.7785116846344704,0.16540745910381993,0.05608085626170985
4,1,32,1.0,identity,2,0.9217340000501645,0.0509319008824759,0.02733409906735962
4,1,32,1.0,identity,4,0.944877833490648,0.03941763935736554,0.015704527151986437
4,1,32,1.0,relu,1,0.6588318244737867,0.17096546283639646,0.17020271268981685
4,1,32,1.0,relu,3,0.5890248258084665,0.1500700917513752,0.2609050824401581
4,1,64,0.0,identity,0,0.07590511993273774,0.4402946343854545,0.4838002456818061
4,1,64,0.0,identity,2,0.06711277328747481,0.37774895491651894,0.5551382717960058
4,1,64,0.0,identity,4,0.11956117825874402,0.36702808401014203,0.5134107377311137
4,1,64,0.0,relu,1,0.1330803489903116,0.49367161702158235,0.37324803398810663
4,1,64,0.0,relu,3,0.1482840761862097,0.4091875133175208,0.4425284104962693
4,1,64,0.25,identity,0,0.3060623891305111,0.29461270664147815,0.39932490422801087
4,1,64,0.25,identity,2,0.32518443126766194,0.26958145203577594,0.40523411669656184
4,1,64,0.25,identity,4,0.314809510532997,0.31546036315495013,0.3697301263120519
4,1,64,0.25,relu,1,0.3398229629882245,0.30574693320624446,0.35443010380553147
4,1,64,0.25,relu,3,0.3299062844227011,0.2736042347157769,0.39648948086152097
4,1,64,0.5,identity,0,0.36654570962449473,0.2715924031865803,0.36186188718892476
4,1,64,0.5,identity,2,0.45162168054762697,0.2577848532455495,0.2905934662068247
4,1,64,0.5,identity,4,0.3565384866870197,0.3179544255309525,0.32550708778202797
4,1,64,0.5,relu,1,0.3646872961267759,0.281124465341243,0.3541882385319814
4,1,64,0.5,relu,3,0.3849143056082907,0.2720008344544321,0.3430848599372782
4,1,64,0.75,identity,0,0.5501197724122013,0.22704639580473984,0.22283383178305927
4,1,64,0.75,identity,2,0.48666020514844144,0.2477939741205753,0.2655458207309826
4,1,64,0.75,identity,4,0.5278952774155443,0.22273404848660577,0.24937067409785013
4,1,64,0.75,relu,1,0.42899429263541533,0.23728871731658233,0.3337169900480013
4,1,64,0.75,relu,3,0.42288451741442706,0.2237610560220336,0.35335442656353894
4,1,64,1.0,identity,0,0.8317360662244521,0.14105509353794907,0.027208840237598994
4,1,64,1.0,identity,2,0.7798811869816961,0.12845434525870048,0.09166446775960373
4,1,64,1.0,identity,4,0.7383018707345116,0.16894688733687094,0.09275124192861725
4,1,64,1.0,relu,1,0.7326566117518967,0.13556194548914288,0.1317814427589612
4,1,64,1.0,relu,3,0.673781590292379,0.12708707109400438,0.19913133861361557
4,1,96,0.0,identity,0,0.12261770072032172,0.4275780677826874,0.4498042314969916
4,1,96,0.0,identity,2,0.15418310259718868,0.34309935852218515,0.5027175388806263
4,1,96,0.0,identity,4,0.13406840460294686,0.39039777729210795,0.47553381810494527
4,1,96,0.0,relu,1,0.21972177343501686,0.42096481094895855,0.35931341561602503
4,1,96,0.0,relu,3,0.16485396129516544,0.39728420413585586,0.43786183456897887
4,1,96,0.25,identity,0,0.31133998694173726,0.3320169171427952,0.35664309591546817
4,1,96,0.25,identity,2,0.40373447434664034,0.2464671228106265,0.3497984028427339
4,1,96,0.25,identity,4,0.33711082618993804,0.32858575070399687,0.3343034231060657
4,1,96,0.25,relu,1,0.33807915446465486,0.31032744552143793,0.3515934000139071
4,1,96,0.25,relu,3,0.34526728585671634,0.29740734046860956,0.35732537367467454
4,1,96,0.5,identity,0,0.3928076030250612,0.30000918205692706,0.3071832149180115
4,1,96,0.5,identity,2,0.4238753073228443,0.3006593927322539,0.27546529994490243
4,1,96,0.5,identity,4,0.47049165168980284,0.24027895074343456,0.28922939756676236
4,1,96,0.5,relu,1,0.39649823484712704,0.2408096224317744,0.36269214272109856
4,1,96,0.5,relu,3,0.43988172622018823,0.21051846866213586,0.34959980511767574
4,1,96,0.75,identity,0,0.5137744355348409,0.25915654828901696,0.22706901617614159
4,1,96,0.75,identity,2,0.502843896448189,0.26805484002419605,0.2291012635276143
4,1,96,0.75,identity,4,0.5387853348844858,0.21970052670408108,0.24151413841143277
4,1,96,0.75,relu,1,0.46096365744284523,0.2122957610669756,0.3267405814901797
4,1,96,0.75,relu,3,0.4756434045584292,0.18434747658313733,0.3400091188584342
4,1,96,1.0,identity,0,0.6993080082391784,0.2104671528090903,0.09022483895173146
4,1,96,1.0,identity,2,0.7863822436676254,0.12498255483983031,0.08863520149254489
4,1,96,1.0,identity,4,0.7751441931796349,0.14641358571708554,0.0784422211032795
4,1,96,1.0,relu,1,0.7066886477442892,0.1481511466853243,0.14516020557038692
4,1,96,1.0,relu,3,0.6536854323650434,0.13107782122850267,0.21523674640645435
4,2,16,0.0,identity,0,0.02405993589170546,0.5229630153249549,0.45297704878334005
4,2,16,0.0,identity,2,0.033463002515290496,0.47021560829426584,0.4963213891904433
4,2,16,0.0,identity,4,0.03184410414521655,0.5023621279247101,0.4657937679300748
4,2,16,0.0,relu,1,0.08092087950697373,0.4932279232921707,0.4258511972008564
4,2,16,0.0,relu,3,0.09083766914209222,0.4296353739802795,0.4795269568776308
4,2,16,0.25,identity,0,0.2617634950212943,0.4056527306979906,0.3325837742807145
4,2,16,0.25,identity,2,0.24791692534048748,0.37224319584949817,0.3798398788100137
4,2,16,0.25,identity,4,0.209059104026995,0.4289644502082898,0.36197644576471494
4,2,16,0.25,relu,1,0.24632061733004587,0.37711526635172604,0.37656411631822734
4,2,16,0.25,relu,3,0.28341990589655275,0.3134635155858233,0.4031165785176233
4,2,16,0.5,identity,0,0.3991469139256782,0.3330971820564923,0.267755904017829
4,2,16,0.5,identity,2,0.3213053052317414,0.38110412481860373,0.29759056994965516
4,2,16,0.5,identity,4,0.33878717538372605,0.3658112969627573,0.2954015276535173
4,2,16,0.5,relu,1,0.33595811270444825,0.339835140651129,0.3242067466444224
4,2,16,0.5,relu,3,0.42090813863860743,0.23756186340603,0.3415299979553615
4,2,16,0.75,identity,0,0.5029098584379718,0.27408843951758555,0.2230017020444435
4,2,16,0.75,identity,2,0.48904263489205,0.29534237825608767,0.21561498685186234
4,2,16,0.75,identity,4,0.4125387103244479,0.36106738617171785,0.226393903503834
4,2,16,0.75,relu,1,0.4569497607997354,0.2667496695433628,0.27630056965690275
4,2,16,0.75,relu,3,0.4620095695442402,0.22966032747606818,0.3083301029796923
4,2,16,1.0,identity,0,0.8123863924120385,0.11708785473631217,0.07052575285164984
4,2,16,1.0,identity,2,0.7023057355788912,0.1955693184573285,0.10212494596378005
4,2,16,1.0,identity,4,0.7760470049223543,0.19113212561094825,0.03282086946669726
4,2,16,1.0,relu,1,0.6013907986677605,0.19391009858542715,0.20469910274681355
4,2,16,1.0,relu,3,0.6453655232138024,0.19546584866287808,0.15916862812331994
4,2,32,0.0,identity,0,0.04545954811451903,0.49238950186582126,0.46215095001965995
4,2,32,0.0,identity,2,0.05172709138419265,0.46417670435238806,0.48409620426342
4,2,32,0.0,identity,4,0.039041842251163035,0.48068384308589684,0.4802743146629398
4,2,32,0.0,relu,1,0.17317953271380346,0.42073924263712326,0.4060812246490721
4,2,32,0.0,relu,3,0.1055970088058597,0.4661388072562518,0.4282641839378908
4,2,32,0.25,identity,0,0.28691387106036176,0.36141495448492067,0.3516711744547171
4,2,32,0.25,identity,2,0.23836079415728625,0.3824158449779086,0.37922336086480524
4,2,32,0.25,identity,4,0.22051802503003454,0.4135493382990374,0.365932636670928
4,2,32,0.25,relu,1,0.3075455297103737,0.3426818042337456,0.34977266605588003
4,2,32,0.25,relu,3,0.29613600804345075,0.3232584566484406,0.3806055353081098
4,2,32,0.5,identity,0,0.41167560594748037,0.3053105336851918,0.28301386036732806
4,2,32,0.5,identity,2,0.31856205040075786,0.3398363153705443,0.34160163422869766
4,2,32,0.5,identity,4,0.36063026151910405,0.3558776754226944,0.2834920630582018
4,2,32,0.5,relu,1,0.3353601552233255,0.33671438548542953,0.32792545929124506
4,2,32,0.5,relu,3,0.40480692910433813,0.27122779218940385,0.32396527870625763
4,2,32,0.75,identity,0,0.4817507183579811,0.27765023828233526,0.24059904335968377
4,2,32,0.75,identity,2,0.4885734897380672,0.30378688818388444,0.20763962207804829
4,2,32,0.75,identity,4,0.5660870859964982,0.28994412552620397,0.14396878847729802
4,2,32,0.75,relu,1,0.4280296713927582,0.2942110136815541,0.277759314925688
4,2,32,0.75,relu,3,0.49235035396774296,0.21673228117453036,0.29091736485772646
4,2,32,1.0,identity,0,0.8360561039909001,0.11863747846099772,0.045306417548102315
4,2,32,1.0,identity,2,0.6673779797953773,0.21302219591717056,0.11959982428745207
4,2,32,1.0,identity,4,0.7246359215996908,0.22769968977452737,0.047664388625782046
4,2,32,1.0,relu,1,0.5932689491666419,0.1751726440848318,0.23155840674852585
4,2,32,1.0,relu,3,0.7065772451089076,0.17100895642226205,0.12241379846883019
4,2,64,0.0,identity,0,0.05907673066263325,0.5044808161675625,0.43644245316980435
4,2,64,0.0,identity,2,0.08002306415103841,0.43994212162909996,0.4800348142198619
4,2,64,0.0,identity,4,0.061948277359803475,0.4980049121495071,0.4400468104906885
4,2,64,0.0,relu,1,0.1655401185377962,0.4688525366869863,0.36560734477521806
4,2,64,0.0,relu,3,0.1477175626495685,0.4628346626255787,0.3894477747248539
4,2,64,0.25,identity,0,0.3142597471794723,0.35976027282205375,0.32597997999847333
4,2,64,0.25,identity,2,0.26629255169167504,0.34244469280897083,0.3912627554993551
4,2,64,0.25,identity,4,0.2215270661557197,0.44152478504304027,0.33694814880123963
4,2,64,0.25,relu,1,0.3086161650657981,0.4084158244806858,0.2829680104535159
4,2,64,0.25,relu,3,0.3929195493741069,0.2799213717356207,0.32715907889027246
4,2,64,0.5,identity,0,0.47092651554163506,0.3076242202838723,0.2214492641744925
4,2,64,0.5,identity,2,0.3319077801998732,0.35244666238546185,0.315645557414666
4,2,64,0.5,identity,4,0.34596575082793146,0.35063158948836376,0.3034026596837052
4,2,64,0.5,relu,1,0.3849393404139735,0.3363426961865041,0.2787179633995221
4,2,64,0.5,relu,3,0.4365445916458229,0.26600094637034244,0.29745446198383524
4,2,64,0.75,identity,0,0.595512974211359,0.22705413312738562,0.17743289266125573
4,2,64,0.75,identity,2,0.46337423938909655,0.2875990380442343,0.2490267225666697
4,2,64,0.75,identity,4,0.4663504688419869,0.312049566456716,0.22159996470129717
4,2,64,0.75,relu,1,0.46028703992689673,0.28790043083516154,0.2518125292379413
4,2,64,0.75,relu,3,0.5165193350267491,0.21997733426095986,0.2635033307122904
4,2,64,1.0,identity,0,0.859459188732275,0.10010209123804856,0.04043872002967647
4,2,64,1.0,identity,2,0.6955654660923438,0.2097137618359035,0.09472077207175265
4,2,64,1.0,identity,4,0.7637665690004249,0.20461557742372868,0.03161785357584646
4,2,64,1.0,relu,1,0.6544958662658333,0.15271086623071928,0.19279326750344702
4,2,64,1.0,relu,3,0.680979845232385,0.18658787742320615,0.13243227734440918
4,2,96,0.0,identity,0,0.09675032754790222,0.49379403725414567,0.4094556351979508
4,2,96,0.0,identity,2,0.08985739385962026,0.4505039540037743,0.4596386521366061
4,2,96,0.0,identity,4,0.07927980526505675,0.4639508176899499,0.4567693770449925
4,2,96,0.0,relu,1,0.158404412104527,0.48562736742390467,0.3559682204715684
4,2,96,0.0,relu,3,0.1285879729933959,0.47498509221452023,0.3964269347920823
4,2,96,0.25,identity,0,0.31975487228585936,0.3700218074726442,0.31022332024149557
4,2,96,0.25,identity,2,0.2834395204831329,0.3358426341723169,0.38071784534454983
4,2,96,0.25,identity,4,0.2732691538469507,0.39387265505151764,0.33285819110153314
4,2,96,0.25,relu,1,0.35515303134716486,0.37030054821075636,0.27454642044207866
4,2,96,0.25,relu,3,0.3937895253659325,0.3041499266914436,0.3020605479426233
4,2,96,0.5,identity,0,0.4447904223743795,0.29648641957516003,0.25872315805046076
4,2,96,0.5,identity,2,0.35591959263064504,0.30888644682696015,0.33519396054239436
4,2,96,0.5,identity,4,0.37891363858421057,0.33389359198291063,0.28719276943287886
4,2,96,0.5,relu,1,0.40628809866860155,0.3429433678300171,0.25076853350138206
4,2,96,0.5,relu,3,0.4571303403001543,0.26411144144832666,0.2787582182515185
4,2,96,0.75,identity,0,0.5395904863653276,0.24961395150283386,0.21079556213183806
4,2,96,0.75,identity,2,0.4924141352054416,0.27500205500529834,0.23258380978926038
4,2,96,0.75,identity,4,0.4743537882684819,0.3163982571868115,0.20924795454470593
4,2,96,0.75,relu,1,0.45773488644833055,0.27692601676337053,0.26533909678829953
4,2,96,0.75,relu,3,0.5063715567261289,0.2249924831209048,0.26863596015296576
4,2,96,1.0,identity,0,0.8309113150907534,0.1226875739789137,0.04640111093033323
4,2,96,1.0,identity,2,0.7376626738986884,0.1950090031997337,0.06732832290157809
4,2,96,1.0,identity,4,0.6606168814023139,0.26815232116556476,0.07123079743212123
4,2,96,1.0,relu,1,0.6406584900644271,0.16311796570948314,0.1962235442260897
4,2,96,1.0,relu,3,0.6796906254656414,0.1779753565214212,0.14233401801293727
4,32,16,0.0,identity,0,0.08738430247888487,0.5095197298554678,0.4030959676656469
4,32,16,0.0,identity,2,0.08088459623970168,0.4896466657280229,0.4294687380322759
4,32,16,0.0,identity,4,0.0872423734126157,0.4920604070310983,0.4206972195562861
4,32,16,0.0,relu,1,0.15629688188698404,0.5134009294471797,0.3303021886658365
4,32,16,0.0,relu,3,0.16613560555405704,0.3794440347383052,0.45442035970763694
4,32,16,0.25,identity,0,0.3247775052045164,0.3558901957453984,0.3193322990500856
4,32,16,0.25,identity,2,0.36602402066122935,0.30659437453148025,0.3273816048072914
4,32,16,0.25,identity,4,0.3653171456317588,0.3062803149091942,0.32840253945904657
4,32,16,0.25,relu,1,0.3834128660218286,0.3012161135383704,0.31537102043980114
4,32,16,0.25,relu,3,0.3559892432683736,0.22958958726046366,0.4144211694711612
4,32,16,0.5,identity,0,0.5354324738505357,0.22923276813094084,0.23533475801852344
4,32,16,0.5,identity,2,0.5198252800589709,0.23287518222784712,0.24729953771318236
4,32,16,0.5,identity,4,0.5248935283122862,0.2273378411457947,0.24776863054191986
4,32,16,0.5,relu,1,0.4878155759574331,0.2331730942115879,0.2790113298309805
4,32,16,0.5,relu,3,0.4878090631315477,0.21904301090971834,0.293147925958735
4,32,16,0.75,identity,0,0.6833047576694584,0.16383977259735755,0.15285546973318395
4,32,16,0.75,identity,2,0.6669568646223011,0.17297440268576417,0.16006873269193472
4,32,16,0.75,identity,4,0.6762098780235505,0.16378603053645052,0.16000409143999905
4,32,16,0.75,relu,1,0.5693690423719552,0.18562068068779927,0.2450102769402455
4,32,16,0.75,relu,3,0.6070261398521757,0.19758658262757967,0.19538727752024493
4,32,16,1.0,identity,0,0.8959629789539062,0.07148261721742839,0.032554403828665555
4,32,16,1.0,identity,2,0.8975225074055964,0.08137679784957197,0.021100694744831464
4,32,16,1.0,identity,4,0.922320708404607,0.0626500823131496,0.01502920928224347
4,32,16,1.0,relu,1,0.75834655470679,0.1045441164211989,0.13710932887201052
4,32,16,1.0,relu,3,0.7889321322792947,0.1434840858668835,0.06758378185382208
4,32,32,0.0,identity,0,0.03395290739104023,0.6856614324669944,0.28038566014196514
4,32,32,0.0,identity,2,0.033263825525544986,0.6753465463171878,0.29138962815726743
4,32,32,0.0,identity,4,0.036069874579531744,0.6721670158006654,0.2917631096198029
4,32,32,0.0,relu,1,0.05955361049893255,0.627978124204046,0.312468265297021
4,32,32,0.0,relu,3,0.06381749000232259,0.5628913102116603,0.37329119978601805
4,32,32,0.25,identity,0,0.23571043524779867,0.538228374504074,0.22606119024812713
4,32,32,0.25,identity,2,0.24282794696943488,0.5158693670561331,0.24130268597443238
4,32,32,0.25,identity,4,0.24370473285087982,0.5158146199001394,0.2404806472489808
4,32,32,0.25,relu,1,0.2522593486503519,0.5129676882788196,0.2347729630708288
4,32,32,0.25,relu,3,0.2813434223957807,0.4248330169073537,0.29382356069686577
4,32,32,0.5,identity,0,0.39009993681077665,0.4246467659777522,0.185253297211471
4,32,32,0.5,identity,2,0.3755615943643318,0.43342258830922287,0.19101581732644485
4,32,32,0.5,identity,4,0.3881612113175333,0.42220851674821286,0.18963027193425394
4,32,32,0.5,relu,1,0.36976375630710134,0.42903555690729506,0.20120068678560302
4,32,32,0.5,relu,3,0.40562931911314254,0.3804376709739037,0.21393300991295364
4,32,32,0.75,identity,0,0.553221273777794,0.30987445667980396,0.13690426954240217
4,32,32,0.75,identity,2,0.5381534422204731,0.3231183840669458,0.13872817371258125
4,32,32,0.75,identity,4,0.5481153702876577,0.30919277503157017,0.142691854680772
4,32,32,0.75,relu,1,0.4919239337218004,0.34587834003751844,0.1621977262406818
4,32,32,0.75,relu,3,0.5368412366771126,0.3029299024650032,0.1602288608578837
4,32,32,1.0,identity,0,0.8461436676929097,0.10003275027526065,0.05382358203182973
4,32,32,1.0,identity,2,0.9057408810577652,0.07065166654791649,0.023607452394318072
4,32,32,1.0,identity,4,0.9125389876721477,0.05798891026096127,0.029472102066891076
4,32,32,1.0,relu,1,0.7805575593541473,0.11244891736336882,0.10699352328248421
4,32,32,1.0,relu,3,0.779676922020856,0.1501526509897553,0.07017042698938904
4,32,64,0.0,identity,0,0.07175615660187872,0.6875234148537758,0.24072042854434494
4,32,64,0.0,identity,2,0.057655130450838046,0.6895322099507011,0.25281265959846067
4,32,64,0.0,identity,4,0.0662029537668648,0.6853737412362362,0.2484233049968993
4,32,64,0.0,relu,1,0.153655903461743,0.638575140263419,0.20776895627483843
4,32,64,0.0,relu,3,0.1936630213860703,0.5551526294146216,0.2511843491993073
4,32,64,0.25,identity,0,0.2326217914972704,0.5673053691338437,0.20007283936888612
4,32,64,0.25,identity,2,0.23238158005129406,0.5649941427295136,0.20262427721919196
4,32,64,0.25,identity,4,0.24179646186576703,0.5534843445142988,0.20471919361993404
4,32,64,0.25,relu,1,0.3231722861714457,0.5077876752585467,0.16904003857000746
4,32,64,0.25,relu,3,0.3524862302340687,0.44113258975716196,0.20638118000876954
4,32,64,0.5,identity,0,0.3510127871826476,0.476938485444466,0.1720487273728865
4,32,64,0.5,identity,2,0.3523128882102095,0.4765205275454854,0.17116658424430517
4,32,64,0.5,identity,4,0.36536369299561144,0.4587172368792911,0.17591907012509772
4,32,64,0.5,relu,1,0.416536680663345,0.4303752218981397,0.153088097438515
4,32,64,0.5,relu,3,0.45031520424339344,0.3709779326885013,0.1787068630681044
4,32,64,0.75,identity,0,0.5017827940721981,0.3572476540901657,0.140969551837636
4,32,64,0.75,identity,2,0.4912739875338321,0.37256065752032463,0.13616535494584328
4,32,64,0.75,identity,4,0.5019818727491354,0.358889211740449,0.1391289155104152
4,32,64,0.75,relu,1,0.5395410749872813,0.3227080071855393,0.13775091782717985
4,32,64,0.75,relu,3,0.5739142327883114,0.2855782651625627,0.14050750204912535
4,32,64,1.0,identity,0,0.9015181011895527,0.06960077749932163,0.02888112131112544
4,32,64,1.0,identity,2,0.9089920818729151,0.0700560939719626,0.020951824155122437
4,32,64,1.0,identity,4,0.8945647692170593,0.07256727485397399,0.03286795592896664
4,32,64,1.0,relu,1,0.7649496678288422,0.11834197331318175,0.11670835885797576
4,32,64,1.0,relu,3,0.7746258424955333,0.1567040548795167,0.06867010262494991
4,32,96,0.0,identity,0,0.08809134118589651,0.6648034538059407,0.24710520500816288
4,32,96,0.0,identity,2,0.05774055398051339,0.6807373445120398,0.26152210150744665
4,32,96,0.0,identity,4,0.06967591563510482,0.673041406134231,0.2572826782306646
4,32,96,0.0,relu,1,0.16652882924444432,0.6166047458697422,0.21686642488581398
4,32,96,0.0,relu,3,0.2313770510240852,0.5457635591385286,0.22285938983738668
4,32,96,0.25,identity,0,0.23358186745102924,0.5716690835705818,0.1947490489783888
4,32,96,0.25,identity,2,0.23060717211614243,0.5686681963045234,0.20072463157933415
4,32,96,0.25,identity,4,0.24594078363339306,0.5470022659916147,0.20705695037499205
4,32,96,0.25,relu,1,0.3603600946675041,0.4876648281745909,0.1519750771579056
4,32,96,0.25,relu,3,0.3982470729603022,0.4203791726497115,0.18137375438998676
4,32,96,0.5,identity,0,0.3602342726423249,0.4718197032369552,0.16794602412071977
4,32,96,0.5,identity,2,0.3598439537042986,0.4675536781602623,0.17260236813543944
4,32,96,0.5,identity,4,0.3649305596366068,0.4534286639893682,0.18164077637402526
4,32,96,0.5,relu,1,0.45597021707908747,0.39957931062538166,0.14445047229553115
4,32,96,0.5,relu,3,0.49211062909570763,0.3596646475491362,0.1482247233551553
4,32,96,0.75,identity,0,0.4993984246381854,0.3561473309983052,0.14445424436350976
4,32,96,0.75,identity,2,0.49053401940326596,0.37659171942581615,0.13287426117091777
4,32,96,0.75,identity,4,0.5149812782103586,0.3408095675078148,0.14420915428182612
4,32,96,0.75,relu,1,0.5553753917296581,0.3162396618822498,0.12838494638809161
4,32,96,0.75,relu,3,0.5988066220456466,0.2684615214612617,0.1327318564930919
4,32,96,1.0,identity,0,0.8423378917789742,0.10064986494490694,0.05701224327611822
4,32,96,1.0,identity,2,0.9070881824769135,0.06919874242162394,0.02371307510146266
4,32,96,1.0,identity,4,0.9027968965540695,0.0678847956021614,0.029318307843769036
4,32,96,1.0,relu,1,0.7757742082928678,0.11269872905912504,0.11152706264800692
4,32,96,1.0,relu,3,0.7754365486870605,0.16097006124519317,0.0635933900677467
4,4,16,0.0,identity,0,0.016894236780465467,0.593417271335923,0.3896884918836111
4,4,16,0.0,identity,2,0.018784651790673235,0.5418625290753731,0.4393528191339523
4,4,16,0.0,identity,4,0.020248907667150113,0.5553500358883219,0.4244010564445283
4,4,16,0.0,relu,1,0.08952437184732666,0.5371698029111289,0.37330582524154404
4,4,16,0.0,relu,3,0.11561546619429418,0.4940895275678859,0.39029500623781943
4,4,16,0.25,identity,0,0.31537011395291675,0.39978397908727653,0.2848459069598065
4,4,16,0.25,identity,2,0.302969747254833,0.39019054594618424,0.30683970679898265
4,4,16,0.25,identity,4,0.25249401646053066,0.4288117354878645,0.31869424805160457
4,4,16,0.25,relu,1,0.29074723440003386,0.3758475877475976,0.33340517785236784
4,4,16,0.25,relu,3,0.23078968976496914,0.32831606463442425,0.4408942456006064
4,4,16,0.5,identity,0,0.47418483628326225,0.30607137974750903,0.21974378396922853
4,4,16,0.5,identity,2,0.4368504818993629,0.32032293710198045,0.2428265809986573
4,4,16,0.5,identity,4,0.3979401439403726,0.32690658469800854,0.27515327136161866
4,4,16,0.5,relu,1,0.37057416199549525,0.32098830445646015,0.308437533548045
4,4,16,0.5,relu,3,0.36012423747294614,0.24544251353088958,0.3944332489961638
4,4,16,0.75,identity,0,0.6382578913536213,0.21184896103499934,0.14989314761137953
4,4,16,0.75,identity,2,0.6013319526924051,0.24429546391124918,0.15437258339634552
4,4,16,0.75,identity,4,0.5973762258343893,0.22740299880516224,0.1752207753604485
4,4,16,0.75,relu,1,0.5065543209152968,0.23748290252338916,0.2559627765613138
4,4,16,0.75,relu,3,0.47886638321974273,0.18197968016551047,0.3391539366147458
4,4,16,1.0,identity,0,0.9020848252381727,0.061403451450810234,0.03651172331101716
4,4,16,1.0,identity,2,0.8512918219495011,0.12981007258520272,0.018898105465295984
4,4,16,1.0,identity,4,0.8740933109072384,0.09213483112414175,0.03377185796861965
4,4,16,1.0,relu,1,0.7018271009499796,0.13789260548310625,0.1602802935669142
4,4,16,1.0,relu,3,0.7000158423251176,0.14229613870036784,0.15768801897451484
4,4,32,0.0,identity,0,0.03008222787080448,0.5692460303586798,0.4006717417705158
4,4,32,0.0,identity,2,0.03903926703798176,0.5629600497005866,0.398000683261431
4,4,32,0.0,identity,4,0.03517483372852424,0.5272449194052637,0.4375802468662123
4,4,32,0.0,relu,1,0.14939194591594285,0.5233381525080332,0.32726990157602415
4,4,32,0.0,relu,3,0.11957465280291282,0.47644711756692504,0.4039782296301626
4,4,32,0.25,identity,0,0.3244447229490989,0.40259696954759844,0.27295830750330247
4,4,32,0.25,identity,2,0.2968891696782902,0.40081588629843395,0.30229494402327556
4,4,32,0.25,identity,4,0.28213620254532346,0.3957954117971443,0.3220683856575323
4,4,32,0.25,relu,1,0.29706431340014694,0.4006665897781846,0.30226909682166825
4,4,32,0.25,relu,3,0.31626961839180934,0.34112551702110755,0.34260486458708317
4,4,32,0.5,identity,0,0.4506923392225372,0.3199644380188822,0.22934322275858085
4,4,32,0.5,identity,2,0.45982688280554396,0.316203987320748,0.2239691298737078
4,4,32,0.5,identity,4,0.40710712031551743,0.3327415627170239,0.26015131696745875
4,4,32,0.5,relu,1,0.39091978126011234,0.3186616517092622,0.29041856703062485
4,4,32,0.5,relu,3,0.42362103172707705,0.2594838923836427,0.31689507588927956
4,4,32,0.75,identity,0,0.5839142997203479,0.24316140340854075,0.17292429687111144
4,4,32,0.75,identity,2,0.5978747610422327,0.24591767359678188,0.15620756536098498
4,4,32,0.75,identity,4,0.5280079805317797,0.26340541634397835,0.2085866031242415
4,4,32,0.75,relu,1,0.4700315119593305,0.27083984123875293,0.2591286468019163
4,4,32,0.75,relu,3,0.5125917969763711,0.21139773185946448,0.2760104711641639
4,4,32,1.0,identity,0,0.8849892315680409,0.07158790127761086,0.04342286715434806
4,4,32,1.0,identity,2,0.8347423765636255,0.12380355014168165,0.04145407329469296
4,4,32,1.0,identity,4,0.86858202514866,0.09569192982257502,0.035726045028764704
4,4,32,1.0,relu,1,0.7029442181013366,0.14515200560214986,0.15190377629651375
4,4,32,1.0,relu,3,0.7291024000360764,0.12528779802075438,0.14560980194316878
4,4,64,0.0,identity,0,0.042647053233596,0.5791548968925948,0.37819804987381045
4,4,64,0.0,identity,2,0.04977476084496459,0.536712993263228,0.41351224589180763
4,4,64,0.0,identity,4,0.057216841532900596,0.5452568471845153,0.39752631128258453
4,4,64,0.0,relu,1,0.12759991135750712,0.5618424646196968,0.31055762402279663
4,4,64,0.0,relu,3,0.14652956683129575,0.5071085430113871,0.34636189015731755
4,4,64,0.25,identity,0,0.3064778455336377,0.40080831402717704,0.29271384043918586
4,4,64,0.25,identity,2,0.32183667935039534,0.37790846516628984,0.300254855483314
4,4,64,0.25,identity,4,0.2719637662309323,0.40912057866487445,0.318915655104193
4,4,64,0.25,relu,1,0.34764257108090946,0.3840153350158268,0.26834209390326313
4,4,64,0.25,relu,3,0.38876384346992915,0.322171686514494,0.28906447001557656
4,4,64,0.5,identity,0,0.47252758955064345,0.2987066807273074,0.2287657297220493
4,4,64,0.5,identity,2,0.44181479374959787,0.3177159773555982,0.24046922889480396
4,4,64,0.5,identity,4,0.39567946491327777,0.34065664832783904,0.2636638867588836
4,4,64,0.5,relu,1,0.4342618275031338,0.3209986822801679,0.2447394902166983
4,4,64,0.5,relu,3,0.4624077789655737,0.2755731644934394,0.2620190565409872
4,4,64,0.75,identity,0,0.5961785235032278,0.2402011671810518,0.1636203093157206
4,4,64,0.75,identity,2,0.5826353529778607,0.24830294446981035,0.1690617025523287
4,4,64,0.75,identity,4,0.5290218756607056,0.25623098014833584,0.21474714419095933
4,4,64,0.75,relu,1,0.5302477164951148,0.2670922485062237,0.2026600349986615
4,4,64,0.75,relu,3,0.5550997012323684,0.21743190950020905,0.227468389267423
4,4,64,1.0,identity,0,0.9054474505359164,0.0626701276283343,0.03188242183574872
4,4,64,1.0,identity,2,0.8050059042443745,0.145161031394545,0.049833064361080606
4,4,64,1.0,identity,4,0.8279959264746266,0.11123025997779941,0.06077381354757448
4,4,64,1.0,relu,1,0.7052415299925217,0.14814908127216847,0.1466093887353101
4,4,64,1.0,relu,3,0.6918370442154121,0.15415466920178902,0.1540082865827987
4,4,96,0.0,identity,0,0.05791378289973269,0.5382620555538112,0.40382416154645673
4,4,96,0.0,identity,2,0.07697563024682136,0.5045609794805608,0.41846339027261736
4,4,96,0.0,identity,4,0.06977437064449603,0.535509276095984,0.39471635325952076
4,4,96,0.0,relu,1,0.14560556051671303,0.5336563494312929,0.3207380900519926
4,4,96,0.0,relu,3,0.19623817325182763,0.48145148702902474,0.3223103397191478
4,4,96,0.25,identity,0,0.3580864355957423,0.3762317318463853,0.2656818325578723
4,4,96,0.25,identity,2,0.32301185620356626,0.38728895819345555,0.2896991856029786
4,4,96,0.25,identity,4,0.3088937826085414,0.3871353576881458,0.30397085970331345
4,4,96,0.25,relu,1,0.37182725493011737,0.3870090513353248,0.24116369373455754
4,4,96,0.25,relu,3,0.420272273795276,0.3174295779512785,0.2622981482534444
4,4,96,0.5,identity,0,0.48063983883094463,0.2960110802004291,0.2233490809686258
4,4,96,0.5,identity,2,0.46157272476126093,0.30012320518237784,0.2383040700563612
4,4,96,0.5,identity,4,0.41560230934915826,0.3310555376159002,0.2533421530349414
4,4,96,0.5,relu,1,0.4455292511217718,0.32321013905296253,0.2312606098252661
4,4,96,0.5,relu,3,0.4914559970985634,0.2686342224708756,0.23990978043056102
4,4,96,0.75,identity,0,0.5923735753280633,0.24196293603359859,0.16566348863833796
4,4,96,0.75,identity,2,0.5794137080347208,0.2485357711516379,0.17205052081364122
4,4,96,0.75,identity,4,0.5200297049243267,0.2723885577997688,0.20758173727590454
4,4,96,0.75,relu,1,0.5332919428080259,0.26252501913709547,0.20418303805487834
4,4,96,0.75,relu,3,0.5787304387243892,0.21423030717655342,0.2070392540990574
4,4,96,1.0,identity,0,0.9178904671374192,0.05815210822731834,0.02395742463526289
4,4,96,1.0,identity,2,0.8226315666675812,0.12978918241180212,0.04757925092061726
4,4,96,1.0,identity,4,0.8832861211366653,0.08443885512108516,0.03227502374224983
4,4,96,1.0,relu,1,0.72122354681455,0.14630278000109717,0.1324736731843528
4,4,96,1.0,relu,3,0.7096726671383293,0.1534611015673678,0.13686623129430292
4,8,16,0.0,identity,0,0.014284786611879086,0.6204846297087886,0.3652305836793327
4,8,16,0.0,identity,2,0.016654203115092144,0.5838154181365234,0.3995303787483844
4,8,16,0.0,identity,4,0.016720004078808512,0.5807741430658793,0.40250585285531276
4,8,16,0.0,relu,1,0.11764381219313799,0.5293903912312308,0.35296579657563176
4,8,16,0.0,relu,3,0.11116279731291945,0.4614905169024126,0.42734668578466745
4,8,16,0.25,identity,0,0.24393274873245926,0.46407589407133154,0.2919913571962096
4,8,16,0.25,identity,2,0.25327941331178766,0.44225128540743297,0.3044693012807793
4,8,16,0.25,identity,4,0.2593457396169489,0.4455883311904209,0.2950659291926303
4,8,16,0.25,relu,1,0.25488226547528736,0.4068943464029393,0.3382233881217729
4,8,16,0.25,relu,3,0.236011844711031,0.36698595305314025,0.3970022022358258
4,8,16,0.5,identity,0,0.39369975706449295,0.386440350230506,0.21985989270500123
4,8,16,0.5,identity,2,0.41471928247183715,0.3550452145289523,0.23023550299921067
4,8,16,0.5,identity,4,0.4183556721554461,0.3534706114172471,0.22817371642730672
4,8,16,0.5,relu,1,0.37954989111468435,0.30968387207679215,0.31076623680852417
4,8,16,0.5,relu,3,0.3259243171830461,0.2999896143733271,0.37408606844362624
4,8,16,0.75,identity,0,0.5586926478314798,0.28300741203684704,0.15829994013167353
4,8,16,0.75,identity,2,0.5941647809260342,0.2526264606475788,0.1532087584263873
4,8,16,0.75,identity,4,0.6123790400086312,0.2446566867959442,0.14296427319542415
4,8,16,0.75,relu,1,0.5098508810765175,0.24742691723960353,0.24272220168387942
4,8,16,0.75,relu,3,0.43389893089111037,0.27037618527825946,0.2957248838306307
4,8,16,1.0,identity,0,0.8437324388465225,0.11851164825948593,0.03775591289399163
4,8,16,1.0,identity,2,0.89346421401227,0.07293190534887546,0.033603880638854104
4,8,16,1.0,identity,4,0.9108207509754906,0.05873886478435444,0.03044038424015448
4,8,16,1.0,relu,1,0.7274507816850485,0.14998089355578748,0.12256832475916403
4,8,16,1.0,relu,3,0.7151713046404964,0.1584317527051019,0.12639694265440152
4,8,32,0.0,identity,0,0.04128411578675004,0.6130476706585932,0.34566821355465616
4,8,32,0.0,identity,2,0.03105982990202344,0.583733627734999,0.3852065423629768
4,8,32,0.0,identity,4,0.03186999697438072,0.5903201411804659,0.3778098618451543
4,8,32,0.0,relu,1,0.11575525520313189,0.5648422785366696,0.3194024662601995
4,8,32,0.0,relu,3,0.11938451592035661,0.5197664231925618,0.3608490608870828
4,8,32,0.25,identity,0,0.26636864345881095,0.4726641403051023,0.2609672162360863
4,8,32,0.25,identity,2,0.2651618731958019,0.4549051865362971,0.2799329402679012
4,8,32,0.25,identity,4,0.2817747885750657,0.4440235353461702,0.2742016760787639
4,8,32,0.25,relu,1,0.33499906432172827,0.4178451654050246,0.2471557702732464
4,8,32,0.25,relu,3,0.3046179931175852,0.3862521249180013,0.309129881964414
4,8,32,0.5,identity,0,0.39281470104154603,0.3881366270718879,0.2190486718865657
4,8,32,0.5,identity,2,0.3999066134248065,0.3701035097502175,0.2299898768249759
4,8,32,0.5,identity,4,0.38938001162686486,0.377943428933784,0.2326765594393517
4,8,32,0.5,relu,1,0.4211161283590659,0.341770444639486,0.23711342700144783
4,8,32,0.5,relu,3,0.3843149193586757,0.34365573786722386,0.27202934277410035
4,8,32,0.75,identity,0,0.5561210063038484,0.29684041813447676,0.1470385755616745
4,8,32,0.75,identity,2,0.5676400756539199,0.2772389741240112,0.15512095022206882
4,8,32,0.75,identity,4,0.5474147101888222,0.28152389396890665,0.17106139584227084
4,8,32,0.75,relu,1,0.5370052635687476,0.2585683812892124,0.20442635514204005
4,8,32,0.75,relu,3,0.4873396689540171,0.2734688515438337,0.2391914795021494
4,8,32,1.0,identity,0,0.8485194099335134,0.1228199937832868,0.02866059628319994
4,8,32,1.0,identity,2,0.8903799794300465,0.07803876137773871,0.03158125919221504
4,8,32,1.0,identity,4,0.9103827782987811,0.06199165336231164,0.027625568338907055
4,8,32,1.0,relu,1,0.7070497189708574,0.16749374468703437,0.12545653634210818
4,8,32,1.0,relu,3,0.6939011073273829,0.17423943426270813,0.1318594584099088
4,8,64,0.0,identity,0,0.039301711552934514,0.6041810765826193,0.35651721186444657
4,8,64,0.0,identity,2,0.036166405745196195,0.5542607219129626,0.4095728723418424
4,8,64,0.0,identity,4,0.041671453815214955,0.5787956681428508,0.37953287804193403
4,8,64,0.0,relu,1,0.1424528742830326,0.5681131001806844,0.28943402553628395
4,8,64,0.0,relu,3,0.16563617480477455,0.5367098843151411,0.29765394088008357
4,8,64,0.25,identity,0,0.2724873281093679,0.47330109714012386,0.2542115747505087
4,8,64,0.25,identity,2,0.27402942443452855,0.43971823863580417,0.2862523369296677
4,8,64,0.25,identity,4,0.27473413836278215,0.4532099038962239,0.27205595774099317
4,8,64,0.25,relu,1,0.36288236909387794,0.4190079458161862,0.21810968508993578
4,8,64,0.25,relu,3,0.359785709172015,0.3804392368098355,0.2597750540181478
4,8,64,0.5,identity,0,0.3772929540866979,0.3939152941823585,0.22879175173094402
4,8,64,0.5,identity,2,0.4105715342582103,0.35960320411060037,0.22982526163118902
4,8,64,0.5,identity,4,0.40157634731189495,0.35953315443959977,0.23889049824850542
4,8,64,0.5,relu,1,0.4527737355029984,0.3461745957901632,0.20105166870683888
4,8,64,0.5,relu,3,0.43484721851539276,0.3258616056782894,0.2392911758063179
4,8,64,0.75,identity,0,0.5058529539618533,0.32133415273806204,0.17281289330008529
4,8,64,0.75,identity,2,0.5580533276596582,0.27910667328633454,0.16283999905400687
4,8,64,0.75,identity,4,0.5749071288288368,0.25710141170915624,0.16799145946200694
4,8,64,0.75,relu,1,0.5571863620339568,0.2759679805494176,0.16684565741662527
4,8,64,0.75,relu,3,0.5018324130311524,0.28018269459570105,0.21798489237314614
4,8,64,1.0,identity,0,0.8424636062145187,0.13031145648653072,0.02722493729895027
4,8,64,1.0,identity,2,0.8628354307079403,0.09232318130379825,0.04484138798826152
4,8,64,1.0,identity,4,0.9187820455513491,0.056173899684395054,0.02504405476425609
4,8,64,1.0,relu,1,0.7619345932338863,0.14632071452770856,0.09174469223840513
4,8,64,1.0,relu,3,0.6690236005747264,0.1679082723491682,0.16306812707610688
4,8,96,0.0,identity,0,0.05844048837040848,0.5990402228446593,0.34251928878493254
4,8,96,0.0,identity,2,0.05557536412843177,0.5572970089502558,0.3871276269213111
4,8,96,0.0,identity,4,0.05243298615024359,0.566605100023753,0.38096191382600436
4,8,96,0.0,relu,1,0.1432788595338915,0.569064121920743,0.2876570185453646
4,8,96,0.0,relu,3,0.19139137168710973,0.513952641665101,0.29465598664779047
4,8,96,0.25,identity,0,0.2710642788580428,0.4639793502814414,0.26495637086051566
4,8,96,0.25,identity,2,0.28441706129460287,0.4433032656268227,0.2722796730785748
4,8,96,0.25,identity,4,0.276105009779185,0.4635987577742798,0.2602962324465347
4,8,96,0.25,relu,1,0.3841921981600043,0.42191897155051766,0.19388883028947845
4,8,96,0.25,relu,3,0.3915429904537552,0.38287630437050324,0.22558070517574133
4,8,96,0.5,identity,0,0.3993988902030659,0.38216219242928146,0.21843891736765234
4,8,96,0.5,identity,2,0.3980780767907515,0.3673306348203257,0.2345912883889223
4,8,96,0.5,identity,4,0.39918221423174355,0.3767035510614137,0.22411423470684336
4,8,96,0.5,relu,1,0.4796419658387272,0.3405269472661049,0.17983108689516838
4,8,96,0.5,relu,3,0.4495309494868945,0.3280668067577366,0.22240224375536957
4,8,96,0.75,identity,0,0.5343657183438282,0.3116888988248279,0.15394538283134315
4,8,96,0.75,identity,2,0.5336301460457337,0.29579488711478225,0.17057496683948392
4,8,96,0.75,identity,4,0.5269882092740032,0.28598372694652413,0.18702806377947293
4,8,96,0.75,relu,1,0.5738578590247255,0.271515054507714,0.15462708646756046
4,8,96,0.75,relu,3,0.5097696409425586,0.2858921801951873,0.20433817886225397
4,8,96,1.0,identity,0,0.8376782651304214,0.130216484380223,0.032105250489355606
4,8,96,1.0,identity,2,0.8574726681439753,0.0967418380625878,0.045785493793436535
4,8,96,1.0,identity,4,0.8939157579249235,0.06681957388702241,0.039264668188054255
4,8,96,1.0,relu,1,0.7641718315433106,0.1412037312401973,0.09462443721649294
4,8,96,1.0,relu,3,0.6932759887027279,0.15916304019011568,0.14756097110715663
8,16,16,0.0,identity,0,0.04265285002878507,0.5842470046305701,0.37310014534064506
8,16,16,0.0,identity,2,0.04375553480043732,0.5753632017596014,0.3808812634399608
8,16,16,0.0,identity,4,0.045381972870765744,0.5132550449595472,0.4413629821696866
8,16,16,0.0,relu,1,0.11184408162177606,0.45702472526605475,0.4311311931121673
8,16,16,0.0,relu,3,0.11930132153173786,0.4199265344699311,0.46077214399833066
8,16,16,0.25,identity,0,0.22125524222358398,0.44983278337376703,0.3289119744026495
8,16,16,0.25,identity,2,0.23941393461171945,0.450707037296292,0.30987902809198936
8,16,16,0.25,identity,4,0.26711011861570283,0.3773631958588743,0.3555266855254227
8,16,16,0.25,relu,1,0.3035533482269852,0.30707333337365056,0.38937331839936395
8,16,16,0.25,relu,3,0.23637280486169154,0.30966387798914585,0.4539633171491629
8,16,16,0.5,identity,0,0.5196479480558971,0.2501233453380773,0.2302287066060257
8,16,16,0.5,identity,2,0.4318166569305388,0.3325217656860979,0.23566157738336302
8,16,16,0.5,identity,4,0.518424738090051,0.2238423621508497,0.25773289975909974
8,16,16,0.5,relu,1,0.45345740379746785,0.229446910661328,0.3170956855412054
8,16,16,0.5,relu,3,0.4090791801556298,0.2232395795706353,0.3676812402737353
8,16,16,0.75,identity,0,0.6953714554254358,0.16215618082512817,0.14247236374943628
8,16,16,0.75,identity,2,0.6574072409578661,0.19893453055345373,0.14365822848868035
8,16,16,0.75,identity,4,0.6847526062985083,0.15518478990361564,0.16006260379787607
8,16,16,0.75,relu,1,0.6324338263822027,0.141529176782656,0.2260369968351414
8,16,16,0.75,relu,3,0.5707942317644115,0.18494191314402322,0.2442638550915651
8,16,16,1.0,identity,0,0.8837853572219168,0.1050479910127981,0.011166651765285017
8,16,16,1.0,identity,2,0.8438968220049458,0.14472650517623864,0.01137667281881571
8,16,16,1.0,identity,4,0.8932463513297215,0.09768556279871285,0.009068085871565691
8,16,16,1.0,relu,1,0.7731546689277022,0.12108848895681977,0.10575684211547802
8,16,16,1.0,relu,3,0.7132131951234094,0.17103762377479,0.11574918110180019
8,16,32,0.0,identity,0,0.031073430803226092,0.6232680128156035,0.34565855638116944
8,16,32,0.0,identity,2,0.025180554229413996,0.6260399942315459,0.34877945153904033
8,16,32,0.0,identity,4,0.026592168208827476,0.6100856687172758,0.3633221630738967
8,16,32,0.0,relu,1,0.10930402192495299,0.5605867380128992,0.33010924006214726
8,16,32,0.0,relu,3,0.09462491250833263,0.5044384955541166,0.4009365919375515
8,16,32,0.25,identity,0,0.2698823196024099,0.47635237689261223,0.253765303504978
8,16,32,0.25,identity,2,0.24858759890373708,0.4949249660324554,0.2564874350638072
8,16,32,0.25,identity,4,0.25420475025920825,0.4665577253066961,0.27923752443409544
8,16,32,0.25,relu,1,0.25981299896329996,0.42683778460649446,0.3133492164302054
8,16,32,0.25,relu,3,0.2522215246400916,0.3742297345714303,0.3735487407884772
8,16,32,0.5,identity,0,0.4024424720835283,0.39816820752761517,0.19938932038885648
8,16,32,0.5,identity,2,0.38296444257420054,0.4140342479220064,0.20300130950379336
8,16,32,0.5,identity,4,0.39404345658712514,0.38742907839472435,0.21852746501815085
8,16,32,0.5,relu,1,0.3679360140944607,0.32218453738659114,0.3098794485189474
8,16,32,0.5,relu,3,0.3551655129003377,0.3385050842172825,0.30632940288238
8,16,32,0.75,identity,0,0.5634010646002269,0.3005142680339844,0.13608466736578864
8,16,32,0.75,identity,2,0.5328069337960883,0.3250169433934754,0.14217612281043637
8,16,32,0.75,identity,4,0.5489843728297515,0.295674948325716,0.15534067884453265
8,16,32,0.75,relu,1,0.512912695472861,0.263450040423553,0.2236372641035861
8,16,32,0.75,relu,3,0.46604624517819965,0.2727213872342421,0.2612323675875585
8,16,32,1.0,identity,0,0.8760686797652812,0.10565913884570492,0.018272181389014035
8,16,32,1.0,identity,2,0.8495127680440264,0.13391540358218848,0.016571828373784854
8,16,32,1.0,identity,4,0.8905577076132847,0.09885056162391585,0.010591730762799125
8,16,32,1.0,relu,1,0.7904574168124361,0.12266720961431676,0.08687537357324737
8,16,32,1.0,relu,3,0.7262227948303296,0.1749052232286078,0.0988719819410627
8,16,64,0.0,identity,0,0.04787807924690747,0.6237991707369893,0.32832275001610306
8,16,64,0.0,identity,2,0.03416925276264538,0.6303676709862276,0.33546307625112676
8,16,64,0.0,identity,4,0.04363004881023634,0.59094377922374,0.36542617196602384
8,16,64,0.0,relu,1,0.12366659055394089,0.5933496548827045,0.2829837545633538
8,16,64,0.0,relu,3,0.1443604203029186,0.5627797022009002,0.2928598774961807
8,16,64,0.25,identity,0,0.28586671792721763,0.46872829137155325,0.24540499070122865
8,16,64,0.25,identity,2,0.2632484374435321,0.48658867541665635,0.25016288713981116
8,16,64,0.25,identity,4,0.2828227334075827,0.4524968431742909,0.2646804234181264
8,16,64,0.25,relu,1,0.35846632148519403,0.4077084348356824,0.23382524367912252
8,16,64,0.25,relu,3,0.3418380475794633,0.3917760737168573,0.2663858787036795
8,16,64,0.5,identity,0,0.41402451492440323,0.39014037779660393,0.19583510727899267
8,16,64,0.5,identity,2,0.39212893417456446,0.4103711756587029,0.19749989016673286
8,16,64,0.5,identity,4,0.41382046178882187,0.37980435177069627,0.2063751864404815
8,16,64,0.5,relu,1,0.4642544738479518,0.319126788598649,0.21661873755339917
8,16,64,0.5,relu,3,0.43406474746015045,0.317812478954859,0.2481227735849907
8,16,64,0.75,identity,0,0.5755112479396042,0.2902881204591859,0.13420063160120987
8,16,64,0.75,identity,2,0.5438759760590092,0.3147913074430492,0.1413327164979414
8,16,64,0.75,identity,4,0.5531157445165004,0.2905403697543671,0.1563438857291321
8,16,64,0.75,relu,1,0.5882114043164454,0.22650479149143493,0.1852838041921198
8,16,64,0.75,relu,3,0.5320389713614159,0.25298653821429223,0.21497449042429162
8,16,64,1.0,identity,0,0.8751704552791159,0.10226690713939811,0.022562637581485592
8,16,64,1.0,identity,2,0.8501844231611241,0.13010349916757522,0.01971207767130139
8,16,64,1.0,identity,4,0.8724356281629769,0.11144426403278136,0.016120107804241838
8,16,64,1.0,relu,1,0.7797451586284114,0.1271801784523477,0.0930746629192409
8,16,64,1.0,relu,3,0.7235468221408478,0.17938873433797606,0.09706444352117599
8,16,96,0.0,identity,0,0.051604276573828614,0.6206495812581421,0.3277461421680297
8,16,96,0.0,identity,2,0.04524395694318029,0.623760195397921,0.3309958476588988
8,16,96,0.0,identity,4,0.04794065731835021,0.5895490544837207,0.3625102881979288
8,16,96,0.0,relu,1,0.12880566835111049,0.6253052015254282,0.24588913012346153
8,16,96,0.0,relu,3,0.1417218245830249,0.5935253269142254,0.26475284850274955
8,16,96,0.25,identity,0,0.2976466766115314,0.46914173246395685,0.23321159092451205
8,16,96,0.25,identity,2,0.27010868919216413,0.48817961484888817,0.24171169595894818
8,16,96,0.25,identity,4,0.2789226774036708,0.4630858050720866,0.2579915175242427
8,16,96,0.25,relu,1,0.39774556254590365,0.4053808196350543,0.19687361781904236
8,16,96,0.25,relu,3,0.38806798004442433,0.393270078634877,0.218661941320698
8,16,96,0.5,identity,0,0.41415212032770965,0.3874319009018038,0.19841597877048683
8,16,96,0.5,identity,2,0.3853520619992294,0.4159138638772865,0.19873407412348437
8,16,96,0.5,identity,4,0.4150665710471394,0.37716444176619585,0.20776898718666478
8,16,96,0.5,relu,1,0.5012557913840723,0.316986570004707,0.18175763861122066
8,16,96,0.5,relu,3,0.4837414713232083,0.3041339382453251,0.21212459043146725
8,16,96,0.75,identity,0,0.5588110583642483,0.2972723647333608,0.1439165769023904
8,16,96,0.75,identity,2,0.5266656457878567,0.32368941928275613,0.14964493492938685
8,16,96,0.75,identity,4,0.5637042635193853,0.28607680608142666,0.15021893039918788
8,16,96,0.75,relu,1,0.6059191697849224,0.23164631582394382,0.1624345143911338
8,16,96,0.75,relu,3,0.5749968259210045,0.24105126143214148,0.18395191264685412
8,16,96,1.0,identity,0,0.8894395856082868,0.09497269999190368,0.015587714399809648
8,16,96,1.0,identity,2,0.8414297033298906,0.1367513374462961,0.02181895922381291
8,16,96,1.0,identity,4,0.8851157897212617,0.1027885083313208,0.012095701947418228
8,16,96,1.0,relu,1,0.7878979466930216,0.125986875560902,0.08611517774607617
8,16,96,1.0,relu,3,0.7182132789336471,0.18671266672693004,0.09507405433942298
8,1,16,0.0,identity,0,0.03647248918790673,0.4399290542979313,0.523598456514162
8,1,16,0.0,identity,2,0.02672318820658714,0.4126090809452638,0.5606677308481497
8,1,16,0.0,identity,4,0.03438170608196773,0.38469622324414493,0.5809220706738862
8,1,16,0.0,relu,1,0.03340022201894805,0.5831173627076786,0.3834824152733725
8,1,16,0.0,relu,3,0.031222380464517398,0.5167245785791658,0.45205304095631593
8,1,16,0.25,identity,0,0.2614778950912714,0.3558721868017469,0.3826499181069823
8,1,16,0.25,identity,2,0.31424451336214587,0.33665386597472435,0.3491016206631292
8,1,16,0.25,identity,4,0.2473399787590678,0.32990981373938666,0.4227502075015455
8,1,16,0.25,relu,1,0.2108251857592535,0.3454275709724493,0.4437472432682964
8,1,16,0.25,relu,3,0.25208272806874427,0.23194108062131819,0.5159761913099375
8,1,16,0.5,identity,0,0.40337833277270685,0.3027439865348888,0.2938776806924043
8,1,16,0.5,identity,2,0.40671086645796317,0.34350397965190865,0.2497851538901283
8,1,16,0.5,identity,4,0.3905949154236898,0.2729621518163101,0.3364429327600011
8,1,16,0.5,relu,1,0.37273597899800737,0.28584522407430946,0.34141879692768456
8,1,16,0.5,relu,3,0.31759659571244564,0.18367885421585084,0.49872455007170474
8,1,16,0.75,identity,0,0.43123662869865353,0.287035461205247,0.2817279100961
8,1,16,0.75,identity,2,0.47976664596853075,0.3103645763213039,0.20986877771016504
8,1,16,0.75,identity,4,0.52637810573327,0.2169785526451132,0.25664334162161684
8,1,16,0.75,relu,1,0.37193488722126095,0.3107266252102419,0.3173384875684956
8,1,16,0.75,relu,3,0.3955429338425245,0.20440737836554462,0.40004968779193234
8,1,16,1.0,identity,0,0.7920235842313916,0.13827005664400166,0.06970635912460652
8,1,16,1.0,identity,2,0.6717020048710713,0.2343937799652847,0.0939042151636434
8,1,16,1.0,identity,4,0.7672777730511714,0.13256782607431167,0.10015440087451657
8,1,16,1.0,relu,1,0.6244252054943763,0.24520009862603523,0.13037469587958833
8,1,16,1.0,relu,3,0.5338290569505791,0.1949220208755908,0.2712489221738292
8,1,32,0.0,identity,0,0.07271070316338128,0.3703329022139704,0.5569563946226487
8,1,32,0.0,identity,2,0.04953864047929153,0.4293404398231701,0.5211209196975384
8,1,32,0.0,identity,4,0.061275475455043846,0.37687909818641724,0.5618454263585385
8,1,32,0.0,relu,1,0.09063859494422166,0.4415624699694405,0.4677989350863365
8,1,32,0.0,relu,3,0.08056821921540488,0.421427011189175,0.49800476959542206
8,1,32,0.25,identity,0,0.26563586455964394,0.2900889097621614,0.4442752256781947
8,1,32,0.25,identity,2,0.24400028391255218,0.3700444630106783,0.3859552530767694
8,1,32,0.25,identity,4,0.2337066269000137,0.3211616320037629,0.4451317410962244
8,1,32,0.25,relu,1,0.2961040596523601,0.29863133867302577,0.40526460167461487
8,1,32,0.25,relu,3,0.27303569305346814,0.2737977843533422,0.45316652259318985
8,1,32,0.5,identity,0,0.3267033622216247,0.30163965630295364,0.37165698147542187
8,1,32,0.5,identity,2,0.3610708865169909,0.35452901608154025,0.2844000974014692
8,1,32,0.5,identity,4,0.38337816746992404,0.2376312022817397,0.3789906302483364
8,1,32,0.5,relu,1,0.31625060542728695,0.2836931394914086,0.4000562550813061
8,1,32,0.5,relu,3,0.31146869379033737,0.24951460568364606,0.43901670052601566
8,1,32,0.75,identity,0,0.44070413090136024,0.27062975986109905,0.28866610923754
8,1,32,0.75,identity,2,0.4312705015125282,0.4061078278574675,0.1626216706300043
8,1,32,0.75,identity,4,0.48502265801041927,0.206681486666336,0.3082958553232448
8,1,32,0.75,relu,1,0.40493679669783805,0.25399965567428345,0.3410635476278775
8,1,32,0.75,relu,3,0.37388141601900027,0.21057437629921358,0.4155442076817873
8,1,32,1.0,identity,0,0.7346371939323946,0.17547935087270183,0.08988345519490319
8,1,32,1.0,identity,2,0.6904438582042213,0.2267256413152111,0.08283050048056784
8,1,32,1.0,identity,4,0.7166377655294018,0.16427200807910913,0.11909022639148886
8,1,32,1.0,relu,1,0.6092346580433146,0.24933061261712033,0.1414347293395658
8,1,32,1.0,relu,3,0.6488639321841457,0.1482209810082682,0.2029150868075867
8,1,64,0.0,identity,0,0.08018428825859653,0.38032425824288135,0.539491453498521
8,1,64,0.0,identity,2,0.07728431571954412,0.3936762774508667,0.5290394068295905
8,1,64,0.0,identity,4,0.05996040439008878,0.40162169383295926,0.5384179017769527
8,1,64,0.0,relu,1,0.1569981474138457,0.4181397781639882,0.42486207442216684
8,1,64,0.0,relu,3,0.09520011923436833,0.46486978512698723,0.43993009563864394
8,1,64,0.25,identity,0,0.2735390819983796,0.2964668273584973,0.4299940906431232
8,1,64,0.25,identity,2,0.31150570720368254,0.2960108637623878,0.39248342903392885
8,1,64,0.25,identity,4,0.20015898136314456,0.425630425031997,0.37421059360485875
8,1,64,0.25,relu,1,0.3277399824478172,0.27769323827998355,0.3945667792721977
8,1,64,0.25,relu,3,0.31559320155873666,0.29317172428404037,0.3912350741572222
8,1,64,0.5,identity,0,0.3297271983054744,0.32474290084240554,0.34552990085212
8,1,64,0.5,identity,2,0.33345520317685695,0.3960339242227657,0.27051087260037754
8,1,64,0.5,identity,4,0.3505499489463216,0.25577619921216627,0.3936738518415126
8,1,64,0.5,relu,1,0.3763026373742622,0.24934330372466962,0.3743540589010675
8,1,64,0.5,relu,3,0.3475484104216716,0.27568125018075446,0.3767703393975736
8,1,64,0.75,identity,0,0.44156307382434357,0.2944456472709193,0.263991278904737
8,1,64,0.75,identity,2,0.46021489932856086,0.3389187404092606,0.2008663602621782
8,1,64,0.75,identity,4,0.40281565523611873,0.3123782375035179,0.2848061072603637
8,1,64,0.75,relu,1,0.41745797577416394,0.23753556189119468,0.3450064623346409
8,1,64,0.75,relu,3,0.385093406872339,0.2410763926534098,0.3738302004742511
8,1,64,1.0,identity,0,0.7874969948291075,0.14051491473706143,0.07198809043383064
8,1,64,1.0,identity,2,0.7643410567284571,0.1983197950686373,0.03733914820290549
8,1,64,1.0,identity,4,0.7719901578113061,0.13741793446223952,0.09059190772645356
8,1,64,1.0,relu,1,0.7317185384334433,0.18599819612103444,0.08228326544552259
8,1,64,1.0,relu,3,0.6216098503236346,0.16133569334965253,0.21705445632671458
8,1,96,0.0,identity,0,0.12143181627574631,0.3549810798626333,0.5235871038616198
8,1,96,0.0,identity,2,0.10466346906576132,0.34482540057370925,0.5505111303605301
8,1,96,0.0,identity,4,0.10330866744867731,0.36399873559536466,0.5326925969559578
8,1,96,0.0,relu,1,0.12907351014706342,0.44269469184747046,0.4282317980054659
8,1,96,0.0,relu,3,0.10153137971088144,0.4882224679388078,0.4102461523503097
8,1,96,0.25,identity,0,0.32349196850418344,0.28096578330274236,0.39554224819307565
8,1,96,0.25,identity,2,0.24490943704925563,0.34848365814222526,0.4066069048085184
8,1,96,0.25,identity,4,0.2900580321314428,0.26694370426404823,0.44299826360450834
8,1,96,0.25,relu,1,0.2979424173555948,0.32556778333945613,0.3764897993049495
8,1,96,0.25,relu,3,0.32508342422803166,0.33225236410264136,0.3426642116693268
8,1,96,0.5,identity,0,0.38582877625208495,0.26246030938247145,0.3517109143654442
8,1,96,0.5,identity,2,0.38654748736541156,0.31515512030483334,0.29829739232975505
8,1,96,0.5,identity,4,0.3851443822972263,0.2208095508719847,0.3940460668307892
8,1,96,0.5,relu,1,0.33200709501453773,0.30117576760479464,0.3668171373806683
8,1,96,0.5,relu,3,0.36365482649263725,0.2670360609491851,0.3693091125581776
8,1,96,0.75,identity,0,0.5329854237390081,0.22891411183360041,0.2381004644273913
8,1,96,0.75,identity,2,0.49985374398449306,0.32796978937425186,0.17217646664125558
8,1,96,0.75,identity,4,0.4906083871461701,0.19879280910683603,0.3105988037469943
8,1,96,0.75,relu,1,0.36341843646191435,0.2912544721139309,0.3453270914241546
8,1,96,0.75,relu,3,0.41419680455247604,0.21089654435778343,0.3749066510897395
8,1,96,1.0,identity,0,0.788517509394976,0.14078712329024765,0.07069536731477594
8,1,96,1.0,identity,2,0.6678291890937914,0.23349152965447476,0.09867928125173482
8,1,96,1.0,identity,4,0.8983972857228276,0.08765526104193447,0.013947453235237665
8,1,96,1.0,relu,1,0.6906568125497345,0.2021945666075945,0.10714862084267147
8,1,96,1.0,relu,3,0.7256475811427622,0.12169616898940039,0.15265624986783674
8,2,16,0.0,identity,0,0.021414423003570077,0.48260195971491926,0.4959836172815111
8,2,16,0.0,identity,2,0.020735971059824235,0.4658407250317216,0.5134233039084539
8,2,16,0.0,identity,4,0.023355708063008043,0.4554862256753451,0.5211580662616472
8,2,16,0.0,relu,1,0.07390716969144806,0.49096501673984017,0.43512781356870894
8,2,16,0.0,relu,3,0.05191708753015278,0.44343179007230565,0.5046511223975415
8,2,16,0.25,identity,0,0.27328797665689114,0.3566742002045536,0.3700378231385555
8,2,16,0.25,identity,2,0.29980151572182384,0.34470184594620373,0.3554966383319718
8,2,16,0.25,identity,4,0.2488677342806174,0.34712234832052163,0.4040099173988614
8,2,16,0.25,relu,1,0.2435480944259715,0.3269559098908498,0.4294959956831783
8,2,16,0.25,relu,3,0.19934432997834226,0.25676996246780637,0.5438857075538513
8,2,16,0.5,identity,0,0.45535660098951747,0.2631644935837758,0.28147890542670656
8,2,16,0.5,identity,2,0.45252045949596004,0.26406200941984076,0.2834175310841994
8,2,16,0.5,identity,4,0.3771146434435648,0.3035554356412021,0.3193299209152332
8,2,16,0.5,relu,1,0.31429905472148795,0.2724403299355816,0.41326061534293124
8,2,16,0.5,relu,3,0.32944846311375675,0.2576652759707364,0.41288626091550534
8,2,16,0.75,identity,0,0.6272539095763578,0.18641286858777167,0.18633322183587067
8,2,16,0.75,identity,2,0.6321933324704934,0.1804131043014567,0.18739356322804965
8,2,16,0.75,identity,4,0.4922520588717724,0.2370383042366167,0.2707096368916109
8,2,16,0.75,relu,1,0.4723223889044124,0.22798334546303617,0.2996942656325509
8,2,16,0.75,relu,3,0.4446599699772934,0.2040294300519583,0.35131059997074754
8,2,16,1.0,identity,0,0.8363755482653367,0.1084836873581058,0.055140764376557704
8,2,16,1.0,identity,2,0.8878002501757147,0.07757785377432917,0.034621896049956045
8,2,16,1.0,identity,4,0.7254728944217759,0.18290118493482332,0.0916259206434011
8,2,16,1.0,relu,1,0.644700147325581,0.2036591932872952,0.15164065938712415
8,2,16,1.0,relu,3,0.688878913425356,0.20636485635943908,0.10475623021520535
8,2,32,0.0,identity,0,0.0424204737311535,0.47908464792421934,0.4784948783446271
8,2,32,0.0,identity,2,0.04027331733221822,0.4826248976702635,0.47710178499751776
8,2,32,0.0,identity,4,0.047196928642004095,0.43588087835487,0.5169221930031263
8,2,32,0.0,relu,1,0.07273606576341632,0.5331886041573054,0.39407533007927764
8,2,32,0.0,relu,3,0.07226046706909446,0.5494072243860405,0.3783323085448656
8,2,32,0.25,identity,0,0.26896072616694827,0.3643405234101044,0.36669875042294753
8,2,32,0.25,identity,2,0.28720098882605843,0.3561518972706959,0.35664711390324627
8,2,32,0.25,identity,4,0.25943692120222417,0.34544252404176123,0.3951205547560148
8,2,32,0.25,relu,1,0.2722730579996199,0.36114174391061366,0.36658519808976586
8,2,32,0.25,relu,3,0.27535503072848644,0.3234681866189399,0.40117678265257317
8,2,32,0.5,identity,0,0.4041110781309498,0.28538818437798724,0.3105007374910631
8,2,32,0.5,identity,2,0.4240202987822739,0.2678936101553435,0.30808609106238255
8,2,32,0.5,identity,4,0.3227911488975881,0.31878399095547255,0.35842486014693936
8,2,32,0.5,relu,1,0.3620578649158272,0.27421745974150114,0.3637246753426725
8,2,32,0.5,relu,3,0.3712268538651104,0.24378963968036774,0.38498350645452156
8,2,32,0.75,identity,0,0.5401814313365073,0.22352826705085385,0.23629030161263892
8,2,32,0.75,identity,2,0.5438543951036833,0.2297485291308397,0.22639707576547682
8,2,32,0.75,identity,4,0.43902762192553363,0.25567603532002253,0.30529634275444384
8,2,32,0.75,relu,1,0.4695133334495404,0.25632844970554397,0.2741582168449165
8,2,32,0.75,relu,3,0.4523130953334163,0.2279239475046889,0.31976295716189607
8,2,32,1.0,identity,0,0.8499157374439074,0.09828022165244514,0.05180404090364725
8,2,32,1.0,identity,2,0.8528244102211618,0.09555868566254501,0.05161690411629346
8,2,32,1.0,identity,4,0.7949928978543601,0.14653964636639097,0.05846745577924866
8,2,32,1.0,relu,1,0.6459713728241911,0.20561580710127786,0.14841282007453035
8,2,32,1.0,relu,3,0.7074628813821461,0.19691142495368438,0.09562569366416938
8,2,64,0.0,identity,0,0.047561290144730456,0.49985559135138347,0.4525831185038861
8,2,64,0.0,identity,2,0.053889145047528446,0.46984583706172045,0.4762650178907512
8,2,64,0.0,identity,4,0.05526040200591319,0.4680077815442799,0.47673181644980667
8,2,64,0.0,relu,1,0.1196280867251699,0.5149405360119231,0.36543137726290553
8,2,64,0.0,relu,3,0.08797107954425618,0.5806654175176926,0.33136350293805233
8,2,64,0.25,identity,0,0.276398006246673,0.3774693766539617,0.346132617099365
8,2,64,0.25,identity,2,0.2946342850599408,0.3621507238784913,0.34321499106156844
8,2,64,0.25,identity,4,0.24210038626792368,0.3555614519281423,0.4023381618039351
8,2,64,0.25,relu,1,0.2975942337956351,0.36875928470719793,0.3336464814971662
8,2,64,0.25,relu,3,0.30067647350661153,0.33437432539144185,0.364949201101949
8,2,64,0.5,identity,0,0.3805017939181042,0.2949367503815399,0.3245614557003557
8,2,64,0.5,identity,2,0.40822746295315515,0.30954542636199506,0.2822271106848496
8,2,64,0.5,identity,4,0.3497516941329682,0.316758978935723,0.3334893269313087
8,2,64,0.5,relu,1,0.4067964587544228,0.2726639469659253,0.3205395942796513
8,2,64,0.5,relu,3,0.4016445923153667,0.2652597634561605,0.3330956442284739
8,2,64,0.75,identity,0,0.528461683808881,0.23492869637453173,0.23660961981658685
8,2,64,0.75,identity,2,0.5745865035637487,0.22464192688340698,0.20077156955284425
8,2,64,0.75,identity,4,0.42273278200238923,0.3034096515719693,0.27385756642564196
8,2,64,0.75,relu,1,0.5098736812259924,0.22658564108026163,0.26354067769374623
8,2,64,0.75,relu,3,0.4411115142638761,0.25055374806349373,0.3083347376726306
8,2,64,1.0,identity,0,0.8914996433612075,0.07470914410996285,0.033791212528829884
8,2,64,1.0,identity,2,0.828805562447718,0.10712839788100685,0.06406603967127535
8,2,64,1.0,identity,4,0.7389707972791546,0.17962172356654166,0.08140747915430335
8,2,64,1.0,relu,1,0.6390530272020877,0.21422750855060382,0.14671946424730897
8,2,64,1.0,relu,3,0.6533362510601425,0.23060324593786868,0.11606050300198797
8,2,96,0.0,identity,0,0.07813021530999398,0.42762465961553625,0.49424512507446944
8,2,96,0.0,identity,2,0.09064488183727985,0.4313905707487984,0.47796454741392186
8,2,96,0.0,identity,4,0.0809170781681297,0.42850901859352725,0.49057390323834216
8,2,96,0.0,relu,1,0.10178577361726827,0.5569645128784443,0.3412497135042873
8,2,96,0.0,relu,3,0.10466352869511424,0.4972128055206398,0.3981236657842468
8,2,96,0.25,identity,0,0.30931839212795725,0.3225642979774279,0.3681173098946145
8,2,96,0.25,identity,2,0.344309047500068,0.3031752961558224,0.3525156563441093
8,2,96,0.25,identity,4,0.2710273997029168,0.35077609489458866,0.3781965054024942
8,2,96,0.25,relu,1,0.3129270883269564,0.37673839012479976,0.3103345215482436
8,2,96,0.25,relu,3,0.35789048789801803,0.3037445303396665,0.3383649817623149
8,2,96,0.5,identity,0,0.4257717659512212,0.26915956579929623,0.3050686682494829
8,2,96,0.5,identity,2,0.41928889424085924,0.2776703726620606,0.3030407330970793
8,2,96,0.5,identity,4,0.36015635596913864,0.2926635543754866,0.34718008965537556
8,2,96,0.5,relu,1,0.38019324099174345,0.28132445204815787,0.33848230696009907
8,2,96,0.5,relu,3,0.3915173473178877,0.2637403378616725,0.34474231482043965
8,2,96,0.75,identity,0,0.5843081744065394,0.199782976315318,0.21590884927814166
8,2,96,0.75,identity,2,0.6072797257086165,0.20270061764136033,0.19001965665002343
8,2,96,0.75,identity,4,0.5367056091119485,0.22720865760537529,0.23608573328267585
8,2,96,0.75,relu,1,0.4424776955101068,0.2715322223060703,0.2859900821838233
8,2,96,0.75,relu,3,0.4619848635013409,0.25727234503949453,0.2807427914591632
8,2,96,1.0,identity,0,0.8573037921221661,0.09600155744441036,0.04669465043342368
8,2,96,1.0,identity,2,0.8660089183437576,0.08546497044836868,0.048526111207873764
8,2,96,1.0,identity,4,0.7707841455579489,0.1532486981163996,0.07596715632565196
8,2,96,1.0,relu,1,0.6614971902199716,0.19446600675210912,0.1440368030279189
8,2,96,1.0,relu,3,0.6542917975499066,0.22751224849727014,0.11819595395282351
8,32,16,0.0,identity,0,0.08826611354184084,0.4669507043385512,0.444783182119607
8,32,16,0.0,identity,2,0.09399706588204693,0.4461973245647101,0.4598056095532422
8,32,16,0.0,identity,4,0.09009934994873366,0.43043327983053936,0.47946737022072644
8,32,16,0.0,relu,1,0.1624621019042031,0.4127149076291988,0.42482299046659855
8,32,16,0.0,relu,3,0.1551979965727513,0.32251001547720837,0.5222919879500406
8,32,16,0.25,identity,0,0.4092927771570994,0.23582621632411543,0.3548810065187851
8,32,16,0.25,identity,2,0.34054196007966175,0.2879664683677878,0.37149157155255014
8,32,16,0.25,identity,4,0.4214770031124922,0.19138056349740185,0.3871424333901063
8,32,16,0.25,relu,1,0.3633226509599722,0.22476529270611142,0.41191205633391687
8,32,16,0.25,relu,3,0.3699465301776748,0.20778899669022752,0.4222644731320987
8,32,16,0.5,identity,0,0.6387982290462157,0.11953888079792226,0.24166289015586206
8,32,16,0.5,identity,2,0.5463406357076228,0.19140194433801977,0.26225741995435786
8,32,16,0.5,identity,4,0.6115340519857566,0.10460853762068711,0.2838574103935561
8,32,16,0.5,relu,1,0.5400667603316307,0.1297428577580341,0.3301903819103352
8,32,16,0.5,relu,3,0.5051453577343816,0.09774992609513823,0.39710471617047993
8,32,16,0.75,identity,0,0.772109225607544,0.08121415779712177,0.14667661659533424
8,32,16,0.75,identity,2,0.7106813120405253,0.1369869248352811,0.15233176312419366
8,32,16,0.75,identity,4,0.7518551985042256,0.07164411544905126,0.1765006860467235
8,32,16,0.75,relu,1,0.6122936395511996,0.11137802275208367,0.27632833769671694
8,32,16,0.75,relu,3,0.631124837229435,0.12224685988366947,0.24662830288689583
8,32,16,1.0,identity,0,0.9567705287635733,0.0350765237106374,0.008152947525789453
8,32,16,1.0,identity,2,0.8856412676829354,0.10244256145347218,0.01191617086359224
8,32,16,1.0,identity,4,0.953006093736538,0.042982711829737244,0.004011194433724642
8,32,16,1.0,relu,1,0.7694099661353089,0.0815553815731248,0.14903465229156676
8,32,16,1.0,relu,3,0.8131944999351153,0.10260877478874722,0.08419672527613738
8,32,32,0.0,identity,0,0.04019568395922152,0.6431042441188548,0.31670007192192356
8,32,32,0.0,identity,2,0.04240265250287271,0.6408115175866445,0.31678582991048326
8,32,32,0.0,identity,4,0.04469369103566299,0.6120750429838617,0.34323126598047565
8,32,32,0.0,relu,1,0.0736755598827676,0.5747913287002913,0.35153311141693977
8,32,32,0.0,relu,3,0.07444176287908906,0.4729560571989213,0.4526021799219889
8,32,32,0.25,identity,0,0.30230379033430266,0.4445673244058611,0.2531288852598361
8,32,32,0.25,identity,2,0.24797959325184438,0.4915779274881283,0.26044247926002706
8,32,32,0.25,identity,4,0.30075252453817597,0.41468884301850784,0.284558632443316
8,32,32,0.25,relu,1,0.2790956188175683,0.4192221899839896,0.3016821911984418
8,32,32,0.25,relu,3,0.26871775144291415,0.3171051648619101,0.4141770836951751
8,32,32,0.5,identity,0,0.4652489818215198,0.33949995954082823,0.19525105863765158
8,32,32,0.5,identity,2,0.4183317644118939,0.37606460508726436,0.20560363050084166
8,32,32,0.5,identity,4,0.4540651910978643,0.31659450934368905,0.22934029955844654
8,32,32,0.5,relu,1,0.42281401927510315,0.3135729070526402,0.2636130736722559
8,32,32,0.5,relu,3,0.4227413403743804,0.28072912067843014,0.2965295389471897
8,32,32,0.75,identity,0,0.6267714193712565,0.23361942744248348,0.1396091531862603
8,32,32,0.75,identity,2,0.5737401845135526,0.2789513299509157,0.147308485535532
8,32,32,0.75,identity,4,0.6128164140645425,0.22862329563288733,0.15856029030257024
8,32,32,0.75,relu,1,0.5422718344186593,0.23708694583167422,0.22064121974966724
8,32,32,0.75,relu,3,0.5538475567918507,0.2126823259663195,0.23347011724182953
8,32,32,1.0,identity,0,0.9551946937155236,0.03634742870979313,0.008457877574683024
8,32,32,1.0,identity,2,0.8719068087063025,0.10779453208522782,0.020298659208469707
8,32,32,1.0,identity,4,0.94777375274087,0.04506105809322462,0.007165189165905846
8,32,32,1.0,relu,1,0.7676869321699639,0.09435700390368988,0.13795606392634627
8,32,32,1.0,relu,3,0.8178210209776136,0.10989724889439433,0.07228173012799186
8,32,64,0.0,identity,0,0.05241069594944667,0.6754975653976771,0.27209173865287617
8,32,64,0.0,identity,2,0.056314295966098646,0.6682149793804885,0.2754707246534126
8,32,64,0.0,identity,4,0.05701238438773349,0.6462271155106071,0.29676050010165933
8,32,64,0.0,relu,1,0.13700081053435675,0.6108734329776817,0.2521257564879624
8,32,64,0.0,relu,3,0.12550005553054525,0.6157010906669099,0.25879885380254386
8,32,64,0.25,identity,0,0.26990388256136505,0.5205641078911506,0.20953200954748447
8,32,64,0.25,identity,2,0.2565212243045239,0.5280786805046616,0.2154000951908151
8,32,64,0.25,identity,4,0.2662798944590048,0.5036258574877052,0.23009424805329004
8,32,64,0.25,relu,1,0.3235407538393346,0.46111291186012177,0.2153463343005433
8,32,64,0.25,relu,3,0.32555706971676107,0.40524542992161106,0.2691975003616283
8,32,64,0.5,identity,0,0.40247720992764585,0.4260466638792186,0.17147612619313565
8,32,64,0.5,identity,2,0.37443459581462357,0.4442160546548789,0.18134934953049794
8,32,64,0.5,identity,4,0.39346606320800226,0.4156086886158124,0.1909252481761858
8,32,64,0.5,relu,1,0.43031268307040627,0.37119895421107185,0.1984883627185215
8,32,64,0.5,relu,3,0.4386136263677657,0.32232729374547586,0.23905907988675906
8,32,64,0.75,identity,0,0.5689305799628133,0.29791926463011087,0.1331501554070757
8,32,64,0.75,identity,2,0.5244109906876834,0.3389471836356147,0.13664182567670197
8,32,64,0.75,identity,4,0.5569726679974124,0.29952777632073946,0.14349955568184802
8,32,64,0.75,relu,1,0.5489985507989738,0.27722434736801965,0.17377710183300693
8,32,64,0.75,relu,3,0.5782184652755912,0.232354219111805,0.18942731561260387
8,32,64,1.0,identity,0,0.9452023217173066,0.04231317331196413,0.01248450497072888
8,32,64,1.0,identity,2,0.8735967740867796,0.10628192320407077,0.02012130270915057
8,32,64,1.0,identity,4,0.9422063997236589,0.04826963057206121,0.009523969704280003
8,32,64,1.0,relu,1,0.7985226196090626,0.0930970749740217,0.10838030541691603
8,32,64,1.0,relu,3,0.7874438397422804,0.12981582408503356,0.08274033617268546
8,32,96,0.0,identity,0,0.058596066000328795,0.66677273943761,0.27463119456206114
8,32,96,0.0,identity,2,0.06155953875288651,0.6663663281061006,0.2720741331410134
8,32,96,0.0,identity,4,0.08274870380117372,0.6275304243525237,0.2897208718463026
8,32,96,0.0,relu,1,0.15631034297124272,0.6204034160312363,0.22328624099752079
8,32,96,0.0,relu,3,0.16277223679980707,0.6259302289528751,0.21129753424731773
8,32,96,0.25,identity,0,0.27228695573423584,0.5193655806802844,0.20834746358547993
8,32,96,0.25,identity,2,0.2713864919993991,0.5190153817696693,0.20959812623093135
8,32,96,0.25,identity,4,0.2914839524383022,0.4884982536751747,0.22001779388652215
8,32,96,0.25,relu,1,0.38339876350709456,0.43035255484225826,0.186248681650646
8,32,96,0.25,relu,3,0.402202128395809,0.3775156670097134,0.220282204594478
8,32,96,0.5,identity,0,0.4094806039506854,0.4196168122470488,0.17090258380226603
8,32,96,0.5,identity,2,0.37996572736038936,0.438825671823094,0.18120860081651638
8,32,96,0.5,identity,4,0.41007211678740485,0.3995896683186634,0.19033821489393174
8,32,96,0.5,relu,1,0.4934309697776432,0.3321195793821466,0.17444945084021068
8,32,96,0.5,relu,3,0.5100749705415281,0.3073512555667037,0.1825737738917685
8,32,96,0.75,identity,0,0.5653635690535554,0.3000838261146336,0.1345526048318113
8,32,96,0.75,identity,2,0.5256394201355277,0.3371216321020533,0.1372389477624193
8,32,96,0.75,identity,4,0.5715996926292151,0.28994747343827804,0.13845283393250693
8,32,96,0.75,relu,1,0.5996507310440057,0.24397882563616685,0.15637044331982758
8,32,96,0.75,relu,3,0.6171187110238733,0.21744208501490675,0.1654392039612192
8,32,96,1.0,identity,0,0.9455156782072812,0.04323895061175163,0.01124537118096675
8,32,96,1.0,identity,2,0.876189655264489,0.10454951218227305,0.01926083255323761
8,32,96,1.0,identity,4,0.9347748152820465,0.05334006674780955,0.011885117970143983
8,32,96,1.0,relu,1,0.794737020917962,0.09780358121767957,0.10745939786435826
8,32,96,1.0,relu,3,0.7951881984477992,0.1283884953510261,0.07642330620117485
8,4,16,0.0,identity,0,0.02167128499973473,0.5280571784301404,0.45027153657012475
8,4,16,0.0,identity,2,0.014799625032085692,0.5143857938437555,0.47081458112415925
8,4,16,0.0,identity,4,0.013455681260927756,0.4871384754845992,0.49940584325447185
8,4,16,0.0,relu,1,0.06491669750989615,0.4950462159378325,0.44003708655227286
8,4,16,0.0,relu,3,0.04812209789825143,0.4188420524433975,0.5330358496583528
8,4,16,0.25,identity,0,0.27173181520832806,0.40081488247960073,0.327453302312071
8,4,16,0.25,identity,2,0.261815444697618,0.4065615389627295,0.3316230163396529
8,4,16,0.25,identity,4,0.25784112314123425,0.36254076805895613,0.37961810879980956
8,4,16,0.25,relu,1,0.24940115682087427,0.31889842998981655,0.4317004131893081
8,4,16,0.25,relu,3,0.21510431126248097,0.31060302775216375,0.47429266098535444
8,4,16,0.5,identity,0,0.42431773750052637,0.3308825184787619,0.24479974402071203
8,4,16,0.5,identity,2,0.41177024981224425,0.33478676108479716,0.25344298910295815
8,4,16,0.5,identity,4,0.4126530360100237,0.3108561425926196,0.2764908213973568
8,4,16,0.5,relu,1,0.34805066190239864,0.2535429787803812,0.39840635931722024
8,4,16,0.5,relu,3,0.367318074592456,0.2582078682998404,0.3744740571077033
8,4,16,0.75,identity,0,0.5677390057364635,0.2606147329977237,0.17164626126581262
8,4,16,0.75,identity,2,0.5594496242384702,0.25279581789508604,0.1877545578664438
8,4,16,0.75,identity,4,0.5677479987435899,0.241698472090649,0.19055352916576107
8,4,16,0.75,relu,1,0.5034069506854385,0.18315335640707697,0.313439692907486
8,4,16,0.75,relu,3,0.5007859340684954,0.2091191595544517,0.290094906377054
8,4,16,1.0,identity,0,0.8385855864813788,0.13597271746944625,0.025441696049174907
8,4,16,1.0,identity,2,0.8463670289349262,0.1268574157979306,0.026775555267143297
8,4,16,1.0,identity,4,0.8642517298546984,0.117013846345992,0.01873442379930925
8,4,16,1.0,relu,1,0.72101861506722,0.14261075405177912,0.13637063088100035
8,4,16,1.0,relu,3,0.7314638273651577,0.19316434402649157,0.07537182860835046
8,4,32,0.0,identity,0,0.04026998923933393,0.523207108729453,0.43652290203121263
8,4,32,0.0,identity,2,0.027946843768329028,0.5264315250771813,0.4456216311544904
8,4,32,0.0,identity,4,0.0326879628462054,0.47436213481104633,0.4929499023427482
8,4,32,0.0,relu,1,0.09630456678750693,0.5299641866636141,0.37373124654887585
8,4,32,0.0,relu,3,0.06791671254085564,0.5289792990488503,0.4031039884102944
8,4,32,0.25,identity,0,0.28999565883362377,0.3915862545090975,0.31841808665727905
8,4,32,0.25,identity,2,0.2759020983058837,0.39346794301644394,0.3306299586776726
8,4,32,0.25,identity,4,0.2731968811837368,0.36505466722395175,0.3617484515923109
8,4,32,0.25,relu,1,0.32693545665586476,0.34157565492021497,0.3314888884239213
8,4,32,0.25,relu,3,0.27926861538566056,0.34522293641127,0.3755084482030708
8,4,32,0.5,identity,0,0.42297516397508017,0.32408451995751686,0.25294031606740247
8,4,32,0.5,identity,2,0.4033752123356021,0.3219703508207807,0.27465443684361796
8,4,32,0.5,identity,4,0.3962831264551808,0.3175526150749065,0.28616425846991306
8,4,32,0.5,relu,1,0.42536942754125784,0.2853152458477708,0.2893153266109714
8,4,32,0.5,relu,3,0.3622198041440546,0.29044121364247066,0.34733898221347553
8,4,32,0.75,identity,0,0.5506904519517254,0.2581079182760489,0.1912016297722258
8,4,32,0.75,identity,2,0.5574595209793441,0.25327771139330985,0.18926276762734606
8,4,32,0.75,identity,4,0.5169615937048128,0.2515430476721281,0.231495358623059
8,4,32,0.75,relu,1,0.5188903324677391,0.21991022586997042,0.26119944166229025
8,4,32,0.75,relu,3,0.47941091077920345,0.21408221765950503,0.30650687156129136
8,4,32,1.0,identity,0,0.8014238174739597,0.16474119743829155,0.03383498508774905
8,4,32,1.0,identity,2,0.8558925819159735,0.11213669245725202,0.03197072562677456
8,4,32,1.0,identity,4,0.8332132154930518,0.12540307186091793,0.041383712646030336
8,4,32,1.0,relu,1,0.7086449229134875,0.15048931020099376,0.1408657668855185
8,4,32,1.0,relu,3,0.6964878392989677,0.18909355525832092,0.11441860544271111
8,4,64,0.0,identity,0,0.05246355574580553,0.528661472938686,0.418874971315508
8,4,64,0.0,identity,2,0.04142788875486644,0.49623788127477664,0.4623342299703572
8,4,64,0.0,identity,4,0.050936876946193956,0.4760443674450442,0.4730187556087619
8,4,64,0.0,relu,1,0.11454889246687565,0.555260711547313,0.3301903959858114
8,4,64,0.0,relu,3,0.08401136786575267,0.5843076681823054,0.33168096395194174
8,4,64,0.25,identity,0,0.2895136711060818,0.385626280287819,0.324860048606099
8,4,64,0.25,identity,2,0.27057611344319865,0.3988936553423658,0.3305302312144365
8,4,64,0.25,identity,4,0.26746107305449623,0.3660374677489572,0.36650145919654625
8,4,64,0.25,relu,1,0.3385793819779414,0.35337967714840957,0.30804094087364986
8,4,64,0.25,relu,3,0.341303011715682,0.34760697349767905,0.3110900147866378
8,4,64,0.5,identity,0,0.4197533409198927,0.33033617848738484,0.24991048059272278
8,4,64,0.5,identity,2,0.4094131145761895,0.3226446636761628,0.2679422217476473
8,4,64,0.5,identity,4,0.3896074324168632,0.3172484471609956,0.2931441204221411
8,4,64,0.5,relu,1,0.4419423045554812,0.28149126256995255,0.27656643287456567
8,4,64,0.5,relu,3,0.4243473968651827,0.28155161076140234,0.2941009923734145
8,4,64,0.75,identity,0,0.5663427204940146,0.2530819344436215,0.18057534506236375
8,4,64,0.75,identity,2,0.5822134009147092,0.24039904521363337,0.1773875538716576
8,4,64,0.75,identity,4,0.5235651716956928,0.2577784028965288,0.2186564254077784
8,4,64,0.75,relu,1,0.5354967113114255,0.23835899238707864,0.22614429630149566
8,4,64,0.75,relu,3,0.5267507631702585,0.2355293698773864,0.23771986695235475
8,4,64,1.0,identity,0,0.8375878053127724,0.12869296987976597,0.0337192248074616
8,4,64,1.0,identity,2,0.8613343503197168,0.11419453841162336,0.024471111268659564
8,4,64,1.0,identity,4,0.8488586648380508,0.11098009381607758,0.040161241345871936
8,4,64,1.0,relu,1,0.7082348817402122,0.1564863276221644,0.13527879063762346
8,4,64,1.0,relu,3,0.7132193057128808,0.1678472879437741,0.11893340634334479
8,4,96,0.0,identity,0,0.06788857526750137,0.5300363562614285,0.4020750684710697
8,4,96,0.0,identity,2,0.06121565345286722,0.49676019550087414,0.44202415104625864
8,4,96,0.0,identity,4,0.059302453402215245,0.4694502347743221,0.4712473118234628
8,4,96,0.0,relu,1,0.11053170091633886,0.5850560867720701,0.3044122123115921
8,4,96,0.0,relu,3,0.09756041043295573,0.556082157967484,0.3463574315995608
8,4,96,0.25,identity,0,0.29316011760618255,0.3931586066544713,0.31368127573934684
8,4,96,0.25,identity,2,0.2810900554843323,0.40003593799365034,0.318874006522018
8,4,96,0.25,identity,4,0.28659403009835105,0.36352313688870225,0.34988283301294715
8,4,96,0.25,relu,1,0.3873141389294274,0.33664555270304164,0.2760403083675307
8,4,96,0.25,relu,3,0.36050112255432504,0.3422480961972386,0.29725078124843646
8,4,96,0.5,identity,0,0.43210000999283404,0.330553801667637,0.2373461883395289
8,4,96,0.5,identity,2,0.41264961214995227,0.3250631933992399,0.2622871944508084
8,4,96,0.5,identity,4,0.4144474663278373,0.29967005096233407,0.28588248270982886
8,4,96,0.5,relu,1,0.479001223985619,0.26507259875420053,0.25592617726018135
8,4,96,0.5,relu,3,0.48083349904067585,0.2723710824039088,0.24679541855541656
8,4,96,0.75,identity,0,0.5667972051889372,0.25563898796562007,0.1775638068454423
8,4,96,0.75,identity,2,0.5370551400518213,0.2600769848935627,0.20286787505461598
8,4,96,0.75,identity,4,0.5316358907905226,0.2440766554897677,0.22428745371970976
8,4,96,0.75,relu,1,0.5762865983671343,0.21927816391048532,0.2044352377223813
8,4,96,0.75,relu,3,0.5422276035794255,0.22270316863690867,0.23506922778366665
8,4,96,1.0,identity,0,0.8546933706526093,0.1220170445822246,0.023289584765166117
8,4,96,1.0,identity,2,0.8302941676700795,0.12899795290290678,0.040707879427013406
8,4,96,1.0,identity,4,0.8145809041825732,0.1291806309033158,0.056238464914110414
8,4,96,1.0,relu,1,0.723065843833037,0.14507471552090093,0.13185944064606167
8,4,96,1.0,relu,3,0.6961100800384528,0.1736112159075936,0.13027870405395292
8,8,16,0.0,identity,0,0.012985415629827059,0.5821644532891942,0.4048501310809787
8,8,16,0.0,identity,2,0.013213230118336894,0.5746171002462518,0.4121696696354115
8,8,16,0.0,identity,4,0.012235470835042221,0.5436291267722188,0.44413540239273913
8,8,16,0.0,relu,1,0.05067335189600317,0.4584164390171253,0.4909102090868697
8,8,16,0.0,relu,3,0.030648460719848232,0.4304379502098744,0.5389135890702759
8,8,16,0.25,identity,0,0.17990877063628832,0.4885886124597908,0.33150261690392074
8,8,16,0.25,identity,2,0.174908691153425,0.4892518943622038,0.33583941448437044
8,8,16,0.25,identity,4,0.19354699415473997,0.4603819026459573,0.3460711031993027
8,8,16,0.25,relu,1,0.20805172294914145,0.39380714621541896,0.39814113083544156
8,8,16,0.25,relu,3,0.16284194059819004,0.35777192408463915,0.4793861353171703
8,8,16,0.5,identity,0,0.39653171133011117,0.37739251295221854,0.22607577571767065
8,8,16,0.5,identity,2,0.4068101992654421,0.3905240034777001,0.20266579725685796
8,8,16,0.5,identity,4,0.46847449086421744,0.2801153248067679,0.25141018432901513
8,8,16,0.5,relu,1,0.41270331293989954,0.31084934607752474,0.2764473409825755
8,8,16,0.5,relu,3,0.379333761384379,0.22993562601346598,0.39073061260215425
8,8,16,0.75,identity,0,0.5985212139052121,0.2735981191983802,0.12788066689640779
8,8,16,0.75,identity,2,0.6056209523331985,0.2701164991140595,0.12426254855274206
8,8,16,0.75,identity,4,0.7101349865755674,0.13570728280478125,0.15415773061965088
8,8,16,0.75,relu,1,0.5725382079929546,0.20154638917523565,0.22591540283180964
8,8,16,0.75,relu,3,0.5600501670796655,0.147004224849134,0.2929456080712012
8,8,16,1.0,identity,0,0.8295158864770932,0.16347324609213784,0.0070108674307692255
8,8,16,1.0,identity,2,0.8530968981511676,0.13569552454302716,0.011207577305805115
8,8,16,1.0,identity,4,0.9475135663249307,0.04585384115631951,0.006632592518749839
8,8,16,1.0,relu,1,0.7782962883787202,0.1267970224890074,0.09490668913227222
8,8,16,1.0,relu,3,0.7547962594316643,0.12408159013065065,0.12112215043768491
8,8,32,0.0,identity,0,0.033702950218130294,0.5768556622786407,0.389441387503229
8,8,32,0.0,identity,2,0.03285986095117381,0.5697324649829092,0.3974076740659169
8,8,32,0.0,identity,4,0.03598927500685792,0.5459732446731742,0.4180374803199678
8,8,32,0.0,relu,1,0.09426927343625244,0.5432687541418741,0.3624619724218728
8,8,32,0.0,relu,3,0.09841455167082133,0.4698128546703438,0.43177259365883397
8,8,32,0.25,identity,0,0.2943545446943744,0.42550589963243474,0.2801395556731909
8,8,32,0.25,identity,2,0.2930452202923546,0.4215874200133218,0.28536735969432364
8,8,32,0.25,identity,4,0.31422779809023277,0.38725208788244436,0.2985201140273231
8,8,32,0.25,relu,1,0.32405891807804416,0.33128177063431663,0.34465931128763905
8,8,32,0.25,relu,3,0.32093747924641636,0.321483277257489,0.3575792434960943
8,8,32,0.5,identity,0,0.42457244737592603,0.3572248270906445,0.2182027255334295
8,8,32,0.5,identity,2,0.4247773821716175,0.3482801863864511,0.22694243144193127
8,8,32,0.5,identity,4,0.46179503361111635,0.3057434335103643,0.23246153287851948
8,8,32,0.5,relu,1,0.43129665797141603,0.2637537925079411,0.30494954952064246
8,8,32,0.5,relu,3,0.434891736668695,0.23557052981908425,0.3295377335122193
8,8,32,0.75,identity,0,0.567072539380256,0.2858437242067009,0.14708373641304276
8,8,32,0.75,identity,2,0.5683442824281054,0.274867894350465,0.15678782322142887
8,8,32,0.75,identity,4,0.6078358630774855,0.2277380286265261,0.16442610829598875
8,8,32,0.75,relu,1,0.5540971369589767,0.20375918871112234,0.2421436743299017
8,8,32,0.75,relu,3,0.5454652501342614,0.186992175215996,0.2675425746497427
8,8,32,1.0,identity,0,0.8147153012768621,0.1708001188405467,0.01448457988259072
8,8,32,1.0,identity,2,0.8579377935952656,0.12957343577626518,0.012488770628469389
8,8,32,1.0,identity,4,0.9336787106637042,0.05392151571291655,0.012399773623378917
8,8,32,1.0,relu,1,0.7740260497918157,0.13159742278086728,0.09437652742731714
8,8,32,1.0,relu,3,0.7707813706343829,0.11992712827203832,0.10929150109357877
8,8,64,0.0,identity,0,0.03815453060417585,0.5794687783633663,0.38237669103245825
8,8,64,0.0,identity,2,0.047827152126526405,0.5566256109441791,0.3955472369292951
8,8,64,0.0,identity,4,0.03660389581572995,0.5472791910186937,0.41611691316557553
8,8,64,0.0,relu,1,0.12972776550073498,0.553242713267167,0.31702952123209865
8,8,64,0.0,relu,3,0.10126123308652515,0.5743048720594254,0.32443389485404805
8,8,64,0.25,identity,0,0.2985835406583571,0.4311169375211577,0.2702995218204861
8,8,64,0.25,identity,2,0.2918758695002831,0.4282218928071093,0.2799022376926073
8,8,64,0.25,identity,4,0.32602828948006735,0.3889411536737313,0.28503055684620066
8,8,64,0.25,relu,1,0.385682025358927,0.3556269422569161,0.25869103238415625
8,8,64,0.25,relu,3,0.37161221353386864,0.33599254173862625,0.29239524472750533
8,8,64,0.5,identity,0,0.43420642803615545,0.3499082273429717,0.21588534462087192
8,8,64,0.5,identity,2,0.4334658369926218,0.34810824489492853,0.21842591811244952
8,8,64,0.5,identity,4,0.4608956975434356,0.3097537355576395,0.22935056689892483
8,8,64,0.5,relu,1,0.4862666935099608,0.29167198034742514,0.22206132614261417
8,8,64,0.5,relu,3,0.4848743074574023,0.2533844932824004,0.2617411992601979
8,8,64,0.75,identity,0,0.564745752971225,0.2917402275142764,0.14351401951449844
8,8,64,0.75,identity,2,0.5574925859529065,0.27566920615570006,0.16683820789139317
8,8,64,0.75,identity,4,0.6109636668780277,0.2286810204182569,0.1603553127037155
8,8,64,0.75,relu,1,0.5862551843830862,0.21002650901312045,0.20371830660379292
8,8,64,0.75,relu,3,0.5910692736401701,0.1845917091502505,0.22433901720957972
8,8,64,1.0,identity,0,0.8152571502864249,0.16475821262443557,0.019984637089139622
8,8,64,1.0,identity,2,0.823307805485318,0.14351246297235298,0.033179731542328714
8,8,64,1.0,identity,4,0.9268379226504977,0.05832589444778234,0.014836182901720344
8,8,64,1.0,relu,1,0.7824530034667924,0.12131002947079382,0.09623696706241444
8,8,64,1.0,relu,3,0.7861433956967092,0.11393733558483257,0.09991926871845833
8,8,96,0.0,identity,0,0.051775919961663905,0.5512583687237841,0.39696571131455227
8,8,96,0.0,identity,2,0.05351722744561832,0.556619797975512,0.3898629745788696
8,8,96,0.0,identity,4,0.051676228077034786,0.5419126003300847,0.4064111715928809
8,8,96,0.0,relu,1,0.12833736254310935,0.5998355655471678,0.2718270719097223
8,8,96,0.0,relu,3,0.10994430764171217,0.6054970436477243,0.28455864871056347
8,8,96,0.25,identity,0,0.3055423521014211,0.4246319372440338,0.26982571065454547
8,8,96,0.25,identity,2,0.3071749871264348,0.4171552083948802,0.27566980447868517
8,8,96,0.25,identity,4,0.3249294890786175,0.38386818849890747,0.2912023224224751
8,8,96,0.25,relu,1,0.4304732460963168,0.34118771888854227,0.22833903501514097
8,8,96,0.25,relu,3,0.42030142686730376,0.31074096035632415,0.26895761277637253
8,8,96,0.5,identity,0,0.4347719179980546,0.3549089882822571,0.21031909371968868
8,8,96,0.5,identity,2,0.4422983440545731,0.34425747777995513,0.2134441781654716
8,8,96,0.5,identity,4,0.46194205060559845,0.308248441944956,0.2298095074494463
8,8,96,0.5,relu,1,0.5108263527974876,0.2836157984854027,0.20555784871710997
8,8,96,0.5,relu,3,0.5305530008657465,0.2361601954892328,0.23328680364502033
8,8,96,0.75,identity,0,0.5639013240156746,0.2921385836853023,0.14396009229902304
8,8,96,0.75,identity,2,0.5662112423740021,0.2768457795887878,0.1569429780372107
8,8,96,0.75,identity,4,0.6132006391708812,0.2227562585056981,0.1640431023234207
8,8,96,0.75,relu,1,0.6153412826982381,0.20013629241805259,0.1845224248837096
8,8,96,0.75,relu,3,0.6271284483622539,0.1801013006750215,0.1927702509627246
8,8,96,1.0,identity,0,0.8076994461856025,0.17408014644442066,0.01822040736997691
8,8,96,1.0,identity,2,0.8333393712207654,0.137472722474232,0.029187906305002377
8,8,96,1.0,identity,4,0.9392886408885999,0.04956952926187627,0.011141829849523716
8,8,96,1.0,relu,1,0.785277542367528,0.12572351748236701,0.08899894015010448
8,8,96,1.0,relu,3,0.7689350171388396,0.12535124327243632,0.10571373958872426
