r_class,r_item,d,int_frac,achieved_frac,activation,seed,r_int,rank,cap_true,steps,n_classes,n_lexemes,n_over_d,k_class,gap,final_loss,opt_loss,sep,perdim,frac
1,1,16,0.0,0.0,identity,0,0,2,0.125,55500,16,8000,500.0,1,0.0196507797241212,5.056867919921875,5.037217140197754,0.0135260108455523,0.000845375677847,0.000845375677847
1,1,16,0.0,0.0,identity,1,0,2,0.125,41000,16,8000,500.0,1,0.0206370925903316,4.73828369140625,4.717646598815918,0.2911027338546944,0.0181939208659184,0.0181939208659184
1,1,16,0.0,0.0,identity,2,0,2,0.125,62500,16,8000,500.0,1,0.0179858665466312,4.9198017578125,4.901815891265869,0.4998066266206656,0.0312379141637916,0.0312379141637916
1,1,16,0.0,0.0,identity,3,0,2,0.125,49500,16,8000,500.0,1,0.0176410865783687,5.1075244140625,5.089883327484131,0.0745380913916732,0.0046586307119795,0.0046586307119795
1,1,16,0.0,0.0,identity,4,0,2,0.125,57000,16,8000,500.0,1,0.0175684127807613,4.505556884765625,4.487988471984863,0.7179051199492223,0.0448690699968264,0.0448690699968264
1,1,16,0.0,0.0,relu,0,0,2,0.125,44500,16,8000,500.0,1,0.0180724105834961,5.05528955078125,5.037217140197754,0.973147329589564,0.0608217080993477,0.0608217080993477
1,1,16,0.0,0.0,relu,1,0,2,0.125,35500,16,8000,500.0,1,0.0182623367309568,4.735908935546875,4.717646598815918,0.0160471760942736,0.0010029485058921,0.0010029485058921
1,1,16,0.0,0.0,relu,2,0,2,0.125,56500,16,8000,500.0,2,0.0149922142028806,4.91680810546875,4.901815891265869,0.2614777670224411,0.0163423604389025,0.0326847208778051
1,1,16,0.0,0.0,relu,3,0,2,0.125,46500,16,8000,500.0,2,0.0151081390380856,5.104991943359375,5.089883804321289,0.3566272641487328,0.0222892040092958,0.0445784080185916
1,1,16,0.0,0.0,relu,4,0,2,0.125,31500,16,8000,500.0,2,0.0195044479370114,4.507492919921875,4.487988471984863,0.2415519657667067,0.0150969978604191,0.0301939957208383
1,1,16,0.25,0.2601,identity,0,1,3,0.188,73500,16,8000,500.0,1,0.0196292610168455,5.186239501953125,5.166610240936279,0.0996471337231361,0.006227945857696,0.006227945857696
1,1,16,0.25,0.2525,identity,1,1,3,0.188,53000,16,8000,500.0,1,0.0219386749267576,4.98900830078125,4.967069625854492,0.0412252878945397,0.0025765804934087,0.0025765804934087
1,1,16,0.25,0.2503,identity,2,1,3,0.188,54500,16,8000,500.0,1,0.0224666976928711,5.118216552734375,5.095749855041504,0.3211172533582915,0.0200698283348932,0.0200698283348932
1,1,16,0.25,0.2535,identity,3,1,3,0.188,61000,16,8000,500.0,2,0.0198382568359374,5.23243896484375,5.2126007080078125,0.8087208866815085,0.0505450554175942,0.1010901108351885
1,1,16,0.25,0.2504,identity,4,1,3,0.188,42500,16,8000,500.0,1,0.0250208740234372,4.904552734375,4.8795318603515625,0.2254743506261655,0.0140921469141353,0.0140921469141353
1,1,16,0.25,0.2601,relu,0,1,3,0.188,50000,16,8000,500.0,2,0.0194073371887206,5.186017578125,5.166610240936279,0.7720524012867754,0.0482532750804234,0.0965065501608469
1,1,16,0.25,0.2525,relu,1,1,3,0.188,43500,16,8000,500.0,2,0.0193964385986324,4.986466064453125,4.967069625854492,0.2054125202648824,0.0128382825165551,0.0256765650331103
1,1,16,0.25,0.2503,relu,2,1,3,0.188,55500,16,8000,500.0,2,0.0183355941772465,5.11408544921875,5.095749855041504,0.9378648314484004,0.058616551965525,0.11723310393105
1,1,16,0.25,0.2535,relu,3,1,3,0.188,42000,16,8000,500.0,2,0.0190194091796875,5.2316201171875,5.2126007080078125,0.7189172403520442,0.0449323275220027,0.0898646550440055
1,1,16,0.25,0.2504,relu,4,1,3,0.188,51500,16,8000,500.0,2,0.0180601806640625,4.897592041015625,4.8795318603515625,1.3511538137044736,0.0844471133565296,0.1688942267130592
1,1,16,0.5,0.5159,identity,0,1,3,0.188,38000,16,8000,500.0,1,0.0257244377136229,5.319357421875,5.293632984161377,0.2629984062210765,0.0164374003888172,0.0164374003888172
1,1,16,0.5,0.5029,identity,1,1,3,0.188,69000,16,8000,500.0,1,0.0204311180114746,5.27854736328125,5.258116245269775,0.2309405120440119,0.0144337820027507,0.0144337820027507
1,1,16,0.5,0.5004,identity,2,1,3,0.188,51000,16,8000,500.0,1,0.0230209465026858,5.377704345703125,5.35468339920044,1.3621698730181646,0.0851356170636352,0.0851356170636352
1,1,16,0.5,0.5043,identity,3,1,3,0.188,38500,16,8000,500.0,1,0.0242300262451173,5.48101904296875,5.456789016723633,0.2827754585893243,0.0176734661618327,0.0176734661618327
1,1,16,0.5,0.5004,identity,4,1,3,0.188,56000,16,8000,500.0,1,0.0238872756958006,5.334955810546875,5.311068534851074,0.174362155151549,0.0108976346969718,0.0108976346969718
1,1,16,0.5,0.5159,relu,0,1,3,0.188,53000,16,8000,500.0,2,0.0178408927917477,5.311473876953125,5.293632984161377,1.1315489681264297,0.0707218105079018,0.1414436210158037
1,1,16,0.5,0.5029,relu,1,1,3,0.188,60000,16,8000,500.0,2,0.0179430809020999,5.276059326171875,5.258116245269775,2.088605929359165,0.1305378705849478,0.2610757411698957
1,1,16,0.5,0.5004,relu,2,1,3,0.188,56500,16,8000,500.0,2,0.0177460441589358,5.372429443359375,5.35468339920044,2.3562618656709717,0.1472663666044357,0.2945327332088714
1,1,16,0.5,0.5043,relu,3,1,3,0.188,57500,16,8000,500.0,2,0.0175305633544917,5.474319580078125,5.456789016723633,0.5913472113258653,0.0369592007078665,0.0739184014157331
1,1,16,0.5,0.5004,relu,4,1,3,0.188,66000,16,8000,500.0,2,0.0174400100708007,5.328508544921875,5.311068534851074,1.5849926457574492,0.0990620403598405,0.1981240807196811
1,1,16,0.75,0.7652,identity,0,1,3,0.188,59000,16,8000,500.0,1,0.0202654380798339,5.5876201171875,5.567354679107666,0.084690872761015,0.0052931795475634,0.0052931795475634
1,1,16,0.75,0.7516,identity,1,1,3,0.188,64500,16,8000,500.0,2,0.0198494186401365,5.47390234375,5.454052925109863,3.059447869647665,0.191215491852979,0.3824309837059581
1,1,16,0.75,0.7502,identity,2,1,3,0.188,48000,16,8000,500.0,1,0.0212847175598147,5.627477783203125,5.606193065643311,0.6601206647497755,0.0412575415468609,0.0412575415468609
1,1,16,0.75,0.7528,identity,3,1,3,0.188,45500,16,8000,500.0,2,0.0210753631591797,5.789921875,5.76884651184082,3.163450330110134,0.1977156456318833,0.3954312912637667
1,1,16,0.75,0.75,identity,4,1,3,0.188,66000,16,8000,500.0,1,0.0193440132141109,5.70423046875,5.684886455535889,0.1084557595674517,0.0067784849729657,0.0067784849729657
1,1,16,0.75,0.7652,relu,0,1,3,0.188,41500,16,8000,500.0,2,0.0194146080017088,5.586769287109375,5.567354679107666,2.995494040072561,0.187218377504535,0.3744367550090701
1,1,16,0.75,0.7516,relu,1,1,3,0.188,45000,16,8000,500.0,2,0.0180981979370118,5.472151123046875,5.454052925109863,3.188883471316911,0.1993052169573069,0.3986104339146138
1,1,16,0.75,0.7502,relu,2,1,3,0.188,44000,16,8000,500.0,2,0.0184226570129393,5.62461572265625,5.606193065643311,3.383643922586172,0.2114777451616357,0.4229554903232715
1,1,16,0.75,0.7528,relu,3,1,3,0.188,54000,16,8000,500.0,2,0.0160306854248046,5.784877197265625,5.76884651184082,2.986178043977453,0.1866361277485907,0.3732722554971815
1,1,16,0.75,0.75,relu,4,1,3,0.188,45000,16,8000,500.0,2,0.0187043647766111,5.7035908203125,5.684886455535889,3.0897747304388763,0.1931109206524297,0.3862218413048595
1,1,16,1.0,1.0,identity,0,1,1,0.062,36000,16,8000,500.0,1,0.0119356575012208,6.0398740234375,6.027938365936279,10.843097438460648,0.6776935899037905,0.6776935899037905
1,1,16,1.0,1.0,identity,1,1,1,0.062,49500,16,8000,500.0,1,0.0102019157409669,5.539926513671875,5.529724597930908,12.482796442928214,0.7801747776830134,0.7801747776830134
1,1,16,1.0,1.0,identity,2,1,1,0.062,48500,16,8000,500.0,1,0.009893211364746,5.930533203125,5.920639991760254,13.464215083731109,0.8415134427331943,0.8415134427331943
1,1,16,1.0,1.0,identity,3,1,1,0.062,39500,16,8000,500.0,1,0.0101937904357907,6.10656591796875,6.096372127532959,12.587228486612368,0.786701780413273,0.786701780413273
1,1,16,1.0,1.0,identity,4,1,1,0.062,46500,16,8000,500.0,1,0.0101236038208005,5.99010693359375,5.979983329772949,10.96186233811549,0.6851163961322181,0.6851163961322181
1,1,16,1.0,1.0,relu,0,1,1,0.062,42000,16,8000,500.0,1,0.0086636848449703,6.03660205078125,6.027938365936279,11.751614157747229,0.7344758848592018,0.7344758848592018
1,1,16,1.0,1.0,relu,1,1,1,0.062,40500,16,8000,500.0,1,0.0092658805847172,5.538990478515625,5.529724597930908,14.141425289221338,0.8838390805763336,0.8838390805763336
1,1,16,1.0,1.0,relu,2,1,1,0.062,40500,16,8000,500.0,1,0.0089144515991215,5.929554443359375,5.920639991760254,14.832931925484765,0.9270582453427978,0.9270582453427978
1,1,16,1.0,1.0,relu,3,1,1,0.062,41500,16,8000,500.0,1,0.0084525794982912,6.10482470703125,6.096372127532959,11.33310450931482,0.7083190318321763,0.7083190318321763
1,1,16,1.0,1.0,relu,4,1,1,0.062,31000,16,8000,500.0,1,0.009751045227051,5.989734375,5.979983329772949,14.867148639283824,0.9291967899552388,0.9291967899552388
1,1,32,0.0,0.0,identity,0,0,2,0.062,49000,16,8000,250.0,1,0.0229586410522459,5.06017578125,5.037217140197754,2.2992881760534307,0.0718527555016697,0.0718527555016697
1,1,32,0.0,0.0,identity,1,0,2,0.062,45500,16,8000,250.0,1,0.0222410964965824,4.7398876953125,4.717646598815918,0.1563167330802229,0.0048848979087569,0.0048848979087569
1,1,32,0.0,0.0,identity,2,0,2,0.062,30000,16,8000,250.0,1,0.0274724388122562,4.929288330078125,4.901815891265869,0.9758369386820128,0.0304949043338129,0.0304949043338129
1,1,32,0.0,0.0,identity,3,0,2,0.062,42000,16,8000,250.0,1,0.0210014381408694,5.110884765625,5.089883327484131,1.1453035730956396,0.0357907366592387,0.0357907366592387
1,1,32,0.0,0.0,identity,4,0,2,0.062,43000,16,8000,250.0,1,0.0225208053588863,4.51050927734375,4.487988471984863,0.7411796003432894,0.0231618625107277,0.0231618625107277
1,1,32,0.0,0.0,relu,0,0,2,0.062,44500,16,8000,250.0,1,0.0182542953491209,5.055471435546875,5.037217140197754,0.2524153092508578,0.0078879784140893,0.0078879784140893
1,1,32,0.0,0.0,relu,1,0,2,0.062,35500,16,8000,250.0,2,0.0200833816528316,4.73772998046875,4.717646598815918,0.8332252097792802,0.0260382878056025,0.052076575611205
1,1,32,0.0,0.0,relu,2,0,2,0.062,56500,16,8000,250.0,2,0.0164182395935057,4.918234130859375,4.901815891265869,0.6862365185576785,0.0214448912049274,0.0428897824098549
1,1,32,0.0,0.0,relu,3,0,2,0.062,41500,16,8000,250.0,2,0.0164816741943356,5.106365478515625,5.089883804321289,1.280824571366166,0.0400257678551926,0.0800515357103853
1,1,32,0.0,0.0,relu,4,0,2,0.062,45500,16,8000,250.0,2,0.0187222213745119,4.506710693359375,4.487988471984863,0.7369842283757939,0.0230307571367435,0.0460615142734871
1,1,32,0.25,0.2601,identity,0,1,3,0.094,37000,16,8000,250.0,1,0.0293091926574708,5.19591943359375,5.166610240936279,0.4502472667813504,0.0140702270869172,0.0140702270869172
1,1,32,0.25,0.2525,identity,1,1,3,0.094,53000,16,8000,250.0,1,0.0246171417236329,4.991686767578125,4.967069625854492,0.7433820435432383,0.0232306888607261,0.0232306888607261
1,1,32,0.25,0.2503,identity,2,1,3,0.094,54500,16,8000,250.0,1,0.024345359802246,5.12009521484375,5.095749855041504,0.2397980454146933,0.0074936889192091,0.0074936889192091
1,1,32,0.25,0.2535,identity,3,1,3,0.094,46500,16,8000,250.0,2,0.0236912841796872,5.2362919921875,5.2126007080078125,0.3941577347847919,0.0123174292120247,0.0246348584240494
1,1,32,0.25,0.2504,identity,4,1,3,0.094,40500,16,8000,250.0,1,0.0284061279296876,4.90793798828125,4.8795318603515625,1.1031542406475396,0.0344735700202356,0.0344735700202356
1,1,32,0.25,0.2601,relu,0,1,3,0.094,44500,16,8000,250.0,2,0.0213980598449703,5.18800830078125,5.166610240936279,0.5913355455658026,0.0184792357989313,0.0369584715978626
1,1,32,0.25,0.2525,relu,1,1,3,0.094,58500,16,8000,250.0,2,0.0185104522705081,4.985580078125,4.967069625854492,0.4278958384091832,0.0133717449502869,0.0267434899005739
1,1,32,0.25,0.2503,relu,2,1,3,0.094,45000,16,8000,250.0,2,0.0208438949584959,5.11659375,5.095749855041504,2.333772830214304,0.072930400944197,0.145860801888394
1,1,32,0.25,0.2535,relu,3,1,3,0.094,44000,16,8000,250.0,2,0.0196466064453124,5.232247314453125,5.2126007080078125,0.1312028038689307,0.004100087620904,0.0082001752418081
1,1,32,0.25,0.2504,relu,4,1,3,0.094,45500,16,8000,250.0,2,0.0213358154296878,4.90086767578125,4.8795318603515625,0.2831137825101319,0.0088473057034416,0.0176946114068832
1,1,32,0.5,0.5159,identity,0,1,3,0.094,36500,16,8000,250.0,1,0.0284510002136233,5.322083984375,5.293632984161377,0.3626697336561882,0.0113334291767558,0.0113334291767558
1,1,32,0.5,0.5029,identity,1,1,3,0.094,52500,16,8000,250.0,1,0.0259152488708496,5.284031494140625,5.258116245269775,0.1386091193600489,0.0043315349800015,0.0043315349800015
1,1,32,0.5,0.5004,identity,2,1,3,0.094,58500,16,8000,250.0,1,0.0240399894714355,5.378723388671875,5.35468339920044,1.4865219522400377,0.0464538110075011,0.0464538110075011
1,1,32,0.5,0.5043,identity,3,1,3,0.094,46000,16,8000,250.0,1,0.0252939910888674,5.4820830078125,5.456789016723633,0.4648510908369374,0.0145265965886542,0.0145265965886542
1,1,32,0.5,0.5004,identity,4,1,3,0.094,43000,16,8000,250.0,1,0.0288740921020504,5.339942626953125,5.311068534851074,0.2883252118984686,0.0090101628718271,0.0090101628718271
1,1,32,0.5,0.5159,relu,0,1,3,0.094,56000,16,8000,250.0,2,0.0201758537292482,5.313808837890625,5.293632984161377,3.210935623166108,0.1003417382239408,0.2006834764478817
1,1,32,0.5,0.5029,relu,1,1,3,0.094,49000,16,8000,250.0,2,0.0208305320739743,5.27894677734375,5.258116245269775,2.677293174905019,0.0836654117157818,0.1673308234315637
1,1,32,0.5,0.5004,relu,2,1,3,0.094,36000,16,8000,250.0,2,0.0226635246276858,5.377346923828125,5.35468339920044,2.906891861974396,0.0908403706866998,0.1816807413733997
1,1,32,0.5,0.5043,relu,3,1,3,0.094,46500,16,8000,250.0,2,0.0197302703857422,5.476519287109375,5.456789016723633,1.1583386280614072,0.0361980821269189,0.0723961642538379
1,1,32,0.5,0.5004,relu,4,1,3,0.094,53500,16,8000,250.0,2,0.0205645217895504,5.331633056640625,5.311068534851074,0.6430453174262134,0.0200951661695691,0.0401903323391383
1,1,32,0.75,0.7652,identity,0,1,3,0.094,52500,16,8000,250.0,2,0.0226404380798337,5.5899951171875,5.567354679107666,1.760254168145757,0.0550079427545549,0.1100158855091098
1,1,32,0.75,0.7516,identity,1,1,3,0.094,48500,16,8000,250.0,2,0.0246577682495114,5.478710693359375,5.454052925109863,5.288472430362454,0.1652647634488266,0.3305295268976533
1,1,32,0.75,0.7502,identity,2,1,3,0.094,48000,16,8000,250.0,2,0.0238242683410643,5.630017333984375,5.606193065643311,4.172397207173092,0.1303874127241591,0.2607748254483182
1,1,32,0.75,0.7528,identity,3,1,3,0.094,56500,16,8000,250.0,1,0.0218988494873046,5.790745361328125,5.76884651184082,3.4505378872152934,0.1078293089754779,0.1078293089754779
1,1,32,0.75,0.75,identity,4,1,3,0.094,66000,16,8000,250.0,2,0.0221399116516112,5.7070263671875,5.684886455535889,5.391091296567494,0.1684716030177342,0.3369432060354684
1,1,32,0.75,0.7652,relu,0,1,3,0.094,48500,16,8000,250.0,2,0.0192832603454586,5.586637939453125,5.567354679107666,5.180633520177768,0.1618947975055552,0.3237895950111105
1,1,32,0.75,0.7516,relu,1,1,3,0.094,46500,16,8000,250.0,2,0.0195481491088864,5.47360107421875,5.454052925109863,4.963692495421988,0.1551153904819371,0.3102307809638742
1,1,32,0.75,0.7502,relu,2,1,3,0.094,37000,16,8000,250.0,2,0.0208406257629398,5.62703369140625,5.606193065643311,5.661565974392305,0.1769239366997595,0.353847873399519
1,1,32,0.75,0.7528,relu,3,1,3,0.094,57000,16,8000,250.0,2,0.0175446014404299,5.78639111328125,5.76884651184082,4.529435651583167,0.1415448641119739,0.2830897282239479
1,1,32,0.75,0.75,relu,4,1,3,0.094,44000,16,8000,250.0,2,0.020251483917236,5.705137939453125,5.684886455535889,7.081208543585578,0.2212877669870493,0.4425755339740986
1,1,32,1.0,1.0,identity,0,1,1,0.031,22000,16,8000,250.0,1,0.0160943489074707,6.04403271484375,6.027938365936279,9.805968135877324,0.3064365042461664,0.3064365042461664
1,1,32,1.0,1.0,identity,1,1,1,0.031,30000,16,8000,250.0,1,0.0154567985534663,5.545181396484375,5.529724597930908,21.34226983492921,0.6669459323415379,0.6669459323415379
1,1,32,1.0,1.0,identity,2,1,1,0.031,34000,16,8000,250.0,1,0.0136839828491215,5.934323974609375,5.920639991760254,29.68555413202103,0.9276735666256573,0.9276735666256573
1,1,32,1.0,1.0,identity,3,1,1,0.031,44500,16,8000,250.0,1,0.012266300201416,6.108638427734375,6.096372127532959,18.192810865796133,0.5685253395561292,0.5685253395561292
1,1,32,1.0,1.0,identity,4,1,1,0.031,44000,16,8000,250.0,1,0.012388740539551,5.9923720703125,5.979983329772949,17.906781399641037,0.5595869187387824,0.5595869187387824
1,1,32,1.0,1.0,relu,0,1,1,0.031,35500,16,8000,250.0,1,0.0098187141418453,6.037757080078125,6.027938365936279,23.845256616324296,0.7451642692601342,0.7451642692601342
1,1,32,1.0,1.0,relu,1,1,1,0.031,31500,16,8000,250.0,1,0.0110022087097165,5.540726806640625,5.529724597930908,25.61036882844205,0.8003240258888141,0.8003240258888141
1,1,32,1.0,1.0,relu,2,1,1,0.031,38000,16,8000,250.0,1,0.0098709945678709,5.930510986328125,5.920639991760254,28.00943243879357,0.8752947637122991,0.8752947637122991
1,1,32,1.0,1.0,relu,3,1,1,0.031,32000,16,8000,250.0,1,0.0100978431701657,6.106469970703125,6.096372127532959,23.812544770577137,0.7441420240805355,0.7441420240805355
1,1,32,1.0,1.0,relu,4,1,1,0.031,39500,16,8000,250.0,1,0.0089414749145504,5.9889248046875,5.979983329772949,27.843406548098784,0.870106454628087,0.870106454628087
1,1,64,0.0,0.0,identity,0,0,2,0.031,44500,16,8000,125.0,1,0.0287301254272458,5.065947265625,5.037217140197754,0.1280516646542694,0.0020008072602229,0.0020008072602229
1,1,64,0.0,0.0,identity,1,0,2,0.031,31500,16,8000,125.0,1,0.0314046707153323,4.74905126953125,4.717646598815918,0.8844358034918868,0.0138193094295607,0.0138193094295607
1,1,64,0.0,0.0,identity,2,0,2,0.031,30500,16,8000,125.0,1,0.0328960227966312,4.9347119140625,4.901815891265869,0.7722536167300703,0.0120664627614073,0.0120664627614073
1,1,64,0.0,0.0,identity,3,0,2,0.031,23000,16,8000,125.0,1,0.0329428443908694,5.122826171875,5.089883327484131,3.69059417657621,0.0576655340090032,0.0576655340090032
1,1,64,0.0,0.0,identity,4,0,2,0.031,43000,16,8000,125.0,2,0.0281585006713864,4.51614697265625,4.487988471984863,1.3765963302746391,0.0215093176605412,0.0430186353210824
1,1,64,0.0,0.0,relu,0,0,2,0.031,59500,16,8000,125.0,2,0.0180880355834958,5.05530517578125,5.037217140197754,1.2813671444900705,0.0200213616326573,0.0400427232653147
1,1,64,0.0,0.0,relu,1,0,2,0.031,52500,16,8000,125.0,2,0.0190736160278319,4.73672021484375,4.717646598815918,1.5339069510178458,0.0239672961096538,0.0479345922193076
1,1,64,0.0,0.0,relu,2,0,2,0.031,44000,16,8000,125.0,2,0.0195844993591309,4.921400390625,4.901815891265869,0.6088243518824723,0.0095128804981636,0.0190257609963272
1,1,64,0.0,0.0,relu,3,0,2,0.031,33000,16,8000,125.0,2,0.0197245941162105,5.1096083984375,5.089883804321289,0.8823093096106954,0.0137860829626671,0.0275721659253342
1,1,64,0.0,0.0,relu,4,0,2,0.031,36000,16,8000,125.0,2,0.0218865280151367,4.509875,4.487988471984863,1.4953135604249008,0.023364274381639,0.0467285487632781
1,1,64,0.25,0.2601,identity,0,1,3,0.047,31500,16,8000,125.0,1,0.0373394660949708,5.20394970703125,5.166610240936279,1.286282444253025,0.0200981631914535,0.0200981631914535
1,1,64,0.25,0.2525,identity,1,1,3,0.047,64500,16,8000,125.0,1,0.0280028839111325,4.995072509765625,4.967069625854492,3.0281295730343007,0.0473145245786609,0.0473145245786609
1,1,64,0.25,0.2503,identity,2,1,3,0.047,32000,16,8000,125.0,1,0.0371390609741206,5.132888916015625,5.095749855041504,0.1398725430977213,0.0021855084859018,0.0021855084859018
1,1,64,0.25,0.2535,identity,3,1,3,0.047,34500,16,8000,125.0,2,0.0327259521484375,5.24532666015625,5.2126007080078125,2.8926998207339016,0.0451984346989672,0.0903968693979344
1,1,64,0.25,0.2504,identity,4,1,3,0.047,26000,16,8000,125.0,1,0.0393604736328123,4.918892333984375,4.8795318603515625,0.8237088466876736,0.0128704507294949,0.0128704507294949
1,1,64,0.25,0.2601,relu,0,1,3,0.047,56500,16,8000,125.0,2,0.0221580696105956,5.188768310546875,5.166610240936279,0.7449047849978152,0.0116391372655908,0.0232782745311817
1,1,64,0.25,0.2525,relu,1,1,3,0.047,42000,16,8000,125.0,2,0.0232941436767575,4.99036376953125,4.967069625854492,0.8805527385627143,0.0137586365400424,0.0275172730800848
1,1,64,0.25,0.2503,relu,2,1,3,0.047,55500,16,8000,125.0,2,0.0213871078491214,5.117136962890625,5.095749855041504,3.701715998861175,0.0578393124822058,0.1156786249644117
1,1,64,0.25,0.2535,relu,3,1,3,0.047,30000,16,8000,125.0,2,0.0245350341796877,5.2371357421875,5.2126007080078125,0.7459754103984679,0.011655865787476,0.0233117315749521
1,1,64,0.25,0.2504,relu,4,1,3,0.047,33500,16,8000,125.0,2,0.0260526123046878,4.90558447265625,4.8795318603515625,0.2394550275133765,0.0037414848048965,0.007482969609793
1,1,64,0.5,0.5159,identity,0,1,3,0.047,38000,16,8000,125.0,1,0.0341060295104984,5.327739013671875,5.293632984161377,1.03262768432926,0.0161348075676446,0.0161348075676446
1,1,64,0.5,0.5029,identity,1,1,3,0.047,43000,16,8000,125.0,1,0.0329291648864744,5.29104541015625,5.258116245269775,4.57821068324973,0.071534541925777,0.071534541925777
1,1,64,0.5,0.5004,identity,2,1,3,0.047,65000,16,8000,125.0,2,0.0304916496276854,5.385175048828125,5.35468339920044,5.042654373905734,0.078791474592277,0.1575829491845541
1,1,64,0.5,0.5043,identity,3,1,3,0.047,46500,16,8000,125.0,2,0.030445358276367,5.487234375,5.456789016723633,4.5153449555617895,0.0705522649306529,0.1411045298613059
1,1,64,0.5,0.5004,identity,4,1,3,0.047,37000,16,8000,125.0,1,0.0362078323364256,5.3472763671875,5.311068534851074,0.1111034835837084,0.0017359919309954,0.0017359919309954
1,1,64,0.5,0.5159,relu,0,1,3,0.047,44500,16,8000,125.0,2,0.0236658439636228,5.317298828125,5.293632984161377,5.692826321043373,0.0889504112663027,0.1779008225326054
1,1,64,0.5,0.5029,relu,1,1,3,0.047,32500,16,8000,125.0,2,0.0260434226989749,5.28415966796875,5.258116245269775,5.06237911708293,0.0790996737044207,0.1581993474088415
1,1,64,0.5,0.5004,relu,2,1,3,0.047,47000,16,8000,125.0,2,0.0233886222839352,5.378072021484375,5.35468339920044,4.894015323096657,0.0764689894233852,0.1529379788467705
1,1,64,0.5,0.5043,relu,3,1,3,0.047,36500,16,8000,125.0,2,0.0243804168701169,5.48116943359375,5.456789016723633,2.5830625348047693,0.0403603521063245,0.080720704212649
1,1,64,0.5,0.5004,relu,4,1,3,0.047,49000,16,8000,125.0,2,0.0231709671020503,5.334239501953125,5.311068534851074,2.3473373968315308,0.0366771468254926,0.0733542936509853
1,1,64,0.75,0.7652,identity,0,1,3,0.047,52500,16,8000,125.0,1,0.0291648521423342,5.59651953125,5.567354679107666,0.8201685344940988,0.0128151333514702,0.0128151333514702
1,1,64,0.75,0.7516,identity,1,1,3,0.047,40000,16,8000,125.0,2,0.0322708053588867,5.48632373046875,5.454052925109863,11.434663540631064,0.1786666178223603,0.3573332356447207
1,1,64,0.75,0.7502,identity,2,1,3,0.047,48000,16,8000,125.0,2,0.0294363288879395,5.63562939453125,5.606193065643311,7.434965612096527,0.1161713376890082,0.2323426753780164
1,1,64,0.75,0.7528,identity,3,1,3,0.047,55500,16,8000,125.0,2,0.0280931854248045,5.796939697265625,5.76884651184082,8.037766491753098,0.1255901014336421,0.2511802028672843
1,1,64,0.75,0.75,identity,4,1,3,0.047,37000,16,8000,125.0,1,0.0339040718078615,5.71879052734375,5.684886455535889,1.7309222977643914,0.0270456609025686,0.0270456609025686
1,1,64,0.75,0.7652,relu,0,1,3,0.047,43500,16,8000,125.0,2,0.0222044029235837,5.58955908203125,5.567354679107666,8.032434206760911,0.1255067844806392,0.2510135689612784
1,1,64,0.75,0.7516,relu,1,1,3,0.047,46500,16,8000,125.0,2,0.0215762252807616,5.475629150390625,5.454052925109863,15.632546303081234,0.2442585359856443,0.4885170719712886
1,1,64,0.75,0.7502,relu,2,1,3,0.047,37000,16,8000,125.0,2,0.0228054695129396,5.62899853515625,5.606193065643311,12.043731569216488,0.1881833057690076,0.3763666115380152
1,1,64,0.75,0.7528,relu,3,1,3,0.047,28000,16,8000,125.0,2,0.0238324432373042,5.792678955078125,5.76884651184082,9.660467109655604,0.1509447985883688,0.3018895971767376
1,1,64,0.75,0.75,relu,4,1,3,0.047,55500,16,8000,125.0,2,0.0223669624328612,5.70725341796875,5.684886455535889,9.036118412110133,0.1411893501892208,0.2823787003784416
1,1,64,1.0,1.0,identity,0,1,1,0.016,30000,16,8000,125.0,1,0.019893177032471,6.04783154296875,6.027938365936279,22.47555111843041,0.3511804862254751,0.3511804862254751
1,1,64,1.0,1.0,identity,1,1,1,0.016,26000,16,8000,125.0,1,0.020639171600342,5.55036376953125,5.529724597930908,45.308755335670135,0.7079493021198459,0.7079493021198459
1,1,64,1.0,1.0,identity,2,1,1,0.016,43500,16,8000,125.0,1,0.0175213851928708,5.938161376953125,5.920639991760254,61.419527357675086,0.9596801149636732,0.9596801149636732
1,1,64,1.0,1.0,identity,3,1,1,0.016,21000,16,8000,125.0,1,0.0201234779357912,6.11649560546875,6.096372127532959,31.001254394201517,0.4843945999093986,0.4843945999093986
1,1,64,1.0,1.0,identity,4,1,1,0.016,40500,16,8000,125.0,1,0.0182207717895508,5.9982041015625,5.979983329772949,53.936840044416,0.8427631256939999,0.8427631256939999
1,1,64,1.0,1.0,relu,0,1,1,0.016,35500,16,8000,125.0,1,0.0107564582824704,6.03869482421875,6.027938365936279,43.16894423174738,0.6745147536210528,0.6745147536210528
1,1,64,1.0,1.0,relu,1,1,1,0.016,40500,16,8000,125.0,1,0.010708019256592,5.5404326171875,5.529724597930908,53.69052633254067,0.838914473945948,0.838914473945948
1,1,64,1.0,1.0,relu,2,1,1,0.016,38000,16,8000,125.0,1,0.0106729965209959,5.93131298828125,5.920639991760254,57.177618271085926,0.8934002854857176,0.8934002854857176
1,1,64,1.0,1.0,relu,3,1,1,0.016,32000,16,8000,125.0,1,0.0105170326232908,6.10688916015625,6.096372127532959,42.58915333012616,0.6654555207832212,0.6654555207832212
1,1,64,1.0,1.0,relu,4,1,1,0.016,37500,16,8000,125.0,1,0.0105757522583012,5.99055908203125,5.979983329772949,52.83451935391732,0.8255393649049582,0.8255393649049582
1,1,96,0.0,0.0,identity,0,0,2,0.021,35500,16,8000,83.3,1,0.0379142074584963,5.07513134765625,5.037217140197754,5.147863416718746,0.0536235772574869,0.0536235772574869
1,1,96,0.0,0.0,identity,1,0,2,0.021,40000,16,8000,83.3,1,0.0349591140747067,4.752605712890625,4.717646598815918,4.318370003990053,0.0449830208748963,0.0449830208748963
1,1,96,0.0,0.0,identity,2,0,2,0.021,44500,16,8000,83.3,1,0.0347480735778811,4.93656396484375,4.901815891265869,0.4075693242650804,0.0042455137944279,0.0042455137944279
1,1,96,0.0,0.0,identity,3,0,2,0.021,42000,16,8000,83.3,2,0.0330361061096189,5.12291943359375,5.089883327484131,3.886046348350628,0.0404796494619857,0.0809592989239714
1,1,96,0.0,0.0,identity,4,0,2,0.021,40500,16,8000,83.3,2,0.0356594772338869,4.52364794921875,4.487988471984863,4.174630726765304,0.0434857367371385,0.0869714734742771
1,1,96,0.0,0.0,relu,0,0,2,0.021,35000,16,8000,83.3,2,0.0230431137084963,5.06026025390625,5.037217140197754,2.045266493482303,0.0213048593071073,0.0426097186142146
1,1,96,0.0,0.0,relu,1,0,2,0.021,38500,16,8000,83.3,1,0.0221534500122073,4.739800048828125,4.717646598815918,0.1982221050144585,0.0020648135939006,0.0020648135939006
1,1,96,0.0,0.0,relu,2,0,2,0.021,44000,16,8000,83.3,2,0.0212322044372559,4.923048095703125,4.901815891265869,0.5636093227711582,0.0058709304455328,0.0117418608910657
1,1,96,0.0,0.0,relu,3,0,2,0.021,40500,16,8000,83.3,2,0.0199343109130856,5.109818115234375,5.089883804321289,0.9129976484473868,0.0095103921713269,0.0190207843426538
1,1,96,0.0,0.0,relu,4,0,2,0.021,37500,16,8000,83.3,2,0.022576469421387,4.51056494140625,4.487988471984863,3.921135457654013,0.0408451610172293,0.0816903220344586
1,1,96,0.25,0.2601,identity,0,1,3,0.031,49000,16,8000,83.3,1,0.0382449836730955,5.204855224609375,5.166610240936279,0.5703797352753713,0.0059414555757851,0.0059414555757851
1,1,96,0.25,0.2525,identity,1,1,3,0.031,42500,16,8000,83.3,1,0.0382226104736327,5.005292236328125,4.967069625854492,0.0721373931227715,0.0007514311783622,0.0007514311783622
1,1,96,0.25,0.2503,identity,2,1,3,0.031,67500,16,8000,83.3,1,0.0338661117553709,5.129615966796875,5.095749855041504,0.7304202382792919,0.0076085441487426,0.0076085441487426
1,1,96,0.25,0.2535,identity,3,1,3,0.031,34500,16,8000,83.3,1,0.0392945556640622,5.251895263671875,5.2126007080078125,4.298217722192241,0.0447731012728358,0.0447731012728358
1,1,96,0.25,0.2504,identity,4,1,3,0.031,53000,16,8000,83.3,2,0.0387174072265628,4.918249267578125,4.8795318603515625,1.4597629365045848,0.0152058639219227,0.0304117278438455
1,1,96,0.25,0.2601,relu,0,1,3,0.031,45000,16,8000,83.3,2,0.0256961555480961,5.192306396484375,5.166610240936279,3.049792505127608,0.0317686719284125,0.0635373438568251
1,1,96,0.25,0.2525,relu,1,1,3,0.031,48500,16,8000,83.3,2,0.0246039581298829,4.991673583984375,4.967069625854492,4.091047185019442,0.0426150748439525,0.085230149687905
1,1,96,0.25,0.2503,relu,2,1,3,0.031,33500,16,8000,83.3,2,0.0271209945678707,5.122870849609375,5.095749855041504,2.385972282383265,0.0248538779414923,0.0497077558829846
1,1,96,0.25,0.2535,relu,3,1,3,0.031,44000,16,8000,83.3,2,0.0243001708984378,5.23690087890625,5.2126007080078125,3.463084178764324,0.036073793528795,0.07214758705759
1,1,96,0.25,0.2504,relu,4,1,3,0.031,45500,16,8000,83.3,2,0.0253802490234376,4.904912109375,4.8795318603515625,1.8923200374681808,0.0197116670569602,0.0394233341139204
1,1,96,0.5,0.5159,identity,0,1,3,0.031,38000,16,8000,83.3,1,0.0413401603698728,5.33497314453125,5.293632984161377,3.1327718968938414,0.0326330405926441,0.0326330405926441
1,1,96,0.5,0.5029,identity,1,1,3,0.031,49000,16,8000,83.3,1,0.038656215667725,5.2967724609375,5.258116245269775,2.4938799938516376,0.0259779166026212,0.0259779166026212
1,1,96,0.5,0.5004,identity,2,1,3,0.031,41500,16,8000,83.3,1,0.0404987297058108,5.39518212890625,5.35468339920044,0.5901803518766566,0.0061477119987151,0.0061477119987151
1,1,96,0.5,0.5043,identity,3,1,3,0.031,38500,16,8000,83.3,1,0.0392192840576175,5.49600830078125,5.456789016723633,8.478988810519143,0.0883228001095744,0.0883228001095744
1,1,96,0.5,0.5004,identity,4,1,3,0.031,37000,16,8000,83.3,2,0.0424055862426762,5.35347412109375,5.311068534851074,7.335623167030256,0.0764127413232318,0.1528254826464636
1,1,96,0.5,0.5159,relu,0,1,3,0.031,43500,16,8000,83.3,2,0.0246778068542479,5.318310791015625,5.293632984161377,8.472981576288197,0.088260224753002,0.1765204495060041
1,1,96,0.5,0.5029,relu,1,1,3,0.031,35000,16,8000,83.3,2,0.0263874168395998,5.284503662109375,5.258116245269775,7.409538604088021,0.0771826937925835,0.1543653875851671
1,1,96,0.5,0.5004,relu,2,1,3,0.031,26000,16,8000,83.3,2,0.0300326652526852,5.384716064453125,5.35468339920044,6.602641839838196,0.0687775191649812,0.1375550383299624
1,1,96,0.5,0.5043,relu,3,1,3,0.031,46500,16,8000,83.3,2,0.0235703582763671,5.480359375,5.456789016723633,7.763967909632591,0.0808746657253394,0.1617493314506789
1,1,96,0.5,0.5004,relu,4,1,3,0.031,45500,16,8000,83.3,2,0.0254146194458009,5.336483154296875,5.311068534851074,3.315603966486062,0.0345375413175631,0.0690750826351263
1,1,96,0.75,0.7652,identity,0,1,3,0.031,59000,16,8000,83.3,1,0.0358499107360836,5.60320458984375,5.567354679107666,5.505888038785464,0.0573530004040152,0.0573530004040152
1,1,96,0.75,0.7516,identity,1,1,3,0.031,52000,16,8000,83.3,2,0.0371533737182616,5.491206298828125,5.454052925109863,21.65710129317634,0.2255948051372535,0.451189610274507
1,1,96,0.75,0.7502,identity,2,1,3,0.031,48000,16,8000,83.3,2,0.0369363288879398,5.64312939453125,5.606193065643311,12.941071979450468,0.1348028331192757,0.2696056662385514
1,1,96,0.75,0.7528,identity,3,1,3,0.031,43500,16,8000,83.3,2,0.0372428436279292,5.80608935546875,5.76884651184082,15.862597693097747,0.1652353926364348,0.3304707852728697
1,1,96,0.75,0.75,identity,4,1,3,0.031,56500,16,8000,83.3,2,0.0367448921203612,5.72163134765625,5.684886455535889,15.609628589893743,0.1626002978113931,0.3252005956227863
1,1,96,0.75,0.7652,relu,0,1,3,0.031,43500,16,8000,83.3,2,0.0240037193298343,5.5913583984375,5.567354679107666,18.64612562105628,0.1942304752193362,0.3884609504386724
1,1,96,0.75,0.7516,relu,1,1,3,0.031,46000,16,8000,83.3,2,0.0233997116088868,5.47745263671875,5.454052925109863,23.647987156311565,0.2463331995449121,0.4926663990898243
1,1,96,0.75,0.7502,relu,2,1,3,0.031,41500,16,8000,83.3,2,0.0239390144348146,5.630132080078125,5.606193065643311,16.13847809718995,0.1681091468457286,0.3362182936914573
1,1,96,0.75,0.7528,relu,3,1,3,0.031,35000,16,8000,83.3,2,0.0239664764404299,5.79281298828125,5.76884651184082,17.821167719525867,0.1856371637450611,0.3712743274901222
1,1,96,0.75,0.75,relu,4,1,3,0.031,47500,16,8000,83.3,2,0.0236565132141111,5.70854296875,5.684886455535889,16.458607721505143,0.1714438304323452,0.3428876608646904
1,1,96,1.0,1.0,identity,0,1,1,0.01,30000,16,8000,83.3,1,0.0257564582824709,6.05369482421875,6.027938365936279,33.190020466312696,0.3457293798574239,0.3457293798574239
1,1,96,1.0,1.0,identity,1,1,1,0.01,36000,16,8000,83.3,1,0.025352062225342,5.55507666015625,5.529724597930908,79.37704559204587,0.8268442249171445,0.8268442249171445
1,1,96,1.0,1.0,identity,2,1,1,0.01,26500,16,8000,83.3,1,0.0269322738647463,5.947572265625,5.920639991760254,90.4461485027838,0.9421473802373312,0.9421473802373312
1,1,96,1.0,1.0,identity,3,1,1,0.01,24000,16,8000,83.3,1,0.0256771888732911,6.12204931640625,6.096372127532959,34.86641288470128,0.3631918008823049,0.3631918008823049
1,1,96,1.0,1.0,identity,4,1,1,0.01,22000,16,8000,83.3,1,0.027346748352051,6.007330078125,5.979983329772949,79.29996652979277,0.8260413180186746,0.8260413180186746
1,1,96,1.0,1.0,relu,0,1,1,0.01,38000,16,8000,83.3,1,0.0110176887512203,6.0389560546875,6.027938365936279,71.79058351451758,0.7478185782762248,0.7478185782762248
1,1,96,1.0,1.0,relu,1,1,1,0.01,31500,16,8000,83.3,1,0.0127944450378416,5.54251904296875,5.529724597930908,77.65226437403182,0.8088777538961648,0.8088777538961648
1,1,96,1.0,1.0,relu,2,1,1,0.01,38500,16,8000,83.3,1,0.0113890609741211,5.932029052734375,5.920639991760254,80.52575490483069,0.8388099469253197,0.8388099469253197
1,1,96,1.0,1.0,relu,3,1,1,0.01,30500,16,8000,83.3,1,0.0120646400451658,6.108436767578125,6.096372127532959,62.89539646199322,0.6551603798124294,0.6551603798124294
1,1,96,1.0,1.0,relu,4,1,1,0.01,32000,16,8000,83.3,1,0.0117813186645507,5.9917646484375,5.979983329772949,88.32867246313008,0.920090338157605,0.920090338157605
1,2,16,0.0,0.0,identity,0,0,3,0.188,68500,16,8000,500.0,1,0.023879306793213,4.86691357421875,4.843034267425537,0.1018873274792529,0.0063679579674533,0.0063679579674533
1,2,16,0.0,0.0,identity,1,0,3,0.188,54500,16,8000,500.0,1,0.0271215248107914,4.44881103515625,4.421689510345459,0.115904671621382,0.0072440419763363,0.0072440419763363
1,2,16,0.0,0.0,identity,2,0,3,0.188,49500,16,8000,500.0,1,0.0266048355102537,4.60065478515625,4.574049949645996,0.8110310752391503,0.0506894422024468,0.0506894422024468
1,2,16,0.0,0.0,identity,3,0,3,0.188,65000,16,8000,500.0,1,0.0213970947265629,4.97951171875,4.9581146240234375,0.5614745443589624,0.0350921590224351,0.0350921590224351
1,2,16,0.0,0.0,identity,4,0,3,0.188,45500,16,8000,500.0,1,0.0278030433654787,4.360549072265625,4.3327460289001465,1.3257872288357675,0.0828617018022354,0.0828617018022354
1,2,16,0.0,0.0,relu,0,0,3,0.188,54500,16,8000,500.0,1,0.023199131011963,4.8662333984375,4.843034267425537,0.0712938071204858,0.0044558629450303,0.0044558629450303
1,2,16,0.0,0.0,relu,1,0,3,0.188,44500,16,8000,500.0,1,0.0262003822326661,4.447889892578125,4.421689510345459,0.3071843430899906,0.0191990214431244,0.0191990214431244
1,2,16,0.0,0.0,relu,2,0,3,0.188,64000,16,8000,500.0,2,0.0214983901977543,4.59554833984375,4.574049949645996,0.477294260038295,0.0298308912523934,0.0596617825047868
1,2,16,0.0,0.0,relu,3,0,3,0.188,66500,16,8000,500.0,2,0.0194346923828128,4.97754931640625,4.9581146240234375,0.3374681840375435,0.0210917615023464,0.0421835230046929
1,2,16,0.0,0.0,relu,4,0,3,0.188,52000,16,8000,500.0,2,0.0232476234436038,4.35599365234375,4.3327460289001465,0.0796374324107006,0.0049773395256687,0.0099546790513375
1,2,16,0.25,0.2592,identity,0,1,4,0.25,49000,16,8000,500.0,1,0.0304900436401363,5.076370361328125,5.045880317687988,0.0479973025798295,0.0029998314112393,0.0029998314112393
1,2,16,0.25,0.2524,identity,1,1,4,0.25,64500,16,8000,500.0,1,0.0278235855102542,4.487829345703125,4.460005760192871,0.2105044506237463,0.0131565281639841,0.0131565281639841
1,2,16,0.25,0.2501,identity,2,1,4,0.25,56500,16,8000,500.0,1,0.0288513603210445,4.83971533203125,4.810863971710205,0.2811689668100418,0.0175730604256276,0.0175730604256276
1,2,16,0.25,0.2534,identity,3,1,4,0.25,53500,16,8000,500.0,2,0.0264683952331541,5.23800146484375,5.211533069610596,0.3538049117908548,0.0221128069869284,0.0442256139738568
1,2,16,0.25,0.2508,identity,4,1,4,0.25,49000,16,8000,500.0,1,0.0304821281433103,4.592227294921875,4.5617451667785645,0.2667607188186469,0.0166725449261654,0.0166725449261654
1,2,16,0.25,0.2592,relu,0,1,4,0.25,46000,16,8000,500.0,2,0.0279959030151371,5.073876220703125,5.045880317687988,0.7075810588636045,0.0442238161789752,0.0884476323579505
1,2,16,0.25,0.2524,relu,1,1,4,0.25,66000,16,8000,500.0,1,0.0235142593383788,4.48352001953125,4.460005760192871,0.1869113125539567,0.0116819570346222,0.0116819570346222
1,2,16,0.25,0.2501,relu,2,1,4,0.25,56500,16,8000,500.0,2,0.0257991142272953,4.8366630859375,4.810863971710205,0.9349300857774392,0.0584331303610899,0.1168662607221798
1,2,16,0.25,0.2534,relu,3,1,4,0.25,64500,16,8000,500.0,2,0.0225589714050293,5.234092041015625,5.211533069610596,0.4198761541770398,0.0262422596360649,0.0524845192721299
1,2,16,0.25,0.2508,relu,4,1,4,0.25,68500,16,8000,500.0,2,0.0239643058776852,4.58570947265625,4.5617451667785645,0.4782993161059328,0.0298937072566208,0.0597874145132416
1,2,16,0.5,0.5133,identity,0,1,4,0.25,64500,16,8000,500.0,1,0.0266647567749025,5.36529638671875,5.338631629943848,0.1025525704046448,0.0064095356502903,0.0064095356502903
1,2,16,0.5,0.5027,identity,1,1,4,0.25,46000,16,8000,500.0,1,0.0300540161132811,4.7174853515625,4.687431335449219,0.2146574789982683,0.0134160924373917,0.0134160924373917
1,2,16,0.5,0.5002,identity,2,1,4,0.25,43000,16,8000,500.0,2,0.0309217605590816,5.1794765625,5.148554801940918,0.4055524538501872,0.0253470283656367,0.0506940567312734
1,2,16,0.5,0.5045,identity,3,1,4,0.25,57500,16,8000,500.0,2,0.0253052330017089,5.5043115234375,5.479006290435791,0.4961523476153212,0.0310095217259575,0.0620190434519151
1,2,16,0.5,0.5013,identity,4,1,4,0.25,56000,16,8000,500.0,1,0.0275596809387206,4.921220703125,4.893661022186279,0.0576349001961096,0.0036021812622568,0.0036021812622568
1,2,16,0.5,0.5133,relu,0,1,4,0.25,71500,16,8000,500.0,2,0.0223752059936526,5.3610068359375,5.338631629943848,1.097101153816204,0.0685688221135127,0.1371376442270254
1,2,16,0.5,0.5027,relu,1,1,4,0.25,64000,16,8000,500.0,2,0.0227783813476563,4.710209716796875,4.687431335449219,2.1037558213969203,0.1314847388373075,0.262969477674615
1,2,16,0.5,0.5002,relu,2,1,4,0.25,53000,16,8000,500.0,2,0.0256683425903316,5.17422314453125,5.148554801940918,1.2096821404421654,0.0756051337776353,0.1512102675552706
1,2,16,0.5,0.5045,relu,3,1,4,0.25,71000,16,8000,500.0,2,0.0207495689392089,5.499755859375,5.479006290435791,0.5749959640045479,0.0359372477502842,0.0718744955005684
1,2,16,0.5,0.5013,relu,4,1,4,0.25,61500,16,8000,500.0,2,0.0237183723449705,4.91737939453125,4.893661022186279,1.497754690511916,0.0936096681569947,0.1872193363139895
1,2,16,0.75,0.7613,identity,0,1,4,0.25,64500,16,8000,500.0,1,0.0239932556152346,5.7569072265625,5.732913970947266,0.2582452062033767,0.016140325387711,0.016140325387711
1,2,16,0.75,0.7513,identity,1,1,4,0.25,68500,16,8000,500.0,2,0.0226713905334472,5.044603515625,5.021932125091553,1.4176095865789595,0.0886005991611849,0.1772011983223699
1,2,16,0.75,0.7502,identity,2,1,4,0.25,44000,16,8000,500.0,2,0.0275859184265137,5.5899833984375,5.562397480010986,1.1717354534405129,0.073233465840032,0.146466931680064
1,2,16,0.75,0.7532,identity,3,1,4,0.25,56000,16,8000,500.0,2,0.0233874816894532,5.860709716796875,5.837322235107422,0.7585048146660985,0.0474065509166311,0.0948131018332623
1,2,16,0.75,0.7512,identity,4,1,4,0.25,56000,16,8000,500.0,2,0.024664108276367,5.386818115234375,5.362154006958008,1.7435579047403609,0.1089723690462725,0.2179447380925451
1,2,16,0.75,0.7613,relu,0,1,4,0.25,49000,16,8000,500.0,2,0.0237481384277344,5.756662109375,5.732913970947266,1.7950815687998336,0.1121925980499896,0.2243851960999792
1,2,16,0.75,0.7513,relu,1,1,4,0.25,61500,16,8000,500.0,2,0.0208696327209469,5.0428017578125,5.021932125091553,2.4150374630529754,0.1509398414408109,0.3018796828816219
1,2,16,0.75,0.7502,relu,2,1,4,0.25,57500,16,8000,500.0,2,0.021567119598389,5.583964599609375,5.562397480010986,2.279862458688477,0.1424914036680298,0.2849828073360596
1,2,16,0.75,0.7532,relu,3,1,4,0.25,57500,16,8000,500.0,2,0.0205493469238282,5.85787158203125,5.837322235107422,1.2189227814506929,0.0761826738406683,0.1523653476813366
1,2,16,0.75,0.7512,relu,4,1,4,0.25,59500,16,8000,500.0,2,0.0213242645263669,5.383478271484375,5.362154006958008,2.211887711113941,0.1382429819446212,0.2764859638892425
1,2,16,1.0,1.0,identity,0,1,1,0.062,42500,16,8000,500.0,1,0.0106704177856444,6.24716162109375,6.2364912033081055,8.895439052748749,0.5559649407967968,0.5559649407967968
1,2,16,1.0,1.0,identity,1,1,1,0.062,28500,16,8000,500.0,1,0.0133479957580568,5.612432373046875,5.599084377288818,10.858163438468686,0.6786352149042929,0.6786352149042929
1,2,16,1.0,1.0,identity,2,1,1,0.062,43500,16,8000,500.0,1,0.0106494331359865,5.95795654296875,5.947307109832764,15.486845109121989,0.9679278193201242,0.9679278193201242
1,2,16,1.0,1.0,identity,3,1,1,0.062,47000,16,8000,500.0,1,0.0098793106079098,6.330198486328125,6.320319175720215,3.130287960381604,0.1956429975238502,0.1956429975238502
1,2,16,1.0,1.0,identity,4,1,1,0.062,35000,16,8000,500.0,1,0.0109431076049801,5.82227294921875,5.8113298416137695,14.3373961400487,0.8960872587530437,0.8960872587530437
1,2,16,1.0,1.0,relu,0,1,1,0.062,41000,16,8000,500.0,1,0.0087453689575198,6.245236572265625,6.2364912033081055,12.386431546281846,0.7741519716426154,0.7741519716426154
1,2,16,1.0,1.0,relu,1,1,1,0.062,49500,16,8000,500.0,1,0.0087771949768065,5.607861572265625,5.599084377288818,10.931547214417018,0.6832217009010636,0.6832217009010636
1,2,16,1.0,1.0,relu,2,1,1,0.062,29500,16,8000,500.0,1,0.0105034370422361,5.957810546875,5.947307109832764,15.016967252876665,0.9385604533047914,0.9385604533047914
1,2,16,1.0,1.0,relu,3,1,1,0.062,45000,16,8000,500.0,1,0.0077516250610347,6.32807080078125,6.320319175720215,9.41035829531034,0.5881473934568963,0.5881473934568963
1,2,16,1.0,1.0,relu,4,1,1,0.062,40000,16,8000,500.0,1,0.0085600509643555,5.819889892578125,5.8113298416137695,14.66503935720132,0.9165649598250826,0.9165649598250826
1,2,32,0.0,0.0,identity,0,0,3,0.094,40500,16,8000,250.0,1,0.0323653907775876,4.875399658203125,4.843034267425537,0.2633281095675177,0.0082290034239849,0.0082290034239849
1,2,32,0.0,0.0,identity,1,0,3,0.094,35500,16,8000,250.0,1,0.0355565834045412,4.45724609375,4.421689510345459,0.8981394895653928,0.0280668590489185,0.0280668590489185
1,2,32,0.0,0.0,identity,2,0,3,0.094,44000,16,8000,250.0,1,0.031624366760254,4.60567431640625,4.574049949645996,0.9266391729107718,0.0289574741534616,0.0289574741534616
1,2,32,0.0,0.0,identity,3,0,3,0.094,65000,16,8000,250.0,2,0.0233594970703121,4.98147412109375,4.9581146240234375,0.9336600335621212,0.0291768760488162,0.0583537520976325
1,2,32,0.0,0.0,identity,4,0,3,0.094,45500,16,8000,250.0,1,0.0310408363342284,4.363786865234375,4.3327460289001465,1.624296408837927,0.0507592627761852,0.0507592627761852
1,2,32,0.0,0.0,relu,0,0,3,0.094,54500,16,8000,250.0,2,0.0250165138244629,4.86805078125,4.843034267425537,0.2653387621766971,0.0082918363180217,0.0165836726360435
1,2,32,0.0,0.0,relu,1,0,3,0.094,46000,16,8000,250.0,1,0.0267731361389156,4.448462646484375,4.421689510345459,0.1423512401132501,0.004448476253539,0.004448476253539
1,2,32,0.0,0.0,relu,2,0,3,0.094,64000,16,8000,250.0,2,0.0222974624633787,4.596347412109375,4.574049949645996,1.1091988522291394,0.0346624641321606,0.0693249282643212
1,2,32,0.0,0.0,relu,3,0,3,0.094,50500,16,8000,250.0,2,0.0228834228515628,4.980998046875,4.9581146240234375,0.2096266696826108,0.0065508334275815,0.0131016668551631
1,2,32,0.0,0.0,relu,4,0,3,0.094,49000,16,8000,250.0,2,0.0250000648498538,4.35774609375,4.3327460289001465,0.2071429144184983,0.006473216075578,0.0129464321511561
1,2,32,0.25,0.2592,identity,0,1,4,0.125,49000,16,8000,250.0,1,0.0334297409057615,5.07931005859375,5.045880317687988,0.126249351684876,0.0039452922401523,0.0039452922401523
1,2,32,0.25,0.2524,identity,1,1,4,0.125,65000,16,8000,250.0,1,0.0303821792602541,4.490387939453125,4.460005760192871,0.4314262880779113,0.0134820715024347,0.0134820715024347
1,2,32,0.25,0.2501,identity,2,1,4,0.125,56500,16,8000,250.0,1,0.0320554618835453,4.84291943359375,4.810863971710205,0.5183131091153932,0.016197284659856,0.016197284659856
1,2,32,0.25,0.2534,identity,3,1,4,0.125,47000,16,8000,250.0,1,0.0321463737487794,5.243679443359375,5.211533069610596,2.148159443972119,0.0671299826241287,0.0671299826241287
1,2,32,0.25,0.2508,identity,4,1,4,0.125,46000,16,8000,250.0,1,0.0343141593933102,4.596059326171875,4.5617451667785645,0.4154066305098309,0.0129814572034322,0.0129814572034322
1,2,32,0.25,0.2592,relu,0,1,4,0.125,39500,16,8000,250.0,2,0.0318030319213864,5.077683349609375,5.045880317687988,1.098934929357713,0.0343417165424285,0.068683433084857
1,2,32,0.25,0.2524,relu,1,1,4,0.125,44500,16,8000,250.0,1,0.0292415542602535,4.489247314453125,4.460005760192871,0.4136694503654513,0.0129271703239203,0.0129271703239203
1,2,32,0.25,0.2501,relu,2,1,4,0.125,53000,16,8000,250.0,2,0.0277905693054201,4.838654541015625,4.810863971710205,1.1018255824638403,0.034432049451995,0.06886409890399
1,2,32,0.25,0.2534,relu,3,1,4,0.125,48500,16,8000,250.0,2,0.0258114128112794,5.237344482421875,5.211533069610596,0.3727129139238973,0.0116472785601217,0.0232945571202435
1,2,32,0.25,0.2508,relu,4,1,4,0.125,53000,16,8000,250.0,2,0.0282616691589359,4.5900068359375,4.5617451667785645,1.3999497935492144,0.0437484310484129,0.0874968620968259
1,2,32,0.5,0.5133,identity,0,1,4,0.125,67000,16,8000,250.0,1,0.0294494247436523,5.3680810546875,5.338631629943848,0.0372664759066985,0.0011645773720843,0.0011645773720843
1,2,32,0.5,0.5027,identity,1,1,4,0.125,46000,16,8000,250.0,1,0.0323504028320309,4.71978173828125,4.687431335449219,0.0903602043177415,0.0028237563849294,0.0028237563849294
1,2,32,0.5,0.5002,identity,2,1,4,0.125,43000,16,8000,250.0,1,0.0356285476684572,5.184183349609375,5.148554801940918,0.4705337346205072,0.0147041792068908,0.0147041792068908
1,2,32,0.5,0.5045,identity,3,1,4,0.125,66500,16,8000,250.0,1,0.0267061119079592,5.50571240234375,5.479006290435791,2.14492438640401,0.0670288870751253,0.0670288870751253
1,2,32,0.5,0.5013,identity,4,1,4,0.125,54000,16,8000,250.0,1,0.0308174934387208,4.924478515625,4.893661022186279,0.1942754296960816,0.0060711071780025,0.0060711071780025
1,2,32,0.5,0.5133,relu,0,1,4,0.125,53000,16,8000,250.0,2,0.0269706649780276,5.365602294921875,5.338631629943848,1.288827445126394,0.0402758576601998,0.0805517153203996
1,2,32,0.5,0.5027,relu,1,1,4,0.125,56500,16,8000,250.0,2,0.0256636352539061,4.713094970703125,4.687431335449219,2.767976094453257,0.0864992529516642,0.1729985059033285
1,2,32,0.5,0.5002,relu,2,1,4,0.125,50500,16,8000,250.0,2,0.0275782546997067,5.176133056640625,5.148554801940918,1.8270421250236812,0.05709506640699,0.11419013281398
1,2,32,0.5,0.5045,relu,3,1,4,0.125,42000,16,8000,250.0,2,0.0268525962829588,5.50585888671875,5.479006290435791,0.5818423452068885,0.0181825732877152,0.0363651465754305
1,2,32,0.5,0.5013,relu,4,1,4,0.125,46500,16,8000,250.0,2,0.0276238899230953,4.921284912109375,4.893661022186279,2.141391029116236,0.0669184696598823,0.1338369393197647
1,2,32,0.75,0.7613,identity,0,1,4,0.125,54500,16,8000,250.0,1,0.0283360290527348,5.76125,5.732913970947266,0.09519263650437,0.0029747698907615,0.0029747698907615
1,2,32,0.75,0.7513,identity,1,1,4,0.125,53500,16,8000,250.0,2,0.0276223182678219,5.049554443359375,5.021932125091553,3.273781819980299,0.1023056818743843,0.2046113637487686
1,2,32,0.75,0.7502,identity,2,1,4,0.125,44000,16,8000,250.0,2,0.0304899711608888,5.592887451171875,5.562397480010986,1.984013995301966,0.0620004373531864,0.1240008747063728
1,2,32,0.75,0.7532,identity,3,1,4,0.125,54000,16,8000,250.0,2,0.0263916320800783,5.8637138671875,5.837322235107422,2.412202907994672,0.0753813408748334,0.1507626817496669
1,2,32,0.75,0.7512,identity,4,1,4,0.125,57000,16,8000,250.0,2,0.0270232391357421,5.38917724609375,5.362154006958008,3.241932122682322,0.1013103788338225,0.2026207576676451
1,2,32,0.75,0.7613,relu,0,1,4,0.125,43500,16,8000,250.0,2,0.0263755798339841,5.75928955078125,5.732913970947266,2.867467145711297,0.089608348303478,0.179216696606956
1,2,32,0.75,0.7513,relu,1,1,4,0.125,37500,16,8000,250.0,2,0.0268435096740722,5.048775634765625,5.021932125091553,3.853914975544659,0.1204348429857705,0.2408696859715411
1,2,32,0.75,0.7502,relu,2,1,4,0.125,46500,16,8000,250.0,2,0.0253222465515134,5.5877197265625,5.562397480010986,3.431822960909054,0.1072444675284079,0.2144889350568158
1,2,32,0.75,0.7532,relu,3,1,4,0.125,49000,16,8000,250.0,2,0.0232610168457032,5.860583251953125,5.837322235107422,2.1936842887472427,0.0685526340233513,0.1371052680467026
1,2,32,0.75,0.7512,relu,4,1,4,0.125,47000,16,8000,250.0,2,0.0244385223388672,5.386592529296875,5.362154006958008,4.220763024210341,0.1318988445065731,0.2637976890131463
1,2,32,1.0,1.0,identity,0,1,1,0.031,24500,16,8000,250.0,1,0.0158007888793942,6.2522919921875,6.2364912033081055,13.136932001397025,0.4105291250436569,0.4105291250436569
1,2,32,1.0,1.0,identity,1,1,1,0.031,34000,16,8000,250.0,1,0.0146294898986818,5.6137138671875,5.599084377288818,24.47835638028405,0.7649486368838766,0.7649486368838766
1,2,32,1.0,1.0,identity,2,1,1,0.031,31500,16,8000,250.0,1,0.0138830757141112,5.961190185546875,5.947307109832764,30.398847555424894,0.949963986107028,0.949963986107028
1,2,32,1.0,1.0,identity,3,1,1,0.031,27000,16,8000,250.0,1,0.0144503555297852,6.33476953125,6.320319175720215,9.94304297410424,0.3107200929407575,0.3107200929407575
1,2,32,1.0,1.0,identity,4,1,1,0.031,25000,16,8000,250.0,1,0.0146376876831055,5.825967529296875,5.8113298416137695,29.477095928446303,0.921159247763947,0.921159247763947
1,2,32,1.0,1.0,relu,0,1,1,0.031,25500,16,8000,250.0,1,0.0112124099731447,6.24770361328125,6.2364912033081055,22.982934789608432,0.7182167121752635,0.7182167121752635
1,2,32,1.0,1.0,relu,1,1,1,0.031,38000,16,8000,250.0,1,0.0098360328674313,5.60892041015625,5.599084377288818,22.115720357739757,0.6911162611793673,0.6911162611793673
1,2,32,1.0,1.0,relu,2,1,1,0.031,25500,16,8000,250.0,1,0.0120251655578611,5.959332275390625,5.947307109832764,27.76361958017324,0.8676131118804138,0.8676131118804138
1,2,32,1.0,1.0,relu,3,1,1,0.031,47500,16,8000,250.0,1,0.0085841445922847,6.3289033203125,6.320319175720215,18.74758743977537,0.5858621074929803,0.5858621074929803
1,2,32,1.0,1.0,relu,4,1,1,0.031,48500,16,8000,250.0,1,0.0081943283081056,5.819524169921875,5.8113298416137695,28.611348667342785,0.894104645854462,0.894104645854462
1,2,64,0.0,0.0,identity,0,0,3,0.047,40500,16,8000,125.0,1,0.038802402496338,4.881836669921875,4.843034267425537,0.5694020590116531,0.008896907172057,0.008896907172057
1,2,64,0.0,0.0,identity,1,0,3,0.047,28000,16,8000,125.0,1,0.0455360755920413,4.4672255859375,4.421689510345459,0.2932148745029043,0.0045814824141078,0.0045814824141078
1,2,64,0.0,0.0,identity,2,0,3,0.047,51500,16,8000,125.0,1,0.0341258316040038,4.60817578125,4.574049949645996,1.561435669388123,0.0243974323341894,0.0243974323341894
1,2,64,0.0,0.0,identity,3,0,3,0.047,60000,16,8000,125.0,1,0.0301353759765623,4.98825,4.9581146240234375,0.2400314971877027,0.0037504921435578,0.0037504921435578
1,2,64,0.0,0.0,identity,4,0,3,0.047,39000,16,8000,125.0,1,0.0377488441467281,4.370494873046875,4.3327460289001465,0.6811339744841998,0.0106427183513156,0.0106427183513156
1,2,64,0.0,0.0,relu,0,0,3,0.047,38000,16,8000,125.0,2,0.0322838478088378,4.875318115234375,4.843034267425537,0.5992955135022745,0.009363992398473,0.018727984796946
1,2,64,0.0,0.0,relu,1,0,3,0.047,46000,16,8000,125.0,1,0.0298786048889159,4.451568115234375,4.421689510345459,0.4823919470352897,0.0075373741724264,0.0075373741724264
1,2,64,0.0,0.0,relu,2,0,3,0.047,40500,16,8000,125.0,2,0.0295486831665039,4.6035986328125,4.574049949645996,2.0475544047789422,0.0319930375746709,0.0639860751493419
1,2,64,0.0,0.0,relu,3,0,3,0.047,40000,16,8000,125.0,2,0.0275501708984373,4.985664794921875,4.9581146240234375,0.4828271469283361,0.0075441741707552,0.0150883483415105
1,2,64,0.0,0.0,relu,4,0,3,0.047,32500,16,8000,125.0,2,0.0332117347717284,4.365957763671875,4.3327460289001465,0.5863041279407946,0.0091610019990749,0.0183220039981498
1,2,64,0.25,0.2592,identity,0,1,4,0.062,46500,16,8000,125.0,1,0.0415596237182613,5.08743994140625,5.045880317687988,0.2756376760041474,0.0043068386875648,0.0043068386875648
1,2,64,0.25,0.2524,identity,1,1,4,0.062,60000,16,8000,125.0,1,0.0365062026977538,4.496511962890625,4.460005760192871,0.8391811765178545,0.0131122058830914,0.0131122058830914
1,2,64,0.25,0.2501,identity,2,1,4,0.062,29000,16,8000,125.0,1,0.0469294853210451,4.85779345703125,4.810863971710205,1.515032783114798,0.0236723872361687,0.0236723872361687
1,2,64,0.25,0.2534,identity,3,1,4,0.062,47500,16,8000,125.0,2,0.0378121452331541,5.24934521484375,5.211533069610596,0.8773021078700343,0.0137078454354692,0.0274156908709385
1,2,64,0.25,0.2508,identity,4,1,4,0.062,46000,16,8000,125.0,1,0.0409135246276859,4.60265869140625,4.5617451667785645,0.577240048196974,0.0090193757530777,0.0090193757530777
1,2,64,0.25,0.2592,relu,0,1,4,0.062,39500,16,8000,125.0,2,0.0357231979370116,5.081603515625,5.045880317687988,1.3726737391999249,0.0214480271749988,0.0428960543499976
1,2,64,0.25,0.2524,relu,1,1,4,0.062,66000,16,8000,125.0,2,0.0286319351196286,4.4886376953125,4.460005760192871,3.052632430706159,0.0476973817297837,0.0953947634595674
1,2,64,0.25,0.2501,relu,2,1,4,0.062,50500,16,8000,125.0,2,0.03104691696167,4.841910888671875,4.810863971710205,0.9718366819657188,0.0151849481557143,0.0303698963114287
1,2,64,0.25,0.2534,relu,3,1,4,0.062,33500,16,8000,125.0,2,0.0332064323425296,5.244739501953125,5.211533069610596,1.0008918730488188,0.0156389355163877,0.0312778710327755
1,2,64,0.25,0.2508,relu,4,1,4,0.062,49000,16,8000,125.0,2,0.0320546379089359,4.5937998046875,4.5617451667785645,1.1120557192067757,0.0173758706126058,0.0347517412252117
1,2,64,0.5,0.5133,identity,0,1,4,0.062,52500,16,8000,125.0,1,0.0383437118530274,5.376975341796875,5.338631629943848,0.4107379375630796,0.0064177802744231,0.0064177802744231
1,2,64,0.5,0.5027,identity,1,1,4,0.062,50000,16,8000,125.0,1,0.0383342895507814,4.725765625,4.687431335449219,1.4514146791123466,0.0226783543611304,0.0226783543611304
1,2,64,0.5,0.5002,identity,2,1,4,0.062,43000,16,8000,125.0,1,0.0391837234497067,5.187738525390625,5.148554801940918,0.2239790625676085,0.0034996728526188,0.0034996728526188
1,2,64,0.5,0.5045,identity,3,1,4,0.062,57500,16,8000,125.0,2,0.0343018150329585,5.51330810546875,5.479006290435791,1.172215962092246,0.0183158744076913,0.0366317488153826
1,2,64,0.5,0.5013,identity,4,1,4,0.062,42500,16,8000,125.0,1,0.0398494758605956,4.933510498046875,4.893661022186279,0.5728867368659372,0.0089513552635302,0.0089513552635302
1,2,64,0.5,0.5133,relu,0,1,4,0.062,36000,16,8000,125.0,2,0.0346151962280272,5.373246826171875,5.338631629943848,3.522550900749872,0.0550398578242167,0.1100797156484335
1,2,64,0.5,0.5027,relu,1,1,4,0.062,44500,16,8000,125.0,2,0.0307974243164066,4.718228759765625,4.687431335449219,3.879540822891463,0.0606178253576791,0.1212356507153582
1,2,64,0.5,0.5002,relu,2,1,4,0.062,41000,16,8000,125.0,2,0.0332899246215818,5.1818447265625,5.148554801940918,1.4832369369582656,0.0231755771399729,0.0463511542799458
1,2,64,0.5,0.5045,relu,3,1,4,0.062,53000,16,8000,125.0,2,0.027381160736084,5.506387451171875,5.479006290435791,1.205567250571612,0.0188369882901814,0.0376739765803628
1,2,64,0.5,0.5013,relu,4,1,4,0.062,54500,16,8000,125.0,2,0.0292300910949707,4.92289111328125,4.893661022186279,3.175229765410561,0.04961296508454,0.09922593016908
1,2,64,0.75,0.7613,identity,0,1,4,0.062,55500,16,8000,125.0,1,0.0349087829589844,5.76782275390625,5.732913970947266,0.7275788821647898,0.0113684200338248,0.0113684200338248
1,2,64,0.75,0.7513,identity,1,1,4,0.062,52500,16,8000,125.0,2,0.0337646522521968,5.05569677734375,5.021932125091553,5.822717176560348,0.0909799558837554,0.1819599117675108
1,2,64,0.75,0.7502,identity,2,1,4,0.062,39000,16,8000,125.0,2,0.0378156547546391,5.600213134765625,5.562397480010986,4.478128815894299,0.0699707627483484,0.1399415254966968
1,2,64,0.75,0.7532,identity,3,1,4,0.062,56000,16,8000,125.0,2,0.0322793273925778,5.8696015625,5.837322235107422,2.1551973425728086,0.0336749584777001,0.0673499169554002
1,2,64,0.75,0.7512,identity,4,1,4,0.062,46000,16,8000,125.0,2,0.0342756805419925,5.3964296875,5.362154006958008,6.079501907789227,0.0949922173092066,0.1899844346184133
1,2,64,0.75,0.7613,relu,0,1,4,0.062,46500,16,8000,125.0,2,0.0284351501464845,5.76134912109375,5.732913970947266,4.916533377454313,0.0768208340227236,0.1536416680454473
1,2,64,0.75,0.7513,relu,1,1,4,0.062,46000,16,8000,125.0,2,0.0273410682678223,5.049273193359375,5.021932125091553,8.119379858387122,0.1268653102872987,0.2537306205745975
1,2,64,0.75,0.7502,relu,2,1,4,0.062,46500,16,8000,125.0,2,0.0282761039733889,5.590673583984375,5.562397480010986,7.261862446096569,0.1134666007202589,0.2269332014405178
1,2,64,0.75,0.7532,relu,3,1,4,0.062,39000,16,8000,125.0,2,0.027959503173828,5.86528173828125,5.837322235107422,4.275226254042198,0.0668004102194093,0.1336008204388186
1,2,64,0.75,0.7512,relu,4,1,4,0.062,46500,16,8000,125.0,2,0.0277712860107417,5.38992529296875,5.362154006958008,8.571187881573131,0.1339248106495801,0.2678496212991603
1,2,64,1.0,1.0,identity,0,1,1,0.016,24500,16,8000,125.0,1,0.0209902420043945,6.2574814453125,6.2364912033081055,22.24796773158505,0.3476244958060163,0.3476244958060163
1,2,64,1.0,1.0,identity,1,1,1,0.016,28500,16,8000,125.0,1,0.0202046852111816,5.6192890625,5.599084377288818,33.3498383500283,0.5210912242191922,0.5210912242191922
1,2,64,1.0,1.0,identity,2,1,1,0.016,25500,16,8000,125.0,1,0.0207749214172361,5.96808203125,5.947307109832764,61.24076837545409,0.95688700586647,0.95688700586647
1,2,64,1.0,1.0,identity,3,1,1,0.016,43500,16,8000,125.0,1,0.0176266250610348,6.33794580078125,6.320319175720215,28.367866399151342,0.4432479124867397,0.4432479124867397
1,2,64,1.0,1.0,identity,4,1,1,0.016,37000,16,8000,125.0,1,0.0183874435424806,5.82971728515625,5.8113298416137695,58.48807234491471,0.9138761303892924,0.9138761303892924
1,2,64,1.0,1.0,relu,0,1,1,0.016,30000,16,8000,125.0,1,0.0119223709106446,6.24841357421875,6.2364912033081055,46.39539794315343,0.7249280928617723,0.7249280928617723
1,2,64,1.0,1.0,relu,1,1,1,0.016,35000,16,8000,125.0,1,0.0115027809143066,5.610587158203125,5.599084377288818,49.17337729647708,0.7683340202574543,0.7683340202574543
1,2,64,1.0,1.0,relu,2,1,1,0.016,25500,16,8000,125.0,1,0.0126843452453613,5.959991455078125,5.947307109832764,52.70358777125258,0.8234935589258215,0.8234935589258215
1,2,64,1.0,1.0,relu,3,1,1,0.016,38500,16,8000,125.0,1,0.0101713027954097,6.330490478515625,6.320319175720215,36.71541692747436,0.5736783894917868,0.5736783894917868
1,2,64,1.0,1.0,relu,4,1,1,0.016,28000,16,8000,125.0,1,0.0116960372924808,5.82302587890625,5.8113298416137695,55.56104830365274,0.8681413797445741,0.8681413797445741
1,2,96,0.0,0.0,identity,0,0,3,0.031,32500,16,8000,83.3,1,0.0506180763244632,4.89365234375,4.843034267425537,0.6598246945770156,0.0068731739018439,0.0068731739018439
1,2,96,0.0,0.0,identity,1,0,3,0.031,43000,16,8000,83.3,1,0.0444437904357908,4.46613330078125,4.421689510345459,0.8922960991059775,0.0092947510323539,0.0092947510323539
1,2,96,0.0,0.0,identity,2,0,3,0.031,44000,16,8000,83.3,1,0.0438675308227543,4.61791748046875,4.574049949645996,0.4026664698234353,0.0041944423939941,0.0041944423939941
1,2,96,0.0,0.0,identity,3,0,3,0.031,47500,16,8000,83.3,2,0.0400762939453125,4.99819091796875,4.9581146240234375,1.84540154584846,0.0192229327692547,0.0384458655385095
1,2,96,0.0,0.0,identity,4,0,3,0.031,45500,16,8000,83.3,1,0.0422373695373536,4.3749833984375,4.3327460289001465,2.297770533740576,0.0239351097264643,0.0239351097264643
1,2,96,0.0,0.0,relu,0,0,3,0.031,53500,16,8000,83.3,2,0.0318827247619628,4.8749169921875,4.843034267425537,0.377986034045139,0.0039373545213035,0.007874709042607
1,2,96,0.0,0.0,relu,1,0,3,0.031,46000,16,8000,83.3,1,0.0330734291076657,4.454762939453125,4.421689510345459,1.005788782257541,0.0104769664818493,0.0104769664818493
1,2,96,0.0,0.0,relu,2,0,3,0.031,62500,16,8000,83.3,2,0.0283648452758793,4.602414794921875,4.574049949645996,2.513794372461276,0.0261853580464716,0.0523707160929432
1,2,96,0.0,0.0,relu,3,0,3,0.031,40000,16,8000,83.3,2,0.0288948974609377,4.987009521484375,4.9581146240234375,0.8763001417092317,0.0091281264761378,0.0182562529522756
1,2,96,0.0,0.0,relu,4,0,3,0.031,32000,16,8000,83.3,2,0.0354006996154785,4.368146728515625,4.3327460289001465,0.918151259969506,0.0095640756246823,0.0191281512493647
1,2,96,0.25,0.2592,identity,0,1,4,0.042,21500,16,8000,83.3,1,0.0619421920776366,5.107822509765625,5.045880317687988,0.7249400853120219,0.0075514592220002,0.0075514592220002
1,2,96,0.25,0.2524,identity,1,1,4,0.042,59000,16,8000,83.3,1,0.0446387710571292,4.50464453125,4.460005760192871,2.493291587002377,0.025971787364608,0.025971787364608
1,2,96,0.25,0.2501,identity,2,1,4,0.042,29000,16,8000,83.3,1,0.0542932548522951,4.8651572265625,4.810863971710205,0.733902359888921,0.0076448162488429,0.0076448162488429
1,2,96,0.25,0.2534,identity,3,1,4,0.042,56000,16,8000,83.3,2,0.0438709831237789,5.255404052734375,5.211533069610596,2.504849802563693,0.0260921854433718,0.0521843708867436
1,2,96,0.25,0.2508,identity,4,1,4,0.042,42000,16,8000,83.3,1,0.0480302238464354,4.609775390625,4.5617451667785645,1.7479156276145331,0.018207454454318,0.018207454454318
1,2,96,0.25,0.2592,relu,0,1,4,0.042,39500,16,8000,83.3,2,0.0373887252807616,5.08326904296875,5.045880317687988,1.949306054027261,0.0203052713961173,0.0406105427922346
1,2,96,0.25,0.2524,relu,1,1,4,0.042,49500,16,8000,83.3,2,0.036228126525879,4.49623388671875,4.460005760192871,4.458772497401225,0.0464455468479294,0.0928910936958588
1,2,96,0.25,0.2501,relu,2,1,4,0.042,34500,16,8000,83.3,2,0.0385793876647948,4.849443359375,4.810863971710205,2.244547761762023,0.0233807058516877,0.0467614117033754
1,2,96,0.25,0.2534,relu,3,1,4,0.042,48500,16,8000,83.3,2,0.0319862174987797,5.243519287109375,5.211533069610596,0.6717902906244411,0.0069978155273379,0.0139956310546758
1,2,96,0.25,0.2508,relu,4,1,4,0.042,38000,16,8000,83.3,2,0.0369975090026857,4.59874267578125,4.5617451667785645,1.358500196960032,0.0141510437183336,0.0283020874366673
1,2,96,0.5,0.5133,identity,0,1,4,0.042,30000,16,8000,83.3,1,0.0545570907592773,5.393188720703125,5.338631629943848,0.8401483022864565,0.0087515448154839,0.0087515448154839
1,2,96,0.5,0.5027,identity,1,1,4,0.042,53000,16,8000,83.3,1,0.0455891723632815,4.7330205078125,4.687431335449219,0.5410483995373464,0.005635920828514,0.005635920828514
1,2,96,0.5,0.5002,identity,2,1,4,0.042,54500,16,8000,83.3,1,0.0454591140747071,5.194013916015625,5.148554801940918,0.298256434434224,0.0031068378586898,0.0031068378586898
1,2,96,0.5,0.5045,identity,3,1,4,0.042,48000,16,8000,83.3,2,0.0442559165954588,5.52326220703125,5.479006290435791,3.178504955328483,0.033109426618005,0.06621885323601
1,2,96,0.5,0.5013,identity,4,1,4,0.042,49000,16,8000,83.3,1,0.0455955696105956,4.939256591796875,4.893661022186279,0.1304573363858114,0.0013589305873522,0.0013589305873522
1,2,96,0.5,0.5133,relu,0,1,4,0.042,47500,16,8000,83.3,2,0.0345470809936525,5.3731787109375,5.338631629943848,4.742294269211774,0.0493988986376226,0.0987977972752452
1,2,96,0.5,0.5027,relu,1,1,4,0.042,48500,16,8000,83.3,2,0.0335862426757813,4.721017578125,4.687431335449219,8.674559170565393,0.0903599913600561,0.1807199827201123
1,2,96,0.5,0.5002,relu,2,1,4,0.042,44000,16,8000,83.3,2,0.0346927566528316,5.18324755859375,5.148554801940918,3.557969083144384,0.0370621779494206,0.0741243558988413
1,2,96,0.5,0.5045,relu,3,1,4,0.042,42000,16,8000,83.3,2,0.031840877532959,5.51084716796875,5.479006290435791,1.1643335582986225,0.0121284745656106,0.0242569491312212
1,2,96,0.5,0.5013,relu,4,1,4,0.042,35500,16,8000,83.3,2,0.0360504035949711,4.92971142578125,4.893661022186279,3.942724434967631,0.0410700461975794,0.0821400923951589
1,2,96,0.75,0.7613,identity,0,1,4,0.042,54000,16,8000,83.3,2,0.0417593688964847,5.77467333984375,5.732913970947266,6.511760165824778,0.0678308350606747,0.1356616701213495
1,2,96,0.75,0.7513,identity,1,1,4,0.042,53500,16,8000,83.3,2,0.0398247108459468,5.0617568359375,5.021932125091553,9.89344401965608,0.1030567085380841,0.2061134170761683
1,2,96,0.75,0.7502,identity,2,1,4,0.042,44500,16,8000,83.3,2,0.0432587699890136,5.60565625,5.562397480010986,6.272042250869212,0.0653337734465542,0.1306675468931085
1,2,96,0.75,0.7532,identity,3,1,4,0.042,56500,16,8000,83.3,2,0.0390095520019535,5.876331787109375,5.837322235107422,5.848176084536499,0.0609185008805885,0.121837001761177
1,2,96,0.75,0.7512,identity,4,1,4,0.042,46000,16,8000,83.3,2,0.0419158172607421,5.40406982421875,5.362154006958008,10.244236827786091,0.1067108002894384,0.2134216005788769
1,2,96,0.75,0.7613,relu,0,1,4,0.042,46500,16,8000,83.3,2,0.0302935485839848,5.76320751953125,5.732913970947266,7.1835428707705775,0.0748285715705268,0.1496571431410537
1,2,96,0.75,0.7513,relu,1,1,4,0.042,51500,16,8000,83.3,2,0.0285195350646976,5.05045166015625,5.021932125091553,12.179182191307016,0.126866481159448,0.2537329623188961
1,2,96,0.75,0.7502,relu,2,1,4,0.042,44000,16,8000,83.3,2,0.0315727348327632,5.59397021484375,5.562397480010986,8.277963876378601,0.0862287903789437,0.1724575807578875
1,2,96,0.75,0.7532,relu,3,1,4,0.042,39500,16,8000,83.3,2,0.0302580871582032,5.867580322265625,5.837322235107422,7.225778965280836,0.075268530888342,0.150537061776684
1,2,96,0.75,0.7512,relu,4,1,4,0.042,38000,16,8000,83.3,2,0.0314243621826175,5.393578369140625,5.362154006958008,11.81202024440778,0.1230418775459143,0.2460837550918287
1,2,96,1.0,1.0,identity,0,1,1,0.01,17000,16,8000,83.3,1,0.0288928298950192,6.265384033203125,6.2364912033081055,25.098993625731293,0.2614478502680343,0.2614478502680343
1,2,96,1.0,1.0,identity,1,1,1,0.01,35500,16,8000,83.3,1,0.0259363746643064,5.625020751953125,5.599084377288818,76.29424915993138,0.7947317620826185,0.7947317620826185
1,2,96,1.0,1.0,identity,2,1,1,0.01,31500,16,8000,83.3,1,0.0265818061828611,5.973888916015625,5.947307109832764,91.76737500355227,0.9559101562870028,0.9559101562870028
1,2,96,1.0,1.0,identity,3,1,1,0.01,46500,16,8000,83.3,1,0.0236102676391603,6.343929443359375,6.320319175720215,42.50252786430723,0.4427346652532003,0.4427346652532003
1,2,96,1.0,1.0,identity,4,1,1,0.01,29500,16,8000,83.3,1,0.0253488693237304,5.8366787109375,5.8113298416137695,78.9839942804022,0.8227499404208563,0.8227499404208563
1,2,96,1.0,1.0,relu,0,1,1,0.01,41500,16,8000,83.3,1,0.0109165115356448,6.24740771484375,6.2364912033081055,65.72101974430298,0.6845939556698227,0.6845939556698227
1,2,96,1.0,1.0,relu,1,1,1,0.01,38000,16,8000,83.3,1,0.0119727516174314,5.61105712890625,5.599084377288818,70.18827288147556,0.7311278425153703,0.7311278425153703
1,2,96,1.0,1.0,relu,2,1,1,0.01,43500,16,8000,83.3,1,0.0099804878234861,5.95728759765625,5.947307109832764,82.08943028655325,0.8550982321515964,0.8550982321515964
1,2,96,1.0,1.0,relu,3,1,1,0.01,32500,16,8000,83.3,1,0.0114698867797855,6.3317890625,6.320319175720215,51.72698554943077,0.5388227661399039,0.5388227661399039
1,2,96,1.0,1.0,relu,4,1,1,0.01,35500,16,8000,83.3,1,0.0111374435424806,5.82246728515625,5.8113298416137695,74.41488700730032,0.7751550729927117,0.7751550729927117
1,4,16,0.0,0.0,identity,0,0,5,0.312,60000,16,8000,500.0,1,0.0347440948486328,4.54401953125,4.509275436401367,0.1440096266049032,0.0090006016628064,0.0090006016628064
1,4,16,0.0,0.0,identity,1,0,5,0.312,67000,16,8000,500.0,1,0.0356594467163082,4.3351904296875,4.299530982971191,0.0849219570397611,0.005307622314985,0.005307622314985
1,4,16,0.0,0.0,identity,2,0,5,0.312,79000,16,8000,500.0,1,0.0304655113220215,4.46770849609375,4.4372429847717285,0.2091446632662394,0.0130715414541399,0.0130715414541399
1,4,16,0.0,0.0,identity,3,0,5,0.312,75500,16,8000,500.0,1,0.0275423583984375,4.99575830078125,4.9682159423828125,0.0983793193258271,0.0061487074578641,0.0061487074578641
1,4,16,0.0,0.0,identity,4,0,5,0.312,56500,16,8000,500.0,1,0.0341241073608395,4.379332275390625,4.345208168029785,0.2270132420808613,0.0141883276300538,0.0141883276300538
1,4,16,0.0,0.0,relu,0,0,5,0.312,73500,16,8000,500.0,1,0.030106643676758,4.539382080078125,4.509275436401367,0.0916079927702148,0.0057254995481384,0.0057254995481384
1,4,16,0.0,0.0,relu,1,0,5,0.312,72500,16,8000,500.0,1,0.0317458724975585,4.33127685546875,4.299530982971191,0.0467401717624528,0.0029212607351533,0.0029212607351533
1,4,16,0.0,0.0,relu,2,0,5,0.312,65000,16,8000,500.0,2,0.0330319175720212,4.47027490234375,4.4372429847717285,0.3715304675858453,0.0232206542241153,0.0464413084482306
1,4,16,0.0,0.0,relu,3,0,5,0.312,79500,16,8000,500.0,2,0.0268907470703121,4.995106689453125,4.9682159423828125,0.1979848217761424,0.0123740513610089,0.0247481027220178
1,4,16,0.0,0.0,relu,4,0,5,0.312,70500,16,8000,500.0,2,0.0294737167358398,4.374681884765625,4.345208168029785,0.2037961800246839,0.0127372612515427,0.0254745225030854
1,4,16,0.25,0.2589,identity,0,1,6,0.375,56500,16,8000,500.0,1,0.0375557670593265,4.7948232421875,4.757267475128174,0.0668516365462688,0.0041782272841418,0.0041782272841418
1,4,16,0.25,0.2524,identity,1,1,6,0.375,60500,16,8000,500.0,1,0.0398676414489749,4.6284892578125,4.588621616363525,0.0984884461103262,0.0061555278818953,0.0061555278818953
1,4,16,0.25,0.25,identity,2,1,6,0.375,58500,16,8000,500.0,1,0.0381014289855956,4.781677001953125,4.743575572967529,0.1546517397036243,0.0096657337314765,0.0096657337314765
1,4,16,0.25,0.2537,identity,3,1,6,0.375,87500,16,8000,500.0,2,0.0285219573974613,5.24023193359375,5.211709976196289,0.164233260430274,0.0102645787768921,0.0205291575537842
1,4,16,0.25,0.2507,identity,4,1,6,0.375,55500,16,8000,500.0,1,0.0368696784973145,4.76064697265625,4.723777294158936,0.0597248005206122,0.0037328000325382,0.0037328000325382
1,4,16,0.25,0.2589,relu,0,1,6,0.375,88000,16,8000,500.0,2,0.0313599662780763,4.78862744140625,4.757267475128174,0.6222680513480641,0.038891753209254,0.077783506418508
1,4,16,0.25,0.2524,relu,1,1,6,0.375,88000,16,8000,500.0,1,0.033293910980225,4.62191552734375,4.588621616363525,0.3438843434726908,0.0214927714670431,0.0214927714670431
1,4,16,0.25,0.25,relu,2,1,6,0.375,67500,16,8000,500.0,2,0.0346910285949704,4.7782666015625,4.743575572967529,0.3529223937040304,0.0220576496065019,0.0441152992130038
1,4,16,0.25,0.2537,relu,3,1,6,0.375,68000,16,8000,500.0,2,0.0316450042724607,5.24335498046875,5.211709976196289,0.3300195416945515,0.0206262213559094,0.0412524427118189
1,4,16,0.25,0.2507,relu,4,1,6,0.375,79000,16,8000,500.0,2,0.0317014541625972,4.755478271484375,4.723776817321777,0.3061531969830065,0.0191345748114379,0.0382691496228758
1,4,16,0.5,0.513,identity,0,1,6,0.375,72500,16,8000,500.0,1,0.0317761573791504,5.15607568359375,5.1242995262146,0.083477889403145,0.0052173680876965,0.0052173680876965
1,4,16,0.5,0.503,identity,1,1,6,0.375,76500,16,8000,500.0,1,0.0333660697937014,4.9860986328125,4.952732563018799,0.1057633603800216,0.0066102100237513,0.0066102100237513
1,4,16,0.5,0.4994,identity,2,1,6,0.375,71500,16,8000,500.0,1,0.0321973075866699,5.12843115234375,5.09623384475708,0.0545709633426096,0.0034106852089131,0.0034106852089131
1,4,16,0.5,0.5047,identity,3,1,6,0.375,69000,16,8000,500.0,1,0.0294571685791016,5.523511962890625,5.494054794311523,0.3725529264707558,0.0232845579044222,0.0232845579044222
1,4,16,0.5,0.5009,identity,4,1,6,0.375,66500,16,8000,500.0,1,0.0322019538879398,5.072568603515625,5.0403666496276855,0.147710678682481,0.009231917417655,0.009231917417655
1,4,16,0.5,0.513,relu,0,1,6,0.375,77500,16,8000,500.0,2,0.0303157081604004,5.154615234375,5.1242995262146,1.3050521901164254,0.0815657618822765,0.1631315237645531
1,4,16,0.5,0.503,relu,1,1,6,0.375,71000,16,8000,500.0,2,0.0335398979187013,4.9862724609375,4.952732563018799,0.9612348592454238,0.0600771787028389,0.1201543574056779
1,4,16,0.5,0.4994,relu,2,1,6,0.375,63000,16,8000,500.0,2,0.0333506278991695,5.12958447265625,5.09623384475708,1.025125099877948,0.0640703187423717,0.1281406374847435
1,4,16,0.5,0.5047,relu,3,1,6,0.375,58000,16,8000,500.0,2,0.0313617095947265,5.52541650390625,5.494054794311523,0.6111966028275277,0.0381997876767204,0.0763995753534409
1,4,16,0.5,0.5009,relu,4,1,6,0.375,80500,16,8000,500.0,2,0.0294614753723143,5.069828125,5.0403666496276855,1.0057982086541597,0.0628623880408849,0.1257247760817699
1,4,16,0.75,0.7613,identity,0,1,6,0.375,57000,16,8000,500.0,1,0.0294253196716312,5.53664892578125,5.507223606109619,0.0431678883318034,0.0026979930207377,0.0026979930207377
1,4,16,0.75,0.7519,identity,1,1,6,0.375,48500,16,8000,500.0,2,0.0334165878295902,5.39849169921875,5.36507511138916,1.2244220096812046,0.0765263756050752,0.1530527512101505
1,4,16,0.75,0.7489,identity,2,1,6,0.375,65500,16,8000,500.0,1,0.0273252525329592,5.53294287109375,5.505617618560791,0.0724308112208789,0.0045269257013049,0.0045269257013049
1,4,16,0.75,0.7534,identity,3,1,6,0.375,63000,16,8000,500.0,1,0.0265552253723146,5.87557666015625,5.849021434783936,0.159375353752677,0.0099609596095423,0.0099609596095423
1,4,16,0.75,0.7507,identity,4,1,6,0.375,66000,16,8000,500.0,1,0.0273662338256839,5.49190576171875,5.464539527893066,0.2490531011342884,0.015565818820893,0.015565818820893
1,4,16,0.75,0.7613,relu,0,1,6,0.375,81000,16,8000,500.0,2,0.0253940582275387,5.5326171875,5.507223129272461,2.1798117154420167,0.136238232215126,0.2724764644302521
1,4,16,0.75,0.7519,relu,1,1,6,0.375,77500,16,8000,500.0,2,0.0280848007202152,5.393159912109375,5.36507511138916,1.7612875337767957,0.1100804708610497,0.2201609417220994
1,4,16,0.75,0.7489,relu,2,1,6,0.375,51000,16,8000,500.0,2,0.0306086997985843,5.536226318359375,5.505617618560791,2.271551754382789,0.1419719846489243,0.2839439692978486
1,4,16,0.75,0.7534,relu,3,1,6,0.375,71000,16,8000,500.0,2,0.0247554206848148,5.87377685546875,5.849021434783936,1.067991867217715,0.0667494917011072,0.1334989834022144
1,4,16,0.75,0.7507,relu,4,1,6,0.375,59500,16,8000,500.0,2,0.0282575912475584,5.492797119140625,5.464539527893066,2.175126148023045,0.1359453842514403,0.2718907685028807
1,4,16,1.0,1.0,identity,0,1,1,0.062,41000,16,8000,500.0,1,0.0108627395629881,5.923264892578125,5.912402153015137,9.52497061707344,0.5953106635670901,0.5953106635670901
1,4,16,1.0,1.0,identity,1,1,1,0.062,31500,16,8000,500.0,1,0.0127768325805668,5.823292236328125,5.810515403747559,9.931804175136111,0.620737760946007,0.620737760946007
1,4,16,1.0,1.0,identity,2,1,1,0.062,31000,16,8000,500.0,1,0.0121460227966307,5.877859619140625,5.865713596343994,12.648266386201689,0.7905166491376056,0.7905166491376056
1,4,16,1.0,1.0,identity,3,1,1,0.062,31500,16,8000,500.0,1,0.0119262619018556,6.29630908203125,6.2843828201293945,8.907257866713351,0.5567036166695845,0.5567036166695845
1,4,16,1.0,1.0,identity,4,1,1,0.062,34500,16,8000,500.0,1,0.0112041130065918,5.86624609375,5.855041980743408,12.521165022866118,0.7825728139291324,0.7825728139291324
1,4,16,1.0,1.0,relu,0,1,1,0.062,39000,16,8000,500.0,1,0.0087145462036133,5.92111669921875,5.912402153015137,12.92508152171978,0.8078175951074863,0.8078175951074863
1,4,16,1.0,1.0,relu,1,1,1,0.062,40000,16,8000,500.0,1,0.0095910415649411,5.8201064453125,5.810515403747559,12.546516495259317,0.7841572809537072,0.7841572809537072
1,4,16,1.0,1.0,relu,2,1,1,0.062,35000,16,8000,500.0,1,0.0090862083435059,5.8747998046875,5.865713596343994,15.001855464388816,0.937615966524301,0.937615966524301
1,4,16,1.0,1.0,relu,3,1,1,0.062,39500,16,8000,500.0,1,0.0087653732299806,6.293148193359375,6.2843828201293945,10.770765517679637,0.6731728448549773,0.6731728448549773
1,4,16,1.0,1.0,relu,4,1,1,0.062,41500,16,8000,500.0,1,0.0081150016784672,5.863156982421875,5.855041980743408,15.169135503430915,0.9480709689644322,0.9480709689644322
1,4,32,0.0,0.0,identity,0,0,5,0.156,60000,16,8000,250.0,1,0.0395963897705078,4.548871826171875,4.509275436401367,0.24282079152755,0.0075881497352359,0.0075881497352359
1,4,32,0.0,0.0,identity,1,0,5,0.156,62000,16,8000,250.0,1,0.0404863510131834,4.340017333984375,4.299530982971191,0.6660688280762221,0.0208146508773819,0.0208146508773819
1,4,32,0.0,0.0,identity,2,0,5,0.156,62000,16,8000,250.0,1,0.037128841400146,4.474371826171875,4.4372429847717285,0.0690654546678459,0.0021582954583701,0.0021582954583701
1,4,32,0.0,0.0,identity,3,0,5,0.156,58000,16,8000,250.0,1,0.0339422607421875,5.002158203125,4.9682159423828125,0.2945278543125921,0.0092039954472685,0.0092039954472685
1,4,32,0.0,0.0,identity,4,0,5,0.156,60500,16,8000,250.0,1,0.0369615097045894,4.382169677734375,4.345208168029785,0.3492994904240761,0.0109156090757523,0.0109156090757523
1,4,32,0.0,0.0,relu,0,0,5,0.156,54000,16,8000,250.0,1,0.0373144073486324,4.54658984375,4.509275436401367,0.0552951573999032,0.0017279736687469,0.0017279736687469
1,4,32,0.0,0.0,relu,1,0,5,0.156,73500,16,8000,250.0,1,0.0365591049194335,4.336090087890625,4.299530982971191,0.1069058797708904,0.0033408087428403,0.0033408087428403
1,4,32,0.0,0.0,relu,2,0,5,0.156,61500,16,8000,250.0,2,0.0358309898376463,4.473073974609375,4.4372429847717285,0.4344408532748648,0.0135762766648395,0.027152553329679
1,4,32,0.0,0.0,relu,3,0,5,0.156,37500,16,8000,250.0,2,0.0371644287109376,5.00538037109375,4.9682159423828125,0.1942935423070244,0.0060716731970945,0.012143346394189
1,4,32,0.0,0.0,relu,4,0,5,0.156,70500,16,8000,250.0,2,0.0333316268920897,4.378539794921875,4.345208168029785,0.1447418399883711,0.0045231824996365,0.0090463649992731
1,4,32,0.25,0.2589,identity,0,1,6,0.188,56500,16,8000,250.0,1,0.0416128959655761,4.79888037109375,4.757267475128174,0.0678549167117478,0.0021204661472421,0.0021204661472421
1,4,32,0.25,0.2524,identity,1,1,6,0.188,59000,16,8000,250.0,1,0.0439606590270997,4.632582275390625,4.588621616363525,0.4483598733560391,0.0140112460423762,0.0140112460423762
1,4,32,0.25,0.25,identity,2,1,6,0.188,56000,16,8000,250.0,1,0.0426324348449709,4.7862080078125,4.743575572967529,0.0545653545364447,0.0017051673292638,0.0017051673292638
1,4,32,0.25,0.2537,identity,3,1,6,0.188,55500,16,8000,250.0,2,0.0388119964599606,5.25052197265625,5.211709976196289,0.334067950611437,0.0104396234566074,0.0208792469132148
1,4,32,0.25,0.2507,identity,4,1,6,0.188,44500,16,8000,250.0,1,0.0433850593566891,4.767162353515625,4.723777294158936,0.0771453943370754,0.0024107935730336,0.0024107935730336
1,4,32,0.25,0.2589,relu,0,1,6,0.188,56500,16,8000,250.0,2,0.039807476043701,4.797074951171875,4.757267475128174,0.6418862921337596,0.0200589466291799,0.0401178932583599
1,4,32,0.25,0.2524,relu,1,1,6,0.188,60000,16,8000,250.0,1,0.0396608543395995,4.628282470703125,4.588621616363525,0.2911924963482471,0.0090997655108827,0.0090997655108827
1,4,32,0.25,0.25,relu,2,1,6,0.188,53000,16,8000,250.0,2,0.0388995246887207,4.78247509765625,4.743575572967529,0.398009795648828,0.0124378061140258,0.0248756122280517
1,4,32,0.25,0.2537,relu,3,1,6,0.188,53000,16,8000,250.0,2,0.0351655120849612,5.24687548828125,5.211709976196289,0.359989416565155,0.011249669267661,0.0224993385353221
1,4,32,0.25,0.2507,relu,4,1,6,0.188,49500,16,8000,250.0,2,0.0391975479125976,4.762974365234375,4.723776817321777,0.3140140828553246,0.0098129400892288,0.0196258801784577
1,4,32,0.5,0.513,identity,0,1,6,0.188,48000,16,8000,250.0,1,0.0416289405822754,5.165928466796875,5.1242995262146,0.2416178613410493,0.0075505581669077,0.0075505581669077
1,4,32,0.5,0.503,identity,1,1,6,0.188,83500,16,8000,250.0,1,0.0360938529968262,4.988826416015625,4.952732563018799,0.266635415187735,0.0083323567246167,0.0083323567246167
1,4,32,0.5,0.4994,identity,2,1,6,0.188,61000,16,8000,250.0,2,0.0382800712585451,5.134513916015625,5.09623384475708,1.175959006083668,0.0367487189401146,0.0734974378802292
1,4,32,0.5,0.5047,identity,3,1,6,0.188,34500,16,8000,250.0,1,0.0425018463134767,5.536556640625,5.494054794311523,0.2218044321048222,0.0069313885032756,0.0069313885032756
1,4,32,0.5,0.5009,identity,4,1,6,0.188,44500,16,8000,250.0,1,0.0412600593566896,5.081626708984375,5.0403666496276855,0.5294489803414678,0.0165452806356708,0.0165452806356708
1,4,32,0.5,0.513,relu,0,1,6,0.188,45500,16,8000,250.0,2,0.0384143409729,5.1627138671875,5.1242995262146,1.6590681830160374,0.0518458807192511,0.1036917614385023
1,4,32,0.5,0.503,relu,1,1,6,0.188,48500,16,8000,250.0,2,0.0395296440124512,4.99226220703125,4.952732563018799,1.4670134189426118,0.0458441693419566,0.0916883386839132
1,4,32,0.5,0.4994,relu,2,1,6,0.188,53500,16,8000,250.0,2,0.0364219169616699,5.13265576171875,5.09623384475708,1.5457929208403345,0.0483060287762604,0.0966120575525208
1,4,32,0.5,0.5047,relu,3,1,6,0.188,44000,16,8000,250.0,2,0.0349271392822263,5.52898193359375,5.494054794311523,0.4344894967770906,0.013577796774284,0.0271555935485681
1,4,32,0.5,0.5009,relu,4,1,6,0.188,53000,16,8000,250.0,2,0.0359106941223146,5.07627734375,5.0403666496276855,1.4336444425150867,0.0448013888285964,0.0896027776571929
1,4,32,0.75,0.7613,identity,0,1,6,0.188,43500,16,8000,250.0,1,0.0365691184997558,5.543792724609375,5.507223606109619,0.4117131842816297,0.0128660370088009,0.0128660370088009
1,4,32,0.75,0.7519,identity,1,1,6,0.188,61500,16,8000,250.0,2,0.0345640487670895,5.39963916015625,5.36507511138916,2.9839749548896197,0.0932492173403006,0.1864984346806012
1,4,32,0.75,0.7489,identity,2,1,6,0.188,48000,16,8000,250.0,2,0.0351404380798339,5.540758056640625,5.505617618560791,2.3740076435709256,0.0741877388615914,0.1483754777231828
1,4,32,0.75,0.7534,identity,3,1,6,0.188,55000,16,8000,250.0,2,0.0311133308410642,5.880134765625,5.849021434783936,1.9047034381946852,0.0595219824435839,0.1190439648871678
1,4,32,0.75,0.7507,identity,4,1,6,0.188,60500,16,8000,250.0,2,0.0320581283569332,5.49659765625,5.464539527893066,2.719273659590665,0.0849773018622082,0.1699546037244165
1,4,32,0.75,0.7613,relu,0,1,6,0.188,50000,16,8000,250.0,2,0.0315542144775387,5.53877734375,5.507223129272461,3.661649827814656,0.1144265571192079,0.2288531142384159
1,4,32,0.75,0.7519,relu,1,1,6,0.188,48500,16,8000,250.0,2,0.0341062850952145,5.399181396484375,5.36507511138916,3.784601478318089,0.1182687961974402,0.2365375923948805
1,4,32,0.75,0.7489,relu,2,1,6,0.188,51000,16,8000,250.0,2,0.0314233970642092,5.537041015625,5.505617618560791,4.433878244862699,0.1385586951519593,0.2771173903039187
1,4,32,0.75,0.7534,relu,3,1,6,0.188,44000,16,8000,250.0,2,0.0296738777160641,5.8786953125,5.849021434783936,1.567500543821377,0.048984391994418,0.097968783988836
1,4,32,0.75,0.7507,relu,4,1,6,0.188,56500,16,8000,250.0,2,0.0296106185913087,5.494150146484375,5.464539527893066,3.791376934231955,0.1184805291947486,0.2369610583894972
1,4,32,1.0,1.0,identity,0,1,1,0.031,41500,16,8000,250.0,1,0.0127887649536129,5.92519091796875,5.912402153015137,11.8790947287784,0.371221710274325,0.371221710274325
1,4,32,1.0,1.0,identity,1,1,1,0.031,33500,16,8000,250.0,1,0.0148864517211917,5.82540185546875,5.810515403747559,24.776569431338118,0.7742677947293161,0.7742677947293161
1,4,32,1.0,1.0,identity,2,1,1,0.031,31500,16,8000,250.0,1,0.0140058860778804,5.879719482421875,5.865713596343994,30.37725924052539,0.9492893512664184,0.9492893512664184
1,4,32,1.0,1.0,identity,3,1,1,0.031,45500,16,8000,250.0,1,0.0120134201049806,6.296396240234375,6.2843828201293945,19.698342057016976,0.6155731892817805,0.6155731892817805
1,4,32,1.0,1.0,identity,4,1,1,0.031,32000,16,8000,250.0,1,0.0136486930847166,5.868690673828125,5.855041980743408,28.152648547342437,0.879770267104451,0.879770267104451
1,4,32,1.0,1.0,relu,0,1,1,0.031,39000,16,8000,250.0,1,0.0095294876098632,5.921931640625,5.912402153015137,23.937730433890696,0.7480540760590842,0.7480540760590842
1,4,32,1.0,1.0,relu,1,1,1,0.031,40000,16,8000,250.0,1,0.0103244400024413,5.82083984375,5.810515403747559,22.995828159728493,0.7186196299915154,0.7186196299915154
1,4,32,1.0,1.0,relu,2,1,1,0.031,47000,16,8000,250.0,1,0.0086975364685057,5.8744111328125,5.865713596343994,30.018323120266206,0.938072597508319,0.938072597508319
1,4,32,1.0,1.0,relu,3,1,1,0.031,33000,16,8000,250.0,1,0.0100976486206052,6.29448046875,6.2843828201293945,21.003193643308627,0.6563498013533946,0.6563498013533946
1,4,32,1.0,1.0,relu,4,1,1,0.031,41500,16,8000,250.0,1,0.0082900505065914,5.86333203125,5.855041980743408,29.706703774378,0.9283344929493124,0.9283344929493124
1,4,64,0.0,0.0,identity,0,0,5,0.078,59500,16,8000,125.0,1,0.0464472198486332,4.55572265625,4.509275436401367,0.1391370976127465,0.0021740171501991,0.0021740171501991
1,4,64,0.0,0.0,identity,1,0,5,0.078,52000,16,8000,125.0,1,0.0505866928100582,4.35011767578125,4.299530982971191,0.3562432386117275,0.0055663006033082,0.0055663006033082
1,4,64,0.0,0.0,identity,2,0,5,0.078,59000,16,8000,125.0,1,0.0451078453063962,4.482350830078125,4.4372429847717285,1.2059226179376226,0.0188425409052753,0.0188425409052753
1,4,64,0.0,0.0,identity,3,0,5,0.078,50000,16,8000,125.0,1,0.043051635742187,5.011267578125,4.9682159423828125,0.2311247374439818,0.0036113240225622,0.0036113240225622
1,4,64,0.0,0.0,identity,4,0,5,0.078,56500,16,8000,125.0,1,0.0437288436889646,4.38893701171875,4.345208168029785,0.1263687594606156,0.0019745118665721,0.0019745118665721
1,4,64,0.0,0.0,relu,0,0,5,0.078,52000,16,8000,125.0,2,0.0430802764892579,4.552355712890625,4.509275436401367,0.789516575892671,0.0123361964983229,0.0246723929966459
1,4,64,0.0,0.0,relu,1,0,5,0.078,61500,16,8000,125.0,1,0.0440649642944332,4.343595947265625,4.299530982971191,0.4442441390874649,0.0069413146732416,0.0069413146732416
1,4,64,0.0,0.0,relu,2,0,5,0.078,45000,16,8000,125.0,2,0.0444938316345213,4.48173681640625,4.4372429847717285,0.328899006366562,0.0051390469744775,0.010278093948955
1,4,64,0.0,0.0,relu,3,0,5,0.078,53500,16,8000,125.0,2,0.0366802978515625,5.004896240234375,4.9682159423828125,0.38654731281041,0.0060398017626626,0.0120796035253253
1,4,64,0.0,0.0,relu,4,0,5,0.078,55000,16,8000,125.0,2,0.0394920272827148,4.3847001953125,4.345208168029785,0.3439216239159028,0.0053737753736859,0.0107475507473719
1,4,64,0.25,0.2589,identity,0,1,6,0.094,60000,16,8000,125.0,1,0.0489507865905762,4.80621826171875,4.757267475128174,0.7569452882017415,0.0118272701281522,0.0118272701281522
1,4,64,0.25,0.2524,identity,1,1,6,0.094,58500,16,8000,125.0,1,0.0521369285583492,4.640758544921875,4.588621616363525,0.2529395510966641,0.0039521804858853,0.0039521804858853
1,4,64,0.25,0.25,identity,2,1,6,0.094,44000,16,8000,125.0,1,0.0537886848449709,4.7973642578125,4.743575572967529,0.3230595694627341,0.0050478057728552,0.0050478057728552
1,4,64,0.25,0.2537,identity,3,1,6,0.094,81500,16,8000,125.0,2,0.0398342132568361,5.251544189453125,5.211709976196289,0.7341837492632224,0.0114716210822378,0.0229432421644757
1,4,64,0.25,0.2507,identity,4,1,6,0.094,50500,16,8000,125.0,1,0.0502734870910641,4.77405078125,4.723777294158936,0.201509174035861,0.0031485808443103,0.0031485808443103
1,4,64,0.25,0.2589,relu,0,1,6,0.094,56500,16,8000,125.0,2,0.0450201225280757,4.80228759765625,4.757267475128174,1.1623355502033708,0.0181614929719276,0.0363229859438553
1,4,64,0.25,0.2524,relu,1,1,6,0.094,52500,16,8000,125.0,2,0.0472758445739742,4.6358974609375,4.588621616363525,1.1730253018489307,0.0183285203413895,0.036657040682779
1,4,64,0.25,0.25,relu,2,1,6,0.094,43000,16,8000,125.0,2,0.0482405891418453,4.791816162109375,4.743575572967529,0.5266476289137905,0.0082288692017779,0.0164577384035559
1,4,64,0.25,0.2537,relu,3,1,6,0.094,38500,16,8000,125.0,2,0.0450646820068358,5.256774658203125,5.211709976196289,0.435549945141871,0.0068054678928417,0.0136109357856834
1,4,64,0.25,0.2507,relu,4,1,6,0.094,65000,16,8000,125.0,2,0.0429194717407224,4.7666962890625,4.723776817321777,0.5142577251423521,0.0080352769553492,0.0160705539106985
1,4,64,0.5,0.513,identity,0,1,6,0.094,48000,16,8000,125.0,1,0.0496243019104003,5.173923828125,5.1242995262146,0.160295235791685,0.002504613059245,0.002504613059245
1,4,64,0.5,0.503,identity,1,1,6,0.094,40500,16,8000,125.0,1,0.0556380424499511,5.00837060546875,4.952732563018799,0.3939245045243066,0.0061550703831922,0.0061550703831922
1,4,64,0.5,0.4994,identity,2,1,6,0.094,69500,16,8000,125.0,2,0.0443169364929199,5.14055078125,5.09623384475708,1.1615873853961212,0.0181498028968143,0.0362996057936287
1,4,64,0.5,0.5047,identity,3,1,6,0.094,40000,16,8000,125.0,1,0.0477291412353517,5.541783935546875,5.494054794311523,0.1217477570773424,0.0019023087043334,0.0019023087043334
1,4,64,0.5,0.5009,identity,4,1,6,0.094,35000,16,8000,125.0,1,0.0530923347473146,5.093458984375,5.0403666496276855,0.4549994944483451,0.0071093671007553,0.0071093671007553
1,4,64,0.5,0.513,relu,0,1,6,0.094,52500,16,8000,125.0,2,0.0428865089416508,5.16718603515625,5.1242995262146,1.9662776297704496,0.0307230879651632,0.0614461759303265
1,4,64,0.5,0.503,relu,1,1,6,0.094,48500,16,8000,125.0,2,0.0464925346374514,4.99922509765625,4.952732563018799,2.7830379663317446,0.0434849682239335,0.086969936447867
1,4,64,0.5,0.4994,relu,2,1,6,0.094,59500,16,8000,125.0,2,0.0410032157897948,5.137237060546875,5.09623384475708,3.104771495054365,0.0485120546102244,0.0970241092204489
1,4,64,0.5,0.5047,relu,3,1,6,0.094,53000,16,8000,125.0,2,0.0379713287353515,5.532026123046875,5.494054794311523,0.9123758951684858,0.0142558733620075,0.0285117467240151
1,4,64,0.5,0.5009,relu,4,1,6,0.094,43000,16,8000,125.0,2,0.0438699226379393,5.084236572265625,5.0403666496276855,1.6057821176917022,0.0250903455889328,0.0501806911778656
1,4,64,0.75,0.7613,identity,0,1,6,0.094,39000,16,8000,125.0,2,0.0448218040466308,5.55204541015625,5.507223606109619,4.603208027183606,0.0719251254247438,0.1438502508494877
1,4,64,0.75,0.7519,identity,1,1,6,0.094,48500,16,8000,125.0,2,0.0451138534545894,5.41018896484375,5.36507511138916,4.632552309016707,0.072383629828386,0.1447672596567721
1,4,64,0.75,0.7489,identity,2,1,6,0.094,46500,16,8000,125.0,2,0.0429956626892087,5.54861328125,5.505617618560791,5.592659867807562,0.0873853104344931,0.1747706208689863
1,4,64,0.75,0.7534,identity,3,1,6,0.094,59000,16,8000,125.0,2,0.0381926765441891,5.887214111328125,5.849021434783936,4.197042526776941,0.0655787894808897,0.1311575789617794
1,4,64,0.75,0.7507,identity,4,1,6,0.094,60500,16,8000,125.0,2,0.0389655990600585,5.503505126953125,5.464539527893066,6.126445046524443,0.0957257038519444,0.1914514077038888
1,4,64,0.75,0.7613,relu,0,1,6,0.094,65500,16,8000,125.0,2,0.0347578277587894,5.54198095703125,5.507223129272461,6.65443905417025,0.1039756102214101,0.2079512204428203
1,4,64,0.75,0.7519,relu,1,1,6,0.094,42000,16,8000,125.0,2,0.0409134140014648,5.405988525390625,5.36507511138916,6.3977492576677175,0.099964832151058,0.1999296643021161
1,4,64,0.75,0.7489,relu,2,1,6,0.094,34500,16,8000,125.0,2,0.040150447845459,5.54576806640625,5.505617618560791,7.56007830996014,0.1181262235931271,0.2362524471862543
1,4,64,0.75,0.7534,relu,3,1,6,0.094,41500,16,8000,125.0,2,0.0360874519348142,5.88510888671875,5.849021434783936,3.696154359184432,0.0577524118622567,0.1155048237245134
1,4,64,0.75,0.7507,relu,4,1,6,0.094,51500,16,8000,125.0,2,0.0355539779663089,5.500093505859375,5.464539527893066,7.341589936957927,0.1147123427649676,0.2294246855299352
1,4,64,1.0,1.0,identity,0,1,1,0.016,46000,16,8000,125.0,1,0.0175954055786133,5.92999755859375,5.912402153015137,40.07477097202623,0.6261682964379098,0.6261682964379098
1,4,64,1.0,1.0,identity,1,1,1,0.016,41000,16,8000,125.0,1,0.0188151626586909,5.82933056640625,5.810515403747559,47.95038618989699,0.7492247842171404,0.7492247842171404
1,4,64,1.0,1.0,identity,2,1,1,0.016,31000,16,8000,125.0,1,0.0194604759216305,5.885174072265625,5.865713596343994,59.39701162987432,0.9280783067167864,0.9280783067167864
1,4,64,1.0,1.0,identity,3,1,1,0.016,38000,16,8000,125.0,1,0.0184833908081056,6.3028662109375,6.2843828201293945,45.17453828398439,0.7058521606872561,0.7058521606872561
1,4,64,1.0,1.0,identity,4,1,1,0.016,26000,16,8000,125.0,1,0.0198515739440914,5.8748935546875,5.855041980743408,56.18322098079583,0.8778628278249349,0.8778628278249349
1,4,64,1.0,1.0,relu,0,1,1,0.016,44000,16,8000,125.0,1,0.0096886672973628,5.9220908203125,5.912402153015137,46.94905145077663,0.7335789289183848,0.7335789289183848
1,4,64,1.0,1.0,relu,1,1,1,0.016,25500,16,8000,125.0,1,0.0139343032836913,5.82444970703125,5.810515403747559,47.59292276751948,0.7436394182424919,0.7436394182424919
1,4,64,1.0,1.0,relu,2,1,1,0.016,38500,16,8000,125.0,1,0.0100559349060054,5.87576953125,5.865713596343994,59.90739075861954,0.9360529806034305,0.9360529806034305
1,4,64,1.0,1.0,relu,3,1,1,0.016,32500,16,8000,125.0,1,0.0113320236206053,6.29571484375,6.2843828201293945,42.601065459226014,0.6656416478004065,0.6656416478004065
1,4,64,1.0,1.0,relu,4,1,1,0.016,37500,16,8000,125.0,1,0.0103305778503415,5.86537255859375,5.855041980743408,60.54936582211494,0.946083840970546,0.946083840970546
1,4,96,0.0,0.0,identity,0,0,5,0.052,72000,16,8000,83.3,1,0.0500077667236329,4.559283203125,4.509275436401367,0.2815970571207238,0.0029333026783408,0.0029333026783408
1,4,96,0.0,0.0,identity,1,0,5,0.052,42000,16,8000,83.3,1,0.0624565658569338,4.361987548828125,4.299530982971191,0.5380905173800055,0.0056051095560417,0.0056051095560417
1,4,96,0.0,0.0,identity,2,0,5,0.052,59000,16,8000,83.3,1,0.0529010581970217,4.49014404296875,4.4372429847717285,0.3852270332665118,0.0040127815965261,0.0040127815965261
1,4,96,0.0,0.0,identity,3,0,5,0.052,50000,16,8000,83.3,2,0.0504959716796875,5.0187119140625,4.9682159423828125,0.3706982985362124,0.0038614406097522,0.0077228812195044
1,4,96,0.0,0.0,identity,4,0,5,0.052,82000,16,8000,83.3,1,0.0465401229858395,4.391748291015625,4.345208168029785,0.5481151266817875,0.0057095325696019,0.0057095325696019
1,4,96,0.0,0.0,relu,0,0,5,0.052,59000,16,8000,83.3,2,0.0452904815673829,4.55456591796875,4.509275436401367,0.3358344116787941,0.0034982751216541,0.0069965502433082
1,4,96,0.0,0.0,relu,1,0,5,0.052,27000,16,8000,83.3,1,0.060068382263184,4.359599365234375,4.299530982971191,0.5212223572368667,0.0054293995545506,0.0054293995545506
1,4,96,0.0,0.0,relu,2,0,5,0.052,47500,16,8000,83.3,2,0.0467243003845219,4.48396728515625,4.4372429847717285,0.4389288600649349,0.0045721756256764,0.0091443512513528
1,4,96,0.0,0.0,relu,3,0,5,0.052,67500,16,8000,83.3,2,0.0396280517578127,5.007843994140625,4.9682159423828125,0.6324793541339127,0.0065883266055615,0.0131766532111231
1,4,96,0.0,0.0,relu,4,0,5,0.052,56000,16,8000,83.3,2,0.044271324157715,4.3894794921875,4.345208168029785,0.403400660136615,0.0042020902097564,0.0084041804195128
1,4,96,0.25,0.2589,identity,0,1,6,0.062,48500,16,8000,83.3,1,0.0582613334655759,4.81552880859375,4.757267475128174,0.3921929796078959,0.0040853435375822,0.0040853435375822
1,4,96,0.25,0.2524,identity,1,1,6,0.062,81000,16,8000,83.3,1,0.0549413719177245,4.64356298828125,4.588621616363525,0.379362906237462,0.0039516969399735,0.0039516969399735
1,4,96,0.25,0.25,identity,2,1,6,0.062,56000,16,8000,83.3,1,0.0585303840637205,4.80210595703125,4.743575572967529,0.1693146081225478,0.0017636938346098,0.0017636938346098
1,4,96,0.25,0.2537,identity,3,1,6,0.062,40000,16,8000,83.3,1,0.0586772308349612,5.27038720703125,5.211709976196289,1.2800341413261829,0.0133336889721477,0.0133336889721477
1,4,96,0.25,0.2507,identity,4,1,6,0.062,44500,16,8000,83.3,1,0.0588638191223145,4.78264111328125,4.723777294158936,0.5950311127944375,0.0061982407582753,0.0061982407582753
1,4,96,0.25,0.2589,relu,0,1,6,0.062,37000,16,8000,83.3,2,0.0564376029968265,4.813705078125,4.757267475128174,1.1497677434010232,0.0119767473270939,0.0239534946541879
1,4,96,0.25,0.2524,relu,1,1,6,0.062,44500,16,8000,83.3,2,0.0550785789489749,4.6437001953125,4.588621616363525,1.837070291253364,0.0191361488672225,0.038272297734445
1,4,96,0.25,0.25,relu,2,1,6,0.062,30000,16,8000,83.3,2,0.0574971809387205,4.80107275390625,4.743575572967529,0.7458101080851771,0.0077688552925539,0.0155377105851078
1,4,96,0.25,0.2537,relu,3,1,6,0.062,40500,16,8000,83.3,2,0.0462309417724613,5.25794091796875,5.211709976196289,0.6331999919697998,0.0065958332496854,0.0131916664993708
1,4,96,0.25,0.2507,relu,4,1,6,0.062,43000,16,8000,83.3,2,0.0498037490844724,4.77358056640625,4.723776817321777,0.3150355132280832,0.0032816199294592,0.0065632398589184
1,4,96,0.5,0.513,identity,0,1,6,0.062,61500,16,8000,83.3,1,0.0539409523010254,5.178240478515625,5.1242995262146,0.6283236615402882,0.0065450381410446,0.0065450381410446
1,4,96,0.5,0.503,identity,1,1,6,0.062,97500,16,8000,83.3,1,0.0493089408874514,5.00204150390625,4.952732563018799,0.293356118452964,0.0030557929005517,0.0030557929005517
1,4,96,0.5,0.4994,identity,2,1,6,0.062,45000,16,8000,83.3,1,0.0579473075866703,5.15418115234375,5.09623384475708,0.4724656975895856,0.0049215176832248,0.0049215176832248
1,4,96,0.5,0.5047,identity,3,1,6,0.062,40000,16,8000,83.3,2,0.0566917877197266,5.55074658203125,5.494054794311523,1.7103647931438557,0.0178162999285818,0.0356325998571636
1,4,96,0.5,0.5009,identity,4,1,6,0.062,55500,16,8000,83.3,1,0.052701221466064,5.09306787109375,5.0403666496276855,0.8086779636691697,0.0084237287882205,0.0084237287882205
1,4,96,0.5,0.513,relu,0,1,6,0.062,39500,16,8000,83.3,2,0.0503257179260252,5.174625244140625,5.1242995262146,3.627215870944159,0.0377834986556683,0.0755669973113366
1,4,96,0.5,0.503,relu,1,1,6,0.062,31000,16,8000,83.3,2,0.0576607475280761,5.010393310546875,4.952732563018799,4.372537184711592,0.0455472623407457,0.0910945246814915
1,4,96,0.5,0.4994,relu,2,1,6,0.062,65000,16,8000,83.3,2,0.0423767509460448,5.138610595703125,5.09623384475708,3.7916517813310415,0.0394963727221983,0.0789927454443967
1,4,96,0.5,0.5047,relu,3,1,6,0.062,28000,16,8000,83.3,2,0.0493314361572263,5.54338623046875,5.494054794311523,1.0087419457013354,0.0105077286010555,0.0210154572021111
1,4,96,0.5,0.5009,relu,4,1,6,0.062,38500,16,8000,83.3,2,0.0475771980285646,5.08794384765625,5.0403666496276855,3.0683078311506744,0.0319615399078195,0.063923079815639
1,4,96,0.75,0.7613,identity,0,1,6,0.062,39000,16,8000,83.3,2,0.0540459251403806,5.56126953125,5.507223606109619,8.451353034862459,0.0880349274464839,0.1760698548929679
1,4,96,0.75,0.7519,identity,1,1,6,0.062,48500,16,8000,83.3,2,0.051983238220215,5.417058349609375,5.36507511138916,7.544250801585972,0.0785859458498538,0.1571718916997077
1,4,96,0.75,0.7489,identity,2,1,6,0.062,43500,16,8000,83.3,2,0.0503076744079589,5.55592529296875,5.505617618560791,7.115735743620176,0.0741222473293768,0.1482444946587536
1,4,96,0.75,0.7534,identity,3,1,6,0.062,48000,16,8000,83.3,2,0.0490637702941896,5.898085205078125,5.849021434783936,4.922179167076832,0.0512726996570503,0.1025453993141006
1,4,96,0.75,0.7507,identity,4,1,6,0.062,60500,16,8000,83.3,2,0.0456355209350585,5.510175048828125,5.464539527893066,9.537473407449612,0.0993486813276001,0.1986973626552002
1,4,96,0.75,0.7613,relu,0,1,6,0.062,49000,16,8000,83.3,2,0.041304214477539,5.54852734375,5.507223129272461,9.6734783560825,0.100765399542526,0.2015307990850521
1,4,96,0.75,0.7519,relu,1,1,6,0.062,42000,16,8000,83.3,2,0.0437500839233395,5.4088251953125,5.36507511138916,12.073591440345089,0.1257665775035946,0.2515331550071893
1,4,96,0.75,0.7489,relu,2,1,6,0.062,45000,16,8000,83.3,2,0.0397315025329589,5.54534912109375,5.505617618560791,11.799960676418038,0.1229162570460212,0.2458325140920424
1,4,96,0.75,0.7534,relu,3,1,6,0.062,52500,16,8000,83.3,2,0.0358909187316891,5.884912353515625,5.849021434783936,2.946121675957701,0.0306887674578927,0.0613775349157854
1,4,96,0.75,0.7507,relu,4,1,6,0.062,57500,16,8000,83.3,2,0.037764427185059,5.502303955078125,5.464539527893066,14.439714048695986,0.1504136880072498,0.3008273760144997
1,4,96,1.0,1.0,identity,0,1,1,0.01,41000,16,8000,83.3,1,0.0245314407348633,5.93693359375,5.912402153015137,71.08962497073588,0.7405169267784988,0.7405169267784988
1,4,96,1.0,1.0,identity,1,1,1,0.01,23500,16,8000,83.3,1,0.0289826431274411,5.839498046875,5.810515403747559,77.49442447688618,0.8072335883008978,0.8072335883008978
1,4,96,1.0,1.0,identity,2,1,1,0.01,31500,16,8000,83.3,1,0.0252551536560057,5.89096875,5.865713596343994,85.38654246189297,0.8894431506447185,0.8894431506447185
1,4,96,1.0,1.0,identity,3,1,1,0.01,14500,16,8000,83.3,1,0.0295351486206056,6.31391796875,6.2843828201293945,48.44976033087851,0.5046850034466511,0.5046850034466511
1,4,96,1.0,1.0,identity,4,1,1,0.01,32500,16,8000,83.3,1,0.0245288200378421,5.87957080078125,5.855041980743408,81.8934929604152,0.8530572183376584,0.8530572183376584
1,4,96,1.0,1.0,relu,0,1,1,0.01,37000,16,8000,83.3,1,0.0111344680786134,5.92353662109375,5.912402153015137,72.968744656379,0.7600910901706146,0.7600910901706146
1,4,96,1.0,1.0,relu,1,1,1,0.01,40000,16,8000,83.3,1,0.0118332290649414,5.8223486328125,5.810515403747559,76.80645730835396,0.8000672636286871,0.8000672636286871
1,4,96,1.0,1.0,relu,2,1,1,0.01,41000,16,8000,83.3,1,0.0105720481872557,5.87628564453125,5.865713596343994,90.37796436119366,0.941437128762434,0.941437128762434
1,4,96,1.0,1.0,relu,3,1,1,0.01,32500,16,8000,83.3,1,0.0123002853393554,6.29668310546875,6.2843828201293945,57.01611848950623,0.5939179009323565,0.5939179009323565
1,4,96,1.0,1.0,relu,4,1,1,0.01,30500,16,8000,83.3,1,0.0123838005065914,5.86742578125,5.855041980743408,86.23832635331058,0.8983158995136519,0.8983158995136519
1,8,16,0.0,0.0,identity,0,0,9,0.562,64500,16,8000,500.0,1,0.046162281036377,4.403255615234375,4.357093334197998,0.0381413242817305,0.0023838327676081,0.0023838327676081
1,8,16,0.0,0.0,identity,1,0,9,0.562,82500,16,8000,500.0,1,0.0455510063171384,4.186805908203125,4.141254901885986,0.0168589103796317,0.0010536818987269,0.0010536818987269
1,8,16,0.0,0.0,identity,2,0,9,0.562,60000,16,8000,500.0,1,0.0478713760375972,4.460246826171875,4.412375450134277,0.0178320586166253,0.001114503663539,0.001114503663539
1,8,16,0.0,0.0,identity,3,0,9,0.562,52500,16,8000,500.0,1,0.0403327331542966,4.724128662109375,4.683795928955078,0.2165511494603158,0.0135344468412697,0.0135344468412697
1,8,16,0.0,0.0,identity,4,0,9,0.562,64500,16,8000,500.0,1,0.0441660804748531,4.558552734375,4.5143866539001465,0.0707780773411232,0.0044236298338202,0.0044236298338202
1,8,16,0.0,0.0,relu,0,0,9,0.562,81000,16,8000,500.0,1,0.0454510993957519,4.40254443359375,4.357093334197998,0.0641281462653734,0.0040080091415858,0.0040080091415858
1,8,16,0.0,0.0,relu,1,0,9,0.562,64000,16,8000,500.0,1,0.0531791801452632,4.19443408203125,4.141254901885986,0.0550346470044195,0.0034396654377762,0.0034396654377762
1,8,16,0.0,0.0,relu,2,0,9,0.562,79000,16,8000,500.0,2,0.0457016983032225,4.4580771484375,4.412375450134277,0.1583319312831937,0.0098957457051996,0.0197914914103992
1,8,16,0.0,0.0,relu,3,0,9,0.562,53500,16,8000,500.0,2,0.0428246765136721,4.72662060546875,4.683795928955078,0.201160994886822,0.0125725621804263,0.0251451243608527
1,8,16,0.0,0.0,relu,4,0,9,0.562,88500,16,8000,500.0,2,0.0429878578186038,4.55737451171875,4.5143866539001465,0.1131050647962076,0.0070690665497629,0.0141381330995259
1,8,16,0.25,0.2573,identity,0,1,10,0.625,83500,16,8000,500.0,1,0.0423925132751463,4.5576689453125,4.5152764320373535,0.0525907188752615,0.0032869199297038,0.0032869199297038
1,8,16,0.25,0.2523,identity,1,1,10,0.625,92000,16,8000,500.0,1,0.045071060180664,4.42036669921875,4.375295639038086,0.0540350529084434,0.0033771908067777,0.0033771908067777
1,8,16,0.25,0.25,identity,2,1,10,0.625,66500,16,8000,500.0,1,0.0460240211486819,4.74599951171875,4.699975490570068,0.0337149132307452,0.0021071820769215,0.0021071820769215
1,8,16,0.25,0.2539,identity,3,1,10,0.625,66000,16,8000,500.0,1,0.0397742919921872,5.09423291015625,5.054458618164063,0.0466371392823288,0.0029148212051455,0.0029148212051455
1,8,16,0.25,0.251,identity,4,1,10,0.625,64500,16,8000,500.0,1,0.0449032478332522,4.783008544921875,4.738105297088623,0.0554541833557445,0.003465886459734,0.003465886459734
1,8,16,0.25,0.2573,relu,0,1,10,0.625,79000,16,8000,500.0,2,0.0497643394470213,4.565040771484375,4.5152764320373535,0.4876481778128199,0.0304780111133012,0.0609560222266024
1,8,16,0.25,0.2523,relu,1,1,10,0.625,86500,16,8000,500.0,1,0.0524192047119136,4.42771484375,4.375295639038086,0.0982549655302574,0.006140935345641,0.006140935345641
1,8,16,0.25,0.25,relu,2,1,10,0.625,79000,16,8000,500.0,2,0.0517500953674314,4.7517255859375,4.699975490570068,0.6661912420213137,0.0416369526263321,0.0832739052526642
1,8,16,0.25,0.2539,relu,3,1,10,0.625,73500,16,8000,500.0,2,0.0445428466796871,5.09900146484375,5.054458618164063,0.2551472220279202,0.015946701376745,0.03189340275349
1,8,16,0.25,0.251,relu,4,1,10,0.625,96000,16,8000,500.0,2,0.0477941055297854,4.78589892578125,4.738104820251465,0.3630270258013622,0.0226891891125851,0.0453783782251702
1,8,16,0.5,0.5095,identity,0,1,10,0.625,74500,16,8000,500.0,1,0.0391158447265622,4.872932373046875,4.8338165283203125,0.0424566747028957,0.0026535421689309,0.0026535421689309
1,8,16,0.5,0.5029,identity,1,1,10,0.625,72000,16,8000,500.0,1,0.0443252792358395,4.772773193359375,4.728447914123535,0.0562223001520007,0.0035138937595,0.0035138937595
1,8,16,0.5,0.4999,identity,2,1,10,0.625,82500,16,8000,500.0,1,0.0386281318664547,5.065502197265625,5.02687406539917,0.0510916664528082,0.0031932291533005,0.0031932291533005
1,8,16,0.5,0.5054,identity,3,1,10,0.625,62000,16,8000,500.0,1,0.0380251007080074,5.437193115234375,5.399168014526367,0.0638924077625444,0.003993275485159,0.003993275485159
1,8,16,0.5,0.5016,identity,4,1,10,0.625,84000,16,8000,500.0,1,0.0366974868774416,5.109999755859375,5.073302268981934,0.0483929260096126,0.0030245578756007,0.0030245578756007
1,8,16,0.5,0.5095,relu,0,1,10,0.625,64500,16,8000,500.0,2,0.0487987060546872,4.882615234375,4.8338165283203125,0.9562409334947196,0.0597650583434199,0.1195301166868399
1,8,16,0.5,0.5029,relu,1,1,10,0.625,67000,16,8000,500.0,2,0.0510306015014645,4.779478515625,4.728447914123535,0.8631328820217093,0.0539458051263568,0.1078916102527136
1,8,16,0.5,0.4999,relu,2,1,10,0.625,79500,16,8000,500.0,2,0.04490767288208,5.07178173828125,5.02687406539917,0.9414616524640708,0.0588413532790044,0.1176827065580088
1,8,16,0.5,0.5054,relu,3,1,10,0.625,95000,16,8000,500.0,2,0.0394477081298827,5.43861572265625,5.399168014526367,0.5780783056189686,0.0361298941011855,0.072259788202371
1,8,16,0.5,0.5016,relu,4,1,10,0.625,88000,16,8000,500.0,2,0.0428769302368161,5.11617919921875,5.073302268981934,1.0397913770722482,0.0649869610670155,0.129973922134031
1,8,16,0.75,0.7568,identity,0,1,10,0.625,66000,16,8000,500.0,1,0.0332745094299316,5.3009990234375,5.267724514007568,0.1801557883806394,0.0112597367737899,0.0112597367737899
1,8,16,0.75,0.7521,identity,1,1,10,0.625,67500,16,8000,500.0,1,0.0371110687255855,5.238994384765625,5.201883316040039,0.0765554553519983,0.0047847159594998,0.0047847159594998
1,8,16,0.75,0.7498,identity,2,1,10,0.625,71500,16,8000,500.0,1,0.0318844451904301,5.432963623046875,5.401079177856445,0.0933595141065136,0.0058349696316571,0.0058349696316571
1,8,16,0.75,0.7543,identity,3,1,10,0.625,58000,16,8000,500.0,1,0.0323449478149413,5.857173095703125,5.824828147888184,0.0426599351462863,0.0026662459466428,0.0026662459466428
1,8,16,0.75,0.7514,identity,4,1,10,0.625,61000,16,8000,500.0,1,0.0339599266052248,5.5319443359375,5.497984409332275,0.3718002739679431,0.0232375171229964,0.0232375171229964
1,8,16,0.75,0.7568,relu,0,1,10,0.625,80500,16,8000,500.0,2,0.035888278961182,5.30361279296875,5.267724514007568,1.916524397630034,0.1197827748518771,0.2395655497037542
1,8,16,0.75,0.7521,relu,1,1,10,0.625,83000,16,8000,500.0,2,0.0400136566162112,5.24189697265625,5.201883316040039,2.014107181652469,0.1258816988532793,0.2517633977065586
1,8,16,0.75,0.7498,relu,2,1,10,0.625,96000,16,8000,500.0,2,0.033318283081055,5.4343974609375,5.401079177856445,2.7702936744035798,0.1731433546502237,0.3462867093004474
1,8,16,0.75,0.7543,relu,3,1,10,0.625,93500,16,8000,500.0,2,0.0342548599243164,5.8590830078125,5.824828147888184,0.4715999481930354,0.0294749967620647,0.0589499935241294
1,8,16,0.75,0.7514,relu,4,1,10,0.625,97500,16,8000,500.0,2,0.0356940574645996,5.533678466796875,5.497984409332275,2.254072227318778,0.1408795142074236,0.2817590284148472
1,8,16,1.0,1.0,identity,0,1,1,0.062,52000,16,8000,500.0,1,0.0097879600524901,5.890611572265625,5.880823612213135,7.599047667472656,0.474940479217041,0.474940479217041
1,8,16,1.0,1.0,identity,1,1,1,0.062,42500,16,8000,500.0,1,0.011364589691162,5.823786865234375,5.812422275543213,11.822250367342903,0.7388906479589316,0.7388906479589316
1,8,16,1.0,1.0,identity,2,1,1,0.062,37500,16,8000,500.0,1,0.0110771293640139,5.830310546875,5.819233417510986,14.278368338669123,0.8923980211668202,0.8923980211668202
1,8,16,1.0,1.0,identity,3,1,1,0.062,31500,16,8000,500.0,1,0.0118156661987303,6.385248779296875,6.3734331130981445,5.9711090416827455,0.3731943151051716,0.3731943151051716
1,8,16,1.0,1.0,identity,4,1,1,0.062,39000,16,8000,500.0,1,0.0110950241088865,5.9645986328125,5.953503608703613,11.386905127606182,0.7116815704753864,0.7116815704753864
1,8,16,1.0,1.0,relu,0,1,1,0.062,36500,16,8000,500.0,1,0.0092147178649906,5.890038330078125,5.880823612213135,13.56411936298787,0.8477574601867419,0.8477574601867419
1,8,16,1.0,1.0,relu,1,1,1,0.062,39500,16,8000,500.0,1,0.0095301170349122,5.821952392578125,5.812422275543213,11.037995377902211,0.6898747111188883,0.6898747111188883
1,8,16,1.0,1.0,relu,2,1,1,0.062,39000,16,8000,500.0,1,0.0089345512390135,5.82816796875,5.819233417510986,15.546816102799614,0.971676006424976,0.971676006424976
1,8,16,1.0,1.0,relu,3,1,1,0.062,36500,16,8000,500.0,1,0.009172355651855,6.38260546875,6.3734331130981445,9.991733395088575,0.6244833371930361,0.6244833371930361
1,8,16,1.0,1.0,relu,4,1,1,0.062,43500,16,8000,500.0,1,0.0084016647338867,5.9619052734375,5.953503608703613,14.953836530092756,0.9346147831307972,0.9346147831307972
1,8,32,0.0,0.0,identity,0,0,9,0.281,55000,16,8000,250.0,1,0.056114917755127,4.413208251953125,4.357093334197998,0.6954030193273948,0.021731344353981,0.021731344353981
1,8,32,0.0,0.0,identity,1,0,9,0.281,53000,16,8000,250.0,1,0.0611210746765138,4.2023759765625,4.141254901885986,0.2454963932465544,0.0076717622889548,0.0076717622889548
1,8,32,0.0,0.0,identity,2,0,9,0.281,60000,16,8000,250.0,1,0.0553369522094726,4.46771240234375,4.412375450134277,0.1268069371292124,0.0039627167852878,0.0039627167852878
1,8,32,0.0,0.0,identity,3,0,9,0.281,52500,16,8000,250.0,1,0.0454638366699216,4.729259765625,4.683795928955078,0.1580352239196165,0.004938600747488,0.004938600747488
1,8,32,0.0,0.0,identity,4,0,9,0.281,56500,16,8000,250.0,1,0.0531953773498532,4.56758203125,4.5143866539001465,0.100458970521406,0.0031393428287939,0.0031393428287939
1,8,32,0.0,0.0,relu,0,0,9,0.281,58500,16,8000,250.0,1,0.0544457283020021,4.4115390625,4.357093334197998,0.0571084518626236,0.0017846391207069,0.0017846391207069
1,8,32,0.0,0.0,relu,1,0,9,0.281,51500,16,8000,250.0,1,0.0591625785827636,4.20041748046875,4.141254901885986,0.0987996978990257,0.0030874905593445,0.0030874905593445
1,8,32,0.0,0.0,relu,2,0,9,0.281,73000,16,8000,250.0,1,0.0510293350219726,4.46340478515625,4.412375450134277,0.0888461376386624,0.0027764418012082,0.0027764418012082
1,8,32,0.0,0.0,relu,3,0,9,0.281,60500,16,8000,250.0,1,0.0446259460449223,4.728421875,4.683795928955078,0.2502850255059174,0.0078214070470599,0.0078214070470599
1,8,32,0.0,0.0,relu,4,0,9,0.281,56000,16,8000,250.0,2,0.0526756019592289,4.567062255859375,4.5143866539001465,0.1245089777786475,0.0038909055555827,0.0077818111111654
1,8,32,0.25,0.2573,identity,0,1,10,0.312,53000,16,8000,250.0,1,0.0568847007751465,4.5721611328125,4.5152764320373535,0.1107052313451438,0.0034595384795357,0.0034595384795357
1,8,32,0.25,0.2523,identity,1,1,10,0.312,60500,16,8000,250.0,1,0.0600222320556644,4.43531787109375,4.375295639038086,0.0978953277958323,0.0030592289936197,0.0030592289936197
1,8,32,0.25,0.25,identity,2,1,10,0.312,66500,16,8000,250.0,2,0.0539539527893069,4.753929443359375,4.699975490570068,0.2656887958185192,0.0083027748693287,0.0166055497386574
1,8,32,0.25,0.2539,identity,3,1,10,0.312,66000,16,8000,250.0,2,0.0464525146484371,5.1009111328125,5.054458618164063,0.1994337315997594,0.0062323041124924,0.0124646082249849
1,8,32,0.25,0.251,identity,4,1,10,0.312,64500,16,8000,250.0,1,0.0506271247863772,4.788732421875,4.738105297088623,0.1259390242206765,0.0039355945068961,0.0039355945068961
1,8,32,0.25,0.2573,relu,0,1,10,0.312,65000,16,8000,250.0,2,0.0529489097595217,4.568225341796875,4.5152764320373535,0.3896599425709195,0.0121768732053412,0.0243537464106824
1,8,32,0.25,0.2523,relu,1,1,10,0.312,64000,16,8000,250.0,1,0.0581186676025389,4.433414306640625,4.375295639038086,0.055868914116408,0.0017459035661377,0.0017459035661377
1,8,32,0.25,0.25,relu,2,1,10,0.312,56500,16,8000,250.0,2,0.0551873512268068,4.755162841796875,4.699975490570068,0.4834263310413914,0.0151070728450434,0.0302141456900869
1,8,32,0.25,0.2539,relu,3,1,10,0.312,48500,16,8000,250.0,2,0.0498438720703129,5.104302490234375,5.054458618164063,0.1368277097337062,0.0042758659291783,0.0085517318583566
1,8,32,0.25,0.251,relu,4,1,10,0.312,59000,16,8000,250.0,2,0.0525443496704101,4.790649169921875,4.738104820251465,0.3802439668999299,0.0118826239656228,0.0237652479312456
1,8,32,0.5,0.5095,identity,0,1,10,0.312,56500,16,8000,250.0,1,0.0497073974609376,4.88352392578125,4.8338165283203125,0.2524416871615391,0.007888802723798,0.007888802723798
1,8,32,0.5,0.5029,identity,1,1,10,0.312,66000,16,8000,250.0,1,0.0528482284545894,4.781296142578125,4.728447914123535,0.1670439111397142,0.005220122223116,0.005220122223116
1,8,32,0.5,0.4999,identity,2,1,10,0.312,58000,16,8000,250.0,2,0.0500746650695802,5.07694873046875,5.02687406539917,0.8879161786561657,0.0277473805830051,0.0554947611660103
1,8,32,0.5,0.5054,identity,3,1,10,0.312,53000,16,8000,250.0,1,0.0466090850830074,5.445777099609375,5.399168014526367,0.0562220705243007,0.0017569397038843,0.0017569397038843
1,8,32,0.5,0.5016,identity,4,1,10,0.312,49000,16,8000,250.0,1,0.050645484924316,5.12394775390625,5.073302268981934,0.4159426201050175,0.0129982068782817,0.0129982068782817
1,8,32,0.5,0.5095,relu,0,1,10,0.312,64500,16,8000,250.0,2,0.0489564208984374,4.88277294921875,4.8338165283203125,1.3513894832159197,0.0422309213504974,0.0844618427009949
1,8,32,0.5,0.5029,relu,1,1,10,0.312,57000,16,8000,250.0,2,0.0536592636108395,4.782107177734375,4.728447914123535,1.1651868082095074,0.0364120877565471,0.0728241755130942
1,8,32,0.5,0.4999,relu,2,1,10,0.312,73000,16,8000,250.0,2,0.0470981025695804,5.07397216796875,5.02687406539917,1.6698090352023969,0.0521815323500749,0.1043630647001498
1,8,32,0.5,0.5054,relu,3,1,10,0.312,57500,16,8000,250.0,2,0.0449618682861325,5.4441298828125,5.399168014526367,0.4240492910527433,0.0132515403453982,0.0265030806907964
1,8,32,0.5,0.5016,relu,4,1,10,0.312,51500,16,8000,250.0,2,0.0497941665649417,5.123096435546875,5.073302268981934,1.4847665316510013,0.0463989541140937,0.0927979082281875
1,8,32,0.75,0.7568,identity,0,1,10,0.312,55500,16,8000,250.0,1,0.0408204078674314,5.308544921875,5.267724514007568,0.8620083857567863,0.0269377620548995,0.0269377620548995
1,8,32,0.75,0.7521,identity,1,1,10,0.312,65500,16,8000,250.0,2,0.0441916351318356,5.246074951171875,5.201883316040039,1.94747031634874,0.0608584473858981,0.1217168947717962
1,8,32,0.75,0.7498,identity,2,1,10,0.312,44500,16,8000,250.0,2,0.0443817596435547,5.4454609375,5.401079177856445,2.6513877458737074,0.0828558670585533,0.1657117341171067
1,8,32,0.75,0.7543,identity,3,1,10,0.312,33000,16,8000,250.0,2,0.045967262268066,5.87079541015625,5.824828147888184,1.532262536459029,0.0478832042643446,0.0957664085286893
1,8,32,0.75,0.7514,identity,4,1,10,0.312,81500,16,8000,250.0,1,0.0347123680114744,5.53269677734375,5.497984409332275,1.1949477951517395,0.0373421185984918,0.0373421185984918
1,8,32,0.75,0.7568,relu,0,1,10,0.312,62500,16,8000,250.0,2,0.0394319801330569,5.307156494140625,5.267724514007568,2.4242880688947306,0.0757590021529603,0.1515180043059206
1,8,32,0.75,0.7521,relu,1,1,10,0.312,49000,16,8000,250.0,2,0.0477631683349608,5.249646484375,5.201883316040039,2.3830561550593394,0.0744705048456043,0.1489410096912087
1,8,32,0.75,0.7498,relu,2,1,10,0.312,50000,16,8000,250.0,2,0.0424095916748044,5.44348876953125,5.401079177856445,3.837869134635748,0.1199334104573671,0.2398668209147342
1,8,32,0.75,0.7543,relu,3,1,10,0.312,55000,16,8000,250.0,2,0.0381662368774415,5.862994384765625,5.824828147888184,1.3167540928449262,0.0411485654014039,0.0822971308028078
1,8,32,0.75,0.7514,relu,4,1,10,0.312,64000,16,8000,250.0,2,0.0393041648864747,5.53728857421875,5.497984409332275,3.801016779275334,0.1187817743523542,0.2375635487047084
1,8,32,1.0,1.0,identity,0,1,1,0.031,24000,16,8000,250.0,1,0.0155382041931151,5.89636181640625,5.880823612213135,20.97123469991796,0.6553510843724362,0.6553510843724362
1,8,32,1.0,1.0,identity,1,1,1,0.031,36000,16,8000,250.0,1,0.0144349021911622,5.826857177734375,5.812422275543213,20.193147365958698,0.6310358551862093,0.6310358551862093
1,8,32,1.0,1.0,identity,2,1,1,0.031,40000,16,8000,250.0,1,0.0131581840515133,5.8323916015625,5.819233417510986,30.5689224795147,0.9552788274848344,0.9552788274848344
1,8,32,1.0,1.0,identity,3,1,1,0.031,34500,16,8000,250.0,1,0.0136664962768557,6.387099609375,6.3734331130981445,13.154060944529938,0.4110644045165605,0.4110644045165605
1,8,32,1.0,1.0,identity,4,1,1,0.031,34000,16,8000,250.0,1,0.013861869812012,5.967365478515625,5.953503608703613,28.79279818900704,0.89977494340647,0.89977494340647
1,8,32,1.0,1.0,relu,0,1,1,0.031,42500,16,8000,250.0,1,0.0087921104431156,5.88961572265625,5.880823612213135,23.80239762261858,0.7438249257068307,0.7438249257068307
1,8,32,1.0,1.0,relu,1,1,1,0.031,39500,16,8000,250.0,1,0.0102947654724117,5.822717041015625,5.812422275543213,20.26232142888839,0.6331975446527622,0.6331975446527622
1,8,32,1.0,1.0,relu,2,1,1,0.031,36500,16,8000,250.0,1,0.0095104789733886,5.828743896484375,5.819233417510986,29.60727059173072,0.9252272059915848,0.9252272059915848
1,8,32,1.0,1.0,relu,3,1,1,0.031,37000,16,8000,250.0,1,0.0095815353393557,6.3830146484375,6.3734331130981445,16.572814605392534,0.5179004564185167,0.5179004564185167
1,8,32,1.0,1.0,relu,4,1,1,0.031,37000,16,8000,250.0,1,0.0093992233276365,5.96290283203125,5.953503608703613,30.32890411072024,0.9477782534600074,0.9477782534600074
1,8,64,0.0,0.0,identity,0,0,9,0.141,55000,16,8000,125.0,1,0.0675009040832517,4.42459423828125,4.357093334197998,0.3076915838697952,0.0048076809979655,0.0048076809979655
1,8,64,0.0,0.0,identity,1,0,9,0.141,47500,16,8000,125.0,1,0.072661846160889,4.213916748046875,4.141254901885986,0.1960208079545608,0.00306282512429,0.00306282512429
1,8,64,0.0,0.0,identity,2,0,9,0.141,49500,16,8000,125.0,1,0.0686406631469722,4.48101611328125,4.412375450134277,0.5120729417880819,0.0080011397154387,0.0080011397154387
1,8,64,0.0,0.0,identity,3,0,9,0.141,44000,16,8000,125.0,2,0.0585321960449221,4.742328125,4.683795928955078,0.5299228654381773,0.0082800447724715,0.016560089544943
1,8,64,0.0,0.0,identity,4,0,9,0.141,56500,16,8000,125.0,1,0.0623889808654789,4.576775634765625,4.5143866539001465,0.2381003840261699,0.0037203185004089,0.0037203185004089
1,8,64,0.0,0.0,relu,0,0,9,0.141,32500,16,8000,125.0,2,0.0741295661926271,4.431222900390625,4.357093334197998,0.291275106498763,0.0045511735390431,0.0091023470780863
1,8,64,0.0,0.0,relu,1,0,9,0.141,47500,16,8000,125.0,1,0.0728046684265137,4.2140595703125,4.141254901885986,0.2246919371755179,0.0035108115183674,0.0035108115183674
1,8,64,0.0,0.0,relu,2,0,9,0.141,45000,16,8000,125.0,2,0.0689307022094727,4.48130615234375,4.412375450134277,0.1948236937967704,0.0030441202155745,0.006088240431149
1,8,64,0.0,0.0,relu,3,0,9,0.141,38500,16,8000,125.0,2,0.0586142272949219,4.74241015625,4.683795928955078,0.4788642754786785,0.0074822543043543,0.0149645086087087
1,8,64,0.0,0.0,relu,4,0,9,0.141,49000,16,8000,125.0,2,0.0638833656311037,4.57827001953125,4.5143866539001465,0.2427017212566758,0.0037922143946355,0.0075844287892711
1,8,64,0.25,0.2573,identity,0,1,10,0.156,53000,16,8000,125.0,1,0.0672335777282713,4.582510009765625,4.5152764320373535,0.3172636082576297,0.0049572438790254,0.0049572438790254
1,8,64,0.25,0.2523,identity,1,1,10,0.156,52500,16,8000,125.0,1,0.0716462554931638,4.44694189453125,4.375295639038086,0.2117722528938232,0.0033089414514659,0.0033089414514659
1,8,64,0.25,0.25,identity,2,1,10,0.156,51500,16,8000,125.0,1,0.0697881813049319,4.769763671875,4.699975490570068,0.5165560058358436,0.008071187591185,0.008071187591185
1,8,64,0.25,0.2539,identity,3,1,10,0.156,94000,16,8000,125.0,1,0.0490621337890626,5.103520751953125,5.054458618164063,0.3128279744817765,0.0048879371012777,0.0048879371012777
1,8,64,0.25,0.251,identity,4,1,10,0.156,39500,16,8000,125.0,1,0.0727174568176272,4.81082275390625,4.738105297088623,0.7287660213106154,0.0113869690829783,0.0113869690829783
1,8,64,0.25,0.2573,relu,0,1,10,0.156,31500,16,8000,125.0,2,0.0733522300720217,4.588628662109375,4.5152764320373535,0.9803270609651068,0.0153176103275797,0.0306352206551595
1,8,64,0.25,0.2523,relu,1,1,10,0.156,44000,16,8000,125.0,1,0.0752199859619144,4.450515625,4.375295639038086,0.146666116293497,0.0022916580670858,0.0022916580670858
1,8,64,0.25,0.25,relu,2,1,10,0.156,69000,16,8000,125.0,2,0.0637356910705566,4.763711181640625,4.699975490570068,0.7847650846044383,0.0122619544469443,0.0245239088938886
1,8,64,0.25,0.2539,relu,3,1,10,0.156,29500,16,8000,125.0,2,0.0648741455078125,5.119332763671875,5.054458618164063,0.2777185567242964,0.0043393524488171,0.0086787048976342
1,8,64,0.25,0.251,relu,4,1,10,0.156,32500,16,8000,125.0,2,0.0713270645141603,4.809431884765625,4.738104820251465,0.4157561117845694,0.0064961892466338,0.0129923784932677
1,8,64,0.5,0.5095,identity,0,1,10,0.156,35500,16,8000,125.0,1,0.0678824462890625,4.901698974609375,4.8338165283203125,0.4943377409800968,0.007724027202814,0.007724027202814
1,8,64,0.5,0.5029,identity,1,1,10,0.156,59500,16,8000,125.0,1,0.0638428573608402,4.792290771484375,4.728447914123535,0.3095262487131471,0.0048363476361429,0.0048363476361429
1,8,64,0.5,0.4999,identity,2,1,10,0.156,71500,16,8000,125.0,1,0.0552323799133303,5.0821064453125,5.02687406539917,0.2135873931172998,0.0033373030174578,0.0033373030174578
1,8,64,0.5,0.5054,identity,3,1,10,0.156,32500,16,8000,125.0,1,0.0644018096923826,5.46356982421875,5.399168014526367,0.5858397386945879,0.0091537459171029,0.0091537459171029
1,8,64,0.5,0.5016,identity,4,1,10,0.156,64000,16,8000,125.0,1,0.0572712173461917,5.130573486328125,5.073302268981934,0.3398785668303207,0.0053106026067237,0.0053106026067237
1,8,64,0.5,0.5095,relu,0,1,10,0.156,50000,16,8000,125.0,2,0.0615828857421876,4.8953994140625,4.8338165283203125,2.7528098631277644,0.0430126541113713,0.0860253082227426
1,8,64,0.5,0.5029,relu,1,1,10,0.156,67000,16,8000,125.0,2,0.0633218612670898,4.791769775390625,4.728447914123535,1.344773787499444,0.0210120904296788,0.0420241808593576
1,8,64,0.5,0.4999,relu,2,1,10,0.156,68000,16,8000,125.0,2,0.0576635322570799,5.08453759765625,5.02687406539917,3.442591294420544,0.053790488975321,0.107580977950642
1,8,64,0.5,0.5054,relu,3,1,10,0.156,48500,16,8000,125.0,2,0.0539706573486329,5.453138671875,5.399168014526367,0.6996760150856576,0.0109324377357134,0.0218648754714268
1,8,64,0.5,0.5016,relu,4,1,10,0.156,47000,16,8000,125.0,2,0.0589062271118168,5.13220849609375,5.073302268981934,2.5174671889445563,0.0393354248272586,0.0786708496545173
1,8,64,0.75,0.7568,identity,0,1,10,0.156,56500,16,8000,125.0,1,0.0495362281799316,5.3172607421875,5.267724514007568,1.7980756780707583,0.0280949324698556,0.0280949324698556
1,8,64,0.75,0.7521,identity,1,1,10,0.156,83500,16,8000,125.0,1,0.0479589691162107,5.24984228515625,5.201883316040039,0.176164843177337,0.0027525756746458,0.0027525756746458
1,8,64,0.75,0.7498,identity,2,1,10,0.156,60500,16,8000,125.0,2,0.0482230682373048,5.44930224609375,5.401079177856445,6.315207539940179,0.0986751178115653,0.1973502356231306
1,8,64,0.75,0.7543,identity,3,1,10,0.156,33000,16,8000,125.0,2,0.0551908950805666,5.88001904296875,5.824828147888184,2.1986425785766124,0.0343537902902595,0.0687075805805191
1,8,64,0.75,0.7514,identity,4,1,10,0.156,61000,16,8000,125.0,2,0.0482790184020993,5.546263427734375,5.497984409332275,6.71327009325337,0.1048948452070839,0.2097896904141678
1,8,64,0.75,0.7568,relu,0,1,10,0.156,44500,16,8000,125.0,2,0.0512752418518065,5.318999755859375,5.267724514007568,5.1538543547959215,0.0805289742936862,0.1610579485873725
1,8,64,0.75,0.7521,relu,1,1,10,0.156,60500,16,8000,125.0,2,0.0522402191162107,5.25412353515625,5.201883316040039,4.791062558808326,0.0748603524813801,0.1497207049627602
1,8,64,0.75,0.7498,relu,2,1,10,0.156,50500,16,8000,125.0,2,0.0486061248779297,5.449685302734375,5.401079177856445,9.066928413879229,0.1416707564668629,0.2833415129337258
1,8,64,0.75,0.7543,relu,3,1,10,0.156,48000,16,8000,125.0,2,0.0470295181274416,5.871857666015625,5.824828147888184,2.2630269705932164,0.035359796415519,0.070719592831038
1,8,64,0.75,0.7514,relu,4,1,10,0.156,51000,16,8000,125.0,2,0.0484877586364742,5.54647216796875,5.497984409332275,6.829457967065547,0.1067102807353991,0.2134205614707983
1,8,64,1.0,1.0,identity,0,1,1,0.016,33500,16,8000,125.0,1,0.0183045616149906,5.899128173828125,5.880823612213135,28.10642623378076,0.4391629099028243,0.4391629099028243
1,8,64,1.0,1.0,identity,1,1,1,0.016,31000,16,8000,125.0,1,0.0205171775817873,5.832939453125,5.812422275543213,51.61139038687058,0.8064279747948528,0.8064279747948528
1,8,64,1.0,1.0,identity,2,1,1,0.016,17000,16,8000,125.0,1,0.0223190727233886,5.841552490234375,5.819233417510986,58.82688587824936,0.9191700918476464,0.9191700918476464
1,8,64,1.0,1.0,identity,3,1,1,0.016,28500,16,8000,125.0,1,0.0204741134643553,6.3939072265625,6.3734331130981445,34.58564138958188,0.5404006467122169,0.5404006467122169
1,8,64,1.0,1.0,identity,4,1,1,0.016,21500,16,8000,125.0,1,0.0205981979370113,5.974101806640625,5.953503608703613,45.80880537552876,0.7157625839926369,0.7157625839926369
1,8,64,1.0,1.0,relu,0,1,1,0.016,33500,16,8000,125.0,1,0.0109857139587399,5.891809326171875,5.880823612213135,48.51745627889579,0.7580852543577468,0.7580852543577468
1,8,64,1.0,1.0,relu,1,1,1,0.016,35000,16,8000,125.0,1,0.0121436424255367,5.82456591796875,5.812422275543213,44.39569794398299,0.6936827803747342,0.6936827803747342
1,8,64,1.0,1.0,relu,2,1,1,0.016,34000,16,8000,125.0,1,0.0107040824890134,5.8299375,5.819233417510986,59.03384162225111,0.9224037753476736,0.9224037753476736
1,8,64,1.0,1.0,relu,3,1,1,0.016,26500,16,8000,125.0,1,0.0120659103393556,6.3854990234375,6.3734331130981445,33.79581008041778,0.5280595325065278,0.5280595325065278
1,8,64,1.0,1.0,relu,4,1,1,0.016,35500,16,8000,125.0,1,0.0103460006713866,5.963849609375,5.953503608703613,58.41032719865112,0.9126613624789236,0.9126613624789236
1,8,96,0.0,0.0,identity,0,0,9,0.094,55000,16,8000,83.3,1,0.0755033454895022,4.4325966796875,4.357093334197998,0.2236030410611284,0.0023291983443867,0.0023291983443867
1,8,96,0.0,0.0,identity,1,0,9,0.094,61500,16,8000,83.3,1,0.0738058891296384,4.215060791015625,4.141254901885986,0.2847240977428918,0.0029658760181551,0.0029658760181551
1,8,96,0.0,0.0,identity,2,0,9,0.094,91000,16,8000,83.3,1,0.0639946670532225,4.4763701171875,4.412375450134277,0.0983696061504257,0.0010246833974002,0.0010246833974002
1,8,96,0.0,0.0,identity,3,0,9,0.094,61500,16,8000,83.3,1,0.0576684265136719,4.74146435546875,4.683795928955078,0.4507859641590311,0.0046956871266565,0.0046956871266565
1,8,96,0.0,0.0,identity,4,0,9,0.094,38000,16,8000,83.3,1,0.0804253578186031,4.59481201171875,4.5143866539001465,0.1692658488341593,0.0017631859253558,0.0017631859253558
1,8,96,0.0,0.0,relu,0,0,9,0.094,65500,16,8000,83.3,2,0.0701454353332522,4.42723876953125,4.357093334197998,0.3024810497442908,0.0031508442681696,0.0063016885363393
1,8,96,0.0,0.0,relu,1,0,9,0.094,47500,16,8000,83.3,1,0.0781166801452633,4.21937158203125,4.141254901885986,0.1720489899370869,0.0017921769785113,0.0017921769785113
1,8,96,0.0,0.0,relu,2,0,9,0.094,42500,16,8000,83.3,2,0.0764060440063474,4.488781494140625,4.412375450134277,0.2753878095360368,0.0028686230160003,0.0057372460320007
1,8,96,0.0,0.0,relu,3,0,9,0.094,53500,16,8000,83.3,1,0.0601503601074222,4.7439462890625,4.683795928955078,1.098988258199289,0.0114477943562425,0.0114477943562425
1,8,96,0.0,0.0,relu,4,0,9,0.094,65000,16,8000,83.3,2,0.0690225257873535,4.5834091796875,4.5143866539001465,0.4474323144077841,0.004660753275081,0.0093215065501621
1,8,96,0.25,0.2573,identity,0,1,10,0.104,64500,16,8000,83.3,1,0.0717023277282713,4.586978759765625,4.5152764320373535,0.257556520513376,0.0026828804220143,0.0026828804220143
1,8,96,0.25,0.2523,identity,1,1,10,0.104,63500,16,8000,83.3,1,0.0763127593994141,4.4516083984375,4.375295639038086,0.2419688968387095,0.0025205093420698,0.0025205093420698
1,8,96,0.25,0.25,identity,2,1,10,0.104,42500,16,8000,83.3,1,0.0826785621643066,4.782654052734375,4.699975490570068,0.2541181411323261,0.0026470639701283,0.0026470639701283
1,8,96,0.25,0.2539,identity,3,1,10,0.104,77500,16,8000,83.3,1,0.0612171630859377,5.11567578125,5.054458618164063,0.5654418831849092,0.0058900196165094,0.0058900196165094
1,8,96,0.25,0.251,identity,4,1,10,0.104,64500,16,8000,83.3,1,0.0700558357238767,4.8081611328125,4.738105297088623,0.2044350032983018,0.0021295312843573,0.0021295312843573
1,8,96,0.25,0.2573,relu,0,1,10,0.104,52500,16,8000,83.3,2,0.0744542808532715,4.589730712890625,4.5152764320373535,1.0617496797856276,0.0110598924977669,0.0221197849955339
1,8,96,0.25,0.2523,relu,1,1,10,0.104,57500,16,8000,83.3,1,0.080096206665039,4.455391845703125,4.375295639038086,0.1219671566191887,0.0012704912147832,0.0012704912147832
1,8,96,0.25,0.25,relu,2,1,10,0.104,78000,16,8000,83.3,2,0.0674620094299314,4.7674375,4.699975490570068,0.8331196532966135,0.0086783297218397,0.0173566594436794
1,8,96,0.25,0.2539,relu,3,1,10,0.104,42000,16,8000,83.3,2,0.0669871826171872,5.12144580078125,5.054458618164063,0.3524993350714111,0.0036718680736605,0.007343736147321
1,8,96,0.25,0.251,relu,4,1,10,0.104,56500,16,8000,83.3,2,0.0695907363891601,4.807695556640625,4.738104820251465,0.4029599509450762,0.0041974994890112,0.0083949989780224
1,8,96,0.5,0.5095,identity,0,1,10,0.104,44500,16,8000,83.3,1,0.073582397460937,4.90739892578125,4.8338165283203125,1.014462193343974,0.0105673145139997,0.0105673145139997
1,8,96,0.5,0.5029,identity,1,1,10,0.104,59500,16,8000,83.3,1,0.0730716171264651,4.80151953125,4.728447914123535,0.1200968517114866,0.0012510088719946,0.0012510088719946
1,8,96,0.5,0.4999,identity,2,1,10,0.104,82500,16,8000,83.3,2,0.0622487373352047,5.089122802734375,5.02687406539917,2.870449107228868,0.029900511533634,0.059801023067268
1,8,96,0.5,0.5054,identity,3,1,10,0.104,39000,16,8000,83.3,1,0.0689433135986323,5.468111328125,5.399168014526367,1.516660595363621,0.015798547868371,0.015798547868371
1,8,96,0.5,0.5016,identity,4,1,10,0.104,49000,16,8000,83.3,1,0.0690827407836911,5.142385009765625,5.073302268981934,1.7438949365403766,0.0181655722556289,0.0181655722556289
1,8,96,0.5,0.5095,relu,0,1,10,0.104,50500,16,8000,83.3,2,0.0671864013671879,4.9010029296875,4.8338165283203125,4.088383103474036,0.0425873239945212,0.0851746479890424
1,8,96,0.5,0.5029,relu,1,1,10,0.104,57000,16,8000,83.3,2,0.072116539001465,4.800564453125,4.728447914123535,3.0980523192723166,0.0322713783257532,0.0645427566515065
1,8,96,0.5,0.4999,relu,2,1,10,0.104,46000,16,8000,83.3,2,0.0683378486633303,5.0952119140625,5.02687406539917,4.932452667212194,0.0513797152834603,0.1027594305669207
1,8,96,0.5,0.5054,relu,3,1,10,0.104,57500,16,8000,83.3,2,0.0589748077392577,5.458142822265625,5.399168014526367,1.406343972222174,0.0146494163773143,0.0292988327546286
1,8,96,0.5,0.5016,relu,4,1,10,0.104,51000,16,8000,83.3,2,0.0645156021118165,5.13781787109375,5.073302268981934,4.054787117595209,0.0422373658082834,0.0844747316165668
1,8,96,0.75,0.7568,identity,0,1,10,0.104,66000,16,8000,83.3,1,0.0547124977111819,5.32243701171875,5.267724514007568,4.73744816986191,0.0493484184360615,0.0493484184360615
1,8,96,0.75,0.7521,identity,1,1,10,0.104,47500,16,8000,83.3,2,0.0650947113037112,5.26697802734375,5.201883316040039,4.640081907042211,0.0483341865316896,0.0966683730633793
1,8,96,0.75,0.7498,identity,2,1,10,0.104,60500,16,8000,83.3,2,0.0568480682373042,5.45792724609375,5.401079177856445,7.25227857484755,0.0755445684879953,0.1510891369759906
1,8,96,0.75,0.7543,identity,3,1,10,0.104,33000,16,8000,83.3,1,0.064081764221191,5.888909912109375,5.824828147888184,1.843121278507729,0.0191991799844555,0.0191991799844555
1,8,96,0.75,0.7514,identity,4,1,10,0.104,57500,16,8000,83.3,1,0.0581659812927242,5.556150390625,5.497984409332275,4.317100717637401,0.0449697991420562,0.0449697991420562
1,8,96,0.75,0.7568,relu,0,1,10,0.104,50500,16,8000,83.3,2,0.055149265289307,5.322873779296875,5.267724514007568,9.232731350420378,0.0961742849002122,0.1923485698004245
1,8,96,0.75,0.7521,relu,1,1,10,0.104,41000,16,8000,83.3,2,0.0643476409912109,5.26623095703125,5.201883316040039,7.612363583804838,0.079295453997967,0.1585909079959341
1,8,96,0.75,0.7498,relu,2,1,10,0.104,50500,16,8000,83.3,2,0.0536217498779301,5.454700927734375,5.401079177856445,12.959852695283104,0.1349984655758656,0.2699969311517313
1,8,96,0.75,0.7543,relu,3,1,10,0.104,37500,16,8000,83.3,2,0.0551113052368164,5.879939453125,5.824828147888184,2.433350892632701,0.0253474051315906,0.0506948102631812
1,8,96,0.75,0.7514,relu,4,1,10,0.104,39500,16,8000,83.3,2,0.0568927879333491,5.554877197265625,5.497984409332275,9.54430792939438,0.0994198742645248,0.1988397485290496
1,8,96,1.0,1.0,identity,0,1,1,0.01,33500,16,8000,83.3,1,0.0247469444274903,5.905570556640625,5.880823612213135,51.51618442244418,0.5366269210671268,0.5366269210671268
1,8,96,1.0,1.0,identity,1,1,1,0.01,22500,16,8000,83.3,1,0.0288086814880372,5.84123095703125,5.812422275543213,67.52289138275832,0.7033634519037325,0.7033634519037325
1,8,96,1.0,1.0,identity,2,1,1,0.01,22000,16,8000,83.3,1,0.0275197563171385,5.846753173828125,5.819233417510986,83.75436759398595,0.8724413291040203,0.8724413291040203
1,8,96,1.0,1.0,identity,3,1,1,0.01,27500,16,8000,83.3,1,0.0262348556518556,6.39966796875,6.3734331130981445,54.736583866633886,0.5701727486107696,0.5701727486107696
1,8,96,1.0,1.0,identity,4,1,1,0.01,21500,16,8000,83.3,1,0.0271482467651367,5.98065185546875,5.953503608703613,84.56986410012536,0.8809360843763058,0.8809360843763058
1,8,96,1.0,1.0,relu,0,1,1,0.01,36500,16,8000,83.3,1,0.0116849327087402,5.892508544921875,5.880823612213135,65.24672488256903,0.6796533841934274,0.6796533841934274
1,8,96,1.0,1.0,relu,1,1,1,0.01,35000,16,8000,83.3,1,0.0122430076599124,5.824665283203125,5.812422275543213,67.60473958031793,0.7042160372949784,0.7042160372949784
1,8,96,1.0,1.0,relu,2,1,1,0.01,40000,16,8000,83.3,1,0.010633037567139,5.829866455078125,5.819233417510986,85.96390013725457,0.8954572930964018,0.8954572930964018
1,8,96,1.0,1.0,relu,3,1,1,0.01,27500,16,8000,83.3,1,0.0127194747924805,6.386152587890625,6.3734331130981445,48.05653540606442,0.5005889104798377,0.5005889104798377
1,8,96,1.0,1.0,relu,4,1,1,0.01,43500,16,8000,83.3,1,0.0102930221557615,5.963796630859375,5.953503608703613,90.5094837429972,0.9428071223228875,0.9428071223228875
1,16,16,0.0,0.0,identity,0,0,17,1.062,78000,16,8000,500.0,1,0.0980848350524903,4.371425537109375,4.273340702056885,0.0298874846810109,0.0018679677925631,0.0018679677925631
1,16,16,0.0,0.0,identity,1,0,17,1.062,104000,16,8000,500.0,1,0.1024978408813472,4.09571435546875,3.9932165145874015,0.026735810734578,0.0016709881709111,0.0016709881709111
1,16,16,0.0,0.0,identity,2,0,17,1.062,75000,16,8000,500.0,1,0.1007402954101559,4.56084619140625,4.460105895996094,0.0890332726296511,0.0055645795393531,0.0055645795393531
1,16,16,0.0,0.0,identity,3,0,17,1.062,92000,16,8000,500.0,1,0.0837771415710451,4.899981689453125,4.81620454788208,0.0323923914366481,0.0020245244647905,0.0020245244647905
1,16,16,0.0,0.0,identity,4,0,17,1.062,79000,16,8000,500.0,1,0.0891689491271972,4.4728564453125,4.383687496185303,0.0480581484998549,0.0030036342812409,0.0030036342812409
1,16,16,0.0,0.0,relu,0,0,17,1.062,99000,16,8000,500.0,2,0.2053204307556155,4.4786611328125,4.273340702056885,2.17086675275467,0.1356791720471668,0.2713583440943337
1,16,16,0.0,0.0,relu,1,0,17,1.062,136500,16,8000,500.0,1,0.1666494579315189,4.1598662109375,3.993216753005981,0.1204919522634735,0.007530747016467,0.007530747016467
1,16,16,0.0,0.0,relu,2,0,17,1.062,111000,16,8000,500.0,2,0.1653298950195312,4.625435791015625,4.460105895996094,1.1471498265279203,0.071696864157995,0.14339372831599
1,16,16,0.0,0.0,relu,3,0,17,1.062,111000,16,8000,500.0,2,0.1627153739929197,4.978919921875,4.81620454788208,0.9272385415122268,0.0579524088445141,0.1159048176890283
1,16,16,0.0,0.0,relu,4,0,17,1.062,143500,16,8000,500.0,2,0.1366372108459472,4.52032470703125,4.383687496185303,0.9008102899557424,0.0563006431222339,0.1126012862444678
1,16,16,0.25,0.2571,identity,0,1,18,1.125,95000,16,8000,500.0,1,0.1187162513732911,4.732849609375,4.614133358001709,0.0381429766971343,0.0023839360435708,0.0023839360435708
1,16,16,0.25,0.2525,identity,1,1,18,1.125,94500,16,8000,500.0,1,0.1222495765686035,4.388497802734375,4.266248226165772,0.0288128249119693,0.001800801556998,0.001800801556998
1,16,16,0.25,0.2501,identity,2,1,18,1.125,79000,16,8000,500.0,1,0.1222676963806153,4.900125,4.777857303619385,0.0703673955535368,0.004397962222096,0.004397962222096
1,16,16,0.25,0.2538,identity,3,1,18,1.125,71500,16,8000,500.0,1,0.0987547035217284,5.1547978515625,5.056043148040772,0.055113207670023,0.0034445754793764,0.0034445754793764
1,16,16,0.25,0.2507,identity,4,1,18,1.125,101500,16,8000,500.0,1,0.1062674942016599,4.746685546875,4.64041805267334,0.0919839631641341,0.0057489976977583,0.0057489976977583
1,16,16,0.25,0.2571,relu,0,1,18,1.125,103500,16,8000,500.0,2,0.1961654701232911,4.810298828125,4.614133358001709,2.207153324315378,0.1379470827697111,0.2758941655394222
1,16,16,0.25,0.2525,relu,1,1,18,1.125,92500,16,8000,500.0,1,0.1979070472717286,4.4641552734375,4.266248226165772,0.2907988556947432,0.0181749284809214,0.0181749284809214
1,16,16,0.25,0.2501,relu,2,1,18,1.125,127500,16,8000,500.0,2,0.232639766693115,5.0104970703125,4.777857303619385,1.1854109386601666,0.0740881836662604,0.1481763673325208
1,16,16,0.25,0.2538,relu,3,1,18,1.125,150000,16,8000,500.0,2,0.1663128089904786,5.22235595703125,5.056043148040772,0.9946095651825136,0.062163097823907,0.1243261956478141
1,16,16,0.25,0.2507,relu,4,1,18,1.125,150000,16,8000,500.0,2,0.1784872207641603,4.8189052734375,4.64041805267334,1.124721833936411,0.0702951146210256,0.1405902292420513
1,16,16,0.5,0.509,identity,0,1,18,1.125,73000,16,8000,500.0,1,0.1038445014953612,5.145878173828125,5.042033672332764,0.0806726549211873,0.0050420409325742,0.0050420409325742
1,16,16,0.5,0.5034,identity,1,1,18,1.125,84000,16,8000,500.0,1,0.1018317451477051,4.69923193359375,4.597400188446045,0.0785279526371922,0.0049079970398245,0.0049079970398245
1,16,16,0.5,0.5002,identity,2,1,18,1.125,92500,16,8000,500.0,1,0.0991156425476074,5.28142431640625,5.182308673858643,0.0403763150199517,0.0025235196887469,0.0025235196887469
1,16,16,0.5,0.5053,identity,3,1,18,1.125,83500,16,8000,500.0,1,0.0791713485717773,5.45372216796875,5.374550819396973,0.0833255359828966,0.005207845998931,0.005207845998931
1,16,16,0.5,0.5009,identity,4,1,18,1.125,86000,16,8000,500.0,1,0.0895074691772457,5.136764892578125,5.047257423400879,0.0358206428945186,0.0022387901809074,0.0022387901809074
1,16,16,0.5,0.509,relu,0,1,18,1.125,126000,16,8000,500.0,2,0.1765695877075197,5.218602783203125,5.0420331954956055,1.333877313657044,0.0833673321035652,0.1667346642071305
1,16,16,0.5,0.5034,relu,1,1,18,1.125,115000,16,8000,500.0,2,0.1602135810852054,4.75761376953125,4.597400188446045,2.359796005865883,0.1474872503666177,0.2949745007332354
1,16,16,0.5,0.5002,relu,2,1,18,1.125,116500,16,8000,500.0,2,0.2202062187194826,5.402514892578125,5.182308673858643,1.2910178153929923,0.080688613462062,0.161377226924124
1,16,16,0.5,0.5053,relu,3,1,18,1.125,106000,16,8000,500.0,2,0.1594167098999026,5.533967529296875,5.374550819396973,0.9723351636152692,0.0607709477259543,0.1215418954519086
1,16,16,0.5,0.5009,relu,4,1,18,1.125,127000,16,8000,500.0,2,0.1709083480834961,5.218165771484375,5.047257423400879,1.41218062191918,0.0882612888699487,0.1765225777398975
1,16,16,0.75,0.7561,identity,0,1,18,1.125,90500,16,8000,500.0,1,0.0701366996765138,5.595791015625,5.525654315948486,0.1217535460369262,0.0076095966273078,0.0076095966273078
1,16,16,0.75,0.7526,identity,1,1,18,1.125,74000,16,8000,500.0,1,0.0695579872131348,5.0389541015625,4.969396114349365,0.2583501878385805,0.0161468867399112,0.0161468867399112
1,16,16,0.75,0.7502,identity,2,1,18,1.125,91500,16,8000,500.0,1,0.068031597137451,5.6974609375,5.629429340362549,0.0819266622598166,0.0051204163912385,0.0051204163912385
1,16,16,0.75,0.7542,identity,3,1,18,1.125,64500,16,8000,500.0,1,0.0589934005737307,5.7845078125,5.7255144119262695,0.1642042975539805,0.0102627685971237,0.0102627685971237
1,16,16,0.75,0.7505,identity,4,1,18,1.125,100000,16,8000,500.0,1,0.0621298980712889,5.59901611328125,5.536886215209961,0.0460336750108426,0.0028771046881776,0.0028771046881776
1,16,16,0.75,0.7561,relu,0,1,18,1.125,108500,16,8000,500.0,2,0.1222385063171387,5.647892822265625,5.525654315948486,1.7826961320843735,0.1114185082552733,0.2228370165105467
1,16,16,0.75,0.7526,relu,1,1,18,1.125,117000,16,8000,500.0,2,0.1018822059631343,5.0712783203125,4.969396114349365,2.312859262139719,0.1445537038837324,0.2891074077674648
1,16,16,0.75,0.7502,relu,2,1,18,1.125,121000,16,8000,500.0,2,0.1380308647155761,5.767460205078125,5.629429340362549,2.521031726548917,0.1575644829093073,0.3151289658186146
1,16,16,0.75,0.7542,relu,3,1,18,1.125,122000,16,8000,500.0,2,0.0996298751831057,5.825144287109375,5.7255144119262695,1.659331708248498,0.1037082317655311,0.2074164635310622
1,16,16,0.75,0.7505,relu,4,1,18,1.125,136000,16,8000,500.0,2,0.1221875152587887,5.65907373046875,5.536886215209961,2.4563573428192687,0.1535223339262043,0.3070446678524086
1,16,16,1.0,1.0,identity,0,1,1,0.062,36500,16,8000,500.0,1,0.0117191772460936,6.022591064453125,6.010871887207031,9.216784526955442,0.5760490329347151,0.5760490329347151
1,16,16,1.0,1.0,identity,1,1,1,0.062,28000,16,8000,500.0,1,0.0127825050354006,5.21416943359375,5.20138692855835,8.704334959398237,0.5440209349623898,0.5440209349623898
1,16,16,1.0,1.0,identity,2,1,1,0.062,30500,16,8000,500.0,1,0.0125180168151857,6.08476123046875,6.0722432136535645,15.237272866444886,0.9523295541528054,0.9523295541528054
1,16,16,1.0,1.0,identity,3,1,1,0.062,34000,16,8000,500.0,1,0.0108363113403324,6.049924560546875,6.039088249206543,12.833486777522223,0.8020929235951391,0.8020929235951391
1,16,16,1.0,1.0,identity,4,1,1,0.062,35500,16,8000,500.0,1,0.0115993576049806,6.05193310546875,6.0403337478637695,14.599290965177085,0.9124556853235676,0.9124556853235676
1,16,16,1.0,1.0,relu,0,1,1,0.062,37000,16,8000,500.0,1,0.0089149780273434,6.019786865234375,6.010871887207031,13.321090261936478,0.8325681413710299,0.8325681413710299
1,16,16,1.0,1.0,relu,1,1,1,0.062,53500,16,8000,500.0,1,0.0078955421447757,5.209282470703125,5.20138692855835,14.269568980664715,0.8918480612915447,0.8918480612915447
1,16,16,1.0,1.0,relu,2,1,1,0.062,34000,16,8000,500.0,1,0.0102538566589354,6.0824970703125,6.0722432136535645,15.09075873357992,0.9431724208487452,0.9431724208487452
1,16,16,1.0,1.0,relu,3,1,1,0.062,27000,16,8000,500.0,1,0.0101522293090816,6.049240478515625,6.039088249206543,11.62573328730105,0.7266083304563157,0.7266083304563157
1,16,16,1.0,1.0,relu,4,1,1,0.062,44500,16,8000,500.0,1,0.0083120040893556,6.048645751953125,6.0403337478637695,13.785041126971416,0.8615650704357135,0.8615650704357135
1,16,32,0.0,0.0,identity,0,0,17,0.531,65000,16,8000,250.0,1,0.0728165245056153,4.3461572265625,4.273340702056885,0.0468112317643172,0.0014628509926349,0.0014628509926349
1,16,32,0.0,0.0,identity,1,0,17,0.531,69500,16,8000,250.0,1,0.076770668029785,4.069987182617187,3.9932165145874015,0.1328046620165106,0.0041501456880159,0.0041501456880159
1,16,32,0.0,0.0,identity,2,0,17,0.531,66500,16,8000,250.0,1,0.0708320922851566,4.53093798828125,4.460105895996094,0.0595553435423389,0.001861104485698,0.001861104485698
1,16,32,0.0,0.0,identity,3,0,17,0.531,65500,16,8000,250.0,2,0.0629485282897945,4.879153076171875,4.81620454788208,0.119746465959621,0.0037420770612381,0.0074841541224763
1,16,32,0.0,0.0,identity,4,0,17,0.531,79000,16,8000,250.0,1,0.0637443885803223,4.447431884765625,4.383687496185303,0.2351812709221243,0.0073494147163163,0.0073494147163163
1,16,32,0.0,0.0,relu,0,0,17,0.531,65500,16,8000,250.0,1,0.07805944442749,4.351400146484375,4.273340702056885,0.0563340341119331,0.0017604385659979,0.0017604385659979
1,16,32,0.0,0.0,relu,1,0,17,0.531,75500,16,8000,250.0,1,0.0800568065643307,4.073273559570312,3.993216753005981,0.0957346280478234,0.0029917071264944,0.0029917071264944
1,16,32,0.0,0.0,relu,2,0,17,0.531,75500,16,8000,250.0,1,0.0733276977539061,4.53343359375,4.460105895996094,0.0317956697263029,0.0009936146789469,0.0009936146789469
1,16,32,0.0,0.0,relu,3,0,17,0.531,55000,16,8000,250.0,2,0.0701406669616702,4.88634521484375,4.81620454788208,0.1442694434195729,0.0045084201068616,0.0090168402137233
1,16,32,0.0,0.0,relu,4,0,17,0.531,70500,16,8000,250.0,2,0.0719875526428222,4.455675048828125,4.383687496185303,0.1260641016026565,0.003939503175083,0.007879006350166
1,16,32,0.25,0.2571,identity,0,1,18,0.562,89500,16,8000,250.0,1,0.0685104408264161,4.682643798828125,4.614133358001709,0.084637151315464,0.0026449109786082,0.0026449109786082
1,16,32,0.25,0.2525,identity,1,1,18,0.562,70000,16,8000,250.0,1,0.0751948890686033,4.341443115234375,4.266248226165772,0.0735208875689355,0.0022975277365292,0.0022975277365292
1,16,32,0.25,0.2501,identity,2,1,18,0.562,67000,16,8000,250.0,1,0.0703814659118649,4.84823876953125,4.777857303619385,0.1042012036417694,0.0032562876138052,0.0032562876138052
1,16,32,0.25,0.2538,identity,3,1,18,0.562,63500,16,8000,250.0,2,0.0625413246154789,5.11858447265625,5.056043148040772,0.1304944914279492,0.0040779528571234,0.0081559057142468
1,16,32,0.25,0.2507,identity,4,1,18,0.562,63000,16,8000,250.0,1,0.0685819473266597,4.709,4.64041805267334,0.0475429863331951,0.0014857183229123,0.0014857183229123
1,16,32,0.25,0.2571,relu,0,1,18,0.562,75500,16,8000,250.0,2,0.0760809974670406,4.69021435546875,4.614133358001709,0.2856816854339417,0.0089275526698106,0.0178551053396213
1,16,32,0.25,0.2525,relu,1,1,18,0.562,64500,16,8000,250.0,1,0.081780826568603,4.348029052734375,4.266248226165772,0.10979689271977,0.0034311528974928,0.0034311528974928
1,16,32,0.25,0.2501,relu,2,1,18,0.562,76500,16,8000,250.0,2,0.073468868255615,4.851326171875,4.777857303619385,0.2207264361643921,0.0068977011301372,0.0137954022602745
1,16,32,0.25,0.2538,relu,3,1,18,0.562,78000,16,8000,250.0,2,0.0650586585998533,5.121101806640625,5.056043148040772,0.2221662961256943,0.0069426967539279,0.0138853935078558
1,16,32,0.25,0.2507,relu,4,1,18,0.562,73500,16,8000,250.0,2,0.07083292388916,4.7112509765625,4.64041805267334,0.2446540375221147,0.007645438672566,0.0152908773451321
1,16,32,0.5,0.509,identity,0,1,18,0.562,68500,16,8000,250.0,1,0.0649236030578617,5.106957275390625,5.042033672332764,0.1617855590101519,0.0050557987190672,0.0050557987190672
1,16,32,0.5,0.5034,identity,1,1,18,0.562,59500,16,8000,250.0,1,0.0689740791320803,4.666374267578125,4.597400188446045,0.1399394177528809,0.0043731068047775,0.0043731068047775
1,16,32,0.5,0.5002,identity,2,1,18,0.562,74500,16,8000,250.0,1,0.0629437675476074,5.24525244140625,5.182308673858643,0.0691263340213589,0.0021601979381674,0.0021601979381674
1,16,32,0.5,0.5053,identity,3,1,18,0.562,66000,16,8000,250.0,1,0.0564335556030277,5.430984375,5.374550819396973,0.1689853582904867,0.0052807924465777,0.0052807924465777
1,16,32,0.5,0.5009,identity,4,1,18,0.562,57500,16,8000,250.0,1,0.0625873031616208,5.1098447265625,5.047257423400879,0.1983184925455377,0.006197452892048,0.006197452892048
1,16,32,0.5,0.509,relu,0,1,18,0.562,78500,16,8000,250.0,2,0.0683791580200194,5.110412353515625,5.0420331954956055,0.8836992224296875,0.0276156007009277,0.0552312014018554
1,16,32,0.5,0.5034,relu,1,1,18,0.562,72000,16,8000,250.0,2,0.0722194404602047,4.66961962890625,4.597400188446045,1.593414915509759,0.0497942161096799,0.0995884322193599
1,16,32,0.5,0.5002,relu,2,1,18,0.562,80500,16,8000,250.0,2,0.0679584159851076,5.25026708984375,5.182308673858643,0.697697102448493,0.0218030344515154,0.0436060689030308
1,16,32,0.5,0.5053,relu,3,1,18,0.562,56000,16,8000,250.0,2,0.0667431259155275,5.4412939453125,5.374550819396973,0.4413589419970898,0.013792466937409,0.0275849338748181
1,16,32,0.5,0.5009,relu,4,1,18,0.562,63500,16,8000,250.0,2,0.0693070297241211,5.116564453125,5.047257423400879,0.5709745562029235,0.0178429548813413,0.0356859097626827
1,16,32,0.75,0.7561,identity,0,1,18,0.562,43000,16,8000,250.0,1,0.0585326957702641,5.58418701171875,5.525654315948486,0.1564458814896727,0.0048889337965522,0.0048889337965522
1,16,32,0.75,0.7526,identity,1,1,18,0.562,47000,16,8000,250.0,2,0.0578011512756351,5.027197265625,4.969396114349365,2.2194385363036786,0.0693574542594899,0.1387149085189799
1,16,32,0.75,0.7502,identity,2,1,18,0.562,56500,16,8000,250.0,1,0.0549671440124512,5.684396484375,5.629429340362549,0.3340237246176068,0.0104382413943002,0.0104382413943002
1,16,32,0.75,0.7542,identity,3,1,18,0.562,52500,16,8000,250.0,1,0.0483037033081057,5.773818115234375,5.7255144119262695,0.3229652153315282,0.0100926629791102,0.0100926629791102
1,16,32,0.75,0.7505,identity,4,1,18,0.562,46000,16,8000,250.0,1,0.0541020660400386,5.59098828125,5.536886215209961,0.2039849971247246,0.0063745311601476,0.0063745311601476
1,16,32,0.75,0.7561,relu,0,1,18,0.562,61000,16,8000,250.0,2,0.0605920219421385,5.586246337890625,5.525654315948486,2.0664173256619405,0.0645755414269356,0.1291510828538712
1,16,32,0.75,0.7526,relu,1,1,18,0.562,72000,16,8000,250.0,2,0.05609631729126,5.025492431640625,4.969396114349365,4.137008106687994,0.1292815033339998,0.2585630066679996
1,16,32,0.75,0.7502,relu,2,1,18,0.562,75000,16,8000,250.0,2,0.0570696830749515,5.6864990234375,5.629429340362549,1.5258038669693763,0.047681370842793,0.095362741685586
1,16,32,0.75,0.7542,relu,3,1,18,0.562,65000,16,8000,250.0,2,0.0518513107299805,5.77736572265625,5.7255144119262695,1.4421533390236876,0.0450672918444902,0.0901345836889804
1,16,32,0.75,0.7505,relu,4,1,18,0.562,67000,16,8000,250.0,2,0.057561050415039,5.594447265625,5.536886215209961,1.8216939255934643,0.0569279351747957,0.1138558703495915
1,16,32,1.0,1.0,identity,0,1,1,0.031,45500,16,8000,250.0,1,0.0125929565429689,6.02346484375,6.010871887207031,5.251874331718762,0.1641210728662113,0.1641210728662113
1,16,32,1.0,1.0,identity,1,1,1,0.031,32500,16,8000,250.0,1,0.0139053077697752,5.215292236328125,5.20138692855835,11.67522194315896,0.3648506857237175,0.3648506857237175
1,16,32,1.0,1.0,identity,2,1,1,0.031,30500,16,8000,250.0,1,0.0149701652526852,6.08721337890625,6.0722432136535645,30.806630116084104,0.9627071911276284,0.9627071911276284
1,16,32,1.0,1.0,identity,3,1,1,0.031,47500,16,8000,250.0,1,0.0115867996215817,6.050675048828125,6.039088249206543,26.32605224166529,0.8226891325520403,0.8226891325520403
1,16,32,1.0,1.0,identity,4,1,1,0.031,34500,16,8000,250.0,1,0.0136513595581053,6.053985107421875,6.0403337478637695,25.85839251885478,0.8080747662142119,0.8080747662142119
1,16,32,1.0,1.0,relu,0,1,1,0.031,37000,16,8000,250.0,1,0.0096183471679687,6.020490234375,6.010871887207031,23.84516755752305,0.7451614861725955,0.7451614861725955
1,16,32,1.0,1.0,relu,1,1,1,0.031,47000,16,8000,250.0,1,0.0089370460510256,5.210323974609375,5.20138692855835,28.826110562585857,0.900815955080808,0.900815955080808
1,16,32,1.0,1.0,relu,2,1,1,0.031,39500,16,8000,250.0,1,0.0101710929870604,6.082414306640625,6.0722432136535645,26.3540356416227,0.8235636138007094,0.8235636138007094
1,16,32,1.0,1.0,relu,3,1,1,0.031,33000,16,8000,250.0,1,0.0099913406372067,6.04907958984375,6.039088249206543,22.35661946115481,0.6986443581610879,0.6986443581610879
1,16,32,1.0,1.0,relu,4,1,1,0.031,47500,16,8000,250.0,1,0.0084108810424803,6.04874462890625,6.0403337478637695,29.756417171986737,0.9298880366245856,0.9298880366245856
1,16,64,0.0,0.0,identity,0,0,17,0.266,65000,16,8000,125.0,1,0.0887112998962402,4.362052001953125,4.273340702056885,0.1710514108908661,0.0026726782951697,0.0026726782951697
1,16,64,0.0,0.0,identity,1,0,17,0.266,74000,16,8000,125.0,1,0.092317665100098,4.0855341796875,3.9932165145874015,0.2115762118352429,0.0033058783099256,0.0033058783099256
1,16,64,0.0,0.0,identity,2,0,17,0.266,49000,16,8000,125.0,2,0.0946973266601558,4.55480322265625,4.460105895996094,0.3885573798490447,0.0060712090601413,0.0121424181202826
1,16,64,0.0,0.0,identity,3,0,17,0.266,74000,16,8000,125.0,2,0.0732642021179197,4.88946875,4.81620454788208,0.2595715382035989,0.0040558052844312,0.0081116105688624
1,16,64,0.0,0.0,identity,4,0,17,0.266,35000,16,8000,125.0,1,0.0996208534240725,4.483308349609375,4.383687496185303,0.2665607156409511,0.0041650111818898,0.0041650111818898
1,16,64,0.0,0.0,relu,0,0,17,0.266,58500,16,8000,125.0,2,0.0947415733337404,4.368082275390625,4.273340702056885,0.1761637169698564,0.002752558077654,0.005505116155308
1,16,64,0.0,0.0,relu,1,0,17,0.266,74000,16,8000,125.0,1,0.0972582225799563,4.090474975585938,3.993216753005981,0.1395759243499564,0.002180873817968,0.002180873817968
1,16,64,0.0,0.0,relu,2,0,17,0.266,65500,16,8000,125.0,2,0.0916895141601559,4.55179541015625,4.460105895996094,0.3444410831414812,0.0053818919240856,0.0107637838481712
1,16,64,0.0,0.0,relu,3,0,17,0.266,52000,16,8000,125.0,2,0.0843213310241699,4.90052587890625,4.81620454788208,0.2046152828942365,0.0031971137952224,0.0063942275904448
1,16,64,0.0,0.0,relu,4,0,17,0.266,49000,16,8000,125.0,2,0.0920991249084473,4.47578662109375,4.383687496185303,0.1585397091359322,0.0024771829552489,0.0049543659104978
1,16,64,0.25,0.2571,identity,0,1,18,0.281,66000,16,8000,125.0,1,0.0899755287170407,4.70410888671875,4.614133358001709,0.2527543491474506,0.0039492867054289,0.0039492867054289
1,16,64,0.25,0.2525,identity,1,1,18,0.281,57000,16,8000,125.0,1,0.0981282386779787,4.36437646484375,4.266248226165772,0.1285532073511672,0.0020086438648619,0.0020086438648619
1,16,64,0.25,0.2501,identity,2,1,18,0.281,86500,16,8000,125.0,1,0.0826424522399902,4.860499755859375,4.777857303619385,0.169319785746838,0.0026456216522943,0.0026456216522943
1,16,64,0.25,0.2538,identity,3,1,18,0.281,65500,16,8000,125.0,1,0.0766228675842288,5.132666015625,5.056043148040772,0.3841890385448223,0.0060029537272628,0.0060029537272628
1,16,64,0.25,0.2507,identity,4,1,18,0.281,46000,16,8000,125.0,1,0.09117081451416,4.7315888671875,4.64041805267334,0.5164975210204483,0.0080702737659445,0.0080702737659445
1,16,64,0.25,0.2571,relu,0,1,18,0.281,51500,16,8000,125.0,2,0.0971420326232905,4.711275390625,4.614133358001709,0.3129267331118173,0.0048894802048721,0.0097789604097442
1,16,64,0.25,0.2525,relu,1,1,18,0.281,52500,16,8000,125.0,1,0.1007913246154785,4.36703955078125,4.266248226165772,0.1739324638703636,0.0027176947479744,0.0027176947479744
1,16,64,0.25,0.2501,relu,2,1,18,0.281,46500,16,8000,125.0,2,0.0970228233337398,4.874880126953125,4.777857303619385,0.3406488334925169,0.0053226380233205,0.0106452760466411
1,16,64,0.25,0.2538,relu,3,1,18,0.281,42000,16,8000,125.0,2,0.0863679847717282,5.1424111328125,5.056043148040772,0.3581761465696862,0.0055965022901513,0.0111930045803026
1,16,64,0.25,0.2507,relu,4,1,18,0.281,44500,16,8000,125.0,2,0.091314613342285,4.731732666015625,4.64041805267334,0.4371657868211576,0.0068307154190805,0.0136614308381611
1,16,64,0.5,0.509,identity,0,1,18,0.281,72500,16,8000,125.0,1,0.0794038276672362,5.1214375,5.042033672332764,0.1830222506175944,0.0028597226658999,0.0028597226658999
1,16,64,0.5,0.5034,identity,1,1,18,0.281,34000,16,8000,125.0,1,0.0982836494445802,4.695683837890625,4.597400188446045,0.4965836353566997,0.0077591193024484,0.0077591193024484
1,16,64,0.5,0.5002,identity,2,1,18,0.281,57500,16,8000,125.0,1,0.0836957206726074,5.26600439453125,5.182308673858643,0.191404890518846,0.0029907014143569,0.0029907014143569
1,16,64,0.5,0.5053,identity,3,1,18,0.281,60000,16,8000,125.0,2,0.0713937606811523,5.445944580078125,5.374550819396973,0.7245737441469771,0.0113214647522965,0.022642929504593
1,16,64,0.5,0.5009,identity,4,1,18,0.281,47500,16,8000,125.0,1,0.0820880355834958,5.129345458984375,5.047257423400879,0.2125802741693087,0.0033215667838954,0.0033215667838954
1,16,64,0.5,0.509,relu,0,1,18,0.281,46000,16,8000,125.0,2,0.0899360427856441,5.13196923828125,5.0420331954956055,1.275184580469499,0.0199247590698359,0.0398495181396718
1,16,64,0.5,0.5034,relu,1,1,18,0.281,65500,16,8000,125.0,2,0.0872492256164552,4.6846494140625,4.597400188446045,2.6208726434142964,0.0409511350533483,0.0819022701066967
1,16,64,0.5,0.5002,relu,2,1,18,0.281,59000,16,8000,125.0,2,0.0850980644226071,5.26740673828125,5.182308673858643,0.8563347408876917,0.0133802303263701,0.0267604606527403
1,16,64,0.5,0.5053,relu,3,1,18,0.281,41000,16,8000,125.0,2,0.0795858993530274,5.45413671875,5.374550819396973,0.7459923081145766,0.0116561298142902,0.0233122596285805
1,16,64,0.5,0.5009,relu,4,1,18,0.281,43500,16,8000,125.0,2,0.0847948226928707,5.13205224609375,5.047257423400879,0.9199439601954348,0.0143741243780536,0.0287482487561073
1,16,64,0.75,0.7561,identity,0,1,18,0.281,68500,16,8000,125.0,1,0.0632983207702633,5.58895263671875,5.525654315948486,0.4963194999316087,0.0077549921864313,0.0077549921864313
1,16,64,0.75,0.7526,identity,1,1,18,0.281,61500,16,8000,125.0,1,0.0680487098693847,5.03744482421875,4.969396114349365,2.802144105809176,0.0437835016532683,0.0437835016532683
1,16,64,0.75,0.7502,identity,2,1,18,0.281,27500,16,8000,125.0,2,0.082479839324951,5.7119091796875,5.629429340362549,2.1794996910110176,0.0340546826720471,0.0681093653440943
1,16,64,0.75,0.7542,identity,3,1,18,0.281,42000,16,8000,125.0,2,0.0634687423706052,5.788983154296875,5.7255144119262695,2.993267119539785,0.0467697987428091,0.0935395974856183
1,16,64,0.75,0.7505,identity,4,1,18,0.281,46000,16,8000,125.0,1,0.0684463043212888,5.60533251953125,5.536886215209961,1.0264327554911454,0.0160380118045491,0.0160380118045491
1,16,64,0.75,0.7561,relu,0,1,18,0.281,47500,16,8000,125.0,2,0.0740810356140135,5.5997353515625,5.525654315948486,4.046609844665555,0.0632282788228993,0.1264565576457986
1,16,64,0.75,0.7526,relu,1,1,18,0.281,48500,16,8000,125.0,2,0.0746561317443843,5.04405224609375,4.969396114349365,8.601658814189006,0.1344009189717032,0.2688018379434064
1,16,64,0.75,0.7502,relu,2,1,18,0.281,50500,16,8000,125.0,2,0.0720677299499508,5.7014970703125,5.629429340362549,2.9884808891626413,0.0466950138931662,0.0933900277863325
1,16,64,0.75,0.7542,relu,3,1,18,0.281,41000,16,8000,125.0,2,0.0659233322143553,5.791437744140625,5.7255144119262695,2.764968405624705,0.043202631337886,0.086405262675772
1,16,64,0.75,0.7505,relu,4,1,18,0.281,60000,16,8000,125.0,2,0.0672168121337888,5.60410302734375,5.536886215209961,2.6043752018104613,0.0406933625282884,0.0813867250565769
1,16,64,1.0,1.0,identity,0,1,1,0.016,36500,16,8000,125.0,1,0.0186107788085934,6.029482666015625,6.010871887207031,32.21289019831172,0.5033264093486206,0.5033264093486206
1,16,64,1.0,1.0,identity,1,1,1,0.016,33000,16,8000,125.0,1,0.0188669776916503,5.22025390625,5.20138692855835,46.10040541871231,0.7203188346673799,0.7203188346673799
1,16,64,1.0,1.0,identity,2,1,1,0.016,21000,16,8000,125.0,1,0.0220080070495605,6.094251220703125,6.0722432136535645,60.96459189319872,0.95257174833123,0.95257174833123
1,16,64,1.0,1.0,identity,3,1,1,0.016,19500,16,8000,125.0,1,0.0205848464965816,6.059673095703125,6.039088249206543,51.788406932644456,0.8091938583225696,0.8091938583225696
1,16,64,1.0,1.0,identity,4,1,1,0.016,17500,16,8000,125.0,1,0.0221809005737307,6.0625146484375,6.0403337478637695,50.10674146636412,0.7829178354119394,0.7829178354119394
1,16,64,1.0,1.0,relu,0,1,1,0.016,39000,16,8000,125.0,1,0.010875427246094,6.021747314453125,6.010871887207031,52.23758513098305,0.8162122676716101,0.8162122676716101
1,16,64,1.0,1.0,relu,1,1,1,0.016,36000,16,8000,125.0,1,0.0106848487854005,5.21207177734375,5.20138692855835,59.45869833822954,0.9290421615348364,0.9290421615348364
1,16,64,1.0,1.0,relu,2,1,1,0.016,37000,16,8000,125.0,1,0.0110026359558101,6.083245849609375,6.0722432136535645,52.889891851902384,0.8264045601859747,0.8264045601859747
1,16,64,1.0,1.0,relu,3,1,1,0.016,28000,16,8000,125.0,1,0.0112713699340822,6.050359619140625,6.039088249206543,47.46494506229378,0.7416397665983403,0.7416397665983403
1,16,64,1.0,1.0,relu,4,1,1,0.016,33000,16,8000,125.0,1,0.0114616622924801,6.05179541015625,6.0403337478637695,54.52877911869429,0.8520121737295983,0.8520121737295983
1,16,96,0.0,0.0,identity,0,0,17,0.177,65000,16,8000,83.3,1,0.0992352256774902,4.372575927734375,4.273340702056885,0.3369575517037212,0.0035099744969137,0.0035099744969137
1,16,96,0.0,0.0,identity,1,0,17,0.177,55500,16,8000,83.3,1,0.1115766983032227,4.104793212890625,3.9932165145874015,0.3023148962394905,0.0031491135024946,0.0031491135024946
1,16,96,0.0,0.0,identity,2,0,17,0.177,53500,16,8000,83.3,1,0.1051536254882812,4.565259521484375,4.460105895996094,0.2321693270552093,0.0024184304901584,0.0024184304901584
1,16,96,0.0,0.0,identity,3,0,17,0.177,47500,16,8000,83.3,2,0.0936611747741702,4.90986572265625,4.81620454788208,0.4947640402497957,0.0051537920859353,0.0103075841718707
1,16,96,0.0,0.0,identity,4,0,17,0.177,67000,16,8000,83.3,1,0.0900600624084475,4.47374755859375,4.383687496185303,0.1602409023793786,0.0016691760664518,0.0016691760664518
1,16,96,0.0,0.0,relu,0,0,17,0.177,39500,16,8000,83.3,2,0.1141627159118652,4.38750341796875,4.273340702056885,0.2757117498065856,0.0028719973938186,0.0057439947876372
1,16,96,0.0,0.0,relu,1,0,17,0.177,45000,16,8000,83.3,1,0.1182081737518307,4.111424926757812,3.993216753005981,0.2101675715232971,0.002189245536701,0.002189245536701
1,16,96,0.0,0.0,relu,2,0,17,0.177,54500,16,8000,83.3,2,0.1086939086914062,4.5687998046875,4.460105895996094,0.5917452833833665,0.0061640133685767,0.0123280267371534
1,16,96,0.0,0.0,relu,3,0,17,0.177,60000,16,8000,83.3,2,0.0956648368835448,4.911869384765625,4.81620454788208,0.357484513311784,0.0037237970136644,0.0074475940273288
1,16,96,0.0,0.0,relu,4,0,17,0.177,39000,16,8000,83.3,2,0.1067036170959472,4.49039111328125,4.383687496185303,0.3271803240759064,0.0034081283757906,0.0068162567515813
1,16,96,0.25,0.2571,identity,0,1,18,0.188,66000,16,8000,83.3,1,0.101024600982666,4.715157958984375,4.614133358001709,0.205984408333115,0.0021456709201366,0.0021456709201366
1,16,96,0.25,0.2525,identity,1,1,18,0.188,74500,16,8000,83.3,1,0.1028511390686031,4.369099365234375,4.266248226165772,0.2725126438343249,0.0028386733732742,0.0028386733732742
1,16,96,0.25,0.2501,identity,2,1,18,0.188,86500,16,8000,83.3,1,0.0935191612243651,4.87137646484375,4.777857303619385,0.2246310694902265,0.0023399069738565,0.0023399069738565
1,16,96,0.25,0.2538,identity,3,1,18,0.188,73000,16,8000,83.3,2,0.0835066566467288,5.1395498046875,5.056043148040772,0.3607176159970002,0.0037574751666354,0.0075149503332708
1,16,96,0.25,0.2507,identity,4,1,18,0.188,47000,16,8000,83.3,1,0.1022960586547849,4.742714111328125,4.64041805267334,0.4576086863141976,0.0047667571491062,0.0047667571491062
1,16,96,0.25,0.2571,relu,0,1,18,0.188,51500,16,8000,83.3,2,0.1102094154357908,4.7243427734375,4.614133358001709,0.4822853141971085,0.0050238053562198,0.0100476107124397
1,16,96,0.25,0.2525,relu,1,1,18,0.188,52500,16,8000,83.3,2,0.1163508949279785,4.38259912109375,4.266248226165772,1.2774834300414153,0.0133071190629314,0.0266142381258628
1,16,96,0.25,0.2501,relu,2,1,18,0.188,50000,16,8000,83.3,2,0.109619258880615,4.8874765625,4.777857303619385,0.4422216369920289,0.0046064753853336,0.0092129507706672
1,16,96,0.25,0.2538,relu,3,1,18,0.188,56000,16,8000,83.3,2,0.0953909339904788,5.15143408203125,5.056043148040772,0.3447599209654421,0.0035912491767233,0.0071824983534467
1,16,96,0.25,0.2507,relu,4,1,18,0.188,50500,16,8000,83.3,2,0.1030008926391605,4.7434189453125,4.64041805267334,0.3610198791762276,0.003760623741419,0.007521247482838
1,16,96,0.5,0.509,identity,0,1,18,0.188,47500,16,8000,83.3,1,0.1007317085266112,5.142765380859375,5.042033672332764,0.5802265905532918,0.0060440269849301,0.0060440269849301
1,16,96,0.5,0.5034,identity,1,1,18,0.188,61000,16,8000,83.3,1,0.0941647529602054,4.69156494140625,4.597400188446045,0.7940844959308129,0.0082717134992793,0.0082717134992793
1,16,96,0.5,0.5002,identity,2,1,18,0.188,57500,16,8000,83.3,1,0.0927196464538573,5.2750283203125,5.182308673858643,0.1579927191385551,0.0016457574910266,0.0016457574910266
1,16,96,0.5,0.5053,identity,3,1,18,0.188,66000,16,8000,83.3,1,0.0790461044311525,5.453596923828125,5.374550819396973,0.9754383578026096,0.0101608162271105,0.0101608162271105
1,16,96,0.5,0.5009,identity,4,1,18,0.188,47500,16,8000,83.3,1,0.0929498519897462,5.140207275390625,5.047257423400879,0.3290771929673973,0.0034278874267437,0.0034278874267437
1,16,96,0.5,0.509,relu,0,1,18,0.188,56000,16,8000,83.3,2,0.1000380935668943,5.1420712890625,5.0420331954956055,1.215513965681394,0.0126616038091811,0.0253232076183623
1,16,96,0.5,0.5034,relu,1,1,18,0.188,43000,16,8000,83.3,2,0.1058832588195803,4.703283447265625,4.597400188446045,4.963040819827917,0.0516983418732074,0.1033966837464149
1,16,96,0.5,0.5002,relu,2,1,18,0.188,49000,16,8000,83.3,2,0.0998129081726073,5.28212158203125,5.182308673858643,1.3670052582831416,0.014239638107116,0.0284792762142321
1,16,96,0.5,0.5053,relu,3,1,18,0.188,48000,16,8000,83.3,2,0.088512657165527,5.4630634765625,5.374550819396973,0.6886376162018957,0.007173308502103,0.0143466170042061
1,16,96,0.5,0.5009,relu,4,1,18,0.188,41000,16,8000,83.3,2,0.0961603012084957,5.143417724609375,5.047257423400879,0.8690150796538921,0.0090522404130613,0.0181044808261227
1,16,96,0.75,0.7561,identity,0,1,18,0.188,46500,16,8000,83.3,2,0.0828578910827637,5.60851220703125,5.525654315948486,4.84877236655891,0.0505080454849886,0.1010160909699772
1,16,96,0.75,0.7526,identity,1,1,18,0.188,53500,16,8000,83.3,2,0.0793739051818844,5.04877001953125,4.969396114349365,6.5914415743894565,0.0686608497332235,0.137321699466447
1,16,96,0.75,0.7502,identity,2,1,18,0.188,41000,16,8000,83.3,2,0.0836605033874509,5.71308984375,5.629429340362549,3.271655669754405,0.0340797465599417,0.0681594931198834
1,16,96,0.75,0.7542,identity,3,1,18,0.188,42000,16,8000,83.3,2,0.0722956466674809,5.79781005859375,5.7255144119262695,4.881246691186343,0.0508463196998577,0.1016926393997154
1,16,96,0.75,0.7505,identity,4,1,18,0.188,57000,16,8000,83.3,2,0.0748012847900394,5.6116875,5.536886215209961,3.185338500148449,0.0331806093765463,0.0663612187530926
1,16,96,0.75,0.7561,relu,0,1,18,0.188,47000,16,8000,83.3,2,0.0839565238952637,5.60961083984375,5.525654315948486,6.513790068901704,0.0678519798843927,0.1357039597687855
1,16,96,0.75,0.7526,relu,1,1,18,0.188,38000,16,8000,83.3,2,0.0866097450256351,5.056005859375,4.969396114349365,13.366730330608412,0.1392367742771709,0.2784735485543419
1,16,96,0.75,0.7502,relu,2,1,18,0.188,54000,16,8000,83.3,2,0.0817615776062012,5.71119091796875,5.629429340362549,3.812600433801505,0.039714587852099,0.079429175704198
1,16,96,0.75,0.7542,relu,3,1,18,0.188,37500,16,8000,83.3,2,0.0769394454956051,5.802453857421875,5.7255144119262695,5.182872286172812,0.0539882529809667,0.1079765059619335
1,16,96,0.75,0.7505,relu,4,1,18,0.188,56500,16,8000,83.3,2,0.0779694976806641,5.614855712890625,5.536886215209961,4.655066393242423,0.0484902749296085,0.0969805498592171
1,16,96,1.0,1.0,identity,0,1,1,0.01,13000,16,8000,83.3,1,0.0313097534179691,6.042181640625,6.010871887207031,67.35352227582668,0.7015991903731945,0.7015991903731945
1,16,96,1.0,1.0,identity,1,1,1,0.01,33000,16,8000,83.3,1,0.025343784332275,5.226730712890625,5.20138692855835,66.98117388260727,0.697720561277159,0.697720561277159
1,16,96,1.0,1.0,identity,2,1,1,0.01,32000,16,8000,83.3,1,0.0266903800964355,6.09893359375,6.0722432136535645,83.65205481062608,0.8713755709440217,0.8713755709440217
1,16,96,1.0,1.0,identity,3,1,1,0.01,29500,16,8000,83.3,1,0.0252115554809568,6.0642998046875,6.039088249206543,66.90654150080357,0.6969431406333705,0.6969431406333705
1,16,96,1.0,1.0,identity,4,1,1,0.01,23000,16,8000,83.3,1,0.0278469161987304,6.0681806640625,6.0403337478637695,87.9515220972354,0.9161616885128688,0.9161616885128688
1,16,96,1.0,1.0,relu,0,1,1,0.01,40500,16,8000,83.3,1,0.0109513549804685,6.0218232421875,6.010871887207031,76.68589094241146,0.7988113639834528,0.7988113639834528
1,16,96,1.0,1.0,relu,1,1,1,0.01,47000,16,8000,83.3,1,0.0098945655822753,5.211281494140625,5.20138692855835,88.48021185657493,0.9216688735059888,0.9216688735059888
1,16,96,1.0,1.0,relu,2,1,1,0.01,22000,16,8000,83.3,1,0.0142626457214358,6.086505859375,6.0722432136535645,78.61021126828348,0.8188563673779529,0.8188563673779529
1,16,96,1.0,1.0,relu,3,1,1,0.01,44500,16,8000,83.3,1,0.0098826980590818,6.048970947265625,6.039088249206543,70.3625712122552,0.7329434501276584,0.7329434501276584
1,16,96,1.0,1.0,relu,4,1,1,0.01,33000,16,8000,83.3,1,0.0116193771362302,6.051953125,6.0403337478637695,85.62722640393751,0.8919502750410158,0.8919502750410158
1,32,16,0.0,0.0,identity,0,0,33,2.062,89500,16,8000,500.0,1,0.5182663764953617,4.840085205078125,4.321818828582764,0.0462448412420318,0.0028903025776269,0.0028903025776269
1,32,16,0.0,0.0,identity,1,0,33,2.062,116500,16,8000,500.0,1,0.5830430145263668,4.56711474609375,3.984071731567383,0.056782743525222,0.0035489214703263,0.0035489214703263
1,32,16,0.0,0.0,identity,2,0,33,2.062,97000,16,8000,500.0,1,0.520084587097168,4.898049560546875,4.377964973449707,0.07275700421882,0.0045473127636762,0.0045473127636762
1,32,16,0.0,0.0,identity,3,0,33,2.062,89000,16,8000,500.0,1,0.3930488014221192,5.014334716796875,4.621285915374756,0.1050490075881529,0.0065655629742595,0.0065655629742595
1,32,16,0.0,0.0,identity,4,0,33,2.062,83500,16,8000,500.0,1,0.4422651977539065,4.759030029296875,4.316764831542969,0.0680222334906878,0.0042513895931679,0.0042513895931679
1,32,16,0.0,0.0,relu,0,0,33,2.062,108500,16,8000,500.0,2,0.5833794136047361,4.9051982421875,4.321818828582764,2.02995549780216,0.126872218612635,0.25374443722527
1,32,16,0.0,0.0,relu,1,0,33,2.062,132000,16,8000,500.0,1,0.6426523895263676,4.62672412109375,3.984071731567383,0.1024203618371654,0.0064012726148228,0.0064012726148228
1,32,16,0.0,0.0,relu,2,0,33,2.062,135500,16,8000,500.0,2,0.5859605636596683,4.963925537109375,4.377964973449707,2.285277061224951,0.1428298163265594,0.2856596326531189
1,32,16,0.0,0.0,relu,3,0,33,2.062,111500,16,8000,500.0,2,0.4433859596252443,5.064671875,4.621285915374756,1.9411114071577549,0.1213194629473596,0.2426389258947193
1,32,16,0.0,0.0,relu,4,0,33,2.062,143500,16,8000,500.0,2,0.4852639770507814,4.80202880859375,4.316764831542969,1.8335857092067087,0.1145991068254193,0.2291982136508386
1,32,16,0.25,0.2584,identity,0,1,34,2.125,96500,16,8000,500.0,1,0.4687056007385255,5.0584287109375,4.589723110198975,0.0601809386915208,0.00376130866822,0.00376130866822
1,32,16,0.25,0.2526,identity,1,1,34,2.125,101500,16,8000,500.0,1,0.5439344444274905,4.82237158203125,4.27843713760376,0.0807150896514808,0.0050446931032175,0.0050446931032175
1,32,16,0.25,0.2499,identity,2,1,34,2.125,82500,16,8000,500.0,1,0.4847878799438474,5.209602294921875,4.724814414978027,0.0564325294790545,0.0035270330924409,0.0035270330924409
1,32,16,0.25,0.2535,identity,3,1,34,2.125,89000,16,8000,500.0,1,0.3537658691406253,5.293951416015625,4.940185546875,0.101111995156612,0.0063194996972882,0.0063194996972882
1,32,16,0.25,0.2507,identity,4,1,34,2.125,97500,16,8000,500.0,1,0.4036176681518553,5.055279541015625,4.6516618728637695,0.0951442466647875,0.0059465154165492,0.0059465154165492
1,32,16,0.25,0.2584,relu,0,1,34,2.125,139500,16,8000,500.0,2,0.5297270851135254,5.1194501953125,4.589723110198975,1.5807784972329268,0.0987986560770579,0.1975973121541158
1,32,16,0.25,0.2526,relu,1,1,34,2.125,118500,16,8000,500.0,2,0.597063106536865,4.875500244140625,4.27843713760376,2.227985524155376,0.139249095259711,0.278498190519422
1,32,16,0.25,0.2499,relu,2,1,34,2.125,150000,16,8000,500.0,2,0.5380676651000975,5.262882080078125,4.724814414978027,1.7965483267681484,0.1122842704230092,0.2245685408460185
1,32,16,0.25,0.2535,relu,3,1,34,2.125,112000,16,8000,500.0,2,0.4232597656249997,5.3634453125,4.940185546875,1.4569924369254903,0.0910620273078431,0.1821240546156863
1,32,16,0.25,0.2507,relu,4,1,34,2.125,135000,16,8000,500.0,2,0.4567260665893551,5.108387939453125,4.6516618728637695,1.5142037458673732,0.0946377341167108,0.1892754682334216
1,32,16,0.5,0.5121,identity,0,1,34,2.125,63500,16,8000,500.0,1,0.3661449546813964,5.30659228515625,4.9404473304748535,0.111534446832812,0.0069709029270507,0.0069709029270507
1,32,16,0.5,0.5036,identity,1,1,34,2.125,91500,16,8000,500.0,1,0.4382643280029299,5.1147646484375,4.67650032043457,0.0607728759378179,0.0037983047461136,0.0037983047461136
1,32,16,0.5,0.4996,identity,2,1,34,2.125,85500,16,8000,500.0,1,0.376944843292236,5.49191552734375,5.114970684051514,0.1056741063192184,0.0066046316449511,0.0066046316449511
1,32,16,0.5,0.5046,identity,3,1,34,2.125,90000,16,8000,500.0,1,0.2680948715209963,5.58784375,5.319748878479004,0.0968024649509435,0.0060501540594339,0.0060501540594339
1,32,16,0.5,0.5009,identity,4,1,34,2.125,73000,16,8000,500.0,1,0.3079030036926271,5.291644287109375,4.983741283416748,0.0834908176713368,0.0052181761044585,0.0052181761044585
1,32,16,0.5,0.5121,relu,0,1,34,2.125,104000,16,8000,500.0,2,0.4301727981567387,5.37062060546875,4.940447807312012,1.7418177820585858,0.1088636113786616,0.2177272227573232
1,32,16,0.5,0.5036,relu,1,1,34,2.125,150000,16,8000,500.0,2,0.4965326385498043,5.173032958984375,4.67650032043457,2.6241708125343184,0.1640106757833949,0.3280213515667898
1,32,16,0.5,0.4996,relu,2,1,34,2.125,128500,16,8000,500.0,2,0.4188349800109865,5.5338056640625,5.114970684051514,1.7878955756267223,0.1117434734766701,0.2234869469533403
1,32,16,0.5,0.5046,relu,3,1,34,2.125,131000,16,8000,500.0,2,0.3341217269897463,5.65387060546875,5.319748878479004,1.7338851589113604,0.10836782243196,0.21673564486392
1,32,16,0.5,0.5009,relu,4,1,34,2.125,150000,16,8000,500.0,2,0.3430494880676269,5.326790771484375,4.983741283416748,1.995691510034671,0.1247307193771669,0.2494614387543338
1,32,16,0.75,0.7602,identity,0,1,34,2.125,84000,16,8000,500.0,1,0.2161616172790523,5.6103671875,5.394205570220947,0.1771563941466741,0.0110722746341671,0.0110722746341671
1,32,16,0.75,0.7529,identity,1,1,34,2.125,103500,16,8000,500.0,1,0.2634904975891112,5.43342333984375,5.169932842254639,0.1181087586523961,0.0073817974157747,0.0073817974157747
1,32,16,0.75,0.7493,identity,2,1,34,2.125,96000,16,8000,500.0,1,0.2204219665527347,5.799924072265625,5.579502105712891,0.0816092915792167,0.005100580723701,0.005100580723701
1,32,16,0.75,0.7533,identity,3,1,34,2.125,93500,16,8000,500.0,1,0.1612727279663088,5.942401611328125,5.781128883361816,0.1407408107992797,0.0087963006749549,0.0087963006749549
1,32,16,0.75,0.7506,identity,4,1,34,2.125,71000,16,8000,500.0,1,0.1845799179077145,5.56891162109375,5.384331703186035,0.1829274408041571,0.0114329650502598,0.0114329650502598
1,32,16,0.75,0.7602,relu,0,1,34,2.125,119000,16,8000,500.0,2,0.2665053672790529,5.6607109375,5.394205570220947,2.256993442794009,0.1410620901746255,0.2821241803492511
1,32,16,0.75,0.7529,relu,1,1,34,2.125,147500,16,8000,500.0,2,0.320408954620361,5.490341796875,5.169932842254639,4.035775764273157,0.2522359852670723,0.5044719705341446
1,32,16,0.75,0.7493,relu,2,1,34,2.125,124000,16,8000,500.0,2,0.2828247985839844,5.862326904296875,5.579502105712891,2.8682901593971515,0.1792681349623219,0.3585362699246439
1,32,16,0.75,0.7533,relu,3,1,34,2.125,139500,16,8000,500.0,2,0.2190490951538084,6.000177978515625,5.781128883361816,1.7350204521671106,0.1084387782604444,0.2168775565208888
1,32,16,0.75,0.7506,relu,4,1,34,2.125,145000,16,8000,500.0,2,0.2193655624389645,5.603697265625,5.384331703186035,2.6060333161369376,0.1628770822585586,0.3257541645171172
1,32,16,1.0,1.0,identity,0,1,1,0.062,27000,16,8000,500.0,1,0.0124766006469725,5.93974462890625,5.927268028259277,8.13580838606194,0.5084880241288713,0.5084880241288713
1,32,16,1.0,1.0,identity,1,1,1,0.062,38500,16,8000,500.0,1,0.0115283813476558,5.75740087890625,5.745872497558594,10.276696466679342,0.6422935291674589,0.6422935291674589
1,32,16,1.0,1.0,identity,2,1,1,0.062,30000,16,8000,500.0,1,0.0124220733642577,6.129790771484375,6.117368698120117,15.385659892287087,0.9616037432679432,0.9616037432679432
1,32,16,1.0,1.0,identity,3,1,1,0.062,40000,16,8000,500.0,1,0.0106839218139649,6.33587255859375,6.325188636779785,9.290616244222974,0.5806635152639359,0.5806635152639359
1,32,16,1.0,1.0,identity,4,1,1,0.062,38500,16,8000,500.0,1,0.010927677154541,5.853271484375,5.842343807220459,14.43173057043465,0.9019831606521655,0.9019831606521655
1,32,16,1.0,1.0,relu,0,1,1,0.062,45000,16,8000,500.0,1,0.0084236221313478,5.935691650390625,5.927268028259277,13.02191781111175,0.8138698631944844,0.8138698631944844
1,32,16,1.0,1.0,relu,1,1,1,0.062,41500,16,8000,500.0,1,0.0092246704101564,5.75509716796875,5.745872497558594,11.252177111602728,0.7032610694751705,0.7032610694751705
1,32,16,1.0,1.0,relu,2,1,1,0.062,41500,16,8000,500.0,1,0.0084789466857913,6.12584716796875,6.117368221282959,13.378642324775033,0.8361651452984394,0.8361651452984394
1,32,16,1.0,1.0,relu,3,1,1,0.062,35000,16,8000,500.0,1,0.0092337265014652,6.33442236328125,6.325188636779785,9.851180787234355,0.6156987992021473,0.6156987992021473
1,32,16,1.0,1.0,relu,4,1,1,0.062,44500,16,8000,500.0,1,0.0080902748107911,5.85043408203125,5.842343807220459,14.731822891780707,0.9207389307362944,0.9207389307362944
1,32,32,0.0,0.0,identity,0,0,33,1.031,83000,16,8000,250.0,1,0.1035327339172367,4.4253515625,4.321818828582764,0.0704475158782906,0.0022014848711965,0.0022014848711965
1,32,32,0.0,0.0,identity,1,0,33,1.031,70500,16,8000,250.0,1,0.1286613006591794,4.112733032226562,3.984071731567383,0.0331179740410014,0.0010349366887812,0.0010349366887812
1,32,32,0.0,0.0,identity,2,0,33,1.031,73500,16,8000,250.0,1,0.1182952804565431,4.49626025390625,4.377964973449707,0.0459433619083118,0.0014357300596347,0.0014357300596347
1,32,32,0.0,0.0,identity,3,0,33,1.031,83000,16,8000,250.0,1,0.0881171607971191,4.709403076171875,4.621285915374756,0.1468611325250718,0.0045894103914084,0.0045894103914084
1,32,32,0.0,0.0,identity,4,0,33,1.031,81000,16,8000,250.0,1,0.0958269653320309,4.412591796875,4.316764831542969,0.058676145627677,0.0018336295508649,0.0018336295508649
1,32,32,0.0,0.0,relu,0,0,33,1.031,94500,16,8000,250.0,1,0.1459033393859865,4.46772216796875,4.321818828582764,0.1696148956317031,0.0053004654884907,0.0053004654884907
1,32,32,0.0,0.0,relu,1,0,33,1.031,97000,16,8000,250.0,1,0.1557704315185546,4.139842163085937,3.984071731567383,0.1865238637908135,0.0058288707434629,0.0058288707434629
1,32,32,0.0,0.0,relu,2,0,33,1.031,95000,16,8000,250.0,2,0.1534156417846679,4.531380615234375,4.377964973449707,0.4145715565952118,0.0129553611436003,0.0259107222872007
1,32,32,0.0,0.0,relu,3,0,33,1.031,70500,16,8000,250.0,2,0.1463732643127437,4.7676591796875,4.621285915374756,0.1870278948782149,0.0058446217149442,0.0116892434298884
1,32,32,0.0,0.0,relu,4,0,33,1.031,97000,16,8000,250.0,2,0.1452026977539064,4.461967529296875,4.316764831542969,0.4706889776778769,0.0147090305524336,0.0294180611048673
1,32,32,0.25,0.2584,identity,0,1,34,1.062,66000,16,8000,250.0,1,0.1156247901916502,4.705347900390625,4.589723110198975,0.0671996663224471,0.0020999895725764,0.0020999895725764
1,32,32,0.25,0.2526,identity,1,1,34,1.062,84500,16,8000,250.0,1,0.1159503135681152,4.394387451171875,4.27843713760376,0.0374372573149374,0.0011699142910917,0.0011699142910917
1,32,32,0.25,0.2499,identity,2,1,34,1.062,81500,16,8000,250.0,1,0.1115278701782225,4.83634228515625,4.724814414978027,0.0333950563680816,0.0010435955115025,0.0010435955115025
1,32,32,0.25,0.2535,identity,3,1,34,1.062,77000,16,8000,250.0,1,0.0939436035156253,5.034129150390625,4.940185546875,0.1013777550735407,0.0031680548460481,0.0031680548460481
1,32,32,0.25,0.2507,identity,4,1,34,1.062,100500,16,8000,250.0,1,0.0994985275268556,4.751160400390625,4.6516618728637695,0.0323443757180761,0.0010107617411898,0.0010107617411898
1,32,32,0.25,0.2584,relu,0,1,34,1.062,97500,16,8000,250.0,2,0.1705932960510257,4.76031640625,4.589723110198975,0.811983700408147,0.0253744906377545,0.0507489812755091
1,32,32,0.25,0.2526,relu,1,1,34,1.062,117500,16,8000,250.0,1,0.1639566612243648,4.442393798828125,4.27843713760376,0.1938405711664025,0.00605751784895,0.00605751784895
1,32,32,0.25,0.2499,relu,2,1,34,1.062,122500,16,8000,250.0,2,0.1666072158813474,4.891421630859375,4.724814414978027,0.6811522835509317,0.0212860088609666,0.0425720177219332
1,32,32,0.25,0.2535,relu,3,1,34,1.062,109000,16,8000,250.0,2,0.1441247558593748,5.084310302734375,4.940185546875,0.5426772606664525,0.0169586643958266,0.0339173287916532
1,32,32,0.25,0.2507,relu,4,1,34,1.062,116500,16,8000,250.0,2,0.1583415451049807,4.81000341796875,4.6516618728637695,0.352414330838942,0.0110129478387169,0.0220258956774338
1,32,32,0.5,0.5121,identity,0,1,34,1.062,63500,16,8000,250.0,1,0.1096925621032713,5.050139892578125,4.9404473304748535,0.0687538654745068,0.0021485582960783,0.0021485582960783
1,32,32,0.5,0.5036,identity,1,1,34,1.062,77000,16,8000,250.0,1,0.1026578826904298,4.779158203125,4.67650032043457,0.0665718408529335,0.0020803700266541,0.0020803700266541
1,32,32,0.5,0.4996,identity,2,1,34,1.062,83500,16,8000,250.0,1,0.0953757514953617,5.210346435546875,5.114970684051514,0.0834860081437336,0.0026089377544916,0.0026089377544916
1,32,32,0.5,0.5046,identity,3,1,34,1.062,64000,16,8000,250.0,1,0.0926214828491209,5.412370361328125,5.319748878479004,0.0899115098053501,0.0028097346814171,0.0028097346814171
1,32,32,0.5,0.5009,identity,4,1,34,1.062,58500,16,8000,250.0,1,0.1039550056457523,5.0876962890625,4.983741283416748,0.0823736748718644,0.0025741773397457,0.0025741773397457
1,32,32,0.5,0.5121,relu,0,1,34,1.062,121000,16,8000,250.0,2,0.1478834915161133,5.088331298828125,4.940447807312012,1.2170526910610926,0.0380328965956591,0.0760657931913182
1,32,32,0.5,0.5036,relu,1,1,34,1.062,103000,16,8000,250.0,2,0.1545875701904293,4.831087890625,4.67650032043457,1.4717470775597306,0.0459920961737415,0.0919841923474831
1,32,32,0.5,0.4996,relu,2,1,34,1.062,114500,16,8000,250.0,2,0.1640532417297366,5.27902392578125,5.114970684051514,1.1578290986322648,0.0361821593322582,0.0723643186645165
1,32,32,0.5,0.5046,relu,3,1,34,1.062,84000,16,8000,250.0,2,0.1457728500366206,5.465521728515625,5.319748878479004,0.5958524346795366,0.0186203885837355,0.037240777167471
1,32,32,0.5,0.5009,relu,4,1,34,1.062,104500,16,8000,250.0,2,0.1513544197082517,5.135095703125,4.983741283416748,0.9530270976407984,0.0297820968012749,0.0595641936025498
1,32,32,0.75,0.7602,identity,0,1,34,1.062,70000,16,8000,250.0,1,0.0826249961853031,5.47683056640625,5.394205570220947,0.1226649404860633,0.0038332793901894,0.0038332793901894
1,32,32,0.75,0.7529,identity,1,1,34,1.062,58000,16,8000,250.0,1,0.0923764839172367,5.262309326171875,5.169932842254639,0.0970025782209244,0.0030313305694038,0.0030313305694038
1,32,32,0.75,0.7493,identity,2,1,34,1.062,78000,16,8000,250.0,1,0.0804241638183596,5.65992626953125,5.579502105712891,0.2013581493922963,0.0062924421685092,0.0062924421685092
1,32,32,0.75,0.7533,identity,3,1,34,1.062,67000,16,8000,250.0,1,0.071573509216309,5.852702392578125,5.781128883361816,0.1925077251264523,0.0060158664102016,0.0060158664102016
1,32,32,0.75,0.7506,identity,4,1,34,1.062,84500,16,8000,250.0,1,0.0731834335327148,5.45751513671875,5.384331703186035,0.3377094487040769,0.0105534202720024,0.0105534202720024
1,32,32,0.75,0.7602,relu,0,1,34,1.062,89500,16,8000,250.0,2,0.1260825157165523,5.5202880859375,5.394205570220947,2.0534800122123515,0.0641712503816359,0.1283425007632719
1,32,32,0.75,0.7529,relu,1,1,34,1.062,97000,16,8000,250.0,2,0.1255002632141115,5.29543310546875,5.169932842254639,2.445053909435234,0.076407934669851,0.1528158693397021
1,32,32,0.75,0.7493,relu,2,1,34,1.062,116500,16,8000,250.0,2,0.1261202087402342,5.705622314453125,5.579502105712891,2.621095686696835,0.081909240209276,0.1638184804185521
1,32,32,0.75,0.7533,relu,3,1,34,1.062,112000,16,8000,250.0,2,0.1256074447631832,5.906736328125,5.781128883361816,0.8760400673762895,0.027376252105509,0.054752504211018
1,32,32,0.75,0.7506,relu,4,1,34,1.062,98000,16,8000,250.0,2,0.1226382675170896,5.506969970703125,5.384331703186035,2.530873587833718,0.0790897996198036,0.1581795992396073
1,32,32,1.0,1.0,identity,0,1,1,0.031,27000,16,8000,250.0,1,0.0139192276000974,5.941187255859375,5.927268028259277,19.465625906528857,0.6083008095790268,0.6083008095790268
1,32,32,1.0,1.0,identity,1,1,1,0.031,42000,16,8000,250.0,1,0.0134146118164064,5.759287109375,5.745872497558594,24.483802714037697,0.765118834813678,0.765118834813678
1,32,32,1.0,1.0,identity,2,1,1,0.031,26000,16,8000,250.0,1,0.0152648468017577,6.132633544921875,6.117368698120117,30.608987494975185,0.9565308592179744,0.9565308592179744
1,32,32,1.0,1.0,identity,3,1,1,0.031,27500,16,8000,250.0,1,0.0148040390014649,6.33999267578125,6.325188636779785,10.918657090942366,0.3412080340919489,0.3412080340919489
1,32,32,1.0,1.0,identity,4,1,1,0.031,41500,16,8000,250.0,1,0.0129540443420408,5.8552978515625,5.842343807220459,29.796085505085955,0.931127672033936,0.931127672033936
1,32,32,1.0,1.0,relu,0,1,1,0.031,45000,16,8000,250.0,1,0.0086626358032226,5.9359306640625,5.927268028259277,24.83314265852056,0.7760357080787675,0.7760357080787675
1,32,32,1.0,1.0,relu,1,1,1,0.031,42500,16,8000,250.0,1,0.0099863891601561,5.75585888671875,5.745872497558594,22.43221842011105,0.7010068256284703,0.7010068256284703
1,32,32,1.0,1.0,relu,2,1,1,0.031,34500,16,8000,250.0,1,0.010365421295166,6.127733642578125,6.117368221282959,27.738827378356454,0.8668383555736393,0.8668383555736393
1,32,32,1.0,1.0,relu,3,1,1,0.031,39500,16,8000,250.0,1,0.0093601913452152,6.334548828125,6.325188636779785,19.62838640688468,0.6133870752151461,0.6133870752151461
1,32,32,1.0,1.0,relu,4,1,1,0.031,44500,16,8000,250.0,1,0.0088673744201663,5.851211181640625,5.842343807220459,25.915509589545454,0.8098596746732956,0.8098596746732956
1,32,64,0.0,0.0,identity,0,0,33,0.516,55500,16,8000,125.0,1,0.1313330268859864,4.45315185546875,4.321818828582764,0.1451525850348043,0.0022680091411688,0.0022680091411688
1,32,64,0.0,0.0,identity,1,0,33,0.516,53000,16,8000,125.0,1,0.1423625946044922,4.126434326171875,3.984071731567383,0.1216272602116531,0.001900425940807,0.001900425940807
1,32,64,0.0,0.0,identity,2,0,33,0.516,52000,16,8000,125.0,1,0.1297064132690426,4.50767138671875,4.377964973449707,0.1618190601084518,0.0025284228141945,0.0025284228141945
1,32,64,0.0,0.0,identity,3,0,33,0.516,40500,16,8000,125.0,2,0.1120705299377444,4.7333564453125,4.621285915374756,0.3395713721423892,0.0053058026897248,0.0106116053794496
1,32,64,0.0,0.0,identity,4,0,33,0.516,58500,16,8000,125.0,1,0.116440002441406,4.433204833984375,4.316764831542969,0.2027988281438162,0.0031687316897471,0.0031687316897471
1,32,64,0.0,0.0,relu,0,0,33,0.516,63500,16,8000,125.0,2,0.1392422065734866,4.46106103515625,4.321818828582764,0.1458107594568775,0.0022782931165137,0.0045565862330274
1,32,64,0.0,0.0,relu,1,0,33,0.516,56000,16,8000,125.0,1,0.1554705047607418,4.139542236328125,3.984071731567383,0.1572179162760175,0.0024565299418127,0.0024565299418127
1,32,64,0.0,0.0,relu,2,0,33,0.516,71000,16,8000,125.0,2,0.137642936706543,4.51560791015625,4.377964973449707,0.1705781127973898,0.0026652830124592,0.0053305660249184
1,32,64,0.0,0.0,relu,3,0,33,0.516,50000,16,8000,125.0,2,0.1184906959533691,4.739776611328125,4.621285915374756,0.228095294837327,0.0035639889818332,0.0071279779636664
1,32,64,0.0,0.0,relu,4,0,33,0.516,78000,16,8000,125.0,2,0.1254492797851565,4.442214111328125,4.316764831542969,0.3020449891784434,0.0047194529559131,0.0094389059118263
1,32,64,0.25,0.2584,identity,0,1,34,0.531,53500,16,8000,125.0,1,0.1263330421447754,4.71605615234375,4.589723110198975,0.1470459583056446,0.0022975930985256,0.0022975930985256
1,32,64,0.25,0.2526,identity,1,1,34,0.531,49500,16,8000,125.0,1,0.1392708702087404,4.4177080078125,4.27843713760376,0.2425703740479787,0.0037901620944996,0.0037901620944996
1,32,64,0.25,0.2499,identity,2,1,34,0.531,47000,16,8000,125.0,1,0.1278738174438478,4.852688232421875,4.724814414978027,0.1081406866221326,0.0016896982284708,0.0016896982284708
1,32,64,0.25,0.2535,identity,3,1,34,0.531,43000,16,8000,125.0,2,0.10933154296875,5.04951708984375,4.940185546875,0.3724677812892363,0.0058198090826443,0.0116396181652886
1,32,64,0.25,0.2507,identity,4,1,34,0.531,40000,16,8000,125.0,1,0.1227487716674806,4.77441064453125,4.6516618728637695,0.1405296729800827,0.0021957761403137,0.0021957761403137
1,32,64,0.25,0.2584,relu,0,1,34,0.531,54500,16,8000,125.0,2,0.1395283546447752,4.72925146484375,4.589723110198975,0.4659619273989389,0.0072806551156084,0.0145613102312168
1,32,64,0.25,0.2526,relu,1,1,34,0.531,63500,16,8000,125.0,1,0.1527593955993653,4.431196533203125,4.27843713760376,0.121665616334507,0.0019010252552266,0.0019010252552266
1,32,64,0.25,0.2499,relu,2,1,34,0.531,61500,16,8000,125.0,2,0.1367266006469725,4.861541015625,4.724814414978027,0.4551955005050957,0.0071124296953921,0.0142248593907842
1,32,64,0.25,0.2535,relu,3,1,34,0.531,62000,16,8000,125.0,2,0.1157504882812503,5.05593603515625,4.940185546875,0.1999347464361322,0.0031239804130645,0.0062479608261291
1,32,64,0.25,0.2507,relu,4,1,34,0.531,72500,16,8000,125.0,2,0.12627709197998,4.77793896484375,4.6516618728637695,0.3245981244922419,0.0050718456951912,0.0101436913903825
1,32,64,0.5,0.5121,identity,0,1,34,0.531,47000,16,8000,125.0,1,0.1140077476501462,5.054455078125,4.9404473304748535,0.2402777843123454,0.0037543403798803,0.0037543403798803
1,32,64,0.5,0.5036,identity,1,1,34,0.531,53000,16,8000,125.0,1,0.121741134643555,4.798241455078125,4.67650032043457,0.152572009461763,0.00238393764784,0.00238393764784
1,32,64,0.5,0.4996,identity,2,1,34,0.531,48000,16,8000,125.0,1,0.1145727729797361,5.22954345703125,5.114970684051514,0.1493145016992822,0.0023330390890512,0.0023330390890512
1,32,64,0.5,0.5046,identity,3,1,34,0.531,53500,16,8000,125.0,2,0.0986446762084964,5.4183935546875,5.319748878479004,0.4193951456287452,0.0065530491504491,0.0131060983008982
1,32,64,0.5,0.5009,identity,4,1,34,0.531,46500,16,8000,125.0,1,0.1075526618957516,5.0912939453125,4.983741283416748,0.2773001388025466,0.0043328146687897,0.0043328146687897
1,32,64,0.5,0.5121,relu,0,1,34,0.531,63500,16,8000,125.0,2,0.1228854446411134,5.063333251953125,4.940447807312012,1.0141287290204073,0.0158457613909438,0.0316915227818877
1,32,64,0.5,0.5036,relu,1,1,34,0.531,76500,16,8000,125.0,2,0.1329418182373043,4.809442138671875,4.67650032043457,1.3946102745860198,0.0217907855404065,0.0435815710808131
1,32,64,0.5,0.4996,relu,2,1,34,0.531,74000,16,8000,125.0,2,0.1214773139953617,5.236447998046875,5.114970684051514,1.1979139360971522,0.018717405251518,0.037434810503036
1,32,64,0.5,0.5046,relu,3,1,34,0.531,68500,16,8000,125.0,2,0.1060372543334962,5.4257861328125,5.319748878479004,0.454707647663197,0.0071048069947374,0.0142096139894749
1,32,64,0.5,0.5009,relu,4,1,34,0.531,70000,16,8000,125.0,2,0.1148280525207523,5.0985693359375,4.983741283416748,1.3209613349940654,0.0206400208592822,0.0412800417185645
1,32,64,0.75,0.7602,identity,0,1,34,0.531,52000,16,8000,125.0,1,0.0893281211853027,5.48353369140625,5.394205570220947,1.1863547997801056,0.0185367937465641,0.0185367937465641
1,32,64,0.75,0.7529,identity,1,1,34,0.531,45500,16,8000,125.0,2,0.1010239448547363,5.270956787109375,5.169932842254639,2.49149328477092,0.0389295825745456,0.0778591651490912
1,32,64,0.75,0.7493,identity,2,1,34,0.531,31000,16,8000,125.0,2,0.0994439392089843,5.678946044921875,5.579502105712891,1.8164564529196627,0.0283821320768697,0.0567642641537394
1,32,64,0.75,0.7533,identity,3,1,34,0.531,49000,16,8000,125.0,2,0.0820315170288088,5.863160400390625,5.781128883361816,1.2647108814838954,0.0197611075231858,0.0395222150463717
1,32,64,0.75,0.7506,identity,4,1,34,0.531,52500,16,8000,125.0,2,0.0851936874389647,5.469525390625,5.384331703186035,2.9654340830351846,0.0463349075474247,0.0926698150948495
1,32,64,0.75,0.7602,relu,0,1,34,0.531,54500,16,8000,125.0,2,0.107421871185303,5.50162744140625,5.394205570220947,3.7273835390245673,0.0582403677972588,0.1164807355945177
1,32,64,0.75,0.7529,relu,1,1,34,0.531,81000,16,8000,125.0,2,0.1082605171203612,5.278193359375,5.169932842254639,2.701440388964642,0.0422100060775725,0.084420012155145
1,32,64,0.75,0.7493,relu,2,1,34,0.531,80000,16,8000,125.0,2,0.1019705505371098,5.68147265625,5.579502105712891,2.849202711226839,0.0445187923629193,0.0890375847258387
1,32,64,0.75,0.7533,relu,3,1,34,0.531,72000,16,8000,125.0,2,0.1000554428100581,5.881184326171875,5.781128883361816,1.8778822334249596,0.0293419098972649,0.0586838197945299
1,32,64,0.75,0.7506,relu,4,1,34,0.531,74500,16,8000,125.0,2,0.0964932479858395,5.480824951171875,5.384331703186035,3.23950808996388,0.0506173139056856,0.1012346278113712
1,32,64,1.0,1.0,identity,0,1,1,0.016,27000,16,8000,125.0,1,0.0201665420532224,5.9474345703125,5.927268028259277,43.24339954436547,0.6756781178807104,0.6756781178807104
1,32,64,1.0,1.0,identity,1,1,1,0.016,35500,16,8000,125.0,1,0.0197288208007808,5.765601318359375,5.745872497558594,45.793286648929545,0.7155201038895241,0.7155201038895241
1,32,64,1.0,1.0,identity,2,1,1,0.016,29000,16,8000,125.0,1,0.0200397491455079,6.137408447265625,6.117368698120117,61.61382938044561,0.9627160840694626,0.9627160840694626
1,32,64,1.0,1.0,identity,3,1,1,0.016,23500,16,8000,125.0,1,0.0203120956420894,6.345500732421875,6.325188636779785,22.59338048674181,0.3530215701053408,0.3530215701053408
1,32,64,1.0,1.0,identity,4,1,1,0.016,27500,16,8000,125.0,1,0.0197201576232908,5.86206396484375,5.842343807220459,59.8849045038501,0.9357016328726578,0.9357016328726578
1,32,64,1.0,1.0,relu,0,1,1,0.016,28500,16,8000,125.0,1,0.0123794326782222,5.9396474609375,5.927268028259277,46.37072807281525,0.7245426261377383,0.7245426261377383
1,32,64,1.0,1.0,relu,1,1,1,0.016,45500,16,8000,125.0,1,0.0106624145507812,5.756534912109375,5.745872497558594,46.79787572968417,0.7312168082763152,0.7312168082763152
1,32,64,1.0,1.0,relu,2,1,1,0.016,26000,16,8000,125.0,1,0.0127753334045408,6.1301435546875,6.117368221282959,51.8242923885099,0.8097545685704672,0.8097545685704672
1,32,64,1.0,1.0,relu,3,1,1,0.016,41000,16,8000,125.0,1,0.0100945663452147,6.335283203125,6.325188636779785,35.431142951223705,0.5536116086128704,0.5536116086128704
1,32,64,1.0,1.0,relu,4,1,1,0.016,37500,16,8000,125.0,1,0.0107514076232906,5.85309521484375,5.842343807220459,55.66098641737311,0.8697029127714548,0.8697029127714548
1,32,96,0.0,0.0,identity,0,0,33,0.344,66000,16,8000,83.3,1,0.1440127143859859,4.46583154296875,4.321818828582764,0.167622614994969,0.0017460689061975,0.0017460689061975
1,32,96,0.0,0.0,identity,1,0,33,0.344,53000,16,8000,83.3,1,0.1666141815185549,4.150685913085938,3.984071731567383,0.2331696827281641,0.0024288508617517,0.0024288508617517
1,32,96,0.0,0.0,identity,2,0,33,0.344,52000,16,8000,83.3,1,0.1524949874877927,4.5304599609375,4.377964973449707,0.279204355858432,0.0029083787068586,0.0029083787068586
1,32,96,0.0,0.0,identity,3,0,33,0.344,51500,16,8000,83.3,2,0.1242758522033691,4.745561767578125,4.621285915374756,0.452576050164087,0.0047143338558759,0.0094286677117518
1,32,96,0.0,0.0,identity,4,0,33,0.344,58500,16,8000,83.3,2,0.1355420532226565,4.452306884765625,4.316764831542969,0.5736353193842417,0.0059753679102525,0.011950735820505
1,32,96,0.0,0.0,relu,0,0,33,0.344,67000,16,8000,83.3,2,0.1562968940734865,4.47811572265625,4.321818828582764,0.1786942017031367,0.0018613979344076,0.0037227958688153
1,32,96,0.0,0.0,relu,1,0,33,0.344,58500,16,8000,83.3,1,0.1666851043701172,4.1507568359375,3.984071731567383,0.1488580463476507,0.0015506046494546,0.0015506046494546
1,32,96,0.0,0.0,relu,2,0,33,0.344,51500,16,8000,83.3,1,0.1598668136596677,4.537831787109375,4.377964973449707,0.3390435898166011,0.0035317040605895,0.0035317040605895
1,32,96,0.0,0.0,relu,3,0,33,0.344,49500,16,8000,83.3,2,0.1359831275939944,4.75726904296875,4.621285915374756,0.3390466756849132,0.0035317362050511,0.0070634724101023
1,32,96,0.0,0.0,relu,4,0,33,0.344,46500,16,8000,83.3,2,0.1504517211914064,4.467216552734375,4.316764831542969,0.3342288334356726,0.0034815503482882,0.0069631006965765
1,32,96,0.25,0.2584,identity,0,1,34,0.354,87000,16,8000,83.3,1,0.1307139015197753,4.72043701171875,4.589723110198975,0.136762652825992,0.0014246109669374,0.0014246109669374
1,32,96,0.25,0.2526,identity,1,1,34,0.354,82000,16,8000,83.3,1,0.1463426475524905,4.42477978515625,4.27843713760376,0.1720741944223692,0.001792439525233,0.001792439525233
1,32,96,0.25,0.2499,identity,2,1,34,0.354,88500,16,8000,83.3,1,0.1295908584594727,4.8544052734375,4.724814414978027,0.1839976746393873,0.0019166424441602,0.0019166424441602
1,32,96,0.25,0.2535,identity,3,1,34,0.354,57000,16,8000,83.3,2,0.12213134765625,5.06231689453125,4.940185546875,0.3716628375121097,0.0038714878907511,0.0077429757815022
1,32,96,0.25,0.2507,identity,4,1,34,0.354,81000,16,8000,83.3,1,0.1235964279174801,4.77525830078125,4.6516618728637695,0.4119440092877601,0.0042910834300808,0.0042910834300808
1,32,96,0.25,0.2584,relu,0,1,34,0.354,55500,16,8000,83.3,2,0.1565727882385257,4.7462958984375,4.589723110198975,0.4592080539848323,0.0047834172290086,0.0095668344580173
1,32,96,0.25,0.2526,relu,1,1,34,0.354,50500,16,8000,83.3,1,0.1700740928649899,4.44851123046875,4.27843713760376,0.1469441627011283,0.00153066836147,0.00153066836147
1,32,96,0.25,0.2499,relu,2,1,34,0.354,57500,16,8000,83.3,2,0.1568655166625978,4.881679931640625,4.724814414978027,0.6910657409521559,0.0071986014682516,0.0143972029365032
1,32,96,0.25,0.2535,relu,3,1,34,0.354,55000,16,8000,83.3,2,0.1353872070312496,5.07557275390625,4.940185546875,0.3601860145307921,0.0037519376513624,0.0075038753027248
1,32,96,0.25,0.2507,relu,4,1,34,0.354,60000,16,8000,83.3,2,0.1479836349487309,4.7996455078125,4.6516618728637695,0.4542186911672184,0.0047314446996585,0.009462889399317
1,32,96,0.5,0.5121,identity,0,1,34,0.354,63000,16,8000,83.3,1,0.1242040367126469,5.0646513671875,4.9404473304748535,0.2230420413083029,0.0023233545969614,0.0023233545969614
1,32,96,0.5,0.5036,identity,1,1,34,0.354,53000,16,8000,83.3,1,0.1408199920654294,4.8173203125,4.67650032043457,0.342948953934635,0.0035723849368191,0.0035723849368191
1,32,96,0.5,0.4996,identity,2,1,34,0.354,47000,16,8000,83.3,1,0.1347155952453613,5.249686279296875,5.114970684051514,0.2642829664063373,0.0027529475667326,0.0027529475667326
1,32,96,0.5,0.5046,identity,3,1,34,0.354,64000,16,8000,83.3,1,0.1068770980834958,5.4266259765625,5.319748878479004,0.5233580982305691,0.0054516468565684,0.0054516468565684
1,32,96,0.5,0.5009,identity,4,1,34,0.354,58500,16,8000,83.3,1,0.1193378181457518,5.1030791015625,4.983741283416748,0.3451835909038514,0.0035956624052484,0.0035956624052484
1,32,96,0.5,0.5121,relu,0,1,34,0.354,52000,16,8000,83.3,2,0.144093208312988,5.084541015625,4.940447807312012,1.4066655986081151,0.0146527666521678,0.0293055333043357
1,32,96,0.5,0.5036,relu,1,1,34,0.354,62500,16,8000,83.3,2,0.1538448944091799,4.83034521484375,4.67650032043457,1.9538870944880549,0.0203529905675839,0.0407059811351678
1,32,96,0.5,0.4996,relu,2,1,34,0.354,51000,16,8000,83.3,2,0.1451828804016113,5.260153564453125,5.114970684051514,1.819423983765575,0.0189523331642247,0.0379046663284494
1,32,96,0.5,0.5046,relu,3,1,34,0.354,43000,16,8000,83.3,2,0.1298841781616211,5.449633056640625,5.319748878479004,0.6073560999758107,0.0063266260414146,0.0126532520828293
1,32,96,0.5,0.5009,relu,4,1,34,0.354,56500,16,8000,83.3,2,0.1353436775207521,5.1190849609375,4.983741283416748,1.5170732766538586,0.015802846631811,0.031605693263622
1,32,96,0.75,0.7602,identity,0,1,34,0.354,52000,16,8000,83.3,1,0.1028478965759278,5.497053466796875,5.394205570220947,1.176987378723562,0.0122602851950371,0.0122602851950371
1,32,96,0.75,0.7529,identity,1,1,34,0.354,55500,16,8000,83.3,1,0.1115437202453613,5.2814765625,5.169932842254639,0.4572000791946965,0.0047625008249447,0.0047625008249447
1,32,96,0.75,0.7493,identity,2,1,34,0.354,31000,16,8000,83.3,2,0.1181797790527348,5.697681884765625,5.579502105712891,2.6862546447391185,0.0279818192160324,0.0559636384320649
1,32,96,0.75,0.7533,identity,3,1,34,0.354,49000,16,8000,83.3,2,0.0949157943725582,5.876044677734375,5.781128883361816,2.2803162000953607,0.0237532937509933,0.0475065875019866
1,32,96,0.75,0.7506,identity,4,1,34,0.354,63500,16,8000,83.3,1,0.0945623397827146,5.47889404296875,5.384331703186035,1.911765322648471,0.0199142221109215,0.0199142221109215
1,32,96,0.75,0.7602,relu,0,1,34,0.354,54500,16,8000,83.3,2,0.1220869102478028,5.51629248046875,5.394205570220947,4.032509183655465,0.042005303996411,0.0840106079928221
1,32,96,0.75,0.7529,relu,1,1,34,0.354,55000,16,8000,83.3,2,0.130995380401611,5.30092822265625,5.169932842254639,5.35343418495615,0.0557649394266265,0.1115298788532531
1,32,96,0.75,0.7493,relu,2,1,34,0.354,67000,16,8000,83.3,2,0.1223706970214841,5.701872802734375,5.579502105712891,2.9421905306985523,0.0306478180281099,0.0612956360562198
1,32,96,0.75,0.7533,relu,3,1,34,0.354,62000,16,8000,83.3,2,0.1157070541381832,5.8968359375,5.781128883361816,3.6665850762159296,0.0381935945439159,0.0763871890878318
1,32,96,0.75,0.7506,relu,4,1,34,0.354,50500,16,8000,83.3,2,0.1189031600952148,5.50323486328125,5.384331703186035,6.376450133784328,0.0664213555602534,0.1328427111205068
1,32,96,1.0,1.0,identity,0,1,1,0.01,27000,16,8000,83.3,1,0.0252554092407226,5.9525234375,5.927268028259277,70.53673176793862,0.734757622582694,0.734757622582694
1,32,96,1.0,1.0,identity,1,1,1,0.01,33000,16,8000,83.3,1,0.0256821899414063,5.7715546875,5.745872497558594,33.82992958713354,0.3523950998659744,0.3523950998659744
1,32,96,1.0,1.0,identity,2,1,1,0.01,32500,16,8000,83.3,1,0.025733840942383,6.1431025390625,6.117368698120117,90.61793476961806,0.9439368205168548,0.9439368205168548
1,32,96,1.0,1.0,identity,3,1,1,0.01,22000,16,8000,83.3,1,0.0275935897827146,6.3527822265625,6.325188636779785,32.44539055569095,0.3379728182884474,0.3379728182884474
1,32,96,1.0,1.0,identity,4,1,1,0.01,18000,16,8000,83.3,1,0.0275018959045407,5.869845703125,5.842343807220459,86.8643490208833,0.9048369689675344,0.9048369689675344
1,32,96,1.0,1.0,relu,0,1,1,0.01,37000,16,8000,83.3,1,0.0110227432250979,5.938290771484375,5.927268028259277,74.0167695958512,0.77100801662345,0.77100801662345
1,32,96,1.0,1.0,relu,1,1,1,0.01,41500,16,8000,83.3,1,0.0113555297851561,5.75722802734375,5.745872497558594,71.02293847886098,0.7398222758214685,0.7398222758214685
1,32,96,1.0,1.0,relu,2,1,1,0.01,34500,16,8000,83.3,1,0.011555606842041,6.128923828125,6.117368221282959,79.0144991255775,0.8230676992247656,0.8230676992247656
1,32,96,1.0,1.0,relu,3,1,1,0.01,29000,16,8000,83.3,1,0.0121785507202147,6.3373671875,6.325188636779785,51.849253526057126,0.5400963908964284,0.5400963908964284
1,32,96,1.0,1.0,relu,4,1,1,0.01,25000,16,8000,83.3,1,0.0135038490295409,5.85584765625,5.842343807220459,81.64653634153254,0.8504847535576306,0.8504847535576306
2,1,16,0.0,0.0,identity,0,0,3,0.188,40000,16,8000,500.0,2,0.0275377807617189,4.82661767578125,4.799079895019531,0.3945317111282644,0.0246582319455165,0.049316463891033
2,1,16,0.0,0.0,identity,1,0,3,0.188,54500,16,8000,500.0,2,0.0233148803710934,4.76370947265625,4.740394592285156,0.7477175806365645,0.0467323487897852,0.0934646975795705
2,1,16,0.0,0.0,identity,2,0,3,0.188,74000,16,8000,500.0,2,0.0211257133483888,4.528591552734375,4.507465839385986,0.3032140076992767,0.0189508754812047,0.0379017509624095
2,1,16,0.0,0.0,identity,3,0,3,0.188,46000,16,8000,500.0,2,0.0267261314392088,4.570826416015625,4.544100284576416,0.9309382100840248,0.0581836381302515,0.1163672762605031
2,1,16,0.0,0.0,identity,4,0,3,0.188,59000,16,8000,500.0,2,0.0251211967468263,4.077310546875,4.052189350128174,0.2933970200713189,0.0183373137544574,0.0366746275089148
2,1,16,0.0,0.0,relu,0,0,3,0.188,60500,16,8000,500.0,2,0.0201024780273435,4.819182373046875,4.799079895019531,0.1092914278374991,0.0068307142398436,0.0136614284796873
2,1,16,0.0,0.0,relu,1,0,3,0.188,55000,16,8000,500.0,3,0.0199889526367185,4.760383544921875,4.740394592285156,0.3864442201645077,0.0241527637602817,0.0724582912808451
2,1,16,0.0,0.0,relu,2,0,3,0.188,42500,16,8000,500.0,3,0.0232431449890135,4.530708984375,4.507465839385986,0.5370138980118505,0.0335633686257406,0.1006901058772219
2,1,16,0.0,0.0,relu,3,0,3,0.188,45500,16,8000,500.0,3,0.0217896080017085,4.565889892578125,4.544100284576416,0.978827166852916,0.0611766979283072,0.1835300937849217
2,1,16,0.0,0.0,relu,4,0,3,0.188,74000,16,8000,500.0,2,0.0191032524108889,4.071292602539063,4.052189350128174,0.4004918925016055,0.0250307432813503,0.0500614865627006
2,1,16,0.25,0.258,identity,0,1,4,0.25,64000,16,8000,500.0,2,0.0259518966674807,4.92895654296875,4.9030046463012695,0.4289044666217048,0.0268065291638565,0.0536130583277131
2,1,16,0.25,0.2508,identity,1,1,4,0.25,70000,16,8000,500.0,2,0.0244288406372072,5.117441650390625,5.093012809753418,0.2225433671309289,0.013908960445683,0.0278179208913661
2,1,16,0.25,0.2619,identity,2,1,4,0.25,52500,16,8000,500.0,2,0.0279420089721682,4.71483642578125,4.686894416809082,0.6601439016918464,0.0412589938557404,0.0825179877114808
2,1,16,0.25,0.2503,identity,3,1,4,0.25,56000,16,8000,500.0,2,0.0274069366455078,4.894623046875,4.867216110229492,0.0599216223300196,0.0037451013956262,0.0074902027912524
2,1,16,0.25,0.253,identity,4,1,4,0.25,61000,16,8000,500.0,2,0.0280674743652342,4.35003173828125,4.321964263916016,0.3528289229890079,0.0220518076868129,0.0441036153736259
2,1,16,0.25,0.258,relu,0,1,4,0.25,51000,16,8000,500.0,3,0.0236149826049807,4.92661962890625,4.9030046463012695,0.3124343517073937,0.0195271469817121,0.0585814409451363
2,1,16,0.25,0.2508,relu,1,1,4,0.25,61500,16,8000,500.0,3,0.0218792800903324,5.11489208984375,5.093012809753418,1.1593774035170707,0.0724610877198169,0.2173832631594507
2,1,16,0.25,0.2619,relu,2,1,4,0.25,63000,16,8000,500.0,3,0.0238665695190425,4.710760986328125,4.686894416809082,0.4822356780377929,0.030139729877362,0.0904191896320861
2,1,16,0.25,0.2503,relu,3,1,4,0.25,53500,16,8000,500.0,3,0.0234882354736329,4.890704345703125,4.867216110229492,1.0704611945130458,0.0669038246570653,0.2007114739711961
2,1,16,0.25,0.253,relu,4,1,4,0.25,66500,16,8000,500.0,3,0.0230474548339847,4.34501171875,4.321964263916016,0.9672921256759642,0.0604557578547477,0.1813672735642433
2,1,16,0.5,0.5111,identity,0,1,4,0.25,55500,16,8000,500.0,2,0.0267279891967771,5.20572216796875,5.178994178771973,0.363582892413439,0.0227239307758399,0.0454478615516798
2,1,16,0.5,0.5013,identity,1,1,4,0.25,65500,16,8000,500.0,2,0.0248236961364742,5.45115283203125,5.426329135894775,0.0428402942276634,0.0026775183892289,0.0053550367784579
2,1,16,0.5,0.516,identity,2,1,4,0.25,52500,16,8000,500.0,2,0.0272233238220218,5.05589697265625,5.0286736488342285,0.3578084905488843,0.0223630306593052,0.0447260613186105
2,1,16,0.5,0.5003,identity,3,1,4,0.25,69500,16,8000,500.0,2,0.0254813194274898,5.26015625,5.23467493057251,0.0904136819319305,0.0056508551207456,0.0113017102414913
2,1,16,0.5,0.5037,identity,4,1,4,0.25,57500,16,8000,500.0,2,0.027439311981201,4.793678955078125,4.766239643096924,0.0633617109604939,0.0039601069350308,0.0079202138700617
2,1,16,0.5,0.5111,relu,0,1,4,0.25,65500,16,8000,500.0,3,0.0215041122436527,5.200498291015625,5.178994178771973,0.8918222753380628,0.0557388922086289,0.1672166766258867
2,1,16,0.5,0.5013,relu,1,1,4,0.25,52000,16,8000,500.0,3,0.0233039207458496,5.449633056640625,5.426329135894775,1.359275971679656,0.0849547482299784,0.2548642446899354
2,1,16,0.5,0.516,relu,2,1,4,0.25,63000,16,8000,500.0,3,0.0223895835876462,5.051063232421875,5.0286736488342285,1.381049336687615,0.0863155835429759,0.2589467506289278
2,1,16,0.5,0.5003,relu,3,1,4,0.25,50000,16,8000,500.0,3,0.0250821495056152,5.259757080078125,5.23467493057251,1.176707029344208,0.073544189334013,0.2206325680020389
2,1,16,0.5,0.5037,relu,4,1,4,0.25,70500,16,8000,500.0,3,0.0225850639343265,4.78882470703125,4.766239643096924,1.6257222238192963,0.101607638988706,0.3048229169661181
2,1,16,0.75,0.759,identity,0,1,4,0.25,64500,16,8000,500.0,2,0.021721473693848,5.521682373046875,5.499960899353027,0.2101694310534979,0.0131355894408436,0.0262711788816872
2,1,16,0.75,0.7513,identity,1,1,4,0.25,55500,16,8000,500.0,2,0.0242901916503903,5.810541259765625,5.786251068115234,0.2424136539093926,0.015150853369337,0.030301706738674
2,1,16,0.75,0.7624,identity,2,1,4,0.25,44500,16,8000,500.0,2,0.0266519508361815,5.5169716796875,5.490319728851318,0.7314035018524867,0.0457127188657804,0.0914254377315608
2,1,16,0.75,0.7501,identity,3,1,4,0.25,70500,16,8000,500.0,2,0.0228553237915036,5.680981201171875,5.658125877380371,0.103523527555349,0.0064702204722093,0.0129404409444186
2,1,16,0.75,0.7524,identity,4,1,4,0.25,54000,16,8000,500.0,2,0.0242706260681151,5.17871484375,5.154444217681885,0.2067505157042355,0.0129219072315147,0.0258438144630294
2,1,16,0.75,0.759,relu,0,1,4,0.25,57500,16,8000,500.0,3,0.020282997131348,5.520243896484375,5.499960899353027,1.6145172753983852,0.100907329712399,0.3027219891371972
2,1,16,0.75,0.7513,relu,1,1,4,0.25,68000,16,8000,500.0,3,0.0197630920410158,5.80601416015625,5.786251068115234,1.5965280125771926,0.0997830007860745,0.2993490023582236
2,1,16,0.75,0.7624,relu,2,1,4,0.25,54000,16,8000,500.0,3,0.0212989234924316,5.51161865234375,5.490319728851318,1.897384136759185,0.118586508547449,0.3557595256423472
2,1,16,0.75,0.7501,relu,3,1,4,0.25,57500,16,8000,500.0,3,0.0218604507446285,5.679986328125,5.658125877380371,1.2045650999098128,0.0752853187443633,0.2258559562330899
2,1,16,0.75,0.7524,relu,4,1,4,0.25,44500,16,8000,500.0,3,0.0237169151306151,5.1781611328125,5.154444217681885,2.2281611153543888,0.1392600697096493,0.4177802091289478
2,1,16,1.0,1.0,identity,0,1,1,0.062,55000,16,8000,500.0,1,0.0101722373962402,5.990422119140625,5.980249881744385,5.893448033077028,0.3683405020673142,0.3683405020673142
2,1,16,1.0,1.0,identity,1,1,1,0.062,43500,16,8000,500.0,1,0.0103203964233395,6.154814453125,6.14449405670166,14.709086303852764,0.9193178939907978,0.9193178939907978
2,1,16,1.0,1.0,identity,2,1,1,0.062,49500,16,8000,500.0,1,0.0102609405517579,5.793828369140625,5.783567428588867,1.0753841202625842,0.0672115075164115,0.0672115075164115
2,1,16,1.0,1.0,identity,3,1,1,0.062,35000,16,8000,500.0,1,0.0118091506958011,6.1699541015625,6.158144950866699,15.654255295155195,0.9783909559471996,0.9783909559471996
2,1,16,1.0,1.0,identity,4,1,1,0.062,33500,16,8000,500.0,1,0.0124412269592282,5.56378466796875,5.5513434410095215,8.217276144593912,0.5135797590371195,0.5135797590371195
2,1,16,1.0,1.0,relu,0,1,1,0.062,45500,16,8000,500.0,1,0.0090721397399899,5.989322021484375,5.980249881744385,11.636652536261918,0.7272907835163699,0.7272907835163699
2,1,16,1.0,1.0,relu,1,1,1,0.062,31000,16,8000,500.0,1,0.0099322128295895,6.15442626953125,6.14449405670166,14.104188825060747,0.8815118015662967,0.8815118015662967
2,1,16,1.0,1.0,relu,2,1,1,0.062,28000,16,8000,500.0,1,0.0108476104736325,5.7944150390625,5.783567428588867,8.240745063341587,0.5150465664588492,0.5150465664588492
2,1,16,1.0,1.0,relu,3,1,1,0.062,39000,16,8000,500.0,1,0.0093770217895503,6.16752197265625,6.158144950866699,14.83191911434203,0.9269949446463768,0.9269949446463768
2,1,16,1.0,1.0,relu,4,1,1,0.062,48000,16,8000,500.0,1,0.0085423011779788,5.5598857421875,5.5513434410095215,13.824862175377202,0.8640538859610751,0.8640538859610751
2,1,32,0.0,0.0,identity,0,0,3,0.094,55500,16,8000,250.0,2,0.0261176147460933,4.825197509765625,4.799079895019531,0.3108352527221568,0.0097136016475674,0.0194272032951348
2,1,32,0.0,0.0,identity,1,0,3,0.094,44000,16,8000,250.0,2,0.028445007324219,4.768839599609375,4.740394592285156,0.2221258115791465,0.0069414316118483,0.0138828632236966
2,1,32,0.0,0.0,identity,2,0,3,0.094,46500,16,8000,250.0,2,0.0291999320983888,4.536665771484375,4.507465839385986,0.645891583033502,0.0201841119697969,0.0403682239395938
2,1,32,0.0,0.0,identity,3,0,3,0.094,46000,16,8000,250.0,2,0.0286260337829586,4.572726318359375,4.544100284576416,0.9081575858865372,0.0283799245589542,0.0567598491179085
2,1,32,0.0,0.0,identity,4,0,3,0.094,44500,16,8000,250.0,2,0.0303211479187011,4.082510498046875,4.052189350128174,0.9644796440618828,0.0301399888769338,0.0602799777538676
2,1,32,0.0,0.0,relu,0,0,3,0.094,34000,16,8000,250.0,3,0.0266552124023435,4.825735107421875,4.799079895019531,0.11331409156762,0.0035410653614881,0.0106231960844643
2,1,32,0.0,0.0,relu,1,0,3,0.094,46000,16,8000,250.0,4,0.022367614746094,4.76276220703125,4.740394592285156,0.6515685570314261,0.020361517407232,0.0814460696289282
2,1,32,0.0,0.0,relu,2,0,3,0.094,42500,16,8000,250.0,3,0.024431377410889,4.531897216796875,4.507465839385986,0.4004559510827308,0.0125142484713353,0.037542745414006
2,1,32,0.0,0.0,relu,3,0,3,0.094,46500,16,8000,250.0,3,0.0228377037048339,4.56693798828125,4.544100284576416,0.7089087904611708,0.0221533997019115,0.0664601991057347
2,1,32,0.0,0.0,relu,4,0,3,0.094,45000,16,8000,250.0,3,0.0259682426452636,4.0781575927734375,4.052189350128174,1.604637768367386,0.0501449302614808,0.1504347907844424
2,1,32,0.25,0.258,identity,0,1,4,0.125,39000,16,8000,250.0,2,0.0347141036987306,4.93771875,4.9030046463012695,0.9189118443850336,0.0287159951370323,0.0574319902740646
2,1,32,0.25,0.2508,identity,1,1,4,0.125,60500,16,8000,250.0,2,0.0288011550903322,5.12181396484375,5.093012809753418,0.3968539438027577,0.0124016857438361,0.0248033714876723
2,1,32,0.25,0.2619,identity,2,1,4,0.125,59000,16,8000,250.0,2,0.0285772628784179,4.7154716796875,4.686894416809082,0.4880902297908478,0.0152528196809639,0.0305056393619279
2,1,32,0.25,0.2503,identity,3,1,4,0.125,56000,16,8000,250.0,2,0.0304674835205078,4.89768359375,4.867216110229492,0.0487635793516685,0.0015238618547396,0.0030477237094792
2,1,32,0.25,0.253,identity,4,1,4,0.125,56000,16,8000,250.0,2,0.0318321228027347,4.35379638671875,4.321964263916016,0.5402435600238488,0.0168826112507452,0.0337652225014905
2,1,32,0.25,0.258,relu,0,1,4,0.125,55000,16,8000,250.0,3,0.0256640548706057,4.928668701171875,4.9030046463012695,1.3526150908386023,0.0422692215887063,0.1268076647661189
2,1,32,0.25,0.2508,relu,1,1,4,0.125,36000,16,8000,250.0,4,0.0269937820434567,5.120006591796875,5.093012809753418,0.5346196843085785,0.016706865134643,0.0668274605385723
2,1,32,0.25,0.2619,relu,2,1,4,0.125,42500,16,8000,250.0,3,0.0269249191284179,4.7138193359375,4.686894416809082,0.7683341093890945,0.0240104409184092,0.0720313227552276
2,1,32,0.25,0.2503,relu,3,1,4,0.125,46000,16,8000,250.0,3,0.0265685577392575,4.89378466796875,4.867216110229492,0.298406321029096,0.0093251975321592,0.0279755925964777
2,1,32,0.25,0.253,relu,4,1,4,0.125,49500,16,8000,250.0,3,0.0271963806152344,4.34916064453125,4.321964263916016,0.7957650411487823,0.0248676575358994,0.0746029726076983
2,1,32,0.5,0.5111,identity,0,1,4,0.125,37000,16,8000,250.0,2,0.0340815048217777,5.21307568359375,5.178994178771973,0.4967265383604459,0.0155227043237639,0.0310454086475278
2,1,32,0.5,0.5013,identity,1,1,4,0.125,47500,16,8000,250.0,2,0.0313532371520999,5.457682373046875,5.426329135894775,0.469394309843875,0.014668572182621,0.0293371443652421
2,1,32,0.5,0.516,identity,2,1,4,0.125,52500,16,8000,250.0,2,0.0295831871032712,5.0582568359375,5.0286736488342285,0.5883185078556457,0.0183849533704889,0.0367699067409778
2,1,32,0.5,0.5003,identity,3,1,4,0.125,57000,16,8000,250.0,2,0.0309769248962403,5.26565185546875,5.23467493057251,0.2197145870437743,0.0068660808451179,0.0137321616902358
2,1,32,0.5,0.5037,identity,4,1,4,0.125,69500,16,8000,250.0,2,0.0283877983093265,4.79462744140625,4.766239643096924,0.5137049716637313,0.0160532803644916,0.0321065607289832
2,1,32,0.5,0.5111,relu,0,1,4,0.125,43000,16,8000,250.0,3,0.025903770446777,5.20489794921875,5.178994178771973,2.644205022597516,0.0826314069561723,0.2478942208685171
2,1,32,0.5,0.5013,relu,1,1,4,0.125,39000,16,8000,250.0,4,0.0270736961364743,5.45340283203125,5.426329135894775,1.2180688379648896,0.0380646511864028,0.1522586047456112
2,1,32,0.5,0.516,relu,2,1,4,0.125,54000,16,8000,250.0,3,0.0247741050720211,5.05344775390625,5.0286736488342285,0.9790180434174798,0.0305943138567962,0.0917829415703887
2,1,32,0.5,0.5003,relu,3,1,4,0.125,45500,16,8000,250.0,3,0.0267142295837405,5.26138916015625,5.23467493057251,1.370014123112208,0.0428129413472565,0.1284388240417695
2,1,32,0.5,0.5037,relu,4,1,4,0.125,44000,16,8000,250.0,3,0.0282986869812011,4.794538330078125,4.766239643096924,1.4928198328664135,0.0466506197770754,0.1399518593312262
2,1,32,0.75,0.759,identity,0,1,4,0.125,53000,16,8000,250.0,2,0.0262019424438477,5.526162841796875,5.499960899353027,1.8081379499848984,0.056504310937028,0.1130086218740561
2,1,32,0.75,0.7513,identity,1,1,4,0.125,56500,16,8000,250.0,3,0.0262543029785158,5.81250537109375,5.786251068115234,2.5308290845912587,0.0790884088934768,0.2372652266804304
2,1,32,0.75,0.7624,identity,2,1,4,0.125,44500,16,8000,250.0,3,0.0282915992736816,5.518611328125,5.490319728851318,1.4463436692023806,0.0451982396625743,0.1355947189877231
2,1,32,0.75,0.7501,identity,3,1,4,0.125,59000,16,8000,250.0,2,0.0276756362915042,5.685801513671875,5.658125877380371,0.3581527525907592,0.0111922735184612,0.0223845470369224
2,1,32,0.75,0.7524,identity,4,1,4,0.125,48000,16,8000,250.0,2,0.0288758506774904,5.183320068359375,5.154444217681885,1.6371296991340316,0.0511603030979384,0.1023206061958769
2,1,32,0.75,0.759,relu,0,1,4,0.125,53000,16,8000,250.0,3,0.0217583389282225,5.52171923828125,5.499960899353027,3.768513705969383,0.1177660533115432,0.3532981599346296
2,1,32,0.75,0.7513,relu,1,1,4,0.125,50500,16,8000,250.0,3,0.0231786193847653,5.8094296875,5.786251068115234,3.2022885710893405,0.1000715178465418,0.3002145535396257
2,1,32,0.75,0.7624,relu,2,1,4,0.125,40500,16,8000,250.0,4,0.0249336891174314,5.51525341796875,5.490319728851318,1.799956769854805,0.0562486490579626,0.2249945962318505
2,1,32,0.75,0.7501,relu,3,1,4,0.125,39000,16,8000,250.0,3,0.0250911636352535,5.683217041015625,5.658125877380371,2.7867020526871737,0.0870844391464741,0.2612533174394225
2,1,32,0.75,0.7524,relu,4,1,4,0.125,46000,16,8000,250.0,4,0.024867305755615,5.1793115234375,5.154444217681885,3.962410314555717,0.1238253223298661,0.4953012893194646
2,1,32,1.0,1.0,identity,0,1,1,0.031,45000,16,8000,250.0,1,0.0131380577087405,5.993387939453125,5.980249881744385,14.87648178531551,0.4648900557911097,0.4648900557911097
2,1,32,1.0,1.0,identity,1,1,1,0.031,38000,16,8000,250.0,1,0.0130948104858399,6.1575888671875,6.14449405670166,29.73299087364326,0.929155964801352,0.929155964801352
2,1,32,1.0,1.0,identity,2,1,1,0.031,35500,16,8000,250.0,1,0.0137309112548829,5.79729833984375,5.783567428588867,13.423513104009952,0.419484784500311,0.419484784500311
2,1,32,1.0,1.0,identity,3,1,1,0.031,24000,16,8000,250.0,1,0.0155398635864258,6.173684814453125,6.158144950866699,31.263095398295174,0.9769717311967244,0.9769717311967244
2,1,32,1.0,1.0,identity,4,1,1,0.031,27000,16,8000,250.0,1,0.0153264808654789,5.566669921875,5.5513434410095215,21.042392319954637,0.6575747599985823,0.6575747599985823
2,1,32,1.0,1.0,relu,0,1,1,0.031,35500,16,8000,250.0,1,0.0105301475524903,5.990780029296875,5.980249881744385,19.980504556434944,0.624390767388592,0.624390767388592
2,1,32,1.0,1.0,relu,1,1,1,0.031,36500,16,8000,250.0,1,0.00972957611084,6.1542236328125,6.14449405670166,25.47440876991628,0.7960752740598838,0.7960752740598838
2,1,32,1.0,1.0,relu,2,1,1,0.031,28000,16,8000,250.0,1,0.0112680206298829,5.79483544921875,5.783567428588867,18.586205901183742,0.5808189344119921,0.5808189344119921
2,1,32,1.0,1.0,relu,3,1,1,0.031,34500,16,8000,250.0,1,0.0099265823364254,6.168071533203125,6.158144950866699,29.338613011635776,0.916831656613618,0.916831656613618
2,1,32,1.0,1.0,relu,4,1,1,0.031,45500,16,8000,250.0,1,0.0091568031311037,5.560500244140625,5.5513434410095215,27.20716996400449,0.8502240613751402,0.8502240613751402
2,1,64,0.0,0.0,identity,0,0,3,0.047,46000,16,8000,125.0,2,0.0353126831054684,4.834392578125,4.799079895019531,0.9475774965996624,0.0148058983843697,0.0296117967687394
2,1,64,0.0,0.0,identity,1,0,3,0.047,56000,16,8000,125.0,2,0.0318959350585936,4.77229052734375,4.740394592285156,0.745564584178625,0.011649446627791,0.023298893255582
2,1,64,0.0,0.0,identity,2,0,3,0.047,46500,16,8000,125.0,2,0.0352826957702641,4.54274853515625,4.507465839385986,0.2788921327394383,0.0043576895740537,0.0087153791481074
2,1,64,0.0,0.0,identity,3,0,3,0.047,64000,16,8000,125.0,2,0.030253963470459,4.574354248046875,4.544100284576416,3.2739253851047785,0.0511550841422621,0.1023101682845243
2,1,64,0.0,0.0,identity,4,0,3,0.047,35000,16,8000,125.0,2,0.0387745170593261,4.0909638671875,4.052189350128174,4.859181855753782,0.0759247164961528,0.1518494329923057
2,1,64,0.0,0.0,relu,0,0,3,0.047,46500,16,8000,125.0,3,0.0260761108398437,4.825156005859375,4.799079895019531,0.8433175611411913,0.0131768368928311,0.0395305106784933
2,1,64,0.0,0.0,relu,1,0,3,0.047,49500,16,8000,125.0,3,0.0252238159179691,4.765618408203125,4.740394592285156,0.5670445421334721,0.0088600709708355,0.0265802129125065
2,1,64,0.0,0.0,relu,2,0,3,0.047,30000,16,8000,125.0,4,0.0306357231140133,4.5381015625,4.507465839385986,0.3035684097115316,0.0047432564017426,0.0189730256069707
2,1,64,0.0,0.0,relu,3,0,3,0.047,44000,16,8000,125.0,4,0.0245977134704586,4.568697998046875,4.544100284576416,0.9790544008520884,0.0152977250133138,0.0611909000532555
2,1,64,0.0,0.0,relu,4,0,3,0.047,42500,16,8000,125.0,3,0.028917217254639,4.081106567382813,4.052189350128174,1.040199442862477,0.0162531162947262,0.0487593488841786
2,1,64,0.25,0.258,identity,0,1,4,0.062,54000,16,8000,125.0,2,0.0371071701049805,4.94011181640625,4.9030046463012695,1.8253073531602528,0.0285204273931289,0.0570408547862579
2,1,64,0.25,0.2508,identity,1,1,4,0.062,40500,16,8000,125.0,3,0.0398031082153318,5.13281591796875,5.093012809753418,1.1494926561500958,0.0179608227523452,0.0538824682570357
2,1,64,0.25,0.2619,identity,2,1,4,0.062,53000,16,8000,125.0,2,0.0353465499877927,4.722240966796875,4.686894416809082,0.3162020867877495,0.0049406576060585,0.0098813152121171
2,1,64,0.25,0.2503,identity,3,1,4,0.062,56000,16,8000,125.0,2,0.035804397583008,4.9030205078125,4.867216110229492,0.6253943703990992,0.0097717870374859,0.0195435740749718
2,1,64,0.25,0.253,identity,4,1,4,0.062,50500,16,8000,125.0,2,0.0394422302246093,4.361406494140625,4.321964263916016,1.8845799617240768,0.0294465619019386,0.0588931238038773
2,1,64,0.25,0.258,relu,0,1,4,0.062,34500,16,8000,125.0,3,0.0329077072143553,4.935912353515625,4.9030046463012695,0.6628648249296157,0.0103572628895252,0.0310717886685757
2,1,64,0.25,0.2508,relu,1,1,4,0.062,26000,16,8000,125.0,4,0.0341761550903321,5.12718896484375,5.093012809753418,0.6403149831358962,0.0100049216114983,0.0400196864459935
2,1,64,0.25,0.2619,relu,2,1,4,0.062,47000,16,8000,125.0,3,0.0296744308471677,4.71656884765625,4.686894416809082,1.0799860383528082,0.0168747818492626,0.0506243455477878
2,1,64,0.25,0.2503,relu,3,1,4,0.062,38000,16,8000,125.0,4,0.0309398956298831,4.898156005859375,4.867216110229492,1.153747604101484,0.0180273063140856,0.0721092252563427
2,1,64,0.25,0.253,relu,4,1,4,0.062,41000,16,8000,125.0,3,0.0330584411621091,4.355022705078125,4.321964263916016,1.0732125532449628,0.0167689461444525,0.0503068384333576
2,1,64,0.5,0.5111,identity,0,1,4,0.062,57500,16,8000,125.0,2,0.0355019149780275,5.21449609375,5.178994178771973,1.619838164549661,0.0253099713210884,0.0506199426421768
2,1,64,0.5,0.5013,identity,1,1,4,0.062,38000,16,8000,125.0,2,0.0403210105895999,5.466650146484375,5.426329135894775,0.1855359535102507,0.0028989992735976,0.0057979985471953
2,1,64,0.5,0.516,identity,2,1,4,0.062,30000,16,8000,125.0,2,0.0439586753845215,5.07263232421875,5.0286736488342285,0.2935149486938798,0.0045861710733418,0.0091723421466837
2,1,64,0.5,0.5003,identity,3,1,4,0.062,49500,16,8000,125.0,2,0.0391011924743649,5.273776123046875,5.23467493057251,0.8544890884817619,0.0133513920075275,0.026702784015055
2,1,64,0.5,0.5037,identity,4,1,4,0.062,56500,16,8000,125.0,2,0.0377361869812009,4.803975830078125,4.766239643096924,0.8854294638881425,0.0138348353732522,0.0276696707465044
2,1,64,0.5,0.5111,relu,0,1,4,0.062,37500,16,8000,125.0,3,0.032281944274902,5.211276123046875,5.178994178771973,0.6441984217599189,0.0100656003399987,0.0301968010199962
2,1,64,0.5,0.5013,relu,1,1,4,0.062,36000,16,8000,125.0,4,0.0311811180114744,5.45751025390625,5.426329135894775,1.283265926898946,0.020051030107796,0.0802041204311841
2,1,64,0.5,0.516,relu,2,1,4,0.062,46000,16,8000,125.0,3,0.0303478355407715,5.059021484375,5.0286736488342285,1.918682569165408,0.0299794151432094,0.0899382454296284
2,1,64,0.5,0.5003,relu,3,1,4,0.062,50000,16,8000,125.0,4,0.0303612022399901,5.2650361328125,5.23467493057251,2.2775529445334763,0.0355867647583355,0.1423470590333422
2,1,64,0.5,0.5037,relu,4,1,4,0.062,35000,16,8000,125.0,3,0.0338548393249515,4.800094482421875,4.766239643096924,4.062425161869263,0.0634753931542072,0.1904261794626217
2,1,64,0.75,0.759,identity,0,1,4,0.062,39500,16,8000,125.0,2,0.0372995986938473,5.537260498046875,5.499960899353027,3.895205808003969,0.060862590750062,0.121725181500124
2,1,64,0.75,0.7513,identity,1,1,4,0.062,38500,16,8000,125.0,3,0.0371148986816409,5.823365966796875,5.786251068115234,3.7087804282358032,0.0579496941911844,0.1738490825735532
2,1,64,0.75,0.7624,identity,2,1,4,0.062,42000,16,8000,125.0,2,0.0354883766174314,5.52580810546875,5.490319728851318,1.9649477971106917,0.0307023093298545,0.0614046186597091
2,1,64,0.75,0.7501,identity,3,1,4,0.062,32500,16,8000,125.0,3,0.0421456069946293,5.700271484375,5.658125877380371,6.021708910054628,0.0940892017196035,0.2822676051588107
2,1,64,0.75,0.7524,identity,4,1,4,0.062,46500,16,8000,125.0,2,0.0348026084899899,5.189246826171875,5.154444217681885,2.582810355112418,0.0403564117986315,0.080712823597263
2,1,64,0.75,0.759,relu,0,1,4,0.062,43500,16,8000,125.0,3,0.0272263565063477,5.527187255859375,5.499960899353027,4.994739944669634,0.078042811635463,0.2341284349063891
2,1,64,0.75,0.7513,relu,1,1,4,0.062,68000,16,8000,125.0,4,0.0246017150878907,5.810852783203125,5.786251068115234,4.080499139851516,0.0637577990601799,0.2550311962407197
2,1,64,0.75,0.7624,relu,2,1,4,0.062,37500,16,8000,125.0,4,0.0284927711486817,5.5188125,5.490319728851318,3.531960122002378,0.0551868769062871,0.2207475076251486
2,1,64,0.75,0.7501,relu,3,1,4,0.062,40500,16,8000,125.0,4,0.0274417495727536,5.685567626953125,5.658125877380371,5.291115847081333,0.0826736851106458,0.3306947404425833
2,1,64,0.75,0.7524,relu,4,1,4,0.062,42000,16,8000,125.0,4,0.0285540733337406,5.182998291015625,5.154444217681885,7.840210383941268,0.1225032872490823,0.4900131489963292
2,1,64,1.0,1.0,identity,0,1,1,0.016,35000,16,8000,125.0,1,0.0195018272399902,5.999751708984375,5.980249881744385,33.26324369853438,0.5197381827895997,0.5197381827895997
2,1,64,1.0,1.0,identity,1,1,1,0.016,25000,16,8000,125.0,1,0.0200179061889649,6.164511962890625,6.14449405670166,52.538868961500064,0.8209198275234385,0.8209198275234385
2,1,64,1.0,1.0,identity,2,1,1,0.016,30000,16,8000,125.0,1,0.0203893585205081,5.803956787109375,5.783567428588867,19.765483468642262,0.3088356791975353,0.3088356791975353
2,1,64,1.0,1.0,identity,3,1,1,0.016,24000,16,8000,125.0,1,0.0212290725708008,6.1793740234375,6.158144950866699,61.63187444140197,0.9629980381469058,0.9629980381469058
2,1,64,1.0,1.0,identity,4,1,1,0.016,22000,16,8000,125.0,1,0.0212337074279789,5.5725771484375,5.5513434410095215,32.87654142848104,0.5136959598200163,0.5136959598200163
2,1,64,1.0,1.0,relu,0,1,1,0.016,41000,16,8000,125.0,1,0.0107271690368655,5.99097705078125,5.980249881744385,38.41514953950634,0.6002367115547865,0.6002367115547865
2,1,64,1.0,1.0,relu,1,1,1,0.016,31000,16,8000,125.0,1,0.0111846542358398,6.1556787109375,6.14449405670166,54.33182333973048,0.8489347396832888,0.8489347396832888
2,1,64,1.0,1.0,relu,2,1,1,0.016,43500,16,8000,125.0,1,0.0102292022705077,5.793796630859375,5.783567428588867,41.46822039471513,0.6479409436674239,0.6479409436674239
2,1,64,1.0,1.0,relu,3,1,1,0.016,34500,16,8000,125.0,1,0.0104861526489257,6.168631103515625,6.158144950866699,53.20893932265943,0.8313896769165536,0.8313896769165536
2,1,64,1.0,1.0,relu,4,1,1,0.016,31500,16,8000,125.0,1,0.0121653480529788,5.5635087890625,5.5513434410095215,49.20162246158434,0.7687753509622554,0.7687753509622554
2,1,96,0.0,0.0,identity,0,0,3,0.031,50000,16,8000,83.3,2,0.0405619506835934,4.839641845703125,4.799079895019531,2.290103464157969,0.0238552444183121,0.0477104888366243
2,1,96,0.0,0.0,identity,1,0,3,0.031,34500,16,8000,83.3,2,0.0445219116210937,4.78491650390625,4.740394592285156,0.5385863297281237,0.0056102742680012,0.0112205485360025
2,1,96,0.0,0.0,identity,2,0,3,0.031,34000,16,8000,83.3,2,0.0450898246765136,4.5525556640625,4.507465839385986,5.761674137852311,0.0600174389359615,0.1200348778719231
2,1,96,0.0,0.0,identity,3,0,3,0.031,60000,16,8000,83.3,2,0.0386631431579589,4.582763427734375,4.544100284576416,0.4781416915266963,0.0049806426200697,0.0099612852401395
2,1,96,0.0,0.0,identity,4,0,3,0.031,53000,16,8000,83.3,2,0.0418371391296386,4.094026489257812,4.052189350128174,4.981493649017292,0.0518905588439301,0.1037811176878602
2,1,96,0.0,0.0,relu,0,0,3,0.031,49500,16,8000,83.3,3,0.0282013549804691,4.82728125,4.799079895019531,0.66935039965493,0.0069723999964055,0.0209171999892165
2,1,96,0.0,0.0,relu,1,0,3,0.031,35500,16,8000,83.3,3,0.0300629272460941,4.77045751953125,4.740394592285156,1.0205938870686797,0.010631186323632,0.0318935589708962
2,1,96,0.0,0.0,relu,2,0,3,0.031,30000,16,8000,83.3,4,0.0333735160827632,4.54083935546875,4.507465839385986,0.8514297448089956,0.0088690598417603,0.0354762393670414
2,1,96,0.0,0.0,relu,3,0,3,0.031,46500,16,8000,83.3,3,0.0270505943298342,4.57115087890625,4.544100284576416,1.4030817062136829,0.0146154344397258,0.0438463033191775
2,1,96,0.0,0.0,relu,4,0,3,0.031,35000,16,8000,83.3,4,0.0323943901062016,4.084583740234375,4.052189350128174,0.9823707701999724,0.0102330288562497,0.0409321154249988
2,1,96,0.25,0.258,identity,0,1,4,0.042,51500,16,8000,83.3,2,0.0453991622924805,4.94840380859375,4.9030046463012695,1.433831155355,0.0149357412016145,0.0298714824032291
2,1,96,0.25,0.2508,identity,1,1,4,0.042,68500,16,8000,83.3,2,0.0412003250122072,5.134213134765625,5.093012809753418,0.6840440385281596,0.0071254587346683,0.0142509174693366
2,1,96,0.25,0.2619,identity,2,1,4,0.042,53000,16,8000,83.3,2,0.0438004074096678,4.73069482421875,4.686894416809082,3.654476364204315,0.0380674621271282,0.0761349242542565
2,1,96,0.25,0.2503,identity,3,1,4,0.042,58500,16,8000,83.3,2,0.0438041534423829,4.911020263671875,4.867216110229492,0.1885191640018016,0.0019637412916854,0.0039274825833708
2,1,96,0.25,0.253,identity,4,1,4,0.042,30000,16,8000,83.3,2,0.0526656188964844,4.3746298828125,4.321964263916016,1.0236944884206314,0.0106634842543815,0.0213269685087631
2,1,96,0.25,0.258,relu,0,1,4,0.042,37500,16,8000,83.3,3,0.0344211349487304,4.93742578125,4.9030046463012695,0.7758408965472846,0.0080816760057008,0.0242450280171026
2,1,96,0.25,0.2508,relu,1,1,4,0.042,51500,16,8000,83.3,3,0.0289913406372068,5.122004150390625,5.093012809753418,0.6725433100990883,0.0070056594801988,0.0210169784405965
2,1,96,0.25,0.2619,relu,2,1,4,0.042,47000,16,8000,83.3,4,0.0327142257690429,4.719608642578125,4.686894416809082,1.292784034809845,0.0134665003626025,0.0538660014504102
2,1,96,0.25,0.2503,relu,3,1,4,0.042,45500,16,8000,83.3,4,0.0331110382080082,4.9003271484375,4.867216110229492,2.283616500213942,0.0237876718772285,0.0951506875089142
2,1,96,0.25,0.253,relu,4,1,4,0.042,36000,16,8000,83.3,3,0.0357862243652347,4.35775048828125,4.321964263916016,1.5808569650207875,0.0164672600522998,0.0494017801568996
2,1,96,0.5,0.5111,identity,0,1,4,0.042,59000,16,8000,83.3,2,0.0414254989624023,5.220419677734375,5.178994178771973,0.2305404986217067,0.0024014635273094,0.0048029270546188
2,1,96,0.5,0.5013,identity,1,1,4,0.042,38000,16,8000,83.3,3,0.0478007469177246,5.4741298828125,5.426329135894775,2.072341212771009,0.0215868876330313,0.064760662899094
2,1,96,0.5,0.516,identity,2,1,4,0.042,52500,16,8000,83.3,2,0.0434061851501468,5.072079833984375,5.0286736488342285,5.430733267771973,0.056570138205958,0.1131402764119161
2,1,96,0.5,0.5003,identity,3,1,4,0.042,51500,16,8000,83.3,2,0.0463958702087401,5.28107080078125,5.23467493057251,1.0815197376673795,0.0112658306007018,0.0225316612014037
2,1,96,0.5,0.5037,identity,4,1,4,0.042,46000,16,8000,83.3,2,0.0475308647155765,4.8137705078125,4.766239643096924,0.8531967477318155,0.0088874661222064,0.0177749322444128
2,1,96,0.5,0.5111,relu,0,1,4,0.042,43000,16,8000,83.3,3,0.0322182235717773,5.21121240234375,5.178994178771973,2.546369924545863,0.0265246867140194,0.0795740601420582
2,1,96,0.5,0.5013,relu,1,1,4,0.042,27500,16,8000,83.3,4,0.0364657859802246,5.462794921875,5.426329135894775,3.05235881762218,0.031795404350231,0.1271816174009241
2,1,96,0.5,0.516,relu,2,1,4,0.042,44500,16,8000,83.3,4,0.0325939292907717,5.061267578125,5.0286736488342285,2.0482179851573745,0.0213356040120559,0.0853424160482239
2,1,96,0.5,0.5003,relu,3,1,4,0.042,37000,16,8000,83.3,4,0.0344691123962404,5.26914404296875,5.23467493057251,2.5987542315813137,0.027070356578972,0.108281426315888
2,1,96,0.5,0.5037,relu,4,1,4,0.042,33500,16,8000,83.3,4,0.0370333061218257,4.80327294921875,4.766239643096924,6.201889152722585,0.0646030120075269,0.2584120480301077
2,1,96,0.75,0.759,identity,0,1,4,0.042,39500,16,8000,83.3,2,0.0438020401000978,5.543762939453125,5.499960899353027,8.740447611532211,0.0910463292867938,0.1820926585735877
2,1,96,0.75,0.7513,identity,1,1,4,0.042,40500,16,8000,83.3,3,0.0440043029785153,5.83025537109375,5.786251068115234,7.561142879100871,0.078761904990634,0.2362857149719022
2,1,96,0.75,0.7624,identity,2,1,4,0.042,30500,16,8000,83.3,2,0.0470608863830568,5.537380615234375,5.490319728851318,3.0266673193432725,0.0315277845764924,0.0630555691529848
2,1,96,0.75,0.7501,identity,3,1,4,0.042,52000,16,8000,83.3,2,0.0417979507446286,5.699923828125,5.658125877380371,1.1097007525158729,0.011559382838707,0.023118765677414
2,1,96,0.75,0.7524,identity,4,1,4,0.042,46500,16,8000,83.3,2,0.0429888877868656,5.19743310546875,5.154444217681885,17.001980447041447,0.177103962990015,0.3542079259800301
2,1,96,0.75,0.759,relu,0,1,4,0.042,43500,16,8000,83.3,3,0.0301257705688478,5.530086669921875,5.499960899353027,8.87281024767696,0.092425106746635,0.277275320239905
2,1,96,0.75,0.7513,relu,1,1,4,0.042,34500,16,8000,83.3,4,0.0304732971191405,5.816724365234375,5.786251068115234,6.058579799141816,0.0631102062410605,0.2524408249642423
2,1,96,0.75,0.7624,relu,2,1,4,0.042,37500,16,8000,83.3,4,0.0299498023986819,5.52026953125,5.490319728851318,6.676322001115733,0.0695450208449555,0.2781800833798222
2,1,96,0.75,0.7501,relu,3,1,4,0.042,33500,16,8000,83.3,4,0.0328067398071292,5.6909326171875,5.658125877380371,5.742002244097579,0.0598125233760164,0.2392500935040657
2,1,96,0.75,0.7524,relu,4,1,4,0.042,42000,16,8000,83.3,4,0.0307679405212404,5.185212158203125,5.154444217681885,12.051101151196516,0.125532303658297,0.5021292146331882
2,1,96,1.0,1.0,identity,0,1,1,0.01,42500,16,8000,83.3,1,0.0251050987243655,6.00535498046875,5.980249881744385,39.12364111420745,0.4075379282729943,0.4075379282729943
2,1,96,1.0,1.0,identity,1,1,1,0.01,30500,16,8000,83.3,1,0.0258028182983398,6.170296875,6.14449405670166,87.60061544221547,0.9125064108564112,0.9125064108564112
2,1,96,1.0,1.0,identity,2,1,1,0.01,22500,16,8000,83.3,1,0.0280612335205079,5.811628662109375,5.783567428588867,35.70694569794462,0.3719473510202564,0.3719473510202564
2,1,96,1.0,1.0,identity,3,1,1,0.01,16000,16,8000,83.3,1,0.0302188186645508,6.18836376953125,6.158144950866699,89.88697293223838,0.9363226347108164,0.9363226347108164
2,1,96,1.0,1.0,identity,4,1,1,0.01,22000,16,8000,83.3,1,0.0282886390686032,5.579632080078125,5.5513434410095215,63.065320430666425,0.6569304211527752,0.6569304211527752
2,1,96,1.0,1.0,relu,0,1,1,0.01,33500,16,8000,83.3,1,0.0125272178649904,5.992777099609375,5.980249881744385,57.59519903791437,0.5999499899782746,0.5999499899782746
2,1,96,1.0,1.0,relu,1,1,1,0.01,29500,16,8000,83.3,1,0.0123003768920897,6.15679443359375,6.14449405670166,82.26030905926076,0.8568782193672996,0.8568782193672996
2,1,96,1.0,1.0,relu,2,1,1,0.01,43500,16,8000,83.3,1,0.0107003936767577,5.794267822265625,5.783567428588867,51.46789298019085,0.5361238852103213,0.5361238852103213
2,1,96,1.0,1.0,relu,3,1,1,0.01,38000,16,8000,83.3,1,0.0118203811645507,6.16996533203125,6.158144950866699,83.19815834670722,0.8666474827782001,0.8666474827782001
2,1,96,1.0,1.0,relu,4,1,1,0.01,45500,16,8000,83.3,1,0.0104024085998535,5.561745849609375,5.5513434410095215,82.65001664718969,0.8609376734082259,0.8609376734082259
2,2,16,0.0,0.0,identity,0,0,4,0.25,48000,16,8000,500.0,2,0.033430934906006,4.5855458984375,4.552114963531494,0.1524802229030481,0.0095300139314405,0.019060027862881
2,2,16,0.0,0.0,identity,1,0,4,0.25,77500,16,8000,500.0,2,0.0267465248107914,4.622966064453125,4.596219539642334,0.2101479087705996,0.0131342442981624,0.0262684885963249
2,2,16,0.0,0.0,identity,2,0,4,0.25,69000,16,8000,500.0,2,0.0284181632995608,4.40428076171875,4.3758625984191895,0.2327528612787565,0.0145470538299222,0.0290941076598445
2,2,16,0.0,0.0,identity,3,0,4,0.25,81000,16,8000,500.0,2,0.0261541671752931,4.536290771484375,4.510136604309082,0.0739123859508684,0.0046195241219292,0.0092390482438585
2,2,16,0.0,0.0,identity,4,0,4,0.25,66000,16,8000,500.0,2,0.0297850608825687,4.179037475585938,4.149252414703369,0.3332108836779465,0.0208256802298716,0.0416513604597433
2,2,16,0.0,0.0,relu,0,0,4,0.25,69500,16,8000,500.0,2,0.025941432952881,4.578056396484375,4.552114963531494,0.0534854401319742,0.0033428400082483,0.0066856800164967
2,2,16,0.0,0.0,relu,1,0,4,0.25,57000,16,8000,500.0,3,0.0274506263732909,4.623670166015625,4.596219539642334,0.2475273844096916,0.0154704615256057,0.0464113845768171
2,2,16,0.0,0.0,relu,2,0,4,0.25,69000,16,8000,500.0,3,0.0261630363464355,4.402025634765625,4.3758625984191895,0.1949310506168835,0.0121831906635552,0.0365495719906656
2,2,16,0.0,0.0,relu,3,0,4,0.25,52000,16,8000,500.0,3,0.0284444503784175,4.5385810546875,4.510136604309082,0.4035547725632937,0.0252221732852058,0.0756665198556175
2,2,16,0.0,0.0,relu,4,0,4,0.25,64500,16,8000,500.0,3,0.0268252220153808,4.17607763671875,4.149252414703369,0.097313957298214,0.0060821223311383,0.0182463669934151
2,2,16,0.25,0.2574,identity,0,2,6,0.375,71500,16,8000,500.0,2,0.0324457168579099,4.76441650390625,4.73197078704834,0.0646547327067652,0.0040409207941728,0.0080818415883456
2,2,16,0.25,0.251,identity,1,2,6,0.375,65500,16,8000,500.0,2,0.0317241058349608,4.93166650390625,4.899942398071289,0.0304087103996224,0.0019005443999764,0.0038010887999528
2,2,16,0.25,0.2612,identity,2,2,6,0.375,67000,16,8000,500.0,2,0.033736728668213,4.61077978515625,4.577043056488037,0.1410655485140536,0.0088165967821283,0.0176331935642567
2,2,16,0.25,0.2503,identity,3,2,6,0.375,70500,16,8000,500.0,2,0.0333367691040038,4.9554091796875,4.922072410583496,0.0897686972982062,0.0056105435811378,0.0112210871622757
2,2,16,0.25,0.2527,identity,4,2,6,0.375,69000,16,8000,500.0,2,0.0329968490600585,4.47382421875,4.440827369689941,0.2542115089729624,0.0158882193108101,0.0317764386216203
2,2,16,0.25,0.2574,relu,0,2,6,0.375,69500,16,8000,500.0,3,0.0299681777954097,4.76193896484375,4.73197078704834,0.7571584605680414,0.0473224037855025,0.1419672113565077
2,2,16,0.25,0.251,relu,1,2,6,0.375,77000,16,8000,500.0,3,0.0281227874755858,4.928065185546875,4.899942398071289,0.4070657321399348,0.0254416082587459,0.0763248247762377
2,2,16,0.25,0.2612,relu,2,2,6,0.375,57500,16,8000,500.0,3,0.0362162208557128,4.61325927734375,4.577043056488037,0.2793349695922379,0.0174584355995148,0.0523753067985446
2,2,16,0.25,0.2503,relu,3,2,6,0.375,71500,16,8000,500.0,3,0.0308431167602538,4.95291552734375,4.922072410583496,0.4144063401901743,0.0259003962618858,0.0777011887856576
2,2,16,0.25,0.2527,relu,4,2,6,0.375,72000,16,8000,500.0,3,0.0314568099975582,4.4722841796875,4.440827369689941,0.3722869115653711,0.0232679319728356,0.069803795918507
2,2,16,0.5,0.5091,identity,0,2,6,0.375,68500,16,8000,500.0,2,0.0316725578308103,5.046054443359375,5.0143818855285645,0.2073532814009947,0.0129595800875621,0.0259191601751243
2,2,16,0.5,0.5015,identity,1,2,6,0.375,65000,16,8000,500.0,2,0.030860927581787,5.33064892578125,5.299787998199463,0.1891614256948854,0.0118225891059303,0.0236451782118606
2,2,16,0.5,0.5148,identity,2,2,6,0.375,67500,16,8000,500.0,2,0.0330407791137696,4.952759521484375,4.9197187423706055,0.3440434116003408,0.0215027132250213,0.0430054264500426
2,2,16,0.5,0.5005,identity,3,2,6,0.375,77000,16,8000,500.0,2,0.0307671470642088,5.26886767578125,5.238100528717041,0.3735876626230585,0.0233492289139411,0.0466984578278823
2,2,16,0.5,0.5033,identity,4,2,6,0.375,70500,16,8000,500.0,2,0.0327255592346187,4.84019921875,4.807473659515381,0.0337677554244854,0.0021104847140303,0.0042209694280606
2,2,16,0.5,0.5091,relu,0,2,6,0.375,59500,16,8000,500.0,3,0.0306789054870604,5.045060791015625,5.0143818855285645,1.0547696810147944,0.0659231050634246,0.1977693151902739
2,2,16,0.5,0.5015,relu,1,2,6,0.375,66000,16,8000,500.0,3,0.029383144378662,5.329171142578125,5.299787998199463,0.6479032757699167,0.0404939547356197,0.1214818642068593
2,2,16,0.5,0.5148,relu,2,2,6,0.375,75500,16,8000,500.0,3,0.0322973709106442,4.95201611328125,4.9197187423706055,0.5587247686021344,0.0349202980376334,0.1047608941129002
2,2,16,0.5,0.5005,relu,3,2,6,0.375,81500,16,8000,500.0,2,0.0291819419860841,5.267282470703125,5.238100528717041,0.6994946332490768,0.0437184145780673,0.0874368291561346
2,2,16,0.5,0.5033,relu,4,2,6,0.375,72000,16,8000,500.0,3,0.0306418190002437,4.838115478515625,4.807473659515381,1.1451479975240708,0.0715717498452544,0.2147152495357632
2,2,16,0.75,0.756,identity,0,2,6,0.375,65500,16,8000,500.0,2,0.0273584518432619,5.430447021484375,5.403088569641113,1.0482668141438778,0.0655166758839923,0.1310333517679847
2,2,16,0.75,0.7513,identity,1,2,6,0.375,62500,16,8000,500.0,2,0.0281267929077149,5.834638671875,5.806511878967285,0.2891962009965259,0.0180747625622828,0.0361495251245657
2,2,16,0.75,0.7611,identity,2,2,6,0.375,45500,16,8000,500.0,2,0.0360017623901365,5.32257421875,5.286572456359863,0.1621296567150253,0.010133103544689,0.0202662070893781
2,2,16,0.75,0.7505,identity,3,2,6,0.375,60000,16,8000,500.0,2,0.0309141197204585,5.608278564453125,5.577364444732666,0.4313399506121197,0.0269587469132574,0.0539174938265149
2,2,16,0.75,0.7519,identity,4,2,6,0.375,70000,16,8000,500.0,2,0.0288916740417484,5.31388818359375,5.284996509552002,0.0432133093148017,0.0027008318321751,0.0054016636643502
2,2,16,0.75,0.756,relu,0,2,6,0.375,82000,16,8000,500.0,3,0.0238125419616697,5.426900634765625,5.403088092803955,1.837766709936175,0.1148604193710109,0.3445812581130328
2,2,16,0.75,0.7513,relu,1,2,6,0.375,74500,16,8000,500.0,3,0.0249576034545899,5.831469482421875,5.806511878967285,0.9087430483373764,0.056796440521086,0.1703893215632581
2,2,16,0.75,0.7611,relu,2,2,6,0.375,75000,16,8000,500.0,3,0.0302761764526371,5.3168486328125,5.286572456359863,1.4370431297330466,0.0898151956083154,0.2694455868249462
2,2,16,0.75,0.7505,relu,3,2,6,0.375,70000,16,8000,500.0,3,0.0288399009704587,5.606204345703125,5.577364444732666,1.4798293697560514,0.0924893356097532,0.2774680068292596
2,2,16,0.75,0.7519,relu,4,2,6,0.375,66500,16,8000,500.0,3,0.029713939666748,5.31471044921875,5.284996509552002,1.5858149261845345,0.0991134328865334,0.2973402986596002
2,2,16,1.0,1.0,identity,0,2,2,0.125,42000,16,8000,500.0,1,0.0136267127990725,5.860571044921875,5.846944332122803,12.742447004643765,0.7964029377902352,0.7964029377902352
2,2,16,1.0,1.0,identity,1,2,2,0.125,46500,16,8000,500.0,1,0.0119176597595211,6.34088427734375,6.3289666175842285,14.329911861727288,0.8956194913579555,0.8956194913579555
2,2,16,1.0,1.0,identity,2,2,2,0.125,59000,16,8000,500.0,1,0.0164316024780273,5.697134765625,5.680703163146973,2.629921828678839,0.1643701142924274,0.1643701142924274
2,2,16,1.0,1.0,identity,3,2,2,0.125,43000,16,8000,500.0,1,0.0185073280334471,6.03415283203125,6.015645503997803,7.665545522635138,0.4790965951646961,0.4790965951646961
2,2,16,1.0,1.0,identity,4,2,2,0.125,54500,16,8000,500.0,1,0.0152686767578122,5.80248486328125,5.7872161865234375,7.29972023476281,0.4562325146726756,0.4562325146726756
2,2,16,1.0,1.0,relu,0,2,2,0.125,41500,16,8000,500.0,1,0.011906253814697,5.8588505859375,5.846944332122803,13.854528665385162,0.8659080415865726,0.8659080415865726
2,2,16,1.0,1.0,relu,1,2,2,0.125,54000,16,8000,500.0,1,0.0095170249938965,6.338483642578125,6.3289666175842285,14.251535625657866,0.8907209766036166,0.8907209766036166
2,2,16,1.0,1.0,relu,2,2,2,0.125,40000,16,8000,500.0,1,0.016997032165527,5.6977001953125,5.680703163146973,6.459360352383855,0.4037100220239909,0.4037100220239909
2,2,16,1.0,1.0,relu,3,2,2,0.125,54500,16,8000,500.0,1,0.013755130767822,6.029400634765625,6.015645503997803,8.414936312185263,0.525933519511579,0.525933519511579
2,2,16,1.0,1.0,relu,4,2,2,0.125,42000,16,8000,500.0,1,0.0148013916015621,5.802017578125,5.7872161865234375,11.434524021384968,0.7146577513365605,0.7146577513365605
2,2,32,0.0,0.0,identity,0,0,4,0.125,56500,16,8000,250.0,2,0.0338645286560055,4.5859794921875,4.552114963531494,0.3213645476812262,0.0100426421150383,0.0200852842300766
2,2,32,0.0,0.0,identity,1,0,4,0.125,63500,16,8000,250.0,2,0.0324494056701656,4.6286689453125,4.596219539642334,0.9191274326306244,0.028722732269707,0.057445464539414
2,2,32,0.0,0.0,identity,2,0,4,0.125,52500,16,8000,250.0,2,0.0343856925964356,4.410248291015625,4.3758625984191895,0.3700026825748556,0.0115625838304642,0.0231251676609284
2,2,32,0.0,0.0,identity,3,0,4,0.125,45500,16,8000,250.0,2,0.0353590011596676,4.54549560546875,4.510136604309082,0.1625367302124694,0.0050792728191396,0.0101585456382793
2,2,32,0.0,0.0,identity,4,0,4,0.125,62500,16,8000,250.0,2,0.0330234642028806,4.18227587890625,4.149252414703369,0.1766166152732557,0.0055192692272892,0.0110385384545784
2,2,32,0.0,0.0,relu,0,0,4,0.125,52500,16,8000,250.0,3,0.0313762474060057,4.5834912109375,4.552114963531494,0.1797054085540285,0.0056157940173133,0.0168473820519401
2,2,32,0.0,0.0,relu,1,0,4,0.125,41500,16,8000,250.0,3,0.0332125892639156,4.62943212890625,4.596219539642334,0.1912714043439737,0.0059772313857491,0.0179316941572475
2,2,32,0.0,0.0,relu,2,0,4,0.125,48000,16,8000,250.0,3,0.0322855949401859,4.408148193359375,4.3758625984191895,0.1964287093161188,0.0061383971661287,0.0184151914983861
2,2,32,0.0,0.0,relu,3,0,4,0.125,49500,16,8000,250.0,3,0.0299910812377932,4.540127685546875,4.510136604309082,0.921104450847088,0.0287845140889715,0.0863535422669145
2,2,32,0.0,0.0,relu,4,0,4,0.125,48500,16,8000,250.0,3,0.032266872406006,4.181519287109375,4.149252414703369,0.2571685170057028,0.0080365161564282,0.0241095484692846
2,2,32,0.25,0.2574,identity,0,2,6,0.188,45000,16,8000,250.0,2,0.0420116348266601,4.773982421875,4.73197078704834,0.471658961962518,0.0147393425613286,0.0294786851226573
2,2,32,0.25,0.251,identity,1,2,6,0.188,73000,16,8000,250.0,2,0.0342785491943358,4.934220947265625,4.899942398071289,0.3047629077030879,0.0095238408657214,0.0190476817314429
2,2,32,0.25,0.2612,identity,2,2,6,0.188,41000,16,8000,250.0,2,0.0450472755432125,4.62209033203125,4.577043056488037,0.1811288176621106,0.0056602755519409,0.0113205511038819
2,2,32,0.25,0.2503,identity,3,2,6,0.188,47500,16,8000,250.0,2,0.0425909194946285,4.964663330078125,4.922072410583496,0.1295544475995985,0.0040485764874874,0.0080971529749749
2,2,32,0.25,0.2527,identity,4,2,6,0.188,46500,16,8000,250.0,2,0.0428955307006839,4.483722900390625,4.440827369689941,0.1663472006791543,0.0051983500212235,0.0103967000424471
2,2,32,0.25,0.2574,relu,0,2,6,0.188,60500,16,8000,250.0,3,0.03357511138916,4.7655458984375,4.73197078704834,0.6982033706796166,0.021818855333738,0.065456566001214
2,2,32,0.25,0.251,relu,1,2,6,0.188,49500,16,8000,250.0,3,0.034392807006836,4.934335205078125,4.899942398071289,0.4663333500254441,0.0145729171882951,0.0437187515648853
2,2,32,0.25,0.2612,relu,2,2,6,0.188,54000,16,8000,250.0,3,0.0363475685119629,4.613390625,4.577043056488037,0.582102398556989,0.0181906999549059,0.0545720998647177
2,2,32,0.25,0.2503,relu,3,2,6,0.188,52000,16,8000,250.0,3,0.0358677749633793,4.957940185546875,4.922072410583496,0.5104827828670367,0.0159525869645948,0.0478577608937847
2,2,32,0.25,0.2527,relu,4,2,6,0.188,43000,16,8000,250.0,3,0.0389113998413082,4.47973876953125,4.440827369689941,0.5363158566991565,0.0167598705218486,0.0502796115655459
2,2,32,0.5,0.5091,identity,0,2,6,0.188,38500,16,8000,250.0,2,0.0430912590026855,5.05747314453125,5.0143818855285645,0.7157802555205647,0.0223681329850176,0.0447362659700352
2,2,32,0.5,0.5015,identity,1,2,6,0.188,57000,16,8000,250.0,2,0.0360428123474116,5.335830810546875,5.299787998199463,0.2028385684708146,0.0063387052647129,0.0126774105294259
2,2,32,0.5,0.5148,identity,2,2,6,0.188,45000,16,8000,250.0,2,0.0438501052856441,4.96356884765625,4.9197187423706055,0.5604838636641672,0.0175151207395052,0.0350302414790104
2,2,32,0.5,0.5005,identity,3,2,6,0.188,46000,16,8000,250.0,3,0.0423179283142092,5.28041845703125,5.238100528717041,0.723122745725905,0.0225975858039345,0.0677927574118035
2,2,32,0.5,0.5033,identity,4,2,6,0.188,43000,16,8000,250.0,2,0.0437846412658693,4.85125830078125,4.807473659515381,0.1099347396739148,0.0034354606148098,0.0068709212296196
2,2,32,0.5,0.5091,relu,0,2,6,0.188,52500,16,8000,250.0,3,0.0332260246276856,5.04760791015625,5.0143818855285645,1.6503920926272648,0.051574752894602,0.154724258683806
2,2,32,0.5,0.5015,relu,1,2,6,0.188,53500,16,8000,250.0,3,0.0328636131286623,5.332651611328125,5.299787998199463,0.6087683997748551,0.0190240124929642,0.0570720374788926
2,2,32,0.5,0.5148,relu,2,2,6,0.188,53000,16,8000,250.0,3,0.0367231521606443,4.95644189453125,4.9197187423706055,0.8962798557138506,0.0280087454910578,0.0840262364731734
2,2,32,0.5,0.5005,relu,3,2,6,0.188,45000,16,8000,250.0,3,0.0357639732360839,5.273864501953125,5.238100528717041,1.3387495874534048,0.0418359246079189,0.1255077738237567
2,2,32,0.5,0.5033,relu,4,2,6,0.188,42500,16,8000,250.0,3,0.0378622779846189,4.8453359375,4.807473659515381,0.9214678944452706,0.0287958717014147,0.0863876151042441
2,2,32,0.75,0.756,identity,0,2,6,0.188,41000,16,8000,250.0,2,0.0371372604370119,5.440225830078125,5.403088569641113,1.7175703946076817,0.05367407483149,0.1073481496629801
2,2,32,0.75,0.7513,identity,1,2,6,0.188,70000,16,8000,250.0,3,0.0302871932983395,5.836799072265625,5.806511878967285,0.9463434626252916,0.0295732332070403,0.0887196996211211
2,2,32,0.75,0.7611,identity,2,2,6,0.188,33000,16,8000,250.0,3,0.0450881881713867,5.33166064453125,5.286572456359863,1.199486227476162,0.03748394460863,0.1124518338258901
2,2,32,0.75,0.7505,identity,3,2,6,0.188,54000,16,8000,250.0,2,0.0361062583923343,5.613470703125,5.577364444732666,0.5111884692838858,0.0159746396651214,0.0319492793302428
2,2,32,0.75,0.7519,identity,4,2,6,0.188,47500,16,8000,250.0,3,0.0382798576354979,5.3232763671875,5.284996509552002,2.094322912183857,0.0654475910057455,0.1963427730172365
2,2,32,0.75,0.756,relu,0,2,6,0.188,53000,16,8000,250.0,3,0.0288774833679195,5.431965576171875,5.403088092803955,3.1584417815397194,0.0987013056731162,0.2961039170193487
2,2,32,0.75,0.7513,relu,1,2,6,0.188,46000,16,8000,250.0,3,0.0301604843139644,5.83667236328125,5.806511878967285,1.239460613640961,0.03873314417628,0.11619943252884
2,2,32,0.75,0.7611,relu,2,2,6,0.188,49500,16,8000,250.0,4,0.0343467330932618,5.320919189453125,5.286572456359863,2.375314769743697,0.0742285865544905,0.2969143462179621
2,2,32,0.75,0.7505,relu,3,2,6,0.188,51000,16,8000,250.0,3,0.0320540122985839,5.60941845703125,5.577364444732666,2.418916398849909,0.0755911374640596,0.2267734123921789
2,2,32,0.75,0.7519,relu,4,2,6,0.188,60000,16,8000,250.0,3,0.0321460685729979,5.317142578125,5.284996509552002,3.0251816785204304,0.0945369274537634,0.2836107823612903
2,2,32,1.0,1.0,identity,0,2,2,0.062,43000,16,8000,250.0,1,0.015777591705322,5.862721923828125,5.846944332122803,24.669030630009704,0.7709072071878033,0.7709072071878033
2,2,32,1.0,1.0,identity,1,2,2,0.062,49000,16,8000,250.0,1,0.0138529624938961,6.342819580078125,6.3289666175842285,29.505633639984836,0.922051051249526,0.922051051249526
2,2,32,1.0,1.0,identity,2,2,2,0.062,40500,16,8000,250.0,2,0.0209850692749027,5.701688232421875,5.680703163146973,5.079977030114427,0.1587492821910758,0.3174985643821517
2,2,32,1.0,1.0,identity,3,2,2,0.062,36500,16,8000,250.0,1,0.0214545936584471,6.03710009765625,6.015645503997803,19.15341195367948,0.5985441235524837,0.5985441235524837
2,2,32,1.0,1.0,identity,4,2,2,0.062,41000,16,8000,250.0,1,0.0191466064453127,5.80636279296875,5.7872161865234375,17.535311796875206,0.5479784936523502,0.5479784936523502
2,2,32,1.0,1.0,relu,0,2,2,0.062,29000,16,8000,250.0,1,0.0146818885803226,5.861626220703125,5.846944332122803,25.1478023278179,0.7858688227443094,0.7858688227443094
2,2,32,1.0,1.0,relu,1,2,2,0.062,36000,16,8000,250.0,1,0.0122167320251467,6.341183349609375,6.3289666175842285,28.43990641306449,0.8887470754082655,0.8887470754082655
2,2,32,1.0,1.0,relu,2,2,2,0.062,42500,16,8000,250.0,1,0.0165756454467773,5.69727880859375,5.680703163146973,15.203934937722446,0.4751229668038264,0.4751229668038264
2,2,32,1.0,1.0,relu,3,2,2,0.062,38000,16,8000,250.0,1,0.017063724517822,6.032709228515625,6.015645503997803,15.83242923252391,0.4947634135163722,0.4947634135163722
2,2,32,1.0,1.0,relu,4,2,2,0.062,41000,16,8000,250.0,1,0.0154473876953122,5.80266357421875,5.7872161865234375,20.646675195502283,0.6452085998594463,0.6452085998594463
2,2,64,0.0,0.0,identity,0,0,4,0.062,46000,16,8000,125.0,2,0.0433174095153807,4.595432373046875,4.552114963531494,0.6559996936052493,0.010249995212582,0.020499990425164
2,2,64,0.0,0.0,identity,1,0,4,0.062,55000,16,8000,125.0,2,0.0404401283264164,4.63665966796875,4.596219539642334,0.5952939784564553,0.0093014684133821,0.0186029368267642
2,2,64,0.0,0.0,identity,2,0,4,0.062,33000,16,8000,125.0,2,0.0479176750183105,4.4237802734375,4.3758625984191895,0.6025434713378401,0.0094147417396537,0.0188294834793075
2,2,64,0.0,0.0,identity,3,0,4,0.062,69000,16,8000,125.0,2,0.0362686691284181,4.5464052734375,4.510136604309082,0.2382173655352656,0.0037221463364885,0.007444292672977
2,2,64,0.0,0.0,identity,4,0,4,0.062,60500,16,8000,125.0,2,0.0410152854919436,4.190267700195313,4.149252414703369,0.6973294490829413,0.0108957726419209,0.0217915452838419
2,2,64,0.0,0.0,relu,0,0,4,0.062,53500,16,8000,125.0,3,0.035205348968506,4.5873203125,4.552114963531494,0.5038152495157177,0.007872113273683,0.0236163398210492
2,2,64,0.0,0.0,relu,1,0,4,0.062,39500,16,8000,125.0,3,0.037220890045166,4.6334404296875,4.596219539642334,0.436656653745779,0.0068227602147777,0.0204682806443333
2,2,64,0.0,0.0,relu,2,0,4,0.062,48000,16,8000,125.0,3,0.0367672843933108,4.4126298828125,4.3758625984191895,0.3311121869097408,0.0051736279204647,0.0155208837613941
2,2,64,0.0,0.0,relu,3,0,4,0.062,42500,16,8000,125.0,3,0.0351942062377927,4.545330810546875,4.510136604309082,0.5845075456618863,0.0091329304009669,0.0273987912029009
2,2,64,0.0,0.0,relu,4,0,4,0.062,41000,16,8000,125.0,3,0.0389576683044436,4.188210083007813,4.149252414703369,0.310715291798385,0.0048549264343497,0.0145647793030492
2,2,64,0.25,0.2574,identity,0,2,6,0.094,49000,16,8000,125.0,2,0.0474381484985348,4.779408935546875,4.73197078704834,0.3269861341332724,0.0051091583458323,0.0102183166916647
2,2,64,0.25,0.251,identity,1,2,6,0.094,36000,16,8000,125.0,2,0.0508564300537113,4.950798828125,4.899942398071289,1.3533414560075827,0.0211459602501184,0.0422919205002369
2,2,64,0.25,0.2612,identity,2,2,6,0.094,38500,16,8000,125.0,2,0.053529453277588,4.630572509765625,4.577043056488037,0.1646066228496404,0.0025719784820256,0.0051439569640512
2,2,64,0.25,0.2503,identity,3,2,6,0.094,42500,16,8000,125.0,2,0.0501929702758792,4.972265380859375,4.922072410583496,0.4342541489085377,0.0067852210766959,0.0135704421533918
2,2,64,0.25,0.2527,identity,4,2,6,0.094,57500,16,8000,125.0,2,0.0470610580444335,4.487888427734375,4.440827369689941,0.4948709435860589,0.0077323584935321,0.0154647169870643
2,2,64,0.25,0.2574,relu,0,2,6,0.094,37000,16,8000,125.0,3,0.0439559707641601,4.7759267578125,4.73197078704834,1.2166862515312835,0.0190107226801763,0.0570321680405289
2,2,64,0.25,0.251,relu,1,2,6,0.094,33500,16,8000,125.0,3,0.0439933929443361,4.943935791015625,4.899942398071289,0.8349356167456019,0.01304586901165,0.03913760703495
2,2,64,0.25,0.2612,relu,2,2,6,0.094,45500,16,8000,125.0,3,0.0436915626525875,4.620734619140625,4.577043056488037,0.7161623556600051,0.0111900368071875,0.0335701104215627
2,2,64,0.25,0.2503,relu,3,2,6,0.094,32500,16,8000,125.0,3,0.0455364761352541,4.96760888671875,4.922072410583496,0.4045261541590641,0.0063207211587353,0.0189621634762061
2,2,64,0.25,0.2527,relu,4,2,6,0.094,39500,16,8000,125.0,3,0.0455520248413083,4.48637939453125,4.440827369689941,0.9251704641372596,0.0144557885021446,0.043367365506434
2,2,64,0.5,0.5091,identity,0,2,6,0.094,38500,16,8000,125.0,2,0.0504071769714356,5.0647890625,5.0143818855285645,0.9094621521934464,0.0142103461280226,0.0284206922560452
2,2,64,0.5,0.5015,identity,1,2,6,0.094,61000,16,8000,125.0,2,0.0428340721130373,5.3426220703125,5.299787998199463,0.8655923212644113,0.0135248800197564,0.0270497600395128
2,2,64,0.5,0.5148,identity,2,2,6,0.094,46500,16,8000,125.0,2,0.0510327224731446,4.97075146484375,4.9197187423706055,0.2470047733901579,0.0038594495842212,0.0077188991684424
2,2,64,0.5,0.5005,identity,3,2,6,0.094,55000,16,8000,125.0,3,0.0453638267517089,5.28346435546875,5.238100528717041,1.1488242877685573,0.0179503794963837,0.0538511384891511
2,2,64,0.5,0.5033,identity,4,2,6,0.094,48500,16,8000,125.0,2,0.0491210670471193,4.8565947265625,4.807473659515381,0.4853056909436918,0.0075829014209951,0.0151658028419903
2,2,64,0.5,0.5091,relu,0,2,6,0.094,56000,16,8000,125.0,3,0.0372924308776854,5.05167431640625,5.0143818855285645,2.698821678882714,0.0421690887325424,0.1265072661976272
2,2,64,0.5,0.5015,relu,1,2,6,0.094,49500,16,8000,125.0,3,0.0382432518005373,5.33803125,5.299787998199463,1.0877672773068,0.0169963637079187,0.0509890911237562
2,2,64,0.5,0.5148,relu,2,2,6,0.094,69000,16,8000,125.0,3,0.0400961990356441,4.95981494140625,4.9197187423706055,1.026401250789018,0.0160375195435784,0.0481125586307352
2,2,64,0.5,0.5005,relu,3,2,6,0.094,45000,16,8000,125.0,3,0.0411309165954589,5.2792314453125,5.238100528717041,1.7516059836449482,0.0273688434944523,0.0821065304833569
2,2,64,0.5,0.5033,relu,4,2,6,0.094,46500,16,8000,125.0,3,0.0420170631408689,4.84949072265625,4.807473659515381,2.220585431408041,0.0346966473657506,0.1040899420972519
2,2,64,0.75,0.756,identity,0,2,6,0.094,65500,16,8000,125.0,2,0.0377429733276368,5.44083154296875,5.403088569641113,2.507144440100212,0.0391741318765658,0.0783482637531316
2,2,64,0.75,0.7513,identity,1,2,6,0.094,49000,16,8000,125.0,3,0.0410984725952152,5.8476103515625,5.806511878967285,1.7801025161559618,0.0278141018149369,0.0834423054448107
2,2,64,0.75,0.7611,identity,2,2,6,0.094,57500,16,8000,125.0,3,0.0431685104370114,5.329740966796875,5.286572456359863,1.920215160506444,0.0300033618829131,0.0900100856487395
2,2,64,0.75,0.7505,identity,3,2,6,0.094,48500,16,8000,125.0,3,0.0448552818298342,5.6222197265625,5.577364444732666,2.0121615465553035,0.0314400241649266,0.0943200724947798
2,2,64,0.75,0.7519,identity,4,2,6,0.094,70000,16,8000,125.0,2,0.0397283439636231,5.324724853515625,5.284996509552002,0.1577780653071383,0.002465282270424,0.004930564540848
2,2,64,0.75,0.756,relu,0,2,6,0.094,53000,16,8000,125.0,3,0.0341833915710445,5.437271484375,5.403088092803955,5.281741195737281,0.082527206183395,0.247581618550185
2,2,64,0.75,0.7513,relu,1,2,6,0.094,36500,16,8000,125.0,4,0.037178062438965,5.84368994140625,5.806511878967285,2.0808509752633744,0.0325132964884902,0.1300531859539609
2,2,64,0.75,0.7611,relu,2,2,6,0.094,50500,16,8000,125.0,4,0.0402835006713866,5.32685595703125,5.286572456359863,3.547994390347616,0.0554374123491815,0.221749649396726
2,2,64,0.75,0.7505,relu,3,2,6,0.094,35500,16,8000,125.0,3,0.041615291595459,5.618979736328125,5.577364444732666,3.8458093718465256,0.0600907714351019,0.1802723143053058
2,2,64,0.75,0.7519,relu,4,2,6,0.094,32500,16,8000,125.0,3,0.0416470451354982,5.3266435546875,5.284996509552002,5.675912877604756,0.0886861387125743,0.2660584161377229
2,2,64,1.0,1.0,identity,0,2,2,0.031,38500,16,8000,125.0,1,0.0216250038146972,5.8685693359375,5.846944332122803,52.59139118140202,0.8217404872094065,0.8217404872094065
2,2,64,1.0,1.0,identity,1,2,2,0.031,41000,16,8000,125.0,1,0.0198590660095216,6.34882568359375,6.3289666175842285,48.03398121426597,0.7505309564729057,0.7505309564729057
2,2,64,1.0,1.0,identity,2,2,2,0.031,40500,16,8000,125.0,1,0.0268725204467772,5.70757568359375,5.680703163146973,17.970738947689075,0.2807927960576418,0.2807927960576418
2,2,64,1.0,1.0,identity,3,2,2,0.031,56500,16,8000,125.0,1,0.0241665077209471,6.03981201171875,6.015645503997803,37.43259369544376,0.5848842764913087,0.5848842764913087
2,2,64,1.0,1.0,identity,4,2,2,0.031,40500,16,8000,125.0,1,0.0252569580078123,5.81247314453125,5.7872161865234375,39.55692990059581,0.6180770296968096,0.6180770296968096
2,2,64,1.0,1.0,relu,0,2,2,0.031,40000,16,8000,125.0,1,0.0145698280334469,5.86151416015625,5.846944332122803,53.381719607104834,0.834089368861013,0.834089368861013
2,2,64,1.0,1.0,relu,1,2,2,0.031,44500,16,8000,125.0,1,0.0122511558532716,6.3412177734375,6.3289666175842285,55.77792658829146,0.8715301029420541,0.8715301029420541
2,2,64,1.0,1.0,relu,2,2,2,0.031,50000,16,8000,125.0,2,0.0174311141967775,5.69813427734375,5.680703163146973,18.149421020469603,0.2835847034448375,0.5671694068896751
2,2,64,1.0,1.0,relu,3,2,2,0.031,47000,16,8000,125.0,1,0.0177924842834471,6.03343798828125,6.015645503997803,32.0537943166439,0.500840536197561,0.500840536197561
2,2,64,1.0,1.0,relu,4,2,2,0.031,41000,16,8000,125.0,1,0.0177032470703126,5.80491943359375,5.7872161865234375,40.68457911336649,0.6356965486463514,0.6356965486463514
2,2,96,0.0,0.0,identity,0,0,4,0.042,71000,16,8000,83.3,2,0.0451731224060054,4.5972880859375,4.552114963531494,0.3038724724294382,0.0031653382544733,0.0063306765089466
2,2,96,0.0,0.0,identity,1,0,4,0.042,55000,16,8000,83.3,2,0.0471642494201658,4.6433837890625,4.596219539642334,0.1582592798258529,0.0016485341648526,0.0032970683297052
2,2,96,0.0,0.0,identity,2,0,4,0.042,44500,16,8000,83.3,2,0.0511078605651853,4.426970458984375,4.3758625984191895,1.704698534921848,0.0177572764054359,0.0355145528108718
2,2,96,0.0,0.0,identity,3,0,4,0.042,45500,16,8000,83.3,2,0.0492447433471676,4.55938134765625,4.510136604309082,0.8612777674699493,0.0089716434111453,0.0179432868222906
2,2,96,0.0,0.0,identity,4,0,4,0.042,60500,16,8000,83.3,2,0.0473857688903809,4.19663818359375,4.149252414703369,0.4278960027684122,0.0044572500288376,0.0089145000576752
2,2,96,0.0,0.0,relu,0,0,4,0.042,47500,16,8000,83.3,3,0.0387912864685056,4.59090625,4.552114963531494,0.3266922804996239,0.0034030445885377,0.0102091337656132
2,2,96,0.0,0.0,relu,1,0,4,0.042,39500,16,8000,83.3,3,0.0416317787170408,4.637851318359375,4.596219539642334,0.6882329287399259,0.0071690930077075,0.0215072790231226
2,2,96,0.0,0.0,relu,2,0,4,0.042,47500,16,8000,83.3,3,0.0385365715026857,4.414399169921875,4.3758625984191895,0.4369137287885246,0.0045511846748804,0.0136535540246413
2,2,96,0.0,0.0,relu,3,0,4,0.042,50500,16,8000,83.3,3,0.0373526535034178,4.5474892578125,4.510136604309082,2.1834306515250903,0.0227440692867196,0.068232207860159
2,2,96,0.0,0.0,relu,4,0,4,0.042,44000,16,8000,83.3,3,0.0419201927185062,4.191172607421875,4.149252414703369,0.307340076459448,0.0032014591297859,0.0096043773893577
2,2,96,0.25,0.2574,identity,0,2,6,0.062,49000,16,8000,83.3,2,0.0558026504516604,4.7877734375,4.73197078704834,0.5408528805153127,0.0056338841720345,0.011267768344069
2,2,96,0.25,0.251,identity,1,2,6,0.062,24000,16,8000,83.3,2,0.0682585296630859,4.968200927734375,4.899942398071289,0.6704575959154576,0.006983933290786,0.013967866581572
2,2,96,0.25,0.2612,identity,2,2,6,0.062,47500,16,8000,83.3,2,0.0579320411682129,4.63497509765625,4.577043056488037,0.3677752539348849,0.0038309922284883,0.0076619844569767
2,2,96,0.25,0.2503,identity,3,2,6,0.062,42500,16,8000,83.3,2,0.0594773941040038,4.9815498046875,4.922072410583496,0.5119787713118942,0.0053331122011655,0.0106662244023311
2,2,96,0.25,0.2527,identity,4,2,6,0.062,46500,16,8000,83.3,2,0.0570259017944332,4.497853271484375,4.440827369689941,0.6689770983950423,0.006968511441615,0.01393702288323
2,2,96,0.25,0.2574,relu,0,2,6,0.062,46500,16,8000,83.3,3,0.0454755020141597,4.7774462890625,4.73197078704834,1.5452133444541922,0.0160959723380645,0.0482879170141935
2,2,96,0.25,0.251,relu,1,2,6,0.062,43500,16,8000,83.3,3,0.0432143402099605,4.94315673828125,4.899942398071289,0.3305509717950452,0.0034432392895317,0.0103297178685951
2,2,96,0.25,0.2612,relu,2,2,6,0.062,28500,16,8000,83.3,4,0.052705478668213,4.62974853515625,4.577043056488037,0.6666629881453408,0.0069444061265139,0.0277776245060558
2,2,96,0.25,0.2503,relu,3,2,6,0.062,32500,16,8000,83.3,3,0.0499678726196286,4.972040283203125,4.922072410583496,1.3620179848234866,0.0141876873419113,0.0425630620257339
2,2,96,0.25,0.2527,relu,4,2,6,0.062,41500,16,8000,83.3,3,0.0487619857788086,4.48958935546875,4.440827369689941,1.679544115411931,0.0174952512022076,0.0524857536066228
2,2,96,0.5,0.5091,identity,0,2,6,0.062,38500,16,8000,83.3,2,0.0580263175964352,5.072408203125,5.0143818855285645,1.9858817140096143,0.0206862678542668,0.0413725357085336
2,2,96,0.5,0.5015,identity,1,2,6,0.062,52500,16,8000,83.3,3,0.0522454490661621,5.352033447265625,5.299787998199463,1.696051466013525,0.0176672027709742,0.0530016083129226
2,2,96,0.5,0.5148,identity,2,2,6,0.062,60000,16,8000,83.3,2,0.0543610916137691,4.974079833984375,4.9197187423706055,0.8283793266083953,0.0086289513188374,0.0172579026376749
2,2,96,0.5,0.5005,identity,3,2,6,0.062,54000,16,8000,83.3,2,0.0554910240173338,5.293591552734375,5.238100528717041,1.470113501577642,0.0153136823081004,0.0306273646162008
2,2,96,0.5,0.5033,identity,4,2,6,0.062,53000,16,8000,83.3,2,0.0546799049377444,4.862153564453125,4.807473659515381,0.2346501017133563,0.0024442718928474,0.0048885437856949
2,2,96,0.5,0.5091,relu,0,2,6,0.062,52500,16,8000,83.3,3,0.0421054191589354,5.0564873046875,5.0143818855285645,4.431069846480842,0.0461569775675087,0.1384709327025263
2,2,96,0.5,0.5015,relu,1,2,6,0.062,53000,16,8000,83.3,4,0.0393506736755373,5.339138671875,5.299787998199463,0.7015770995626263,0.0073080947871106,0.0292323791484427
2,2,96,0.5,0.5148,relu,2,2,6,0.062,46500,16,8000,83.3,4,0.0473618240356445,4.96708056640625,4.9197187423706055,1.3146347439895818,0.0136941119165581,0.0547764476662325
2,2,96,0.5,0.5005,relu,3,2,6,0.062,35500,16,8000,83.3,3,0.0469448814392086,5.28504541015625,5.238100528717041,4.061079770286292,0.0423029142738155,0.1269087428214466
2,2,96,0.5,0.5033,relu,4,2,6,0.062,74000,16,8000,83.3,3,0.0392800025939941,4.846753662109375,4.807473659515381,5.00163058056306,0.0521003185475318,0.1563009556425956
2,2,96,0.75,0.756,identity,0,2,6,0.062,44500,16,8000,83.3,3,0.0501016159057616,5.453190185546875,5.403088569641113,7.806868408324613,0.081321545920048,0.2439646377601441
2,2,96,0.75,0.7513,identity,1,2,6,0.062,47000,16,8000,83.3,3,0.0489632186889652,5.85547509765625,5.806511878967285,2.933712384335355,0.0305595040034932,0.0916785120104798
2,2,96,0.75,0.7611,identity,2,2,6,0.062,45500,16,8000,83.3,3,0.0552861862182618,5.341858642578125,5.286572456359863,3.476024106027681,0.0362085844377883,0.108625753313365
2,2,96,0.75,0.7505,identity,3,2,6,0.062,48500,16,8000,83.3,2,0.0514431724548343,5.6288076171875,5.577364444732666,1.8218453837494908,0.0189775560807238,0.0379551121614477
2,2,96,0.75,0.7519,identity,4,2,6,0.062,45500,16,8000,83.3,3,0.0534636955261227,5.338460205078125,5.284996509552002,6.880450582115246,0.0716713602303671,0.2150140806911014
2,2,96,0.75,0.756,relu,0,2,6,0.062,40000,16,8000,83.3,3,0.0395981864929195,5.442686279296875,5.403088092803955,8.308843768818473,0.0865504559251924,0.2596513677755773
2,2,96,0.75,0.7513,relu,1,2,6,0.062,45000,16,8000,83.3,4,0.0378806991577151,5.844392578125,5.806511878967285,3.328778776343288,0.0346747789202425,0.1386991156809703
2,2,96,0.75,0.7611,relu,2,2,6,0.062,51000,16,8000,83.3,4,0.041693656921387,5.32826611328125,5.286572456359863,6.424937833895148,0.0669264357697411,0.2677057430789645
2,2,96,0.75,0.7505,relu,3,2,6,0.062,42000,16,8000,83.3,3,0.0430576744079589,5.620422119140625,5.577364444732666,5.961065642286049,0.062094433773813,0.186283301321439
2,2,96,0.75,0.7519,relu,4,2,6,0.062,39500,16,8000,83.3,3,0.0429868888854976,5.3279833984375,5.284996509552002,7.793441302023882,0.0811816802294154,0.2435450406882463
2,2,96,1.0,1.0,identity,0,2,2,0.021,30000,16,8000,83.3,1,0.0312470741271972,5.87819140625,5.846944332122803,78.19258109077958,0.814506053028954,0.814506053028954
2,2,96,1.0,1.0,identity,1,2,2,0.021,23000,16,8000,83.3,1,0.0303224449157717,6.3592890625,6.3289666175842285,71.89999960755041,0.7489583292453168,0.7489583292453168
2,2,96,1.0,1.0,identity,2,2,2,0.021,42500,16,8000,83.3,1,0.0328427352905276,5.7135458984375,5.680703163146973,22.836659791367303,0.2378818728267427,0.2378818728267427
2,2,96,1.0,1.0,identity,3,2,2,0.021,35500,16,8000,83.3,1,0.0334375038146976,6.0490830078125,6.015645503997803,44.57237329417824,0.4642955551476899,0.4642955551476899
2,2,96,1.0,1.0,identity,4,2,2,0.021,41000,16,8000,83.3,1,0.0325560302734375,5.819772216796875,5.7872161865234375,66.66414133885166,0.6944181389463715,0.6944181389463715
2,2,96,1.0,1.0,relu,0,2,2,0.021,42000,16,8000,83.3,1,0.0146933631896972,5.8616376953125,5.846944332122803,82.25289073621566,0.8568009451689131,0.8568009451689131
2,2,96,1.0,1.0,relu,1,2,2,0.021,36000,16,8000,83.3,2,0.0144147300720218,6.34338134765625,6.3289666175842285,43.80643625318347,0.4563170443039945,0.912634088607989
2,2,96,1.0,1.0,relu,2,2,2,0.021,40500,16,8000,83.3,2,0.0207301864624023,5.701433349609375,5.680703163146973,25.067900355008256,0.261123962031336,0.522247924062672
2,2,96,1.0,1.0,relu,3,2,2,0.021,38000,16,8000,83.3,2,0.0199956092834474,6.03564111328125,6.015645503997803,33.437933690781826,0.3483118092789773,0.6966236185579547
2,2,96,1.0,1.0,relu,4,2,2,0.021,32000,16,8000,83.3,1,0.0200958251953125,5.80731201171875,5.7872161865234375,58.183370609362,0.6060767771808541,0.6060767771808541
2,4,16,0.0,0.0,identity,0,0,6,0.375,78500,16,8000,500.0,2,0.0351282234191892,4.412347900390625,4.377219676971436,0.0706697821367083,0.0044168613835442,0.0088337227670885
2,4,16,0.0,0.0,identity,1,0,6,0.375,61500,16,8000,500.0,2,0.0380260086059571,4.46218505859375,4.424159049987793,0.1380534905941207,0.0086283431621325,0.017256686324265
2,4,16,0.0,0.0,identity,2,0,6,0.375,64000,16,8000,500.0,2,0.0372618885040285,4.037167236328125,3.9999053478240967,0.1205300732094737,0.0075331295755921,0.0150662591511842
2,4,16,0.0,0.0,identity,3,0,6,0.375,83000,16,8000,500.0,2,0.0333016662597653,4.583499267578125,4.550197601318359,0.1084213643643634,0.0067763352727727,0.0135526705455454
2,4,16,0.0,0.0,identity,4,0,6,0.375,73500,16,8000,500.0,2,0.0373158760070797,4.286205322265625,4.248889446258545,0.0646630571194765,0.0040414410699672,0.0080828821399345
2,4,16,0.0,0.0,relu,0,0,6,0.375,64500,16,8000,500.0,2,0.0390361824035645,4.416255859375,4.377219676971436,0.0750434365525777,0.0046902147845361,0.0093804295690722
2,4,16,0.0,0.0,relu,1,0,6,0.375,90500,16,8000,500.0,3,0.0330274734497066,4.4571865234375,4.424159049987793,0.2638212499964518,0.0164888281247782,0.0494664843743347
2,4,16,0.0,0.0,relu,2,0,6,0.375,59000,16,8000,500.0,3,0.0384634265899661,4.038368774414063,3.9999053478240967,0.2894464923597641,0.0180904057724852,0.0542712173174557
2,4,16,0.0,0.0,relu,3,0,6,0.375,76000,16,8000,500.0,3,0.0328148612976075,4.583012939453125,4.550198078155518,0.0916471099006258,0.0057279443687891,0.0171838331063673
2,4,16,0.0,0.0,relu,4,0,6,0.375,63000,16,8000,500.0,3,0.0389005928039551,4.2877900390625,4.248889446258545,0.1445964949593643,0.0090372809349602,0.0271118428048808
2,4,16,0.25,0.2581,identity,0,2,8,0.5,100000,16,8000,500.0,2,0.0367987327575685,4.6019599609375,4.565161228179932,0.060215974250535,0.0037634983906584,0.0075269967813168
2,4,16,0.25,0.2506,identity,1,2,8,0.5,73500,16,8000,500.0,2,0.0398633766174318,4.7859814453125,4.746118068695068,0.1313412119220747,0.0082088257451296,0.0164176514902593
2,4,16,0.25,0.2609,identity,2,2,8,0.5,61000,16,8000,500.0,2,0.0403589553833008,4.41511767578125,4.374758720397949,0.1414470221178562,0.008840438882366,0.017680877764732
2,4,16,0.25,0.2503,identity,3,2,8,0.5,91000,16,8000,500.0,2,0.0369004974365232,4.801787353515625,4.764886856079102,0.1161777575974457,0.0072611098498403,0.0145222196996807
2,4,16,0.25,0.2529,identity,4,2,8,0.5,63000,16,8000,500.0,2,0.0430248413085934,4.54635888671875,4.503334045410156,0.0603414112378047,0.0037713382023627,0.0075426764047255
2,4,16,0.25,0.2581,relu,0,2,8,0.5,81500,16,8000,500.0,2,0.0419652366638185,4.60712646484375,4.565161228179932,0.1181211894546487,0.0073825743409155,0.014765148681831
2,4,16,0.25,0.2506,relu,1,2,8,0.5,68500,16,8000,500.0,3,0.0425994606018065,4.788717529296875,4.746118068695068,0.2897951686868934,0.0181121980429308,0.0543365941287925
2,4,16,0.25,0.2609,relu,2,2,8,0.5,74500,16,8000,500.0,3,0.0396597366333004,4.41441845703125,4.374758720397949,0.304307711385785,0.0190192319616115,0.0570576958848346
2,4,16,0.25,0.2503,relu,3,2,8,0.5,74000,16,8000,500.0,3,0.0418638763427736,4.806750732421875,4.764886856079102,0.2562273534694735,0.016014209591842,0.0480426287755262
2,4,16,0.25,0.2529,relu,4,2,8,0.5,84000,16,8000,500.0,3,0.0419808959960938,4.54531494140625,4.503334045410156,0.4735236462717134,0.029595227891982,0.0887856836759462
2,4,16,0.5,0.5112,identity,0,2,8,0.5,87000,16,8000,500.0,2,0.0369232711791989,4.873559814453125,4.836636543273926,0.0398864642326914,0.0024929040145432,0.0049858080290864
2,4,16,0.5,0.5007,identity,1,2,8,0.5,63500,16,8000,500.0,2,0.0402489242553709,5.156048828125,5.115799903869629,0.0859722899083087,0.0053732681192692,0.0107465362385385
2,4,16,0.5,0.514,identity,2,2,8,0.5,83000,16,8000,500.0,2,0.0337801284790035,4.8806572265625,4.846877098083496,0.125090490838725,0.0078181556774203,0.0156363113548406
2,4,16,0.5,0.5005,identity,3,2,8,0.5,95500,16,8000,500.0,2,0.0342235183715819,5.04575439453125,5.011530876159668,0.0543232135492228,0.0033952008468264,0.0067904016936528
2,4,16,0.5,0.5035,identity,4,2,8,0.5,63000,16,8000,500.0,2,0.0414314575195309,4.869548828125,4.828117370605469,0.07837723006635,0.0048985768791468,0.0097971537582937
2,4,16,0.5,0.5112,relu,0,2,8,0.5,88000,16,8000,500.0,3,0.0376657028198241,4.87430224609375,4.836636543273926,0.6333847661103233,0.0395865478818952,0.1187596436456856
2,4,16,0.5,0.5007,relu,1,2,8,0.5,78500,16,8000,500.0,3,0.0398944320678706,5.1556943359375,5.115799903869629,0.7460715707794602,0.0466294731737162,0.1398884195211487
2,4,16,0.5,0.514,relu,2,2,8,0.5,76500,16,8000,500.0,3,0.0362745132446287,4.883151611328125,4.846877098083496,0.6240462272117325,0.0390028892007332,0.1170086676021998
2,4,16,0.5,0.5005,relu,3,2,8,0.5,74000,16,8000,500.0,3,0.0409718093872069,5.052502685546875,5.011530876159668,0.6682544292849886,0.0417659018303117,0.1252977054909353
2,4,16,0.5,0.5035,relu,4,2,8,0.5,80000,16,8000,500.0,3,0.0421257934570311,4.8702431640625,4.828117370605469,0.6226566036002132,0.0389160377250133,0.1167481131750399
2,4,16,0.75,0.7589,identity,0,2,8,0.5,61000,16,8000,500.0,2,0.0356367835998536,5.213017822265625,5.177381038665772,0.3567235848763119,0.0222952240547694,0.0445904481095389
2,4,16,0.75,0.7505,identity,1,2,8,0.5,63500,16,8000,500.0,2,0.0341855735778811,5.576656982421875,5.542471408843994,0.1317366184528069,0.0082335386533004,0.0164670773066008
2,4,16,0.75,0.7599,identity,2,2,8,0.5,75000,16,8000,500.0,2,0.0290205955505369,5.46070556640625,5.431684970855713,0.2305421997115325,0.0144088874819707,0.0288177749639415
2,4,16,0.75,0.7504,identity,3,2,8,0.5,49500,16,8000,500.0,2,0.0389891204833983,5.359173828125,5.320184707641602,0.0894516392002053,0.0055907274500128,0.0111814549000256
2,4,16,0.75,0.7522,identity,4,2,8,0.5,56500,16,8000,500.0,2,0.0375010948181149,5.253255126953125,5.21575403213501,0.191827673815904,0.011989229613494,0.023978459226988
2,4,16,0.75,0.7589,relu,0,2,8,0.5,92500,16,8000,500.0,3,0.0340235023498536,5.211404541015625,5.177381038665772,1.3958061558696382,0.0872378847418523,0.2617136542255571
2,4,16,0.75,0.7505,relu,1,2,8,0.5,82500,16,8000,500.0,2,0.0385339622497555,5.58100537109375,5.542471408843994,1.837295615945925,0.1148309759966203,0.2296619519932406
2,4,16,0.75,0.7599,relu,2,2,8,0.5,77000,16,8000,500.0,2,0.0319778709411622,5.463662841796875,5.431684970855713,1.9111238363324488,0.119445239770778,0.2388904795415561
2,4,16,0.75,0.7504,relu,3,2,8,0.5,75000,16,8000,500.0,3,0.039641952514648,5.35982666015625,5.320184707641602,1.2391862095060724,0.0774491380941295,0.2323474142823886
2,4,16,0.75,0.7522,relu,4,2,8,0.5,79500,16,8000,500.0,3,0.0379774131774901,5.2537314453125,5.21575403213501,1.2753657950346575,0.0797103621896661,0.2391310865689983
2,4,16,1.0,1.0,identity,0,2,2,0.125,45000,16,8000,500.0,1,0.0164140892028807,5.566148681640625,5.549734592437744,8.174606449775293,0.5109129031109558,0.5109129031109558
2,4,16,1.0,1.0,identity,1,2,2,0.125,47500,16,8000,500.0,1,0.0155464477539064,6.0429130859375,6.027366638183594,13.26547588973535,0.8290922431084594,0.8290922431084594
2,4,16,1.0,1.0,identity,2,2,2,0.125,34500,16,8000,500.0,1,0.0120876045227049,6.02477099609375,6.012683391571045,15.387676572155256,0.9617297857597036,0.9617297857597036
2,4,16,1.0,1.0,identity,3,2,2,0.125,53000,16,8000,500.0,1,0.0172847747802737,5.732000732421875,5.714715957641602,4.975599817999953,0.310974988624997,0.310974988624997
2,4,16,1.0,1.0,identity,4,2,2,0.125,63500,16,8000,500.0,1,0.0157311477661128,5.622865966796875,5.607134819030762,9.700935468137086,0.6063084667585679,0.6063084667585679
2,4,16,1.0,1.0,relu,0,2,2,0.125,41000,16,8000,500.0,1,0.0153325462341307,5.565067138671875,5.549734592437744,11.38729277523967,0.7117057984524794,0.7117057984524794
2,4,16,1.0,1.0,relu,1,2,2,0.125,50000,16,8000,500.0,1,0.0134829711914061,6.040849609375,6.027366638183594,12.920262826431586,0.8075164266519741,0.8075164266519741
2,4,16,1.0,1.0,relu,2,2,2,0.125,56000,16,8000,500.0,1,0.0099750556945803,6.022658447265625,6.012683391571045,15.17824977675523,0.948640611047202,0.948640611047202
2,4,16,1.0,1.0,relu,3,2,2,0.125,59000,16,8000,500.0,1,0.0144988861083987,5.72921484375,5.714715957641602,5.843397165998958,0.3652123228749349,0.3652123228749349
2,4,16,1.0,1.0,relu,4,2,2,0.125,41500,16,8000,500.0,1,0.0158021926879881,5.62293701171875,5.607134819030762,10.617797780573165,0.6636123612858227,0.6636123612858227
2,4,32,0.0,0.0,identity,0,0,6,0.188,78500,16,8000,250.0,2,0.0403899421691891,4.417609619140625,4.377219676971436,0.071070635969808,0.0022209573740565,0.004441914748113
2,4,32,0.0,0.0,identity,1,0,6,0.188,56000,16,8000,250.0,2,0.0444149246215817,4.468573974609375,4.424159049987793,0.201276455291966,0.0062898892278739,0.0125797784557478
2,4,32,0.0,0.0,identity,2,0,6,0.188,53500,16,8000,250.0,2,0.0449418201446532,4.04484716796875,3.9999053478240967,0.2483346062159293,0.0077604564442477,0.0155209128884955
2,4,32,0.0,0.0,identity,3,0,6,0.188,59000,16,8000,250.0,2,0.041954254150391,4.59215185546875,4.550197601318359,0.3379763732532427,0.0105617616641638,0.0211235233283276
2,4,32,0.0,0.0,identity,4,0,6,0.188,66000,16,8000,250.0,2,0.0429440498352047,4.29183349609375,4.248889446258545,0.1343538937821669,0.0041985591806927,0.0083971183613854
2,4,32,0.0,0.0,relu,0,0,6,0.188,59500,16,8000,250.0,2,0.0426143074035643,4.419833984375,4.377219676971436,0.1379833231786549,0.0043119788493329,0.0086239576986659
2,4,32,0.0,0.0,relu,1,0,6,0.188,65000,16,8000,250.0,3,0.0400360183715822,4.464195068359375,4.424159049987793,0.4204742310063432,0.0131398197189482,0.0394194591568446
2,4,32,0.0,0.0,relu,2,0,6,0.188,52000,16,8000,250.0,3,0.0420465564727781,4.041951904296875,3.9999053478240967,0.3204020788085672,0.0100125649627677,0.0300376948883031
2,4,32,0.0,0.0,relu,3,0,6,0.188,50500,16,8000,250.0,3,0.0409950370788569,4.591193115234375,4.550198078155518,0.0737614462367199,0.0023050451948974,0.0069151355846924
2,4,32,0.0,0.0,relu,4,0,6,0.188,49500,16,8000,250.0,3,0.0435963935852052,4.29248583984375,4.248889446258545,0.0980710514991404,0.0030647203593481,0.0091941610780444
2,4,32,0.25,0.2581,identity,0,2,8,0.25,41000,16,8000,250.0,2,0.0572162132263187,4.62237744140625,4.565161228179932,0.3149746669915506,0.0098429583434859,0.0196859166869719
2,4,32,0.25,0.2506,identity,1,2,8,0.25,79500,16,8000,250.0,2,0.0444603004455563,4.790578369140625,4.746118068695068,0.1845665637290003,0.0057677051165312,0.0115354102330625
2,4,32,0.25,0.2609,identity,2,2,8,0.25,81000,16,8000,250.0,2,0.0417737503051753,4.416532470703125,4.374758720397949,0.1516448226896151,0.0047389007090504,0.0094778014181009
2,4,32,0.25,0.2503,identity,3,2,8,0.25,44500,16,8000,250.0,2,0.054543319702148,4.81943017578125,4.764886856079102,0.1305022897213999,0.0040781965537937,0.0081563931075874
2,4,32,0.25,0.2529,identity,4,2,8,0.25,54000,16,8000,250.0,2,0.0524269409179689,4.555760986328125,4.503334045410156,0.0919181241601204,0.0028724413800037,0.0057448827600075
2,4,32,0.25,0.2581,relu,0,2,8,0.25,65000,16,8000,250.0,3,0.0481209983825685,4.6132822265625,4.565161228179932,0.5368058841658448,0.0167751838801826,0.0503255516405479
2,4,32,0.25,0.2506,relu,1,2,8,0.25,61000,16,8000,250.0,3,0.0450538063049315,4.791171875,4.746118068695068,0.4404909611179865,0.013765342534937,0.0412960276048112
2,4,32,0.25,0.2609,relu,2,2,8,0.25,49500,16,8000,250.0,3,0.0450427932739261,4.419801513671875,4.374758720397949,0.5238010902225974,0.0163687840694561,0.0491063522083685
2,4,32,0.25,0.2503,relu,3,2,8,0.25,63500,16,8000,250.0,3,0.0448809661865237,4.809767822265625,4.764886856079102,0.2903507597554877,0.0090734612423589,0.0272203837270769
2,4,32,0.25,0.2529,relu,4,2,8,0.25,64500,16,8000,250.0,3,0.0464867553710934,4.54982080078125,4.503334045410156,0.2956831466821352,0.0092400983338167,0.0277202950014501
2,4,32,0.5,0.5112,identity,0,2,8,0.25,41000,16,8000,250.0,2,0.0540060348510742,4.890642578125,4.836636543273926,0.2059375296681501,0.0064355478021296,0.0128710956042593
2,4,32,0.5,0.5007,identity,1,2,8,0.25,60500,16,8000,250.0,2,0.0445990219116207,5.16039892578125,5.115799903869629,0.2475134254491495,0.0077347945452859,0.0154695890905718
2,4,32,0.5,0.514,identity,2,2,8,0.25,60500,16,8000,250.0,2,0.0424439468383788,4.889321044921875,4.846877098083496,0.4125725656662703,0.0128928926770709,0.0257857853541418
2,4,32,0.5,0.5005,identity,3,2,8,0.25,41000,16,8000,250.0,2,0.0532569656372068,5.064787841796875,5.011530876159668,0.1464873177687771,0.0045777286802742,0.0091554573605485
2,4,32,0.5,0.5035,identity,4,2,8,0.25,62000,16,8000,250.0,2,0.0484917602539063,4.876609130859375,4.828117370605469,0.3118614256371047,0.0097456695511595,0.019491339102319
2,4,32,0.5,0.5112,relu,0,2,8,0.25,50000,16,8000,250.0,3,0.0480848922729491,4.884721435546875,4.836636543273926,1.1777409808929,0.0368044056529031,0.1104132169587093
2,4,32,0.5,0.5007,relu,1,2,8,0.25,76000,16,8000,250.0,3,0.0413744125366211,5.15717431640625,5.115799903869629,1.0874070457264102,0.0339814701789503,0.1019444105368509
2,4,32,0.5,0.514,relu,2,2,8,0.25,61000,16,8000,250.0,3,0.0410174331665036,4.88789453125,4.846877098083496,0.9917208057463456,0.0309912751795733,0.0929738255387199
2,4,32,0.5,0.5005,relu,3,2,8,0.25,62500,16,8000,250.0,3,0.0427391433715822,5.05427001953125,5.011530876159668,0.8906566596434967,0.0278330206138592,0.0834990618415778
2,4,32,0.5,0.5035,relu,4,2,8,0.25,61000,16,8000,250.0,3,0.0442976684570313,4.8724150390625,4.828117370605469,0.7361705221653816,0.0230053288176681,0.0690159864530045
2,4,32,0.75,0.7589,identity,0,2,8,0.25,53000,16,8000,250.0,2,0.0424422035217286,5.2198232421875,5.177381038665772,0.8581642394811783,0.0268176324837868,0.0536352649675736
2,4,32,0.75,0.7505,identity,1,2,8,0.25,61500,16,8000,250.0,2,0.0388659934997557,5.58133740234375,5.542471408843994,0.7355752232701988,0.0229867257271937,0.0459734514543874
2,4,32,0.75,0.7599,identity,2,2,8,0.25,50000,16,8000,250.0,2,0.0379026756286622,5.469587646484375,5.431684970855713,0.727892595702655,0.0227466436157079,0.0454932872314159
2,4,32,0.75,0.7504,identity,3,2,8,0.25,56000,16,8000,250.0,2,0.0426732025146483,5.36285791015625,5.320184707641602,0.3039318198975888,0.0094978693717996,0.0189957387435993
2,4,32,0.75,0.7522,identity,4,2,8,0.25,49500,16,8000,250.0,2,0.0447186241149903,5.26047265625,5.21575403213501,0.548604336192386,0.017143885506012,0.0342877710120241
2,4,32,0.75,0.7589,relu,0,2,8,0.25,57000,16,8000,250.0,3,0.0397114906311033,5.217092529296875,5.177381038665772,1.9339132708257527,0.0604347897133047,0.1813043691399143
2,4,32,0.75,0.7505,relu,1,2,8,0.25,50000,16,8000,250.0,2,0.039469264984131,5.581940673828125,5.542471408843994,3.1942761755544247,0.0998211304860757,0.1996422609721515
2,4,32,0.75,0.7599,relu,2,2,8,0.25,48500,16,8000,250.0,2,0.0365376853942871,5.46822265625,5.431684970855713,3.341164810095213,0.1044114003154754,0.2088228006309508
2,4,32,0.75,0.7504,relu,3,2,8,0.25,62000,16,8000,250.0,3,0.0391609954833986,5.359345703125,5.320184707641602,1.6279787180871572,0.0508743349402236,0.1526230048206709
2,4,32,0.75,0.7522,relu,4,2,8,0.25,43000,16,8000,250.0,3,0.0438306846618647,5.259584716796875,5.21575403213501,2.043446448751812,0.0638577015234941,0.1915731045704823
2,4,32,1.0,1.0,identity,0,2,2,0.062,45000,16,8000,250.0,1,0.0189428977966308,5.568677490234375,5.549734592437744,21.33580296229708,0.6667438425717837,0.6667438425717837
2,4,32,1.0,1.0,identity,1,2,2,0.062,47500,16,8000,250.0,1,0.0175532836914058,6.044919921875,6.027366638183594,15.149673065482364,0.4734272832963238,0.4734272832963238
2,4,32,1.0,1.0,identity,2,2,2,0.062,47500,16,8000,250.0,1,0.01275484085083,6.025438232421875,6.012683391571045,28.847618889531194,0.9014880902978498,0.9014880902978498
2,4,32,1.0,1.0,identity,3,2,2,0.062,53000,16,8000,250.0,1,0.0190713958740236,5.733787353515625,5.714715957641602,11.486611890071634,0.3589566215647385,0.3589566215647385
2,4,32,1.0,1.0,identity,4,2,2,0.062,39500,16,8000,250.0,1,0.020597602844238,5.627732421875,5.607134819030762,21.24536307516192,0.6639175960988101,0.6639175960988101
2,4,32,1.0,1.0,relu,0,2,2,0.062,40500,16,8000,250.0,2,0.0160305442810058,5.56576513671875,5.549734592437744,11.986978078195207,0.3745930649436002,0.7491861298872005
2,4,32,1.0,1.0,relu,1,2,2,0.062,37000,16,8000,250.0,1,0.0163623657226565,6.04372900390625,6.027366638183594,21.50663344688516,0.6720822952151613,0.6720822952151613
2,4,32,1.0,1.0,relu,2,2,2,0.062,32500,16,8000,250.0,1,0.01388862991333,6.026572021484375,6.012683391571045,29.51893022557556,0.9224665695492362,0.9224665695492362
2,4,32,1.0,1.0,relu,3,2,2,0.062,42500,16,8000,250.0,1,0.0179666595458982,5.7326826171875,5.714715957641602,12.283632423187957,0.3838635132246236,0.3838635132246236
2,4,32,1.0,1.0,relu,4,2,2,0.062,41500,16,8000,250.0,2,0.0167641067504886,5.62389892578125,5.607134819030762,13.793294876796557,0.4310404648998924,0.8620809297997848
2,4,64,0.0,0.0,identity,0,0,6,0.094,51000,16,8000,125.0,2,0.0557395515441898,4.432959228515625,4.377219676971436,0.3557157796673147,0.0055580590573017,0.0111161181146035
2,4,64,0.0,0.0,identity,1,0,6,0.094,63500,16,8000,125.0,2,0.0495535964965823,4.473712646484375,4.424159049987793,0.5582909080833238,0.0087232954388019,0.0174465908776038
2,4,64,0.0,0.0,identity,2,0,6,0.094,62000,16,8000,125.0,2,0.0488993396759029,4.0488046875,3.9999053478240967,0.6225612545671423,0.0097275196026115,0.0194550392052231
2,4,64,0.0,0.0,identity,3,0,6,0.094,49500,16,8000,125.0,2,0.0531192932128909,4.60331689453125,4.550197601318359,0.5205253529562931,0.008133208639942,0.0162664172798841
2,4,64,0.0,0.0,identity,4,0,6,0.094,59000,16,8000,125.0,2,0.0519057197570802,4.300795166015625,4.248889446258545,0.0729733235805829,0.0011402081809466,0.0022804163618932
2,4,64,0.0,0.0,relu,0,0,6,0.094,39000,16,8000,125.0,3,0.0567236824035646,4.433943359375,4.377219676971436,0.3384923830718928,0.0052889434854983,0.0158668304564949
2,4,64,0.0,0.0,relu,1,0,6,0.094,54500,16,8000,125.0,3,0.0490472488403321,4.473206298828125,4.424159049987793,0.2310478639981164,0.0036101228749705,0.0108303686249117
2,4,64,0.0,0.0,relu,2,0,6,0.094,49500,16,8000,125.0,4,0.0500190906524657,4.0499244384765625,3.9999053478240967,0.6472276520114097,0.0101129320626782,0.0404517282507131
2,4,64,0.0,0.0,relu,3,0,6,0.094,33000,16,8000,125.0,3,0.0536622734069824,4.6038603515625,4.550198078155518,0.1620384958034492,0.0025318514969288,0.0075955544907866
2,4,64,0.0,0.0,relu,4,0,6,0.094,53000,16,8000,125.0,4,0.0524677314758301,4.301357177734375,4.248889446258545,0.3245874116585223,0.0050716783071644,0.0202867132286576
2,4,64,0.25,0.2581,identity,0,2,8,0.125,41000,16,8000,125.0,2,0.0659483909606937,4.631109619140625,4.565161228179932,0.2688790768534718,0.0042012355758354,0.0084024711516709
2,4,64,0.25,0.2506,identity,1,2,8,0.125,58000,16,8000,125.0,2,0.0582120094299316,4.804330078125,4.746118068695068,0.3934431552260175,0.0061475493004065,0.012295098600813
2,4,64,0.25,0.2609,identity,2,2,8,0.125,78500,16,8000,125.0,2,0.0490564651489258,4.423815185546875,4.374758720397949,0.8743629199177141,0.0136619206237142,0.0273238412474285
2,4,64,0.25,0.2503,identity,3,2,8,0.125,43000,16,8000,125.0,3,0.0629996185302737,4.827886474609375,4.764886856079102,0.5045963544854645,0.0078843180388353,0.0236529541165061
2,4,64,0.25,0.2529,identity,4,2,8,0.125,54000,16,8000,125.0,2,0.0607374877929691,4.564071533203125,4.503334045410156,0.151708244900179,0.0023704413265652,0.0047408826531305
2,4,64,0.25,0.2581,relu,0,2,8,0.125,51500,16,8000,125.0,3,0.0578631858825682,4.6230244140625,4.565161228179932,0.8864454203852451,0.0138507096935194,0.0415521290805583
2,4,64,0.25,0.2506,relu,1,2,8,0.125,52500,16,8000,125.0,3,0.0545350074768062,4.800653076171875,4.746118068695068,0.6131057132178348,0.0095797767690286,0.028739330307086
2,4,64,0.25,0.2609,relu,2,2,8,0.125,33500,16,8000,125.0,4,0.0576641311645511,4.4324228515625,4.374758720397949,0.5272948872330759,0.0082389826130168,0.0329559304520672
2,4,64,0.25,0.2503,relu,3,2,8,0.125,53500,16,8000,125.0,3,0.0543646087646481,4.81925146484375,4.764886856079102,0.3915105808439925,0.0061173528256873,0.0183520584770621
2,4,64,0.25,0.2529,relu,4,2,8,0.125,49500,16,8000,125.0,3,0.0590744018554687,4.562408447265625,4.503334045410156,0.2251311007519118,0.0035176734492486,0.0105530203477458
2,4,64,0.5,0.5112,identity,0,2,8,0.125,41000,16,8000,125.0,2,0.0629164352416991,4.899552978515625,4.836636543273926,0.1781361243384843,0.0027833769427888,0.0055667538855776
2,4,64,0.5,0.5007,identity,1,2,8,0.125,60500,16,8000,125.0,2,0.0539925765991213,5.16979248046875,5.115799903869629,0.6211613828297736,0.0097056466067152,0.0194112932134304
2,4,64,0.5,0.514,identity,2,2,8,0.125,61500,16,8000,125.0,2,0.0500687026977537,4.89694580078125,4.846877098083496,0.9845455184131856,0.015383523725206,0.030767047450412
2,4,64,0.5,0.5005,identity,3,2,8,0.125,41000,16,8000,125.0,2,0.0626868972778318,5.0742177734375,5.011530876159668,0.266962112057391,0.0041712830008967,0.0083425660017934
2,4,64,0.5,0.5035,identity,4,2,8,0.125,63000,16,8000,125.0,2,0.0552710571289063,4.883388427734375,4.828117370605469,0.3152928746346872,0.0049264511661669,0.0098529023323339
2,4,64,0.5,0.5112,relu,0,2,8,0.125,41000,16,8000,125.0,3,0.0562157516479491,4.892852294921875,4.836636543273926,2.1214891816806705,0.0331482684637604,0.0994448053912814
2,4,64,0.5,0.5007,relu,1,2,8,0.125,38500,16,8000,125.0,3,0.0554913558959961,5.171291259765625,5.115799903869629,1.709898853963315,0.0267171695931768,0.0801515087795304
2,4,64,0.5,0.514,relu,2,2,8,0.125,58500,16,8000,125.0,4,0.0470416030883793,4.893918701171875,4.846877098083496,1.2160655707341803,0.0190010245427215,0.0760040981708862
2,4,64,0.5,0.5005,relu,3,2,8,0.125,46500,16,8000,125.0,3,0.0539305496215822,5.06546142578125,5.011530876159668,1.1569288577111323,0.0180770134017364,0.0542310402052093
2,4,64,0.5,0.5035,relu,4,2,8,0.125,44500,16,8000,125.0,3,0.0561467895507812,4.88426416015625,4.828117370605469,1.24544504298681,0.0194600787966689,0.0583802363900067
2,4,64,0.75,0.7589,identity,0,2,8,0.125,49500,16,8000,125.0,2,0.0519028968811037,5.229283935546875,5.177381038665772,1.0248133780105757,0.0160127090314152,0.0320254180628304
2,4,64,0.75,0.7505,identity,1,2,8,0.125,46000,16,8000,125.0,3,0.0521184349060055,5.59458984375,5.542471408843994,2.279265622603996,0.0356135253531874,0.1068405760595623
2,4,64,0.75,0.7599,identity,2,2,8,0.125,53000,16,8000,125.0,3,0.0457251853942874,5.47741015625,5.431684970855713,2.982123672585933,0.0465956823841552,0.1397870471524656
2,4,64,0.75,0.7504,identity,3,2,8,0.125,66500,16,8000,125.0,3,0.0481009368896483,5.36828564453125,5.320184707641602,1.973029483676852,0.0308285856824508,0.0924857570473524
2,4,64,0.75,0.7522,identity,4,2,8,0.125,64000,16,8000,125.0,2,0.0492974815368656,5.265051513671875,5.21575403213501,0.6221705241533063,0.0097214144398954,0.0194428288797908
2,4,64,0.75,0.7589,relu,0,2,8,0.125,47000,16,8000,125.0,3,0.0482027015686039,5.225583740234375,5.177381038665772,4.6880491976477945,0.0732507687132467,0.2197523061397403
2,4,64,0.75,0.7505,relu,1,2,8,0.125,40000,16,8000,125.0,3,0.0495671653747562,5.59203857421875,5.542471408843994,3.4069856183990024,0.0532341502874844,0.1597024508624532
2,4,64,0.75,0.7599,relu,2,2,8,0.125,46000,16,8000,125.0,3,0.0429959373474124,5.474680908203125,5.431684970855713,3.583633394262353,0.0559942717853492,0.1679828153560477
2,4,64,0.75,0.7504,relu,3,2,8,0.125,48000,16,8000,125.0,3,0.0481785736083981,5.36836328125,5.320184707641602,2.2849336106782947,0.0357020876668483,0.107106263000545
2,4,64,0.75,0.7522,relu,4,2,8,0.125,43000,16,8000,125.0,3,0.0501517295837405,5.26590576171875,5.21575403213501,4.790695007487541,0.0748546094919928,0.2245638284759784
2,4,64,1.0,1.0,identity,0,2,2,0.031,43500,16,8000,125.0,1,0.0245095481872557,5.574244140625,5.549734592437744,41.79898404430647,0.6531091256922886,0.6531091256922886
2,4,64,1.0,1.0,identity,1,2,2,0.031,48500,16,8000,125.0,1,0.022676818847656,6.05004345703125,6.027366638183594,56.29360045805922,0.8795875071571754,0.8795875071571754
2,4,64,1.0,1.0,identity,2,2,2,0.031,21000,16,8000,125.0,1,0.0219965400695798,6.034679931640625,6.012683391571045,56.17063751269677,0.8776662111358869,0.8776662111358869
2,4,64,1.0,1.0,identity,3,2,2,0.031,61500,16,8000,125.0,1,0.0238123626708981,5.7385283203125,5.714715957641602,43.82646534017498,0.684788520940234,0.684788520940234
2,4,64,1.0,1.0,identity,4,2,2,0.031,41500,16,8000,125.0,1,0.0261632766723636,5.633298095703125,5.607134819030762,39.13302920263757,0.6114535812912121,0.6114535812912121
2,4,64,1.0,1.0,relu,0,2,2,0.031,40500,16,8000,125.0,1,0.0173406028747562,5.5670751953125,5.549734592437744,41.85950220684828,0.6540547219820044,0.6540547219820044
2,4,64,1.0,1.0,relu,1,2,2,0.031,41500,16,8000,125.0,1,0.0172249145507814,6.044591552734375,6.027366638183594,49.4965939616969,0.7733842806515141,0.7733842806515141
2,4,64,1.0,1.0,relu,2,2,2,0.031,32500,16,8000,125.0,1,0.0134408760070803,6.026124267578125,6.012683391571045,57.49267308728541,0.8983230169888344,0.8983230169888344
2,4,64,1.0,1.0,relu,3,2,2,0.031,50000,16,8000,125.0,1,0.0185340423583983,5.73325,5.714715957641602,19.1332380049713,0.2989568438276765,0.2989568438276765
2,4,64,1.0,1.0,relu,4,2,2,0.031,33500,16,8000,125.0,1,0.019847602844238,5.626982421875,5.607134819030762,42.02047396439987,0.656569905693748,0.656569905693748
2,4,96,0.0,0.0,identity,0,0,6,0.062,78500,16,8000,83.3,2,0.0560244636535642,4.433244140625,4.377219676971436,0.8022818790301581,0.0083571029065641,0.0167142058131282
2,4,96,0.0,0.0,identity,1,0,6,0.062,56000,16,8000,83.3,2,0.0591973953247073,4.4833564453125,4.424159049987793,0.5313682285569007,0.0055350857141343,0.0110701714282687
2,4,96,0.0,0.0,identity,2,0,6,0.062,64000,16,8000,83.3,2,0.0571821765899658,4.057087524414063,3.9999053478240967,1.018368494533164,0.0106080051513871,0.0212160103027742
2,4,96,0.0,0.0,identity,3,0,6,0.062,49500,16,8000,83.3,3,0.061128082275391,4.61132568359375,4.550197601318359,0.2724785203060549,0.0028383179198547,0.0085149537595642
2,4,96,0.0,0.0,identity,4,0,6,0.062,59000,16,8000,83.3,2,0.0596208076477049,4.30851025390625,4.248889446258545,0.2208555073773935,0.0023005782018478,0.0046011564036956
2,4,96,0.0,0.0,relu,0,0,6,0.062,51000,16,8000,83.3,3,0.0576589851379392,4.434878662109375,4.377219676971436,0.3433715153143449,0.0035767866178577,0.0107303598535732
2,4,96,0.0,0.0,relu,1,0,6,0.062,45000,16,8000,83.3,3,0.0556605300903321,4.479819580078125,4.424159049987793,0.8757510659605682,0.0091224069370892,0.0273672208112677
2,4,96,0.0,0.0,relu,2,0,6,0.062,42500,16,8000,83.3,4,0.0554639148712157,4.055369262695312,3.9999053478240967,0.7678751838611327,0.0079986998318867,0.0319947993275471
2,4,96,0.0,0.0,relu,3,0,6,0.062,30000,16,8000,83.3,4,0.0589986991882325,4.60919677734375,4.550198078155518,0.2558283522777176,0.0026648786695595,0.0106595146782382
2,4,96,0.0,0.0,relu,4,0,6,0.062,36500,16,8000,83.3,3,0.0612382392883299,4.310127685546875,4.248889446258545,0.2540212880537948,0.0026460550838936,0.007938165251681
2,4,96,0.25,0.2581,identity,0,2,8,0.083,51500,16,8000,83.3,2,0.0702101097106933,4.635371337890625,4.565161228179932,0.2750819840961139,0.0028654373343345,0.005730874668669
2,4,96,0.25,0.2506,identity,1,2,8,0.083,61500,16,8000,83.3,2,0.0655042457580563,4.811622314453125,4.746118068695068,0.3684590107717133,0.0038381146955386,0.0076762293910773
2,4,96,0.25,0.2609,identity,2,2,8,0.083,71000,16,8000,83.3,2,0.059987373352051,4.43474609375,4.374758720397949,0.5221140314040076,0.005438687827125,0.0108773756542501
2,4,96,0.25,0.2503,identity,3,2,8,0.083,79000,16,8000,83.3,2,0.0606331634521488,4.82552001953125,4.764886856079102,0.524814508683417,0.0054668177987855,0.0109336355975711
2,4,96,0.25,0.2529,identity,4,2,8,0.083,54000,16,8000,83.3,2,0.0699423217773436,4.5732763671875,4.503334045410156,0.3669129588426117,0.0038220099879438,0.0076440199758877
2,4,96,0.25,0.2581,relu,0,2,8,0.083,46000,16,8000,83.3,3,0.0637884788513183,4.62894970703125,4.565161228179932,1.1496884474074738,0.0119759213271611,0.0359277639814835
2,4,96,0.25,0.2506,relu,1,2,8,0.083,38000,16,8000,83.3,3,0.063593601226807,4.809711669921875,4.746118068695068,0.7404566777058175,0.0077130903927689,0.0231392711783067
2,4,96,0.25,0.2609,relu,2,2,8,0.083,33500,16,8000,83.3,4,0.0625391311645504,4.4372978515625,4.374758720397949,0.9015053014968036,0.009390680223925,0.0375627208957001
2,4,96,0.25,0.2503,relu,3,2,8,0.083,51000,16,8000,83.3,3,0.060733749389648,4.82562060546875,4.764886856079102,0.5457348470100306,0.0056847379896878,0.0170542139690634
2,4,96,0.25,0.2529,relu,4,2,8,0.083,46500,16,8000,83.3,4,0.0661312866210934,4.56946533203125,4.503334045410156,0.737286101776457,0.0076800635601714,0.0307202542406857
2,4,96,0.5,0.5112,identity,0,2,8,0.083,41000,16,8000,83.3,2,0.0724613571166994,4.909097900390625,4.836636543273926,0.6152054585164851,0.00640839019288,0.0128167803857601
2,4,96,0.5,0.5007,identity,1,2,8,0.083,66500,16,8000,83.3,3,0.0621537094116213,5.17795361328125,5.115799903869629,1.568842432705396,0.0163421086740145,0.0490263260220436
2,4,96,0.5,0.514,identity,2,2,8,0.083,54000,16,8000,83.3,3,0.0617898941040042,4.9086669921875,4.846877098083496,2.5174848169487865,0.0262238001765498,0.0786714005296495
2,4,96,0.5,0.5005,identity,3,2,8,0.083,42500,16,8000,83.3,2,0.0698775711059571,5.081408447265625,5.011530876159668,0.3117668372116569,0.0032475712209547,0.0064951424419095
2,4,96,0.5,0.5035,identity,4,2,8,0.083,39000,16,8000,83.3,2,0.0755120239257811,4.90362939453125,4.828117370605469,0.8441268190891397,0.0087929876988452,0.0175859753976904
2,4,96,0.5,0.5112,relu,0,2,8,0.083,39000,16,8000,83.3,3,0.063173515319824,4.89981005859375,4.836636543273926,3.039373079211096,0.0316601362417822,0.0949804087253467
2,4,96,0.5,0.5007,relu,1,2,8,0.083,55000,16,8000,83.3,3,0.055756492614746,5.171556396484375,5.115799903869629,3.000873658925802,0.0312591006138104,0.0937773018414313
2,4,96,0.5,0.514,relu,2,2,8,0.083,49500,16,8000,83.3,4,0.0538873062133786,4.900764404296875,4.846877098083496,1.904308186481202,0.0198365436091791,0.0793461744367167
2,4,96,0.5,0.5005,relu,3,2,8,0.083,43500,16,8000,83.3,4,0.0602691726684572,5.071800048828125,5.011530876159668,0.9933761156635528,0.0103476678714953,0.0413906714859813
2,4,96,0.5,0.5035,relu,4,2,8,0.083,53500,16,8000,83.3,3,0.0603218383789059,4.888439208984375,4.828117370605469,2.6318203766998285,0.0274147955906232,0.0822443867718696
2,4,96,0.75,0.7589,identity,0,2,8,0.083,41000,16,8000,83.3,3,0.063465885162353,5.240846923828125,5.177381038665772,4.766030780562168,0.0496461539641892,0.1489384618925677
2,4,96,0.75,0.7505,identity,1,2,8,0.083,75500,16,8000,83.3,2,0.0529367942810061,5.595408203125,5.542471408843994,3.088267673770315,0.0321694549351074,0.0643389098702149
2,4,96,0.75,0.7599,identity,2,2,8,0.083,44500,16,8000,83.3,2,0.0558831443786624,5.487568115234375,5.431684970855713,3.2796160000900207,0.0341626666676043,0.0683253333352087
2,4,96,0.75,0.7504,identity,3,2,8,0.083,43500,16,8000,83.3,2,0.062948593139648,5.38313330078125,5.320184707641602,0.6070757756777707,0.0063237059966434,0.0126474119932868
2,4,96,0.75,0.7522,identity,4,2,8,0.083,56500,16,8000,83.3,3,0.0590233116149905,5.27477734375,5.21575403213501,4.2452633866170055,0.0442214936105938,0.1326644808317814
2,4,96,0.75,0.7589,relu,0,2,8,0.083,47000,16,8000,83.3,3,0.0524512367248535,5.229832275390625,5.177381038665772,6.9148618509441135,0.0720298109473345,0.2160894328420035
2,4,96,0.75,0.7505,relu,1,2,8,0.083,46000,16,8000,83.3,2,0.0513913841247557,5.59386279296875,5.542471408843994,9.195582244757574,0.095787315049558,0.1915746300991161
2,4,96,0.75,0.7599,relu,2,2,8,0.083,44000,16,8000,83.3,3,0.0477664451599118,5.479451416015625,5.431684970855713,6.756493333928495,0.0703801388950885,0.2111404166852654
2,4,96,0.75,0.7504,relu,3,2,8,0.083,45500,16,8000,83.3,3,0.0530225677490232,5.373207275390625,5.320184707641602,3.400422861880632,0.0354210714779232,0.1062632144337697
2,4,96,0.75,0.7522,relu,4,2,8,0.083,43000,16,8000,83.3,3,0.0542259483337401,5.26997998046875,5.21575403213501,6.387007462007551,0.0665313277292453,0.1995939831877359
2,4,96,1.0,1.0,identity,0,2,2,0.021,43500,16,8000,83.3,1,0.0310063743591308,5.580740966796875,5.549734592437744,66.31096489143518,0.6907392176191164,0.6907392176191164
2,4,96,1.0,1.0,identity,1,2,2,0.021,27500,16,8000,83.3,1,0.033824523925781,6.061191162109375,6.027366638183594,79.99566810751377,0.8332882094532684,0.8332882094532684
2,4,96,1.0,1.0,identity,2,2,2,0.021,22000,16,8000,83.3,1,0.0284379463195803,6.041121337890625,6.012683391571045,73.30086407371286,0.763550667434509,0.763550667434509
2,4,96,1.0,1.0,identity,3,2,2,0.021,36000,16,8000,83.3,1,0.0345208587646483,5.74923681640625,5.714715957641602,52.70961808229243,0.5490585216905461,0.5490585216905461
2,4,96,1.0,1.0,identity,4,2,2,0.021,38000,16,8000,83.3,1,0.0330434036254878,5.64017822265625,5.607134819030762,54.891065438958215,0.5717819316558147,0.5717819316558147
2,4,96,1.0,1.0,relu,0,2,2,0.021,40500,16,8000,83.3,1,0.0189709739685062,5.56870556640625,5.549734592437744,69.12291230597586,0.7200303365205819,0.7200303365205819
2,4,96,1.0,1.0,relu,1,2,2,0.021,34000,16,8000,83.3,1,0.0194614868164064,6.046828125,6.027366638183594,74.22590557469263,0.7731865164030483,0.7731865164030483
2,4,96,1.0,1.0,relu,2,2,2,0.021,39000,16,8000,83.3,1,0.0133749580383302,6.026058349609375,6.012683391571045,87.30054958423712,0.9093807248358032,0.9093807248358032
2,4,96,1.0,1.0,relu,3,2,2,0.021,41000,16,8000,83.3,1,0.0207623138427734,5.735478271484375,5.714715957641602,28.990940719937136,0.3019889658326785,0.3019889658326785
2,4,96,1.0,1.0,relu,4,2,2,0.021,44500,16,8000,83.3,1,0.019433540344238,5.626568359375,5.607134819030762,60.17733734337671,0.6268472639935073,0.6268472639935073
2,8,16,0.0,0.0,identity,0,0,10,0.625,81500,16,8000,500.0,2,0.0464095268249513,4.198452392578125,4.152042865753174,0.0214453015081223,0.0013403313442576,0.0026806626885152
2,8,16,0.0,0.0,identity,1,0,10,0.625,68500,16,8000,500.0,2,0.0485049972534179,4.3754140625,4.326909065246582,0.0550254491688964,0.003439090573056,0.006878181146112
2,8,16,0.0,0.0,identity,2,0,10,0.625,83000,16,8000,500.0,2,0.0455307044982911,4.327541259765625,4.282010555267334,0.044039559988484,0.0027524724992802,0.0055049449985605
2,8,16,0.0,0.0,identity,3,0,10,0.625,82500,16,8000,500.0,2,0.0436560516357422,4.452715576171875,4.409059524536133,0.0315383108123037,0.0019711444257689,0.0039422888515379
2,8,16,0.0,0.0,identity,4,0,10,0.625,62500,16,8000,500.0,2,0.0497313194274902,4.3609443359375,4.31121301651001,0.04354431953688,0.002721519971055,0.00544303994211
2,8,16,0.0,0.0,relu,0,0,10,0.625,95500,16,8000,500.0,2,0.0477786674499514,4.199821533203125,4.152042865753174,0.0537800794652895,0.0033612549665805,0.0067225099331611
2,8,16,0.0,0.0,relu,1,0,10,0.625,82000,16,8000,500.0,3,0.0512774581909178,4.3781865234375,4.326909065246582,0.2917972580642717,0.0182373286290169,0.0547119858870509
2,8,16,0.0,0.0,relu,2,0,10,0.625,94500,16,8000,500.0,3,0.0481496009826658,4.33016015625,4.282010555267334,0.2308451344126037,0.0144278209007877,0.0432834627023632
2,8,16,0.0,0.0,relu,3,0,10,0.625,96000,16,8000,500.0,3,0.0462852020263673,4.4553447265625,4.409059524536133,0.200055027276017,0.012503439204751,0.0375103176142532
2,8,16,0.0,0.0,relu,4,0,10,0.625,96000,16,8000,500.0,3,0.0490355186462405,4.36024853515625,4.31121301651001,0.1293893525430668,0.0080868345339416,0.024260503601825
2,8,16,0.25,0.2584,identity,0,2,12,0.75,78500,16,8000,500.0,2,0.0503689079284663,4.37034619140625,4.319977283477783,0.0205205705868311,0.0012825356616769,0.0025650713233538
2,8,16,0.25,0.2505,identity,1,2,12,0.75,83500,16,8000,500.0,2,0.048213245391846,4.59314990234375,4.544936656951904,0.057689619393653,0.0036056012121033,0.0072112024242066
2,8,16,0.25,0.2609,identity,2,2,12,0.75,102000,16,8000,500.0,2,0.0433026504516602,4.524632568359375,4.481329917907715,0.0228172233193715,0.0014260764574607,0.0028521529149214
2,8,16,0.25,0.2504,identity,3,2,12,0.75,91000,16,8000,500.0,2,0.0443048515319821,4.735097412109375,4.690792560577393,0.0931356827529714,0.0058209801720607,0.0116419603441214
2,8,16,0.25,0.2536,identity,4,2,12,0.75,78000,16,8000,500.0,2,0.0486501884460448,4.67189208984375,4.623241901397705,0.0419334503322916,0.0026208406457682,0.0052416812915364
2,8,16,0.25,0.2584,relu,0,2,12,0.75,105500,16,8000,500.0,2,0.0553740119934085,4.375350341796875,4.319976329803467,0.2386343749701369,0.0149146484356335,0.0298292968712671
2,8,16,0.25,0.2505,relu,1,2,12,0.75,111500,16,8000,500.0,3,0.0542879524230954,4.599224609375,4.544936656951904,0.3753539113742476,0.0234596194608904,0.0703788583826714
2,8,16,0.25,0.2609,relu,2,2,12,0.75,76000,16,8000,500.0,3,0.0592047500610348,4.54053466796875,4.481329917907715,0.3570103015003203,0.02231314384377,0.06693943153131
2,8,16,0.25,0.2504,relu,3,2,12,0.75,79000,16,8000,500.0,3,0.060962821960449,4.751755859375,4.690793037414551,0.3541519068744653,0.022134494179654,0.0664034825389622
2,8,16,0.25,0.2536,relu,4,2,12,0.75,89000,16,8000,500.0,3,0.0587192802429195,4.681961181640625,4.623241901397705,0.2231075842472791,0.0139442240154549,0.0418326720463648
2,8,16,0.5,0.5116,identity,0,2,12,0.75,100000,16,8000,500.0,2,0.043206733703613,4.64542822265625,4.602221488952637,0.0192914576997274,0.0012057161062329,0.0024114322124659
2,8,16,0.5,0.5007,identity,1,2,12,0.75,73500,16,8000,500.0,2,0.0474065551757814,4.8990224609375,4.851615905761719,0.0356944480143854,0.002230903000899,0.0044618060017981
2,8,16,0.5,0.5142,identity,2,2,12,0.75,87000,16,8000,500.0,2,0.042035251617432,4.848822265625,4.806787014007568,0.037842078599672,0.0023651299124795,0.004730259824959
2,8,16,0.5,0.5009,identity,3,2,12,0.75,80500,16,8000,500.0,2,0.0431072540283201,5.0747978515625,5.03169059753418,0.0348206285568973,0.002176289284806,0.0043525785696121
2,8,16,0.5,0.5051,identity,4,2,12,0.75,78000,16,8000,500.0,2,0.0436910057067869,5.057376708984375,5.013685703277588,0.0970539554502212,0.0060658722156388,0.0121317444312776
2,8,16,0.5,0.5116,relu,0,2,12,0.75,105500,16,8000,500.0,3,0.0564008255004884,4.658622314453125,4.602221488952637,0.7957106017378877,0.0497319126086179,0.1491957378258539
2,8,16,0.5,0.5007,relu,1,2,12,0.75,117000,16,8000,500.0,3,0.0615903930664059,4.913206298828125,4.851615905761719,0.8954360818054038,0.0559647551128377,0.1678942653385132
2,8,16,0.5,0.5142,relu,2,2,12,0.75,94500,16,8000,500.0,3,0.0516153297424315,4.85840234375,4.806787014007568,0.6647516837173887,0.0415469802323367,0.1246409406970103
2,8,16,0.5,0.5009,relu,3,2,12,0.75,105000,16,8000,500.0,3,0.0527122344970703,5.08440283203125,5.03169059753418,0.7404557751543858,0.0462784859471491,0.1388354578414473
2,8,16,0.5,0.5051,relu,4,2,12,0.75,92000,16,8000,500.0,3,0.0558438377380374,5.069529541015625,5.013685703277588,0.5342287395098587,0.0333892962193661,0.1001678886580985
2,8,16,0.75,0.7593,identity,0,2,12,0.75,73500,16,8000,500.0,2,0.0403324546813967,5.03888525390625,4.9985527992248535,0.1450052873786211,0.0090628304611638,0.0181256609223276
2,8,16,0.75,0.7506,identity,1,2,12,0.75,55500,16,8000,500.0,2,0.0437394256591794,5.26717578125,5.22343635559082,0.055613740146165,0.0034758587591353,0.0069517175182706
2,8,16,0.75,0.7604,identity,2,2,12,0.75,66500,16,8000,500.0,2,0.0380354652404788,5.288078857421875,5.2500433921813965,0.0872665688277432,0.0054541605517339,0.0109083211034679
2,8,16,0.75,0.751,identity,3,2,12,0.75,78500,16,8000,500.0,2,0.0358848533630373,5.427591796875,5.391706943511963,0.0499502475147677,0.0031218904696729,0.0062437809393459
2,8,16,0.75,0.7542,identity,4,2,12,0.75,78000,16,8000,500.0,2,0.0358889465332028,5.50910595703125,5.473217010498047,0.1035007493526184,0.0064687968345386,0.0129375936690773
2,8,16,0.75,0.7593,relu,0,2,12,0.75,136000,16,8000,500.0,3,0.0500949058532711,5.048647705078125,4.9985527992248535,1.4894090317318402,0.09308806448324,0.27926419344972
2,8,16,0.75,0.7506,relu,1,2,12,0.75,117000,16,8000,500.0,2,0.0561842498779299,5.27962060546875,5.22343635559082,1.515574747333179,0.0947234217083237,0.1894468434166474
2,8,16,0.75,0.7604,relu,2,2,12,0.75,102000,16,8000,500.0,2,0.0636738929748537,5.31371728515625,5.2500433921813965,2.5023037601063525,0.156393985006647,0.312787970013294
2,8,16,0.75,0.751,relu,3,2,12,0.75,86000,16,8000,500.0,2,0.0513672752380367,5.44307421875,5.391706943511963,2.3977482612231915,0.1498592663264494,0.2997185326528989
2,8,16,0.75,0.7542,relu,4,2,12,0.75,92500,16,8000,500.0,3,0.0464934387207032,5.51971044921875,5.473217010498047,1.1355080844703855,0.0709692552793991,0.2129077658381973
2,8,16,1.0,1.0,identity,0,2,2,0.125,47500,16,8000,500.0,1,0.0180157012939456,5.56627734375,5.548261642456055,9.586648795855178,0.5991655497409486,0.5991655497409486
2,8,16,1.0,1.0,identity,1,2,2,0.125,41000,16,8000,500.0,1,0.0180994529724118,5.631364013671875,5.613264560699463,13.416391889590193,0.838524493099387,0.838524493099387
2,8,16,1.0,1.0,identity,2,2,2,0.125,50000,16,8000,500.0,1,0.0145936927795409,5.850315185546875,5.835721492767334,6.5684530291832885,0.4105283143239555,0.4105283143239555
2,8,16,1.0,1.0,identity,3,2,2,0.125,60000,16,8000,500.0,1,0.0132482070922854,5.753153564453125,5.73990535736084,14.761749341836254,0.9226093338647658,0.9226093338647658
2,8,16,1.0,1.0,identity,4,2,2,0.125,31000,16,8000,500.0,2,0.0166148185729984,6.00418701171875,5.987572193145752,6.605942946051046,0.4128714341281904,0.8257428682563808
2,8,16,1.0,1.0,relu,0,2,2,0.125,40000,16,8000,500.0,2,0.0164947052001949,5.56475634765625,5.548261642456055,6.064739858200626,0.3790462411375391,0.7580924822750783
2,8,16,1.0,1.0,relu,1,2,2,0.125,54000,16,8000,500.0,1,0.0140950584411623,5.627359619140625,5.613264560699463,11.603858539740113,0.7252411587337569,0.7252411587337569
2,8,16,1.0,1.0,relu,2,2,2,0.125,53500,16,8000,500.0,1,0.0124716224670411,5.848193115234375,5.835721492767334,9.884443290654378,0.6177777056658986,0.6177777056658986
2,8,16,1.0,1.0,relu,3,2,2,0.125,42500,16,8000,500.0,1,0.0139847793579104,5.75389013671875,5.73990535736084,14.775559150966892,0.9234724469354308,0.9234724469354308
2,8,16,1.0,1.0,relu,4,2,2,0.125,41000,16,8000,500.0,1,0.0126558341979983,6.00022802734375,5.987572193145752,12.703374526205996,0.7939609078878748,0.7939609078878748
2,8,32,0.0,0.0,identity,0,0,10,0.312,53000,16,8000,250.0,2,0.0627056694030763,4.21474853515625,4.152042865753174,0.0795818842486232,0.0024869338827694,0.0049738677655389
2,8,32,0.0,0.0,identity,1,0,10,0.312,74000,16,8000,250.0,2,0.0550154953002932,4.381924560546875,4.326909065246582,0.2804977542991914,0.0087655548218497,0.0175311096436994
2,8,32,0.0,0.0,identity,2,0,10,0.312,52500,16,8000,250.0,2,0.0615167884826659,4.34352734375,4.282010555267334,0.061029864042628,0.0019071832513321,0.0038143665026642
2,8,32,0.0,0.0,identity,3,0,10,0.312,57500,16,8000,250.0,2,0.0580098114013676,4.4670693359375,4.409059524536133,0.1794791997285562,0.0056087249915173,0.0112174499830347
2,8,32,0.0,0.0,identity,4,0,10,0.312,62500,16,8000,250.0,2,0.0579610557556149,4.369174072265625,4.31121301651001,0.093164586360691,0.0029113933237715,0.0058227866475431
2,8,32,0.0,0.0,relu,0,0,10,0.312,64000,16,8000,250.0,2,0.0602247123718262,4.212267578125,4.152042865753174,0.1021633014904609,0.0031926031715769,0.0063852063431538
2,8,32,0.0,0.0,relu,1,0,10,0.312,54500,16,8000,250.0,3,0.0596646652221677,4.38657373046875,4.326909065246582,0.2036752164519768,0.0063648505141242,0.0190945515423728
2,8,32,0.0,0.0,relu,2,0,10,0.312,71500,16,8000,250.0,3,0.0559022865295411,4.337912841796875,4.282010555267334,0.1706211872278634,0.0053319121008707,0.0159957363026122
2,8,32,0.0,0.0,relu,3,0,10,0.312,53500,16,8000,250.0,3,0.0567937469482418,4.465853271484375,4.409059524536133,0.1814063773600659,0.005668949292502,0.0170068478775061
2,8,32,0.0,0.0,relu,4,0,10,0.312,61500,16,8000,250.0,3,0.05789196395874,4.36910498046875,4.31121301651001,0.0704783154263651,0.0022024473570739,0.0066073420712217
2,8,32,0.25,0.2584,identity,0,2,12,0.375,81500,16,8000,250.0,2,0.0604155387878417,4.380392822265625,4.319977283477783,0.0879665647561164,0.0027489551486286,0.0054979102972572
2,8,32,0.25,0.2505,identity,1,2,12,0.375,57500,16,8000,250.0,2,0.0637674446105958,4.6087041015625,4.544936656951904,0.1296736938064672,0.0040523029314521,0.0081046058629042
2,8,32,0.25,0.2609,identity,2,2,12,0.375,56000,16,8000,250.0,2,0.063526039123535,4.54485595703125,4.481329917907715,0.1804013917026782,0.0056375434907086,0.0112750869814173
2,8,32,0.25,0.2504,identity,3,2,12,0.375,80000,16,8000,250.0,2,0.0549134941101074,4.7457060546875,4.690792560577393,0.1202594968306044,0.0037581092759563,0.0075162185519127
2,8,32,0.25,0.2536,identity,4,2,12,0.375,53000,16,8000,250.0,2,0.0634236259460445,4.68666552734375,4.623241901397705,0.1409459558713597,0.0044045611209799,0.0088091222419599
2,8,32,0.25,0.2584,relu,0,2,12,0.375,60500,16,8000,250.0,3,0.0637307014465333,4.38370703125,4.319976329803467,0.3311431888104128,0.0103482246503254,0.0310446739509762
2,8,32,0.25,0.2505,relu,1,2,12,0.375,51500,16,8000,250.0,3,0.0664981575012211,4.611434814453125,4.544936656951904,0.3047888854622972,0.0095246526706967,0.0285739580120903
2,8,32,0.25,0.2609,relu,2,2,12,0.375,71000,16,8000,250.0,3,0.0593541641235351,4.54068408203125,4.481329917907715,0.4327940638611117,0.0135248144956597,0.0405744434869792
2,8,32,0.25,0.2504,relu,3,2,12,0.375,54000,16,8000,250.0,3,0.0610912399291994,4.75188427734375,4.690793037414551,0.2436073113571885,0.0076127284799121,0.0228381854397364
2,8,32,0.25,0.2536,relu,4,2,12,0.375,69000,16,8000,250.0,3,0.0595452079772949,4.682787109375,4.623241901397705,0.2123607071093477,0.0066362720971671,0.0199088162915013
2,8,32,0.5,0.5116,identity,0,2,12,0.375,54500,16,8000,250.0,2,0.0613500442504886,4.663571533203125,4.602221488952637,0.1963558729954165,0.0061361210311067,0.0122722420622135
2,8,32,0.5,0.5007,identity,1,2,12,0.375,53500,16,8000,250.0,2,0.0613535766601565,4.912969482421875,4.851615905761719,0.1921104821363769,0.0060034525667617,0.0120069051335235
2,8,32,0.5,0.5142,identity,2,2,12,0.375,56000,16,8000,250.0,2,0.0579322242736815,4.86471923828125,4.806787014007568,0.121385324252992,0.003793291382906,0.007586582765812
2,8,32,0.5,0.5009,identity,3,2,12,0.375,65500,16,8000,250.0,2,0.0538736114501956,5.085564208984375,5.03169059753418,0.1444486149888524,0.0045140192184016,0.0090280384368032
2,8,32,0.5,0.5051,identity,4,2,12,0.375,53000,16,8000,250.0,2,0.0578345603942871,5.071520263671875,5.013685703277588,0.1207256791811393,0.0037726774744106,0.0075453549488212
2,8,32,0.5,0.5116,relu,0,2,12,0.375,59000,16,8000,250.0,3,0.0607387161254884,4.662960205078125,4.602221488952637,0.9696469242841216,0.0303014663838788,0.0909043991516364
2,8,32,0.5,0.5007,relu,1,2,12,0.375,68000,16,8000,250.0,3,0.0580408325195316,4.90965673828125,4.851615905761719,0.6886628875375043,0.021520715235547,0.064562145706641
2,8,32,0.5,0.5142,relu,2,2,12,0.375,58000,16,8000,250.0,3,0.0566695289611818,4.86345654296875,4.806787014007568,0.9415052365429672,0.0294220386419677,0.0882661159259031
2,8,32,0.5,0.5009,relu,3,2,12,0.375,49500,16,8000,250.0,3,0.0579646759033201,5.0896552734375,5.03169059753418,0.9621285284913864,0.0300665165153558,0.0901995495460674
2,8,32,0.5,0.5051,relu,4,2,12,0.375,75500,16,8000,250.0,3,0.0544021873474118,5.068087890625,5.013685703277588,0.5932053111017204,0.0185376659719287,0.0556129979157862
2,8,32,0.75,0.7593,identity,0,2,12,0.375,77500,16,8000,250.0,2,0.0477543296813962,5.04630712890625,4.9985527992248535,0.2930573096910898,0.0091580409278465,0.0183160818556931
2,8,32,0.75,0.7506,identity,1,2,12,0.375,55500,16,8000,250.0,3,0.0510214080810547,5.274457763671875,5.22343635559082,0.9201921782432572,0.0287560055701017,0.0862680167103053
2,8,32,0.75,0.7604,identity,2,2,12,0.375,45500,16,8000,250.0,2,0.0512002601623535,5.30124365234375,5.2500433921813965,0.2594662031264254,0.0081083188477007,0.0162166376954015
2,8,32,0.75,0.751,identity,3,2,12,0.375,56500,16,8000,250.0,3,0.0464864158630371,5.438193359375,5.391706943511963,1.0536302544022782,0.0329259454500711,0.0987778363502135
2,8,32,0.75,0.7542,identity,4,2,12,0.375,42500,16,8000,250.0,3,0.0512073059082034,5.52442431640625,5.473217010498047,1.2698696031307677,0.0396834250978364,0.1190502752935094
2,8,32,0.75,0.7593,relu,0,2,12,0.375,51000,16,8000,250.0,3,0.0544662437438967,5.05301904296875,4.9985527992248535,1.4694166750108326,0.0459192710940885,0.1377578132822655
2,8,32,0.75,0.7506,relu,1,2,12,0.375,53500,16,8000,250.0,3,0.0534088592529293,5.27684521484375,5.22343635559082,1.270411985365531,0.0397003745426728,0.1191011236280185
2,8,32,0.75,0.7604,relu,2,2,12,0.375,60500,16,8000,250.0,3,0.0476909828186036,5.297734375,5.2500433921813965,1.6018616122060434,0.0500581753814388,0.1501745261443165
2,8,32,0.75,0.751,relu,3,2,12,0.375,63000,16,8000,250.0,3,0.0480447654724125,5.439751708984375,5.391706943511963,1.9642628447808503,0.0613832138994015,0.1841496416982047
2,8,32,0.75,0.7542,relu,4,2,12,0.375,65000,16,8000,250.0,3,0.0463191223144532,5.5195361328125,5.473217010498047,1.639763903202872,0.0512426219750897,0.1537278659252692
2,8,32,1.0,1.0,identity,0,2,2,0.062,48000,16,8000,250.0,2,0.0199607696533199,5.568222412109375,5.548261642456055,7.706388922301905,0.2408246538219345,0.481649307643869
2,8,32,1.0,1.0,identity,1,2,2,0.062,53000,16,8000,250.0,1,0.0175909080505372,5.63085546875,5.613264560699463,26.132683482373213,0.8166463588241629,0.8166463588241629
2,8,32,1.0,1.0,identity,2,2,2,0.062,49000,16,8000,250.0,1,0.0161796302795407,5.851901123046875,5.835721492767334,10.81256157479672,0.3378925492123975,0.3378925492123975
2,8,32,1.0,1.0,identity,3,2,2,0.062,49500,16,8000,250.0,1,0.0168129043579101,5.75671826171875,5.73990535736084,30.98955434163401,0.9684235731760628,0.9684235731760628
2,8,32,1.0,1.0,identity,4,2,2,0.062,30000,16,8000,250.0,1,0.0187193107604981,6.00629150390625,5.987572193145752,27.996493875791597,0.8748904336184873,0.8748904336184873
2,8,32,1.0,1.0,relu,0,2,2,0.062,33500,16,8000,250.0,2,0.0192996368408202,5.567561279296875,5.548261642456055,10.117113883648855,0.3161598088640267,0.6323196177280535
2,8,32,1.0,1.0,relu,1,2,2,0.062,54000,16,8000,250.0,1,0.0148233299255373,5.628087890625,5.613264560699463,20.815965219541493,0.6504989131106717,0.6504989131106717
2,8,32,1.0,1.0,relu,2,2,2,0.062,47500,16,8000,250.0,1,0.0138461341857913,5.849567626953125,5.835721492767334,20.627715962853124,0.6446161238391601,0.6446161238391601
2,8,32,1.0,1.0,relu,3,2,2,0.062,41000,16,8000,250.0,1,0.0148700332641604,5.754775390625,5.73990535736084,28.399019226284928,0.887469350821404,0.887469350821404
2,8,32,1.0,1.0,relu,4,2,2,0.062,41000,16,8000,250.0,1,0.0130142326354976,6.00058642578125,5.987572193145752,23.51629948840225,0.7348843590125703,0.7348843590125703
2,8,64,0.0,0.0,identity,0,0,10,0.156,53000,16,8000,125.0,2,0.074213970184326,4.2262568359375,4.152042865753174,0.2328433312983381,0.0036381770515365,0.007276354103073
2,8,64,0.0,0.0,identity,1,0,10,0.156,52000,16,8000,125.0,2,0.0712589035034181,4.39816796875,4.326909065246582,0.2378543654440035,0.0037164744600625,0.0074329489201251
2,8,64,0.0,0.0,identity,2,0,10,0.156,53500,16,8000,125.0,2,0.0725348548889162,4.35454541015625,4.282010555267334,0.165478212814169,0.0025855970752213,0.0051711941504427
2,8,64,0.0,0.0,identity,3,0,10,0.156,57500,16,8000,125.0,2,0.067768112182617,4.47682763671875,4.409059524536133,0.2373448551225952,0.0037085133612905,0.0074170267225811
2,8,64,0.0,0.0,identity,4,0,10,0.156,62500,16,8000,125.0,2,0.0687371788024906,4.3799501953125,4.31121301651001,0.1744803405269161,0.002726255320733,0.0054525106414661
2,8,64,0.0,0.0,relu,0,0,10,0.156,57500,16,8000,125.0,3,0.0733843803405758,4.22542724609375,4.152042865753174,0.1716864146363192,0.0026826002286924,0.0080478006860774
2,8,64,0.0,0.0,relu,1,0,10,0.156,54000,16,8000,125.0,3,0.0716663742065426,4.398575439453125,4.326909065246582,0.1852637747029932,0.0028947464797342,0.0086842394392028
2,8,64,0.0,0.0,relu,2,0,10,0.156,40500,16,8000,125.0,3,0.076043399810791,4.358053955078125,4.282010555267334,0.2673709107337056,0.0041776704802141,0.0125330114406424
2,8,64,0.0,0.0,relu,3,0,10,0.156,59500,16,8000,125.0,4,0.0663540496826176,4.47541357421875,4.409059524536133,0.3046692356435266,0.0047604568069301,0.0190418272277204
2,8,64,0.0,0.0,relu,4,0,10,0.156,64500,16,8000,125.0,3,0.0705267295837401,4.38173974609375,4.31121301651001,0.1283459070667696,0.0020054047979182,0.0060162143937548
2,8,64,0.25,0.2584,identity,0,2,12,0.188,64000,16,8000,125.0,2,0.076495372772217,4.39647265625,4.319977283477783,0.167511975454365,0.0026173746164744,0.0052347492329489
2,8,64,0.25,0.2505,identity,1,2,12,0.188,59500,16,8000,125.0,2,0.0757891731262203,4.620725830078125,4.544936656951904,0.1752969553900591,0.0027390149279696,0.0054780298559393
2,8,64,0.25,0.2609,identity,2,2,12,0.188,51500,16,8000,125.0,2,0.0755382461547853,4.5568681640625,4.481329917907715,0.1927265446588895,0.0030113522602951,0.0060227045205902
2,8,64,0.25,0.2504,identity,3,2,12,0.188,66000,16,8000,125.0,2,0.0690333671569822,4.759825927734375,4.690792560577393,0.2340669107692722,0.0036572954807698,0.0073145909615397
2,8,64,0.25,0.2536,identity,4,2,12,0.188,51500,16,8000,125.0,2,0.0776204032897949,4.7008623046875,4.623241901397705,0.1481402923507862,0.002314692067981,0.004629384135962
2,8,64,0.25,0.2584,relu,0,2,12,0.188,44000,16,8000,125.0,3,0.0808347053527835,4.40081103515625,4.319976329803467,0.5989317486925366,0.0093583085733208,0.0280749257199626
2,8,64,0.25,0.2505,relu,1,2,12,0.188,43500,16,8000,125.0,3,0.0802681770324706,4.625204833984375,4.544936656951904,0.3208422178069667,0.0050131596532338,0.0150394789597015
2,8,64,0.25,0.2609,relu,2,2,12,0.188,50500,16,8000,125.0,4,0.0751166152954105,4.556446533203125,4.481329917907715,0.6330595025954897,0.0098915547280545,0.0395662189122181
2,8,64,0.25,0.2504,relu,3,2,12,0.188,52000,16,8000,125.0,3,0.0730507125854496,4.76384375,4.690793037414551,0.2607675253741985,0.0040744925839718,0.0122234777519155
2,8,64,0.25,0.2536,relu,4,2,12,0.188,57500,16,8000,125.0,3,0.0731855888366697,4.696427490234375,4.623241901397705,0.2523030923677385,0.0039422358182459,0.0118267074547377
2,8,64,0.5,0.5116,identity,0,2,12,0.188,81500,16,8000,125.0,2,0.0636530227661129,4.66587451171875,4.602221488952637,0.2153101331818198,0.0033642208309659,0.0067284416619318
2,8,64,0.5,0.5007,identity,1,2,12,0.188,74000,16,8000,125.0,2,0.0674566040039064,4.919072509765625,4.851615905761719,0.2243429809156215,0.0035053590768065,0.0070107181536131
2,8,64,0.5,0.5142,identity,2,2,12,0.188,74000,16,8000,125.0,2,0.0630523414611818,4.86983935546875,4.806787014007568,0.1677612125930712,0.0026212689467667,0.0052425378935334
2,8,64,0.5,0.5009,identity,3,2,12,0.188,65500,16,8000,125.0,2,0.06409407043457,5.09578466796875,5.03169059753418,0.1228915541784544,0.0019201805340383,0.0038403610680767
2,8,64,0.5,0.5051,identity,4,2,12,0.188,85000,16,8000,125.0,2,0.0601604881286617,5.07384619140625,5.013685703277588,0.17255618557451,0.0026961903996017,0.0053923807992034
2,8,64,0.5,0.5116,relu,0,2,12,0.188,44000,16,8000,125.0,3,0.0761381301879886,4.678359619140625,4.602221488952637,1.5697755762852132,0.0245277433794564,0.0735832301383693
2,8,64,0.5,0.5007,relu,1,2,12,0.188,53500,16,8000,125.0,4,0.072656066894531,4.92427197265625,4.851615905761719,1.132316175145203,0.0176924402366438,0.0707697609465752
2,8,64,0.5,0.5142,relu,2,2,12,0.188,37500,16,8000,125.0,3,0.0742427711486817,4.88102978515625,4.806787014007568,1.5019997962348288,0.0234687468161692,0.0704062404485076
2,8,64,0.5,0.5009,relu,3,2,12,0.188,46500,16,8000,125.0,3,0.0690474395751952,5.100738037109375,5.03169059753418,1.5581714969561906,0.0243464296399404,0.0730392889198214
2,8,64,0.5,0.5051,relu,4,2,12,0.188,53500,16,8000,125.0,3,0.0686570701599125,5.0823427734375,5.013685703277588,1.1747256969683864,0.018355089015131,0.0550652670453931
2,8,64,0.75,0.7593,identity,0,2,12,0.188,65500,16,8000,125.0,2,0.0578644371032712,5.056417236328125,4.9985527992248535,0.4021333971515032,0.0062833343304922,0.0125666686609844
2,8,64,0.75,0.7506,identity,1,2,12,0.188,55500,16,8000,125.0,2,0.0616676483154297,5.28510400390625,5.22343635559082,0.4032929898137005,0.006301452965839,0.0126029059316781
2,8,64,0.75,0.7604,identity,2,2,12,0.188,53500,16,8000,125.0,3,0.0565801429748535,5.30662353515625,5.2500433921813965,2.780944801659054,0.0434522625259227,0.1303567875777681
2,8,64,0.75,0.751,identity,3,2,12,0.188,86500,16,8000,125.0,2,0.0505162010192874,5.44222314453125,5.391706943511963,0.5979025352128258,0.0093422271127004,0.0186844542254008
2,8,64,0.75,0.7542,identity,4,2,12,0.188,59000,16,8000,125.0,3,0.056628692626953,5.529845703125,5.473217010498047,2.0498908736493022,0.0320295449007703,0.096088634702311
2,8,64,0.75,0.7593,relu,0,2,12,0.188,52500,16,8000,125.0,3,0.0632033042907718,5.061756103515625,4.9985527992248535,3.6760453862401055,0.0574382091600016,0.1723146274800049
2,8,64,0.75,0.7506,relu,1,2,12,0.188,46000,16,8000,125.0,3,0.0642001190185546,5.287636474609375,5.22343635559082,2.0296634559047715,0.031713491498512,0.0951404744955361
2,8,64,0.75,0.7604,relu,2,2,12,0.188,62000,16,8000,125.0,3,0.0565108070373536,5.30655419921875,5.2500433921813965,4.031867399630644,0.0629979281192288,0.1889937843576864
2,8,64,0.75,0.751,relu,3,2,12,0.188,40500,16,8000,125.0,3,0.060994716644287,5.45270166015625,5.391706943511963,4.327186403130996,0.0676122875489218,0.2028368626467654
2,8,64,0.75,0.7542,relu,4,2,12,0.188,50000,16,8000,125.0,3,0.0577117004394533,5.5309287109375,5.473217010498047,3.512704041604659,0.0548860006500728,0.1646580019502184
2,8,64,1.0,1.0,identity,0,2,2,0.031,37000,16,8000,125.0,2,0.0279551544189455,5.576216796875,5.548261642456055,16.36394858925882,0.255686696707169,0.5113733934143381
2,8,64,1.0,1.0,identity,1,2,2,0.031,35000,16,8000,125.0,1,0.0270557518005372,5.6403203125,5.613264560699463,52.70173565689614,0.8234646196390022,0.8234646196390022
2,8,64,1.0,1.0,identity,2,2,2,0.031,42000,16,8000,125.0,1,0.022969181060791,5.858690673828125,5.835721492767334,26.340562138672848,0.4115712834167632,0.4115712834167632
2,8,64,1.0,1.0,identity,3,2,2,0.031,33500,16,8000,125.0,1,0.0238600234985355,5.763765380859375,5.73990535736084,60.38038168002165,0.9434434637503384,0.9434434637503384
2,8,64,1.0,1.0,identity,4,2,2,0.031,49000,16,8000,125.0,1,0.0214600334167478,6.0090322265625,5.987572193145752,53.788439620517934,0.8404443690705927,0.8404443690705927
2,8,64,1.0,1.0,relu,0,2,2,0.031,40000,16,8000,125.0,2,0.0196216583251951,5.56788330078125,5.548261642456055,21.53911846518453,0.3365487260185082,0.6730974520370165
2,8,64,1.0,1.0,relu,1,2,2,0.031,44500,16,8000,125.0,1,0.0183677635192873,5.63163232421875,5.613264560699463,45.05213907045445,0.7039396729758508,0.7039396729758508
2,8,64,1.0,1.0,relu,2,2,2,0.031,32500,16,8000,125.0,1,0.0173817787170413,5.853103271484375,5.835721492767334,37.49195513073274,0.5858117989176991,0.5858117989176991
2,8,64,1.0,1.0,relu,3,2,2,0.031,41000,16,8000,125.0,1,0.0160348281860347,5.755940185546875,5.73990535736084,51.78999582431784,0.8092186847549662,0.8092186847549662
2,8,64,1.0,1.0,relu,4,2,2,0.031,43000,16,8000,125.0,1,0.0152437248229979,6.00281591796875,5.987572193145752,47.21319102257565,0.7377061097277445,0.7377061097277445
2,8,96,0.0,0.0,identity,0,0,10,0.104,64500,16,8000,83.3,2,0.0786509819030758,4.23069384765625,4.152042865753174,0.5055558008636724,0.0052662062589965,0.0105324125179931
2,8,96,0.0,0.0,identity,1,0,10,0.104,66000,16,8000,83.3,2,0.0726793136596679,4.39958837890625,4.326909065246582,0.304760188699253,0.0031745852989505,0.0063491705979011
2,8,96,0.0,0.0,identity,2,0,10,0.104,56500,16,8000,83.3,2,0.0802621498107907,4.362272705078125,4.282010555267334,0.2088045609831103,0.0021750475102407,0.0043500950204814
2,8,96,0.0,0.0,identity,3,0,10,0.104,59000,16,8000,83.3,2,0.0759700164794923,4.485029541015625,4.409059524536133,0.3441636435284507,0.0035850379534213,0.0071700759068427
2,8,96,0.0,0.0,identity,4,0,10,0.104,62500,16,8000,83.3,2,0.0764984092712399,4.38771142578125,4.31121301651001,0.2275942413255298,0.0023707733471409,0.0047415466942818
2,8,96,0.0,0.0,relu,0,0,10,0.104,34500,16,8000,83.3,3,0.0917898979187015,4.243832763671875,4.152042865753174,0.2516882962842522,0.0026217530862942,0.0078652592588828
2,8,96,0.0,0.0,relu,1,0,10,0.104,39000,16,8000,83.3,3,0.081909049987793,4.408818115234375,4.326909065246582,0.4615685138808399,0.0048080053529254,0.0144240160587762
2,8,96,0.0,0.0,relu,2,0,10,0.104,35500,16,8000,83.3,4,0.0874601478576657,4.369470703125,4.282010555267334,0.2946843838044475,0.0030696289979629,0.0122785159918519
2,8,96,0.0,0.0,relu,3,0,10,0.104,46000,16,8000,83.3,4,0.0764412078857423,4.485500732421875,4.409059524536133,0.5285054001021848,0.0055052645843977,0.022021058337591
2,8,96,0.0,0.0,relu,4,0,10,0.104,60500,16,8000,83.3,4,0.0782496299743655,4.389462646484375,4.31121301651001,0.3225220056592944,0.0033596042256176,0.0134384169024706
2,8,96,0.25,0.2584,identity,0,2,12,0.125,46000,16,8000,83.3,2,0.0934477653503416,4.413425048828125,4.319977283477783,0.2503388595798955,0.0026076964539572,0.0052153929079144
2,8,96,0.25,0.2505,identity,1,2,12,0.125,59500,16,8000,83.3,2,0.0842615852355956,4.6291982421875,4.544936656951904,0.2468708920388817,0.0025715717920716,0.0051431435841433
2,8,96,0.25,0.2609,identity,2,2,12,0.125,42500,16,8000,83.3,2,0.0903893203735348,4.57171923828125,4.481329917907715,0.2864873040573673,0.0029842427505975,0.0059684855011951
2,8,96,0.25,0.2504,identity,3,2,12,0.125,50500,16,8000,83.3,2,0.0856146659851075,4.7764072265625,4.690792560577393,0.2302711385525284,0.0023986576932555,0.004797315386511
2,8,96,0.25,0.2536,identity,4,2,12,0.125,58500,16,8000,83.3,2,0.0831504325866703,4.706392333984375,4.623241901397705,0.3915484993427615,0.004078630201487,0.0081572604029741
2,8,96,0.25,0.2584,relu,0,2,12,0.125,61500,16,8000,83.3,3,0.0871218147277828,4.40709814453125,4.319976329803467,0.7134506285898057,0.0074317773811438,0.0222953321434314
2,8,96,0.25,0.2505,relu,1,2,12,0.125,51500,16,8000,83.3,3,0.0872982063293452,4.63223486328125,4.544936656951904,0.5029275000436401,0.0052388281254545,0.0157164843763637
2,8,96,0.25,0.2609,relu,2,2,12,0.125,34500,16,8000,83.3,4,0.0907994766235349,4.57212939453125,4.481329917907715,0.8560961483926418,0.0089176682124233,0.0356706728496934
2,8,96,0.25,0.2504,relu,3,2,12,0.125,42500,16,8000,83.3,3,0.0855001754760742,4.776293212890625,4.690793037414551,0.6920247582049116,0.0072085912313011,0.0216257736939034
2,8,96,0.25,0.2536,relu,4,2,12,0.125,57500,16,8000,83.3,3,0.0826467704772948,4.705888671875,4.623241901397705,0.4596869383902614,0.0047884056082318,0.0143652168246956
2,8,96,0.5,0.5116,identity,0,2,12,0.125,73000,16,8000,83.3,2,0.076122261047363,4.67834375,4.602221488952637,0.3018623003216051,0.0031443989616833,0.0062887979233667
2,8,96,0.5,0.5007,identity,1,2,12,0.125,60000,16,8000,83.3,2,0.0795652465820309,4.93118115234375,4.851615905761719,0.3327055324401996,0.0034656826295854,0.0069313652591708
2,8,96,0.5,0.5142,identity,2,2,12,0.125,63000,16,8000,83.3,2,0.0735286598205569,4.880315673828125,4.806787014007568,0.4366956422066295,0.0045489129396523,0.0090978258793047
2,8,96,0.5,0.5009,identity,3,2,12,0.125,64500,16,8000,83.3,2,0.0745725860595705,5.10626318359375,5.03169059753418,0.137663176782051,0.001433991424813,0.002867982849626
2,8,96,0.5,0.5051,identity,4,2,12,0.125,61000,16,8000,83.3,2,0.0750584373474119,5.088744140625,5.013685703277588,0.2951746696476849,0.0030747361421633,0.0061494722843267
2,8,96,0.5,0.5116,relu,0,2,12,0.125,44000,16,8000,83.3,3,0.084793403625488,4.687014892578125,4.602221488952637,2.6918191778011638,0.0280397831020954,0.0841193493062863
2,8,96,0.5,0.5007,relu,1,2,12,0.125,54500,16,8000,83.3,4,0.0805305786132812,4.932146484375,4.851615905761719,1.4468633790921392,0.0150714935322097,0.0602859741288391
2,8,96,0.5,0.5142,relu,2,2,12,0.125,61000,16,8000,83.3,4,0.0746490211486818,4.88143603515625,4.806787014007568,1.908468192984403,0.0198798770102541,0.0795195080410167
2,8,96,0.5,0.5009,relu,3,2,12,0.125,56000,16,8000,83.3,3,0.0764871368408206,5.108177734375,5.03169059753418,2.6051234147423563,0.0271367022368995,0.0814101067106986
2,8,96,0.5,0.5051,relu,4,2,12,0.125,48500,16,8000,83.3,4,0.0795706443786619,5.09325634765625,5.013685703277588,1.0231878473498015,0.0106582067432271,0.0426328269729084
2,8,96,0.75,0.7593,identity,0,2,12,0.125,73500,16,8000,83.3,2,0.0648280601501465,5.063380859375,4.9985527992248535,0.7230775082880664,0.0075320573780006,0.0150641147560013
2,8,96,0.75,0.7506,identity,1,2,12,0.125,65000,16,8000,83.3,2,0.0663729705810549,5.289809326171875,5.22343635559082,0.6505466664433506,0.0067765277754515,0.0135530555509031
2,8,96,0.75,0.7604,identity,2,2,12,0.125,46000,16,8000,83.3,3,0.0700247230529784,5.320068115234375,5.2500433921813965,3.101219514020723,0.0323043699377158,0.0969131098131475
2,8,96,0.75,0.751,identity,3,2,12,0.125,56500,16,8000,83.3,2,0.064129238128662,5.455836181640625,5.391706943511963,0.8187238784945694,0.0085283737343184,0.0170567474686368
2,8,96,0.75,0.7542,identity,4,2,12,0.125,61000,16,8000,83.3,3,0.0652702941894531,5.5384873046875,5.473217010498047,3.5540434561479963,0.0370212860015416,0.1110638580046248
2,8,96,0.75,0.7593,relu,0,2,12,0.125,46000,16,8000,83.3,4,0.0719437828063966,5.07049658203125,4.9985527992248535,4.2999980699242215,0.0447916465617106,0.1791665862468425
2,8,96,0.75,0.7506,relu,1,2,12,0.125,65500,16,8000,83.3,3,0.067450119018555,5.290886474609375,5.22343635559082,3.625024762750946,0.037760674611989,0.113282023835967
2,8,96,0.75,0.7604,relu,2,2,12,0.125,50000,16,8000,83.3,3,0.0656670570373538,5.31571044921875,5.2500433921813965,5.457222964739061,0.0568460725493652,0.1705382176480956
2,8,96,0.75,0.751,relu,3,2,12,0.125,40000,16,8000,83.3,3,0.0663987693786625,5.458105712890625,5.391706943511963,6.488447384715513,0.0675879935907865,0.2027639807723597
2,8,96,0.75,0.7542,relu,4,2,12,0.125,43500,16,8000,83.3,3,0.0677463684082031,5.54096337890625,5.473217010498047,5.014794381068091,0.0522374414694592,0.1567123244083778
2,8,96,1.0,1.0,identity,0,2,2,0.021,38500,16,8000,83.3,2,0.0329556427001955,5.58121728515625,5.548261642456055,19.47233342398457,0.2028368064998392,0.4056736129996784
2,8,96,1.0,1.0,identity,1,2,2,0.021,50500,16,8000,83.3,1,0.0302483787536624,5.643512939453125,5.613264560699463,74.44847149787464,0.7755049114361942,0.7755049114361942
2,8,96,1.0,1.0,identity,2,2,2,0.021,48500,16,8000,83.3,1,0.0288588294982909,5.864580322265625,5.835721492767334,42.787507335678825,0.4457032014133211,0.4457032014133211
2,8,96,1.0,1.0,identity,3,2,2,0.021,39000,16,8000,83.3,1,0.0309740371704103,5.77087939453125,5.73990535736084,89.45618514869284,0.9318352619655504,0.9318352619655504
2,8,96,1.0,1.0,identity,4,2,2,0.021,28500,16,8000,83.3,1,0.0318953361511233,6.019467529296875,5.987572193145752,76.73266742069403,0.7992986189655628,0.7992986189655628
2,8,96,1.0,1.0,relu,0,2,2,0.021,40000,16,8000,83.3,2,0.0191170196533203,5.567378662109375,5.548261642456055,31.68626397921646,0.3300652497835047,0.6601304995670095
2,8,96,1.0,1.0,relu,1,2,2,0.021,44500,16,8000,83.3,1,0.0192178611755373,5.632482421875,5.613264560699463,64.14130025924413,0.6681385443671264,0.6681385443671264
2,8,96,1.0,1.0,relu,2,2,2,0.021,36000,16,8000,83.3,1,0.0180975990295406,5.853819091796875,5.835721492767334,64.33987159643924,0.6702069957962421,0.6702069957962421
2,8,96,1.0,1.0,relu,3,2,2,0.021,40500,16,8000,83.3,1,0.0174884414672851,5.757393798828125,5.73990535736084,81.18365399568356,0.8456630624550371,0.8456630624550371
2,8,96,1.0,1.0,relu,4,2,2,0.021,29500,16,8000,83.3,1,0.0182119865417478,6.0057841796875,5.987572193145752,71.72283601642296,0.7471128751710725,0.7471128751710725
2,16,16,0.0,0.0,identity,0,0,18,1.125,112000,16,8000,500.0,2,0.1538581008911128,4.18076220703125,4.026904106140137,0.0297903036324337,0.0018618939770271,0.0037237879540542
2,16,16,0.0,0.0,identity,1,0,18,1.125,81500,16,8000,500.0,2,0.1540114631652835,4.49693701171875,4.342925548553467,0.0365754979744644,0.002285968623404,0.004571937246808
2,16,16,0.0,0.0,identity,2,0,18,1.125,81500,16,8000,500.0,2,0.1416632843017575,4.448057861328125,4.306394577026367,0.0254022702242284,0.0015876418890142,0.0031752837780285
2,16,16,0.0,0.0,identity,3,0,18,1.125,89500,16,8000,500.0,2,0.1426306953430174,4.5646005859375,4.421969890594482,0.063662416853555,0.0039789010533471,0.0079578021066943
2,16,16,0.0,0.0,identity,4,0,18,1.125,85000,16,8000,500.0,2,0.132936187744141,4.38375634765625,4.250820159912109,0.0417868567403059,0.0026116785462691,0.0052233570925382
2,16,16,0.0,0.0,relu,0,0,18,1.125,100000,16,8000,500.0,2,0.218595405578613,4.24549951171875,4.026904106140137,1.3920803343517163,0.0870050208969822,0.1740100417939645
2,16,16,0.0,0.0,relu,1,0,18,1.125,116000,16,8000,500.0,3,0.2306352424621582,4.573560791015625,4.342925548553467,1.4588749781276886,0.0911796861329805,0.2735390583989416
2,16,16,0.0,0.0,relu,2,0,18,1.125,136000,16,8000,500.0,2,0.1937934112548829,4.50018798828125,4.306394577026367,1.829895718981888,0.1143684824363679,0.2287369648727359
2,16,16,0.0,0.0,relu,3,0,18,1.125,121500,16,8000,500.0,2,0.2344031562805177,4.656373046875,4.421969890594482,0.9301837740043972,0.0581364858752748,0.1162729717505496
2,16,16,0.0,0.0,relu,4,0,18,1.125,113000,16,8000,500.0,3,0.1939684143066404,4.44478857421875,4.250820159912109,1.564080723520466,0.0977550452200291,0.2932651356600874
2,16,16,0.25,0.257,identity,0,2,20,1.25,81500,16,8000,500.0,2,0.2143556518554685,4.499275390625,4.284919738769531,0.0365442210152884,0.0022840138134555,0.004568027626911
2,16,16,0.25,0.2505,identity,1,2,20,1.25,109500,16,8000,500.0,2,0.1772503051757814,4.80053369140625,4.623283386230469,0.040347941581222,0.0025217463488263,0.0050434926976527
2,16,16,0.25,0.2618,identity,2,2,20,1.25,90500,16,8000,500.0,2,0.1848671150207517,4.706297607421875,4.521430492401123,0.0346196194949119,0.0021637262184319,0.0043274524368639
2,16,16,0.25,0.2502,identity,3,2,20,1.25,88500,16,8000,500.0,2,0.1850232238769527,4.83554736328125,4.650524139404297,0.0659014770084443,0.0041188423130277,0.0082376846260555
2,16,16,0.25,0.2536,identity,4,2,20,1.25,85000,16,8000,500.0,2,0.1607451286315919,4.675912841796875,4.515167713165283,0.0204668335144598,0.0012791770946537,0.0025583541893074
2,16,16,0.25,0.257,relu,0,2,20,1.25,122000,16,8000,500.0,2,0.2858312377929684,4.5707509765625,4.284919738769531,1.9290713845917764,0.120566961536986,0.241133923073972
2,16,16,0.25,0.2505,relu,1,2,20,1.25,126000,16,8000,500.0,3,0.271133605957031,4.8944169921875,4.623283386230469,1.3351595334434616,0.0834474708402163,0.250342412520649
2,16,16,0.25,0.2618,relu,2,2,20,1.25,97500,16,8000,500.0,3,0.2476454353332515,4.769075927734375,4.521430492401123,1.217119960082982,0.0760699975051863,0.2282099925155591
2,16,16,0.25,0.2502,relu,3,2,20,1.25,150000,16,8000,500.0,2,0.2744480285644535,4.92497216796875,4.650524139404297,1.5125345747983887,0.0945334109248993,0.1890668218497986
2,16,16,0.25,0.2536,relu,4,2,20,1.25,127000,16,8000,500.0,3,0.2215810661315922,4.736748779296875,4.515167713165283,1.0744509402353153,0.0671531837647072,0.2014595512941216
2,16,16,0.5,0.5089,identity,0,2,20,1.25,56500,16,8000,500.0,2,0.1813778190612796,4.788205078125,4.606827259063721,0.0473296035435165,0.0029581002214697,0.0059162004429395
2,16,16,0.5,0.5007,identity,1,2,20,1.25,77500,16,8000,500.0,2,0.152872455596924,5.189092529296875,5.036220073699951,0.0480402848495534,0.003002517803097,0.0060050356061941
2,16,16,0.5,0.516,identity,2,2,20,1.25,82500,16,8000,500.0,2,0.1489822654724122,4.96637890625,4.817396640777588,0.0545789468396843,0.0034111841774802,0.0068223683549605
2,16,16,0.5,0.5002,identity,3,2,20,1.25,93500,16,8000,500.0,2,0.1463551216125491,5.116382568359375,4.970027446746826,0.0734884991168204,0.0045930311948012,0.0091860623896025
2,16,16,0.5,0.5048,identity,4,2,20,1.25,82500,16,8000,500.0,2,0.1459192085266112,4.990870361328125,4.844951152801514,0.0401902703060246,0.0025118918941265,0.005023783788253
2,16,16,0.5,0.5089,relu,0,2,20,1.25,150000,16,8000,500.0,3,0.2308629264831543,4.837690185546875,4.606827259063721,1.5895053602188032,0.0993440850136752,0.2980322550410256
2,16,16,0.5,0.5007,relu,1,2,20,1.25,142000,16,8000,500.0,2,0.219221576690674,5.255441650390625,5.036220073699951,1.6150748084633038,0.1009421755289564,0.2018843510579129
2,16,16,0.5,0.516,relu,2,2,20,1.25,127500,16,8000,500.0,3,0.1919661521911617,5.00936279296875,4.817396640777588,0.9000064186696851,0.0562504011668553,0.1687512035005659
2,16,16,0.5,0.5002,relu,3,2,20,1.25,136000,16,8000,500.0,2,0.2077464790344239,5.17777392578125,4.970027446746826,1.7157655599104586,0.1072353474944036,0.2144706949888073
2,16,16,0.5,0.5048,relu,4,2,20,1.25,109000,16,8000,500.0,3,0.2063593940734867,5.051310546875,4.844951152801514,1.3090243738798577,0.081814023367491,0.2454420701024732
2,16,16,0.75,0.7562,identity,0,2,20,1.25,63000,16,8000,500.0,2,0.1181716613769534,5.1181220703125,4.999950408935547,0.0563876220724487,0.003524226379528,0.007048452759056
2,16,16,0.75,0.7506,identity,1,2,20,1.25,78500,16,8000,500.0,2,0.1086402969360351,5.647251708984375,5.53861141204834,0.0517304328377867,0.0032331520523616,0.0064663041047233
2,16,16,0.75,0.7625,identity,2,2,20,1.25,90000,16,8000,500.0,2,0.0983227691650387,5.2669228515625,5.168600082397461,0.1199783502890048,0.0074986468930628,0.0149972937861256
2,16,16,0.75,0.7501,identity,3,2,20,1.25,88500,16,8000,500.0,2,0.0943861503601075,5.424735595703125,5.330349445343018,0.0878976306089475,0.0054936019130592,0.0109872038261184
2,16,16,0.75,0.7537,identity,4,2,20,1.25,101000,16,8000,500.0,2,0.095078330993652,5.36351953125,5.268441200256348,0.1185063925819524,0.007406649536372,0.014813299072744
2,16,16,0.75,0.7562,relu,0,2,20,1.25,105500,16,8000,500.0,2,0.1903657531738281,5.190316162109375,4.999950408935547,2.7164082225633703,0.1697755139102106,0.3395510278204213
2,16,16,0.75,0.7506,relu,1,2,20,1.25,138000,16,8000,500.0,2,0.1533634414672855,5.691974853515625,5.53861141204834,2.317976447019564,0.1448735279387227,0.2897470558774455
2,16,16,0.75,0.7625,relu,2,2,20,1.25,97000,16,8000,500.0,2,0.1665747222900391,5.3351748046875,5.168600082397461,1.7488372157720224,0.1093023259857514,0.2186046519715028
2,16,16,0.75,0.7501,relu,3,2,20,1.25,105000,16,8000,500.0,2,0.1487174491882328,5.47906689453125,5.330349445343018,2.032464598302853,0.1270290373939283,0.2540580747878566
2,16,16,0.75,0.7537,relu,4,2,20,1.25,150000,16,8000,500.0,3,0.1318837509155273,5.400324951171875,5.268441200256348,1.765000168234925,0.1103125105146828,0.3309375315440484
2,16,16,1.0,1.0,identity,0,2,2,0.125,35500,16,8000,500.0,1,0.0206640434265139,5.444725341796875,5.424061298370361,7.147429035413723,0.4467143147133577,0.4467143147133577
2,16,16,1.0,1.0,identity,1,2,2,0.125,52000,16,8000,500.0,1,0.0124625434875484,6.09342138671875,6.080958843231201,13.492408172840106,0.8432755108025066,0.8432755108025066
2,16,16,1.0,1.0,identity,2,2,2,0.125,41500,16,8000,500.0,2,0.0197781333923341,5.5342763671875,5.514498233795166,2.7534166877035107,0.1720885429814694,0.3441770859629388
2,16,16,1.0,1.0,identity,3,2,2,0.125,49500,16,8000,500.0,1,0.0164208297729491,5.73352001953125,5.717099189758301,10.667076817265889,0.666692301079118,0.666692301079118
2,16,16,1.0,1.0,identity,4,2,2,0.125,36500,16,8000,500.0,1,0.0169176635742189,5.812488037109375,5.795570373535156,7.891676732737268,0.4932297957960792,0.4932297957960792
2,16,16,1.0,1.0,relu,0,2,2,0.125,54000,16,8000,500.0,1,0.015058086395264,5.439119384765625,5.424061298370361,6.777908058746828,0.4236192536716767,0.4236192536716767
2,16,16,1.0,1.0,relu,1,2,2,0.125,34500,16,8000,500.0,1,0.0134019966125489,6.09436083984375,6.080958843231201,13.787793597750788,0.8617370998594243,0.8617370998594243
2,16,16,1.0,1.0,relu,2,2,2,0.125,62000,16,8000,500.0,1,0.0142607994079586,5.528759033203125,5.514498233795166,6.5384801849244925,0.4086550115577808,0.4086550115577808
2,16,16,1.0,1.0,relu,3,2,2,0.125,57000,16,8000,500.0,1,0.0135223922729492,5.73062158203125,5.717099189758301,11.934688848282832,0.745918053017677,0.745918053017677
2,16,16,1.0,1.0,relu,4,2,2,0.125,45000,16,8000,500.0,1,0.013883483886719,5.809453857421875,5.795570373535156,11.636489022341369,0.7272805638963354,0.7272805638963354
2,16,32,0.0,0.0,identity,0,0,18,0.562,58500,16,8000,250.0,2,0.080381538391113,4.10728564453125,4.026904106140137,0.040794051337445,0.0012748141042951,0.0025496282085903
2,16,32,0.0,0.0,identity,1,0,18,0.562,65500,16,8000,250.0,2,0.0771769905090336,4.4201025390625,4.342925548553467,0.0871262972629503,0.0027226967894671,0.0054453935789343
2,16,32,0.0,0.0,identity,2,0,18,0.562,81500,16,8000,250.0,2,0.0710595245361327,4.3774541015625,4.306394577026367,0.0742781159152158,0.0023211911223504,0.0046423822447009
2,16,32,0.0,0.0,identity,3,0,18,0.562,61500,16,8000,250.0,2,0.0747588691711422,4.496728759765625,4.421969890594482,0.0603629318228415,0.0018863416194637,0.0037726832389275
2,16,32,0.0,0.0,identity,4,0,18,0.562,60000,16,8000,250.0,2,0.0746749572753904,4.3254951171875,4.250820159912109,0.0730494268068372,0.0022827945877136,0.0045655891754273
2,16,32,0.0,0.0,relu,0,0,18,0.562,76500,16,8000,250.0,2,0.0820026321411129,4.10890673828125,4.026904106140137,0.0487832585237668,0.0015244768288677,0.0030489536577354
2,16,32,0.0,0.0,relu,1,0,18,0.562,76000,16,8000,250.0,3,0.0817233772277834,4.42464892578125,4.342925548553467,0.1234032653532981,0.0038563520422905,0.0115690561268716
2,16,32,0.0,0.0,relu,2,0,18,0.562,87000,16,8000,250.0,3,0.0771984405517578,4.383593017578125,4.306394577026367,0.0919492236960249,0.0028734132405007,0.0086202397215023
2,16,32,0.0,0.0,relu,3,0,18,0.562,77000,16,8000,250.0,3,0.0753116035461429,4.497281494140625,4.421969890594482,0.2324722697143446,0.0072647584285732,0.0217942752857198
2,16,32,0.0,0.0,relu,4,0,18,0.562,79500,16,8000,250.0,3,0.0752782287597657,4.326098388671875,4.250820159912109,0.0860382584572705,0.0026886955767897,0.0080660867303691
2,16,32,0.25,0.257,identity,0,2,20,0.625,81500,16,8000,250.0,2,0.0765228881835939,4.361442626953125,4.284919738769531,0.0634788731615734,0.0019837147862991,0.0039674295725983
2,16,32,0.25,0.2505,identity,1,2,20,0.625,67000,16,8000,250.0,2,0.0764243774414064,4.699707763671875,4.623283386230469,0.0658283277852744,0.0020571352432898,0.0041142704865796
2,16,32,0.25,0.2618,identity,2,2,20,0.625,59000,16,8000,250.0,2,0.0792755622863765,4.6007060546875,4.521430492401123,0.074129983058769,0.0023165619705865,0.004633123941173
2,16,32,0.25,0.2502,identity,3,2,20,0.625,68500,16,8000,250.0,2,0.0735403137207031,4.724064453125,4.650524139404297,0.0792111075566938,0.0024753471111466,0.0049506942222933
2,16,32,0.25,0.2536,identity,4,2,20,0.625,69500,16,8000,250.0,2,0.0749814567565918,4.590149169921875,4.515167713165283,0.0389528470374839,0.0012172764699213,0.0024345529398427
2,16,32,0.25,0.257,relu,0,2,20,0.625,57500,16,8000,250.0,3,0.0938912963867188,4.37881103515625,4.284919738769531,0.2586966375699335,0.0080842699240604,0.0242528097721812
2,16,32,0.25,0.2505,relu,1,2,20,0.625,81500,16,8000,250.0,3,0.0827708129882811,4.70605419921875,4.623283386230469,0.3455051603423432,0.0107970362606982,0.0323911087820946
2,16,32,0.25,0.2618,relu,2,2,20,0.625,79000,16,8000,250.0,4,0.0838485603332523,4.605279052734375,4.521430492401123,0.2009238029045754,0.0062788688407679,0.0251154753630719
2,16,32,0.25,0.2502,relu,3,2,20,0.625,94500,16,8000,250.0,3,0.0779468078613279,4.728470947265625,4.650524139404297,0.2618241984344375,0.0081820062010761,0.0245460186032285
2,16,32,0.25,0.2536,relu,4,2,20,0.625,63500,16,8000,250.0,3,0.0879294548034668,4.60309716796875,4.515167713165283,0.2611907017464033,0.0081622094295751,0.0244866282887253
2,16,32,0.5,0.5089,identity,0,2,20,0.625,56500,16,8000,250.0,2,0.0771817741394045,4.684009033203125,4.606827259063721,0.0837573714190553,0.0026174178568454,0.0052348357136909
2,16,32,0.5,0.5007,identity,1,2,20,0.625,40000,16,8000,250.0,2,0.0789644966125484,5.1151845703125,5.036220073699951,0.0833015191405281,0.0026031724731415,0.005206344946283
2,16,32,0.5,0.516,identity,2,2,20,0.625,77000,16,8000,250.0,2,0.0686729393005372,4.886069580078125,4.817396640777588,0.1563594924421797,0.0048862341388181,0.0097724682776362
2,16,32,0.5,0.5002,identity,3,2,20,0.625,51000,16,8000,250.0,2,0.0728050727844236,5.04283251953125,4.970027446746826,0.1214625609807008,0.0037957050306469,0.0075914100612938
2,16,32,0.5,0.5048,identity,4,2,20,0.625,61000,16,8000,250.0,2,0.0701621284484863,4.91511328125,4.844951152801514,0.0664016488380262,0.0020750515261883,0.0041501030523766
2,16,32,0.5,0.5089,relu,0,2,20,0.625,75000,16,8000,250.0,3,0.0818446159362791,4.688671875,4.606827259063721,0.6764963316517859,0.0211405103641183,0.0634215310923549
2,16,32,0.5,0.5007,relu,1,2,20,0.625,62500,16,8000,250.0,3,0.0793023872375489,5.1155224609375,5.036220073699951,0.5550082045281014,0.0173440063915031,0.0520320191745095
2,16,32,0.5,0.516,relu,2,2,20,0.625,61000,16,8000,250.0,3,0.0837630271911624,4.90115966796875,4.817396640777588,0.4107540175945929,0.012836063049831,0.038508189149493
2,16,32,0.5,0.5002,relu,3,2,20,0.625,82000,16,8000,250.0,3,0.0753841743469241,5.04541162109375,4.970027446746826,0.525106050697049,0.0164095640842827,0.0492286922528483
2,16,32,0.5,0.5048,relu,4,2,20,0.625,68500,16,8000,250.0,3,0.0787329292297362,4.92368408203125,4.844951152801514,0.5793534205958023,0.0181047943936188,0.0543143831808564
2,16,32,0.75,0.7562,identity,0,2,20,0.625,55000,16,8000,250.0,2,0.0644211730957033,5.06437158203125,4.999950408935547,0.2061462857152403,0.0064420714286012,0.0128841428572025
2,16,32,0.75,0.7506,identity,1,2,20,0.625,69000,16,8000,250.0,2,0.0561620254516599,5.5947734375,5.53861141204834,0.172390762861898,0.0053872113394343,0.0107744226788686
2,16,32,0.75,0.7625,identity,2,2,20,0.625,47500,16,8000,250.0,2,0.0647429351806643,5.233343017578125,5.168600082397461,0.1467402159985893,0.0045856317499559,0.0091712634999118
2,16,32,0.75,0.7501,identity,3,2,20,0.625,67500,16,8000,250.0,2,0.0574103202819822,5.387759765625,5.330349445343018,0.2619411157645607,0.0081856598676425,0.016371319735285
2,16,32,0.75,0.7537,identity,4,2,20,0.625,50500,16,8000,250.0,2,0.0609723739624019,5.32941357421875,5.268441200256348,0.1570961995525937,0.0049092562360185,0.0098185124720371
2,16,32,0.75,0.7562,relu,0,2,20,0.625,82500,16,8000,250.0,3,0.069350372314453,5.06930078125,4.999950408935547,1.2617267756723936,0.0394289617397623,0.1182868852192869
2,16,32,0.75,0.7506,relu,1,2,20,0.625,82500,16,8000,250.0,3,0.063661293029785,5.602272705078125,5.53861141204834,1.4878716434940105,0.0464959888591878,0.1394879665775635
2,16,32,0.75,0.7625,relu,2,2,20,0.625,72000,16,8000,250.0,3,0.0690832672119139,5.237683349609375,5.168600082397461,1.0823011057893153,0.0338219095559161,0.1014657286677483
2,16,32,0.75,0.7501,relu,3,2,20,0.625,68500,16,8000,250.0,3,0.0695362968444825,5.3998857421875,5.330349445343018,0.9740546512820946,0.0304392078525654,0.0913176235576963
2,16,32,0.75,0.7537,relu,4,2,20,0.625,78500,16,8000,250.0,3,0.0669706649780277,5.335411865234375,5.268441200256348,1.417567015472675,0.044298969233521,0.1328969077005632
2,16,32,1.0,1.0,identity,0,2,2,0.062,58500,16,8000,250.0,1,0.0193469047546388,5.443408203125,5.424061298370361,13.714447110922878,0.4285764722163399,0.4285764722163399
2,16,32,1.0,1.0,identity,1,2,2,0.062,35500,16,8000,250.0,1,0.0171017036437985,6.098060546875,6.080958843231201,23.9149311670096,0.74734159896905,0.74734159896905
2,16,32,1.0,1.0,identity,2,2,2,0.062,29000,16,8000,250.0,2,0.0250032310485837,5.53950146484375,5.514498233795166,5.633966893702036,0.1760614654281886,0.3521229308563772
2,16,32,1.0,1.0,identity,3,2,2,0.062,48500,16,8000,250.0,1,0.0189042282104487,5.73600341796875,5.717099189758301,15.133860475142887,0.4729331398482152,0.4729331398482152
2,16,32,1.0,1.0,identity,4,2,2,0.062,46000,16,8000,250.0,1,0.017938415527344,5.8135087890625,5.795570373535156,13.521820272456234,0.4225568835142573,0.4225568835142573
2,16,32,1.0,1.0,relu,0,2,2,0.062,30000,16,8000,250.0,1,0.0201852836608882,5.44424658203125,5.424061298370361,11.4912712537859,0.3591022266808094,0.3591022266808094
2,16,32,1.0,1.0,relu,1,2,2,0.062,34500,16,8000,250.0,1,0.0135780220031742,6.094536865234375,6.080958843231201,27.778921063007257,0.8680912832189768,0.8680912832189768
2,16,32,1.0,1.0,relu,2,2,2,0.062,58000,16,8000,250.0,2,0.0155566978454588,5.530054931640625,5.514498233795166,8.517810390747348,0.2661815747108546,0.5323631494217093
2,16,32,1.0,1.0,relu,3,2,2,0.062,57000,16,8000,250.0,1,0.0153187789916993,5.73241796875,5.717099189758301,16.247569612004497,0.5077365503751405,0.5077365503751405
2,16,32,1.0,1.0,relu,4,2,2,0.062,45000,16,8000,250.0,1,0.0144974975585938,5.81006787109375,5.795570373535156,23.550173144469973,0.7359429107646867,0.7359429107646867
2,16,64,0.0,0.0,identity,0,0,18,0.281,51500,16,8000,125.0,2,0.103653633117676,4.130557739257813,4.026904106140137,0.083100184701866,0.0012984403859666,0.0025968807719333
2,16,64,0.0,0.0,identity,1,0,18,0.281,50500,16,8000,125.0,2,0.1042050666809082,4.447130615234375,4.342925548553467,0.115333335497018,0.0018020833671409,0.0036041667342818
2,16,64,0.0,0.0,identity,2,0,18,0.281,37000,16,8000,125.0,2,0.1098810577392574,4.416275634765625,4.306394577026367,0.1916405919640349,0.002994384249438,0.005988768498876
2,16,64,0.0,0.0,identity,3,0,18,0.281,50000,16,8000,125.0,2,0.0969993476867676,4.51896923828125,4.421969890594482,0.1461186280394951,0.0022831035631171,0.0045662071262342
2,16,64,0.0,0.0,identity,4,0,18,0.281,60000,16,8000,125.0,2,0.0922296447753909,4.3430498046875,4.250820159912109,0.1079185247551852,0.0016862269492997,0.0033724538985995
2,16,64,0.0,0.0,relu,0,0,18,0.281,45000,16,8000,125.0,3,0.1078922805786133,4.13479638671875,4.026904106140137,0.1297667716269843,0.0020276058066716,0.0060828174200148
2,16,64,0.0,0.0,relu,1,0,18,0.281,56000,16,8000,125.0,3,0.1026262092590331,4.4455517578125,4.342925548553467,0.1533422022841959,0.0023959719106905,0.0071879157320716
2,16,64,0.0,0.0,relu,2,0,18,0.281,47500,16,8000,125.0,4,0.1015866241455079,4.407981201171875,4.306394577026367,0.120862168968116,0.0018884713901268,0.0075538855605072
2,16,64,0.0,0.0,relu,3,0,18,0.281,49000,16,8000,125.0,3,0.0972339668273924,4.519203857421875,4.421969890594482,0.2039623380013571,0.0031869115312712,0.0095607345938136
2,16,64,0.0,0.0,relu,4,0,18,0.281,63500,16,8000,125.0,3,0.0961881408691409,4.34700830078125,4.250820159912109,0.1017562562386896,0.0015899415037295,0.0047698245111885
2,16,64,0.25,0.257,identity,0,2,20,0.312,57500,16,8000,125.0,2,0.1069850463867183,4.39190478515625,4.284919738769531,0.1251377389261406,0.0019552771707209,0.0039105543414418
2,16,64,0.25,0.2505,identity,1,2,20,0.312,54000,16,8000,125.0,2,0.1012825317382812,4.72456591796875,4.623283386230469,0.1813056038094448,0.0028329000595225,0.0056658001190451
2,16,64,0.25,0.2618,identity,2,2,20,0.312,76000,16,8000,125.0,2,0.0928414802551271,4.61427197265625,4.521430492401123,0.1040214073994615,0.0016253344906165,0.0032506689812331
2,16,64,0.25,0.2502,identity,3,2,20,0.312,71000,16,8000,125.0,2,0.0919182434082035,4.7424423828125,4.650524139404297,0.1655313749340808,0.002586427733345,0.00517285546669
2,16,64,0.25,0.2536,identity,4,2,20,0.312,76500,16,8000,125.0,2,0.0906984977722169,4.6058662109375,4.515167713165283,0.1567476923547728,0.0024491826930433,0.0048983653860866
2,16,64,0.25,0.257,relu,0,2,20,0.312,68500,16,8000,125.0,3,0.1048429565429689,4.3897626953125,4.284919738769531,0.3255548387014453,0.00508679435471,0.0152603830641302
2,16,64,0.25,0.2505,relu,1,2,20,0.312,62500,16,8000,125.0,3,0.0995825805664063,4.722865966796875,4.623283386230469,0.489468251339135,0.0076479414271739,0.0229438242815219
2,16,64,0.25,0.2618,relu,2,2,20,0.312,47000,16,8000,125.0,3,0.1051100349426272,4.62654052734375,4.521430492401123,0.315193195748854,0.0049248936835758,0.0147746810507275
2,16,64,0.25,0.2502,relu,3,2,20,0.312,42000,16,8000,125.0,3,0.1023447570800781,4.752868896484375,4.650524139404297,0.4374701909119144,0.0068354717329986,0.0205064151989959
2,16,64,0.25,0.2536,relu,4,2,20,0.312,54000,16,8000,125.0,3,0.1015034294128414,4.616671142578125,4.515167713165283,0.2503976894263965,0.0039124638972874,0.0117373916918623
2,16,64,0.5,0.5089,identity,0,2,20,0.312,57000,16,8000,125.0,2,0.0961619987487791,4.7029892578125,4.606827259063721,0.253179438536951,0.0039559287271398,0.0079118574542797
2,16,64,0.5,0.5007,identity,1,2,20,0.312,40000,16,8000,125.0,2,0.096344867706299,5.13256494140625,5.036220073699951,0.1758113291350563,0.0027470520177352,0.0054941040354705
2,16,64,0.5,0.516,identity,2,2,20,0.312,64000,16,8000,125.0,2,0.0900403709411623,4.90743701171875,4.817396640777588,0.3032888158479179,0.0047388877476237,0.0094777754952474
2,16,64,0.5,0.5002,identity,3,2,20,0.312,61500,16,8000,125.0,2,0.0879930610656734,5.0580205078125,4.970027446746826,0.1751129418628544,0.0027361397166071,0.0054722794332142
2,16,64,0.5,0.5048,identity,4,2,20,0.312,61000,16,8000,125.0,2,0.0863476753234859,4.931298828125,4.844951152801514,0.258958222594417,0.0040462222280377,0.0080924444560755
2,16,64,0.5,0.5089,relu,0,2,20,0.312,47000,16,8000,125.0,3,0.1013414421081542,4.708168701171875,4.606827259063721,0.8566217678984848,0.0133847151234138,0.0401541453702414
2,16,64,0.5,0.5007,relu,1,2,20,0.312,45000,16,8000,125.0,3,0.095124408721924,5.131344482421875,5.036220073699951,0.8675358859649082,0.0135552482182016,0.040665744654605
2,16,64,0.5,0.516,relu,2,2,20,0.312,49500,16,8000,125.0,3,0.0968772850036625,4.91427392578125,4.817396640777588,0.7634779767501426,0.0119293433867209,0.0357880301601629
2,16,64,0.5,0.5002,relu,3,2,20,0.312,61000,16,8000,125.0,3,0.0907169380187991,5.060744384765625,4.970027446746826,0.7919297199631942,0.0123739018744249,0.0371217056232747
2,16,64,0.5,0.5048,relu,4,2,20,0.312,58000,16,8000,125.0,3,0.0930178413391109,4.937968994140625,4.844951152801514,0.9478849804965715,0.0148107028202589,0.0444321084607767
2,16,64,0.75,0.7562,identity,0,2,20,0.312,70500,16,8000,125.0,2,0.0750774230957027,5.07502783203125,4.999950408935547,0.4551049037488205,0.0071110141210753,0.0142220282421506
2,16,64,0.75,0.7506,identity,1,2,20,0.312,77000,16,8000,125.0,3,0.0692565078735354,5.607867919921875,5.53861141204834,1.3094778427597729,0.0204605912931214,0.0613817738793643
2,16,64,0.75,0.7625,identity,2,2,20,0.312,44000,16,8000,125.0,2,0.082027847290039,5.2506279296875,5.168600082397461,0.6660505478866479,0.0104070398107288,0.0208140796214577
2,16,64,0.75,0.7501,identity,3,2,20,0.312,71000,16,8000,125.0,2,0.0715472831726078,5.401896728515625,5.330349445343018,0.2606055699599457,0.0040719620306241,0.0081439240612483
2,16,64,0.75,0.7537,identity,4,2,20,0.312,37000,16,8000,125.0,2,0.0833183212280275,5.351759521484375,5.268441200256348,0.3279775182833694,0.0051246487231776,0.0102492974463552
2,16,64,0.75,0.7562,relu,0,2,20,0.312,50500,16,8000,125.0,3,0.0864978332519532,5.0864482421875,4.999950408935547,1.7935985925853994,0.0280249780091468,0.0840749340274406
2,16,64,0.75,0.7506,relu,1,2,20,0.312,51000,16,8000,125.0,3,0.0796171035766599,5.618228515625,5.53861141204834,2.2952711511276287,0.0358636117363692,0.1075908352091075
2,16,64,0.75,0.7625,relu,2,2,20,0.312,52000,16,8000,125.0,4,0.083095718383789,5.25169580078125,5.168600082397461,1.759023857213602,0.0274847477689625,0.1099389910758501
2,16,64,0.75,0.7501,relu,3,2,20,0.312,51500,16,8000,125.0,3,0.0799720878601073,5.410321533203125,5.330349445343018,1.819705725534415,0.0284329019614752,0.0852987058844256
2,16,64,0.75,0.7537,relu,4,2,20,0.312,51000,16,8000,125.0,4,0.080713096618652,5.349154296875,5.268441200256348,2.5500075743761474,0.0398438683496273,0.1593754733985092
2,16,64,1.0,1.0,identity,0,2,2,0.031,33500,16,8000,125.0,1,0.0290888481140134,5.453150146484375,5.424061298370361,23.07119826144608,0.360487472835095,0.360487472835095
2,16,64,1.0,1.0,identity,1,2,2,0.031,33000,16,8000,125.0,1,0.0222152290344235,6.103174072265625,6.080958843231201,60.56605125771913,0.9463445509018614,0.9463445509018614
2,16,64,1.0,1.0,identity,2,2,2,0.031,29000,16,8000,125.0,2,0.0306336021423341,5.5451318359375,5.514498233795166,11.75673022315075,0.1836989097367304,0.3673978194734609
2,16,64,1.0,1.0,identity,3,2,2,0.031,27500,16,8000,125.0,1,0.0294979782104496,5.74659716796875,5.717099189758301,29.500098672429104,0.4609390417567047,0.4609390417567047
2,16,64,1.0,1.0,identity,4,2,2,0.031,27500,16,8000,125.0,1,0.0273934936523438,5.8229638671875,5.795570373535156,25.83159484915635,0.4036186695180679,0.4036186695180679
2,16,64,1.0,1.0,relu,0,2,2,0.031,30000,16,8000,125.0,1,0.021527568817139,5.4455888671875,5.424061298370361,22.23920986358629,0.3474876541185357,0.3474876541185357
2,16,64,1.0,1.0,relu,1,2,2,0.031,34500,16,8000,125.0,1,0.0149466743469242,6.095905517578125,6.080958843231201,54.00939120563506,0.8438967375880478,0.8438967375880478
2,16,64,1.0,1.0,relu,2,2,2,0.031,37000,16,8000,125.0,2,0.0206511802673343,5.5351494140625,5.514498233795166,20.50111996949543,0.3203299995233661,0.6406599990467322
2,16,64,1.0,1.0,relu,3,2,2,0.031,54000,16,8000,125.0,1,0.0176263961791995,5.7347255859375,5.717099189758301,31.67527570604232,0.4949261829069112,0.4949261829069112
2,16,64,1.0,1.0,relu,4,2,2,0.031,44500,16,8000,125.0,2,0.0160521850585935,5.81162255859375,5.795570373535156,25.77616596963984,0.4027525932756225,0.805505186551245
2,16,96,0.0,0.0,identity,0,0,18,0.188,76500,16,8000,83.3,2,0.102881538391113,4.12978564453125,4.026904106140137,0.1125788475261354,0.0011726963283972,0.0023453926567944
2,16,96,0.0,0.0,identity,1,0,18,0.188,30500,16,8000,83.3,2,0.1332446174621582,4.476170166015625,4.342925548553467,0.1729497403983351,0.0018015597958159,0.0036031195916319
2,16,96,0.0,0.0,identity,2,0,18,0.188,78000,16,8000,83.3,2,0.0971593780517574,4.403553955078125,4.306394577026367,0.2202735543941108,0.0022945161916053,0.0045890323832106
2,16,96,0.0,0.0,identity,3,0,18,0.188,69000,16,8000,83.3,2,0.0989168281555175,4.52088671875,4.421969890594482,0.2348571349026907,0.0024464284885696,0.0048928569771393
2,16,96,0.0,0.0,identity,4,0,18,0.188,69500,16,8000,83.3,2,0.1000191955566407,4.35083935546875,4.250820159912109,0.2010389838737791,0.0020941560820185,0.004188312164037
2,16,96,0.0,0.0,relu,0,0,18,0.188,50000,16,8000,83.3,3,0.1204519729614261,4.147356079101563,4.026904106140137,0.1090088472969831,0.0011355088260102,0.0034065264780307
2,16,96,0.0,0.0,relu,1,0,18,0.188,45500,16,8000,83.3,3,0.1211374397277831,4.46406298828125,4.342925548553467,0.2301436976184946,0.0023973301835259,0.0071919905505779
2,16,96,0.0,0.0,relu,2,0,18,0.188,42000,16,8000,83.3,4,0.1188046417236332,4.42519921875,4.306394577026367,0.1586717807753188,0.0016528310497429,0.0066113241989716
2,16,96,0.0,0.0,relu,3,0,18,0.188,49000,16,8000,83.3,3,0.1109495429992675,4.53291943359375,4.421969890594482,0.3256857564814022,0.0033925599633479,0.0101776798900438
2,16,96,0.0,0.0,relu,4,0,18,0.188,38000,16,8000,83.3,4,0.1175917053222654,4.368411865234375,4.250820159912109,0.1603323215099509,0.0016701283490619,0.0066805133962479
2,16,96,0.25,0.257,identity,0,2,20,0.208,81500,16,8000,83.3,2,0.1055748901367188,4.39049462890625,4.284919738769531,0.2132606114426263,0.0022214647025273,0.0044429294050547
2,16,96,0.25,0.2505,identity,1,2,20,0.208,75500,16,8000,83.3,2,0.1024085083007815,4.72569189453125,4.623283386230469,0.2084647232707951,0.0021715075340707,0.0043430150681415
2,16,96,0.25,0.2618,identity,2,2,20,0.208,70000,16,8000,83.3,2,0.1080634040832517,4.629493896484375,4.521430492401123,0.2051202902610241,0.002136669690219,0.004273339380438
2,16,96,0.25,0.2502,identity,3,2,20,0.208,71000,16,8000,83.3,2,0.1016555480957031,4.7521796875,4.650524139404297,0.3708766644233369,0.003863298587743,0.0077265971754861
2,16,96,0.25,0.2536,identity,4,2,20,0.208,69500,16,8000,83.3,2,0.1046464958190913,4.619814208984375,4.515167713165283,0.2488963523123235,0.0025926703365867,0.0051853406731734
2,16,96,0.25,0.257,relu,0,2,20,0.208,65500,16,8000,83.3,3,0.1233165893554684,4.408236328125,4.284919738769531,0.2742537978813607,0.0028568103945975,0.0085704311837925
2,16,96,0.25,0.2505,relu,1,2,20,0.208,46000,16,8000,83.3,3,0.1196956176757808,4.74297900390625,4.623283386230469,0.5646218940083896,0.0058814780625873,0.0176444341877621
2,16,96,0.25,0.2618,relu,2,2,20,0.208,38000,16,8000,83.3,3,0.1248207283020015,4.646251220703125,4.521430492401123,0.3168981312040674,0.0033010222000423,0.0099030666001271
2,16,96,0.25,0.2502,relu,3,2,20,0.208,42000,16,8000,83.3,3,0.1157712707519529,4.76629541015625,4.650524139404297,0.4653520333657089,0.0048474170142261,0.0145422510426784
2,16,96,0.25,0.2536,relu,4,2,20,0.208,59500,16,8000,83.3,3,0.1141511344909664,4.62931884765625,4.515167713165283,0.3682462446574737,0.0038358983818486,0.011507695145546
2,16,96,0.5,0.5089,identity,0,2,20,0.208,79000,16,8000,83.3,2,0.0993765983581544,4.706203857421875,4.606827259063721,0.3367604455282507,0.0035079213075859,0.0070158426151718
2,16,96,0.5,0.5007,identity,1,2,20,0.208,40000,16,8000,83.3,2,0.112601947784424,5.148822021484375,5.036220073699951,0.3010633977634528,0.0031360770600359,0.0062721541200719
2,16,96,0.5,0.516,identity,2,2,20,0.208,77000,16,8000,83.3,2,0.0946546287536618,4.91205126953125,4.817396640777588,0.3612281314772362,0.0037627930362212,0.0075255860724424
2,16,96,0.5,0.5002,identity,3,2,20,0.208,72500,16,8000,83.3,2,0.0944681587219236,5.06449560546875,4.970027446746826,0.5082718619433013,0.0052944985619093,0.0105889971238187
2,16,96,0.5,0.5048,identity,4,2,20,0.208,60500,16,8000,83.3,2,0.0989873237609861,4.9439384765625,4.844951152801514,0.2843419547992422,0.0029618953624921,0.0059237907249842
2,16,96,0.5,0.5089,relu,0,2,20,0.208,47000,16,8000,83.3,3,0.117719860076904,4.724547119140625,4.606827259063721,1.06940291431626,0.0111396136907943,0.0334188410723831
2,16,96,0.5,0.5007,relu,1,2,20,0.208,45000,16,8000,83.3,4,0.1095946235656741,5.145814697265625,5.036220073699951,1.2047630136654697,0.0125496147256819,0.0501984589027278
2,16,96,0.5,0.516,relu,2,2,20,0.208,49500,16,8000,83.3,4,0.1110276756286623,4.92842431640625,4.817396640777588,0.743097837096853,0.0077406024697588,0.0309624098790355
2,16,96,0.5,0.5002,relu,3,2,20,0.208,51500,16,8000,83.3,3,0.1060941352844242,5.07612158203125,4.970027446746826,1.3681856991524757,0.0142519343661716,0.0427558030985148
2,16,96,0.5,0.5048,relu,4,2,20,0.208,42500,16,8000,83.3,4,0.1109621772766109,4.955913330078125,4.844951152801514,1.598504506406042,0.0166510886083962,0.066604354433585
2,16,96,0.75,0.7562,identity,0,2,20,0.208,54500,16,8000,83.3,2,0.0917861633300782,5.091736572265625,4.999950408935547,0.898462014645716,0.0093589793192262,0.0187179586384524
2,16,96,0.75,0.7506,identity,1,2,20,0.208,94000,16,8000,83.3,3,0.077677406311035,5.616288818359375,5.53861141204834,1.9642836618844013,0.0204612881446291,0.0613838644338875
2,16,96,0.75,0.7625,identity,2,2,20,0.208,44000,16,8000,83.3,2,0.0918840484619138,5.260484130859375,5.168600082397461,0.7172066199868007,0.0074709022915291,0.0149418045830583
2,16,96,0.75,0.7501,identity,3,2,20,0.208,72500,16,8000,83.3,3,0.0815421562194824,5.4118916015625,5.330349445343018,1.268914055969698,0.0132178547496843,0.039653564249053
2,16,96,0.75,0.7537,identity,4,2,20,0.208,50000,16,8000,83.3,2,0.0878363876342769,5.356277587890625,5.268441200256348,0.4424945014948663,0.0046093177239048,0.0092186354478097
2,16,96,0.75,0.7562,relu,0,2,20,0.208,51500,16,8000,83.3,3,0.0989187316894533,5.098869140625,4.999950408935547,2.106283077989867,0.0219404487290611,0.0658213461871833
2,16,96,0.75,0.7506,relu,1,2,20,0.208,45500,16,8000,83.3,3,0.0926341934204098,5.63124560546875,5.53861141204834,4.14836103193938,0.0432120940827018,0.1296362822481056
2,16,96,0.75,0.7625,relu,2,2,20,0.208,52000,16,8000,83.3,4,0.0962524566650389,5.2648525390625,5.168600082397461,2.3279465403264727,0.0242494431284007,0.096997772513603
2,16,96,0.75,0.7501,relu,3,2,20,0.208,51500,16,8000,83.3,3,0.0909723320007325,5.42132177734375,5.330349445343018,2.6828628256254525,0.0279464877669318,0.0838394633007953
2,16,96,0.75,0.7537,relu,4,2,20,0.208,40000,16,8000,83.3,4,0.0953905868530275,5.363831787109375,5.268441200256348,4.122000188229637,0.0429375019607253,0.1717500078429015
2,16,96,1.0,1.0,identity,0,2,2,0.021,23000,16,8000,83.3,1,0.0389738578796388,5.46303515625,5.424061298370361,27.64121401232899,0.2879293126284269,0.2879293126284269
2,16,96,1.0,1.0,identity,1,2,2,0.021,35500,16,8000,83.3,1,0.0293311958312987,6.1102900390625,6.080958843231201,87.40788520830293,0.9104988042531555,0.9104988042531555
2,16,96,1.0,1.0,identity,2,2,2,0.021,36000,16,8000,83.3,1,0.0348330650329593,5.549331298828125,5.514498233795166,22.877737674553565,0.2383097674432663,0.2383097674432663
2,16,96,1.0,1.0,identity,3,2,2,0.021,21500,16,8000,83.3,1,0.0381112594604493,5.75521044921875,5.717099189758301,45.966526937591134,0.4788179889332409,0.4788179889332409
2,16,96,1.0,1.0,identity,4,2,2,0.021,37000,16,8000,83.3,1,0.0314235229492183,5.826993896484375,5.795570373535156,65.67855174514729,0.6841515806786176,0.6841515806786176
2,16,96,1.0,1.0,relu,0,2,2,0.021,47000,16,8000,83.3,1,0.0199594535827634,5.444020751953125,5.424061298370361,34.84704341881259,0.3629900356126311,0.3629900356126311
2,16,96,1.0,1.0,relu,1,2,2,0.021,27500,16,8000,83.3,1,0.0183709907531737,6.099329833984375,6.080958843231201,74.68316009826216,0.7779495843568975,0.7779495843568975
2,16,96,1.0,1.0,relu,2,2,2,0.021,40500,16,8000,83.3,2,0.0212864341735841,5.53578466796875,5.514498233795166,27.935004899435043,0.290989634369115,0.58197926873823
2,16,96,1.0,1.0,relu,3,2,2,0.021,29000,16,8000,83.3,2,0.0222513961791994,5.7393505859375,5.717099189758301,39.5775381578724,0.4122660224778374,0.8245320449556749
2,16,96,1.0,1.0,relu,4,2,2,0.021,28000,16,8000,83.3,1,0.0200519409179689,5.815622314453125,5.795570373535156,63.151627516988,0.6578294533019583,0.6578294533019583
2,32,16,0.0,0.0,identity,0,0,34,2.125,77500,16,8000,500.0,2,0.5955248832702633,4.70137939453125,4.105854511260986,0.0529245837199058,0.0033077864824941,0.0066155729649882
2,32,16,0.0,0.0,identity,1,0,34,2.125,106000,16,8000,500.0,2,0.5803371200561527,4.9297109375,4.349373817443848,0.0738076460929861,0.0046129778808116,0.0092259557616232
2,32,16,0.0,0.0,identity,2,0,34,2.125,86000,16,8000,500.0,2,0.5406429710388183,4.839660400390625,4.299017429351807,0.0517472841310277,0.0032342052581892,0.0064684105163784
2,32,16,0.0,0.0,identity,3,0,34,2.125,92500,16,8000,500.0,2,0.5003393745422366,4.87068115234375,4.370341777801514,0.0656319738237897,0.0041019983639868,0.0082039967279737
2,32,16,0.0,0.0,identity,4,0,34,2.125,87000,16,8000,500.0,2,0.4791378479003905,4.596291015625,4.117153167724609,0.0487801915579512,0.0030487619723719,0.0060975239447439
2,32,16,0.0,0.0,relu,0,0,34,2.125,129000,16,8000,500.0,2,0.6411933403015135,4.7470478515625,4.105854511260986,1.935351873106812,0.1209594920691757,0.2419189841383515
2,32,16,0.0,0.0,relu,1,0,34,2.125,150000,16,8000,500.0,2,0.6504425888061522,4.99981640625,4.349373817443848,1.3354389408613798,0.0834649338038362,0.1669298676076724
2,32,16,0.0,0.0,relu,2,0,34,2.125,117500,16,8000,500.0,2,0.6374471702575679,4.936464599609375,4.299017429351807,1.6345742105085248,0.1021608881567828,0.2043217763135656
2,32,16,0.0,0.0,relu,3,0,34,2.125,121000,16,8000,500.0,3,0.5813496284484865,4.95169140625,4.370341777801514,0.6831528204606253,0.042697051278789,0.1280911538363672
2,32,16,0.0,0.0,relu,4,0,34,2.125,150000,16,8000,500.0,3,0.5312140197753905,4.6483671875,4.117153167724609,1.564988742678758,0.0978117964174223,0.2934353892522671
2,32,16,0.25,0.2572,identity,0,2,36,2.25,104000,16,8000,500.0,2,0.5557102203369144,4.836676025390625,4.280965805053711,0.0543263826223854,0.003395398913899,0.0067907978277981
2,32,16,0.25,0.2506,identity,1,2,36,2.25,91000,16,8000,500.0,2,0.565608898162842,5.19628564453125,4.630676746368408,0.0787941108603461,0.0049246319287716,0.0098492638575432
2,32,16,0.25,0.2605,identity,2,2,36,2.25,86000,16,8000,500.0,2,0.505366065979004,5.042764404296875,4.537398338317871,0.0618845822470802,0.0038677863904425,0.007735572780885
2,32,16,0.25,0.2501,identity,3,2,36,2.25,88000,16,8000,500.0,2,0.4654701995849608,5.123927001953125,4.658456802368164,0.0833547989843133,0.0052096749365195,0.0104193498730391
2,32,16,0.25,0.2534,identity,4,2,36,2.25,93000,16,8000,500.0,2,0.4579202232360844,4.82837548828125,4.370455265045166,0.0546361417951538,0.0034147588621971,0.0068295177243942
2,32,16,0.25,0.2572,relu,0,2,36,2.25,139500,16,8000,500.0,2,0.624664066314697,4.90562939453125,4.280965328216553,2.5042810448832014,0.1565175653052,0.3130351306104001
2,32,16,0.25,0.2506,relu,1,2,36,2.25,150000,16,8000,500.0,3,0.6380268669128419,5.26870361328125,4.630676746368408,1.3496578426693853,0.0843536151668365,0.2530608455005097
2,32,16,0.25,0.2605,relu,2,2,36,2.25,150000,16,8000,500.0,2,0.5650967788696288,5.1024951171875,4.537398338317871,1.9539711282428736,0.1221231955151796,0.2442463910303592
2,32,16,0.25,0.2501,relu,3,2,36,2.25,141000,16,8000,500.0,3,0.5323596038818357,5.19081640625,4.658456802368164,1.2041329276436972,0.075258307977731,0.2257749239331932
2,32,16,0.25,0.2534,relu,4,2,36,2.25,150000,16,8000,500.0,3,0.5216028404235837,4.89205810546875,4.370455265045166,1.3618986138108484,0.085118663363178,0.2553559900895341
2,32,16,0.5,0.5093,identity,0,2,36,2.25,83000,16,8000,500.0,2,0.4347593002319332,5.068762939453125,4.634003639221191,0.0738399305722993,0.0046149956607687,0.0092299913215374
2,32,16,0.5,0.5009,identity,1,2,36,2.25,117500,16,8000,500.0,2,0.4315762710571285,5.437938232421875,5.006361961364746,0.0774720035219011,0.0048420002201188,0.0096840004402376
2,32,16,0.5,0.5134,identity,2,2,36,2.25,92500,16,8000,500.0,2,0.3839813079833982,5.2230869140625,4.839105606079102,0.069441335574357,0.0043400834733973,0.0086801669467946
2,32,16,0.5,0.5001,identity,3,2,36,2.25,79500,16,8000,500.0,2,0.364653667449951,5.446078857421875,5.081425189971924,0.0985816438016224,0.0061613527376014,0.0123227054752028
2,32,16,0.5,0.5045,identity,4,2,36,2.25,96000,16,8000,500.0,2,0.3497821922302249,5.028552734375,4.678770542144775,0.0624056242474714,0.0039003515154669,0.0078007030309339
2,32,16,0.5,0.5093,relu,0,2,36,2.25,137500,16,8000,500.0,3,0.4889699935913087,5.1229736328125,4.634003639221191,1.472136496098266,0.0920085310061416,0.2760255930184249
2,32,16,0.5,0.5009,relu,1,2,36,2.25,123000,16,8000,500.0,2,0.4973274917602541,5.503689453125,5.006361961364746,2.0432767891526136,0.1277047993220383,0.2554095986440767
2,32,16,0.5,0.5134,relu,2,2,36,2.25,116500,16,8000,500.0,2,0.4265169525146488,5.26562255859375,4.839105606079102,1.0374837243540955,0.0648427327721309,0.1296854655442619
2,32,16,0.5,0.5001,relu,3,2,36,2.25,150000,16,8000,500.0,2,0.4200284347534175,5.5014541015625,5.081425666809082,1.466213344326881,0.09163833402043,0.1832766680408601
2,32,16,0.5,0.5045,relu,4,2,36,2.25,131000,16,8000,500.0,3,0.3932458152770994,5.072016357421875,4.678770542144775,1.3482533553147358,0.0842658347071709,0.252797504121513
2,32,16,0.75,0.7568,identity,0,2,36,2.25,91000,16,8000,500.0,2,0.2592282981872555,5.347506591796875,5.088278293609619,0.0864478885345868,0.0054029930334116,0.0108059860668233
2,32,16,0.75,0.7508,identity,1,2,36,2.25,76000,16,8000,500.0,2,0.2613821182250975,5.738271728515625,5.476889610290527,0.0996430689903751,0.0062276918118984,0.0124553836237968
2,32,16,0.75,0.7593,identity,2,2,36,2.25,88500,16,8000,500.0,2,0.2259510459899898,5.4108212890625,5.18487024307251,0.0740376875480538,0.0046273554717533,0.0092547109435067
2,32,16,0.75,0.75,identity,3,2,36,2.25,77000,16,8000,500.0,2,0.2214201545715335,5.8227685546875,5.601348400115967,0.1860891682108487,0.011630573013178,0.023261146026356
2,32,16,0.75,0.7533,identity,4,2,36,2.25,88000,16,8000,500.0,2,0.2074111938476566,5.27237548828125,5.064964294433594,0.1604338298838563,0.010027114367741,0.020054228735482
2,32,16,0.75,0.7568,relu,0,2,36,2.25,108500,16,8000,500.0,2,0.3292712669372557,5.417549560546875,5.088278293609619,3.1383256246599665,0.1961453515412479,0.3922907030824958
2,32,16,0.75,0.7508,relu,1,2,36,2.25,135000,16,8000,500.0,2,0.3010884170532231,5.77797802734375,5.476889610290527,2.209548132435453,0.1380967582772158,0.2761935165544316
2,32,16,0.75,0.7593,relu,2,2,36,2.25,103000,16,8000,500.0,2,0.2971910362243655,5.482061279296875,5.18487024307251,2.0204579348213385,0.1262786209263336,0.2525572418526673
2,32,16,0.75,0.75,relu,3,2,36,2.25,118000,16,8000,500.0,2,0.2786403923034664,5.87998974609375,5.601349353790283,1.9080127067773165,0.1192507941735822,0.2385015883471645
2,32,16,0.75,0.7533,relu,4,2,36,2.25,130000,16,8000,500.0,3,0.2405059204101558,5.30547021484375,5.064964294433594,1.5956311076720524,0.0997269442295032,0.2991808326885098
2,32,16,1.0,1.0,identity,0,2,2,0.125,65000,16,8000,500.0,1,0.0157629470825195,5.675349853515625,5.6595869064331055,10.31562482707086,0.6447265516919287,0.6447265516919287
2,32,16,1.0,1.0,identity,1,2,2,0.125,35000,16,8000,500.0,1,0.0192137374877932,6.0451279296875,6.025914192199707,14.058769566926085,0.8786730979328802,0.8786730979328802
2,32,16,1.0,1.0,identity,2,2,2,0.125,62000,16,8000,500.0,2,0.0165218048095701,5.534357421875,5.51783561706543,1.281029814167011,0.0800643633854381,0.1601287267708763
2,32,16,1.0,1.0,identity,3,2,2,0.125,39500,16,8000,500.0,1,0.0174025230407712,6.221399658203125,6.2039971351623535,9.09650124775848,0.568531327984905,0.568531327984905
2,32,16,1.0,1.0,identity,4,2,2,0.125,67000,16,8000,500.0,1,0.0153519096374514,5.544653076171875,5.529301166534424,10.24256129792785,0.6401600811204906,0.6401600811204906
2,32,16,1.0,1.0,relu,0,2,2,0.125,48000,16,8000,500.0,1,0.0148894119262692,5.674476318359375,5.6595869064331055,6.956264928470578,0.4347665580294111,0.4347665580294111
2,32,16,1.0,1.0,relu,1,2,2,0.125,58000,16,8000,500.0,1,0.0130335617065426,6.03894775390625,6.025914192199707,9.943446308542368,0.6214653942838979,0.6214653942838979
2,32,16,1.0,1.0,relu,2,2,2,0.125,52500,16,8000,500.0,2,0.0152254180908206,5.53306103515625,5.51783561706543,4.106253308415644,0.2566408317759777,0.5132816635519555
2,32,16,1.0,1.0,relu,3,2,2,0.125,52000,16,8000,500.0,1,0.0136263999938961,6.21762353515625,6.2039971351623535,6.366711075089714,0.3979194421931071,0.3979194421931071
2,32,16,1.0,1.0,relu,4,2,2,0.125,44500,16,8000,500.0,1,0.0157662162780765,5.5450673828125,5.529301166534424,11.96919426403005,0.7480746415018781,0.7480746415018781
2,32,32,0.0,0.0,identity,0,0,34,1.062,107000,16,8000,250.0,2,0.1202231254577634,4.22607763671875,4.105854511260986,0.0366782834270609,0.0011461963570956,0.0022923927141913
2,32,32,0.0,0.0,identity,1,0,34,1.062,105500,16,8000,250.0,2,0.1175038681030269,4.466877685546875,4.349373817443848,0.0431973358057164,0.0013499167439286,0.0026998334878572
2,32,32,0.0,0.0,identity,2,0,34,1.062,69500,16,8000,250.0,2,0.1220169944763185,4.421034423828125,4.299017429351807,0.028885329136988,0.0009026665355308,0.0018053330710617
2,32,32,0.0,0.0,identity,3,0,34,1.062,104000,16,8000,250.0,2,0.1119961128234861,4.482337890625,4.370341777801514,0.0477332076379949,0.0014916627386873,0.0029833254773746
2,32,32,0.0,0.0,identity,4,0,34,1.062,85500,16,8000,250.0,2,0.114390045166016,4.231543212890625,4.117153167724609,0.0381886140867903,0.0011933941902121,0.0023867883804243
2,32,32,0.0,0.0,relu,0,0,34,1.062,77000,16,8000,250.0,2,0.1833395805358888,4.289194091796875,4.105854511260986,0.0720914813949656,0.0022528587935926,0.0045057175871853
2,32,32,0.0,0.0,relu,1,0,34,1.062,113500,16,8000,250.0,3,0.1789782333374026,4.52835205078125,4.349373817443848,0.3163770673478488,0.0098867833546202,0.0296603500638608
2,32,32,0.0,0.0,relu,2,0,34,1.062,95000,16,8000,250.0,3,0.1668338890075684,4.465851318359375,4.299017429351807,0.6438867363824113,0.0201214605119503,0.060364381535851
2,32,32,0.0,0.0,relu,3,0,34,1.062,102500,16,8000,250.0,3,0.1658493843078616,4.536191162109375,4.370341777801514,0.2516857583236339,0.0078651799476135,0.0235955398428406
2,32,32,0.0,0.0,relu,4,0,34,1.062,104500,16,8000,250.0,3,0.1592218322753904,4.276375,4.117153167724609,0.2482937642969818,0.0077591801342806,0.023277540402842
2,32,32,0.25,0.2572,identity,0,2,36,1.125,68000,16,8000,250.0,2,0.1474272613525391,4.42839306640625,4.280965805053711,0.0361771290078154,0.0011305352814942,0.0022610705629884
2,32,32,0.25,0.2506,identity,1,2,36,1.125,92500,16,8000,250.0,2,0.1445612907409668,4.775238037109375,4.630676746368408,0.0589898915298251,0.001843434110307,0.003686868220614
2,32,32,0.25,0.2605,identity,2,2,36,1.125,89000,16,8000,250.0,2,0.1314495620727536,4.668847900390625,4.537398338317871,0.034852939963703,0.0010891543738657,0.0021783087477314
2,32,32,0.25,0.2501,identity,3,2,36,1.125,88000,16,8000,250.0,2,0.1284055023193362,4.7868623046875,4.658456802368164,0.0591130527475849,0.001847282898362,0.003694565796724
2,32,32,0.25,0.2534,identity,4,2,36,1.125,73000,16,8000,250.0,2,0.135491512298584,4.50594677734375,4.370455265045166,0.0354968228782937,0.0011092757149466,0.0022185514298933
2,32,32,0.25,0.2572,relu,0,2,36,1.125,119000,16,8000,250.0,2,0.1878715858459472,4.4688369140625,4.280965328216553,0.0835172003322955,0.0026099125103842,0.0052198250207684
2,32,32,0.25,0.2506,relu,1,2,36,1.125,107500,16,8000,250.0,3,0.2200273551940919,4.8507041015625,4.630676746368408,0.5961937058781325,0.0186310533086916,0.0558931599260749
2,32,32,0.25,0.2605,relu,2,2,36,1.125,116500,16,8000,250.0,3,0.1833245620727535,4.720722900390625,4.537398338317871,0.4359578715792746,0.0136236834868523,0.0408710504605569
2,32,32,0.25,0.2501,relu,3,2,36,1.125,102500,16,8000,250.0,3,0.1861882171630862,4.84464501953125,4.658456802368164,0.3503677486916823,0.010948992146615,0.0328469764398452
2,32,32,0.25,0.2534,relu,4,2,36,1.125,123500,16,8000,250.0,3,0.1840759849548341,4.55453125,4.370455265045166,0.5564241254029484,0.0173882539188421,0.0521647617565264
2,32,32,0.5,0.5093,identity,0,2,36,1.125,79000,16,8000,250.0,2,0.1248100814819332,4.758813720703125,4.634003639221191,0.0442908916323381,0.0013840903635105,0.0027681807270211
2,32,32,0.5,0.5009,identity,1,2,36,1.125,69500,16,8000,250.0,2,0.1315972671508785,5.137959228515625,5.006361961364746,0.089039965594575,0.0027824989248304,0.0055649978496609
2,32,32,0.5,0.5134,identity,2,2,36,1.125,89000,16,8000,250.0,2,0.1144861907958985,4.953591796875,4.839105606079102,0.062890493576006,0.0019653279242501,0.0039306558485003
2,32,32,0.5,0.5001,identity,3,2,36,1.125,72000,16,8000,250.0,2,0.1271666069030761,5.208591796875,5.081425189971924,0.0990130316373547,0.0030941572386673,0.0061883144773346
2,32,32,0.5,0.5045,identity,4,2,36,1.125,76500,16,8000,250.0,2,0.1157106590270995,4.794481201171875,4.678770542144775,0.0714141479228967,0.0022316921225905,0.004463384245181
2,32,32,0.5,0.5093,relu,0,2,36,1.125,137000,16,8000,250.0,3,0.1711931381225584,4.80519677734375,4.634003639221191,0.9618389410053484,0.0300574669064171,0.0901724007192514
2,32,32,0.5,0.5009,relu,1,2,36,1.125,117500,16,8000,250.0,3,0.1948577651977538,5.2012197265625,5.006361961364746,0.6648373516546128,0.0207761672392066,0.0623285017176199
2,32,32,0.5,0.5134,relu,2,2,36,1.125,115500,16,8000,250.0,3,0.1701295013427737,5.009235107421875,4.839105606079102,0.7019477147227181,0.0219358660850849,0.0658075982552548
2,32,32,0.5,0.5001,relu,3,2,36,1.125,102500,16,8000,250.0,2,0.1649544601440427,5.246380126953125,5.081425666809082,0.3367384297404754,0.0105230759293898,0.0210461518587797
2,32,32,0.5,0.5045,relu,4,2,36,1.125,105000,16,8000,250.0,3,0.1671044578552249,4.845875,4.678770542144775,0.7236151207205581,0.0226129725225174,0.0678389175675523
2,32,32,0.75,0.7568,identity,0,2,36,1.125,79000,16,8000,250.0,2,0.0947309837341308,5.18300927734375,5.088278293609619,0.0709516014601922,0.002217237545631,0.004434475091262
2,32,32,0.75,0.7508,identity,1,2,36,1.125,67500,16,8000,250.0,2,0.1060015029907228,5.58289111328125,5.476889610290527,0.1893497391114457,0.0059171793472326,0.0118343586944653
2,32,32,0.75,0.7593,identity,2,2,36,1.125,88500,16,8000,250.0,2,0.087895137786865,5.272765380859375,5.18487024307251,0.1027671055675797,0.0032114720489868,0.0064229440979737
2,32,32,0.75,0.75,identity,3,2,36,1.125,92000,16,8000,250.0,2,0.0860036506652832,5.68735205078125,5.601348400115967,0.1563248204214523,0.0048851506381703,0.0097703012763407
2,32,32,0.75,0.7533,identity,4,2,36,1.125,74500,16,8000,250.0,2,0.0910508422851563,5.15601513671875,5.064964294433594,0.0925929117013197,0.0028935284906662,0.0057870569813324
2,32,32,0.75,0.7568,relu,0,2,36,1.125,119000,16,8000,250.0,3,0.1458388938903807,5.2341171875,5.088278293609619,1.2708572136519074,0.0397142879266221,0.1191428637798663
2,32,32,0.75,0.7508,relu,1,2,36,1.125,105500,16,8000,250.0,3,0.1535305557250978,5.630420166015625,5.476889610290527,0.9685780153271096,0.0302680629789721,0.0908041889369165
2,32,32,0.75,0.7593,relu,2,2,36,1.125,95500,16,8000,250.0,3,0.1408651084899901,5.3257353515625,5.18487024307251,1.0452699535623813,0.0326646860488244,0.0979940581464732
2,32,32,0.75,0.75,relu,3,2,36,1.125,105000,16,8000,250.0,2,0.1419836540222165,5.7433330078125,5.601349353790283,0.6483321720977426,0.0202603803780544,0.0405207607561089
2,32,32,0.75,0.7533,relu,4,2,36,1.125,114500,16,8000,250.0,3,0.1393338012695313,5.204298095703125,5.064964294433594,1.0416708745042824,0.0325522148282588,0.0976566444847764
2,32,32,1.0,1.0,identity,0,2,2,0.062,47500,16,8000,250.0,1,0.0204924392700194,5.680079345703125,5.6595869064331055,17.663784081051016,0.5519932525328443,0.5519932525328443
2,32,32,1.0,1.0,identity,1,2,2,0.062,43500,16,8000,250.0,1,0.0192527999877931,6.0451669921875,6.025914192199707,23.632631645489784,0.7385197389215558,0.7385197389215558
2,32,32,1.0,1.0,identity,2,2,2,0.062,38000,16,8000,250.0,1,0.0224798126220706,5.5403154296875,5.51783561706543,4.326775009737196,0.1352117190542873,0.1352117190542873
2,32,32,1.0,1.0,identity,3,2,2,0.062,41500,16,8000,250.0,1,0.0183261070251461,6.2223232421875,6.2039971351623535,16.686736786027204,0.5214605245633501,0.5214605245633501
2,32,32,1.0,1.0,identity,4,2,2,0.062,60000,16,8000,250.0,1,0.0178616752624511,5.547162841796875,5.529301166534424,12.985347856730003,0.4057921205228126,0.4057921205228126
2,32,32,1.0,1.0,relu,0,2,2,0.062,45500,16,8000,250.0,1,0.0159221267700191,5.675509033203125,5.6595869064331055,13.891858650165808,0.4341205828176814,0.4341205828176814
2,32,32,1.0,1.0,relu,1,2,2,0.062,52000,16,8000,250.0,1,0.0150633468627932,6.0409775390625,6.025914192199707,20.947247770761752,0.6546014928363048,0.6546014928363048
2,32,32,1.0,1.0,relu,2,2,2,0.062,47500,16,8000,250.0,2,0.0171555938720704,5.5349912109375,5.51783561706543,7.679490555477419,0.2399840798586693,0.4799681597173387
2,32,32,1.0,1.0,relu,3,2,2,0.062,41000,16,8000,250.0,1,0.0160807456970211,6.220077880859375,6.2039971351623535,14.171492324457382,0.4428591351392932,0.4428591351392932
2,32,32,1.0,1.0,relu,4,2,2,0.062,42000,16,8000,250.0,2,0.0169058647155759,5.54620703125,5.529301166534424,13.170570322265068,0.4115803225707833,0.8231606451415667
2,32,64,0.0,0.0,identity,0,0,34,0.531,53000,16,8000,125.0,2,0.1404484672546386,4.246302978515625,4.105854511260986,0.1173283679867204,0.0018332557497925,0.003666511499585
2,32,64,0.0,0.0,identity,1,0,34,0.531,42500,16,8000,125.0,2,0.1419469833374025,4.49132080078125,4.349373817443848,0.0989479928848972,0.0015460623888265,0.003092124777653
2,32,64,0.0,0.0,identity,2,0,34,0.531,46500,16,8000,125.0,2,0.1370084495544432,4.43602587890625,4.299017429351807,0.0798980833838762,0.001248407552873,0.0024968151057461
2,32,64,0.0,0.0,identity,3,0,34,0.531,40500,16,8000,125.0,2,0.1326484565734862,4.502990234375,4.370341777801514,0.1632358881108659,0.0025505607517322,0.0051011215034645
2,32,64,0.0,0.0,identity,4,0,34,0.531,49500,16,8000,125.0,2,0.1297486877441409,4.24690185546875,4.117153167724609,0.1316567315413928,0.0020571364303342,0.0041142728606685
2,32,64,0.0,0.0,relu,0,0,34,0.531,53500,16,8000,125.0,3,0.153943584442139,4.259798095703125,4.105854511260986,0.1928686228573413,0.0030135722321459,0.0090407166964378
2,32,64,0.0,0.0,relu,1,0,34,0.531,64000,16,8000,125.0,3,0.147498985290527,4.496872802734375,4.349373817443848,0.1841129492775364,0.0028767648324615,0.0086302944973845
2,32,64,0.0,0.0,relu,2,0,34,0.531,77000,16,8000,125.0,4,0.1392535667419432,4.43827099609375,4.299017429351807,0.2523183119815437,0.0039424736247116,0.0157698944988464
2,32,64,0.0,0.0,relu,3,0,34,0.531,79500,16,8000,125.0,3,0.1314258003234867,4.501767578125,4.370341777801514,0.1900354424331492,0.0029693037880179,0.0089079113640538
2,32,64,0.0,0.0,relu,4,0,34,0.531,57500,16,8000,125.0,3,0.1380687561035154,4.255221923828125,4.117153167724609,0.1323319388311553,0.0020676865442368,0.0062030596327104
2,32,64,0.25,0.2572,identity,0,2,36,0.562,54500,16,8000,125.0,2,0.1372346343994142,4.418200439453125,4.280965805053711,0.0971554541465573,0.0015180539710399,0.0030361079420799
2,32,64,0.25,0.2506,identity,1,2,36,0.562,59000,16,8000,125.0,2,0.1339848747253418,4.76466162109375,4.630676746368408,0.1098706657511612,0.0017167291523618,0.0034334583047237
2,32,64,0.25,0.2605,identity,2,2,36,0.562,49000,16,8000,125.0,2,0.1363138198852542,4.673712158203125,4.537398338317871,0.0820915516845513,0.0012826804950711,0.0025653609901422
2,32,64,0.25,0.2501,identity,3,2,36,0.562,60000,16,8000,125.0,2,0.1235778656005859,4.78203466796875,4.658456802368164,0.2005933028369363,0.0031342703568271,0.0062685407136542
2,32,64,0.25,0.2534,identity,4,2,36,0.562,49500,16,8000,125.0,2,0.1290840415954592,4.499539306640625,4.370455265045166,0.1234530701676062,0.0019289542213688,0.0038579084427376
2,32,64,0.25,0.2572,relu,0,2,36,0.562,76000,16,8000,125.0,3,0.145451175689697,4.42641650390625,4.280965328216553,0.4034899855331115,0.0063045310239548,0.0189135930718646
2,32,64,0.25,0.2506,relu,1,2,36,0.562,78000,16,8000,125.0,3,0.1436401481628415,4.77431689453125,4.630676746368408,0.3136309616151959,0.0049004837752374,0.0147014513257123
2,32,64,0.25,0.2605,relu,2,2,36,0.562,61000,16,8000,125.0,3,0.1495516128540037,4.686949951171875,4.537398338317871,0.3669964506482637,0.0057343195413791,0.0172029586241373
2,32,64,0.25,0.2501,relu,3,2,36,0.562,52500,16,8000,125.0,3,0.1387785491943356,4.7972353515625,4.658456802368164,0.2159399549625717,0.0033740617962901,0.0101221853888705
2,32,64,0.25,0.2534,relu,4,2,36,0.562,60500,16,8000,125.0,3,0.1439985923767093,4.514453857421875,4.370455265045166,0.3655437387124713,0.0057116209173823,0.017134862752147
2,32,64,0.5,0.5093,identity,0,2,36,0.562,54500,16,8000,125.0,2,0.1232695541381838,4.757273193359375,4.634003639221191,0.1840506644533344,0.0028757916320833,0.0057515832641667
2,32,64,0.5,0.5009,identity,1,2,36,0.562,44000,16,8000,125.0,2,0.1255718765258793,5.131933837890625,5.006361961364746,0.1150269315383696,0.001797295805287,0.003594591610574
2,32,64,0.5,0.5134,identity,2,2,36,0.562,61000,16,8000,125.0,2,0.1199996185302731,4.959105224609375,4.839105606079102,0.1406870574249938,0.0021982352722655,0.004396470544531
2,32,64,0.5,0.5001,identity,3,2,36,0.562,44000,16,8000,125.0,2,0.1181878471374515,5.199613037109375,5.081425189971924,0.2828344900533402,0.0044192889070834,0.0088385778141668
2,32,64,0.5,0.5045,identity,4,2,36,0.562,76500,16,8000,125.0,2,0.1117360496520998,4.790506591796875,4.678770542144775,0.1960813563557266,0.0030637711930582,0.0061275423861164
2,32,64,0.5,0.5093,relu,0,2,36,0.562,73500,16,8000,125.0,3,0.1345193099975583,4.76852294921875,4.634003639221191,1.0491568622148348,0.0163930759721067,0.0491792279163203
2,32,64,0.5,0.5009,relu,1,2,36,0.562,64500,16,8000,125.0,3,0.1355857925415042,5.14194775390625,5.006361961364746,0.6171371622601624,0.009642768160315,0.0289283044809451
2,32,64,0.5,0.5134,relu,2,2,36,0.562,57500,16,8000,125.0,4,0.1395069427490236,4.978612548828125,4.839105606079102,0.741695845390336,0.011588997584224,0.046355990336896
2,32,64,0.5,0.5001,relu,3,2,36,0.562,65000,16,8000,125.0,3,0.1274288253784181,5.2088544921875,5.081425666809082,0.474234788210172,0.0074099185657839,0.0222297556973518
2,32,64,0.5,0.5045,relu,4,2,36,0.562,66000,16,8000,125.0,3,0.1298810691833498,4.808651611328125,4.678770542144775,0.6802345636205857,0.0106286650565716,0.0318859951697149
2,32,64,0.75,0.7568,identity,0,2,36,0.562,40000,16,8000,125.0,2,0.106934597015381,5.195212890625,5.088278293609619,0.3229576640873309,0.0050462135013645,0.010092427002729
2,32,64,0.75,0.7508,identity,1,2,36,0.562,46500,16,8000,125.0,2,0.104581092834473,5.581470703125,5.476889610290527,0.3514318688467237,0.00549112295073,0.0109822459014601
2,32,64,0.75,0.7593,identity,2,2,36,0.562,61000,16,8000,125.0,2,0.0982254600524905,5.283095703125,5.18487024307251,0.1912895805214363,0.0029888996956474,0.0059777993912948
2,32,64,0.75,0.75,identity,3,2,36,0.562,57000,16,8000,125.0,2,0.0955934944152829,5.69694189453125,5.601348400115967,0.3332338932065198,0.0052067795813518,0.0104135591627037
2,32,64,0.75,0.7533,identity,4,2,36,0.562,49000,16,8000,125.0,2,0.0986316528320312,5.163595947265625,5.064964294433594,0.2705554813041604,0.0042274293953775,0.008454858790755
2,32,64,0.75,0.7568,relu,0,2,36,0.562,73500,16,8000,125.0,3,0.1186616477966309,5.20693994140625,5.088278293609619,1.7843137755069212,0.0278799027422956,0.0836397082268869
2,32,64,0.75,0.7508,relu,1,2,36,0.562,72500,16,8000,125.0,3,0.1160300674438472,5.592919677734375,5.476889610290527,1.1738993448599837,0.0183421772634372,0.0550265317903117
2,32,64,0.75,0.7593,relu,2,2,36,0.562,88000,16,8000,125.0,4,0.1150262413024902,5.299896484375,5.18487024307251,1.6868364819760424,0.0263568200308756,0.1054272801235026
2,32,64,0.75,0.75,relu,3,2,36,0.562,83500,16,8000,125.0,3,0.1101482048034672,5.71149755859375,5.601349353790283,1.119998661510167,0.0174999790860963,0.052499937258289
2,32,64,0.75,0.7533,relu,4,2,36,0.562,80000,16,8000,125.0,3,0.1119260864257816,5.176890380859375,5.064964294433594,1.2769919395525644,0.0199529990555088,0.0598589971665264
2,32,64,1.0,1.0,identity,0,2,2,0.031,47500,16,8000,125.0,1,0.0262905349731443,5.68587744140625,5.6595869064331055,33.126732534667546,0.5176051958541804,0.5176051958541804
2,32,64,1.0,1.0,identity,1,2,2,0.031,35000,16,8000,125.0,1,0.0259998703002928,6.0519140625,6.025914192199707,51.60024360428511,0.8062538063169549,0.8062538063169549
2,32,64,1.0,1.0,identity,2,2,2,0.031,36000,16,8000,125.0,1,0.0284368438720701,5.5462724609375,5.51783561706543,11.762139887642522,0.1837834357444144,0.1837834357444144
2,32,64,1.0,1.0,identity,3,2,2,0.031,30000,16,8000,125.0,1,0.0275719566345218,6.231569091796875,6.2039971351623535,36.094451982845065,0.5639758122319541,0.5639758122319541
2,32,64,1.0,1.0,identity,4,2,2,0.031,38000,16,8000,125.0,1,0.0268851127624509,5.556186279296875,5.529301166534424,29.620977477309577,0.4628277730829621,0.4628277730829621
2,32,64,1.0,1.0,relu,0,2,2,0.031,43500,16,8000,125.0,1,0.0188510818481448,5.67843798828125,5.6595869064331055,27.246086922300684,0.4257201081609482,0.4257201081609482
2,32,64,1.0,1.0,relu,1,2,2,0.031,26000,16,8000,125.0,1,0.0214742355346677,6.047388427734375,6.025914192199707,32.96636128995326,0.5150993951555197,0.5150993951555197
2,32,64,1.0,1.0,relu,2,2,2,0.031,46000,16,8000,125.0,1,0.0197029571533207,5.53753857421875,5.51783561706543,23.861716999382782,0.372839328115356,0.372839328115356
2,32,64,1.0,1.0,relu,3,2,2,0.031,27500,16,8000,125.0,1,0.0208029136657712,6.224800048828125,6.2039971351623535,27.314070601155635,0.4267823531430568,0.4267823531430568
2,32,64,1.0,1.0,relu,4,2,2,0.031,44500,16,8000,125.0,2,0.0184297904968264,5.54773095703125,5.529301166534424,24.50243345507772,0.3828505227355894,0.7657010454711788
2,32,96,0.0,0.0,identity,0,0,34,0.354,53500,16,8000,83.3,2,0.1633317680358885,4.269186279296875,4.105854511260986,0.1426240716067696,0.0014856674125705,0.002971334825141
2,32,96,0.0,0.0,identity,1,0,34,0.354,53000,16,8000,83.3,3,0.1602316513061525,4.50960546875,4.349373817443848,0.2230919031539421,0.0023238739911868,0.0069716219735606
2,32,96,0.0,0.0,identity,2,0,34,0.354,60500,16,8000,83.3,2,0.1521324729919433,4.45114990234375,4.299017429351807,0.1617099998925772,0.0016844791655476,0.0033689583310953
2,32,96,0.0,0.0,identity,3,0,34,0.354,56500,16,8000,83.3,3,0.1476028022766113,4.517944580078125,4.370341777801514,0.2460320587551027,0.0025628339453656,0.0076885018360969
2,32,96,0.0,0.0,identity,4,0,34,0.354,49500,16,8000,83.3,2,0.152340728759766,4.269493896484375,4.117153167724609,0.2547284049639,0.0026534208850406,0.0053068417700812
2,32,96,0.0,0.0,relu,0,0,34,0.354,47500,16,8000,83.3,3,0.1730092582702633,4.27886376953125,4.105854511260986,0.1747511974147109,0.0018203249730699,0.0054609749192097
2,32,96,0.0,0.0,relu,1,0,34,0.354,65500,16,8000,83.3,3,0.1640465927124026,4.51342041015625,4.349373817443848,0.2656200800584308,0.0027668758339419,0.0083006275018259
2,32,96,0.0,0.0,relu,2,0,34,0.354,56500,16,8000,83.3,4,0.1639879417419436,4.46300537109375,4.299017429351807,0.1773961851593143,0.0018478769287428,0.0073915077149714
2,32,96,0.0,0.0,relu,3,0,34,0.354,60000,16,8000,83.3,3,0.156560077667236,4.52690185546875,4.370341777801514,0.1516351718495929,0.0015795330400999,0.0047385991202997
2,32,96,0.0,0.0,relu,4,0,34,0.354,62000,16,8000,83.3,3,0.1577057189941406,4.27485888671875,4.117153167724609,0.3278762315361652,0.003415377411835,0.0102461322355051
2,32,96,0.25,0.2572,identity,0,2,36,0.375,44000,16,8000,83.3,2,0.1694438629150392,4.45040966796875,4.280965805053711,0.1746537720597466,0.0018193101256223,0.0036386202512447
2,32,96,0.25,0.2506,identity,1,2,36,0.375,85500,16,8000,83.3,2,0.1452248649597169,4.775901611328125,4.630676746368408,0.1456003007694394,0.0015166697996816,0.0030333395993633
2,32,96,0.25,0.2605,identity,2,2,36,0.375,49000,16,8000,83.3,2,0.1614009780883787,4.69879931640625,4.537398338317871,0.1430308484358583,0.0014899046712068,0.0029798093424137
2,32,96,0.25,0.2501,identity,3,2,36,0.375,47500,16,8000,83.3,2,0.1480121917724606,4.806468994140625,4.658456802368164,0.2675031289425122,0.0027864909264845,0.005572981852969
2,32,96,0.25,0.2534,identity,4,2,36,0.375,49500,16,8000,83.3,2,0.1496492271423344,4.5201044921875,4.370455265045166,0.1820099865833356,0.001895937360243,0.0037918747204861
2,32,96,0.25,0.2572,relu,0,2,36,0.375,44000,16,8000,83.3,3,0.1772753944396976,4.45824072265625,4.280965328216553,0.5000232271867423,0.0052085752831952,0.0156257258495856
2,32,96,0.25,0.2506,relu,1,2,36,0.375,58000,16,8000,83.3,3,0.1682829704284669,4.798959716796875,4.630676746368408,0.3816745708865237,0.0039757767800679,0.0119273303402038
2,32,96,0.25,0.2605,relu,2,2,36,0.375,74000,16,8000,83.3,3,0.1650076675415039,4.702406005859375,4.537398338317871,0.2561554973256155,0.0026682864304751,0.0080048592914254
2,32,96,0.25,0.2501,relu,3,2,36,0.375,52500,16,8000,83.3,3,0.1580698089599606,4.816526611328125,4.658456802368164,0.3297221548531904,0.0034346057797207,0.0103038173391622
2,32,96,0.25,0.2534,relu,4,2,36,0.375,55000,16,8000,83.3,3,0.1631572837829589,4.533612548828125,4.370455265045166,0.3451250494120831,0.0035950525980425,0.0107851577941275
2,32,96,0.5,0.5093,identity,0,2,36,0.375,54500,16,8000,83.3,2,0.1429760971069331,4.776979736328125,4.634003639221191,0.3381444896481874,0.0035223384338352,0.0070446768676705
2,32,96,0.5,0.5009,identity,1,2,36,0.375,61000,16,8000,83.3,2,0.1401814956665035,5.14654345703125,5.006361961364746,0.1945919985922934,0.0020269999853363,0.0040539999706727
2,32,96,0.5,0.5134,identity,2,2,36,0.375,67500,16,8000,83.3,2,0.1357576751708986,4.97486328125,4.839105606079102,0.2288396769074293,0.0023837466344523,0.0047674932689047
2,32,96,0.5,0.5001,identity,3,2,36,0.375,61500,16,8000,83.3,2,0.1284712944030763,5.209896484375,5.081425189971924,0.4013149827117639,0.0041803644032475,0.008360728806495
2,32,96,0.5,0.5045,identity,4,2,36,0.375,42000,16,8000,83.3,2,0.1445395164489742,4.82331005859375,4.678770542144775,0.2292959260734204,0.0023884992299314,0.0047769984598629
2,32,96,0.5,0.5093,relu,0,2,36,0.375,68500,16,8000,83.3,3,0.1564668197631835,4.790470458984375,4.634003639221191,1.058760386748112,0.0110287540286261,0.0330862620858785
2,32,96,0.5,0.5009,relu,1,2,36,0.375,49500,16,8000,83.3,3,0.1583123550415042,5.16467431640625,5.006361961364746,0.7922511283396816,0.008252615920205,0.024757847760615
2,32,96,0.5,0.5134,relu,2,2,36,0.375,57500,16,8000,83.3,4,0.1574581146240232,4.996563720703125,4.839105606079102,0.8077821110303883,0.0084143969898998,0.0336575879595995
2,32,96,0.5,0.5001,relu,3,2,36,0.375,56000,16,8000,83.3,3,0.1465435714721676,5.22796923828125,5.081425666809082,0.8486485497833195,0.0088400890602429,0.0265202671807287
2,32,96,0.5,0.5045,relu,4,2,36,0.375,60500,16,8000,83.3,3,0.1501274070739748,4.82889794921875,4.678770542144775,0.7553000826681747,0.0078677091944601,0.0236031275833804
2,32,96,0.75,0.7568,identity,0,2,36,0.375,40000,16,8000,83.3,3,0.1261206321716308,5.21439892578125,5.088278293609619,2.1385603739375254,0.0222766705618492,0.0668300116855476
2,32,96,0.75,0.7508,identity,1,2,36,0.375,54000,16,8000,83.3,2,0.1178042373657231,5.59469384765625,5.476889610290527,0.4574269313390962,0.0047648638681155,0.0095297277362311
2,32,96,0.75,0.7593,identity,2,2,36,0.375,90000,16,8000,83.3,3,0.1033345909118654,5.288204833984375,5.18487024307251,1.522068253971631,0.0158548776455378,0.0475646329366134
2,32,96,0.75,0.75,identity,3,2,36,0.375,57000,16,8000,83.3,2,0.1100576057434086,5.711406005859375,5.601348400115967,0.6559879079672146,0.0068332073746584,0.0136664147493169
2,32,96,0.75,0.7533,identity,4,2,36,0.375,74500,16,8000,83.3,2,0.1034536743164062,5.16841796875,5.064964294433594,0.5848362451490193,0.0060920442203022,0.0121840884406045
2,32,96,0.75,0.7568,relu,0,2,36,0.375,58000,16,8000,83.3,3,0.1385720481872558,5.226850341796875,5.088278293609619,2.4843630106890093,0.0258787813613438,0.0776363440840315
2,32,96,0.75,0.7508,relu,1,2,36,0.375,59000,16,8000,83.3,3,0.1375141983032231,5.61440380859375,5.476889610290527,2.0293006241633798,0.0211385481683685,0.0634156445051056
2,32,96,0.75,0.7593,relu,2,2,36,0.375,57000,16,8000,83.3,4,0.1387427940368653,5.323613037109375,5.18487024307251,2.1027052797904298,0.0219031799978169,0.0876127199912679
2,32,96,0.75,0.75,relu,3,2,36,0.375,57500,16,8000,83.3,3,0.1337280387878419,5.735077392578125,5.601349353790283,1.506784051875845,0.01569566720704,0.0470870016211201
2,32,96,0.75,0.7533,relu,4,2,36,0.375,60000,16,8000,83.3,4,0.131799133300781,5.196763427734375,5.064964294433594,2.988610036158796,0.0311313545433207,0.1245254181732831
2,32,96,1.0,1.0,identity,0,2,2,0.021,31000,16,8000,83.3,1,0.0348510818481448,5.69443798828125,5.6595869064331055,38.38454455599176,0.3998390057915808,0.3998390057915808
2,32,96,1.0,1.0,identity,1,2,2,0.021,35000,16,8000,83.3,1,0.0323897628784175,6.058303955078125,6.025914192199707,71.74565558651248,0.7473505790261717,0.7473505790261717
2,32,96,1.0,1.0,identity,2,2,2,0.021,36000,16,8000,83.3,2,0.0359597930908206,5.55379541015625,5.51783561706543,14.566095902252552,0.1517301656484641,0.3034603312969282
2,32,96,1.0,1.0,identity,3,2,2,0.021,17000,16,8000,83.3,1,0.0394467124938966,6.24344384765625,6.2039971351623535,42.26794497036343,0.4402910934412857,0.4402910934412857
2,32,96,1.0,1.0,identity,4,2,2,0.021,50000,16,8000,83.3,1,0.0313209037780763,5.5606220703125,5.529301166534424,32.896832960974294,0.3426753433434822,0.3426753433434822
2,32,96,1.0,1.0,relu,0,2,2,0.021,34000,16,8000,83.3,1,0.0219253005981441,5.68151220703125,5.6595869064331055,34.67918302925404,0.3612414898880629,0.3612414898880629
2,32,96,1.0,1.0,relu,1,2,2,0.021,28000,16,8000,83.3,1,0.0221800460815426,6.04809423828125,6.025914192199707,47.776604154063065,0.4976729599381569,0.4976729599381569
2,32,96,1.0,1.0,relu,2,2,2,0.021,47500,16,8000,83.3,2,0.0198877716064451,5.537723388671875,5.51783561706543,23.131721987068943,0.2409554373653014,0.4819108747306029
2,32,96,1.0,1.0,relu,3,2,2,0.021,41000,16,8000,83.3,1,0.0191769371032712,6.223174072265625,6.2039971351623535,32.92849325901913,0.3430051381147825,0.3430051381147825
2,32,96,1.0,1.0,relu,4,2,2,0.021,22500,16,8000,83.3,2,0.025403179168701,5.554704345703125,5.529301166534424,37.16744017414975,0.3871608351473932,0.7743216702947865
4,1,16,0.0,0.0,identity,0,0,5,0.312,61000,16,8000,500.0,4,0.0311983451843262,4.52790673828125,4.496708393096924,0.1818694131400327,0.011366838321252,0.0454673532850081
4,1,16,0.0,0.0,identity,1,0,5,0.312,59000,16,8000,500.0,3,0.0305352172851565,4.279123779296875,4.248588562011719,0.2030081538907515,0.0126880096181719,0.0380640288545159
4,1,16,0.0,0.0,identity,2,0,5,0.312,66000,16,8000,500.0,4,0.029203815460205,4.44105712890625,4.411853313446045,0.2367019949616127,0.0147938746851007,0.0591754987404031
4,1,16,0.0,0.0,identity,3,0,5,0.312,56500,16,8000,500.0,3,0.0318177032470705,4.48947265625,4.45765495300293,0.3504326637399145,0.0219020414837446,0.0657061244512339
4,1,16,0.0,0.0,identity,4,0,5,0.312,46500,16,8000,500.0,3,0.0356120338439938,4.283698486328125,4.248086452484131,0.5664583526824581,0.0354036470426536,0.1062109411279609
4,1,16,0.0,0.0,relu,0,0,5,0.312,50500,16,8000,500.0,5,0.0289720268249515,4.525680419921875,4.496708393096924,0.2801130814348677,0.0175070675896792,0.0875353379483961
4,1,16,0.0,0.0,relu,1,0,5,0.312,72500,16,8000,500.0,5,0.0238644409179684,4.272453002929687,4.248588562011719,0.2551333121155854,0.015945832007224,0.0797291600361204
4,1,16,0.0,0.0,relu,2,0,5,0.312,59000,16,8000,500.0,5,0.0245917549133301,4.436445068359375,4.411853313446045,0.063790662082788,0.0039869163801742,0.0199345819008712
4,1,16,0.0,0.0,relu,3,0,5,0.312,69500,16,8000,500.0,4,0.0266978302001952,4.484352783203125,4.45765495300293,0.1678299263960105,0.0104893703997506,0.0419574815990026
4,1,16,0.0,0.0,relu,4,0,5,0.312,63500,16,8000,500.0,5,0.0270014381408687,4.275087890625,4.248086452484131,0.2931194022692885,0.0183199626418305,0.0915998132091526
4,1,16,0.25,0.2553,identity,0,1,6,0.375,60000,16,8000,500.0,4,0.034823558807373,4.92159619140625,4.886772632598877,0.3636927359037578,0.0227307959939848,0.0909231839759394
4,1,16,0.25,0.2516,identity,1,1,6,0.375,65000,16,8000,500.0,4,0.0330350379943844,4.669331787109375,4.63629674911499,0.381605978968259,0.0238503736855161,0.0954014947420647
4,1,16,0.25,0.256,identity,2,1,6,0.375,55000,16,8000,500.0,4,0.0330444183349607,4.481113037109375,4.448068618774414,0.1606325332663767,0.0100395333291485,0.0401581333165941
4,1,16,0.25,0.2537,identity,3,1,6,0.375,68500,16,8000,500.0,4,0.0325764350891111,4.89867626953125,4.866099834442139,0.1849966755820376,0.0115622922238773,0.0462491688955094
4,1,16,0.25,0.2539,identity,4,1,6,0.375,62500,16,8000,500.0,4,0.0334973373413083,4.625356201171875,4.591858863830566,0.2329129711155307,0.0145570606947206,0.0582282427788826
4,1,16,0.25,0.2553,relu,0,1,6,0.375,71000,16,8000,500.0,4,0.0298548088073733,4.91662744140625,4.886772632598877,0.7124928944305441,0.044530805901909,0.178123223607636
4,1,16,0.25,0.2516,relu,1,1,6,0.375,66500,16,8000,500.0,4,0.03030871963501,4.66660546875,4.63629674911499,0.3257003846590422,0.0203562740411901,0.0814250961647605
4,1,16,0.25,0.256,relu,2,1,6,0.375,70500,16,8000,500.0,3,0.0289250335693358,4.47699365234375,4.448068618774414,0.5830908086089477,0.0364431755380592,0.1093295266141776
4,1,16,0.25,0.2537,relu,3,1,6,0.375,65000,16,8000,500.0,4,0.0307507629394532,4.89685107421875,4.866100311279297,0.1687458501728311,0.0105466156358019,0.0421864625432077
4,1,16,0.25,0.2539,relu,4,1,6,0.375,59000,16,8000,500.0,5,0.0309670639038088,4.622825927734375,4.591858863830566,0.537735533906166,0.0336084708691353,0.1680423543456768
4,1,16,0.5,0.5086,identity,0,1,6,0.375,41500,16,8000,500.0,4,0.037261966705322,5.232839111328125,5.195577144622803,0.4099960852808189,0.0256247553300511,0.1024990213202047
4,1,16,0.5,0.5009,identity,1,1,6,0.375,66500,16,8000,500.0,4,0.0315784988403322,5.08272119140625,5.051142692565918,0.2258887616526121,0.0141180476032882,0.056472190413153
4,1,16,0.5,0.5075,identity,2,1,6,0.375,56000,16,8000,500.0,3,0.031267578125,4.71608203125,4.684814453125,0.2849777795610985,0.0178111112225686,0.0534333336677059
4,1,16,0.5,0.5043,identity,3,1,6,0.375,56500,16,8000,500.0,4,0.0330027732849123,5.34423486328125,5.311232089996338,0.3298855352608905,0.0206178459538056,0.0824713838152226
4,1,16,0.5,0.5053,identity,4,1,6,0.375,47500,16,8000,500.0,4,0.0360942802429198,5.00336083984375,4.96726655960083,0.1345557382764648,0.008409733642279,0.0336389345691162
4,1,16,0.5,0.5086,relu,0,1,6,0.375,92000,16,8000,500.0,4,0.0255034217834468,5.22108056640625,5.195577144622803,1.076985147236769,0.067311571702298,0.2692462868091922
4,1,16,0.5,0.5009,relu,1,1,6,0.375,72000,16,8000,500.0,4,0.0280479812622074,5.079190673828125,5.051142692565918,0.3208194951250216,0.0200512184453138,0.0802048737812554
4,1,16,0.5,0.5075,relu,2,1,6,0.375,82000,16,8000,500.0,4,0.0253928222656245,4.710207275390625,4.684814453125,1.9274116064686029,0.1204632254042876,0.4818529016171506
4,1,16,0.5,0.5043,relu,3,1,6,0.375,80000,16,8000,500.0,5,0.0277166404724118,5.33894873046875,5.311232089996338,0.5717020781312461,0.0357313798832028,0.1786568994160144
4,1,16,0.5,0.5053,relu,4,1,6,0.375,70500,16,8000,500.0,4,0.02598978805542,4.99325634765625,4.96726655960083,0.5060156403759477,0.0316259775234967,0.1265039100939869
4,1,16,0.75,0.7583,identity,0,1,6,0.375,59500,16,8000,500.0,4,0.0277889671325679,5.542321533203125,5.514532566070557,0.2239917462820903,0.0139994841426306,0.0559979365705225
4,1,16,0.75,0.7492,identity,1,1,6,0.375,57500,16,8000,500.0,4,0.0291839294433593,5.593152587890625,5.563968658447266,0.1967975087345532,0.0122998442959095,0.0491993771836383
4,1,16,0.75,0.7552,identity,2,1,6,0.375,56000,16,8000,500.0,3,0.0265032157897948,5.033686767578125,5.00718355178833,0.7688772055692753,0.0480548253480797,0.1441644760442391
4,1,16,0.75,0.7525,identity,3,1,6,0.375,59000,16,8000,500.0,4,0.0276331901550292,5.78515625,5.757523059844971,0.9232887442370395,0.0577055465148149,0.2308221860592599
4,1,16,0.75,0.754,identity,4,1,6,0.375,62000,16,8000,500.0,4,0.0276188545227054,5.38966748046875,5.362048625946045,0.641189608007471,0.0400743505004669,0.1602974020018677
4,1,16,0.75,0.7583,relu,0,1,6,0.375,58000,16,8000,500.0,5,0.0271896018981934,5.54172216796875,5.514532566070557,1.219741535168561,0.076233845948035,0.3811692297401753
4,1,16,0.75,0.7492,relu,1,1,6,0.375,72500,16,8000,500.0,4,0.0240813903808589,5.588050048828125,5.563968658447266,1.440404572234277,0.0900252857646423,0.3601011430585693
4,1,16,0.75,0.7552,relu,2,1,6,0.375,60500,16,8000,500.0,4,0.0234404716491702,5.0306240234375,5.00718355178833,2.399053522186988,0.1499408451366867,0.5997633805467469
4,1,16,0.75,0.7525,relu,3,1,6,0.375,78500,16,8000,500.0,4,0.024009166717529,5.7815322265625,5.757523059844971,1.7050693670129171,0.1065668354383073,0.4262673417532293
4,1,16,0.75,0.754,relu,4,1,6,0.375,59500,16,8000,500.0,4,0.0262519111633299,5.388300537109375,5.362048625946045,1.812953243640073,0.1133095777275045,0.4532383109100182
4,1,16,1.0,1.0,identity,0,1,1,0.062,41500,16,8000,500.0,1,0.0110500679016114,5.87690576171875,5.865855693817139,7.124872347663554,0.4453045217289721,0.4453045217289721
4,1,16,1.0,1.0,identity,1,1,1,0.062,29500,16,8000,500.0,1,0.0121999778747561,6.15611181640625,6.143911838531494,13.373974630358957,0.8358734143974348,0.8358734143974348
4,1,16,1.0,1.0,identity,2,1,1,0.062,42000,16,8000,500.0,2,0.0106951065063478,5.530065185546875,5.519370079040527,7.96340105481865,0.4977125659261656,0.9954251318523312
4,1,16,1.0,1.0,identity,3,1,1,0.062,42500,16,8000,500.0,1,0.0103950424194332,6.211476318359375,6.201081275939941,12.135159482484251,0.7584474676552657,0.7584474676552657
4,1,16,1.0,1.0,identity,4,1,1,0.062,42500,16,8000,500.0,1,0.0113110008239747,5.66945166015625,5.658140659332275,14.648158216210136,0.9155098885131336,0.9155098885131336
4,1,16,1.0,1.0,relu,0,1,1,0.062,43500,16,8000,500.0,1,0.0093283882141115,5.87518408203125,5.865855693817139,10.175964607863913,0.6359977879914945,0.6359977879914945
4,1,16,1.0,1.0,relu,1,1,1,0.062,44000,16,8000,500.0,1,0.008882106781006,6.1527939453125,6.143911838531494,14.287201369702466,0.8929500856064041,0.8929500856064041
4,1,16,1.0,1.0,relu,2,1,1,0.062,36500,16,8000,500.0,1,0.0095500869750972,5.528920166015625,5.519370079040527,14.793070614783352,0.9245669134239596,0.9245669134239596
4,1,16,1.0,1.0,relu,3,1,1,0.062,36500,16,8000,500.0,1,0.0083288803100582,6.20941015625,6.201081275939941,13.6081609351549,0.8505100584471813,0.8505100584471813
4,1,16,1.0,1.0,relu,4,1,1,0.062,40500,16,8000,500.0,1,0.0091090965270996,5.667249755859375,5.658140659332275,14.740715116526651,0.9212946947829158,0.9212946947829158
4,1,32,0.0,0.0,identity,0,0,5,0.156,53500,16,8000,250.0,3,0.0350774955749511,4.531785888671875,4.496708393096924,0.7804221226850698,0.0243881913339084,0.0731645740017253
4,1,32,0.0,0.0,identity,1,0,5,0.156,51500,16,8000,250.0,4,0.0360805053710935,4.284669067382812,4.248588562011719,0.6091715893748634,0.0190366121679644,0.0761464486718579
4,1,32,0.0,0.0,identity,2,0,5,0.156,66000,16,8000,250.0,4,0.0326137275695801,4.444467041015625,4.411853313446045,0.3781100812364115,0.0118159400386378,0.0472637601545514
4,1,32,0.0,0.0,identity,3,0,5,0.156,74500,16,8000,250.0,4,0.0319627227783199,4.48961767578125,4.45765495300293,0.2371859422008977,0.007412060693778,0.0296482427751122
4,1,32,0.0,0.0,identity,4,0,5,0.156,46500,16,8000,250.0,3,0.039140354156494,4.287226806640625,4.248086452484131,0.1319412618924156,0.0041231644341379,0.0123694933024139
4,1,32,0.0,0.0,relu,0,0,5,0.156,39000,16,8000,250.0,5,0.032060405731201,4.528768798828125,4.496708393096924,0.2531869448221019,0.0079120920256906,0.0395604601284534
4,1,32,0.0,0.0,relu,1,0,5,0.156,32500,16,8000,250.0,5,0.0343630981445315,4.28295166015625,4.248588562011719,0.3336270483670263,0.0104258452614695,0.0521292263073478
4,1,32,0.0,0.0,relu,2,0,5,0.156,49000,16,8000,250.0,5,0.02811421585083,4.439967529296875,4.411853313446045,0.5591273853586718,0.0174727307924584,0.0873636539622924
4,1,32,0.0,0.0,relu,3,0,5,0.156,43000,16,8000,250.0,5,0.0320303497314453,4.489685302734375,4.45765495300293,0.3214079839191734,0.0100439994974741,0.0502199974873708
4,1,32,0.0,0.0,relu,4,0,5,0.156,49000,16,8000,250.0,5,0.029422336578369,4.2775087890625,4.248086452484131,0.1366163289927034,0.0042692602810219,0.0213463014051099
4,1,32,0.25,0.2553,identity,0,1,6,0.188,59500,16,8000,250.0,4,0.0380835685729978,4.924856201171875,4.886772632598877,0.5617099307789016,0.0175534353368406,0.0702137413473627
4,1,32,0.25,0.2516,identity,1,1,6,0.188,51000,16,8000,250.0,4,0.0409061317443848,4.677202880859375,4.63629674911499,0.2260392927953329,0.0070637278998541,0.0282549115994166
4,1,32,0.25,0.256,identity,2,1,6,0.188,55000,16,8000,250.0,4,0.0361176605224606,4.484186279296875,4.448068618774414,0.6481788523374131,0.0202555891355441,0.0810223565421766
4,1,32,0.25,0.2537,identity,3,1,6,0.188,44500,16,8000,250.0,4,0.0424389839172363,4.908538818359375,4.866099834442139,0.0890219850724507,0.002781937033514,0.0111277481340563
4,1,32,0.25,0.2539,identity,4,1,6,0.188,44500,16,8000,250.0,4,0.0423303451538084,4.634189208984375,4.591858863830566,0.3877690303504061,0.0121177821984501,0.0484711287938007
4,1,32,0.25,0.2553,relu,0,1,6,0.188,52500,16,8000,250.0,5,0.0324356193542483,4.919208251953125,4.886772632598877,0.3949386026683012,0.0123418313333844,0.061709156666922
4,1,32,0.25,0.2516,relu,1,1,6,0.188,60000,16,8000,250.0,5,0.0301566200256351,4.666453369140625,4.63629674911499,0.1467840922603581,0.0045870028831361,0.0229350144156809
4,1,32,0.25,0.256,relu,2,1,6,0.188,54500,16,8000,250.0,5,0.0302241058349608,4.478292724609375,4.448068618774414,1.487370346783408,0.0464803233369815,0.2324016166849075
4,1,32,0.25,0.2537,relu,3,1,6,0.188,43000,16,8000,250.0,5,0.0338730773925783,4.899973388671875,4.866100311279297,0.3936947303119887,0.0123029603222496,0.0615148016112482
4,1,32,0.25,0.2539,relu,4,1,6,0.188,60500,16,8000,250.0,5,0.0312063217163087,4.623065185546875,4.591858863830566,0.4713028148016435,0.0147282129625513,0.0736410648127568
4,1,32,0.5,0.5086,identity,0,1,6,0.188,41500,16,8000,250.0,4,0.0409689979553222,5.236546142578125,5.195577144622803,0.3617714727946499,0.0113053585248328,0.0452214340993312
4,1,32,0.5,0.5009,identity,1,1,6,0.188,49500,16,8000,250.0,4,0.0391749343872067,5.090317626953125,5.051142692565918,0.412468891553348,0.0128896528610421,0.0515586114441685
4,1,32,0.5,0.5075,identity,2,1,6,0.188,49000,16,8000,250.0,4,0.0368115234374997,4.7216259765625,4.684814453125,0.5717534242594352,0.0178672945081073,0.0714691780324294
4,1,32,0.5,0.5043,identity,3,1,6,0.188,73000,16,8000,250.0,4,0.0348099021911618,5.3460419921875,5.311232089996338,0.5526228121767638,0.0172694628805238,0.0690778515220954
4,1,32,0.5,0.5053,identity,4,1,6,0.188,47500,16,8000,250.0,4,0.0398743095397948,5.007140869140625,4.96726655960083,0.4552253243365817,0.0142257913855181,0.0569031655420727
4,1,32,0.5,0.5086,relu,0,1,6,0.188,45500,16,8000,250.0,5,0.0321779823303218,5.227755126953125,5.195577144622803,1.0925025435336662,0.034140704485427,0.1707035224271353
4,1,32,0.5,0.5009,relu,1,1,6,0.188,53000,16,8000,250.0,5,0.0310670242309569,5.082209716796875,5.051142692565918,0.8685178014530495,0.0271411812954077,0.1357059064770389
4,1,32,0.5,0.5075,relu,2,1,6,0.188,50500,16,8000,250.0,5,0.0300812988281249,4.714895751953125,4.684814453125,2.6416454255786777,0.0825514195493336,0.4127570977466683
4,1,32,0.5,0.5043,relu,3,1,6,0.188,43000,16,8000,250.0,6,0.033694667816162,5.3449267578125,5.311232089996338,1.2498771223808771,0.0390586600744024,0.2343519604464144
4,1,32,0.5,0.5053,relu,4,1,6,0.188,63500,16,8000,250.0,6,0.0300908622741697,4.997357421875,4.96726655960083,1.492925808391015,0.0466539315122192,0.2799235890733153
4,1,32,0.75,0.7583,identity,0,1,6,0.188,47000,16,8000,250.0,5,0.0342396507263185,5.548772216796875,5.514532566070557,2.136136128324704,0.0667542540101469,0.3337712700507349
4,1,32,0.75,0.7492,identity,1,1,6,0.188,64500,16,8000,250.0,4,0.0311905212402345,5.5951591796875,5.563968658447266,1.0277094105689275,0.0321159190802789,0.1284636763211159
4,1,32,0.75,0.7552,identity,2,1,6,0.188,75500,16,8000,250.0,4,0.0273159599304202,5.03449951171875,5.00718355178833,2.7045034370447225,0.0845157324076475,0.3380629296305903
4,1,32,0.75,0.7525,identity,3,1,6,0.188,53000,16,8000,250.0,4,0.032710826873779,5.79023388671875,5.757523059844971,1.829000118965904,0.0571562537176845,0.228625014870738
4,1,32,0.75,0.754,identity,4,1,6,0.188,40000,16,8000,250.0,4,0.0364374580383302,5.398486083984375,5.362048625946045,2.098990378380767,0.0655934493243989,0.2623737972975958
4,1,32,0.75,0.7583,relu,0,1,6,0.188,46500,16,8000,250.0,5,0.0286031761169436,5.5431357421875,5.514532566070557,2.082239688867213,0.0650699902771003,0.3253499513855019
4,1,32,0.75,0.7492,relu,1,1,6,0.188,37000,16,8000,250.0,4,0.0318011169433596,5.595769775390625,5.563968658447266,2.0669287822095237,0.0645915244440476,0.2583660977761904
4,1,32,0.75,0.7552,relu,2,1,6,0.188,41000,16,8000,250.0,4,0.0285339775085446,5.035717529296875,5.00718355178833,4.022807562441207,0.1257127363262877,0.5028509453051508
4,1,32,0.75,0.7525,relu,3,1,6,0.188,45500,16,8000,250.0,4,0.0290452995300292,5.786568359375,5.757523059844971,2.9917400746102123,0.0934918773315691,0.3739675093262765
4,1,32,0.75,0.754,relu,4,1,6,0.188,48500,16,8000,250.0,5,0.0283302803039546,5.39037890625,5.362048625946045,2.6613980173976506,0.0831686880436765,0.4158434402183829
4,1,32,1.0,1.0,identity,0,1,1,0.031,41500,16,8000,250.0,1,0.0132004585266116,5.87905615234375,5.865855693817139,17.106202191365824,0.534568818480182,0.534568818480182
4,1,32,1.0,1.0,identity,1,1,1,0.031,31500,16,8000,250.0,1,0.0150168724060062,6.1589287109375,6.143911838531494,26.82307304782452,0.8382210327445163,0.8382210327445163
4,1,32,1.0,1.0,identity,2,1,1,0.031,42000,16,8000,250.0,2,0.0125671768188473,5.531937255859375,5.519370079040527,15.782503160190585,0.4932032237559557,0.9864064475119114
4,1,32,1.0,1.0,identity,3,1,1,0.031,24000,16,8000,250.0,2,0.0144538803100582,6.21553515625,6.201081275939941,15.867210609489364,0.4958503315465426,0.9917006630930852
4,1,32,1.0,1.0,identity,4,1,1,0.031,36500,16,8000,250.0,1,0.0140248680114742,5.67216552734375,5.658140659332275,22.79192335357714,0.7122476047992856,0.7122476047992856
4,1,32,1.0,1.0,relu,0,1,1,0.031,32500,16,8000,250.0,1,0.0108098335266113,5.87666552734375,5.865855693817139,18.346168052111057,0.5733177516284705,0.5733177516284705
4,1,32,1.0,1.0,relu,1,1,1,0.031,27500,16,8000,250.0,1,0.0116604270935054,6.155572265625,6.143911838531494,28.491135608922725,0.8903479877788352,0.8903479877788352
4,1,32,1.0,1.0,relu,2,1,1,0.031,52000,16,8000,250.0,1,0.0090547256469726,5.5284248046875,5.519370079040527,26.62561704201425,0.8320505325629454,0.8320505325629454
4,1,32,1.0,1.0,relu,3,1,1,0.031,35000,16,8000,250.0,1,0.0095320053100582,6.21061328125,6.201081275939941,26.66420353973373,0.8332563606166791,0.8332563606166791
4,1,32,1.0,1.0,relu,4,1,1,0.031,26000,16,8000,250.0,1,0.0117968406677242,5.6699375,5.658140659332275,28.837132356032388,0.901160386126012,0.901160386126012
4,1,64,0.0,0.0,identity,0,0,5,0.078,29000,16,8000,125.0,4,0.0520152397155762,4.5487236328125,4.496708393096924,0.6973683499190024,0.0108963804674844,0.0435855218699376
4,1,64,0.0,0.0,identity,1,0,5,0.078,51500,16,8000,125.0,4,0.0433178100585935,4.291906372070312,4.248588562011719,0.2966572284860854,0.004635269195095,0.0185410767803803
4,1,64,0.0,0.0,identity,2,0,5,0.078,26500,16,8000,125.0,3,0.0543105049133298,4.466163818359375,4.411853313446045,0.7143179821503813,0.0111612184710997,0.0334836554132991
4,1,64,0.0,0.0,identity,3,0,5,0.078,44000,16,8000,125.0,4,0.0462945098876952,4.503949462890625,4.45765495300293,0.88054187383827,0.0137584667787229,0.0550338671148918
4,1,64,0.0,0.0,identity,4,0,5,0.078,56000,16,8000,125.0,4,0.0430077857971191,4.29109423828125,4.248086452484131,0.1671700917096008,0.0026120326829625,0.01044813073185
4,1,64,0.0,0.0,relu,0,0,5,0.078,46000,16,8000,125.0,6,0.0340462455749515,4.530754638671875,4.496708393096924,0.3246058368697992,0.0050719662010906,0.0304317972065436
4,1,64,0.0,0.0,relu,1,0,5,0.078,32500,16,8000,125.0,5,0.0366621704101559,4.285250732421875,4.248588562011719,0.514568661857725,0.0080401353415269,0.0402006767076347
4,1,64,0.0,0.0,relu,2,0,5,0.078,33000,16,8000,125.0,5,0.0348249092102053,4.44667822265625,4.411853313446045,0.3481567951294143,0.005439949923897,0.0271997496194854
4,1,64,0.0,0.0,relu,3,0,5,0.078,33500,16,8000,125.0,6,0.0370962677001953,4.494751220703125,4.45765495300293,0.5295810154427372,0.0082747033662927,0.0496482201977566
4,1,64,0.0,0.0,relu,4,0,5,0.078,49000,16,8000,125.0,6,0.0335588111877438,4.281645263671875,4.248086452484131,0.3424705670784536,0.0053511026106008,0.032106615663605
4,1,64,0.25,0.2553,identity,0,1,6,0.094,33000,16,8000,125.0,4,0.0555342521667476,4.942306884765625,4.886772632598877,0.6207066106631745,0.0096985407916121,0.0387941631664484
4,1,64,0.25,0.2516,identity,1,1,6,0.094,41500,16,8000,125.0,4,0.0512515907287598,4.68754833984375,4.63629674911499,0.2201006233583335,0.0034390722399739,0.0137562889598958
4,1,64,0.25,0.256,identity,2,1,6,0.094,55000,16,8000,125.0,4,0.0427883148193357,4.49085693359375,4.448068618774414,0.9553979529733247,0.0149280930152082,0.0597123720608328
4,1,64,0.25,0.2537,identity,3,1,6,0.094,44500,16,8000,125.0,4,0.0503669624328617,4.916466796875,4.866099834442139,1.3063295004657842,0.0204113984447778,0.0816455937791115
4,1,64,0.25,0.2539,identity,4,1,6,0.094,44500,16,8000,125.0,4,0.0492226791381833,4.64108154296875,4.591858863830566,0.2613436852394427,0.0040834950818662,0.0163339803274651
4,1,64,0.25,0.2553,relu,0,1,6,0.094,42000,16,8000,125.0,6,0.0396900138854983,4.926462646484375,4.886772632598877,0.4442104673582791,0.0069407885524731,0.0416447313148386
4,1,64,0.25,0.2516,relu,1,1,6,0.094,30500,16,8000,125.0,5,0.0419854774475094,4.6782822265625,4.63629674911499,0.4467320713305096,0.0069801886145392,0.034900943072696
4,1,64,0.25,0.256,relu,2,1,6,0.094,39500,16,8000,125.0,6,0.0384167327880859,4.4864853515625,4.448068618774414,1.843242174827884,0.0288006589816856,0.1728039538901141
4,1,64,0.25,0.2537,relu,3,1,6,0.094,44000,16,8000,125.0,5,0.0390437316894534,4.90514404296875,4.866100311279297,0.9646994119419744,0.0150734283115933,0.0753671415579667
4,1,64,0.25,0.2539,relu,4,1,6,0.094,37500,16,8000,125.0,6,0.0404692611694335,4.632328125,4.591858863830566,0.726766809078257,0.0113557313918477,0.0681343883510866
4,1,64,0.5,0.5086,identity,0,1,6,0.094,60500,16,8000,125.0,4,0.0422465858459473,5.23782373046875,5.195577144622803,0.7787741934566386,0.0121683467727599,0.0486733870910399
4,1,64,0.5,0.5009,identity,1,1,6,0.094,60500,16,8000,125.0,4,0.0438602371215823,5.0950029296875,5.051142692565918,0.3677934571606184,0.0057467727681346,0.0229870910725386
4,1,64,0.5,0.5075,identity,2,1,6,0.094,63000,16,8000,125.0,4,0.0409477539062503,4.72576220703125,4.684814453125,3.201810274074884,0.05002828553242,0.2001131421296802
4,1,64,0.5,0.5043,identity,3,1,6,0.094,30000,16,8000,125.0,4,0.0559222068786624,5.367154296875,5.311232089996338,0.8168692841619939,0.0127635825650311,0.0510543302601246
4,1,64,0.5,0.5053,identity,4,1,6,0.094,47500,16,8000,125.0,4,0.0471726493835449,5.014439208984375,4.96726655960083,0.5574984848633595,0.0087109138259899,0.0348436553039599
4,1,64,0.5,0.5086,relu,0,1,6,0.094,50500,16,8000,125.0,6,0.0357512245178224,5.231328369140625,5.195577144622803,1.9852530559173795,0.031019578998709,0.1861174739922543
4,1,64,0.5,0.5009,relu,1,1,6,0.094,44500,16,8000,125.0,5,0.0357703933715818,5.0869130859375,5.051142692565918,0.6335208786979207,0.009898763729655,0.049493818648275
4,1,64,0.5,0.5075,relu,2,1,6,0.094,41000,16,8000,125.0,5,0.0364487304687504,4.72126318359375,4.684814453125,4.312271876933211,0.0673792480770814,0.3368962403854071
4,1,64,0.5,0.5043,relu,3,1,6,0.094,39500,16,8000,125.0,6,0.0388050193786622,5.350037109375,5.311232089996338,1.6974748818726588,0.0265230450292602,0.1591382701755617
4,1,64,0.5,0.5053,relu,4,1,6,0.094,40500,16,8000,125.0,6,0.0378367118835445,5.005103271484375,4.96726655960083,1.9724053958497727,0.0308188343101527,0.1849130058609162
4,1,64,0.75,0.7583,identity,0,1,6,0.094,41500,16,8000,125.0,4,0.0420362815856929,5.55656884765625,5.514532566070557,0.8588257593371258,0.0134191524896425,0.0536766099585703
4,1,64,0.75,0.7492,identity,1,1,6,0.094,54500,16,8000,125.0,4,0.0404361267089843,5.60440478515625,5.563968658447266,1.4565184910608,0.022758101422825,0.0910324056913
4,1,64,0.75,0.7552,identity,2,1,6,0.094,38500,16,8000,125.0,4,0.0419053153991697,5.0490888671875,5.00718355178833,5.76766179966509,0.090119715619767,0.3604788624790681
4,1,64,0.75,0.7525,identity,3,1,6,0.094,59000,16,8000,125.0,4,0.0385365104675292,5.7960595703125,5.757523059844971,4.273148292945863,0.0667679420772791,0.2670717683091164
4,1,64,0.75,0.754,identity,4,1,6,0.094,46500,16,8000,125.0,4,0.0414313545227047,5.40347998046875,5.362048625946045,2.649354296460852,0.0413961608822008,0.1655846435288032
4,1,64,0.75,0.7583,relu,0,1,6,0.094,46500,16,8000,125.0,6,0.032977443695068,5.547510009765625,5.514532566070557,2.988120691708897,0.0466893858079515,0.2801363148477091
4,1,64,0.75,0.7492,relu,1,1,6,0.094,42500,16,8000,125.0,4,0.0340205993652347,5.5979892578125,5.563968658447266,3.9484706761541526,0.0616948543149086,0.2467794172596345
4,1,64,0.75,0.7552,relu,2,1,6,0.094,41000,16,8000,125.0,5,0.0318982353210453,5.039081787109375,5.00718355178833,5.712490123154649,0.0892576581742913,0.4462882908714569
4,1,64,0.75,0.7525,relu,3,1,6,0.094,43000,16,8000,125.0,4,0.0341380729675293,5.7916611328125,5.757523059844971,5.140263544816492,0.0803166178877576,0.3212664715510307
4,1,64,0.75,0.754,relu,4,1,6,0.094,45000,16,8000,125.0,5,0.0335893135070799,5.395637939453125,5.362048625946045,6.011608294848486,0.0939313796070075,0.4696568980350379
4,1,64,1.0,1.0,identity,0,1,1,0.016,32000,16,8000,125.0,1,0.020037860870361,5.8858935546875,5.865855693817139,15.629752604720895,0.244214884448764,0.244214884448764
4,1,64,1.0,1.0,identity,1,1,1,0.016,29500,16,8000,125.0,1,0.0204038352966309,6.164315673828125,6.143911838531494,45.63126787958281,0.7129885606184814,0.7129885606184814
4,1,64,1.0,1.0,identity,2,1,1,0.016,44000,16,8000,125.0,1,0.0182422256469729,5.5376123046875,5.519370079040527,56.08474523715227,0.8763241443305042,0.8763241443305042
4,1,64,1.0,1.0,identity,3,1,1,0.016,36000,16,8000,125.0,1,0.0180136947631837,6.219094970703125,6.201081275939941,32.333187595214056,0.5052060561752196,0.5052060561752196
4,1,64,1.0,1.0,identity,4,1,1,0.016,29000,16,8000,125.0,1,0.0204909324645994,5.678631591796875,5.658140659332275,60.96594329602162,0.9525928640003378,0.9525928640003378
4,1,64,1.0,1.0,relu,0,1,1,0.016,48000,16,8000,125.0,1,0.0103142280578616,5.876169921875,5.865855693817139,35.71171947493321,0.5579956167958314,0.5579956167958314
4,1,64,1.0,1.0,relu,1,1,1,0.016,32500,16,8000,125.0,1,0.0119245872497559,6.15583642578125,6.143911838531494,50.28451641782009,0.785695569028439,0.785695569028439
4,1,64,1.0,1.0,relu,2,1,1,0.016,38000,16,8000,125.0,1,0.0109128799438478,5.530282958984375,5.519370079040527,53.81171921087482,0.8408081126699191,0.8408081126699191
4,1,64,1.0,1.0,relu,3,1,1,0.016,32500,16,8000,125.0,1,0.0103801498413087,6.21146142578125,6.201081275939941,47.455450103347566,0.7414914078648057,0.7414914078648057
4,1,64,1.0,1.0,relu,4,1,1,0.016,34500,16,8000,125.0,1,0.0113686180114749,5.66950927734375,5.658140659332275,57.07955819689828,0.8918680968265356,0.8918680968265356
4,1,96,0.0,0.0,identity,0,0,5,0.052,53500,16,8000,83.3,4,0.0490828666687015,4.545791259765625,4.496708393096924,0.5154970640154763,0.0053697610834945,0.0214790443339781
4,1,96,0.0,0.0,identity,1,0,5,0.052,31500,16,8000,83.3,4,0.0571289672851564,4.305717529296875,4.248588562011719,0.4278877638440482,0.0044571642067088,0.0178286568268353
4,1,96,0.0,0.0,identity,2,0,5,0.052,56500,16,8000,83.3,4,0.0477387275695804,4.459592041015625,4.411853313446045,1.6229327702702925,0.0169055496903155,0.0676221987612621
4,1,96,0.0,0.0,identity,3,0,5,0.052,44000,16,8000,83.3,4,0.0526114044189451,4.510266357421875,4.45765495300293,0.749654628434138,0.0078089023795222,0.031235609518089
4,1,96,0.0,0.0,identity,4,0,5,0.052,44000,16,8000,83.3,4,0.0545636940002438,4.302650146484375,4.248086452484131,1.077315223904391,0.0112220335823374,0.0448881343293496
4,1,96,0.0,0.0,relu,0,0,5,0.052,50000,16,8000,83.3,6,0.036489849090576,4.5331982421875,4.496708393096924,0.6407682101539014,0.0066746688557698,0.0400480131346188
4,1,96,0.0,0.0,relu,1,0,5,0.052,32500,16,8000,83.3,6,0.039753845214844,4.288342407226563,4.248588562011719,0.4407361651115377,0.0045910017199118,0.0275460103194711
4,1,96,0.0,0.0,relu,2,0,5,0.052,32500,16,8000,83.3,6,0.0398517646789553,4.451705078125,4.411853313446045,0.5185075846467876,0.005401120673404,0.0324067240404242
4,1,96,0.0,0.0,relu,3,0,5,0.052,33500,16,8000,83.3,6,0.038507400512695,4.496162353515625,4.45765495300293,0.6334881982789385,0.0065988353987389,0.0395930123924336
4,1,96,0.0,0.0,relu,4,0,5,0.052,49000,16,8000,83.3,6,0.0370644264221189,4.28515087890625,4.248086452484131,0.916269958968251,0.0095444787392526,0.0572668724355156
4,1,96,0.25,0.2553,identity,0,1,6,0.062,40000,16,8000,83.3,4,0.0598362541198733,4.94660888671875,4.886772632598877,0.4263654120930997,0.0044413063759697,0.0177652255038791
4,1,96,0.25,0.2516,identity,1,1,6,0.062,52500,16,8000,83.3,4,0.0542178993225102,4.6905146484375,4.63629674911499,0.6809364281788627,0.0070930877935298,0.0283723511741192
4,1,96,0.25,0.256,identity,2,1,6,0.062,55000,16,8000,83.3,4,0.050597640991211,4.498666259765625,4.448068618774414,1.0334564537093172,0.0107651713928053,0.0430606855712215
4,1,96,0.25,0.2537,identity,3,1,6,0.062,61000,16,8000,83.3,4,0.0534179878234866,4.919517822265625,4.866099834442139,1.1168524823198005,0.0116338800241645,0.0465355200966583
4,1,96,0.25,0.2539,identity,4,1,6,0.062,73000,16,8000,83.3,4,0.0503821029663082,4.642240966796875,4.591858863830566,1.1419608860771882,0.0118954258966373,0.0475817035865495
4,1,96,0.25,0.2553,relu,0,1,6,0.062,47500,16,8000,83.3,5,0.0404553947448729,4.92722802734375,4.886772632598877,0.76343833953856,0.0079524827035266,0.0397624135176333
4,1,96,0.25,0.2516,relu,1,1,6,0.062,53000,16,8000,83.3,6,0.0391485633850097,4.6754453125,4.63629674911499,0.413002532605281,0.0043021097146383,0.02581265828783
4,1,96,0.25,0.256,relu,2,1,6,0.062,39500,16,8000,83.3,6,0.040631576538086,4.4887001953125,4.448068618774414,2.6961694757003145,0.0280850987052116,0.1685105922312696
4,1,96,0.25,0.2537,relu,3,1,6,0.062,39000,16,8000,83.3,6,0.0434194641113281,4.909519775390625,4.866100311279297,1.4217563559082878,0.0148099620407113,0.0888597722442679
4,1,96,0.25,0.2539,relu,4,1,6,0.062,37500,16,8000,83.3,6,0.0441762924194337,4.63603515625,4.591858863830566,0.9127594242956788,0.0095079106697466,0.0570474640184799
4,1,96,0.5,0.5086,identity,0,1,6,0.062,60500,16,8000,83.3,4,0.050109867095947,5.24568701171875,5.195577144622803,1.0317830586512695,0.010747740194284,0.0429909607771362
4,1,96,0.5,0.5009,identity,1,1,6,0.062,61000,16,8000,83.3,4,0.0514447097778321,5.10258740234375,5.051142692565918,0.973625830291078,0.0101419357321987,0.0405677429287949
4,1,96,0.5,0.5075,identity,2,1,6,0.062,45000,16,8000,83.3,4,0.0507304687500003,4.735544921875,4.684814453125,6.266410208222661,0.0652751063356527,0.2611004253426108
4,1,96,0.5,0.5043,identity,3,1,6,0.062,45500,16,8000,83.3,4,0.0557688865661623,5.3670009765625,5.311232089996338,0.8874034477322821,0.0092437859138779,0.0369751436555117
4,1,96,0.5,0.5053,identity,4,1,6,0.062,82500,16,8000,83.3,4,0.0472676200866697,5.0145341796875,4.96726655960083,1.199423030919375,0.0124939899054101,0.0499759596216406
4,1,96,0.5,0.5086,relu,0,1,6,0.062,39000,16,8000,83.3,6,0.0425874061584474,5.23816455078125,5.195577144622803,3.600603614433284,0.0375062876503467,0.2250377259020802
4,1,96,0.5,0.5009,relu,1,1,6,0.062,63500,16,8000,83.3,5,0.0377772293090821,5.088919921875,5.051142692565918,1.270366883451417,0.0132329883692855,0.0661649418464279
4,1,96,0.5,0.5075,relu,2,1,6,0.062,41000,16,8000,83.3,5,0.0381926269531254,4.723007080078125,4.684814453125,7.325119592030884,0.076303329083655,0.3815166454182752
4,1,96,0.5,0.5043,relu,3,1,6,0.062,37500,16,8000,83.3,6,0.0428921775817867,5.354124267578125,5.311232089996338,2.3208904488001783,0.0241759421750018,0.1450556530500111
4,1,96,0.5,0.5053,relu,4,1,6,0.062,26000,16,8000,83.3,6,0.0477283134460453,5.014994873046875,4.96726655960083,3.0633565243155068,0.0319099637949531,0.1914597827697191
4,1,96,0.75,0.7583,identity,0,1,6,0.062,59500,16,8000,83.3,4,0.0445145530700683,5.559047119140625,5.514532566070557,3.491379935518552,0.0363685409949849,0.1454741639799396
4,1,96,0.75,0.7492,identity,1,1,6,0.062,64000,16,8000,83.3,4,0.045234466552734,5.609203125,5.563968658447266,3.0819414149538877,0.0321035564057696,0.1284142256230786
4,1,96,0.75,0.7552,identity,2,1,6,0.062,58000,16,8000,83.3,4,0.0429372978210444,5.050120849609375,5.00718355178833,9.700362337974694,0.1010454410205697,0.4041817640822789
4,1,96,0.75,0.7525,identity,3,1,6,0.062,56500,16,8000,83.3,4,0.0460020866394046,5.803525146484375,5.757523059844971,4.893052542646573,0.0509692973192351,0.2038771892769405
4,1,96,0.75,0.754,identity,4,1,6,0.062,40000,16,8000,83.3,4,0.0507294502258304,5.412778076171875,5.362048625946045,7.843950337081456,0.0817078160112651,0.3268312640450607
4,1,96,0.75,0.7583,relu,0,1,6,0.062,37500,16,8000,83.3,6,0.0372164573669433,5.5517490234375,5.514532566070557,5.254369360066156,0.0547330141673557,0.3283980850041347
4,1,96,0.75,0.7492,relu,1,1,6,0.062,54000,16,8000,83.3,5,0.0353457946777346,5.599314453125,5.563968658447266,4.746909780116504,0.0494469768762135,0.2472348843810679
4,1,96,0.75,0.7552,relu,2,1,6,0.062,40500,16,8000,83.3,4,0.0367288017272953,5.043912353515625,5.00718355178833,13.06132639829032,0.1360554833155241,0.5442219332620967
4,1,96,0.75,0.7525,relu,3,1,6,0.062,39000,16,8000,83.3,5,0.0373441276550297,5.7948671875,5.757523059844971,6.443792730733734,0.067122840945143,0.3356142047257153
4,1,96,0.75,0.754,relu,4,1,6,0.062,43000,16,8000,83.3,5,0.0367270088195796,5.398775634765625,5.362048625946045,8.560887946530803,0.0891759161096958,0.4458795805484793
4,1,96,1.0,1.0,identity,0,1,1,0.01,19500,16,8000,83.3,1,0.0293401069641117,5.89519580078125,5.865855693817139,56.00751580857997,0.5834116230060413,0.5834116230060413
4,1,96,1.0,1.0,identity,1,1,1,0.01,30000,16,8000,83.3,1,0.0266819114685059,6.17059375,6.143911838531494,72.67059550548332,0.7569853698487846,0.7569853698487846
4,1,96,1.0,1.0,identity,2,1,1,0.01,37000,16,8000,83.3,1,0.0248550186157228,5.54422509765625,5.519370079040527,79.77218414370257,0.8309602514969018,0.8309602514969018
4,1,96,1.0,1.0,identity,3,1,1,0.01,24000,16,8000,83.3,1,0.0266377182006838,6.227718994140625,6.201081275939941,73.98132709021569,0.7706388238564134,0.7706388238564134
4,1,96,1.0,1.0,identity,4,1,1,0.01,27000,16,8000,83.3,1,0.0271847801208497,5.685325439453125,5.658140659332275,89.40142787293303,0.9312648736763856,0.9312648736763856
4,1,96,1.0,1.0,relu,0,1,1,0.01,43000,16,8000,83.3,1,0.0113264350891109,5.87718212890625,5.865855693817139,58.28561498233842,0.6071418227326919,0.6071418227326919
4,1,96,1.0,1.0,relu,1,1,1,0.01,26500,16,8000,83.3,1,0.0130683860778813,6.156980224609375,6.143911838531494,79.30305581938404,0.8260734981185838,0.8260734981185838
4,1,96,1.0,1.0,relu,2,1,1,0.01,36500,16,8000,83.3,1,0.0119990615844729,5.531369140625,5.519370079040527,73.39550217945863,0.7645364810360274,0.7645364810360274
4,1,96,1.0,1.0,relu,3,1,1,0.01,41000,16,8000,83.3,1,0.0096804428100583,6.21076171875,6.201081275939941,74.176797356756,0.7726749724662083,0.7726749724662083
4,1,96,1.0,1.0,relu,4,1,1,0.01,26000,16,8000,83.3,1,0.0134462547302245,5.6715869140625,5.658140659332275,83.10494432806925,0.865676503417388,0.865676503417388
4,2,16,0.0,0.0,identity,0,0,6,0.375,59000,16,8000,500.0,4,0.0377273902893069,4.318208251953125,4.280480861663818,0.0658306446558774,0.0041144152909923,0.0164576611639693
4,2,16,0.0,0.0,identity,1,0,6,0.375,91000,16,8000,500.0,3,0.0320604743957515,4.4093564453125,4.377295970916748,0.0427446523755348,0.0026715407734709,0.0080146223204127
4,2,16,0.0,0.0,identity,2,0,6,0.375,40000,16,8000,500.0,4,0.0439340515136716,4.34442919921875,4.300495147705078,0.044538053234573,0.0027836283271608,0.0111345133086432
4,2,16,0.0,0.0,identity,3,0,6,0.375,65500,16,8000,500.0,3,0.037190376281738,4.447578369140625,4.410387992858887,0.0557524525046847,0.0034845282815427,0.0104535848446283
4,2,16,0.0,0.0,identity,4,0,6,0.375,60000,16,8000,500.0,3,0.0382663116455077,4.253108154296875,4.214841842651367,0.0610994312740759,0.0038187144546297,0.0114561433638892
4,2,16,0.0,0.0,relu,0,0,6,0.375,65000,16,8000,500.0,4,0.0342791481018069,4.314760009765625,4.280480861663818,0.1261298427490486,0.0078831151718155,0.0315324606872621
4,2,16,0.0,0.0,relu,1,0,6,0.375,72000,16,8000,500.0,4,0.0336764411926271,4.410972412109375,4.377295970916748,0.0706403263819183,0.0044150203988698,0.0176600815954795
4,2,16,0.0,0.0,relu,2,0,6,0.375,59000,16,8000,500.0,4,0.0340155944824216,4.3345107421875,4.300495147705078,0.0882156913952789,0.0055134807122049,0.0220539228488197
4,2,16,0.0,0.0,relu,3,0,6,0.375,65000,16,8000,500.0,5,0.0344108352661134,4.444798828125,4.410387992858887,0.1230486069612465,0.0076905379350779,0.0384526896753895
4,2,16,0.0,0.0,relu,4,0,6,0.375,65000,16,8000,500.0,4,0.0350646514892574,4.249906494140625,4.214841842651367,0.1179808058454763,0.0073738003653422,0.029495201461369
4,2,16,0.25,0.2534,identity,0,2,8,0.5,59000,16,8000,500.0,4,0.042353004455566,4.561333984375,4.518980979919434,0.0856293488015483,0.0053518343000967,0.021407337200387
4,2,16,0.25,0.2525,identity,1,2,8,0.5,61500,16,8000,500.0,4,0.0409375839233394,4.685431640625,4.64449405670166,0.0971638317277171,0.0060727394829823,0.0242909579319292
4,2,16,0.25,0.2566,identity,2,2,8,0.5,75000,16,8000,500.0,4,0.0377362213134766,4.621665283203125,4.583929061889648,0.090930006296327,0.0056831253935204,0.0227325015740817
4,2,16,0.25,0.2546,identity,3,2,8,0.5,61000,16,8000,500.0,3,0.0421386528015137,4.603040771484375,4.560902118682861,0.0673400264681875,0.0042087516542617,0.0126262549627851
4,2,16,0.25,0.2548,identity,4,2,8,0.5,77500,16,8000,500.0,3,0.0370840263366698,4.4580859375,4.42100191116333,0.0380304828941296,0.0023769051808831,0.0071307155426493
4,2,16,0.25,0.2534,relu,0,2,8,0.5,95500,16,8000,500.0,4,0.037544410705566,4.556525390625,4.518980979919434,0.2007869488867691,0.012549184305423,0.0501967372216922
4,2,16,0.25,0.2525,relu,1,2,8,0.5,58000,16,8000,500.0,4,0.0464722518920899,4.69096630859375,4.64449405670166,0.3134775242745212,0.0195923452671575,0.0783693810686303
4,2,16,0.25,0.2566,relu,2,2,8,0.5,83000,16,8000,500.0,4,0.0372757720947269,4.621204833984375,4.583929061889648,0.2169970028211165,0.0135623126763197,0.0542492507052791
4,2,16,0.25,0.2546,relu,3,2,8,0.5,70000,16,8000,500.0,5,0.0411706352233887,4.60207275390625,4.560902118682861,0.2337121197362487,0.0146070074835155,0.0730350374175777
4,2,16,0.25,0.2548,relu,4,2,8,0.5,78500,16,8000,500.0,4,0.0357082939147952,4.456710205078125,4.42100191116333,0.1400187618861493,0.0087511726178843,0.0350046904715373
4,2,16,0.5,0.5036,identity,0,2,8,0.5,66000,16,8000,500.0,4,0.0376249771118164,4.774806640625,4.737181663513184,0.1467239057702976,0.0091702441106436,0.0366809764425744
4,2,16,0.5,0.5026,identity,1,2,8,0.5,90500,16,8000,500.0,4,0.0343594436645506,5.020843017578125,4.986483573913574,0.0805058770162161,0.0050316173135135,0.020126469254054
4,2,16,0.5,0.5091,identity,2,2,8,0.5,62000,16,8000,500.0,4,0.0397030982971191,5.015267578125,4.975564479827881,0.1190391747653491,0.0074399484228343,0.0297597936913372
4,2,16,0.5,0.5067,identity,3,2,8,0.5,76500,16,8000,500.0,3,0.0381481094360349,4.868995849609375,4.83084774017334,0.0910773415837227,0.0056923338489826,0.017077001546948
4,2,16,0.5,0.5073,identity,4,2,8,0.5,92500,16,8000,500.0,4,0.0328041076660152,4.788201904296875,4.755397796630859,0.059632254057625,0.0037270158786015,0.0149080635144062
4,2,16,0.5,0.5036,relu,0,2,8,0.5,79500,16,8000,500.0,5,0.0390033950805666,4.77618505859375,4.737181663513184,0.6625505285340317,0.0414094080333769,0.2070470401668849
4,2,16,0.5,0.5026,relu,1,2,8,0.5,72500,16,8000,500.0,4,0.0380525588989257,5.0245361328125,4.986483573913574,0.3195529298719248,0.0199720581169953,0.0798882324679812
4,2,16,0.5,0.5091,relu,2,2,8,0.5,68500,16,8000,500.0,4,0.039915988922119,5.01548046875,4.975564479827881,0.3634737906604188,0.0227171119162761,0.0908684476651047
4,2,16,0.5,0.5067,relu,3,2,8,0.5,61500,16,8000,500.0,5,0.0426188125610353,4.873466552734375,4.83084774017334,0.7966368759967823,0.0497898047497989,0.2489490237489944
4,2,16,0.5,0.5073,relu,4,2,8,0.5,79500,16,8000,500.0,4,0.034307525634766,4.789705322265625,4.755397796630859,0.4619850113929142,0.0288740632120571,0.1154962528482285
4,2,16,0.75,0.7515,identity,0,2,8,0.5,79500,16,8000,500.0,4,0.0311329879760737,5.09414892578125,5.063015937805176,0.4819166591919642,0.0301197911994977,0.120479164797991
4,2,16,0.75,0.7511,identity,1,2,8,0.5,60000,16,8000,500.0,4,0.0339813957214358,5.44777734375,5.4137959480285645,0.38257571146672,0.02391098196667,0.09564392786668
4,2,16,0.75,0.7573,identity,2,2,8,0.5,73500,16,8000,500.0,4,0.0324272155761722,5.448126220703125,5.415699005126953,0.2210483259718143,0.0138155203732383,0.0552620814929535
4,2,16,0.75,0.7557,identity,3,2,8,0.5,56000,16,8000,500.0,4,0.0373634757995606,5.188464111328125,5.1511006355285645,0.2442843882816243,0.0152677742676015,0.061071097070406
4,2,16,0.75,0.7565,identity,4,2,8,0.5,78000,16,8000,500.0,4,0.028897369384766,5.118584716796875,5.089687347412109,0.3451694473188449,0.0215730904574278,0.0862923618297112
4,2,16,0.75,0.7515,relu,0,2,8,0.5,75500,16,8000,500.0,4,0.0356876754760744,5.09870361328125,5.063015937805176,1.4119115198903298,0.0882444699931456,0.3529778799725824
4,2,16,0.75,0.7511,relu,1,2,8,0.5,68500,16,8000,500.0,3,0.0348783683776856,5.44867431640625,5.4137959480285645,1.1942283516597971,0.0746392719787373,0.2239178159362119
4,2,16,0.75,0.7573,relu,2,2,8,0.5,89000,16,8000,500.0,3,0.0367895202636718,5.452488525390625,5.415699005126953,0.7919646615178483,0.0494977913448655,0.1484933740345965
4,2,16,0.75,0.7557,relu,3,2,8,0.5,73500,16,8000,500.0,5,0.0363473625183106,5.187447998046875,5.1511006355285645,1.1074927438141229,0.0692182964883826,0.3460914824419134
4,2,16,0.75,0.7565,relu,4,2,8,0.5,72000,16,8000,500.0,4,0.030109283447266,5.119796630859375,5.089687347412109,1.5451829306879097,0.0965739331679943,0.3862957326719773
4,2,16,1.0,1.0,identity,0,2,2,0.125,45000,16,8000,500.0,2,0.0180026626586915,5.531002197265625,5.512999534606934,4.7780592886312405,0.2986287055394525,0.5972574110789051
4,2,16,1.0,1.0,identity,1,2,2,0.125,42500,16,8000,500.0,1,0.0151411476135256,5.935552734375,5.920411586761475,10.278442484886437,0.6424026553054022,0.6424026553054022
4,2,16,1.0,1.0,identity,2,2,2,0.125,50000,16,8000,500.0,1,0.0151439018249508,5.83921435546875,5.824070453643799,3.276645423696438,0.2047903389810274,0.2047903389810274
4,2,16,1.0,1.0,identity,3,2,2,0.125,55500,16,8000,500.0,1,0.0167038497924805,5.566986328125,5.55028247833252,10.56179962601793,0.6601124766261206,0.6601124766261206
4,2,16,1.0,1.0,identity,4,2,2,0.125,42000,16,8000,500.0,1,0.0125560111999512,5.41304248046875,5.400486469268799,5.8746075662511705,0.3671629728906981,0.3671629728906981
4,2,16,1.0,1.0,relu,0,2,2,0.125,45000,16,8000,500.0,2,0.0151269302368159,5.52812646484375,5.512999534606934,6.169023070036742,0.3855639418772963,0.7711278837545927
4,2,16,1.0,1.0,relu,1,2,2,0.125,52500,16,8000,500.0,1,0.0116347999572754,5.93204638671875,5.920411586761475,13.840121726672958,0.8650076079170599,0.8650076079170599
4,2,16,1.0,1.0,relu,2,2,2,0.125,50000,16,8000,500.0,1,0.0132322807312013,5.837302734375,5.824070453643799,7.689491079546879,0.4805931924716799,0.4805931924716799
4,2,16,1.0,1.0,relu,3,2,2,0.125,49000,16,8000,500.0,2,0.01459154510498,5.5648740234375,5.55028247833252,7.173874161794806,0.4483671351121753,0.8967342702243507
4,2,16,1.0,1.0,relu,4,2,2,0.125,49000,16,8000,500.0,1,0.0104900932312013,5.4109765625,5.400486469268799,11.226558658726182,0.7016599161703864,0.7016599161703864
4,2,32,0.0,0.0,identity,0,0,6,0.188,66000,16,8000,250.0,4,0.0404878883361812,4.32096875,4.280480861663818,0.1232250853081863,0.0038507839158808,0.0154031356635232
4,2,32,0.0,0.0,identity,1,0,6,0.188,49500,16,8000,250.0,4,0.0459415779113765,4.423237548828125,4.377295970916748,0.1411501556218544,0.0044109423631829,0.0176437694527318
4,2,32,0.0,0.0,identity,2,0,6,0.188,40000,16,8000,250.0,3,0.0484823913574219,4.3489775390625,4.300495147705078,0.7450891168069907,0.0232840349002184,0.0698521047006553
4,2,32,0.0,0.0,identity,3,0,6,0.188,74500,16,8000,250.0,4,0.0391449661254883,4.449532958984375,4.410387992858887,0.112300496016386,0.003509390500512,0.0140375620020482
4,2,32,0.0,0.0,identity,4,0,6,0.188,60000,16,8000,250.0,3,0.0436818389892579,4.258523681640625,4.214841842651367,0.252514219585752,0.0078910693620547,0.0236732080861642
4,2,32,0.0,0.0,relu,0,0,6,0.188,54500,16,8000,250.0,6,0.0383870582580563,4.318867919921875,4.280480861663818,0.1739335090609829,0.0054354221581557,0.0326125329489343
4,2,32,0.0,0.0,relu,1,0,6,0.188,67500,16,8000,250.0,5,0.0363468513488767,4.413642822265625,4.377295970916748,0.0955690169136918,0.0029865317785528,0.0149326588927643
4,2,32,0.0,0.0,relu,2,0,6,0.188,51500,16,8000,250.0,5,0.0374367370605472,4.337931884765625,4.300495147705078,0.4010169230075277,0.0125317788439852,0.0626588942199262
4,2,32,0.0,0.0,relu,3,0,6,0.188,56500,16,8000,250.0,6,0.0362477493286128,4.4466357421875,4.410387992858887,0.145481893269335,0.0045463091646667,0.0272778549880003
4,2,32,0.0,0.0,relu,4,0,6,0.188,60500,16,8000,250.0,5,0.0367382354736331,4.251580078125,4.214841842651367,0.3209242672435998,0.0100288833513624,0.0501444167568124
4,2,32,0.25,0.2534,identity,0,2,8,0.25,48000,16,8000,250.0,4,0.0526144790649416,4.571595458984375,4.518980979919434,0.127367443270802,0.0039802326022125,0.0159209304088502
4,2,32,0.25,0.2525,identity,1,2,8,0.25,61500,16,8000,250.0,4,0.0469041366577149,4.691398193359375,4.64449405670166,0.0619465380190836,0.0019358293130963,0.0077433172523854
4,2,32,0.25,0.2566,identity,2,2,8,0.25,52000,16,8000,250.0,4,0.0481663970947261,4.632095458984375,4.583929061889648,0.4230754257981408,0.0132211070561919,0.0528844282247676
4,2,32,0.25,0.2546,identity,3,2,8,0.25,61000,16,8000,250.0,4,0.0477009086608886,4.60860302734375,4.560902118682861,0.1382229430156979,0.0043194669692405,0.0172778678769622
4,2,32,0.25,0.2548,identity,4,2,8,0.25,48500,16,8000,250.0,3,0.050451457977295,4.471453369140625,4.42100191116333,0.3373183775582223,0.0105411992986944,0.0316235978960833
4,2,32,0.25,0.2534,relu,0,2,8,0.25,58000,16,8000,250.0,5,0.043395240783691,4.562376220703125,4.518980979919434,0.5182719515550636,0.0161959984860957,0.0809799924304786
4,2,32,0.25,0.2525,relu,1,2,8,0.25,61500,16,8000,250.0,5,0.0418621444702145,4.686356201171875,4.64449405670166,0.291876690888957,0.0091211465902799,0.0456057329513995
4,2,32,0.25,0.2566,relu,2,2,8,0.25,51500,16,8000,250.0,5,0.0424659576416015,4.62639501953125,4.583929061889648,0.5506789029641637,0.0172087157176301,0.0860435785881505
4,2,32,0.25,0.2546,relu,3,2,8,0.25,60000,16,8000,250.0,5,0.0410143852233888,4.60191650390625,4.560902118682861,0.2744731770765986,0.0085772867836437,0.0428864339182185
4,2,32,0.25,0.2548,relu,4,2,8,0.25,60500,16,8000,250.0,5,0.0385259208679196,4.45952783203125,4.42100191116333,0.1291120328501757,0.0040347510265679,0.0201737551328399
4,2,32,0.5,0.5036,identity,0,2,8,0.25,70500,16,8000,250.0,4,0.0430475845336912,4.780229248046875,4.737181663513184,0.3511549091344915,0.0109735909104528,0.0438943636418114
4,2,32,0.5,0.5026,identity,1,2,8,0.25,46000,16,8000,250.0,4,0.048765693664551,5.035249267578125,4.986483573913574,0.3067474951129053,0.0095858592222782,0.0383434368891131
4,2,32,0.5,0.5091,identity,2,2,8,0.25,49500,16,8000,250.0,4,0.0476703834533687,5.02323486328125,4.975564479827881,0.4493197710560768,0.0140412428455024,0.0561649713820096
4,2,32,0.5,0.5067,identity,3,2,8,0.25,60000,16,8000,250.0,4,0.047883460998535,4.878731201171875,4.83084774017334,0.2005201370893362,0.0062662542840417,0.025065017136167
4,2,32,0.5,0.5073,identity,4,2,8,0.25,65500,16,8000,250.0,4,0.0417560119628905,4.79715380859375,4.755397796630859,0.2473432579972481,0.007729476812414,0.030917907249656
4,2,32,0.5,0.5036,relu,0,2,8,0.25,54500,16,8000,250.0,5,0.0413273696899416,4.778509033203125,4.737181663513184,1.0450179732281826,0.0326568116633807,0.1632840583169035
4,2,32,0.5,0.5026,relu,1,2,8,0.25,56000,16,8000,250.0,5,0.0401167678833012,5.026600341796875,4.986483573913574,0.3486698965976355,0.0108959342686761,0.0544796713433805
4,2,32,0.5,0.5091,relu,2,2,8,0.25,55000,16,8000,250.0,5,0.0411676979064941,5.016732177734375,4.975564479827881,0.4580599578048194,0.0143143736814006,0.071571868407003
4,2,32,0.5,0.5067,relu,3,2,8,0.25,53000,16,8000,250.0,5,0.0430414199829103,4.87388916015625,4.83084774017334,0.9542700776289262,0.0298209399259039,0.1491046996295197
4,2,32,0.5,0.5073,relu,4,2,8,0.25,65500,16,8000,250.0,5,0.0372960510253905,4.79269384765625,4.755397796630859,0.8200763761294526,0.0256273867540453,0.1281369337702269
4,2,32,0.75,0.7515,identity,0,2,8,0.25,39500,16,8000,250.0,4,0.0459415817260744,5.10895751953125,5.063015937805176,0.75826608063239,0.0236958150197621,0.0947832600790487
4,2,32,0.75,0.7511,identity,1,2,8,0.25,36500,16,8000,250.0,4,0.0453400382995603,5.459135986328125,5.4137959480285645,0.8258571402909701,0.0258080356340928,0.1032321425363712
4,2,32,0.75,0.7573,identity,2,2,8,0.25,57500,16,8000,250.0,3,0.039253387451172,5.454952392578125,5.415699005126953,1.0766341994894673,0.0336448187340458,0.1009344562021375
4,2,32,0.75,0.7557,identity,3,2,8,0.25,34500,16,8000,250.0,4,0.0502140617370603,5.201314697265625,5.1511006355285645,1.3894344479881144,0.0434198264996285,0.1736793059985143
4,2,32,0.75,0.7565,identity,4,2,8,0.25,58000,16,8000,250.0,4,0.0365841369628903,5.126271484375,5.089687347412109,0.5662356487780298,0.0176948640243134,0.0707794560972537
4,2,32,0.75,0.7515,relu,0,2,8,0.25,52500,16,8000,250.0,4,0.0383585739135741,5.10137451171875,5.063015937805176,2.5032652364219783,0.0782270386381868,0.3129081545527473
4,2,32,0.75,0.7511,relu,1,2,8,0.25,58000,16,8000,250.0,4,0.0345880851745601,5.448384033203125,5.4137959480285645,1.423959495332511,0.0444987342291409,0.1779949369165638
4,2,32,0.75,0.7573,relu,2,2,8,0.25,58000,16,8000,250.0,4,0.0364054870605468,5.4521044921875,5.415699005126953,1.1757867949343113,0.0367433373416972,0.1469733493667889
4,2,32,0.75,0.7557,relu,3,2,8,0.25,54500,16,8000,250.0,6,0.0386222648620604,5.189722900390625,5.1511006355285645,1.6553254221405165,0.0517289194418911,0.3103735166513468
4,2,32,0.75,0.7565,relu,4,2,8,0.25,51000,16,8000,250.0,4,0.0344239807128907,5.124111328125,5.089687347412109,3.5769300242729534,0.1117790632585297,0.4471162530341191
4,2,32,1.0,1.0,identity,0,2,2,0.062,54000,16,8000,250.0,2,0.0182638931274414,5.531263427734375,5.512999534606934,7.476789669835733,0.2336496771823666,0.4672993543647333
4,2,32,1.0,1.0,identity,1,2,2,0.062,45000,16,8000,250.0,1,0.0170791358947752,5.93749072265625,5.920411586761475,26.561111873209505,0.830034746037797,0.830034746037797
4,2,32,1.0,1.0,identity,2,2,2,0.062,50000,16,8000,250.0,1,0.0176304740905761,5.841700927734375,5.824070453643799,8.928049621181184,0.279001550661912,0.279001550661912
4,2,32,1.0,1.0,identity,3,2,2,0.062,35500,16,8000,250.0,2,0.0221262130737303,5.57240869140625,5.55028247833252,12.809470256683412,0.4002959455213566,0.8005918910427133
4,2,32,1.0,1.0,identity,4,2,2,0.062,43500,16,8000,250.0,1,0.0149107475280763,5.415397216796875,5.400486469268799,16.7474158365865,0.5233567448933282,0.5233567448933282
4,2,32,1.0,1.0,relu,0,2,2,0.062,45000,16,8000,250.0,2,0.0158576431274415,5.528857177734375,5.512999534606934,12.073141157187717,0.3772856611621161,0.7545713223242323
4,2,32,1.0,1.0,relu,1,2,2,0.062,37500,16,8000,250.0,2,0.0144399757385249,5.9348515625,5.920411586761475,14.108956144103264,0.440904879503227,0.881809759006454
4,2,32,1.0,1.0,relu,2,2,2,0.062,41000,16,8000,250.0,2,0.0149029350280764,5.838973388671875,5.824070453643799,10.01684012827871,0.3130262540087097,0.6260525080174194
4,2,32,1.0,1.0,relu,3,2,2,0.062,45000,16,8000,250.0,2,0.0166625900268551,5.566945068359375,5.55028247833252,13.345662868317673,0.4170519646349273,0.8341039292698545
4,2,32,1.0,1.0,relu,4,2,2,0.062,33500,16,8000,250.0,1,0.0125091361999514,5.41299560546875,5.400486469268799,24.44769475868107,0.7639904612087834,0.7639904612087834
4,2,64,0.0,0.0,identity,0,0,6,0.094,44500,16,8000,125.0,4,0.0542867164611813,4.334767578125,4.280480861663818,0.2455099411150436,0.0038360928299225,0.0153443713196902
4,2,64,0.0,0.0,identity,1,0,6,0.094,49500,16,8000,125.0,4,0.0521200447082517,4.429416015625,4.377295970916748,0.7401226119434325,0.0115644158116161,0.0462576632464645
4,2,64,0.0,0.0,identity,2,0,6,0.094,40000,16,8000,125.0,4,0.0561720886230467,4.356667236328125,4.300495147705078,0.7263940415636271,0.0113499068994316,0.0453996275977266
4,2,64,0.0,0.0,identity,3,0,6,0.094,59000,16,8000,125.0,4,0.0510243606567382,4.461412353515625,4.410387992858887,0.2867151740096309,0.0044799245939004,0.0179196983756019
4,2,64,0.0,0.0,identity,4,0,6,0.094,61000,16,8000,125.0,4,0.0508727569580074,4.265714599609375,4.214841842651367,0.3002617676278593,0.0046915901191853,0.0187663604767412
4,2,64,0.0,0.0,relu,0,0,6,0.094,42500,16,8000,125.0,5,0.0444861793518063,4.324967041015625,4.280480861663818,0.2073102299566806,0.0032392223430731,0.0161961117153656
4,2,64,0.0,0.0,relu,1,0,6,0.094,41000,16,8000,125.0,5,0.0470416755676268,4.424337646484375,4.377295970916748,0.2494611031471747,0.0038978297366746,0.019489148683373
4,2,64,0.0,0.0,relu,2,0,6,0.094,50000,16,8000,125.0,6,0.0438251647949217,4.3443203125,4.300495147705078,0.2616134653167981,0.0040877103955749,0.0245262623734498
4,2,64,0.0,0.0,relu,3,0,6,0.094,47000,16,8000,125.0,6,0.0431095657348636,4.45349755859375,4.410387992858887,0.2077698682935291,0.0032464041920863,0.0194784251525183
4,2,64,0.0,0.0,relu,4,0,6,0.094,46500,16,8000,125.0,6,0.0447794952392577,4.259621337890625,4.214841842651367,0.214511122086057,0.0033517362825946,0.0201104176955678
4,2,64,0.25,0.2534,identity,0,2,8,0.125,41500,16,8000,125.0,4,0.0631000747680667,4.5820810546875,4.518980979919434,0.3345973755676937,0.0052280839932452,0.0209123359729808
4,2,64,0.25,0.2525,identity,1,2,8,0.125,52500,16,8000,125.0,4,0.0569131698608398,4.7014072265625,4.64449405670166,0.6160167333938749,0.0096252614592792,0.0385010458371171
4,2,64,0.25,0.2566,identity,2,2,8,0.125,41500,16,8000,125.0,4,0.0616090240478515,4.6455380859375,4.583929061889648,0.9978015712210356,0.0155906495503286,0.0623625982013147
4,2,64,0.25,0.2546,identity,3,2,8,0.125,61000,16,8000,125.0,4,0.0552402153015139,4.616142333984375,4.560902118682861,0.2995836056911802,0.0046809938389246,0.0187239753556987
4,2,64,0.25,0.2548,identity,4,2,8,0.125,48000,16,8000,125.0,4,0.0585342216491699,4.4795361328125,4.42100191116333,0.3468838891112311,0.0054200607673629,0.0216802430694519
4,2,64,0.25,0.2534,relu,0,2,8,0.125,49000,16,8000,125.0,6,0.0515790786743162,4.57056005859375,4.518980979919434,0.5019954169619277,0.0078436783900301,0.0470620703401807
4,2,64,0.25,0.2525,relu,1,2,8,0.125,38500,16,8000,125.0,5,0.0521870956420897,4.69668115234375,4.64449405670166,0.6272855422984863,0.0098013365984138,0.0490066829920692
4,2,64,0.25,0.2566,relu,2,2,8,0.125,39500,16,8000,125.0,5,0.0511292877197266,4.635058349609375,4.583929061889648,0.3810076515168408,0.0059532445549506,0.0297662227747531
4,2,64,0.25,0.2546,relu,3,2,8,0.125,46000,16,8000,125.0,6,0.0525441703796385,4.6134462890625,4.560902118682861,0.7417927590336574,0.0115905118599008,0.0695430711594053
4,2,64,0.25,0.2548,relu,4,2,8,0.125,66000,16,8000,125.0,6,0.0470088310241703,4.4680107421875,4.42100191116333,0.4239320337840464,0.0066239380278757,0.0397436281672543
4,2,64,0.5,0.5036,identity,0,2,8,0.125,40500,16,8000,125.0,4,0.0598366470336912,4.797018310546875,4.737181663513184,0.4166067156417192,0.0065094799319018,0.0260379197276074
4,2,64,0.5,0.5026,identity,1,2,8,0.125,69500,16,8000,125.0,4,0.049789863586426,5.0362734375,4.986483573913574,1.113834086889968,0.0174036576076557,0.0696146304306229
4,2,64,0.5,0.5091,identity,2,2,8,0.125,25000,16,8000,125.0,4,0.0713908424377445,5.046955322265625,4.975564479827881,0.8577844660979188,0.0134028822827799,0.0536115291311199
4,2,64,0.5,0.5067,identity,3,2,8,0.125,46000,16,8000,125.0,4,0.0612789688110355,4.892126708984375,4.83084774017334,0.3932884093694699,0.0061451313963979,0.0245805255855918
4,2,64,0.5,0.5073,identity,4,2,8,0.125,72500,16,8000,125.0,4,0.0485216369628904,4.80391943359375,4.755397796630859,0.5276696625123786,0.0082448384767559,0.0329793539070236
4,2,64,0.5,0.5036,relu,0,2,8,0.125,63500,16,8000,125.0,6,0.0463112564086918,4.783492919921875,4.737181663513184,1.8108191549396735,0.0282940492959324,0.1697642957755944
4,2,64,0.5,0.5026,relu,1,2,8,0.125,46500,16,8000,125.0,6,0.0482327346801758,5.03471630859375,4.986483573913574,1.227851430158288,0.0191851785962232,0.1151110715773394
4,2,64,0.5,0.5091,relu,2,2,8,0.125,39500,16,8000,125.0,5,0.0505004615783688,5.02606494140625,4.975564479827881,0.5811201713255233,0.0090800026769613,0.0454000133848065
4,2,64,0.5,0.5067,relu,3,2,8,0.125,44500,16,8000,125.0,6,0.0527613906860349,4.883609130859375,4.83084774017334,1.4594707604915935,0.0228042306326811,0.1368253837960869
4,2,64,0.5,0.5073,relu,4,2,8,0.125,46500,16,8000,125.0,6,0.0472074279785159,4.802605224609375,4.755397796630859,1.5636787612631504,0.0244324806447367,0.1465948838684203
4,2,64,0.75,0.7515,identity,0,2,8,0.125,41500,16,8000,125.0,4,0.0534357223510744,5.11645166015625,5.063015937805176,0.9008887941669994,0.0140763874088593,0.0563055496354374
4,2,64,0.75,0.7511,identity,1,2,8,0.125,50000,16,8000,125.0,4,0.0479308586120605,5.461726806640625,5.4137959480285645,2.1661806568405275,0.0338465727631332,0.1353862910525329
4,2,64,0.75,0.7573,identity,2,2,8,0.125,37500,16,8000,125.0,4,0.0548324890136715,5.470531494140625,5.415699005126953,0.9091555808591992,0.0142055559509249,0.0568222238036999
4,2,64,0.75,0.7557,identity,3,2,8,0.125,64500,16,8000,125.0,4,0.0492882804870609,5.200388916015625,5.1511006355285645,0.6534810866382476,0.0102106419787226,0.0408425679148904
4,2,64,0.75,0.7565,identity,4,2,8,0.125,55500,16,8000,125.0,4,0.0448119201660155,5.134499267578125,5.089687347412109,2.446901925123401,0.0382328425800531,0.1529313703202126
4,2,64,0.75,0.7515,relu,0,2,8,0.125,35000,16,8000,125.0,5,0.0479735641479495,5.110989501953125,5.063015937805176,3.507523511719846,0.0548050548706225,0.2740252743531129
4,2,64,0.75,0.7511,relu,1,2,8,0.125,44000,16,8000,125.0,4,0.0433336906433101,5.457129638671875,5.4137959480285645,3.4222619478709744,0.0534728429354839,0.2138913717419359
4,2,64,0.75,0.7573,relu,2,2,8,0.125,54000,16,8000,125.0,5,0.0433876647949222,5.459086669921875,5.415699005126953,2.457925006290357,0.0384050782232868,0.1920253911164341
4,2,64,0.75,0.7557,relu,3,2,8,0.125,52500,16,8000,125.0,6,0.0462614250183106,5.197362060546875,5.1511006355285645,3.3621107822154968,0.0525329809721171,0.3151978858327028
4,2,64,0.75,0.7565,relu,4,2,8,0.125,51000,16,8000,125.0,4,0.0387726135253903,5.1284599609375,5.089687347412109,5.893970085428411,0.0920932825848189,0.3683731303392757
4,2,64,1.0,1.0,identity,0,2,2,0.031,35000,16,8000,125.0,2,0.0266530532836917,5.539652587890625,5.512999534606934,17.573957500561868,0.2745930859462792,0.5491861718925584
4,2,64,1.0,1.0,identity,1,2,2,0.031,37000,16,8000,125.0,1,0.0239233741760251,5.9443349609375,5.920411586761475,52.34626946623908,0.8179104604099856,0.8179104604099856
4,2,64,1.0,1.0,identity,2,2,2,0.031,36500,16,8000,125.0,2,0.0250506401062011,5.84912109375,5.824070453643799,10.786253131074217,0.1685352051730346,0.3370704103460692
4,2,64,1.0,1.0,identity,3,2,2,0.031,28500,16,8000,125.0,1,0.0308154220581053,5.581097900390625,5.55028247833252,45.71678635213451,0.7143247867521018,0.7143247867521018
4,2,64,1.0,1.0,identity,4,2,2,0.031,28500,16,8000,125.0,1,0.0228851127624514,5.42337158203125,5.400486469268799,38.57959026758902,0.6028060979310784,0.6028060979310784
4,2,64,1.0,1.0,relu,0,2,2,0.031,45000,16,8000,125.0,2,0.0177148208618165,5.53071435546875,5.512999534606934,22.16314759266569,0.3462991811354014,0.6925983622708028
4,2,64,1.0,1.0,relu,1,2,2,0.031,34500,16,8000,125.0,1,0.0163227882385257,5.936734375,5.920411586761475,47.26774499304954,0.7385585155163991,0.7385585155163991
4,2,64,1.0,1.0,relu,2,2,2,0.031,40500,16,8000,125.0,2,0.016989116668701,5.8410595703125,5.824070453643799,18.96062958524702,0.2962598372694847,0.5925196745389694
4,2,64,1.0,1.0,relu,3,2,2,0.031,43500,16,8000,125.0,2,0.0179406661987302,5.56822314453125,5.55028247833252,26.385275643588557,0.4122699319310711,0.8245398638621423
4,2,64,1.0,1.0,relu,4,2,2,0.031,33500,16,8000,125.0,1,0.013902202606201,5.414388671875,5.400486469268799,45.14187780949854,0.7053418407734147,0.7053418407734147
4,2,96,0.0,0.0,identity,0,0,6,0.062,44500,16,8000,83.3,4,0.0622627906799317,4.34274365234375,4.280480861663818,0.2368018087213822,0.0024666855075143,0.0098667420300575
4,2,96,0.0,0.0,identity,1,0,6,0.062,65500,16,8000,83.3,4,0.0558561286926266,4.433152099609375,4.377295970916748,0.354451567142407,0.0036922038244,0.0147688152976002
4,2,96,0.0,0.0,identity,2,0,6,0.062,40000,16,8000,83.3,4,0.0637826843261715,4.36427783203125,4.300495147705078,0.3295993743888455,0.0034333268165504,0.0137333072662019
4,2,96,0.0,0.0,identity,3,0,6,0.062,44500,16,8000,83.3,4,0.0634757766723632,4.47386376953125,4.410387992858887,0.5263659935467485,0.0054829790994452,0.0219319163977811
4,2,96,0.0,0.0,identity,4,0,6,0.062,52500,16,8000,83.3,4,0.0600158233642575,4.274857666015625,4.214841842651367,0.3213824198540472,0.0033477335401463,0.0133909341605853
4,2,96,0.0,0.0,relu,0,0,6,0.062,66500,16,8000,83.3,6,0.0449058570861815,4.32538671875,4.280480861663818,0.2687022580693855,0.0027989818548894,0.0167938911293365
4,2,96,0.0,0.0,relu,1,0,6,0.062,42000,16,8000,83.3,6,0.050303882598877,4.427599853515625,4.377295970916748,0.232363029846812,0.0024204482275709,0.0145226893654257
4,2,96,0.0,0.0,relu,2,0,6,0.062,40000,16,8000,83.3,7,0.0492690124511714,4.34976416015625,4.300495147705078,0.327862672550228,0.0034152361723982,0.0239066532067874
4,2,96,0.0,0.0,relu,3,0,6,0.062,45000,16,8000,83.3,7,0.048582221984863,4.45897021484375,4.410387992858887,0.3935298958643011,0.0040992697485864,0.0286948882401052
4,2,96,0.0,0.0,relu,4,0,6,0.062,46500,16,8000,83.3,6,0.0468874053955081,4.261729248046875,4.214841842651367,0.3188656163794238,0.0033215168372856,0.0199291010237139
4,2,96,0.25,0.2534,identity,0,2,8,0.083,59000,16,8000,83.3,4,0.0642851333618166,4.58326611328125,4.518980979919434,0.5539100232171358,0.0057698960751784,0.0230795843007139
4,2,96,0.25,0.2525,identity,1,2,8,0.083,74500,16,8000,83.3,4,0.060031578063965,4.704525634765625,4.64449405670166,0.9045689306048926,0.0094225930271342,0.0376903721085371
4,2,96,0.25,0.2566,identity,2,2,8,0.083,52000,16,8000,83.3,4,0.0643099517822269,4.648239013671875,4.583929061889648,0.6062129118040077,0.0063147178312917,0.0252588713251669
4,2,96,0.25,0.2546,identity,3,2,8,0.083,61000,16,8000,83.3,3,0.0643825492858889,4.62528466796875,4.560902118682861,0.5515150559909875,0.0057449484999061,0.0172348454997183
4,2,96,0.25,0.2548,identity,4,2,8,0.083,66500,16,8000,83.3,3,0.059454387664795,4.480456298828125,4.42100191116333,0.5042242794815293,0.0052523362445992,0.0157570087337977
4,2,96,0.25,0.2534,relu,0,2,8,0.083,49000,16,8000,83.3,6,0.0559562759399412,4.574937255859375,4.518980979919434,0.7800772067124655,0.0081258042365881,0.0487548254195291
4,2,96,0.25,0.2525,relu,1,2,8,0.083,52500,16,8000,83.3,6,0.054333335876465,4.698827392578125,4.64449405670166,0.7141755746681154,0.0074393289027928,0.0446359734167572
4,2,96,0.25,0.2566,relu,2,2,8,0.083,39500,16,8000,83.3,5,0.0560235748291013,4.63995263671875,4.583929061889648,0.5055820656150409,0.0052664798501566,0.0263323992507833
4,2,96,0.25,0.2546,relu,3,2,8,0.083,48000,16,8000,83.3,6,0.0570080375671384,4.61791015625,4.560902118682861,1.0297783594818757,0.0107268579112695,0.0643611474676172
4,2,96,0.25,0.2548,relu,4,2,8,0.083,41500,16,8000,83.3,5,0.0549565849304203,4.47595849609375,4.42100191116333,0.6299299749986954,0.006561770572903,0.0328088528645153
4,2,96,0.5,0.5036,identity,0,2,8,0.083,38500,16,8000,83.3,4,0.0690087661743161,4.8061904296875,4.737181663513184,0.7589145671276514,0.0079053600742463,0.0316214402969854
4,2,96,0.5,0.5026,identity,1,2,8,0.083,46000,16,8000,83.3,4,0.0647466506958007,5.051230224609375,4.986483573913574,0.5527007780043253,0.0057572997708783,0.0230291990835135
4,2,96,0.5,0.5091,identity,2,2,8,0.083,49500,16,8000,83.3,4,0.0635815162658692,5.03914599609375,4.975564479827881,0.5581738802449,0.005814311252551,0.0232572450102041
4,2,96,0.5,0.5067,identity,3,2,8,0.083,60000,16,8000,83.3,4,0.0637684707641605,4.8946162109375,4.83084774017334,0.2341052719266668,0.0024385965825694,0.0097543863302777
4,2,96,0.5,0.5073,identity,4,2,8,0.083,69000,16,8000,83.3,4,0.0570421447753908,4.81243994140625,4.755397796630859,1.0203542644075256,0.010628690254245,0.0425147610169802
4,2,96,0.5,0.5036,relu,0,2,8,0.083,52500,16,8000,83.3,6,0.0537419204711913,4.790923583984375,4.737181663513184,1.9640204906036156,0.0204585467771209,0.1227512806627259
4,2,96,0.5,0.5026,relu,1,2,8,0.083,58500,16,8000,83.3,6,0.0495320510864258,5.036015625,4.986483573913574,1.3905435937420114,0.0144848291014792,0.0869089746088757
4,2,96,0.5,0.5091,relu,2,2,8,0.083,38500,16,8000,83.3,5,0.0560070533752439,5.031571533203125,4.975564479827881,0.9061604326616636,0.0094391711735589,0.0471958558677949
4,2,96,0.5,0.5067,relu,3,2,8,0.083,37500,16,8000,83.3,6,0.05827677154541,4.88912451171875,4.83084774017334,2.273326155827487,0.0236804807898696,0.1420828847392179
4,2,96,0.5,0.5073,relu,4,2,8,0.083,49000,16,8000,83.3,5,0.0493590393066405,4.8047568359375,4.755397796630859,2.787401080076485,0.0290354279174633,0.1451771395873169
4,2,96,0.75,0.7515,identity,0,2,8,0.083,47500,16,8000,83.3,4,0.0591942672729493,5.122210205078125,5.063015937805176,1.6859422936902286,0.0175618988926065,0.0702475955704261
4,2,96,0.75,0.7511,identity,1,2,8,0.083,54500,16,8000,83.3,4,0.0564074211120608,5.470203369140625,5.4137959480285645,2.794917058743304,0.0291137193619094,0.1164548774476376
4,2,96,0.75,0.7573,identity,2,2,8,0.083,43500,16,8000,83.3,4,0.0605990905761721,5.476298095703125,5.415699005126953,1.180625408449174,0.0122981813380122,0.0491927253520489
4,2,96,0.75,0.7557,identity,3,2,8,0.083,32000,16,8000,83.3,4,0.0682362785339352,5.2193369140625,5.1511006355285645,2.124448578574288,0.0221296726934821,0.0885186907739286
4,2,96,0.75,0.7565,identity,4,2,8,0.083,48000,16,8000,83.3,4,0.0556300354003909,5.1453173828125,5.089687347412109,3.473080905033646,0.0361779260941004,0.1447117043764019
4,2,96,0.75,0.7515,relu,0,2,8,0.083,35000,16,8000,83.3,5,0.0520575485229493,5.115073486328125,5.063015937805176,5.139277018327181,0.0535341356075748,0.267670678037874
4,2,96,0.75,0.7511,relu,1,2,8,0.083,35000,16,8000,83.3,5,0.0500441398620603,5.463840087890625,5.4137959480285645,4.081086112918231,0.0425113136762315,0.2125565683811578
4,2,96,0.75,0.7573,relu,2,2,8,0.083,54000,16,8000,83.3,5,0.0469880065917971,5.46268701171875,5.415699005126953,3.3574718090509745,0.0349736646776143,0.1748683233880716
4,2,96,0.75,0.7557,relu,3,2,8,0.083,47000,16,8000,83.3,6,0.0494264640808106,5.200527099609375,5.1511006355285645,4.341317669440513,0.045222059056672,0.271332354340032
4,2,96,0.75,0.7565,relu,4,2,8,0.083,60500,16,8000,83.3,4,0.0407494201660156,5.130436767578125,5.089687347412109,10.190831905688336,0.1061544990175868,0.4246179960703473
4,2,96,1.0,1.0,identity,0,2,2,0.021,35000,16,8000,83.3,1,0.034501686096191,5.547501220703125,5.512999534606934,41.78568307373341,0.4352675320180563,0.4352675320180563
4,2,96,1.0,1.0,identity,1,2,2,0.021,20500,16,8000,83.3,1,0.0343591651916508,5.954770751953125,5.920411586761475,82.6167805567514,0.860591464132827,0.860591464132827
4,2,96,1.0,1.0,identity,2,2,2,0.021,36500,16,8000,83.3,1,0.0312774467468264,5.855347900390625,5.824070453643799,24.614326698381557,0.2563992364414745,0.2563992364414745
4,2,96,1.0,1.0,identity,3,2,2,0.021,34000,16,8000,83.3,1,0.0353059005737304,5.58558837890625,5.55028247833252,72.73595268322146,0.7576661737835568,0.7576661737835568
4,2,96,1.0,1.0,identity,4,2,2,0.021,18500,16,8000,83.3,1,0.0315186576843258,5.432005126953125,5.400486469268799,62.86905630945388,0.6548860032234779,0.6548860032234779
4,2,96,1.0,1.0,relu,0,2,2,0.021,38500,16,8000,83.3,2,0.0200680923461913,5.533067626953125,5.512999534606934,34.91737932835197,0.3637227013369997,0.7274454026739994
4,2,96,1.0,1.0,relu,1,2,2,0.021,44000,16,8000,83.3,1,0.0161323585510251,5.9365439453125,5.920411586761475,78.84337753324813,0.8212851826380013,0.8212851826380013
4,2,96,1.0,1.0,relu,2,2,2,0.021,40500,16,8000,83.3,2,0.0180289115905765,5.842099365234375,5.824070453643799,25.787604931072227,0.268620884698669,0.537241769397338
4,2,96,1.0,1.0,relu,3,2,2,0.021,33500,16,8000,83.3,2,0.0216723556518552,5.571954833984375,5.55028247833252,37.90940409099836,0.3948896259478995,0.7897792518957991
4,2,96,1.0,1.0,relu,4,2,2,0.021,33500,16,8000,83.3,1,0.0146717338562014,5.415158203125,5.400486469268799,72.46853776303658,0.7548806016982977,0.7548806016982977
4,4,16,0.0,0.0,identity,0,0,8,0.5,95500,16,8000,500.0,4,0.0390514717102048,4.23569482421875,4.196643352508545,0.1047602375262181,0.0065475148453886,0.0261900593815545
4,4,16,0.0,0.0,identity,1,0,8,0.5,77000,16,8000,500.0,4,0.0423339729309084,4.23337353515625,4.191039562225342,0.0437518881137869,0.0027344930071116,0.0109379720284467
4,4,16,0.0,0.0,identity,2,0,8,0.5,73000,16,8000,500.0,4,0.0424261741638183,4.12113720703125,4.078711032867432,0.0486795687497314,0.0030424730468582,0.0121698921874328
4,4,16,0.0,0.0,identity,3,0,8,0.5,81500,16,8000,500.0,4,0.0408019828796391,4.207294921875,4.166492938995361,0.0440212516066008,0.0027513282254125,0.0110053129016502
4,4,16,0.0,0.0,identity,4,0,8,0.5,61000,16,8000,500.0,3,0.0464933738708497,4.11067041015625,4.0641770362854,0.0491592204599912,0.0030724512787494,0.0092173538362483
4,4,16,0.0,0.0,relu,0,0,8,0.5,66500,16,8000,500.0,4,0.0477128486633304,4.244356201171875,4.196643352508545,0.1270183810837703,0.0079386488177356,0.0317545952709425
4,4,16,0.0,0.0,relu,1,0,8,0.5,71000,16,8000,500.0,4,0.0447084846496581,4.235748046875,4.191039562225342,0.077597694448296,0.0048498559030185,0.019399423612074
4,4,16,0.0,0.0,relu,2,0,8,0.5,65500,16,8000,500.0,4,0.0455790061950684,4.1242900390625,4.078711032867432,0.0532617506459084,0.0033288594153692,0.0133154376614771
4,4,16,0.0,0.0,relu,3,0,8,0.5,94500,16,8000,500.0,5,0.0403283500671385,4.2068212890625,4.166492938995361,0.1443192438516007,0.009019952740725,0.0450997637036252
4,4,16,0.0,0.0,relu,4,0,8,0.5,69000,16,8000,500.0,4,0.0453617820739742,4.109538818359375,4.0641770362854,0.0736611692689405,0.0046038230793087,0.0184152923172351
4,4,16,0.25,0.2538,identity,0,4,12,0.75,57000,16,8000,500.0,4,0.0566796455383302,4.3888515625,4.33217191696167,0.041243331074365,0.0025777081921478,0.0103108327685912
4,4,16,0.25,0.2526,identity,1,4,12,0.75,68500,16,8000,500.0,4,0.0520166702270508,4.4930595703125,4.441042900085449,0.0821917424968737,0.0051369839060546,0.0205479356242184
4,4,16,0.25,0.2581,identity,2,4,12,0.75,60500,16,8000,500.0,3,0.0548580856323246,4.369430419921875,4.314572334289551,0.0529459053879053,0.003309119086744,0.0099273572602322
4,4,16,0.25,0.2548,identity,3,4,12,0.75,96000,16,8000,500.0,3,0.0462504005432125,4.49109130859375,4.444840908050537,0.0503996634726796,0.0031499789670424,0.0094499369011274
4,4,16,0.25,0.2548,identity,4,4,12,0.75,63000,16,8000,500.0,4,0.0529308967590331,4.406629150390625,4.353698253631592,0.0604663792222103,0.0037791487013881,0.0151165948055525
4,4,16,0.25,0.2538,relu,0,4,12,0.75,103000,16,8000,500.0,4,0.0593549385070799,4.39152685546875,4.33217191696167,0.2050498404927261,0.0128156150307953,0.0512624601231815
4,4,16,0.25,0.2526,relu,1,4,12,0.75,96000,16,8000,500.0,4,0.0555947952270505,4.4966376953125,4.441042900085449,0.2100894668288895,0.0131305916768055,0.0525223667072223
4,4,16,0.25,0.2581,relu,2,4,12,0.75,94000,16,8000,500.0,4,0.0703009567260739,4.384873291015625,4.314572334289551,0.249328031168058,0.0155830019480036,0.0623320077920145
4,4,16,0.25,0.2548,relu,3,4,12,0.75,124000,16,8000,500.0,4,0.0555948829650878,4.500435791015625,4.444840908050537,0.1415420229425571,0.0088463764339098,0.0353855057356392
4,4,16,0.25,0.2548,relu,4,4,12,0.75,98000,16,8000,500.0,4,0.0531791877746581,4.40687744140625,4.353698253631592,0.3139386257848489,0.019621164111553,0.0784846564462122
4,4,16,0.5,0.5048,identity,0,4,12,0.75,85500,16,8000,500.0,4,0.0473638458251954,4.62541064453125,4.578046798706055,0.0315349048689243,0.0019709315543077,0.007883726217231
4,4,16,0.5,0.5033,identity,1,4,12,0.75,92500,16,8000,500.0,4,0.0447506523132323,4.85019775390625,4.805447101593018,0.0450824722195923,0.0028176545137245,0.011270618054898
4,4,16,0.5,0.5119,identity,2,4,12,0.75,70000,16,8000,500.0,4,0.0508071022033691,4.599064453125,4.548257350921631,0.0387540603760637,0.0024221287735039,0.0096885150940159
4,4,16,0.5,0.5068,identity,3,4,12,0.75,67500,16,8000,500.0,3,0.0502417526245118,4.76427392578125,4.714032173156738,0.0371692765627801,0.0023230797851737,0.0069692393555212
4,4,16,0.5,0.507,identity,4,4,12,0.75,96000,16,8000,500.0,4,0.0440789413452149,4.7946826171875,4.750603675842285,0.0411379190016436,0.0025711199376027,0.0102844797504109
4,4,16,0.5,0.5048,relu,0,4,12,0.75,96500,16,8000,500.0,4,0.0649883575439451,4.64303515625,4.578046798706055,0.573764415641002,0.0358602759775626,0.1434411039102505
4,4,16,0.5,0.5033,relu,1,4,12,0.75,87500,16,8000,500.0,4,0.0591830253601077,4.864630126953125,4.805447101593018,0.5087182085325175,0.0317948880332823,0.1271795521331293
4,4,16,0.5,0.5119,relu,2,4,12,0.75,97000,16,8000,500.0,4,0.0602138404846188,4.60847119140625,4.548257350921631,0.3852860986191869,0.0240803811636991,0.0963215246547967
4,4,16,0.5,0.5068,relu,3,4,12,0.75,107000,16,8000,500.0,4,0.0559763717651371,4.770008544921875,4.714032173156738,0.2731644802723243,0.0170727800170202,0.068291120068081
4,4,16,0.5,0.507,relu,4,4,12,0.75,71000,16,8000,500.0,4,0.0625325546264647,4.81313623046875,4.750603675842285,0.3329562974572733,0.0208097685910795,0.0832390743643183
4,4,16,0.75,0.7532,identity,0,4,12,0.75,87500,16,8000,500.0,4,0.0430104827880857,4.91277099609375,4.869760513305664,0.0478906420620204,0.0029931651288762,0.0119726605155051
4,4,16,0.75,0.7522,identity,1,4,12,0.75,83000,16,8000,500.0,4,0.0408674087524412,5.26886328125,5.227995872497559,0.0448701908843688,0.002804386930273,0.0112175477210922
4,4,16,0.75,0.7604,identity,2,4,12,0.75,74000,16,8000,500.0,4,0.0448400459289555,4.88906640625,4.844226360321045,0.1266829210418565,0.007917682565116,0.0316707302604641
4,4,16,0.75,0.7557,identity,3,4,12,0.75,75000,16,8000,500.0,4,0.0439677391052244,5.0849208984375,5.040953159332275,0.0696115823708585,0.0043507238981786,0.0174028955927146
4,4,16,0.75,0.756,identity,4,4,12,0.75,69000,16,8000,500.0,3,0.0440338859558107,5.2815908203125,5.2375569343566895,0.1162238537043602,0.0072639908565225,0.0217919725695675
4,4,16,0.75,0.7532,relu,0,4,12,0.75,90500,16,8000,500.0,4,0.0647614593505858,4.93452197265625,4.869760513305664,1.1496619810014734,0.071853873812592,0.2874154952503683
4,4,16,0.75,0.7522,relu,1,4,12,0.75,96000,16,8000,500.0,4,0.0584636001586913,5.28645947265625,5.227995872497559,1.1532866980042378,0.0720804186252648,0.2883216745010594
4,4,16,0.75,0.7604,relu,2,4,12,0.75,124500,16,8000,500.0,3,0.0620036201477054,4.90622998046875,4.844226360321045,1.3915085325787144,0.0869692832861696,0.2609078498585089
4,4,16,0.75,0.7557,relu,3,4,12,0.75,92500,16,8000,500.0,4,0.0556767234802242,5.0966298828125,5.040953159332275,0.9552299314655188,0.0597018707165949,0.2388074828663796
4,4,16,0.75,0.756,relu,4,4,12,0.75,110500,16,8000,500.0,4,0.0583102531433104,5.2958671875,5.2375569343566895,1.0760455829063986,0.0672528489316499,0.2690113957265996
4,4,16,1.0,1.0,identity,0,4,4,0.25,59500,16,8000,500.0,2,0.0271218070983882,5.20246484375,5.175343036651611,2.9502043894880434,0.1843877743430027,0.3687755486860054
4,4,16,1.0,1.0,identity,1,4,4,0.25,53000,16,8000,500.0,1,0.0239238662719722,5.727040283203125,5.703116416931152,11.330021727058424,0.7081263579411515,0.7081263579411515
4,4,16,1.0,1.0,identity,2,4,4,0.25,48500,16,8000,500.0,2,0.0296881561279294,5.213970458984375,5.184282302856445,1.9998611432740163,0.124991321454626,0.249982642909252
4,4,16,1.0,1.0,identity,3,4,4,0.25,54500,16,8000,500.0,2,0.0267088737487792,5.3688876953125,5.342178821563721,4.351134889356524,0.2719459305847827,0.5438918611695654
4,4,16,1.0,1.0,identity,4,4,4,0.25,65000,16,8000,500.0,1,0.0227267456054685,5.7760302734375,5.753303527832031,6.280711380317732,0.3925444612698582,0.3925444612698582
4,4,16,1.0,1.0,relu,0,4,4,0.25,67500,16,8000,500.0,2,0.0249994926452634,5.200342529296875,5.175343036651611,5.130178655949259,0.3206361659968287,0.6412723319936574
4,4,16,1.0,1.0,relu,1,4,4,0.25,62500,16,8000,500.0,2,0.023487342834473,5.726603759765625,5.703116416931152,5.999984167770316,0.3749990104856447,0.7499980209712895
4,4,16,1.0,1.0,relu,2,4,4,0.25,64000,16,8000,500.0,2,0.0264525604248042,5.21073486328125,5.184282302856445,4.163779941019643,0.2602362463137277,0.5204724926274554
4,4,16,1.0,1.0,relu,3,4,4,0.25,61000,16,8000,500.0,2,0.024418834686279,5.36659765625,5.342178821563721,5.344174333836089,0.3340108958647556,0.6680217917295111
4,4,16,1.0,1.0,relu,4,4,4,0.25,80500,16,8000,500.0,1,0.0203654174804688,5.7736689453125,5.753303527832031,8.435846653427369,0.5272404158392106,0.5272404158392106
4,4,32,0.0,0.0,identity,0,0,8,0.25,67500,16,8000,250.0,4,0.0507912178039546,4.2474345703125,4.196643352508545,0.1743838645421017,0.0054494957669406,0.0217979830677627
4,4,32,0.0,0.0,identity,1,0,8,0.25,59500,16,8000,250.0,4,0.0527929573059084,4.24383251953125,4.191039562225342,0.1007148981306839,0.0031473405665838,0.0125893622663354
4,4,32,0.0,0.0,identity,2,0,8,0.25,57000,16,8000,250.0,4,0.0522506370544437,4.130961669921875,4.078711032867432,0.1740950449404585,0.0054404701543893,0.0217618806175573
4,4,32,0.0,0.0,identity,3,0,8,0.25,83000,16,8000,250.0,4,0.0455912895202637,4.212084228515625,4.166492938995361,0.1964610488460259,0.0061394077764383,0.0245576311057532
4,4,32,0.0,0.0,identity,4,0,8,0.25,66500,16,8000,250.0,4,0.0516418113708496,4.11581884765625,4.0641770362854,0.0728023670712284,0.0022750739709758,0.0091002958839035
4,4,32,0.0,0.0,relu,0,0,8,0.25,66000,16,8000,250.0,5,0.0473899726867674,4.244033325195312,4.196643352508545,0.0896764139280373,0.0028023879352511,0.0140119396762558
4,4,32,0.0,0.0,relu,1,0,8,0.25,47000,16,8000,250.0,5,0.0534748420715329,4.244514404296875,4.191039562225342,0.1547475850319906,0.0048358620322497,0.0241793101612485
4,4,32,0.0,0.0,relu,2,0,8,0.25,63000,16,8000,250.0,5,0.046767238616943,4.125478271484375,4.078711032867432,0.1835411721445972,0.0057356616295186,0.0286783081475933
4,4,32,0.0,0.0,relu,3,0,8,0.25,56500,16,8000,250.0,5,0.0483246879577636,4.214817626953125,4.166492938995361,0.1313243479665821,0.0041038858739556,0.0205194293697784
4,4,32,0.0,0.0,relu,4,0,8,0.25,48000,16,8000,250.0,5,0.0527974510192867,4.116974487304687,4.0641770362854,0.0992902293968678,0.0031028196686521,0.0155140983432605
4,4,32,0.25,0.2538,identity,0,4,12,0.375,67500,16,8000,250.0,4,0.0618351631164548,4.394007080078125,4.33217191696167,0.0768989241733961,0.0024030913804186,0.0096123655216745
4,4,32,0.25,0.2526,identity,1,4,12,0.375,56000,16,8000,250.0,4,0.0629614944458003,4.50400439453125,4.441042900085449,0.0891073700352569,0.0027846053136017,0.0111384212544071
4,4,32,0.25,0.2581,identity,2,4,12,0.375,60000,16,8000,250.0,4,0.0626791305541996,4.37725146484375,4.314572334289551,0.0579166960669661,0.0018098967520926,0.0072395870083707
4,4,32,0.25,0.2548,identity,3,4,12,0.375,65500,16,8000,250.0,4,0.060844882965088,4.505685791015625,4.444840908050537,0.0706314883010581,0.002207234009408,0.0088289360376322
4,4,32,0.25,0.2548,identity,4,4,12,0.375,42500,16,8000,250.0,4,0.0680068244934082,4.421705078125,4.353698253631592,0.0689058777432575,0.0021533086794767,0.0086132347179071
4,4,32,0.25,0.2538,relu,0,4,12,0.375,66500,16,8000,250.0,5,0.0596029853820798,4.39177490234375,4.33217191696167,0.4091578082429286,0.0127861815075915,0.0639309075379575
4,4,32,0.25,0.2526,relu,1,4,12,0.375,66500,16,8000,250.0,4,0.057942451477051,4.4989853515625,4.441042900085449,0.1475720649701618,0.0046116270303175,0.0184465081212702
4,4,32,0.25,0.2581,relu,2,4,12,0.375,62000,16,8000,250.0,4,0.0601224899291992,4.37469482421875,4.314572334289551,0.1514702945765383,0.0047334467055168,0.0189337868220672
4,4,32,0.25,0.2548,relu,3,4,12,0.375,75500,16,8000,250.0,4,0.0559669532775881,4.500807861328125,4.444840908050537,0.19219261447406,0.0060060192023143,0.0240240768092575
4,4,32,0.25,0.2548,relu,4,4,12,0.375,77500,16,8000,250.0,4,0.0561176643371581,4.40981591796875,4.353698253631592,0.2787658094515741,0.0087114315453616,0.0348457261814467
4,4,32,0.5,0.5048,identity,0,4,12,0.375,66000,16,8000,250.0,4,0.0602993927001955,4.63834619140625,4.578046798706055,0.0771925263300543,0.0024122664478141,0.0096490657912567
4,4,32,0.5,0.5033,identity,1,4,12,0.375,55500,16,8000,250.0,4,0.0621112480163574,4.867558349609375,4.805447101593018,0.0993020202824957,0.0031031881338279,0.0124127525353119
4,4,32,0.5,0.5119,identity,2,4,12,0.375,63000,16,8000,250.0,4,0.0611237525939944,4.609381103515625,4.548257350921631,0.0733946501232502,0.0022935828163515,0.0091743312654062
4,4,32,0.5,0.5068,identity,3,4,12,0.375,45500,16,8000,250.0,4,0.0664338912963868,4.780466064453125,4.714032173156738,0.1110248010434479,0.0034695250326077,0.0138781001304309
4,4,32,0.5,0.507,identity,4,4,12,0.375,51500,16,8000,250.0,4,0.0617222518920899,4.812325927734375,4.750603675842285,0.070273708219447,0.0021960533818577,0.0087842135274308
4,4,32,0.5,0.5048,relu,0,4,12,0.375,61500,16,8000,250.0,5,0.0602276153564451,4.6382744140625,4.578046798706055,0.5229323924662223,0.0163416372645694,0.0817081863228472
4,4,32,0.5,0.5033,relu,1,4,12,0.375,64000,16,8000,250.0,5,0.0577123222351074,4.863159423828125,4.805447101593018,0.5808755346209211,0.0181523604569037,0.0907618022845189
4,4,32,0.5,0.5119,relu,2,4,12,0.375,72000,16,8000,250.0,5,0.0575038795471192,4.60576123046875,4.548257350921631,0.5839958595781882,0.0182498706118183,0.0912493530590919
4,4,32,0.5,0.5068,relu,3,4,12,0.375,54500,16,8000,250.0,5,0.0623897018432613,4.776421875,4.714032173156738,0.5105033379653935,0.0159532293114185,0.0797661465570927
4,4,32,0.5,0.507,relu,4,4,12,0.375,58500,16,8000,250.0,5,0.0596819686889649,4.81028564453125,4.750603675842285,0.5585802002386776,0.0174556312574586,0.0872781562872933
4,4,32,0.75,0.7532,identity,0,4,12,0.375,69500,16,8000,250.0,4,0.0540500335693359,4.923810546875,4.869760513305664,0.1737610515176488,0.0054300328599265,0.0217201314397061
4,4,32,0.75,0.7522,identity,1,4,12,0.375,52000,16,8000,250.0,4,0.0561205825805668,5.284116455078125,5.227995872497559,0.2210708910475574,0.0069084653452361,0.0276338613809446
4,4,32,0.75,0.7604,identity,2,4,12,0.375,74000,16,8000,250.0,4,0.0543039131164553,4.8985302734375,4.844226360321045,0.1330783033496628,0.0041586969796769,0.0166347879187078
4,4,32,0.75,0.7557,identity,3,4,12,0.375,47500,16,8000,250.0,4,0.0593771629333499,5.100330322265625,5.040953159332275,0.170132812037023,0.0053166503761569,0.0212666015046278
4,4,32,0.75,0.756,identity,4,4,12,0.375,61000,16,8000,250.0,4,0.0534115715026857,5.290968505859375,5.2375569343566895,0.2189496780129876,0.0068421774379058,0.0273687097516234
4,4,32,0.75,0.7532,relu,0,4,12,0.375,72000,16,8000,250.0,4,0.0551037445068356,4.9248642578125,4.869760513305664,1.2914925395708847,0.0403591418615901,0.1614365674463606
4,4,32,0.75,0.7522,relu,1,4,12,0.375,68000,16,8000,250.0,4,0.0521340103149414,5.2801298828125,5.227995872497559,1.049815419530504,0.0328067318603282,0.131226927441313
4,4,32,0.75,0.7604,relu,2,4,12,0.375,64500,16,8000,250.0,4,0.0548253974914549,4.8990517578125,4.844226360321045,1.3523551034554475,0.0422610969829827,0.1690443879319309
4,4,32,0.75,0.7557,relu,3,4,12,0.375,65000,16,8000,250.0,4,0.0554738426208496,5.096427001953125,5.040953159332275,1.1057893588508874,0.0345559174640902,0.1382236698563609
4,4,32,0.75,0.756,relu,4,4,12,0.375,71000,16,8000,250.0,5,0.0511984367370601,5.28875537109375,5.2375569343566895,1.0723478370461044,0.0335108699076907,0.1675543495384538
4,4,32,1.0,1.0,identity,0,4,4,0.125,55000,16,8000,250.0,2,0.0309982719421384,5.20634130859375,5.175343036651611,7.075284151707828,0.2211026297408696,0.4422052594817392
4,4,32,1.0,1.0,identity,1,4,4,0.125,59500,16,8000,250.0,2,0.0257207412719724,5.728837158203125,5.703116416931152,12.682087103455732,0.3963152219829916,0.7926304439659833
4,4,32,1.0,1.0,identity,2,4,4,0.125,48500,16,8000,250.0,2,0.0328700408935542,5.21715234375,5.184282302856445,4.374796950001263,0.1367124046875394,0.2734248093750789
4,4,32,1.0,1.0,identity,3,4,4,0.125,53000,16,8000,250.0,2,0.0302078971862789,5.37238671875,5.342178821563721,7.93862982520409,0.2480821820376278,0.4961643640752556
4,4,32,1.0,1.0,identity,4,4,4,0.125,61000,16,8000,250.0,1,0.0256342163085934,5.778937744140625,5.753303527832031,14.283005353619968,0.446343917300624,0.446343917300624
4,4,32,1.0,1.0,relu,0,4,4,0.125,42500,16,8000,250.0,2,0.0313420219421383,5.20668505859375,5.175343036651611,9.083022320202126,0.2838444475063164,0.5676888950126329
4,4,32,1.0,1.0,relu,1,4,4,0.125,49000,16,8000,250.0,2,0.0254072647094725,5.728523681640625,5.703116416931152,11.53307247563244,0.3604085148635138,0.7208170297270275
4,4,32,1.0,1.0,relu,2,4,4,0.125,39500,16,8000,250.0,2,0.032725509643555,5.2170078125,5.184282302856445,7.104776504005631,0.2220242657501759,0.4440485315003519
4,4,32,1.0,1.0,relu,3,4,4,0.125,52500,16,8000,250.0,2,0.0277503776550291,5.36992919921875,5.342178821563721,9.316297816875526,0.2911343067773602,0.5822686135547204
4,4,32,1.0,1.0,relu,4,4,4,0.125,41500,16,8000,250.0,2,0.0270722045898441,5.780375732421875,5.753303527832031,8.653332571450997,0.2704166428578436,0.5408332857156873
4,4,64,0.0,0.0,identity,0,0,8,0.125,61000,16,8000,125.0,4,0.0623703193664546,4.259013671875,4.196643352508545,0.2460916135560562,0.0038451814618133,0.0153807258472535
4,4,64,0.0,0.0,identity,1,0,8,0.125,57500,16,8000,125.0,4,0.0614758186340331,4.252515380859375,4.191039562225342,0.2743766193961146,0.0042871346780642,0.0171485387122571
4,4,64,0.0,0.0,identity,2,0,8,0.125,57000,16,8000,125.0,4,0.0611273460388179,4.13983837890625,4.078711032867432,0.2369015545974978,0.0037015867905859,0.0148063471623436
4,4,64,0.0,0.0,identity,3,0,8,0.125,67500,16,8000,125.0,4,0.058602031707764,4.225094970703125,4.166492938995361,0.1509575987854381,0.0023587124810224,0.0094348499240898
4,4,64,0.0,0.0,identity,4,0,8,0.125,39500,16,8000,125.0,4,0.0708090476989742,4.134986083984375,4.0641770362854,0.4993353571989546,0.0078021149562336,0.0312084598249346
4,4,64,0.0,0.0,relu,0,0,8,0.125,45000,16,8000,125.0,5,0.0616278877258302,4.258271240234375,4.196643352508545,0.1957164553989898,0.0030580696156092,0.015290348078046
4,4,64,0.0,0.0,relu,1,0,8,0.125,65500,16,8000,125.0,5,0.0559274787902834,4.246967041015625,4.191039562225342,0.2312713549133343,0.0036136149205208,0.0180680746026042
4,4,64,0.0,0.0,relu,2,0,8,0.125,52000,16,8000,125.0,6,0.0578528099060058,4.1365638427734375,4.078711032867432,0.2150205098642262,0.0033596954666285,0.0201581727997712
4,4,64,0.0,0.0,relu,3,0,8,0.125,49000,16,8000,125.0,6,0.0579853324890136,4.224478271484375,4.166492938995361,0.1906512466096665,0.002978925728276,0.0178735543696562
4,4,64,0.0,0.0,relu,4,0,8,0.125,45500,16,8000,125.0,5,0.0602351951599118,4.124412231445312,4.0641770362854,0.2722826492443467,0.0042544163944429,0.0212720819722145
4,4,64,0.25,0.2538,identity,0,4,12,0.188,63500,16,8000,125.0,4,0.0726420478820797,4.40481396484375,4.33217191696167,0.2264250319191801,0.0035378911237371,0.0141515644949487
4,4,64,0.25,0.2526,identity,1,4,12,0.188,43000,16,8000,125.0,4,0.080425361633301,4.52146826171875,4.441042900085449,0.3958202472803451,0.0061846913637553,0.0247387654550215
4,4,64,0.25,0.2581,identity,2,4,12,0.188,66500,16,8000,125.0,4,0.0727225875854493,4.387294921875,4.314572334289551,0.1431433977149323,0.0022366155892958,0.0089464623571832
4,4,64,0.25,0.2548,identity,3,4,12,0.188,71000,16,8000,125.0,4,0.0708866310119624,4.5157275390625,4.444840908050537,0.0740919758114301,0.0011576871220535,0.0046307484882143
4,4,64,0.25,0.2548,identity,4,4,12,0.188,42500,16,8000,125.0,4,0.080221668243408,4.433919921875,4.353698253631592,0.2825397055423442,0.0044146828990991,0.0176587315963965
4,4,64,0.25,0.2538,relu,0,4,12,0.188,43500,16,8000,125.0,5,0.0740717353820796,4.40624365234375,4.33217191696167,0.3446867707564772,0.0053857307930699,0.0269286539653497
4,4,64,0.25,0.2526,relu,1,4,12,0.188,44000,16,8000,125.0,5,0.0711780471801759,4.512220947265625,4.441042900085449,0.3794392676675115,0.0059287385573048,0.0296436927865243
4,4,64,0.25,0.2581,relu,2,4,12,0.188,59500,16,8000,125.0,5,0.0709782028198242,4.385550537109375,4.314572334289551,0.299841328361761,0.0046850207556525,0.0234251037782625
4,4,64,0.25,0.2548,relu,3,4,12,0.188,53000,16,8000,125.0,6,0.0704903907775875,4.515331298828125,4.444840908050537,0.2110381264254103,0.003297470725397,0.0197848243523822
4,4,64,0.25,0.2548,relu,4,4,12,0.188,53500,16,8000,125.0,5,0.0696347541809085,4.4233330078125,4.353698253631592,0.3766848741898719,0.0058857011592167,0.0294285057960837
4,4,64,0.5,0.5048,identity,0,4,12,0.188,94500,16,8000,125.0,4,0.0657173614501953,4.64376416015625,4.578046798706055,0.171397478235174,0.0026780855974245,0.0107123423896983
4,4,64,0.5,0.5033,identity,1,4,12,0.188,37000,16,8000,125.0,4,0.0823785820007323,4.88782568359375,4.805447101593018,0.3927542950748405,0.0061367858605443,0.0245471434421775
4,4,64,0.5,0.5119,identity,2,4,12,0.188,74000,16,8000,125.0,4,0.0706708717346193,4.61892822265625,4.548257350921631,0.1472786787547891,0.0023012293555435,0.0092049174221743
4,4,64,0.5,0.5068,identity,3,4,12,0.188,45500,16,8000,125.0,4,0.0777368698120115,4.79176904296875,4.714032173156738,0.2425516871611825,0.0037898701118934,0.0151594804475739
4,4,64,0.5,0.507,identity,4,4,12,0.188,69000,16,8000,125.0,4,0.0675459823608397,4.818149658203125,4.750603675842285,0.1228849225075925,0.0019200769141811,0.0076803076567245
4,4,64,0.5,0.5048,relu,0,4,12,0.188,54000,16,8000,125.0,5,0.0722390899658202,4.650285888671875,4.578046798706055,0.6526395846299501,0.0101974935098429,0.0509874675492148
4,4,64,0.5,0.5033,relu,1,4,12,0.188,42000,16,8000,125.0,5,0.0722386894226074,4.877685791015625,4.805447101593018,1.0154928870268958,0.0158670763597952,0.0793353817989762
4,4,64,0.5,0.5119,relu,2,4,12,0.188,55000,16,8000,125.0,6,0.0705590553283688,4.61881640625,4.548257350921631,0.8089495659548618,0.0126398369680447,0.0758390218082682
4,4,64,0.5,0.5068,relu,3,4,12,0.188,49000,16,8000,125.0,6,0.0711509323120118,4.78518310546875,4.714032173156738,0.7054732982184618,0.0110230202846634,0.0661381217079808
4,4,64,0.5,0.507,relu,4,4,12,0.188,50500,16,8000,125.0,5,0.0692578964233394,4.819861572265625,4.750603675842285,0.9471993600893605,0.0147999900013962,0.0739999500069812
4,4,64,0.75,0.7532,identity,0,4,12,0.188,63500,16,8000,125.0,4,0.0668615570068356,4.9366220703125,4.869760513305664,0.2483832593642397,0.0038809884275662,0.0155239537102649
4,4,64,0.75,0.7522,identity,1,4,12,0.188,52000,16,8000,125.0,4,0.0654279556274417,5.293423828125,5.227995872497559,0.5689534070066626,0.0088898969844791,0.0355595879379164
4,4,64,0.75,0.7604,identity,2,4,12,0.188,76000,16,8000,125.0,4,0.0624284248352049,4.90665478515625,4.844226360321045,0.4928486643436928,0.0077007603803702,0.0308030415214808
4,4,64,0.75,0.7557,identity,3,4,12,0.188,47500,16,8000,125.0,4,0.0703966941833496,5.111349853515625,5.040953159332275,0.4130938577979852,0.0064545915280935,0.025818366112374
4,4,64,0.75,0.756,identity,4,4,12,0.188,63500,16,8000,125.0,4,0.0620587882995602,5.29961572265625,5.2375569343566895,0.3419256111157503,0.0053425876736835,0.0213703506947343
4,4,64,0.75,0.7532,relu,0,4,12,0.188,38000,16,8000,125.0,5,0.0713024749755861,4.94106298828125,4.869760513305664,1.828982743514441,0.0285778553674131,0.1428892768370657
4,4,64,0.75,0.7522,relu,1,4,12,0.188,43500,16,8000,125.0,5,0.065694801330566,5.293690673828125,5.227995872497559,1.7331043150473042,0.0270797549226141,0.1353987746130706
4,4,64,0.75,0.7604,relu,2,4,12,0.188,54500,16,8000,125.0,6,0.0672057685852047,4.91143212890625,4.844226360321045,1.8513353831160408,0.0289271153611881,0.1735626921671288
4,4,64,0.75,0.7557,relu,3,4,12,0.188,54500,16,8000,125.0,6,0.0654572410583496,5.106410400390625,5.040953159332275,1.6423548893696875,0.0256617951464013,0.1539707708784082
4,4,64,0.75,0.756,relu,4,4,12,0.188,54000,16,8000,125.0,5,0.0637550773620603,5.30131201171875,5.2375569343566895,1.7082537759648964,0.0266914652494515,0.1334573262472575
4,4,64,1.0,1.0,identity,0,4,4,0.062,65000,16,8000,125.0,3,0.0344079399108885,5.2097509765625,5.175343036651611,10.03739538545119,0.1568343028976748,0.4705029086930244
4,4,64,1.0,1.0,identity,1,4,4,0.062,59500,16,8000,125.0,1,0.0315998916625979,5.73471630859375,5.703116416931152,37.61962568502448,0.5878066513285075,0.5878066513285075
4,4,64,1.0,1.0,identity,2,4,4,0.062,38500,16,8000,125.0,2,0.0432274627685549,5.227509765625,5.184282302856445,7.862060168185466,0.1228446901278979,0.2456893802557958
4,4,64,1.0,1.0,identity,3,4,4,0.062,37000,16,8000,125.0,2,0.0410228385925295,5.38320166015625,5.342178821563721,17.06577070757215,0.2666526673058148,0.5333053346116297
4,4,64,1.0,1.0,identity,4,4,4,0.062,49000,16,8000,125.0,2,0.0348742065429688,5.788177734375,5.753303527832031,17.076262206997775,0.2668165969843402,0.5336331939686805
4,4,64,1.0,1.0,relu,0,4,4,0.062,51500,16,8000,125.0,2,0.0335107231140137,5.208853759765625,5.175343036651611,16.971357632704823,0.2651774630110128,0.5303549260220257
4,4,64,1.0,1.0,relu,1,4,4,0.062,44000,16,8000,125.0,2,0.029459754943848,5.732576171875,5.703116416931152,20.848958992265427,0.3257649842541473,0.6515299685082946
4,4,64,1.0,1.0,relu,2,4,4,0.062,55000,16,8000,125.0,3,0.03344499206543,5.217727294921875,5.184282302856445,10.770175801437787,0.1682839968974654,0.5048519906923963
4,4,64,1.0,1.0,relu,3,4,4,0.062,46000,16,8000,125.0,2,0.032370983123779,5.3745498046875,5.342178821563721,17.333438847588315,0.2708349819935674,0.5416699639871349
4,4,64,1.0,1.0,relu,4,4,4,0.062,54500,16,8000,125.0,2,0.0286405639648439,5.781944091796875,5.753303527832031,17.09763588868037,0.2671505607606307,0.5343011215212615
4,4,96,0.0,0.0,identity,0,0,8,0.083,68500,16,8000,83.3,4,0.0687533760070797,4.265396728515625,4.196643352508545,0.3740284320112546,0.0038961295001172,0.0155845180004689
4,4,96,0.0,0.0,identity,1,0,8,0.083,79500,16,8000,83.3,4,0.0633139533996578,4.254353515625,4.191039562225342,0.2444159343783062,0.0025459993164406,0.0101839972657627
4,4,96,0.0,0.0,identity,2,0,8,0.083,50500,16,8000,83.3,4,0.0749181175231932,4.153629150390625,4.078711032867432,0.291460735740898,0.0030360493306343,0.0121441973225374
4,4,96,0.0,0.0,identity,3,0,8,0.083,63500,16,8000,83.3,4,0.0680654106140137,4.234558349609375,4.166492938995361,0.2384009380503674,0.0024833431046913,0.0099333724187653
4,4,96,0.0,0.0,identity,4,0,8,0.083,75500,16,8000,83.3,4,0.0671841697692867,4.131361206054687,4.0641770362854,0.2715728944248688,0.0028288843169257,0.0113155372677028
4,4,96,0.0,0.0,relu,0,0,8,0.083,45000,16,8000,83.3,6,0.0689352607727054,4.26557861328125,4.196643352508545,0.3334597099477978,0.0034735386452895,0.0208412318717373
4,4,96,0.0,0.0,relu,1,0,8,0.083,46500,16,8000,83.3,5,0.0658788948059081,4.25691845703125,4.191039562225342,0.2034945301443219,0.0021197346890033,0.0105986734450167
4,4,96,0.0,0.0,relu,2,0,8,0.083,54500,16,8000,83.3,6,0.0639946556091306,4.142705688476562,4.078711032867432,0.336212936526782,0.0035022180888206,0.0210133085329238
4,4,96,0.0,0.0,relu,3,0,8,0.083,33000,16,8000,83.3,6,0.0697909965515135,4.236283935546875,4.166492938995361,0.2691348338164055,0.0028034878522542,0.0168209271135253
4,4,96,0.0,0.0,relu,4,0,8,0.083,57500,16,8000,83.3,6,0.0634269676208498,4.12760400390625,4.0641770362854,0.3710214582122216,0.0038648068563773,0.0231888411382638
4,4,96,0.25,0.2538,identity,0,4,12,0.125,67500,16,8000,83.3,4,0.0831669502258298,4.4153388671875,4.33217191696167,0.2652594672041657,0.0027631194500433,0.0110524778001735
4,4,96,0.25,0.2526,identity,1,4,12,0.125,59500,16,8000,83.3,4,0.0811778030395506,4.522220703125,4.441042900085449,0.2323415673429574,0.0024202246598224,0.0096808986392898
4,4,96,0.25,0.2581,identity,2,4,12,0.125,39500,16,8000,83.3,4,0.0947523727416994,4.40932470703125,4.314572334289551,0.3289635876714853,0.0034267040382446,0.0137068161529785
4,4,96,0.25,0.2548,identity,3,4,12,0.125,57000,16,8000,83.3,4,0.085071201324463,4.529912109375,4.444840908050537,0.3791872702925157,0.0039498673988803,0.0157994695955214
4,4,96,0.25,0.2548,identity,4,4,12,0.125,63000,16,8000,83.3,4,0.0785634651184086,4.43226171875,4.353698253631592,0.2624134715078381,0.0027334736615399,0.0109338946461599
4,4,96,0.25,0.2538,relu,0,4,12,0.125,42000,16,8000,83.3,5,0.085278034210205,4.417449951171875,4.33217191696167,0.3176437043294892,0.0033087885867655,0.0165439429338275
4,4,96,0.25,0.2526,relu,1,4,12,0.125,44000,16,8000,83.3,5,0.0794590530395504,4.520501953125,4.441042900085449,0.4044733687309608,0.0042132642576141,0.0210663212880708
4,4,96,0.25,0.2581,relu,2,4,12,0.125,40000,16,8000,83.3,5,0.0837758102416987,4.39834814453125,4.314572334289551,0.3538965328276488,0.0036864222169546,0.0184321110847733
4,4,96,0.25,0.2548,relu,3,4,12,0.125,37500,16,8000,83.3,6,0.0835133399963377,4.528354248046875,4.444840908050537,0.4478248075397513,0.0046648417452057,0.0279890504712344
4,4,96,0.25,0.2548,relu,4,4,12,0.125,54000,16,8000,83.3,5,0.0766911506652832,4.430389404296875,4.353698253631592,0.561183801685382,0.0058456646008893,0.0292283230044469
4,4,96,0.5,0.5048,identity,0,4,12,0.125,54500,16,8000,83.3,4,0.0848863067626952,4.66293310546875,4.578046798706055,0.3465489536195552,0.003609884933537,0.0144395397341481
4,4,96,0.5,0.5033,identity,1,4,12,0.125,79500,16,8000,83.3,4,0.073095378875732,4.87854248046875,4.805447101593018,0.1712679709333888,0.0017840413638894,0.0071361654555578
4,4,96,0.5,0.5119,identity,2,4,12,0.125,73500,16,8000,83.3,4,0.0793114967346193,4.62756884765625,4.548257350921631,0.2171160474794032,0.0022616254945771,0.0090465019783084
4,4,96,0.5,0.5068,identity,3,4,12,0.125,82500,16,8000,83.3,4,0.0743528366088863,4.788385009765625,4.714032173156738,0.1795595761405113,0.0018704122514636,0.0074816490058546
4,4,96,0.5,0.507,identity,4,4,12,0.125,51500,16,8000,83.3,4,0.0818221054077152,4.83242578125,4.750603675842285,0.261565789230683,0.0027246436378196,0.0108985745512784
4,4,96,0.5,0.5048,relu,0,4,12,0.125,43500,16,8000,83.3,6,0.0832539825439449,4.66130078125,4.578046798706055,1.2223561197494637,0.0127328762473902,0.0763972574843414
4,4,96,0.5,0.5033,relu,1,4,12,0.125,39000,16,8000,83.3,5,0.0805030937194821,4.8859501953125,4.805447101593018,0.9735491581022256,0.0101411370635648,0.0507056853178242
4,4,96,0.5,0.5119,relu,2,4,12,0.125,50000,16,8000,83.3,6,0.0821811256408695,4.6304384765625,4.548257350921631,0.7160047548540631,0.0074583828630631,0.0447502971783789
4,4,96,0.5,0.5068,relu,3,4,12,0.125,49000,16,8000,83.3,6,0.0792310104370113,4.79326318359375,4.714032173156738,0.91414081042591,0.0095223001086032,0.0571338006516193
4,4,96,0.5,0.507,relu,4,4,12,0.125,32500,16,8000,83.3,5,0.0837530136108402,4.834356689453125,4.750603675842285,1.059862304211186,0.0110402323355331,0.0552011616776659
4,4,96,0.75,0.7532,identity,0,4,12,0.125,48500,16,8000,83.3,4,0.0823906097412106,4.952151123046875,4.869760513305664,0.3185363156338115,0.0033180866211855,0.0132723464847421
4,4,96,0.75,0.7522,identity,1,4,12,0.125,52000,16,8000,83.3,4,0.0763754653930668,5.304371337890625,5.227995872497559,0.4520052933391218,0.0047083884722825,0.01883355388913
4,4,96,0.75,0.7604,identity,2,4,12,0.125,76000,16,8000,83.3,4,0.0726857490539547,4.916912109375,4.844226360321045,0.502129675882416,0.0052305174571085,0.020922069828434
4,4,96,0.75,0.7557,identity,3,4,12,0.125,75000,16,8000,83.3,4,0.0703424949645992,5.111295654296875,5.040953159332275,0.3481542662306788,0.0036266069399029,0.0145064277596116
4,4,96,0.75,0.756,identity,4,4,12,0.125,57000,16,8000,83.3,4,0.0741769523620607,5.31173388671875,5.2375569343566895,0.3841412851806368,0.0040014717206316,0.0160058868825265
4,4,96,0.75,0.7532,relu,0,4,12,0.125,36500,16,8000,83.3,5,0.0801877288818362,4.9499482421875,4.869760513305664,2.9159041047285315,0.0303740010909222,0.151870005454611
4,4,96,0.75,0.7522,relu,1,4,12,0.125,54000,16,8000,83.3,5,0.0717775650024412,5.2997734375,5.227995872497559,2.5935514035035294,0.0270161604531617,0.1350808022658088
4,4,96,0.75,0.7604,relu,2,4,12,0.125,47500,16,8000,83.3,6,0.0768161201477051,4.92104248046875,4.844226360321045,2.7877180793210474,0.0290387299929275,0.1742323799575654
4,4,96,0.75,0.7557,relu,3,4,12,0.125,49000,16,8000,83.3,6,0.0758598289489747,5.11681298828125,5.040953159332275,2.584691017992901,0.0269238647707593,0.1615431886245563
4,4,96,0.75,0.756,relu,4,4,12,0.125,45500,16,8000,83.3,5,0.0724726066589358,5.310029541015625,5.2375569343566895,2.238550781377264,0.0233182373060131,0.1165911865300658
4,4,96,1.0,1.0,identity,0,4,4,0.042,43500,16,8000,83.3,3,0.0460580863952637,5.221401123046875,5.175343036651611,11.869855925900406,0.1236443325614625,0.3709329976843876
4,4,96,1.0,1.0,identity,1,4,4,0.042,62500,16,8000,83.3,2,0.0387217178344725,5.741838134765625,5.703116416931152,38.56786496802488,0.4017485934169258,0.8034971868338516
4,4,96,1.0,1.0,identity,2,4,4,0.042,55000,16,8000,83.3,2,0.0465721893310551,5.2308544921875,5.184282302856445,11.116717842705498,0.1157991441948489,0.2315982883896978
4,4,96,1.0,1.0,identity,3,4,4,0.042,60000,16,8000,83.3,2,0.0426190299987796,5.3847978515625,5.342178821563721,27.72876392824526,0.2888412909192214,0.5776825818384429
4,4,96,1.0,1.0,identity,4,4,4,0.042,53500,16,8000,83.3,1,0.0408353881835941,5.794138916015625,5.753303527832031,28.44688327025837,0.296321700731858,0.296321700731858
4,4,96,1.0,1.0,relu,0,4,4,0.042,55000,16,8000,83.3,2,0.035596416473389,5.210939453125,5.175343036651611,23.13883342252112,0.2410295148179283,0.4820590296358567
4,4,96,1.0,1.0,relu,1,4,4,0.042,44000,16,8000,83.3,2,0.0313918838500972,5.73450830078125,5.703116416931152,28.339465364717004,0.2952027642158021,0.5904055284316042
4,4,96,1.0,1.0,relu,2,4,4,0.042,39500,16,8000,83.3,2,0.0394691619873048,5.22375146484375,5.184282302856445,19.74123463381957,0.2056378607689538,0.4112757215379076
4,4,96,1.0,1.0,relu,3,4,4,0.042,46000,16,8000,83.3,3,0.0349803581237795,5.3771591796875,5.342178821563721,16.31442806509158,0.1699419590113706,0.5098258770341119
4,4,96,1.0,1.0,relu,4,4,4,0.042,51000,16,8000,83.3,2,0.0313473510742188,5.78465087890625,5.753303527832031,24.35724139893524,0.2537212645722421,0.5074425291444842
4,8,16,0.0,0.0,identity,0,0,12,0.75,73500,16,8000,500.0,4,0.0545081825256348,4.109994384765625,4.05548620223999,0.0349333212733904,0.0021833325795869,0.0087333303183476
4,8,16,0.0,0.0,identity,1,0,12,0.75,83000,16,8000,500.0,4,0.0535217170715336,4.140908325195313,4.087386608123779,0.01863513981681,0.0011646962385506,0.0046587849542025
4,8,16,0.0,0.0,identity,2,0,12,0.75,91500,16,8000,500.0,3,0.0489102706909179,4.102839599609375,4.053929328918457,0.0243036592464035,0.0015189787029002,0.0045569361087006
4,8,16,0.0,0.0,identity,3,0,12,0.75,82000,16,8000,500.0,3,0.0509961051940921,4.2204912109375,4.169495105743408,0.037678225384885,0.0023548890865553,0.0070646672596659
4,8,16,0.0,0.0,identity,4,0,12,0.75,72000,16,8000,500.0,3,0.0541380958557127,4.070374877929687,4.016236782073975,0.0416876755741294,0.002605479723383,0.0078164391701492
4,8,16,0.0,0.0,relu,0,0,12,0.75,103500,16,8000,500.0,4,0.0579661903381349,4.113452392578125,4.05548620223999,0.0869975898001811,0.0054373493625113,0.0217493974500452
4,8,16,0.0,0.0,relu,1,0,12,0.75,70000,16,8000,500.0,4,0.065817493438721,4.1532041015625,4.087386608123779,0.0830527068491784,0.0051907941780736,0.0207631767122946
4,8,16,0.0,0.0,relu,2,0,12,0.75,91500,16,8000,500.0,4,0.0580634689331054,4.1119927978515625,4.053929328918457,0.1229467170025049,0.0076841698126565,0.0307366792506262
4,8,16,0.0,0.0,relu,3,0,12,0.75,93000,16,8000,500.0,4,0.0581186637878419,4.22761376953125,4.169495105743408,0.1333190898617904,0.0083324431163619,0.0333297724654476
4,8,16,0.0,0.0,relu,4,0,12,0.75,91500,16,8000,500.0,4,0.0585676612854006,4.074804443359375,4.016236782073975,0.1281155289538707,0.0080072205596169,0.0320288822384676
4,8,16,0.25,0.2539,identity,0,4,16,1.0,125500,16,8000,500.0,4,0.0510115432739262,4.168446044921875,4.117434501647949,0.0184885922765859,0.0011555370172866,0.0046221480691464
4,8,16,0.25,0.2526,identity,1,4,16,1.0,94500,16,8000,500.0,4,0.0668491134643556,4.282689453125,4.2158403396606445,0.0130189103327522,0.000813681895797,0.003254727583188
4,8,16,0.25,0.2562,identity,2,4,16,1.0,124500,16,8000,500.0,3,0.0507439270019531,4.223515380859375,4.172771453857422,0.0330001009354395,0.0020625063084649,0.0061875189253949
4,8,16,0.25,0.2538,identity,3,4,16,1.0,117000,16,8000,500.0,3,0.0588212547302244,4.4327822265625,4.373960971832275,0.024388154531846,0.0015242596582403,0.0045727789747211
4,8,16,0.25,0.2544,identity,4,4,16,1.0,106500,16,8000,500.0,3,0.0530018806457519,4.24212646484375,4.189124584197998,0.0222825974777353,0.0013926623423584,0.0041779870270753
4,8,16,0.25,0.2539,relu,0,4,16,1.0,102500,16,8000,500.0,4,0.0836265335083004,4.20106103515625,4.117434501647949,0.1232940087176997,0.0077058755448562,0.0308235021794249
4,8,16,0.25,0.2526,relu,1,4,16,1.0,107000,16,8000,500.0,3,0.0888779220581055,4.30471826171875,4.2158403396606445,0.2270059745380928,0.0141878734086308,0.0425636202258924
4,8,16,0.25,0.2562,relu,2,4,16,1.0,112000,16,8000,500.0,4,0.0970068664550778,4.2697783203125,4.172771453857422,0.385590345025451,0.0240993965640906,0.0963975862563627
4,8,16,0.25,0.2538,relu,3,4,16,1.0,138000,16,8000,500.0,4,0.0957055320739748,4.46966650390625,4.373960971832275,0.3233922111571791,0.0202120131973236,0.0808480527892947
4,8,16,0.25,0.2544,relu,4,4,16,1.0,132500,16,8000,500.0,4,0.096812671661377,4.285937255859375,4.189124584197998,0.4362348431710695,0.0272646776981918,0.1090587107927673
4,8,16,0.5,0.5052,identity,0,4,16,1.0,102000,16,8000,500.0,4,0.0513818740844724,4.430035400390625,4.378653526306152,0.0319008070813963,0.0019938004425872,0.007975201770349
4,8,16,0.5,0.5034,identity,1,4,16,1.0,107500,16,8000,500.0,4,0.0516517105102538,4.471862548828125,4.420210838317871,0.0357766458683581,0.0022360403667723,0.0089441614670895
4,8,16,0.5,0.5079,identity,2,4,16,1.0,103500,16,8000,500.0,3,0.0501310195922855,4.48220556640625,4.432074546813965,0.0235189840908585,0.0014699365056786,0.0044098095170359
4,8,16,0.5,0.505,identity,3,4,16,1.0,91500,16,8000,500.0,3,0.0512058792114258,4.728882080078125,4.677676200866699,0.0215249880894191,0.0013453117555886,0.004035935266766
4,8,16,0.5,0.506,identity,4,4,16,1.0,95000,16,8000,500.0,3,0.0527210044860844,4.5284619140625,4.475740909576416,0.0364586249451083,0.0022786640590692,0.0068359921772078
4,8,16,0.5,0.5052,relu,0,4,16,1.0,97000,16,8000,500.0,4,0.1075071182250972,4.48616064453125,4.378653526306152,0.7338755086755876,0.0458672192922242,0.1834688771688969
4,8,16,0.5,0.5034,relu,1,4,16,1.0,107000,16,8000,500.0,4,0.102067726135254,4.522278564453125,4.420210838317871,0.8826623107985895,0.0551663944249118,0.2206655776996473
4,8,16,0.5,0.5079,relu,2,4,16,1.0,131500,16,8000,500.0,3,0.1087340469360347,4.54080859375,4.432074546813965,0.9520576706626068,0.0595036044164129,0.1785108132492387
4,8,16,0.5,0.505,relu,3,4,16,1.0,136500,16,8000,500.0,4,0.1126426467895509,4.79031884765625,4.677676200866699,0.4162808961740369,0.0260175560108773,0.1040702240435092
4,8,16,0.5,0.506,relu,4,4,16,1.0,109500,16,8000,500.0,4,0.1106921958923337,4.58643310546875,4.475740909576416,1.012711931368157,0.0632944957105098,0.2531779828420392
4,8,16,0.75,0.7539,identity,0,4,16,1.0,88500,16,8000,500.0,4,0.0545047836303709,4.780503662109375,4.725998878479004,0.0695786492349868,0.0043486655771866,0.0173946623087467
4,8,16,0.75,0.7524,identity,1,4,16,1.0,121500,16,8000,500.0,4,0.0433891105651857,4.72891357421875,4.6855244636535645,0.0649003752909254,0.0040562734556828,0.0162250938227313
4,8,16,0.75,0.7556,identity,2,4,16,1.0,100000,16,8000,500.0,4,0.044711647033691,4.833040771484375,4.788329124450684,0.0371527543895309,0.0023220471493456,0.0092881885973827
4,8,16,0.75,0.7537,identity,3,4,16,1.0,93500,16,8000,500.0,3,0.0454393386840816,5.1391845703125,5.093745231628418,0.0514136553969406,0.0032133534623087,0.0096400603869263
4,8,16,0.75,0.7547,identity,4,4,16,1.0,90000,16,8000,500.0,3,0.0473005981445311,4.931356689453125,4.884056091308594,0.0450344895229381,0.0028146555951836,0.0084439667855508
4,8,16,0.75,0.7539,relu,0,4,16,1.0,110500,16,8000,500.0,4,0.0850699691772458,4.81106884765625,4.725998878479004,1.2280714827337202,0.0767544676708575,0.30701787068343
4,8,16,0.75,0.7524,relu,1,4,16,1.0,97000,16,8000,500.0,4,0.1267489738464355,4.8122734375,4.6855244636535645,1.70725211640113,0.1067032572750706,0.4268130291002825
4,8,16,0.75,0.7556,relu,2,4,16,1.0,133500,16,8000,500.0,3,0.0986410903930661,4.88697021484375,4.788329124450684,1.828572059704876,0.1142857537315547,0.3428572611946642
4,8,16,0.75,0.7537,relu,3,4,16,1.0,134500,16,8000,500.0,3,0.096758674621582,5.19050390625,5.093745231628418,1.2793324247957216,0.0799582765497326,0.2398748296491978
4,8,16,0.75,0.7547,relu,4,4,16,1.0,114500,16,8000,500.0,3,0.1012083129882812,4.985264404296875,4.884056091308594,1.7921207970134565,0.112007549813341,0.3360226494400231
4,8,16,1.0,1.0,identity,0,4,4,0.25,70000,16,8000,500.0,1,0.0250848426818848,5.1343125,5.109227657318115,6.227713159380059,0.3892320724612537,0.3892320724612537
4,8,16,1.0,1.0,identity,1,4,4,0.25,51500,16,8000,500.0,2,0.0283040275573727,5.026374267578125,4.998070240020752,3.948363602560624,0.2467727251600389,0.4935454503200779
4,8,16,1.0,1.0,identity,2,4,4,0.25,78500,16,8000,500.0,1,0.0232903289794919,5.25666015625,5.233369827270508,7.556735099658907,0.4722959437286816,0.4722959437286816
4,8,16,1.0,1.0,identity,3,4,4,0.25,65500,16,8000,500.0,1,0.0242906951904293,5.65800537109375,5.63371467590332,6.257383548870323,0.3910864718043952,0.3910864718043952
4,8,16,1.0,1.0,identity,4,4,4,0.25,56500,16,8000,500.0,1,0.0264626884460446,5.42961181640625,5.403149127960205,6.122338149191261,0.3826461343244538,0.3826461343244538
4,8,16,1.0,1.0,relu,0,4,4,0.25,65500,16,8000,500.0,2,0.0242396278381349,5.13346728515625,5.109227657318115,4.666888998922572,0.2916805624326608,0.5833611248653215
4,8,16,1.0,1.0,relu,1,4,4,0.25,49000,16,8000,500.0,2,0.0281055412292481,5.02617578125,4.998070240020752,5.863326926964651,0.3664579329352906,0.7329158658705813
4,8,16,1.0,1.0,relu,2,4,4,0.25,65500,16,8000,500.0,2,0.023304500579834,5.2566748046875,5.233370304107666,5.420762176123611,0.3387976360077256,0.6775952720154513
4,8,16,1.0,1.0,relu,3,4,4,0.25,66000,16,8000,500.0,2,0.0236671600341793,5.6573818359375,5.63371467590332,5.300422652289508,0.3312764157680942,0.6625528315361885
4,8,16,1.0,1.0,relu,4,4,4,0.25,72500,16,8000,500.0,2,0.0233079032897949,5.42645703125,5.403149127960205,4.7971757456238535,0.2998234841014908,0.5996469682029817
4,8,32,0.0,0.0,identity,0,0,12,0.375,49000,16,8000,250.0,4,0.0720485877990722,4.127534790039062,4.05548620223999,0.0483651890997189,0.0015114121593662,0.0060456486374648
4,8,32,0.0,0.0,identity,1,0,12,0.375,79000,16,8000,250.0,4,0.0619171028137204,4.1493037109375,4.087386608123779,0.0700056010669249,0.0021876750333414,0.0087507001333656
4,8,32,0.0,0.0,identity,2,0,12,0.375,66500,16,8000,250.0,4,0.0646512374877925,4.11858056640625,4.053929328918457,0.070436578445954,0.002201143076436,0.0088045723057442
4,8,32,0.0,0.0,identity,3,0,12,0.375,72000,16,8000,250.0,4,0.0620676383972167,4.231562744140625,4.169495105743408,0.0632432937216148,0.0019763529288004,0.0079054117152018
4,8,32,0.0,0.0,identity,4,0,12,0.375,74500,16,8000,250.0,4,0.0635541114807125,4.079790893554687,4.016236782073975,0.0592817827789844,0.0018525557118432,0.007410222847373
4,8,32,0.0,0.0,relu,0,0,12,0.375,74000,16,8000,250.0,5,0.0639886512756344,4.119474853515625,4.05548620223999,0.1035000663600536,0.0032343770737516,0.0161718853687583
4,8,32,0.0,0.0,relu,1,0,12,0.375,65000,16,8000,250.0,4,0.0667216682434084,4.154108276367188,4.087386608123779,0.0580439529001173,0.0018138735281286,0.0072554941125146
4,8,32,0.0,0.0,relu,2,0,12,0.375,50500,16,8000,250.0,5,0.0684863204956052,4.122415649414062,4.053929328918457,0.1114330969429179,0.0034822842794661,0.0174114213973309
4,8,32,0.0,0.0,relu,3,0,12,0.375,56500,16,8000,250.0,5,0.0652744255065922,4.23476953125,4.169495105743408,0.1314705573671975,0.0041084549177249,0.0205422745886246
4,8,32,0.0,0.0,relu,4,0,12,0.375,65000,16,8000,250.0,5,0.0650195655822756,4.08125634765625,4.016236782073975,0.0914665502448122,0.0028583296951503,0.0142916484757519
4,8,32,0.25,0.2539,identity,0,4,16,0.5,50000,16,8000,250.0,4,0.0786091995239255,4.196043701171875,4.117434501647949,0.0894318764476445,0.0027947461389888,0.0111789845559555
4,8,32,0.25,0.2526,identity,1,4,16,0.5,65000,16,8000,250.0,4,0.0756220626831059,4.29146240234375,4.2158403396606445,0.0488565934978166,0.0015267685468067,0.006107074187227
4,8,32,0.25,0.2562,identity,2,4,16,0.5,54500,16,8000,250.0,4,0.0759138488769535,4.248685302734375,4.172771453857422,0.0700076290357022,0.0021877384073656,0.0087509536294627
4,8,32,0.25,0.2538,identity,3,4,16,0.5,58000,16,8000,250.0,4,0.073921352386475,4.44788232421875,4.373960971832275,0.0632143286856077,0.0019754477714252,0.0079017910857009
4,8,32,0.25,0.2544,identity,4,4,16,0.5,52000,16,8000,250.0,4,0.0782682380676274,4.267392822265625,4.189124584197998,0.075199366082211,0.002349980190069,0.0093999207602763
4,8,32,0.25,0.2539,relu,0,4,16,0.5,83000,16,8000,250.0,4,0.072782661437988,4.190217163085937,4.117434501647949,0.1244625980413758,0.0038894561887929,0.0155578247551719
4,8,32,0.25,0.2526,relu,1,4,16,0.5,90000,16,8000,250.0,4,0.0717021408081057,4.28754248046875,4.2158403396606445,0.1258642721750465,0.0039332585054702,0.0157330340218808
4,8,32,0.25,0.2562,relu,2,4,16,0.5,57000,16,8000,250.0,5,0.0782080383300778,4.2509794921875,4.172771453857422,0.190296606199897,0.0059467689437467,0.0297338447187339
4,8,32,0.25,0.2538,relu,3,4,16,0.5,70500,16,8000,250.0,5,0.0760610008239748,4.45002197265625,4.373960971832275,0.1591830726617872,0.0049744710206808,0.0248723551034042
4,8,32,0.25,0.2544,relu,4,4,16,0.5,84500,16,8000,250.0,5,0.0723407478332518,4.26146533203125,4.189124584197998,0.208720626260282,0.0065225195706338,0.032612597853169
4,8,32,0.5,0.5052,identity,0,4,16,0.5,79000,16,8000,250.0,4,0.0678230361938476,4.4464765625,4.378653526306152,0.1002810847576004,0.003133783898675,0.0125351355947
4,8,32,0.5,0.5034,identity,1,4,16,0.5,69000,16,8000,250.0,4,0.0708650894165039,4.491075927734375,4.420210838317871,0.0689387681148053,0.0021543365035876,0.0086173460143506
4,8,32,0.5,0.5079,identity,2,4,16,0.5,57000,16,8000,250.0,4,0.0717618789672851,4.50383642578125,4.432074546813965,0.0818464896719635,0.0025577028022488,0.0102308112089954
4,8,32,0.5,0.505,identity,3,4,16,0.5,74500,16,8000,250.0,4,0.065449775695801,4.7431259765625,4.677676200866699,0.0615293840734203,0.0019227932522943,0.0076911730091775
4,8,32,0.5,0.506,identity,4,4,16,0.5,89000,16,8000,250.0,4,0.064481502532959,4.540222412109375,4.475740909576416,0.0545090427613108,0.0017034075862909,0.0068136303451638
4,8,32,0.5,0.5052,relu,0,4,16,0.5,64000,16,8000,250.0,5,0.0751374893188474,4.453791015625,4.378653526306152,0.5354574720118574,0.0167330460003705,0.0836652300018527
4,8,32,0.5,0.5034,relu,1,4,16,0.5,69500,16,8000,250.0,5,0.0741346206665038,4.494345458984375,4.420210838317871,0.5066701569215952,0.0158334424037998,0.0791672120189992
4,8,32,0.5,0.5079,relu,2,4,16,0.5,68500,16,8000,250.0,4,0.0716188125610353,4.503693359375,4.432074546813965,0.2487924364131472,0.0077747636379108,0.0310990545516434
4,8,32,0.5,0.505,relu,3,4,16,0.5,85500,16,8000,250.0,5,0.0680703811645511,4.74574658203125,4.677676200866699,0.2401068933827785,0.0075033404182118,0.0375167020910591
4,8,32,0.5,0.506,relu,4,4,16,0.5,69000,16,8000,250.0,4,0.0748801841735842,4.55062109375,4.475740909576416,0.4139981719530168,0.0129374428735317,0.0517497714941271
4,8,32,0.75,0.7539,identity,0,4,16,0.5,69000,16,8000,250.0,4,0.0628224105834958,4.7888212890625,4.725998878479004,0.1073720059481675,0.0033553751858802,0.0134215007435209
4,8,32,0.75,0.7524,identity,1,4,16,0.5,64500,16,8000,250.0,4,0.0624630851745608,4.747987548828125,4.6855244636535645,0.1309810300404461,0.0040931571887639,0.0163726287550557
4,8,32,0.75,0.7556,identity,2,4,16,0.5,54000,16,8000,250.0,4,0.0646559829711916,4.852985107421875,4.788329124450684,0.1058919279509374,0.0033091227484667,0.0132364909938671
4,8,32,0.75,0.7537,identity,3,4,16,0.5,62000,16,8000,250.0,4,0.0622533035278323,5.15599853515625,5.093745231628418,0.2608565789186475,0.0081517680912077,0.0326070723648309
4,8,32,0.75,0.7547,identity,4,4,16,0.5,52000,16,8000,250.0,4,0.0662974243164065,4.950353515625,4.884056091308594,0.1098841346838418,0.00343387920887,0.0137355168354802
4,8,32,0.75,0.7539,relu,0,4,16,0.5,81500,16,8000,250.0,5,0.0635855941772458,4.78958447265625,4.725998878479004,1.0562069726454022,0.0330064678951688,0.1650323394758441
4,8,32,0.75,0.7524,relu,1,4,16,0.5,79000,16,8000,250.0,5,0.0652587394714352,4.750783203125,4.6855244636535645,1.1556767071625522,0.0361148970988297,0.1805744854941487
4,8,32,0.75,0.7556,relu,2,4,16,0.5,60500,16,8000,250.0,4,0.0678666763305662,4.85619580078125,4.788329124450684,1.2054549157645962,0.0376704661176436,0.1506818644705745
4,8,32,0.75,0.7537,relu,3,4,16,0.5,83000,16,8000,250.0,5,0.0618719558715818,5.1556171875,5.093745231628418,0.7297718244923949,0.0228053695153873,0.1140268475769367
4,8,32,0.75,0.7547,relu,4,4,16,0.5,67000,16,8000,250.0,4,0.0679978637695315,4.952053955078125,4.884056091308594,1.0940483716633629,0.03418901161448,0.1367560464579203
4,8,32,1.0,1.0,identity,0,4,4,0.125,52500,16,8000,250.0,2,0.0316524696350093,5.140880126953125,5.109227657318115,5.015732058860633,0.1567416268393947,0.3134832536787895
4,8,32,1.0,1.0,identity,1,4,4,0.125,51500,16,8000,250.0,3,0.0314234123229981,5.02949365234375,4.998070240020752,6.495919347678538,0.2029974796149543,0.608992438844863
4,8,32,1.0,1.0,identity,2,4,4,0.125,66500,16,8000,250.0,2,0.0287810516357422,5.26215087890625,5.233369827270508,7.496940663723584,0.234279395741362,0.468558791482724
4,8,32,1.0,1.0,identity,3,4,4,0.125,49000,16,8000,250.0,1,0.0306400604248047,5.664354736328125,5.63371467590332,16.72113805377017,0.5225355641803178,0.5225355641803178
4,8,32,1.0,1.0,identity,4,4,4,0.125,67500,16,8000,250.0,1,0.0280852470397947,5.431234375,5.403149127960205,8.866358104169988,0.2770736907553121,0.2770736907553121
4,8,32,1.0,1.0,relu,0,4,4,0.125,58500,16,8000,250.0,3,0.0277916297912597,5.137019287109375,5.109227657318115,6.564735365757848,0.2051479801799327,0.6154439405397982
4,8,32,1.0,1.0,relu,1,4,4,0.125,42000,16,8000,250.0,3,0.0310122795104978,5.02908251953125,4.998070240020752,7.736371238508344,0.2417616012033857,0.7252848036101572
4,8,32,1.0,1.0,relu,2,4,4,0.125,40500,16,8000,250.0,2,0.0310745201110842,5.26444482421875,5.233370304107666,10.904838085951988,0.3407761901859996,0.6815523803719993
4,8,32,1.0,1.0,relu,3,4,4,0.125,55000,16,8000,250.0,2,0.0266356658935542,5.660350341796875,5.63371467590332,10.095861454435056,0.3154956704510955,0.630991340902191
4,8,32,1.0,1.0,relu,4,4,4,0.125,55000,16,8000,250.0,2,0.0280207939147949,5.431169921875,5.403149127960205,9.643242343637985,0.301351323238687,0.602702646477374
4,8,64,0.0,0.0,identity,0,0,12,0.188,79000,16,8000,125.0,4,0.0732968788146974,4.128783081054688,4.05548620223999,0.1087036991576349,0.001698495299338,0.0067939811973521
4,8,64,0.0,0.0,identity,1,0,12,0.188,79000,16,8000,125.0,4,0.072731922149658,4.160118530273437,4.087386608123779,0.1275896726346974,0.0019935886349171,0.0079743545396685
4,8,64,0.0,0.0,identity,2,0,12,0.188,79500,16,8000,125.0,4,0.0717687911987301,4.125698120117187,4.053929328918457,0.2096286027428716,0.0032754469178573,0.0131017876714294
4,8,64,0.0,0.0,identity,3,0,12,0.188,47500,16,8000,125.0,4,0.0848278923034664,4.254322998046875,4.169495105743408,0.3602796719325474,0.005629369873946,0.0225174794957842
4,8,64,0.0,0.0,identity,4,0,12,0.188,60500,16,8000,125.0,4,0.0796455421447754,4.09588232421875,4.016236782073975,0.124245669133888,0.001941338580217,0.007765354320868
4,8,64,0.0,0.0,relu,0,0,12,0.188,54000,16,8000,125.0,5,0.0821383094787595,4.13762451171875,4.05548620223999,0.1525559352085941,0.0023836864876342,0.0119184324381714
4,8,64,0.0,0.0,relu,1,0,12,0.188,58500,16,8000,125.0,4,0.0822808723449703,4.16966748046875,4.087386608123779,0.0934905703899823,0.0014607901623434,0.0058431606493738
4,8,64,0.0,0.0,relu,2,0,12,0.188,53000,16,8000,125.0,6,0.0792780685424805,4.133207397460938,4.053929328918457,0.1540256410356965,0.0024066506411827,0.0144399038470965
4,8,64,0.0,0.0,relu,3,0,12,0.188,55500,16,8000,125.0,6,0.0773213005065915,4.24681640625,4.169495105743408,0.1949878328471118,0.0030466848882361,0.0182801093294167
4,8,64,0.0,0.0,relu,4,0,12,0.188,44500,16,8000,125.0,5,0.08502322769165,4.101260009765625,4.016236782073975,0.1384320410101699,0.0021630006407839,0.0108150032039195
4,8,64,0.25,0.2539,identity,0,4,16,0.25,51500,16,8000,125.0,4,0.0953335647583006,4.21276806640625,4.117434501647949,0.1298408158662783,0.0020287627479105,0.0081150509916423
4,8,64,0.25,0.2526,identity,1,4,16,0.25,40000,16,8000,125.0,4,0.1084582443237307,4.324298583984375,4.2158403396606445,0.184585584843358,0.0028841497631774,0.0115365990527098
4,8,64,0.25,0.2562,identity,2,4,16,0.25,73500,16,8000,125.0,4,0.0837519836425784,4.2565234375,4.172771453857422,0.11077458687973,0.0017308529199957,0.0069234116799831
4,8,64,0.25,0.2538,identity,3,4,16,0.25,48000,16,8000,125.0,4,0.0969555320739745,4.47091650390625,4.373960971832275,0.1467371822967174,0.0022927684733862,0.0091710738935448
4,8,64,0.25,0.2544,identity,4,4,16,0.25,52000,16,8000,125.0,4,0.0963278083801268,4.285452392578125,4.189124584197998,0.1036221914120393,0.0016190967408131,0.0064763869632524
4,8,64,0.25,0.2539,relu,0,4,16,0.25,54500,16,8000,125.0,5,0.0916804885864257,4.209114990234375,4.117434501647949,0.1717778670521011,0.002684029172689,0.0134201458634453
4,8,64,0.25,0.2526,relu,1,4,16,0.25,59000,16,8000,125.0,5,0.0931166915893557,4.30895703125,4.2158403396606445,0.202476667181001,0.0031636979247031,0.0158184896235157
4,8,64,0.25,0.2562,relu,2,4,16,0.25,47000,16,8000,125.0,5,0.0916723937988281,4.26444384765625,4.172771453857422,0.2642540377017323,0.0041289693390895,0.0206448466954478
4,8,64,0.25,0.2538,relu,3,4,16,0.25,49500,16,8000,125.0,5,0.0899809226989747,4.46394189453125,4.373960971832275,0.2034898225349461,0.0031795284771085,0.0158976423855426
4,8,64,0.25,0.2544,relu,4,4,16,0.25,43000,16,8000,125.0,5,0.0969493904113765,4.286073974609375,4.189124584197998,0.372583507191565,0.0058216172998682,0.029108086499341
4,8,64,0.5,0.5052,identity,0,4,16,0.25,81000,16,8000,125.0,4,0.0810393447875972,4.45969287109375,4.378653526306152,0.1100758022752095,0.0017199344105501,0.0068797376422005
4,8,64,0.5,0.5034,identity,1,4,16,0.25,47500,16,8000,125.0,4,0.0975171890258792,4.51772802734375,4.420210838317871,0.1818273087122069,0.0028410516986282,0.0113642067945129
4,8,64,0.5,0.5079,identity,2,4,16,0.25,53500,16,8000,125.0,4,0.089618324279785,4.52169287109375,4.432074546813965,0.1501351182706924,0.0023458612229795,0.0093834448919182
4,8,64,0.5,0.505,identity,3,4,16,0.25,31500,16,8000,125.0,4,0.1014290237426758,4.779105224609375,4.677676200866699,0.2025846592072012,0.0031653853001125,0.01266154120045
4,8,64,0.5,0.506,identity,4,4,16,0.25,72500,16,8000,125.0,4,0.0835764732360839,4.5593173828125,4.475740909576416,0.1658254374600396,0.0025910224603131,0.0103640898412524
4,8,64,0.5,0.5052,relu,0,4,16,0.25,51000,16,8000,125.0,5,0.0899617080688477,4.468615234375,4.378653526306152,0.6115835937691674,0.0095559936526432,0.0477799682632162
4,8,64,0.5,0.5034,relu,1,4,16,0.25,59000,16,8000,125.0,5,0.0898943862915038,4.510105224609375,4.420210838317871,0.6992837223166983,0.0109263081611984,0.054631540805992
4,8,64,0.5,0.5079,relu,2,4,16,0.25,46500,16,8000,125.0,5,0.0892511367797848,4.52132568359375,4.432074546813965,0.8814905624216696,0.0137732900378385,0.0688664501891929
4,8,64,0.5,0.505,relu,3,4,16,0.25,63000,16,8000,125.0,5,0.0835520706176762,4.761228271484375,4.677676200866699,0.5570215164562577,0.008703461194629,0.0435173059731451
4,8,64,0.5,0.506,relu,4,4,16,0.25,39000,16,8000,125.0,5,0.0939854087829585,4.569726318359375,4.475740909576416,0.7532710254551951,0.0117698597727374,0.0588492988636871
4,8,64,0.75,0.7539,identity,0,4,16,0.25,65500,16,8000,125.0,4,0.0765978012084964,4.8025966796875,4.725998878479004,0.2913544361919939,0.0045524130654999,0.0182096522619996
4,8,64,0.75,0.7524,identity,1,4,16,0.25,32500,16,8000,125.0,4,0.0950131340026851,4.78053759765625,4.6855244636535645,0.313424128761694,0.0048972520119014,0.0195890080476058
4,8,64,0.75,0.7556,identity,2,4,16,0.25,74500,16,8000,125.0,4,0.0703808364868168,4.8587099609375,4.788329124450684,0.3709233799084053,0.0057956778110688,0.0231827112442753
4,8,64,0.75,0.7537,identity,3,4,16,0.25,69500,16,8000,125.0,4,0.0711234207153319,5.16486865234375,5.093745231628418,0.4307396997513154,0.0067303078086143,0.0269212312344572
4,8,64,0.75,0.7547,identity,4,4,16,0.25,59500,16,8000,125.0,4,0.0765278930664061,4.960583984375,4.884056091308594,0.2570259833206343,0.0040160309893849,0.0160641239575396
4,8,64,0.75,0.7539,relu,0,4,16,0.25,57000,16,8000,125.0,5,0.0796683578491208,4.805667236328125,4.725998878479004,1.6162198714909433,0.0252534354920459,0.1262671774602299
4,8,64,0.75,0.7524,relu,1,4,16,0.25,46000,16,8000,125.0,5,0.0831513175964353,4.76867578125,4.6855244636535645,1.7133564803293535,0.0267711950051461,0.1338559750257307
4,8,64,0.75,0.7556,relu,2,4,16,0.25,41000,16,8000,125.0,5,0.0824301528930666,4.87075927734375,4.788329124450684,1.727812704874064,0.0269970735136572,0.1349853675682862
4,8,64,0.75,0.7537,relu,3,4,16,0.25,38000,16,8000,125.0,5,0.0834713211059572,5.177216552734375,5.093745231628418,1.3304431136842374,0.0207881736513162,0.103940868256581
4,8,64,0.75,0.7547,relu,4,4,16,0.25,55500,16,8000,125.0,5,0.081963684082031,4.966019775390625,4.884056091308594,1.2740400566661931,0.0199068758854092,0.0995343794270463
4,8,64,1.0,1.0,identity,0,4,4,0.062,35500,16,8000,125.0,1,0.043248416900635,5.15247607421875,5.109227657318115,20.27798353222845,0.3168434926910696,0.3168434926910696
4,8,64,1.0,1.0,identity,1,4,4,0.062,71000,16,8000,125.0,2,0.0340357170104983,5.03210595703125,4.998070240020752,15.8188307854399,0.2471692310224984,0.4943384620449969
4,8,64,1.0,1.0,identity,2,4,4,0.062,41000,16,8000,125.0,2,0.0403921356201175,5.273761962890625,5.233369827270508,18.466009487540894,0.2885313982428265,0.5770627964856531
4,8,64,1.0,1.0,identity,3,4,4,0.062,38500,16,8000,125.0,1,0.0403671112060548,5.674081787109375,5.63371467590332,34.482613329682735,0.5387908332762927,0.5387908332762927
4,8,64,1.0,1.0,identity,4,4,4,0.062,45000,16,8000,125.0,2,0.0380217704772949,5.4411708984375,5.403149127960205,15.14573285413613,0.236652075845877,0.473304151691754
4,8,64,1.0,1.0,relu,0,4,4,0.062,35500,16,8000,125.0,2,0.0359903602600093,5.145218017578125,5.109227657318115,16.425333735879864,0.2566458396231229,0.5132916792462457
4,8,64,1.0,1.0,relu,1,4,4,0.062,42000,16,8000,125.0,2,0.0351973381042478,5.033267578125,4.998070240020752,17.899750171248986,0.2796835964257654,0.5593671928515308
4,8,64,1.0,1.0,relu,2,4,4,0.062,62500,16,8000,125.0,2,0.0309797935485836,5.26435009765625,5.233370304107666,19.600397040186667,0.3062562037529167,0.6125124075058334
4,8,64,1.0,1.0,relu,3,4,4,0.062,47500,16,8000,125.0,2,0.030942306518555,5.664656982421875,5.63371467590332,18.51965116795447,0.2893695494992886,0.5787390989985772
4,8,64,1.0,1.0,relu,4,4,4,0.062,41000,16,8000,125.0,2,0.0350642509460445,5.43821337890625,5.403149127960205,11.659960205642529,0.1821868782131645,0.364373756426329
4,8,96,0.0,0.0,identity,0,0,12,0.125,70000,16,8000,83.3,4,0.0849063758850094,4.140392578125,4.05548620223999,0.1544242181083589,0.0016085856052954,0.0064343424211816
4,8,96,0.0,0.0,identity,1,0,12,0.125,54500,16,8000,83.3,4,0.0929534797668454,4.180340087890625,4.087386608123779,0.1484636870454394,0.0015464967400566,0.0061859869602266
4,8,96,0.0,0.0,identity,2,0,12,0.125,79500,16,8000,83.3,4,0.0782458419799807,4.132175170898438,4.053929328918457,0.2167658630517207,0.002257977740122,0.0090319109604883
4,8,96,0.0,0.0,identity,3,0,12,0.125,47500,16,8000,83.3,4,0.093563488006592,4.26305859375,4.169495105743408,0.3990629625058698,0.0041569058594361,0.0166276234377445
4,8,96,0.0,0.0,identity,4,0,12,0.125,72000,16,8000,83.3,4,0.0837115821838381,4.099948364257813,4.016236782073975,0.1224058018084734,0.0012750604355049,0.0051002417420197
4,8,96,0.0,0.0,relu,0,0,12,0.125,48500,16,8000,83.3,6,0.094260257720947,4.149746459960937,4.05548620223999,0.1419901947557185,0.0014790645287054,0.0088743871722324
4,8,96,0.0,0.0,relu,1,0,12,0.125,45500,16,8000,83.3,5,0.0938365364074709,4.18122314453125,4.087386608123779,0.122673394102001,0.0012778478552291,0.0063892392761458
4,8,96,0.0,0.0,relu,2,0,12,0.125,51500,16,8000,83.3,6,0.0898111495971676,4.143740478515625,4.053929328918457,0.3081421656897174,0.0032098142259345,0.0192588853556073
4,8,96,0.0,0.0,relu,3,0,12,0.125,49500,16,8000,83.3,6,0.088676036834717,4.258171142578125,4.169495105743408,0.2551049819900605,0.0026573435623964,0.0159440613743787
4,8,96,0.0,0.0,relu,4,0,12,0.125,33500,16,8000,83.3,6,0.0988537940979004,4.115090576171875,4.016236782073975,0.1738284532045148,0.0018107130542136,0.0108642783252821
4,8,96,0.25,0.2539,identity,0,4,16,0.167,50000,16,8000,83.3,4,0.1047886428833004,4.22222314453125,4.117434501647949,0.2354983807060027,0.0024531081323541,0.0098124325294167
4,8,96,0.25,0.2526,identity,1,4,16,0.167,63500,16,8000,83.3,4,0.10389037322998,4.319730712890625,4.2158403396606445,0.1272840068436351,0.0013258750712878,0.0053035002851514
4,8,96,0.25,0.2562,identity,2,4,16,0.167,61000,16,8000,83.3,4,0.1003005676269532,4.273072021484375,4.172771453857422,0.2579524089274386,0.0026870042596608,0.0107480170386432
4,8,96,0.25,0.2538,identity,3,4,16,0.167,58000,16,8000,83.3,4,0.1020556297302244,4.4760166015625,4.373960971832275,0.1752443136262561,0.0018254616002735,0.007301846401094
4,8,96,0.25,0.2544,identity,4,4,16,0.167,81000,16,8000,83.3,4,0.0946769294738771,4.283801513671875,4.189124584197998,0.1423322839536684,0.0014826279578507,0.0059305118314028
4,8,96,0.25,0.2539,relu,0,4,16,0.167,37500,16,8000,83.3,5,0.1104317092895508,4.2278662109375,4.117434501647949,0.2899534519365029,0.0030203484576719,0.0151017422883595
4,8,96,0.25,0.2526,relu,1,4,16,0.167,65000,16,8000,83.3,5,0.1065793380737307,4.322419677734375,4.2158403396606445,0.3538370624158584,0.0036858027334985,0.0184290136674926
4,8,96,0.25,0.2562,relu,2,4,16,0.167,37000,16,8000,83.3,5,0.1068144836425784,4.2795859375,4.172771453857422,0.34994342596076,0.0036452440204245,0.0182262201021229
4,8,96,0.25,0.2538,relu,3,4,16,0.167,48000,16,8000,83.3,5,0.1034838523864749,4.47744482421875,4.373960971832275,0.2993991479452428,0.0031187411244296,0.015593705622148
4,8,96,0.25,0.2544,relu,4,4,16,0.167,66500,16,8000,83.3,5,0.1041500740051271,4.293274658203125,4.189124584197998,0.2881394529946109,0.0030014526353605,0.0150072631768026
4,8,96,0.5,0.5052,identity,0,4,16,0.167,94500,16,8000,83.3,4,0.0873259658813472,4.4659794921875,4.378653526306152,0.2395378295672953,0.0024951857246593,0.0099807428986373
4,8,96,0.5,0.5034,identity,1,4,16,0.167,64500,16,8000,83.3,4,0.0966197280883784,4.51683056640625,4.420210838317871,0.2359009858073237,0.0024573019354929,0.0098292077419718
4,8,96,0.5,0.5079,identity,2,4,16,0.167,53500,16,8000,83.3,4,0.0998797988891597,4.531954345703125,4.432074546813965,0.2300687499294153,0.0023965494784314,0.0095861979137256
4,8,96,0.5,0.505,identity,3,4,16,0.167,74500,16,8000,83.3,4,0.086441474914551,4.76411767578125,4.677676200866699,0.2020439778312952,0.0021046247690759,0.0084184990763039
4,8,96,0.5,0.506,identity,4,4,16,0.167,93000,16,8000,83.3,4,0.0865613365173336,4.56230224609375,4.475740909576416,0.1541237281395593,0.0016054555014537,0.0064218220058149
4,8,96,0.5,0.5052,relu,0,4,16,0.167,44500,16,8000,83.3,6,0.104480995178223,4.483134521484375,4.378653526306152,0.9375800828418746,0.0097664591962695,0.0585987551776171
4,8,96,0.5,0.5034,relu,1,4,16,0.167,54000,16,8000,83.3,5,0.1031822280883787,4.52339306640625,4.420210838317871,1.0443356704329865,0.0108784965670102,0.0543924828350513
4,8,96,0.5,0.5079,relu,2,4,16,0.167,53500,16,8000,83.3,5,0.0991276016235351,4.5312021484375,4.432074546813965,1.0830130936402875,0.0112813863920863,0.0564069319604316
4,8,96,0.5,0.505,relu,3,4,16,0.167,37000,16,8000,83.3,6,0.1038779983520505,4.78155419921875,4.677676200866699,0.7386540308986053,0.0076943128218604,0.0461658769311628
4,8,96,0.5,0.506,relu,4,4,16,0.167,53500,16,8000,83.3,5,0.1029854087829589,4.578726318359375,4.475740909576416,0.8119516712363805,0.0084578299087122,0.0422891495435614
4,8,96,0.75,0.7539,identity,0,4,16,0.167,78000,16,8000,83.3,4,0.0811200180053708,4.807118896484375,4.725998878479004,0.5021006887034402,0.0052302155073275,0.02092086202931
4,8,96,0.75,0.7524,identity,1,4,16,0.167,64500,16,8000,83.3,4,0.0846100578308108,4.770134521484375,4.6855244636535645,0.324377351432418,0.0033789307440876,0.0135157229763507
4,8,96,0.75,0.7556,identity,2,4,16,0.167,54000,16,8000,83.3,4,0.0882946548461918,4.876623779296875,4.788329124450684,0.7580611282892978,0.0078964700863468,0.0315858803453874
4,8,96,0.75,0.7537,identity,3,4,16,0.167,66000,16,8000,83.3,4,0.0848538894653323,5.17859912109375,5.093745231628418,0.5403563440706618,0.0056287119174027,0.0225148476696109
4,8,96,0.75,0.7547,identity,4,4,16,0.167,92500,16,8000,83.3,4,0.0788831176757813,4.962939208984375,4.884056091308594,0.3816887906803412,0.0039759249029202,0.0159036996116808
4,8,96,0.75,0.7539,relu,0,4,16,0.167,51000,16,8000,83.3,6,0.0931019515991211,4.819100830078125,4.725998878479004,2.21228128993475,0.0230445967701536,0.1382675806209218
4,8,96,0.75,0.7524,relu,1,4,16,0.167,57000,16,8000,83.3,5,0.0917519035339351,4.7772763671875,4.6855244636535645,2.9844601999050373,0.0310881270823441,0.1554406354117206
4,8,96,0.75,0.7556,relu,2,4,16,0.167,41000,16,8000,83.3,6,0.092044654846191,4.880373779296875,4.788329124450684,2.944976131618148,0.0306768347043557,0.1840610082261342
4,8,96,0.75,0.7537,relu,3,4,16,0.167,53500,16,8000,83.3,5,0.0901283035278321,5.18387353515625,5.093745231628418,1.93716560792742,0.0201788084159106,0.1008940420795531
4,8,96,0.75,0.7547,relu,4,4,16,0.167,46000,16,8000,83.3,5,0.094362365722656,4.97841845703125,4.884056091308594,1.9084982941168456,0.0198801905637171,0.0994009528185857
4,8,96,1.0,1.0,identity,0,4,4,0.042,50500,16,8000,83.3,1,0.0458719520568848,5.155099609375,5.109227657318115,26.423823143217437,0.2752481577418482,0.2752481577418482
4,8,96,1.0,1.0,identity,1,4,4,0.042,51000,16,8000,83.3,2,0.0442820549011226,5.042352294921875,4.998070240020752,25.708173427726077,0.2677934732054799,0.5355869464109598
4,8,96,1.0,1.0,identity,2,4,4,0.042,43500,16,8000,83.3,2,0.0466750946044918,5.280044921875,5.233369827270508,26.64518097672596,0.277553968507562,0.5551079370151241
4,8,96,1.0,1.0,identity,3,4,4,0.042,53000,16,8000,83.3,1,0.0431664276123049,5.676881103515625,5.63371467590332,37.828130552638335,0.3940430265899826,0.3940430265899826
4,8,96,1.0,1.0,identity,4,4,4,0.042,45000,16,8000,83.3,2,0.0466658134460447,5.44981494140625,5.403149127960205,28.18607950055976,0.2936049947974974,0.5872099895949949
4,8,96,1.0,1.0,relu,0,4,4,0.042,49500,16,8000,83.3,2,0.0339261512756348,5.14315380859375,5.109227657318115,25.531519739765702,0.2659533306225594,0.5319066612451189
4,8,96,1.0,1.0,relu,1,4,4,0.042,42000,16,8000,83.3,3,0.0376536369323732,5.035723876953125,4.998070240020752,22.631459545205143,0.2357443702625535,0.7072331107876607
4,8,96,1.0,1.0,relu,2,4,4,0.042,42500,16,8000,83.3,3,0.0363032798767086,5.269673583984375,5.233370304107666,17.019046961398406,0.1772817391812333,0.5318452175437002
4,8,96,1.0,1.0,relu,3,4,4,0.042,40500,16,8000,83.3,2,0.0352516326904295,5.66896630859375,5.63371467590332,25.70596892839774,0.2677705096708098,0.5355410193416196
4,8,96,1.0,1.0,relu,4,4,4,0.042,46000,16,8000,83.3,2,0.0360906181335449,5.43923974609375,5.403149127960205,16.75299915503412,0.1745104078649387,0.3490208157298775
4,16,16,0.0,0.0,identity,0,0,20,1.25,88000,16,8000,500.0,3,0.2356763992309574,4.209853759765625,3.974177360534668,0.0401600223390171,0.0025100013961885,0.0075300041885657
4,16,16,0.0,0.0,identity,1,0,20,1.25,80500,16,8000,500.0,3,0.2627265968322749,4.333132080078125,4.07040548324585,0.0260920732102381,0.0016307545756398,0.0048922637269196
4,16,16,0.0,0.0,identity,2,0,20,1.25,96500,16,8000,500.0,3,0.2332113533020017,4.245822265625,4.012610912322998,0.0521708889286497,0.0032606805580406,0.0097820416741218
4,16,16,0.0,0.0,identity,3,0,20,1.25,97000,16,8000,500.0,3,0.2415007171630856,4.42852197265625,4.187021255493164,0.0348935962930951,0.0021808497683184,0.0065425493049553
4,16,16,0.0,0.0,identity,4,0,20,1.25,112000,16,8000,500.0,3,0.2379295425415035,4.27126904296875,4.033339500427246,0.0538474772048052,0.0033654673253003,0.0100964019759009
4,16,16,0.0,0.0,relu,0,0,20,1.25,124500,16,8000,500.0,3,0.299539192199707,4.273716552734375,3.974177360534668,0.7721793191827716,0.0482612074489232,0.1447836223467696
4,16,16,0.0,0.0,relu,1,0,20,1.25,115500,16,8000,500.0,3,0.3193938331604,4.38979931640625,4.07040548324585,1.1171445986498725,0.069821537415617,0.209464612246851
4,16,16,0.0,0.0,relu,2,0,20,1.25,138500,16,8000,500.0,3,0.3061493415832519,4.31876025390625,4.012610912322998,1.0709065990944109,0.0669316624434006,0.200794987330202
4,16,16,0.0,0.0,relu,3,0,20,1.25,104500,16,8000,500.0,4,0.3277961273193357,4.5148173828125,4.187021255493164,0.7949760066893684,0.0496860004180855,0.1987440016723421
4,16,16,0.0,0.0,relu,4,0,20,1.25,68500,16,8000,500.0,3,0.3265188980102538,4.3598583984375,4.033339500427246,0.2552521905942153,0.0159532619121384,0.0478597857364153
4,16,16,0.25,0.2537,identity,0,4,24,1.5,86500,16,8000,500.0,3,0.3207069015502926,4.462587890625,4.141880989074707,0.0694351393010508,0.0043396962063156,0.013019088618947
4,16,16,0.25,0.2531,identity,1,4,24,1.5,86500,16,8000,500.0,3,0.351994888305664,4.585017578125,4.233022689819336,0.0357219631281333,0.0022326226955083,0.0066978680865249
4,16,16,0.25,0.2566,identity,2,4,24,1.5,102500,16,8000,500.0,3,0.324107986450195,4.571496826171875,4.24738883972168,0.0600183713320695,0.0037511482082543,0.011253444624763
4,16,16,0.25,0.2538,identity,3,4,24,1.5,105000,16,8000,500.0,3,0.3027636680603027,4.61512109375,4.312357425689697,0.0468016009371865,0.0029251000585741,0.0087753001757224
4,16,16,0.25,0.2541,identity,4,4,24,1.5,84000,16,8000,500.0,3,0.3276587409973146,4.44804248046875,4.120383739471436,0.1300920763707757,0.0081307547731734,0.0243922643195204
4,16,16,0.25,0.2537,relu,0,4,24,1.5,150000,16,8000,500.0,3,0.3974256515502929,4.539306640625,4.141880989074707,0.5564728639714426,0.0347795539982151,0.1043386619946454
4,16,16,0.25,0.2531,relu,1,4,24,1.5,129000,16,8000,500.0,4,0.4800051422119145,4.71302783203125,4.233022689819336,1.0484024233208944,0.0655251514575559,0.2621006058302236
4,16,16,0.25,0.2566,relu,2,4,24,1.5,108500,16,8000,500.0,3,0.4061665802001952,4.653555419921875,4.24738883972168,1.057034086887544,0.0660646304304715,0.1981938912914145
4,16,16,0.25,0.2538,relu,3,4,24,1.5,127000,16,8000,500.0,4,0.3836542930603031,4.69601171875,4.312357425689697,0.6942722096672921,0.0433920131042057,0.173568052416823
4,16,16,0.25,0.2541,relu,4,4,24,1.5,95000,16,8000,500.0,4,0.3774233894348144,4.49780712890625,4.120383739471436,0.6410300466323846,0.040064377914524,0.1602575116580961
4,16,16,0.5,0.5048,identity,0,4,24,1.5,98000,16,8000,500.0,3,0.2655589561462399,4.66368603515625,4.39812707901001,0.0584814304475317,0.0036550894029707,0.0109652682089122
4,16,16,0.5,0.5042,identity,1,4,24,1.5,90000,16,8000,500.0,3,0.3024638023376464,4.816672119140625,4.5142083168029785,0.0455388355246284,0.0028461772202892,0.0085385316608678
4,16,16,0.5,0.5088,identity,2,4,24,1.5,99500,16,8000,500.0,3,0.2763210487365723,4.840977783203125,4.564656734466553,0.0837101602817478,0.0052318850176092,0.0156956550528277
4,16,16,0.5,0.5052,identity,3,4,24,1.5,85500,16,8000,500.0,3,0.26071040725708,4.76024072265625,4.49953031539917,0.0606935156235182,0.0037933447264698,0.0113800341794096
4,16,16,0.5,0.5053,identity,4,4,24,1.5,83000,16,8000,500.0,3,0.2601832580566405,4.6049365234375,4.344753265380859,0.0744557599443297,0.0046534849965206,0.0139604549895618
4,16,16,0.5,0.5048,relu,0,4,24,1.5,139500,16,8000,500.0,3,0.3331192588806155,4.731246337890625,4.39812707901001,1.3423694096043608,0.0838980881002725,0.2516942643008176
4,16,16,0.5,0.5042,relu,1,4,24,1.5,143500,16,8000,500.0,3,0.3770834312438964,4.891291748046875,4.5142083168029785,1.8260269741356148,0.1141266858834759,0.3423800576504278
4,16,16,0.5,0.5088,relu,2,4,24,1.5,133500,16,8000,500.0,3,0.3388847579956051,4.903541015625,4.5646562576293945,1.205280277349346,0.0753300173343341,0.2259900520030023
4,16,16,0.5,0.5052,relu,3,4,24,1.5,139000,16,8000,500.0,3,0.3157633857727049,4.815293701171875,4.49953031539917,1.9330916830049727,0.1208182301878108,0.3624546905634324
4,16,16,0.5,0.5053,relu,4,4,24,1.5,101000,16,8000,500.0,4,0.3202474670410158,4.665000732421875,4.344753265380859,1.082290804725314,0.0676431752953321,0.2705727011813285
4,16,16,0.75,0.7535,identity,0,4,24,1.5,98500,16,8000,500.0,3,0.1671228065490719,4.884611572265625,4.717488765716553,0.146911399535426,0.0091819624709641,0.0275458874128923
4,16,16,0.75,0.7534,identity,1,4,24,1.5,84500,16,8000,500.0,3,0.194293228149414,5.08197900390625,4.887685775756836,0.0929586866674708,0.0058099179167169,0.0174297537501507
4,16,16,0.75,0.7567,identity,2,4,24,1.5,89500,16,8000,500.0,3,0.1765724678039548,5.13487353515625,4.958301067352295,0.091697211167565,0.0057310756979728,0.0171932270939184
4,16,16,0.75,0.754,identity,3,4,24,1.5,86500,16,8000,500.0,3,0.1601965141296384,4.9066455078125,4.746448993682861,0.0729970458021946,0.0045623153626371,0.0136869460879115
4,16,16,0.75,0.7538,identity,4,4,24,1.5,72000,16,8000,500.0,4,0.1665217895507815,4.838419677734375,4.671897888183594,0.0996525619630878,0.0062282851226929,0.0249131404907719
4,16,16,0.75,0.7535,relu,0,4,24,1.5,139500,16,8000,500.0,3,0.2130466346740727,4.930535400390625,4.717488765716553,1.591821727675509,0.0994888579797193,0.2984665739391579
4,16,16,0.75,0.7534,relu,1,4,24,1.5,121500,16,8000,500.0,3,0.245514419555664,5.1332001953125,4.887685775756836,1.744599258922623,0.1090374536826639,0.3271123610479918
4,16,16,0.75,0.7567,relu,2,4,24,1.5,150000,16,8000,500.0,2,0.2424003486633301,5.200701416015625,4.958301067352295,1.8447865995731096,0.1152991624733193,0.2305983249466387
4,16,16,0.75,0.754,relu,3,4,24,1.5,144500,16,8000,500.0,4,0.1929658012390138,4.939414794921875,4.746448993682861,1.550973557127742,0.0969358473204838,0.3877433892819355
4,16,16,0.75,0.7538,relu,4,4,24,1.5,118000,16,8000,500.0,3,0.2003425903320312,4.872240478515625,4.671897888183594,1.9442933332742625,0.1215183333296413,0.3645549999889241
4,16,16,1.0,1.0,identity,0,4,4,0.25,66500,16,8000,500.0,2,0.0258125228881835,5.05382861328125,5.028016090393066,3.853858962293923,0.2408661851433702,0.4817323702867404
4,16,16,1.0,1.0,identity,1,4,4,0.25,70500,16,8000,500.0,1,0.0237994499206539,5.336559326171875,5.312759876251221,9.011033576972206,0.5631895985607629,0.5631895985607629
4,16,16,1.0,1.0,identity,2,4,4,0.25,61500,16,8000,500.0,2,0.0276351585388185,5.43447119140625,5.406836032867432,1.4378259473049102,0.0898641217065568,0.1797282434131137
4,16,16,1.0,1.0,identity,3,4,4,0.25,59500,16,8000,500.0,2,0.0256693992614742,5.06863671875,5.042967319488525,4.327628578650365,0.2704767861656478,0.5409535723312956
4,16,16,1.0,1.0,identity,4,4,4,0.25,71500,16,8000,500.0,1,0.0257342338562009,5.077587890625,5.051853656768799,4.838855641467454,0.3024284775917158,0.3024284775917158
4,16,16,1.0,1.0,relu,0,4,4,0.25,63000,16,8000,500.0,1,0.0261533432006837,5.05416943359375,5.028016090393066,7.364290218414683,0.4602681386509177,0.4602681386509177
4,16,16,1.0,1.0,relu,1,4,4,0.25,78500,16,8000,500.0,2,0.0226161003112794,5.3353759765625,5.312759876251221,5.549262584860903,0.3468289115538064,0.6936578231076129
4,16,16,1.0,1.0,relu,2,4,4,0.25,81000,16,8000,500.0,1,0.0251732444763179,5.43200927734375,5.406836032867432,7.249064263656757,0.4530665164785473,0.4530665164785473
4,16,16,1.0,1.0,relu,3,4,4,0.25,62000,16,8000,500.0,2,0.0238866844177243,5.06685400390625,5.042967319488525,5.671685217847419,0.3544803261154637,0.7089606522309274
4,16,16,1.0,1.0,relu,4,4,4,0.25,63500,16,8000,500.0,2,0.0255359916687014,5.0773896484375,5.051853656768799,4.350757948112397,0.2719223717570248,0.5438447435140497
4,16,32,0.0,0.0,identity,0,0,20,0.625,75000,16,8000,250.0,4,0.0808529129028317,4.0550302734375,3.974177360534668,0.0566066109582688,0.0017689565924459,0.0070758263697836
4,16,32,0.0,0.0,identity,1,0,20,0.625,79500,16,8000,250.0,4,0.0806494483947757,4.151054931640625,4.07040548324585,0.0468807518621245,0.0014650234956913,0.0058600939827655
4,16,32,0.0,0.0,identity,2,0,20,0.625,75000,16,8000,250.0,4,0.0791422615051269,4.091753173828125,4.012610912322998,0.0717660312231879,0.0022426884757246,0.0089707539028984
4,16,32,0.0,0.0,identity,3,0,20,0.625,63500,16,8000,250.0,4,0.0824550628662112,4.269476318359375,4.187021255493164,0.0399589836840993,0.0012487182401281,0.0049948729605124
4,16,32,0.0,0.0,identity,4,0,20,0.625,81500,16,8000,250.0,4,0.078372901916504,4.11171240234375,4.033339500427246,0.0394503233188906,0.0012328226037153,0.0049312904148613
4,16,32,0.0,0.0,relu,0,0,20,0.625,73000,16,8000,250.0,4,0.0888549880981441,4.063032348632812,3.974177360534668,0.0761410445642769,0.0023794076426336,0.0095176305705346
4,16,32,0.0,0.0,relu,1,0,20,0.625,74500,16,8000,250.0,4,0.0919800148010256,4.162385498046875,4.07040548324585,0.0453931964623414,0.0014185373894481,0.0056741495577926
4,16,32,0.0,0.0,relu,2,0,20,0.625,81000,16,8000,250.0,4,0.0858102302551273,4.098421142578125,4.012610912322998,0.0694591568855306,0.0021705986526728,0.0086823946106913
4,16,32,0.0,0.0,relu,3,0,20,0.625,69500,16,8000,250.0,5,0.0887321624755861,4.27575341796875,4.187021255493164,0.068303668262443,0.0021344896332013,0.0106724481660067
4,16,32,0.0,0.0,relu,4,0,20,0.625,66500,16,8000,250.0,4,0.0912637710571289,4.124603271484375,4.033339500427246,0.0640635382181898,0.0020019855693184,0.0080079422772737
4,16,32,0.25,0.2537,identity,0,4,24,0.75,70500,16,8000,250.0,4,0.0876622238159177,4.229543212890625,4.141880989074707,0.0370085325221601,0.0011565166413175,0.00462606656527
4,16,32,0.25,0.2531,identity,1,4,24,0.75,71500,16,8000,250.0,4,0.0880764312744144,4.32109912109375,4.233022689819336,0.0408207608061032,0.0012756487751907,0.0051025951007629
4,16,32,0.25,0.2566,identity,2,4,24,0.75,83000,16,8000,250.0,4,0.0845142364501949,4.331903076171875,4.24738883972168,0.0511562905958689,0.0015986340811209,0.0063945363244836
4,16,32,0.25,0.2538,identity,3,4,24,0.75,73000,16,8000,250.0,4,0.0854921836853028,4.397849609375,4.312357425689697,0.0438454275400605,0.0013701696106268,0.0054806784425075
4,16,32,0.25,0.2541,identity,4,4,24,0.75,74000,16,8000,250.0,4,0.086658496856689,4.207042236328125,4.120383739471436,0.0406358061465378,0.0012698689420793,0.0050794757683172
4,16,32,0.25,0.2537,relu,0,4,24,0.75,82500,16,8000,250.0,4,0.0999859542846683,4.241866943359375,4.141880989074707,0.1007650180525624,0.0031489068141425,0.0125956272565703
4,16,32,0.25,0.2531,relu,1,4,24,0.75,84000,16,8000,250.0,4,0.0986870269775392,4.331709716796875,4.233022689819336,0.0983587588147615,0.0030737112129612,0.0122948448518451
4,16,32,0.25,0.2566,relu,2,4,24,0.75,88500,16,8000,250.0,4,0.0993604278564452,4.346749267578125,4.24738883972168,0.1154984258283004,0.0036093258071343,0.0144373032285375
4,16,32,0.25,0.2538,relu,3,4,24,0.75,94500,16,8000,250.0,4,0.0971896934509279,4.409547119140625,4.312357425689697,0.1398164992685705,0.0043692656021428,0.0174770624085713
4,16,32,0.25,0.2541,relu,4,4,24,0.75,82000,16,8000,250.0,4,0.100735889434814,4.22111962890625,4.120383739471436,0.138976626246407,0.0043430195702002,0.0173720782808008
4,16,32,0.5,0.5048,identity,0,4,24,0.75,86500,16,8000,250.0,4,0.0793914756774905,4.4775185546875,4.39812707901001,0.0578830179398138,0.0018088443106191,0.0072353772424767
4,16,32,0.5,0.5042,identity,1,4,24,0.75,84500,16,8000,250.0,4,0.0792467613220218,4.593455078125,4.5142083168029785,0.0442907816803042,0.0013840869275095,0.005536347710038
4,16,32,0.5,0.5088,identity,2,4,24,0.75,84500,16,8000,250.0,4,0.0792741737365725,4.643930908203125,4.564656734466553,0.0660449840263498,0.0020639057508234,0.0082556230032937
4,16,32,0.5,0.5052,identity,3,4,24,0.75,73000,16,8000,250.0,4,0.0780185127258299,4.577548828125,4.49953031539917,0.057714376408615,0.0018035742627692,0.0072142970510768
4,16,32,0.5,0.5053,identity,4,4,24,0.75,75000,16,8000,250.0,4,0.0804818420410153,4.425235107421875,4.344753265380859,0.0499337321475344,0.0015604291296104,0.0062417165184418
4,16,32,0.5,0.5048,relu,0,4,24,0.75,81500,16,8000,250.0,4,0.0959805870056156,4.494107666015625,4.39812707901001,0.3519854516179479,0.0109995453630608,0.0439981814522434
4,16,32,0.5,0.5042,relu,1,4,24,0.75,84000,16,8000,250.0,4,0.0996664390563966,4.613874755859375,4.5142083168029785,0.4067266522659957,0.0127102078833123,0.0508408315332494
4,16,32,0.5,0.5088,relu,2,4,24,0.75,81000,16,8000,250.0,4,0.097690910339355,4.66234716796875,4.5646562576293945,0.2627260253550608,0.0082101882923456,0.0328407531693826
4,16,32,0.5,0.5052,relu,3,4,24,0.75,76500,16,8000,250.0,4,0.0985585517883302,4.5980888671875,4.49953031539917,0.4471572471360239,0.0139736639730007,0.0558946558920029
4,16,32,0.5,0.5053,relu,4,4,24,0.75,86500,16,8000,250.0,4,0.0954960021972652,4.440249267578125,4.344753265380859,0.3950303569498314,0.0123446986546822,0.0493787946187289
4,16,32,0.75,0.7535,identity,0,4,24,0.75,70500,16,8000,250.0,4,0.070992679595947,4.7884814453125,4.717488765716553,0.1295380387614344,0.0040480637112948,0.0161922548451793
4,16,32,0.75,0.7534,identity,1,4,24,0.75,56500,16,8000,250.0,4,0.0739531402587889,4.961638916015625,4.887685775756836,0.1136843366989566,0.0035526355218423,0.0142105420873695
4,16,32,0.75,0.7567,identity,2,4,24,0.75,80500,16,8000,250.0,4,0.0696393623352049,5.0279404296875,4.958301067352295,0.0647506989074406,0.0020234593408575,0.00809383736343
4,16,32,0.75,0.754,identity,3,4,24,0.75,62500,16,8000,250.0,4,0.0697038383483885,4.81615283203125,4.746448993682861,0.0840162988421401,0.0026255093388168,0.0105020373552675
4,16,32,0.75,0.7538,identity,4,4,24,0.75,74500,16,8000,250.0,4,0.0705029907226562,4.74240087890625,4.671897888183594,0.0829803960498236,0.0025931373765569,0.0103725495062279
4,16,32,0.75,0.7535,relu,0,4,24,0.75,106500,16,8000,250.0,4,0.0818740272521969,4.79936279296875,4.717488765716553,0.8174557866833401,0.0255454933338543,0.1021819733354175
4,16,32,0.75,0.7534,relu,1,4,24,0.75,103000,16,8000,250.0,4,0.0836577301025389,4.971343505859375,4.887685775756836,0.915677252181206,0.0286149141306626,0.1144596565226507
4,16,32,0.75,0.7567,relu,2,4,24,0.75,78500,16,8000,250.0,3,0.0940898017883302,5.052390869140625,4.958301067352295,0.949399111358162,0.0296687222299425,0.0890061666898276
4,16,32,0.75,0.754,relu,3,4,24,0.75,104000,16,8000,250.0,5,0.0836012992858883,4.83005029296875,4.746448993682861,1.1376808394239366,0.035552526231998,0.17776263115999
4,16,32,0.75,0.7538,relu,4,4,24,0.75,91000,16,8000,250.0,5,0.0865833129882815,4.758481201171875,4.671897888183594,0.8905245118012421,0.0278288909937888,0.1391444549689441
4,16,32,1.0,1.0,identity,0,4,4,0.125,61500,16,8000,250.0,1,0.0301892318725585,5.058205322265625,5.028016090393066,4.851826700746458,0.1516195843983268,0.1516195843983268
4,16,32,1.0,1.0,identity,1,4,4,0.125,43500,16,8000,250.0,2,0.0326702995300296,5.34543017578125,5.312759876251221,7.782998661805188,0.2432187081814121,0.4864374163628243
4,16,32,1.0,1.0,identity,2,4,4,0.125,71500,16,8000,250.0,2,0.0287857933044435,5.435621826171875,5.406836032867432,4.656537303367636,0.1455167907302386,0.2910335814604772
4,16,32,1.0,1.0,identity,3,4,4,0.125,59500,16,8000,250.0,2,0.0279958152770998,5.070963134765625,5.042967319488525,8.628824564599936,0.269650767643748,0.539301535287496
4,16,32,1.0,1.0,identity,4,4,4,0.125,85000,16,8000,250.0,2,0.0272901420593258,5.079143798828125,5.051853656768799,4.82520738592331,0.1507877308101034,0.3015754616202069
4,16,32,1.0,1.0,relu,0,4,4,0.125,31500,16,8000,250.0,1,0.0351015853881833,5.06311767578125,5.028016090393066,11.26005538064117,0.3518767306450365,0.3518767306450365
4,16,32,1.0,1.0,relu,1,4,4,0.125,48000,16,8000,250.0,2,0.0293575553894038,5.342117431640625,5.312759876251221,10.878278566990748,0.3399462052184608,0.6798924104369217
4,16,32,1.0,1.0,relu,2,4,4,0.125,48000,16,8000,250.0,2,0.0308817405700683,5.4377177734375,5.406836032867432,7.636632058002894,0.2386447518125904,0.4772895036251808
4,16,32,1.0,1.0,relu,3,4,4,0.125,50000,16,8000,250.0,2,0.0281628074645992,5.071130126953125,5.042967319488525,11.431990591514134,0.3572497059848167,0.7144994119696334
4,16,32,1.0,1.0,relu,4,4,4,0.125,44500,16,8000,250.0,2,0.0320853080749508,5.08393896484375,5.051853656768799,7.998647994088206,0.2499577498152564,0.4999154996305128
4,16,64,0.0,0.0,identity,0,0,20,0.312,59000,16,8000,125.0,4,0.1104498367309574,4.084627197265625,3.974177360534668,0.1092800980710235,0.0017075015323597,0.0068300061294389
4,16,64,0.0,0.0,identity,1,0,20,0.312,42500,16,8000,125.0,4,0.1207837257385255,4.191189208984375,4.07040548324585,0.1220027932862703,0.0019062936450979,0.0076251745803918
4,16,64,0.0,0.0,identity,2,0,20,0.312,43000,16,8000,125.0,4,0.1151573982238769,4.127768310546875,4.012610912322998,0.123770772254083,0.00193391831647,0.0077356732658801
4,16,64,0.0,0.0,identity,3,0,20,0.312,57500,16,8000,125.0,4,0.1061623382568361,4.29318359375,4.187021255493164,0.1148571359320656,0.0017946427489385,0.0071785709957541
4,16,64,0.0,0.0,identity,4,0,20,0.312,37000,16,8000,125.0,4,0.1206381607055666,4.153977661132813,4.033339500427246,0.1226520489575798,0.0019164382649621,0.0076657530598487
4,16,64,0.0,0.0,relu,0,0,20,0.312,69000,16,8000,125.0,5,0.1078223953247068,4.081999755859375,3.974177360534668,0.1358304096119705,0.002122350150187,0.0106117507509351
4,16,64,0.0,0.0,relu,1,0,20,0.312,45500,16,8000,125.0,5,0.1175234718322757,4.187928955078125,4.07040548324585,0.0852263709126666,0.0013316620455104,0.006658310227552
4,16,64,0.0,0.0,relu,2,0,20,0.312,54500,16,8000,125.0,5,0.109294361114502,4.1219052734375,4.012610912322998,0.1250046361548965,0.0019531974399202,0.0097659871996012
4,16,64,0.0,0.0,relu,3,0,20,0.312,47000,16,8000,125.0,6,0.107264389038086,4.29428564453125,4.187021255493164,0.0892630475312351,0.0013947351176755,0.0083684107060532
4,16,64,0.0,0.0,relu,4,0,20,0.312,60500,16,8000,125.0,6,0.1075768814086917,4.140916381835938,4.033339500427246,0.1148133774638202,0.0017939590228721,0.0107637541372331
4,16,64,0.25,0.2537,identity,0,4,24,0.375,57500,16,8000,125.0,4,0.119271354675293,4.26115234375,4.141880989074707,0.1517922210155889,0.0023717534533685,0.0094870138134743
4,16,64,0.25,0.2531,identity,1,4,24,0.375,44000,16,8000,125.0,4,0.1269140777587889,4.359936767578125,4.233022689819336,0.1096388105220815,0.0017131064144075,0.00685242565763
4,16,64,0.25,0.2566,identity,2,4,24,0.375,77000,16,8000,125.0,4,0.1080098419189452,4.355398681640625,4.24738883972168,0.1017697645732116,0.0015901525714564,0.0063606102858257
4,16,64,0.25,0.2538,identity,3,4,24,0.375,47000,16,8000,125.0,4,0.1213720664978028,4.4337294921875,4.312357425689697,0.0818911713705665,0.0012795495526651,0.0051181982106604
4,16,64,0.25,0.2541,identity,4,4,24,0.375,58500,16,8000,125.0,4,0.1170435066223145,4.23742724609375,4.120383739471436,0.1280912341749239,0.0020014255339831,0.0080057021359327
4,16,64,0.25,0.2537,relu,0,4,24,0.375,55500,16,8000,125.0,5,0.1217047042846681,4.263585693359375,4.141880989074707,0.225426871904371,0.0035222948735057,0.0176114743675289
4,16,64,0.25,0.2531,relu,1,4,24,0.375,47500,16,8000,125.0,5,0.1259013824462886,4.358924072265625,4.233022689819336,0.2747026739413389,0.0042922292803334,0.0214611464016671
4,16,64,0.25,0.2566,relu,2,4,24,0.375,72000,16,8000,125.0,5,0.1165193634033201,4.363908203125,4.24738883972168,0.1612918232543736,0.0025201847383495,0.0126009236917479
4,16,64,0.25,0.2538,relu,3,4,24,0.375,46000,16,8000,125.0,5,0.1218801231384274,4.434237548828125,4.312357425689697,0.2693801677236913,0.0042090651206826,0.0210453256034133
4,16,64,0.25,0.2541,relu,4,4,24,0.375,60500,16,8000,125.0,5,0.1205100593566896,4.240893798828125,4.120383739471436,0.2849382700196193,0.0044521604690565,0.0222608023452827
4,16,64,0.5,0.5048,identity,0,4,24,0.375,57500,16,8000,125.0,4,0.1096509971618653,4.507778076171875,4.39812707901001,0.1765832301844098,0.0027591129716314,0.0110364518865256
4,16,64,0.5,0.5042,identity,1,4,24,0.375,67500,16,8000,125.0,4,0.1072040367126465,4.621412353515625,4.5142083168029785,0.1295915455451781,0.0020248678991434,0.0080994715965736
4,16,64,0.5,0.5088,identity,2,4,24,0.375,57500,16,8000,125.0,4,0.109453861236572,4.674110595703125,4.564656734466553,0.1019553285273071,0.0015930520082391,0.0063722080329566
4,16,64,0.5,0.5052,identity,3,4,24,0.375,48500,16,8000,125.0,4,0.1129665107727051,4.612496826171875,4.49953031539917,0.1179678512177545,0.0018432476752774,0.0073729907011096
4,16,64,0.5,0.5053,identity,4,4,24,0.375,48500,16,8000,125.0,4,0.1149466857910157,4.459699951171875,4.344753265380859,0.1677330232944872,0.0026208284889763,0.0104833139559054
4,16,64,0.5,0.5048,relu,0,4,24,0.375,65000,16,8000,125.0,5,0.1132674522399899,4.51139453125,4.39812707901001,0.5488863846364314,0.0085763497599442,0.0428817487997212
4,16,64,0.5,0.5042,relu,1,4,24,0.375,53000,16,8000,125.0,5,0.1167181968688968,4.630926513671875,4.5142083168029785,0.5551787268390116,0.0086746676068595,0.0433733380342977
4,16,64,0.5,0.5088,relu,2,4,24,0.375,57500,16,8000,125.0,5,0.1136757736206055,4.67833203125,4.5646562576293945,0.4775621654304854,0.0074619088348513,0.0373095441742566
4,16,64,0.5,0.5052,relu,3,4,24,0.375,67000,16,8000,125.0,5,0.1101869697570796,4.60971728515625,4.49953031539917,0.6598327800795063,0.0103098871887422,0.0515494359437114
4,16,64,0.5,0.5053,relu,4,4,24,0.375,57500,16,8000,125.0,5,0.1138373107910153,4.458590576171875,4.344753265380859,0.6422488632311539,0.0100351384879867,0.0501756924399339
4,16,64,0.75,0.7535,identity,0,4,24,0.375,47500,16,8000,125.0,4,0.099064456939697,4.81655322265625,4.717488765716553,0.389560844787415,0.0060868881998033,0.0243475527992134
4,16,64,0.75,0.7534,identity,1,4,24,0.375,58000,16,8000,125.0,4,0.0946230621337891,4.982308837890625,4.887685775756836,0.2707800015642401,0.0042309375244412,0.016923750097765
4,16,64,0.75,0.7567,identity,2,4,24,0.375,57500,16,8000,125.0,4,0.094729694366455,5.05303076171875,4.958301067352295,0.2081805377002319,0.0032528209015661,0.0130112836062644
4,16,64,0.75,0.754,identity,3,4,24,0.375,73000,16,8000,125.0,4,0.0862087211608884,4.83265771484375,4.746448993682861,0.2589351166524451,0.0040458611976944,0.0161834447907778
4,16,64,0.75,0.7538,identity,4,4,24,0.375,38000,16,8000,125.0,4,0.1048723754882816,4.776770263671875,4.671897888183594,0.3598626672346108,0.0056228541755407,0.0224914167021631
4,16,64,0.75,0.7535,relu,0,4,24,0.375,45000,16,8000,125.0,4,0.1078071327209473,4.8252958984375,4.717488765716553,1.3411090208219751,0.0209548284503433,0.0838193138013734
4,16,64,0.75,0.7534,relu,1,4,24,0.375,57000,16,8000,125.0,5,0.1032194976806639,4.9909052734375,4.887685775756836,1.2546542911533032,0.0196039732992703,0.0980198664963518
4,16,64,0.75,0.7567,relu,2,4,24,0.375,68000,16,8000,125.0,5,0.1002094306945799,5.058510498046875,4.958301067352295,0.9945200180052932,0.0155393752813327,0.0776968764066635
4,16,64,0.75,0.754,relu,3,4,24,0.375,69000,16,8000,125.0,6,0.0958090629577634,4.842258056640625,4.746448993682861,1.605127529696164,0.0250801176515025,0.1504807059090153
4,16,64,0.75,0.7538,relu,4,4,24,0.375,62500,16,8000,125.0,5,0.1017048950195311,4.773602783203125,4.671897888183594,1.2884505279500105,0.0201320394992189,0.1006601974960945
4,16,64,1.0,1.0,identity,0,4,4,0.062,55500,16,8000,125.0,1,0.0385962142944338,5.0666123046875,5.028016090393066,13.488878478453596,0.2107637262258374,0.2107637262258374
4,16,64,1.0,1.0,identity,1,4,4,0.062,43500,16,8000,125.0,2,0.0408380241394041,5.353597900390625,5.312759876251221,17.881088112096236,0.2793920017515037,0.5587840035030074
4,16,64,1.0,1.0,identity,2,4,4,0.062,53500,16,8000,125.0,2,0.038666652679443,5.445502685546875,5.406836032867432,9.72224112366096,0.1519100175572025,0.303820035114405
4,16,64,1.0,1.0,identity,3,4,4,0.062,41000,16,8000,125.0,2,0.0383830223083494,5.081350341796875,5.042967319488525,15.66130614381184,0.2447079084970599,0.4894158169941199
4,16,64,1.0,1.0,identity,4,4,4,0.062,54500,16,8000,125.0,2,0.0385760307312015,5.0904296875,5.051853656768799,10.501389109693166,0.1640842048389557,0.3281684096779114
4,16,64,1.0,1.0,relu,0,4,4,0.062,47500,16,8000,125.0,2,0.0347636947631837,5.06277978515625,5.028016090393066,14.65879211546436,0.2290436268041306,0.4580872536082612
4,16,64,1.0,1.0,relu,1,4,4,0.062,35000,16,8000,125.0,3,0.0363368034362796,5.3490966796875,5.312759876251221,13.52336748130083,0.2113026168953254,0.6339078506859764
4,16,64,1.0,1.0,relu,2,4,4,0.062,39000,16,8000,125.0,2,0.0371620140075688,5.443998046875,5.406836032867432,14.537100277936826,0.2271421918427629,0.4542843836855258
4,16,64,1.0,1.0,relu,3,4,4,0.062,54000,16,8000,125.0,2,0.0309418601989746,5.0739091796875,5.042967319488525,21.293322470248395,0.3327081635976311,0.6654163271952623
4,16,64,1.0,1.0,relu,4,4,4,0.062,40500,16,8000,125.0,2,0.0363646049499513,5.08821826171875,5.051853656768799,14.015635776694312,0.2189943090108486,0.4379886180216972
4,16,96,0.0,0.0,identity,0,0,20,0.208,89500,16,8000,83.3,4,0.1075621414184571,4.081739501953125,3.974177360534668,0.170742834291703,0.0017785711905385,0.0071142847621542
4,16,96,0.0,0.0,identity,1,0,20,0.208,74000,16,8000,83.3,4,0.1144676856994628,4.1848731689453125,4.07040548324585,0.1392829102186005,0.0014508636481104,0.0058034545924416
4,16,96,0.0,0.0,identity,2,0,20,0.208,43000,16,8000,83.3,4,0.1297694587707516,4.14238037109375,4.012610912322998,0.2681829073179232,0.0027935719512283,0.0111742878049134
4,16,96,0.0,0.0,identity,3,0,20,0.208,66500,16,8000,83.3,4,0.1152494964599606,4.302270751953125,4.187021255493164,0.1782526932929026,0.0018567988884677,0.0074271955538709
4,16,96,0.0,0.0,identity,4,0,20,0.208,37000,16,8000,83.3,3,0.1383890151977542,4.171728515625,4.033339500427246,0.2536516458919512,0.0026422046447078,0.0079266139341234
4,16,96,0.0,0.0,relu,0,0,20,0.208,55500,16,8000,83.3,5,0.1262357254028323,4.1004130859375,3.974177360534668,0.1499899969178569,0.0015623958012276,0.0078119790061383
4,16,96,0.0,0.0,relu,1,0,20,0.208,48000,16,8000,83.3,5,0.1303312110900876,4.200736694335937,4.07040548324585,0.0899960814778255,0.0009374591820606,0.0046872959103034
4,16,96,0.0,0.0,relu,2,0,20,0.208,46500,16,8000,83.3,5,0.1254747810363765,4.138085693359375,4.012610912322998,0.1304420022339698,0.0013587708566038,0.0067938542830192
4,16,96,0.0,0.0,relu,3,0,20,0.208,47000,16,8000,83.3,6,0.1237900238037106,4.310811279296875,4.187021255493164,0.1319666230011279,0.0013746523229284,0.0082479139375704
4,16,96,0.0,0.0,relu,4,0,20,0.208,54500,16,8000,83.3,5,0.1282271499633784,4.161566650390625,4.033339500427246,0.1140567937768725,0.0011880916018424,0.0059404580092121
4,16,96,0.25,0.2537,identity,0,4,24,0.25,70500,16,8000,83.3,4,0.1268292160034176,4.268710205078125,4.141880989074707,0.1730182776752454,0.0018022737257838,0.0072090949031352
4,16,96,0.25,0.2531,identity,1,4,24,0.25,44000,16,8000,83.3,4,0.1445088043212887,4.377531494140625,4.233022689819336,0.1833714504484143,0.0019101192755043,0.0076404771020172
4,16,96,0.25,0.2566,identity,2,4,24,0.25,58500,16,8000,83.3,4,0.1318709259033204,4.379259765625,4.24738883972168,0.2057008291325915,0.0021427169701311,0.0085708678805246
4,16,96,0.25,0.2538,identity,3,4,24,0.25,48500,16,8000,83.3,4,0.1393857383728027,4.4517431640625,4.312357425689697,0.1866223965504903,0.0019439832974009,0.0077759331896037
4,16,96,0.25,0.2541,identity,4,4,24,0.25,65000,16,8000,83.3,4,0.1320088386535642,4.252392578125,4.120383739471436,0.1838591429671003,0.0019151994059072,0.0076607976236291
4,16,96,0.25,0.2537,relu,0,4,24,0.25,46000,16,8000,83.3,5,0.1417034835815434,4.28358447265625,4.141880989074707,0.298825508298956,0.0031127657114474,0.0155638285572372
4,16,96,0.25,0.2531,relu,1,4,24,0.25,53500,16,8000,83.3,5,0.141179214477539,4.374201904296875,4.233022689819336,0.3282079751693775,0.003418833074681,0.017094165373405
4,16,96,0.25,0.2566,relu,2,4,24,0.25,51000,16,8000,83.3,5,0.1377124786376953,4.385101318359375,4.24738883972168,0.2433309337255979,0.0025346972263083,0.0126734861315415
4,16,96,0.25,0.2538,relu,3,4,24,0.25,53000,16,8000,83.3,6,0.1377001914978031,4.4500576171875,4.312357425689697,0.279177247181811,0.0029080963248105,0.0174485779488631
4,16,96,0.25,0.2541,relu,4,4,24,0.25,53000,16,8000,83.3,5,0.1404004402160641,4.2607841796875,4.120383739471436,0.2449509810758256,0.0025515727195398,0.0127578635976992
4,16,96,0.5,0.5048,identity,0,4,24,0.25,80000,16,8000,83.3,4,0.1129844932556149,4.511111572265625,4.39812707901001,0.253639458207587,0.0026420776896623,0.0105683107586494
4,16,96,0.5,0.5042,identity,1,4,24,0.25,78500,16,8000,83.3,4,0.1160548667907717,4.63026318359375,4.5142083168029785,0.2468646204552056,0.002571506463075,0.0102860258523002
4,16,96,0.5,0.5088,identity,2,4,24,0.25,57500,16,8000,83.3,4,0.1241828651428225,4.688839599609375,4.564656734466553,0.1537740979207494,0.0016018135200078,0.0064072540800312
4,16,96,0.5,0.5052,identity,3,4,24,0.25,48500,16,8000,83.3,4,0.1286571846008302,4.6281875,4.49953031539917,0.2244419058977737,0.0023379365197684,0.0093517460790739
4,16,96,0.5,0.5053,identity,4,4,24,0.25,59500,16,8000,83.3,4,0.1221231994628908,4.46687646484375,4.344753265380859,0.261803584342844,0.0027271206702379,0.0109084826809518
4,16,96,0.5,0.5048,relu,0,4,24,0.25,50000,16,8000,83.3,5,0.1333992881774905,4.5315263671875,4.39812707901001,0.7464827170427505,0.0077758616358619,0.0388793081793099
4,16,96,0.5,0.5042,relu,1,4,24,0.25,44000,16,8000,83.3,5,0.1356315269470211,4.64983984375,4.5142083168029785,0.8230966178549054,0.0085739231026552,0.0428696155132763
4,16,96,0.5,0.5088,relu,2,4,24,0.25,57500,16,8000,83.3,5,0.1301601486206056,4.69481640625,4.5646562576293945,0.5944298192191936,0.0061919772835332,0.0309598864176663
4,16,96,0.5,0.5052,relu,3,4,24,0.25,47000,16,8000,83.3,6,0.1299047431945803,4.62943505859375,4.49953031539917,0.7717764658745419,0.0080393381861931,0.0482360291171588
4,16,96,0.5,0.5053,relu,4,4,24,0.25,49500,16,8000,83.3,5,0.133197418212891,4.47795068359375,4.344753265380859,0.6971735982260848,0.0072622249815217,0.0363111249076085
4,16,96,0.75,0.7535,identity,0,4,24,0.25,85000,16,8000,83.3,4,0.0980341835021976,4.81552294921875,4.717488765716553,0.4273776765697478,0.0044518507976015,0.0178074031904061
4,16,96,0.75,0.7534,identity,1,4,24,0.25,79500,16,8000,83.3,4,0.0985285797119139,4.98621435546875,4.887685775756836,0.3575413587380662,0.0037243891535215,0.014897556614086
4,16,96,0.75,0.7567,identity,2,4,24,0.25,57500,16,8000,83.3,4,0.1079428291320798,5.066243896484375,4.958301067352295,0.2526755143462439,0.0026320366077733,0.0105281464310934
4,16,96,0.75,0.754,identity,3,4,24,0.25,63500,16,8000,83.3,4,0.1007748832702635,4.847223876953125,4.746448993682861,0.340117004456153,0.0035428854630849,0.0141715418523397
4,16,96,0.75,0.7538,identity,4,4,24,0.25,74500,16,8000,83.3,4,0.1009644165039063,4.7728623046875,4.671897888183594,0.3445649894655754,0.0035892186402664,0.0143568745610656
4,16,96,0.75,0.7535,relu,0,4,24,0.25,55000,16,8000,83.3,5,0.1170144081115722,4.834503173828125,4.717488765716553,1.6318692407791564,0.0169986379247828,0.0849931896239143
4,16,96,0.75,0.7534,relu,1,4,24,0.25,42000,16,8000,83.3,5,0.1221198883056642,5.0098056640625,4.887685775756836,1.7574507631211356,0.0183067787825118,0.0915338939125591
4,16,96,0.75,0.7567,relu,2,4,24,0.25,49000,16,8000,83.3,5,0.1200876045227055,5.078388671875,4.958301067352295,1.3297598504637942,0.0138516651089978,0.0692583255449892
4,16,96,0.75,0.754,relu,3,4,24,0.25,48500,16,8000,83.3,6,0.1150886039733887,4.86153759765625,4.746448993682861,2.154336084347392,0.0224410008786186,0.134646005271712
4,16,96,0.75,0.7538,relu,4,4,24,0.25,46500,16,8000,83.3,5,0.1195027465820315,4.791400634765625,4.671897888183594,1.8164220664618431,0.0189210631923108,0.0946053159615543
4,16,96,1.0,1.0,identity,0,4,4,0.042,57000,16,8000,83.3,1,0.0436347885131835,5.07165087890625,5.028016090393066,22.632945144916597,0.2357598452595478,0.2357598452595478
4,16,96,1.0,1.0,identity,1,4,4,0.042,33000,16,8000,83.3,2,0.0507882194519044,5.363548095703125,5.312759876251221,29.169172004388624,0.3038455417123815,0.607691083424763
4,16,96,1.0,1.0,identity,2,4,4,0.042,45500,16,8000,83.3,2,0.0480819358825685,5.45491796875,5.406836032867432,14.421138476439287,0.1502201924629092,0.3004403849258185
4,16,96,1.0,1.0,identity,3,4,4,0.042,58500,16,8000,83.3,2,0.0423974266052242,5.08536474609375,5.042967319488525,26.835432853800683,0.2795357588937571,0.5590715177875142
4,16,96,1.0,1.0,identity,4,4,4,0.042,76500,16,8000,83.3,2,0.0418829154968261,5.093736572265625,5.051853656768799,16.525568004262876,0.1721413333777383,0.3442826667554766
4,16,96,1.0,1.0,relu,0,4,4,0.042,47500,16,8000,83.3,2,0.0367893295288084,5.064805419921875,5.028016090393066,17.358617748739697,0.1808189348827051,0.3616378697654103
4,16,96,1.0,1.0,relu,1,4,4,0.042,55000,16,8000,83.3,2,0.032567272186279,5.3453271484375,5.312759876251221,28.0383321981294,0.2920659603971812,0.5841319207943625
4,16,96,1.0,1.0,relu,2,4,4,0.042,39000,16,8000,83.3,2,0.0400428733825686,5.44687890625,5.406836032867432,20.21460258038864,0.2105687768790483,0.4211375537580966
4,16,96,1.0,1.0,relu,3,4,4,0.042,42000,16,8000,83.3,3,0.0351869773864743,5.078154296875,5.042967319488525,23.081216100606326,0.2404293343813159,0.7212880031439477
4,16,96,1.0,1.0,relu,4,4,4,0.042,51500,16,8000,83.3,2,0.0368426322937009,5.0886962890625,5.051853656768799,20.29522993426183,0.2114086451485607,0.4228172902971214
4,32,16,0.0,0.0,identity,0,0,36,2.25,119500,16,8000,500.0,3,0.622831741333008,4.58117333984375,3.958341598510742,0.0827344022033297,0.0051709001377081,0.0155127004131243
4,32,16,0.0,0.0,identity,1,0,36,2.25,86000,16,8000,500.0,4,0.6904430389404297,4.8223876953125,4.13194465637207,0.0988708033689522,0.0061794252105595,0.024717700842238
4,32,16,0.0,0.0,identity,2,0,36,2.25,96500,16,8000,500.0,3,0.597488094329834,4.645769287109375,4.048281192779541,0.0862010844249777,0.0053875677765611,0.0161627033296833
4,32,16,0.0,0.0,identity,3,0,36,2.25,109500,16,8000,500.0,3,0.5634383659362792,4.64627880859375,4.082840442657471,0.0727248361083133,0.0045453022567695,0.0136359067703087
4,32,16,0.0,0.0,identity,4,0,36,2.25,96000,16,8000,500.0,3,0.5845532569885252,4.48586083984375,3.9013075828552246,0.0698733012670023,0.0043670813291876,0.0131012439875629
4,32,16,0.0,0.0,relu,0,0,36,2.25,120000,16,8000,500.0,4,0.6917169952392577,4.65005859375,3.958341598510742,0.907866795631558,0.0567416747269723,0.2269666989078895
4,32,16,0.0,0.0,relu,1,0,36,2.25,103500,16,8000,500.0,4,0.753071212768555,4.885015869140625,4.13194465637207,0.2617153364459596,0.0163572085278724,0.0654288341114899
4,32,16,0.0,0.0,relu,2,0,36,2.25,127500,16,8000,500.0,3,0.665564266204834,4.713845458984375,4.048281192779541,0.8703235565784068,0.0543952222861504,0.1631856668584512
4,32,16,0.0,0.0,relu,3,0,36,2.25,84000,16,8000,500.0,4,0.6275055046081546,4.710345947265625,4.082840442657471,0.5481465341266003,0.0342591583829125,0.13703663353165
4,32,16,0.0,0.0,relu,4,0,36,2.25,128000,16,8000,500.0,4,0.6632034034729006,4.564510986328125,3.9013075828552246,0.5017474303457096,0.0313592143966068,0.1254368575864274
4,32,16,0.25,0.2539,identity,0,4,40,2.5,96500,16,8000,500.0,3,0.6032797393798832,4.663672119140625,4.060392379760742,0.0939890605334323,0.0058743162833395,0.0176229488500185
4,32,16,0.25,0.2527,identity,1,4,40,2.5,84500,16,8000,500.0,4,0.7014443206787107,4.971229248046875,4.269784927368164,0.1507941689848502,0.0094246355615531,0.0376985422462125
4,32,16,0.25,0.2566,identity,2,4,40,2.5,122000,16,8000,500.0,3,0.6014344596862795,4.83088134765625,4.229446887969971,0.0995428029991256,0.0062214251874453,0.018664275562336
4,32,16,0.25,0.2537,identity,3,4,40,2.5,121500,16,8000,500.0,3,0.5447296485900877,4.709663330078125,4.164933681488037,0.1086926227544028,0.0067932889221501,0.0203798667664505
4,32,16,0.25,0.2541,identity,4,4,40,2.5,101500,16,8000,500.0,3,0.5820192375183106,4.6177939453125,4.0357747077941895,0.1032668830088474,0.0064541801880529,0.0193625405641589
4,32,16,0.25,0.2539,relu,0,4,40,2.5,122500,16,8000,500.0,4,0.6993080596923829,4.759700439453125,4.060392379760742,1.1550856626749249,0.0721928539171828,0.2887714156687312
4,32,16,0.25,0.2527,relu,1,4,40,2.5,126500,16,8000,500.0,4,0.7692165374755859,5.03900146484375,4.269784927368164,1.162066470712424,0.0726291544195265,0.290516617678106
4,32,16,0.25,0.2566,relu,2,4,40,2.5,150000,16,8000,500.0,3,0.6665457878112795,4.89599267578125,4.229446887969971,0.8844323616509212,0.0552770226031825,0.1658310678095477
4,32,16,0.25,0.2537,relu,3,4,40,2.5,121500,16,8000,500.0,4,0.6070043067932129,4.77193798828125,4.164933681488037,0.9292450173519688,0.058077813584498,0.2323112543379922
4,32,16,0.25,0.2541,relu,4,4,40,2.5,118000,16,8000,500.0,4,0.6488168449401854,4.684591552734375,4.0357747077941895,1.4305201741356628,0.0894075108834789,0.3576300435339157
4,32,16,0.5,0.5051,identity,0,4,40,2.5,89500,16,8000,500.0,3,0.4651688804626461,4.769355224609375,4.3041863441467285,0.1140466424940595,0.0071279151558787,0.0213837454676361
4,32,16,0.5,0.5036,identity,1,4,40,2.5,93000,16,8000,500.0,4,0.5257880363464356,5.051491943359375,4.52570390701294,0.1484217121860882,0.0092763570116305,0.037105428046522
4,32,16,0.5,0.5086,identity,2,4,40,2.5,64500,16,8000,500.0,3,0.4651628608703611,4.96248828125,4.497325420379639,0.1202217101787098,0.0075138568861693,0.022541570658508
4,32,16,0.5,0.505,identity,3,4,40,2.5,90500,16,8000,500.0,3,0.3978965072631837,4.715554931640625,4.317658424377441,0.0930890332630941,0.0058180645789433,0.0174541937368301
4,32,16,0.5,0.5055,identity,4,4,40,2.5,101000,16,8000,500.0,3,0.4430636444091798,4.73467626953125,4.29161262512207,0.1257893757478333,0.0078618359842395,0.0235855079527187
4,32,16,0.5,0.5051,relu,0,4,40,2.5,121500,16,8000,500.0,4,0.5108737030029298,4.8150595703125,4.30418586730957,1.4555259859644802,0.09097037412278,0.36388149649112
4,32,16,0.5,0.5036,relu,1,4,40,2.5,110500,16,8000,500.0,4,0.582177684783936,5.107881591796875,4.52570390701294,1.2289297855912111,0.0768081115994507,0.3072324463978028
4,32,16,0.5,0.5086,relu,2,4,40,2.5,139000,16,8000,500.0,4,0.5023466873168942,4.999671630859375,4.4973249435424805,1.0504512566631277,0.0656532035414454,0.2626128141657819
4,32,16,0.5,0.505,relu,3,4,40,2.5,100500,16,8000,500.0,4,0.4569482650756837,4.774606689453125,4.317658424377441,0.747299393625719,0.0467062121016074,0.1868248484064297
4,32,16,0.5,0.5055,relu,4,4,40,2.5,118000,16,8000,500.0,3,0.5010223846435551,4.792635009765625,4.29161262512207,1.6651957566388982,0.1040747347899311,0.3122242043697934
4,32,16,0.75,0.7538,identity,0,4,40,2.5,96500,16,8000,500.0,4,0.275053932189941,4.921415283203125,4.646361351013184,0.1446776865387103,0.0090423554086693,0.0361694216346775
4,32,16,0.75,0.7527,identity,1,4,40,2.5,112000,16,8000,500.0,4,0.3027266807556152,5.1695732421875,4.866846561431885,0.1338095515815199,0.0083630969738449,0.0334523878953799
4,32,16,0.75,0.7563,identity,2,4,40,2.5,83500,16,8000,500.0,3,0.272791473388672,5.12345751953125,4.850666046142578,0.1232155688982474,0.0077009730561404,0.0231029191684213
4,32,16,0.75,0.7537,identity,3,4,40,2.5,74500,16,8000,500.0,3,0.2350618934631345,4.78386474609375,4.548802852630615,0.1135680533724546,0.0070980033357784,0.0212940100073352
4,32,16,0.75,0.7543,identity,4,4,40,2.5,111500,16,8000,500.0,3,0.261026889801025,4.8811455078125,4.620118618011475,0.1345186180960555,0.0084074136310034,0.0252222408930104
4,32,16,0.75,0.7538,relu,0,4,40,2.5,136000,16,8000,500.0,4,0.3064032974243167,4.9527646484375,4.646361351013184,1.996960361857531,0.1248100226160956,0.4992400904643826
4,32,16,0.75,0.7527,relu,1,4,40,2.5,110500,16,8000,500.0,3,0.3532794151306149,5.2201259765625,4.866846561431885,1.6961509158861474,0.1060094322428842,0.3180282967286526
4,32,16,0.75,0.7563,relu,2,4,40,2.5,138500,16,8000,500.0,3,0.301394989013672,5.15206103515625,4.850666046142578,1.3312030744746108,0.0832001921546631,0.2496005764639895
4,32,16,0.75,0.7537,relu,3,4,40,2.5,105500,16,8000,500.0,4,0.2628260536193849,4.81162890625,4.548802852630615,1.2466872249433474,0.0779179515589592,0.3116718062358368
4,32,16,0.75,0.7543,relu,4,4,40,2.5,128000,16,8000,500.0,3,0.3012351417541508,4.921353759765625,4.620118618011475,1.9872103082597548,0.1242006442662346,0.372601932798704
4,32,16,1.0,1.0,identity,0,4,4,0.25,62500,16,8000,500.0,1,0.0250121154785158,5.12632666015625,5.101314544677734,7.396555177491018,0.4622846985931886,0.4622846985931886
4,32,16,1.0,1.0,identity,1,4,4,0.25,51000,16,8000,500.0,2,0.0302263679504397,5.3214169921875,5.2911906242370605,4.6262844284415365,0.289142776777596,0.5782855535551921
4,32,16,1.0,1.0,identity,2,4,4,0.25,68500,16,8000,500.0,3,0.0278799476623534,5.31771826171875,5.2898383140563965,1.8242067351567248,0.1140129209472953,0.3420387628418859
4,32,16,1.0,1.0,identity,3,4,4,0.25,60000,16,8000,500.0,3,0.0298585128784178,4.885606689453125,4.855748176574707,2.282506738009057,0.142656671125566,0.4279700133766982
4,32,16,1.0,1.0,identity,4,4,4,0.25,48000,16,8000,500.0,2,0.0310291786193843,5.013700439453125,4.98267126083374,2.2868030709202407,0.142925191932515,0.2858503838650301
4,32,16,1.0,1.0,relu,0,4,4,0.25,76000,16,8000,500.0,1,0.0218861389160158,5.12320068359375,5.101314544677734,9.413082608382508,0.5883176630239068,0.5883176630239068
4,32,16,1.0,1.0,relu,1,4,4,0.25,73500,16,8000,500.0,1,0.0254810066223143,5.316671630859375,5.2911906242370605,8.678792361237022,0.5424245225773139,0.5424245225773139
4,32,16,1.0,1.0,relu,2,4,4,0.25,77000,16,8000,500.0,2,0.0274805335998538,5.31731884765625,5.2898383140563965,4.228996525529689,0.2643122828456055,0.5286245656912111
4,32,16,1.0,1.0,relu,3,4,4,0.25,52500,16,8000,500.0,2,0.0290674972534183,4.884815673828125,4.855748176574707,5.583593803310509,0.3489746127069068,0.6979492254138137
4,32,16,1.0,1.0,relu,4,4,4,0.25,76000,16,8000,500.0,2,0.0238377723693847,5.006509033203125,4.98267126083374,5.033150774833888,0.314571923427118,0.629143846854236
4,32,32,0.0,0.0,identity,0,0,36,1.125,95500,16,8000,250.0,4,0.1478291778564449,4.106170776367187,3.958341598510742,0.0440992479561071,0.0013781014986283,0.0055124059945133
4,32,32,0.0,0.0,identity,1,0,36,1.125,84000,16,8000,250.0,4,0.1615013885498051,4.293446044921875,4.13194465637207,0.0350121162765853,0.0010941286336432,0.0043765145345731
4,32,32,0.0,0.0,identity,2,0,36,1.125,96500,16,8000,250.0,3,0.1486636314392093,4.19694482421875,4.048281192779541,0.0513051033902899,0.0016032844809465,0.0048098534428396
4,32,32,0.0,0.0,identity,3,0,36,1.125,92500,16,8000,250.0,3,0.1432232780456539,4.226063720703125,4.082840442657471,0.0492249342287365,0.001538279194648,0.004614837583944
4,32,32,0.0,0.0,identity,4,0,36,1.125,96000,16,8000,250.0,3,0.1470900001525876,4.048397583007812,3.9013075828552246,0.0410792251942787,0.0012837257873212,0.0038511773619636
4,32,32,0.0,0.0,relu,0,0,36,1.125,91000,16,8000,250.0,4,0.1995774688720706,4.157919067382813,3.958341598510742,0.1193830655863731,0.0037307207995741,0.0149228831982966
4,32,32,0.0,0.0,relu,1,0,36,1.125,73500,16,8000,250.0,3,0.22830387878418,4.36024853515625,4.13194465637207,0.085107651690666,0.0026596141153333,0.0079788423459999
4,32,32,0.0,0.0,relu,2,0,36,1.125,117000,16,8000,250.0,4,0.1934170494079587,4.2416982421875,4.048281192779541,0.1825863345617126,0.0057058229550535,0.022823291820214
4,32,32,0.0,0.0,relu,3,0,36,1.125,111500,16,8000,250.0,4,0.1964600944519041,4.279300537109375,4.082840442657471,0.0953744320276939,0.0029804510008654,0.0119218040034617
4,32,32,0.0,0.0,relu,4,0,36,1.125,103000,16,8000,250.0,4,0.2094703712463381,4.110777954101563,3.9013075828552246,0.1158884441678327,0.0036215138802447,0.014486055520979
4,32,32,0.25,0.2539,identity,0,4,40,1.25,69000,16,8000,250.0,4,0.1959704132080082,4.25636279296875,4.060392379760742,0.0792174862190758,0.0024755464443461,0.0099021857773844
4,32,32,0.25,0.2527,identity,1,4,40,1.25,84500,16,8000,250.0,4,0.2143832855224605,4.484168212890625,4.269784927368164,0.039526009571332,0.0012351877991041,0.0049407511964165
4,32,32,0.25,0.2566,identity,2,4,40,1.25,76500,16,8000,250.0,4,0.1976883659362789,4.42713525390625,4.229446887969971,0.0572601466594768,0.0017893795831086,0.0071575183324346
4,32,32,0.25,0.2537,identity,3,4,40,1.25,92500,16,8000,250.0,3,0.1776915626525879,4.342625244140625,4.164933681488037,0.0485627295736802,0.0015175852991775,0.0045527558975325
4,32,32,0.25,0.2541,identity,4,4,40,1.25,94500,16,8000,250.0,3,0.1854644279479984,4.221239135742188,4.0357747077941895,0.047225915526187,0.0014758098601933,0.00442742958058
4,32,32,0.25,0.2539,relu,0,4,40,1.25,111500,16,8000,250.0,4,0.2352250518798824,4.295617431640625,4.060392379760742,0.2585783535564487,0.008080573548639,0.032322294194556
4,32,32,0.25,0.2527,relu,1,4,40,1.25,91000,16,8000,250.0,4,0.263662582397461,4.533447509765625,4.269784927368164,0.1480512573661337,0.0046266017926916,0.0185064071707667
4,32,32,0.25,0.2566,relu,2,4,40,1.25,109500,16,8000,250.0,4,0.2356068229675294,4.4650537109375,4.229446887969971,0.1253908210169258,0.0039184631567789,0.0156738526271157
4,32,32,0.25,0.2537,relu,3,4,40,1.25,91500,16,8000,250.0,4,0.2379081153869631,4.402841796875,4.164933681488037,0.2170672760266015,0.0067833523758312,0.0271334095033251
4,32,32,0.25,0.2541,relu,4,4,40,1.25,77500,16,8000,250.0,4,0.2477809562683104,4.2835556640625,4.0357747077941895,0.192246796337441,0.006007712385545,0.0240308495421801
4,32,32,0.5,0.5051,identity,0,4,40,1.25,89500,16,8000,250.0,4,0.1651972007751467,4.469383544921875,4.3041863441467285,0.0762126974509846,0.0023816467953432,0.009526587181373
4,32,32,0.5,0.5036,identity,1,4,40,1.25,74000,16,8000,250.0,4,0.1820646476745606,4.7077685546875,4.52570390701294,0.0451540129818369,0.0014110629056824,0.0056442516227296
4,32,32,0.5,0.5086,identity,2,4,40,1.25,64500,16,8000,250.0,4,0.1695747261047362,4.666900146484375,4.497325420379639,0.0820765671099803,0.0025648927221868,0.0102595708887475
4,32,32,0.5,0.505,identity,3,4,40,1.25,85500,16,8000,250.0,3,0.1509326400756832,4.468591064453125,4.317658424377441,0.0571947796569958,0.0017873368642811,0.0053620105928433
4,32,32,0.5,0.5055,identity,4,4,40,1.25,80500,16,8000,250.0,4,0.1628224334716801,4.45443505859375,4.29161262512207,0.0535653874812652,0.0016739183587895,0.0066956734351581
4,32,32,0.5,0.5051,relu,0,4,40,1.25,122000,16,8000,250.0,4,0.2126842498779293,4.5168701171875,4.30418586730957,0.684418134621163,0.0213880667069113,0.0855522668276453
4,32,32,0.5,0.5036,relu,1,4,40,1.25,74500,16,8000,250.0,4,0.2371623039245607,4.7628662109375,4.52570390701294,0.1968453922009002,0.0061514185062781,0.0246056740251125
4,32,32,0.5,0.5086,relu,2,4,40,1.25,103500,16,8000,250.0,4,0.2062749099731444,4.703599853515625,4.4973249435424805,0.2510015892843481,0.0078437996651358,0.0313751986605435
4,32,32,0.5,0.505,relu,3,4,40,1.25,76000,16,8000,250.0,4,0.2022925033569338,4.519950927734375,4.317658424377441,0.2253576123858529,0.0070424253870579,0.0281697015482316
4,32,32,0.5,0.5055,relu,4,4,40,1.25,109500,16,8000,250.0,4,0.2082184295654299,4.4998310546875,4.29161262512207,0.369340955516215,0.0115419048598817,0.0461676194395268
4,32,32,0.75,0.7538,identity,0,4,40,1.25,77500,16,8000,250.0,4,0.1212782974243165,4.7676396484375,4.646361351013184,0.1393011440569332,0.0043531607517791,0.0174126430071166
4,32,32,0.75,0.7527,identity,1,4,40,1.25,100500,16,8000,250.0,4,0.1292801475524898,4.996126708984375,4.866846561431885,0.0808413429385781,0.0025262919668305,0.0101051678673222
4,32,32,0.75,0.7563,identity,2,4,40,1.25,83500,16,8000,250.0,4,0.121380828857422,4.972046875,4.850666046142578,0.1017770000009512,0.0031805312500297,0.0127221250001189
4,32,32,0.75,0.7537,identity,3,4,40,1.25,74500,16,8000,250.0,3,0.1175311317443847,4.666333984375,4.548802852630615,0.0997909109257106,0.0031184659664284,0.0093553978992853
4,32,32,0.75,0.7543,identity,4,4,40,1.25,88500,16,8000,250.0,4,0.1189577980041507,4.739076416015625,4.620118618011475,0.1191848820630664,0.0037245275644708,0.0148981102578833
4,32,32,0.75,0.7538,relu,0,4,40,1.25,114000,16,8000,250.0,4,0.1678046646118165,4.814166015625,4.646361351013184,1.6809657943592304,0.0525301810737259,0.2101207242949038
4,32,32,0.75,0.7527,relu,1,4,40,1.25,145000,16,8000,250.0,4,0.1668682823181155,5.03371484375,4.866846561431885,0.3294576367444944,0.0102955511482654,0.0411822045930618
4,32,32,0.75,0.7563,relu,2,4,40,1.25,129500,16,8000,250.0,4,0.166145477294922,5.0168115234375,4.850666046142578,0.6714008990176267,0.0209812780943008,0.0839251123772033
4,32,32,0.75,0.7537,relu,3,4,40,1.25,131500,16,8000,250.0,4,0.1427872352600099,4.691590087890625,4.548802852630615,0.4222600506661618,0.0131956265833175,0.0527825063332702
4,32,32,0.75,0.7543,relu,4,4,40,1.25,111000,16,8000,250.0,4,0.1661296730041508,4.786248291015625,4.620118618011475,0.8465796036738201,0.0264556126148068,0.1058224504592275
4,32,32,1.0,1.0,identity,0,4,4,0.125,46000,16,8000,250.0,1,0.031089996337891,5.132404541015625,5.101314544677734,16.064801466393135,0.5020250458247855,0.5020250458247855
4,32,32,1.0,1.0,identity,1,4,4,0.125,55500,16,8000,250.0,2,0.0316729011535645,5.322863525390625,5.2911906242370605,7.341278141389294,0.2294149419184154,0.4588298838368309
4,32,32,1.0,1.0,identity,2,4,4,0.125,59500,16,8000,250.0,2,0.0329109535217284,5.322749267578125,5.2898383140563965,3.762443258120073,0.1175763518162522,0.2351527036325045
4,32,32,1.0,1.0,identity,3,4,4,0.125,58000,16,8000,250.0,3,0.0332391281127932,4.8889873046875,4.855748176574707,6.41723192739783,0.2005384977311821,0.6016154931935466
4,32,32,1.0,1.0,identity,4,4,4,0.125,37000,16,8000,250.0,2,0.0376209754943843,5.020292236328125,4.98267126083374,6.798219029413672,0.2124443446691772,0.4248886893383545
4,32,32,1.0,1.0,relu,0,4,4,0.125,40500,16,8000,250.0,2,0.0306329650878902,5.131947509765625,5.101314544677734,11.257412119041009,0.3517941287200314,0.7035882574400629
4,32,32,1.0,1.0,relu,1,4,4,0.125,37000,16,8000,250.0,2,0.0342002449035643,5.325390869140625,5.2911906242370605,7.810600667014229,0.2440812708441946,0.4881625416883893
4,32,32,1.0,1.0,relu,2,4,4,0.125,50500,16,8000,250.0,2,0.0319024085998531,5.32174072265625,5.2898383140563965,7.001636473366975,0.2188011397927179,0.4376022795854359
4,32,32,1.0,1.0,relu,3,4,4,0.125,56000,16,8000,250.0,2,0.0303973312377925,4.8861455078125,4.855748176574707,8.752528719572593,0.2735165224866435,0.5470330449732871
4,32,32,1.0,1.0,relu,4,4,4,0.125,46500,16,8000,250.0,2,0.0305650672912598,5.013236328125,4.98267126083374,8.977074135811304,0.2805335667441032,0.5610671334882065
4,32,64,0.0,0.0,identity,0,0,36,0.562,36500,16,8000,125.0,4,0.1532209014892576,4.1115625,3.958341598510742,0.0788287541849143,0.0012316992841392,0.0049267971365571
4,32,64,0.0,0.0,identity,1,0,36,0.562,47500,16,8000,125.0,4,0.1525890350341798,4.28453369140625,4.13194465637207,0.0929348822314734,0.0014521075348667,0.005808430139467
4,32,64,0.0,0.0,identity,2,0,36,0.562,58500,16,8000,125.0,4,0.1402688560485838,4.188550048828125,4.048281192779541,0.1004156738137112,0.0015689949033392,0.0062759796133569
4,32,64,0.0,0.0,identity,3,0,36,0.562,50500,16,8000,125.0,4,0.138571910858154,4.221412353515625,4.082840442657471,0.0861905528612078,0.0013467273884563,0.0053869095538254
4,32,64,0.0,0.0,identity,4,0,36,0.562,56500,16,8000,125.0,4,0.1416753273010256,4.04298291015625,3.9013075828552246,0.079445559560564,0.0012413368681338,0.0049653474725352
4,32,64,0.0,0.0,relu,0,0,36,0.562,71500,16,8000,125.0,5,0.1515745391845699,4.109916137695312,3.958341598510742,0.1282634856894852,0.0020041169638982,0.010020584819491
4,32,64,0.0,0.0,relu,1,0,36,0.562,64500,16,8000,125.0,4,0.1592071990966799,4.29115185546875,4.13194465637207,0.0729815080347525,0.001140336063043,0.004561344252172
4,32,64,0.0,0.0,relu,2,0,36,0.562,69500,16,8000,125.0,5,0.1491786460876465,4.197459838867188,4.048281192779541,0.104185581550159,0.0016278997117212,0.0081394985586061
4,32,64,0.0,0.0,relu,3,0,36,0.562,56000,16,8000,125.0,6,0.1536668815612794,4.23650732421875,4.082840442657471,0.1553981945390534,0.0024280967896727,0.0145685807380362
4,32,64,0.0,0.0,relu,4,0,36,0.562,61500,16,8000,125.0,5,0.1531169776916501,4.054424560546875,3.9013075828552246,0.1400559011101699,0.0021883734548464,0.010941867274232
4,32,64,0.25,0.2539,identity,0,4,40,0.625,54000,16,8000,125.0,4,0.1466308135986329,4.207023193359375,4.060392379760742,0.0963570630290466,0.0015055791098288,0.0060223164393154
4,32,64,0.25,0.2527,identity,1,4,40,0.625,56000,16,8000,125.0,4,0.1524509124755857,4.42223583984375,4.269784927368164,0.0798979443024797,0.0012484053797262,0.0049936215189049
4,32,64,0.25,0.2566,identity,2,4,40,0.625,58500,16,8000,125.0,4,0.1463402214050289,4.375787109375,4.229446887969971,0.0989916118793128,0.0015467439356142,0.006186975742457
4,32,64,0.25,0.2537,identity,3,4,40,0.625,56500,16,8000,125.0,4,0.1431754493713377,4.308109130859375,4.164933681488037,0.1158190064720947,0.0018096719761264,0.0072386879045059
4,32,64,0.25,0.2541,identity,4,4,40,0.625,56500,16,8000,125.0,4,0.1450374259948734,4.180812133789063,4.0357747077941895,0.0921418306712089,0.0014397161042376,0.0057588644169505
4,32,64,0.25,0.2539,relu,0,4,40,0.625,65000,16,8000,125.0,5,0.1631576690673828,4.223550048828125,4.060392379760742,0.3010898009196297,0.0047045281393692,0.023522640696846
4,32,64,0.25,0.2527,relu,1,4,40,0.625,68000,16,8000,125.0,4,0.1684894866943356,4.4382744140625,4.269784927368164,0.0919414590203145,0.0014365852971924,0.0057463411887696
4,32,64,0.25,0.2566,relu,2,4,40,0.625,60500,16,8000,125.0,4,0.1676046257019043,4.397051513671875,4.229446887969971,0.1311027819441168,0.0020484809678768,0.0081939238715073
4,32,64,0.25,0.2537,relu,3,4,40,0.625,67500,16,8000,125.0,5,0.1634198341369632,4.328353515625,4.164933681488037,0.1840421314421282,0.0028756583037832,0.0143782915189162
4,32,64,0.25,0.2541,relu,4,4,40,0.625,67500,16,8000,125.0,5,0.1624405021667483,4.198215209960938,4.0357747077941895,0.1990828883438498,0.0031106701303726,0.0155533506518632
4,32,64,0.5,0.5051,identity,0,4,40,0.625,49500,16,8000,125.0,4,0.1366273765563965,4.440813720703125,4.3041863441467285,0.1283587600430921,0.0020056056256733,0.0080224225026932
4,32,64,0.5,0.5036,identity,1,4,40,0.625,56000,16,8000,125.0,4,0.1415810050964356,4.667284912109375,4.52570390701294,0.0993366061047574,0.0015521344703868,0.0062085378815473
4,32,64,0.5,0.5086,identity,2,4,40,0.625,49500,16,8000,125.0,4,0.1387536811828615,4.6360791015625,4.497325420379639,0.1299293578127946,0.0020301462158249,0.0081205848632996
4,32,64,0.5,0.505,identity,3,4,40,0.625,46500,16,8000,125.0,3,0.1371106185913086,4.45476904296875,4.317658424377441,0.148188421086087,0.0023154440794701,0.0069463322384103
4,32,64,0.5,0.5055,identity,4,4,40,0.625,49500,16,8000,125.0,4,0.1367277069091796,4.42834033203125,4.29161262512207,0.114994924844243,0.0017967957006912,0.0071871828027651
4,32,64,0.5,0.5051,relu,0,4,40,0.625,72500,16,8000,125.0,5,0.1487196502685543,4.452905517578125,4.30418586730957,0.6993530669908891,0.0109273916717326,0.0546369583586632
4,32,64,0.5,0.5036,relu,1,4,40,0.625,64000,16,8000,125.0,5,0.1611947746276856,4.686898681640625,4.52570390701294,0.3666121690092588,0.0057283151407696,0.0286415757038483
4,32,64,0.5,0.5086,relu,2,4,40,0.625,82500,16,8000,125.0,4,0.1517409744262696,4.64906591796875,4.4973249435424805,0.2531543912345438,0.0039555373630397,0.0158221494521589
4,32,64,0.5,0.505,relu,3,4,40,0.625,76000,16,8000,125.0,5,0.152314231872559,4.46997265625,4.317658424377441,0.2855747204947016,0.0044621050077297,0.0223105250386485
4,32,64,0.5,0.5055,relu,4,4,40,0.625,65000,16,8000,125.0,5,0.1558014373779297,4.4474140625,4.29161262512207,0.5924393348564784,0.0092568646071324,0.0462843230356623
4,32,64,0.75,0.7538,identity,0,4,40,0.625,36000,16,8000,125.0,4,0.119706520080566,4.76606787109375,4.646361351013184,0.4274526448711203,0.0066789475761112,0.026715790304445
4,32,64,0.75,0.7527,identity,1,4,40,0.625,45500,16,8000,125.0,4,0.1234979209899904,4.990344482421875,4.866846561431885,0.169828359611215,0.0026535681189252,0.0106142724757009
4,32,64,0.75,0.7563,identity,2,4,40,0.625,65500,16,8000,125.0,4,0.1133251647949222,4.9639912109375,4.850666046142578,0.1862454265544423,0.0029100847899131,0.0116403391596526
4,32,64,0.75,0.7537,identity,3,4,40,0.625,58500,16,8000,125.0,3,0.1137501258850095,4.662552978515625,4.548802852630615,0.2484998575849605,0.003882810274765,0.011648430824295
4,32,64,0.75,0.7543,identity,4,4,40,0.625,75500,16,8000,125.0,4,0.1103589210510254,4.7304775390625,4.620118618011475,0.2755381736546651,0.0043052839633541,0.0172211358534165
4,32,64,0.75,0.7538,relu,0,4,40,0.625,71500,16,8000,125.0,5,0.1355690689086914,4.781930419921875,4.646361351013184,1.5876870084435033,0.0248076095069297,0.1240380475346487
4,32,64,0.75,0.7527,relu,1,4,40,0.625,79000,16,8000,125.0,5,0.1451600303649902,5.012006591796875,4.866846561431885,0.7397343565456419,0.0115583493210256,0.0577917466051282
4,32,64,0.75,0.7563,relu,2,4,40,0.625,74000,16,8000,125.0,5,0.1435663757324219,4.994232421875,4.850666046142578,0.7729477382377336,0.0120773084099645,0.0603865420498229
4,32,64,0.75,0.7537,relu,3,4,40,0.625,94500,16,8000,125.0,5,0.1390228309631345,4.68782568359375,4.548802852630615,0.6829887592855888,0.0106716993638373,0.0533584968191866
4,32,64,0.75,0.7543,relu,4,4,40,0.625,98000,16,8000,125.0,5,0.1326360206604002,4.752754638671875,4.620118618011475,1.3363966091568482,0.0208811970180757,0.1044059850903787
4,32,64,1.0,1.0,identity,0,4,4,0.062,56000,16,8000,125.0,1,0.0359007873535155,5.13721533203125,5.101314544677734,26.664698500362544,0.4166359140681647,0.4166359140681647
4,32,64,1.0,1.0,identity,1,4,4,0.062,59500,16,8000,125.0,2,0.0382031745910644,5.329393798828125,5.2911906242370605,14.80189825459222,0.2312796602280034,0.4625593204560068
4,32,64,1.0,1.0,identity,2,4,4,0.062,47500,16,8000,125.0,3,0.0426524085998538,5.33249072265625,5.2898383140563965,5.392275096639364,0.08425429838499,0.2527628951549702
4,32,64,1.0,1.0,identity,3,4,4,0.062,51500,16,8000,125.0,2,0.0407908859252925,4.8965390625,4.855748176574707,15.400811559832215,0.2406376806223783,0.4812753612447567
4,32,64,1.0,1.0,identity,4,4,4,0.062,48500,16,8000,125.0,2,0.0403048133850099,5.02297607421875,4.98267126083374,13.46732410296868,0.2104269391088856,0.4208538782177712
4,32,64,1.0,1.0,relu,0,4,4,0.062,45000,16,8000,125.0,2,0.0332049865722652,5.13451953125,5.101314544677734,22.49939143371502,0.3515529911517971,0.7031059823035943
4,32,64,1.0,1.0,relu,1,4,4,0.062,47500,16,8000,125.0,3,0.0357700691223143,5.326960693359375,5.2911906242370605,13.047559381322934,0.2038681153331708,0.6116043459995125
4,32,64,1.0,1.0,relu,2,4,4,0.062,50000,16,8000,125.0,2,0.0361111488342285,5.325949462890625,5.2898383140563965,12.319887489266348,0.1924982420197867,0.3849964840395734
4,32,64,1.0,1.0,relu,3,4,4,0.062,56000,16,8000,125.0,2,0.0351741867065431,4.89092236328125,4.855748176574707,16.722031396323082,0.2612817405675481,0.5225634811350963
4,32,64,1.0,1.0,relu,4,4,4,0.062,46000,16,8000,125.0,2,0.0349324989318846,5.017603759765625,4.98267126083374,16.886958606825416,0.2638587282316471,0.5277174564632943
4,32,96,0.0,0.0,identity,0,0,36,0.375,36500,16,8000,83.3,4,0.1830332794189448,4.141374877929687,3.958341598510742,0.2346420080447719,0.0024441875837997,0.0097767503351988
4,32,96,0.0,0.0,identity,1,0,36,0.375,61000,16,8000,83.3,4,0.1734720916748049,4.305416748046875,4.13194465637207,0.1338326717171786,0.0013940903303872,0.0055763613215491
4,32,96,0.0,0.0,identity,2,0,36,0.375,73000,16,8000,83.3,4,0.1564924888610841,4.204773681640625,4.048281192779541,0.1379611086191683,0.0014370948814496,0.0057483795257986
4,32,96,0.0,0.0,identity,3,0,36,0.375,56000,16,8000,83.3,4,0.161612682342529,4.244453125,4.082840442657471,0.1572420991261915,0.0016379385325644,0.0065517541302579
4,32,96,0.0,0.0,identity,4,0,36,0.375,66000,16,8000,83.3,4,0.1602773780822755,4.0615849609375,3.9013075828552246,0.1534556170791816,0.0015984960112414,0.0063939840449659
4,32,96,0.0,0.0,relu,0,0,36,0.375,53000,16,8000,83.3,5,0.1767818145751949,4.135123413085937,3.958341598510742,0.11447898201731,0.0011924893960136,0.0059624469800682
4,32,96,0.0,0.0,relu,1,0,36,0.375,45500,16,8000,83.3,5,0.1857733612060546,4.317718017578125,4.13194465637207,0.1079192055230046,0.0011241583908646,0.0056207919543231
4,32,96,0.0,0.0,relu,2,0,36,0.375,49000,16,8000,83.3,5,0.1762432212829585,4.2245244140625,4.048281192779541,0.1014222835249548,0.0010564821200516,0.005282410600258
4,32,96,0.0,0.0,relu,3,0,36,0.375,45000,16,8000,83.3,6,0.1744454460144044,4.257285888671875,4.082840442657471,0.1514401178378105,0.0015775012274771,0.0094650073648631
4,32,96,0.0,0.0,relu,4,0,36,0.375,57000,16,8000,83.3,5,0.1732289161682132,4.074536499023438,3.9013075828552246,0.1079811996710322,0.0011248041632399,0.0056240208161995
4,32,96,0.25,0.2539,identity,0,4,40,0.417,81000,16,8000,83.3,4,0.1623512725830078,4.22274365234375,4.060392379760742,0.1375512201919007,0.0014328252103322,0.0057313008413291
4,32,96,0.25,0.2527,identity,1,4,40,0.417,56000,16,8000,83.3,4,0.1819723968505862,4.45175732421875,4.269784927368164,0.1277480264279181,0.0013307086086241,0.0053228344344965
4,32,96,0.25,0.2566,identity,2,4,40,0.417,85500,16,8000,83.3,4,0.1611283073425289,4.3905751953125,4.229446887969971,0.1362887598624385,0.0014196745819004,0.0056786983276016
4,32,96,0.25,0.2537,identity,3,4,40,0.417,58000,16,8000,83.3,4,0.1696188087463381,4.334552490234375,4.164933681488037,0.1505914747537837,0.0015686611953519,0.0062746447814076
4,32,96,0.25,0.2541,identity,4,4,40,0.417,72500,16,8000,83.3,4,0.1651211662292482,4.200895874023438,4.0357747077941895,0.1483261150612084,0.0015450636985542,0.006180254794217
4,32,96,0.25,0.2539,relu,0,4,40,0.417,48500,16,8000,83.3,5,0.1883390655517578,4.2487314453125,4.060392379760742,0.2569694967545716,0.0026767655911934,0.0133838279559672
4,32,96,0.25,0.2527,relu,1,4,40,0.417,64000,16,8000,83.3,5,0.1922963714599612,4.462081298828125,4.269784927368164,0.2005992207593898,0.0020895752162436,0.0104478760812182
4,32,96,0.25,0.2566,relu,2,4,40,0.417,48000,16,8000,83.3,5,0.1922298698425288,4.4216767578125,4.229446887969971,0.1669962296639794,0.0017395440589997,0.0086977202949989
4,32,96,0.25,0.2537,relu,3,4,40,0.417,60500,16,8000,83.3,6,0.1827557716369625,4.347689453125,4.164933681488037,0.1809001008789719,0.0018843760508226,0.0113062563049357
4,32,96,0.25,0.2541,relu,4,4,40,0.417,58000,16,8000,83.3,5,0.1849845695495604,4.22075927734375,4.0357747077941895,0.2319349720908535,0.002415989292613,0.0120799464630652
4,32,96,0.5,0.5051,identity,0,4,40,0.417,49500,16,8000,83.3,4,0.1625006675720213,4.46668701171875,4.3041863441467285,0.2469204999642781,0.0025720885412945,0.0102883541651782
4,32,96,0.5,0.5036,identity,1,4,40,0.417,56000,16,8000,83.3,4,0.1667028312683109,4.69240673828125,4.52570390701294,0.1637985655405083,0.0017062350577136,0.0068249402308545
4,32,96,0.5,0.5086,identity,2,4,40,0.417,49500,16,8000,83.3,4,0.1647014350891114,4.66202685546875,4.497325420379639,0.2296659168928825,0.0023923533009675,0.0095694132038701
4,32,96,0.5,0.505,identity,3,4,40,0.417,89500,16,8000,83.3,4,0.1439465560913086,4.46160498046875,4.317658424377441,0.2209593641332171,0.0023016600430543,0.0092066401722173
4,32,96,0.5,0.5055,identity,4,4,40,0.417,45000,16,8000,83.3,4,0.1635255584716795,4.45513818359375,4.29161262512207,0.2279024823313309,0.0023739841909513,0.0094959367638054
4,32,96,0.5,0.5051,relu,0,4,40,0.417,60000,16,8000,83.3,5,0.1732401580810547,4.477426025390625,4.30418586730957,0.7760869220791367,0.0080842387716576,0.0404211938582883
4,32,96,0.5,0.5036,relu,1,4,40,0.417,53500,16,8000,83.3,5,0.1858253898620603,4.711529296875,4.52570390701294,0.4257531058561021,0.004434928186001,0.0221746409300053
4,32,96,0.5,0.5086,relu,2,4,40,0.417,61000,16,8000,83.3,5,0.1792551345825197,4.676580078125,4.4973249435424805,0.5156184186073671,0.0053710251938267,0.0268551259691337
4,32,96,0.5,0.505,relu,3,4,40,0.417,80000,16,8000,83.3,6,0.1729970932006832,4.490655517578125,4.317658424377441,0.3433326737118617,0.0035763820178318,0.0214582921069913
4,32,96,0.5,0.5055,relu,4,4,40,0.417,55000,16,8000,83.3,5,0.176960372924805,4.468572998046875,4.29161262512207,0.6722427589152035,0.0070025287387,0.0350126436935001
4,32,96,0.75,0.7538,identity,0,4,40,0.417,36000,16,8000,83.3,4,0.1419701919555667,4.78833154296875,4.646361351013184,0.8872124395131264,0.0092417962449284,0.0369671849797136
4,32,96,0.75,0.7527,identity,1,4,40,0.417,56000,16,8000,83.3,4,0.1383861045837404,5.005232666015625,4.866846561431885,0.22203804435701,0.0023128962953855,0.009251585181542
4,32,96,0.75,0.7563,identity,2,4,40,0.417,65500,16,8000,83.3,4,0.1316982116699216,4.9823642578125,4.850666046142578,0.2622913167105361,0.0027322012157347,0.010928804862939
4,32,96,0.75,0.7537,identity,3,4,40,0.417,73500,16,8000,83.3,3,0.1252301063537597,4.674032958984375,4.548802852630615,0.2933966621777138,0.0030562152310178,0.0091686456930535
4,32,96,0.75,0.7543,identity,4,4,40,0.417,95500,16,8000,83.3,3,0.1197019386291504,4.739820556640625,4.620118618011475,0.6042778801834748,0.0062945612519111,0.0188836837557335
4,32,96,0.75,0.7538,relu,0,4,40,0.417,51000,16,8000,83.3,5,0.1601606216430662,4.80652197265625,4.646361351013184,2.401199808519221,0.0250124980054085,0.1250624900270427
4,32,96,0.75,0.7527,relu,1,4,40,0.417,72000,16,8000,83.3,6,0.1634163780212398,5.030262939453125,4.866846561431885,1.012102423882092,0.0105427335821051,0.0632564014926307
4,32,96,0.75,0.7563,relu,2,4,40,0.417,75000,16,8000,83.3,5,0.1596955261230466,5.010361572265625,4.850666046142578,1.090805017177907,0.0113625522622698,0.0568127613113493
4,32,96,0.75,0.7537,relu,3,4,40,0.417,69500,16,8000,83.3,6,0.1595230751037597,4.708325927734375,4.548802852630615,0.9010388056798236,0.0093858208924981,0.0563149253549889
4,32,96,0.75,0.7543,relu,4,4,40,0.417,68000,16,8000,83.3,5,0.1568555030822755,4.77697412109375,4.620118618011475,2.067247081386169,0.0215338237644392,0.1076691188221963
4,32,96,1.0,1.0,identity,0,4,4,0.042,41000,16,8000,83.3,1,0.0465882873535159,5.14790283203125,5.101314544677734,51.4974996000172,0.5364322875001791,0.5364322875001791
4,32,96,1.0,1.0,identity,1,4,4,0.042,39500,16,8000,83.3,3,0.0506731452941897,5.34186376953125,5.2911906242370605,15.6823842320568,0.163358169083925,0.490074507251775
4,32,96,1.0,1.0,identity,2,4,4,0.042,68500,16,8000,83.3,2,0.0447134437561036,5.3345517578125,5.2898383140563965,10.444595728438127,0.1087978721712304,0.2175957443424609
4,32,96,1.0,1.0,identity,3,4,4,0.042,50500,16,8000,83.3,2,0.0496143722534183,4.905362548828125,4.855748176574707,24.116914157879503,0.2512178558112448,0.5024357116224897
4,32,96,1.0,1.0,identity,4,4,4,0.042,56500,16,8000,83.3,1,0.0455216102600095,5.02819287109375,4.98267126083374,31.94686663845821,0.332779860817273,0.332779860817273
4,32,96,1.0,1.0,relu,0,4,4,0.042,41000,16,8000,83.3,2,0.0364740295410159,5.13778857421875,5.101314544677734,29.10740958576264,0.3032021831850275,0.606404366370055
4,32,96,1.0,1.0,relu,1,4,4,0.042,49500,16,8000,83.3,3,0.0376270027160643,5.328817626953125,5.2911906242370605,19.180458906694,0.1997964469447291,0.5993893408341874
4,32,96,1.0,1.0,relu,2,4,4,0.042,50000,16,8000,83.3,3,0.0390281410217285,5.328866455078125,5.2898383140563965,18.06303177658309,0.1881565810060738,0.5644697430182216
4,32,96,1.0,1.0,relu,3,4,4,0.042,34000,16,8000,83.3,3,0.0447747726440432,4.90052294921875,4.855748176574707,17.74260418336627,0.184818793576732,0.554456380730196
4,32,96,1.0,1.0,relu,4,4,4,0.042,34000,16,8000,83.3,2,0.0414278602600095,5.02409912109375,4.98267126083374,25.771978707919057,0.2684581115408235,0.536916223081647
8,1,16,0.0,0.0,identity,0,0,9,0.562,64500,16,8000,500.0,6,0.0377289428710936,4.447099365234375,4.409370422363281,0.2228200963318339,0.0139262560207396,0.0835575361244377
8,1,16,0.0,0.0,identity,1,0,9,0.562,56000,16,8000,500.0,5,0.0382202644348144,4.347111083984375,4.3088908195495605,0.3017641690833821,0.0188602605677113,0.0943013028385569
8,1,16,0.0,0.0,identity,2,0,9,0.562,83000,16,8000,500.0,6,0.0345708389282224,4.3458720703125,4.311301231384277,0.0479369542709181,0.0029960596419323,0.0179763578515943
8,1,16,0.0,0.0,identity,3,0,9,0.562,69500,16,8000,500.0,5,0.0374524421691893,4.28408740234375,4.2466349601745605,0.2349893030438768,0.0146868314402423,0.0734341572012115
8,1,16,0.0,0.0,identity,4,0,9,0.562,69000,16,8000,500.0,6,0.0386062927246095,4.34479296875,4.306186676025391,0.0333605484287441,0.0020850342767965,0.012510205660779
8,1,16,0.0,0.0,relu,0,0,9,0.562,70500,16,8000,500.0,6,0.0340785522460933,4.443448974609375,4.409370422363281,0.3361384655347996,0.0210086540959249,0.1260519245755498
8,1,16,0.0,0.0,relu,1,0,9,0.562,89500,16,8000,500.0,6,0.0257034187316893,4.33459423828125,4.3088908195495605,0.2755420590487348,0.0172213786905459,0.1033282721432755
8,1,16,0.0,0.0,relu,2,0,9,0.562,74000,16,8000,500.0,6,0.0332292861938476,4.344530517578125,4.311301231384277,0.7035012602158405,0.04396882876349,0.2638129725809401
8,1,16,0.0,0.0,relu,3,0,9,0.562,82500,16,8000,500.0,7,0.0290344734191894,4.27566943359375,4.2466349601745605,0.2313547287828531,0.0144596705489283,0.1012176938424982
8,1,16,0.0,0.0,relu,4,0,9,0.562,76000,16,8000,500.0,6,0.0355525817871091,4.3417392578125,4.306186676025391,0.5718368266613771,0.035739801666336,0.2144388099980164
8,1,16,0.25,0.2569,identity,0,1,10,0.625,73500,16,8000,500.0,6,0.0375406074523922,4.646400146484375,4.608859539031982,0.1138427354317971,0.0071151709644873,0.0426910257869239
8,1,16,0.25,0.2531,identity,1,1,10,0.625,76500,16,8000,500.0,5,0.0362093582153324,4.65180517578125,4.615595817565918,0.0656438950345457,0.0041027434396591,0.0205137171982955
8,1,16,0.25,0.2607,identity,2,1,10,0.625,62000,16,8000,500.0,6,0.0392279396057126,4.608733154296875,4.569505214691162,0.1383437652383308,0.0086464853273956,0.051878911964374
8,1,16,0.25,0.2586,identity,3,1,10,0.625,60000,16,8000,500.0,6,0.040419830322266,4.46741796875,4.426998138427734,0.088465088705722,0.0055290680441076,0.0331744082646457
8,1,16,0.25,0.2561,identity,4,1,10,0.625,84000,16,8000,500.0,6,0.0369017791748049,4.600548095703125,4.56364631652832,0.1602323074421874,0.0100145192151367,0.0600871152908202
8,1,16,0.25,0.2569,relu,0,1,10,0.625,95000,16,8000,500.0,5,0.0336060371398927,4.642465576171875,4.608859539031982,0.4440029185616995,0.0277501824101062,0.1387509120505311
8,1,16,0.25,0.2531,relu,1,1,10,0.625,77500,16,8000,500.0,6,0.0361041336059573,4.651699951171875,4.615595817565918,0.4089512623229711,0.0255594538951856,0.1533567233711141
8,1,16,0.25,0.2607,relu,2,1,10,0.625,68000,16,8000,500.0,5,0.0376061134338376,4.607111328125,4.569505214691162,0.3270857461026244,0.020442859131414,0.1022142956570701
8,1,16,0.25,0.2586,relu,3,1,10,0.625,90000,16,8000,500.0,6,0.0344591369628908,4.461457275390625,4.426998138427734,0.4994263326207515,0.0312141457887969,0.1872848747327818
8,1,16,0.25,0.2561,relu,4,1,10,0.625,107500,16,8000,500.0,6,0.0325550994873049,4.596201416015625,4.56364631652832,0.4916861556532914,0.0307303847283307,0.1843823083699843
8,1,16,0.5,0.5083,identity,0,1,10,0.625,62000,16,8000,500.0,7,0.0373045845031736,4.949470703125,4.912166118621826,0.2576882828059206,0.01610551767537,0.1127386237275902
8,1,16,0.5,0.5038,identity,1,1,10,0.625,74000,16,8000,500.0,6,0.0359793739318847,5.06726513671875,5.031285762786865,0.4568400892528825,0.0285525055783051,0.1713150334698309
8,1,16,0.5,0.5134,identity,2,1,10,0.625,81000,16,8000,500.0,6,0.0326970787048344,4.85585009765625,4.823153018951416,0.2234936653902317,0.0139683540868894,0.0838101245213368
8,1,16,0.5,0.5127,identity,3,1,10,0.625,76500,16,8000,500.0,6,0.0343837738037109,4.877685546875,4.843301773071289,0.0728127683792253,0.0045507980237015,0.0273047881422094
8,1,16,0.5,0.5074,identity,4,1,10,0.625,83500,16,8000,500.0,7,0.0341401710510256,5.00954443359375,4.975404262542725,0.1037864935971869,0.0064866558498241,0.0454065909487692
8,1,16,0.5,0.5083,relu,0,1,10,0.625,88500,16,8000,500.0,5,0.0343997993469233,4.94656591796875,4.912166118621826,0.4863206143501618,0.0303950383968851,0.1519751919844255
8,1,16,0.5,0.5038,relu,1,1,10,0.625,95500,16,8000,500.0,6,0.03307287979126,5.064358642578125,5.031285762786865,0.6741801257669441,0.042136257860434,0.252817547162604
8,1,16,0.5,0.5134,relu,2,1,10,0.625,62500,16,8000,500.0,5,0.0371360435485836,4.8602890625,4.823153018951416,0.7300090467902015,0.0456255654243875,0.2281278271219379
8,1,16,0.5,0.5127,relu,3,1,10,0.625,83000,16,8000,500.0,5,0.0355449066162112,4.8788466796875,4.843301773071289,0.7587110900334506,0.0474194431270906,0.2370972156354533
8,1,16,0.5,0.5074,relu,4,1,10,0.625,100000,16,8000,500.0,5,0.0361943702697757,5.0115986328125,4.975404262542725,0.6047060462028785,0.0377941278876799,0.1889706394383995
8,1,16,0.75,0.7551,identity,0,1,10,0.625,70000,16,8000,500.0,6,0.0314681205749511,5.38373681640625,5.352268695831299,0.4527165203403152,0.0282947825212697,0.1697686951276182
8,1,16,0.75,0.7524,identity,1,1,10,0.625,62000,16,8000,500.0,6,0.0323773765563961,5.5384375,5.506060123443604,0.6468633185441338,0.0404289574090083,0.2425737444540501
8,1,16,0.75,0.759,identity,2,1,10,0.625,65500,16,8000,500.0,6,0.029586101531982,5.181499267578125,5.151913166046143,0.1734353129129259,0.0108397070570578,0.0650382423423472
8,1,16,0.75,0.7612,identity,3,1,10,0.625,64000,16,8000,500.0,5,0.0323602180480957,5.441768310546875,5.409408092498779,0.4137437493899787,0.0258589843368736,0.1292949216843683
8,1,16,0.75,0.7547,identity,4,1,10,0.625,57000,16,8000,500.0,6,0.0337612800598146,5.540039794921875,5.5062785148620605,0.2276350455370126,0.0142271903460632,0.0853631420763797
8,1,16,0.75,0.7551,relu,0,1,10,0.625,72500,16,8000,500.0,5,0.0371356010437011,5.389404296875,5.352268695831299,1.0962149732174966,0.0685134358260935,0.3425671791304677
8,1,16,0.75,0.7524,relu,1,1,10,0.625,76000,16,8000,500.0,5,0.0311364097595214,5.537196533203125,5.506060123443604,1.3584405396462984,0.0849025337278936,0.4245126686394682
8,1,16,0.75,0.759,relu,2,1,10,0.625,76500,16,8000,500.0,5,0.0278299980163572,5.1797431640625,5.151913166046143,1.0314596277492756,0.0644662267343297,0.3223311336716486
8,1,16,0.75,0.7612,relu,3,1,10,0.625,78000,16,8000,500.0,4,0.0316168098449702,5.44102490234375,5.409408092498779,1.8036194144114628,0.1127262134007164,0.4509048536028657
8,1,16,0.75,0.7547,relu,4,1,10,0.625,80000,16,8000,500.0,4,0.033239795684814,5.539518310546875,5.5062785148620605,1.2270995846700392,0.0766937240418774,0.3067748961675098
8,1,16,1.0,1.0,identity,0,1,1,0.062,34000,16,8000,500.0,1,0.0122235450744625,6.0079677734375,5.995744228363037,13.308110580804644,0.8317569113002903,0.8317569113002903
8,1,16,1.0,1.0,identity,1,1,1,0.062,33000,16,8000,500.0,1,0.0124137001037594,6.079893310546875,6.067479610443115,11.728764325994424,0.7330477703746514,0.7330477703746514
8,1,16,1.0,1.0,identity,2,1,1,0.062,44000,16,8000,500.0,1,0.0108316345214847,5.683839599609375,5.673007965087891,8.399191787233201,0.5249494867020751,0.5249494867020751
8,1,16,1.0,1.0,identity,3,1,1,0.062,30000,16,8000,500.0,1,0.0118868141174317,6.082376220703125,6.070489406585693,11.314850977398306,0.7071781860873941,0.7071781860873941
8,1,16,1.0,1.0,identity,4,1,1,0.062,41000,16,8000,500.0,1,0.0115297164916992,6.102255615234375,6.090725898742676,11.749723692158945,0.734357730759934,0.734357730759934
8,1,16,1.0,1.0,relu,0,1,1,0.062,40500,16,8000,500.0,1,0.0092696876525879,6.005013916015625,5.995744228363037,13.180306577054148,0.8237691610658842,0.8237691610658842
8,1,16,1.0,1.0,relu,1,1,1,0.062,38500,16,8000,500.0,1,0.0099415321350093,6.077421142578125,6.067479610443115,11.467821473847335,0.7167388421154585,0.7167388421154585
8,1,16,1.0,1.0,relu,2,1,1,0.062,31500,16,8000,500.0,1,0.0100105895996094,5.6830185546875,5.673007965087891,10.816838770302628,0.6760524231439142,0.6760524231439142
8,1,16,1.0,1.0,relu,3,1,1,0.062,50000,16,8000,500.0,1,0.0074966773986817,6.077986083984375,6.070489406585693,14.476236791828336,0.904764799489271,0.904764799489271
8,1,16,1.0,1.0,relu,4,1,1,0.062,39000,16,8000,500.0,1,0.0086869430541991,6.099412841796875,6.090725898742676,13.259463188404196,0.8287164492752622,0.8287164492752622
8,1,32,0.0,0.0,identity,0,0,9,0.281,35500,16,8000,250.0,6,0.0540292358398435,4.463399658203125,4.409370422363281,0.1319648019239293,0.0041239000601227,0.0247434003607367
8,1,32,0.0,0.0,identity,1,0,9,0.281,56000,16,8000,250.0,4,0.0419685554504392,4.350859375,4.3088908195495605,0.4341404151665777,0.0135668879739555,0.0542675518958222
8,1,32,0.0,0.0,identity,2,0,9,0.281,52000,16,8000,250.0,6,0.047002967834473,4.35830419921875,4.311301231384277,0.3630448090970897,0.011345150284284,0.0680709017057043
8,1,32,0.0,0.0,identity,3,0,9,0.281,53500,16,8000,250.0,5,0.0473354988098142,4.293970458984375,4.2466349601745605,0.4227270030268996,0.0132102188445906,0.066051094222953
8,1,32,0.0,0.0,identity,4,0,9,0.281,57500,16,8000,250.0,7,0.0460242614746091,4.3522109375,4.306186676025391,0.3499984655467284,0.0109374520483352,0.0765621643383468
8,1,32,0.0,0.0,relu,0,0,9,0.281,47500,16,8000,250.0,8,0.0332077026367185,4.442578125,4.409370422363281,0.412560280268869,0.0128925087584021,0.1031400700672172
8,1,32,0.0,0.0,relu,1,0,9,0.281,64000,16,8000,250.0,7,0.0288562507629395,4.3377470703125,4.3088908195495605,0.1534793070281521,0.0047962283446297,0.0335735984124082
8,1,32,0.0,0.0,relu,2,0,9,0.281,52000,16,8000,250.0,8,0.0325823135375973,4.343883544921875,4.311301231384277,0.2932860000680952,0.0091651875021279,0.0733215000170238
8,1,32,0.0,0.0,relu,3,0,9,0.281,42500,16,8000,250.0,8,0.0349480476379397,4.2815830078125,4.2466349601745605,0.1577204177707227,0.004928763055335,0.0394301044426806
8,1,32,0.0,0.0,relu,4,0,9,0.281,55500,16,8000,250.0,9,0.0318499450683598,4.33803662109375,4.306186676025391,0.4027633657906515,0.0125863551809578,0.1132771966286207
8,1,32,0.25,0.2569,identity,0,1,10,0.312,55000,16,8000,250.0,6,0.0476663398742678,4.65652587890625,4.608859539031982,0.3336241997496701,0.0104257562421771,0.0625545374530631
8,1,32,0.25,0.2531,identity,1,1,10,0.312,56000,16,8000,250.0,5,0.0467992019653316,4.66239501953125,4.615595817565918,0.4862675191744099,0.0151958599742003,0.0759792998710015
8,1,32,0.25,0.2607,identity,2,1,10,0.312,60000,16,8000,250.0,6,0.0463331642150874,4.61583837890625,4.569505214691162,0.7242724058904043,0.0226335126840751,0.1358010761044508
8,1,32,0.25,0.2586,identity,3,1,10,0.312,55000,16,8000,250.0,6,0.0473060607910156,4.47430419921875,4.426998138427734,0.3613462301839478,0.0112920696932483,0.0677524181594902
8,1,32,0.25,0.2561,identity,4,1,10,0.312,75500,16,8000,250.0,7,0.0443934783935544,4.608039794921875,4.56364631652832,0.2445763703238897,0.0076430115726215,0.0535010810083508
8,1,32,0.25,0.2569,relu,0,1,10,0.312,49000,16,8000,250.0,6,0.0376370429992674,4.64649658203125,4.608859539031982,0.660446975939161,0.0206389679980987,0.1238338079885927
8,1,32,0.25,0.2531,relu,1,1,10,0.312,80000,16,8000,250.0,7,0.0316768875122068,4.647272705078125,4.615595817565918,0.8724252254732149,0.0272632882960379,0.1908430180722657
8,1,32,0.25,0.2607,relu,2,1,10,0.312,53500,16,8000,250.0,6,0.0357040138244633,4.605209228515625,4.569505214691162,0.6991767384581965,0.0218492730768186,0.1310956384609118
8,1,32,0.25,0.2586,relu,3,1,10,0.312,63000,16,8000,250.0,8,0.0332413635253905,4.460239501953125,4.426998138427734,0.4365964790803991,0.0136436399712624,0.1091491197700997
8,1,32,0.25,0.2561,relu,4,1,10,0.312,51500,16,8000,250.0,7,0.0366717987060543,4.600318115234375,4.56364631652832,0.4794950499461495,0.0149842203108171,0.1048895421757202
8,1,32,0.5,0.5083,identity,0,1,10,0.312,42000,16,8000,250.0,6,0.0488529243469235,4.96101904296875,4.912166118621826,0.3604669472500021,0.0112645921015625,0.0675875526093754
8,1,32,0.5,0.5038,identity,1,1,10,0.312,44500,16,8000,250.0,5,0.047826053619385,5.07911181640625,5.031285762786865,0.5089908417746122,0.0159059638054566,0.0795298190272831
8,1,32,0.5,0.5134,identity,2,1,10,0.312,59500,16,8000,250.0,6,0.0414119224548343,4.86456494140625,4.823153018951416,0.4695039359375346,0.0146719979980479,0.0880319879882877
8,1,32,0.5,0.5127,identity,3,1,10,0.312,57000,16,8000,250.0,6,0.0444875335693355,4.887789306640625,4.843301773071289,0.4058957806381546,0.0126842431449423,0.0761054588696539
8,1,32,0.5,0.5074,identity,4,1,10,0.312,60000,16,8000,250.0,6,0.0455283546447757,5.0209326171875,4.975404262542725,0.5152095236378235,0.0161002976136819,0.0966017856820919
8,1,32,0.5,0.5083,relu,0,1,10,0.312,51500,16,8000,250.0,5,0.0361219673156734,4.9482880859375,4.912166118621826,0.7660370220787602,0.0239386569399612,0.1196932846998062
8,1,32,0.5,0.5038,relu,1,1,10,0.312,62000,16,8000,250.0,7,0.0318675575256346,5.0631533203125,5.031285762786865,0.6829599614661,0.0213424987958156,0.1493974915707094
8,1,32,0.5,0.5134,relu,2,1,10,0.312,53500,16,8000,250.0,6,0.0336731529235843,4.856826171875,4.823153018951416,1.3927694280121825,0.0435240446253807,0.2611442677522842
8,1,32,0.5,0.5127,relu,3,1,10,0.312,48500,16,8000,250.0,7,0.0352336273193358,4.878535400390625,4.843301773071289,1.04654018364513,0.0327043807389103,0.2289306651723722
8,1,32,0.5,0.5074,relu,4,1,10,0.312,51500,16,8000,250.0,7,0.0366933937072753,5.01209765625,4.975404262542725,0.7379534712843018,0.0230610459776344,0.161427321843441
8,1,32,0.75,0.7551,identity,0,1,10,0.312,48500,16,8000,250.0,6,0.0405455131530763,5.392814208984375,5.352268695831299,0.9349170490780762,0.0292161577836898,0.1752969467021392
8,1,32,0.75,0.7524,identity,1,1,10,0.312,48000,16,8000,250.0,5,0.039923519134521,5.545983642578125,5.506060123443604,0.8561407954943853,0.0267543998591995,0.1337719992959977
8,1,32,0.75,0.759,identity,2,1,10,0.312,56500,16,8000,250.0,6,0.0357511405944821,5.187664306640625,5.151913166046143,0.7881554247865111,0.0246298570245784,0.1477791421474708
8,1,32,0.75,0.7612,identity,3,1,10,0.312,53500,16,8000,250.0,6,0.0397593879699709,5.44916748046875,5.409408092498779,1.0935074143272594,0.0341721066977268,0.2050326401863611
8,1,32,0.75,0.7547,identity,4,1,10,0.312,44500,16,8000,250.0,5,0.0429612312316898,5.54923974609375,5.5062785148620605,1.0252964489736882,0.0320405140304277,0.1602025701521388
8,1,32,0.75,0.7551,relu,0,1,10,0.312,57000,16,8000,250.0,6,0.030865581512451,5.38313427734375,5.352268695831299,1.872210330151727,0.0585065728172414,0.3510394369034488
8,1,32,0.75,0.7524,relu,1,1,10,0.312,52500,16,8000,250.0,6,0.0312643394470217,5.537324462890625,5.506060123443604,1.5638602320492303,0.0488706322515384,0.2932237935092307
8,1,32,0.75,0.759,relu,2,1,10,0.312,53500,16,8000,250.0,5,0.0291551933288571,5.181068359375,5.151913166046143,2.297876370222948,0.0718086365694671,0.3590431828473356
8,1,32,0.75,0.7612,relu,3,1,10,0.312,43500,16,8000,250.0,5,0.0334749641418454,5.442883056640625,5.409408092498779,1.9631988057212968,0.0613499626787905,0.3067498133939526
8,1,32,0.75,0.7547,relu,4,1,10,0.312,72000,16,8000,250.0,6,0.029141895294189,5.53542041015625,5.5062785148620605,1.4398644088014676,0.0449957627750458,0.2699745766502752
8,1,32,1.0,1.0,identity,0,1,1,0.031,35500,16,8000,250.0,1,0.0143026466369624,6.010046875,5.995744228363037,28.890722772264237,0.9028350866332572,0.9028350866332572
8,1,32,1.0,1.0,identity,1,1,1,0.031,33000,16,8000,250.0,1,0.0146812782287595,6.082160888671875,6.067479610443115,23.066012765531017,0.7208128989228443,0.7208128989228443
8,1,32,1.0,1.0,identity,2,1,1,0.031,31000,16,8000,250.0,1,0.0147049255371092,5.687712890625,5.673007965087891,12.68009412423078,0.3962529413822118,0.3962529413822118
8,1,32,1.0,1.0,identity,3,1,1,0.031,30000,16,8000,250.0,1,0.0138753395080568,6.08436474609375,6.070489406585693,26.63413211131873,0.8323166284787104,0.8323166284787104
8,1,32,1.0,1.0,identity,4,1,1,0.031,50500,16,8000,250.0,1,0.012117362976074,6.10284326171875,6.090725898742676,22.01202014728313,0.687875629602598,0.687875629602598
8,1,32,1.0,1.0,relu,0,1,1,0.031,40500,16,8000,250.0,1,0.0095594825744624,6.0053037109375,5.995744228363037,25.85350005030172,0.8079218765719288,0.8079218765719288
8,1,32,1.0,1.0,relu,1,1,1,0.031,32000,16,8000,250.0,1,0.0108131141662601,6.078292724609375,6.067479610443115,23.82673801869212,0.7445855630841288,0.7445855630841288
8,1,32,1.0,1.0,relu,2,1,1,0.031,44500,16,8000,250.0,1,0.0095586853027347,5.682566650390625,5.673007965087891,17.493150911818724,0.5466609659943351,0.5466609659943351
8,1,32,1.0,1.0,relu,3,1,1,0.031,36000,16,8000,250.0,1,0.0089283180236812,6.079417724609375,6.070489406585693,25.568189735542383,0.7990059292356996,0.7990059292356996
8,1,32,1.0,1.0,relu,4,1,1,0.031,39500,16,8000,250.0,1,0.0095490036010739,6.10027490234375,6.090725898742676,26.499649101939003,0.8281140344355938,0.8281140344355938
8,1,64,0.0,0.0,identity,0,0,9,0.141,57000,16,8000,125.0,6,0.0528790893554687,4.46224951171875,4.409370422363281,0.7363719756054801,0.0115058121188356,0.0690348727130137
8,1,64,0.0,0.0,identity,1,0,9,0.141,37500,16,8000,125.0,6,0.0556995124816896,4.36459033203125,4.3088908195495605,0.9184430796652804,0.01435067311977,0.08610403871862
8,1,64,0.0,0.0,identity,2,0,9,0.141,53500,16,8000,125.0,6,0.0520813369750978,4.363382568359375,4.311301231384277,0.4026877814287111,0.0062919965848236,0.0377519795089416
8,1,64,0.0,0.0,identity,3,0,9,0.141,64500,16,8000,125.0,6,0.0521931648254394,4.298828125,4.2466349601745605,0.1945649126901587,0.0030400767607837,0.0182404605647023
8,1,64,0.0,0.0,identity,4,0,9,0.141,57500,16,8000,125.0,6,0.0539820251464844,4.360168701171875,4.306186676025391,1.0469277448924,0.0163582460139437,0.0981494760836625
8,1,64,0.0,0.0,relu,0,0,9,0.141,45500,16,8000,125.0,9,0.0363563842773437,4.445726806640625,4.409370422363281,0.2304804566515959,0.0036012571351811,0.0324113142166306
8,1,64,0.0,0.0,relu,1,0,9,0.141,32500,16,8000,125.0,8,0.0395129890441898,4.34840380859375,4.3088908195495605,0.3699983852728851,0.0057812247698888,0.0462497981591106
8,1,64,0.0,0.0,relu,2,0,9,0.141,36000,16,8000,125.0,9,0.0375249404907229,4.348826171875,4.311301231384277,0.4699826216014374,0.0073434784625224,0.0660913061627021
8,1,64,0.0,0.0,relu,3,0,9,0.141,61000,16,8000,125.0,10,0.0340710945129396,4.2807060546875,4.2466349601745605,0.6527033732080916,0.0101984902063764,0.1019849020637643
8,1,64,0.0,0.0,relu,4,0,9,0.141,55500,16,8000,125.0,10,0.0342500915527343,4.340436767578125,4.306186676025391,0.4987879869064248,0.0077935622954128,0.0779356229541288
8,1,64,0.25,0.2569,identity,0,1,10,0.156,48500,16,8000,125.0,6,0.0590559883117673,4.66791552734375,4.608859539031982,0.2412213428008892,0.0037690834812638,0.0226145008875833
8,1,64,0.25,0.2531,identity,1,1,10,0.156,62500,16,8000,125.0,5,0.0523011550903316,4.66789697265625,4.615595817565918,0.358071025454185,0.0055948597727216,0.0279742988636082
8,1,64,0.25,0.2607,identity,2,1,10,0.156,62000,16,8000,125.0,6,0.0531097755432128,4.622614990234375,4.569505214691162,0.5269106390234951,0.0082329787347421,0.0493978724084526
8,1,64,0.25,0.2586,identity,3,1,10,0.156,55000,16,8000,125.0,6,0.0561026916503903,4.483100830078125,4.426998138427734,0.339527551072427,0.0053051179855066,0.03183070791304
8,1,64,0.25,0.2561,identity,4,1,10,0.156,41500,16,8000,125.0,7,0.0628321990966798,4.626478515625,4.56364631652832,1.258682400268777,0.0196669125041996,0.1376683875293975
8,1,64,0.25,0.2569,relu,0,1,10,0.156,49000,16,8000,125.0,7,0.0410227851867679,4.64988232421875,4.608859539031982,0.9051416930600072,0.0141428389540626,0.0989998726784382
8,1,64,0.25,0.2531,relu,1,1,10,0.156,33500,16,8000,125.0,7,0.043997932434082,4.65959375,4.615595817565918,0.6513560071381888,0.0101774376115342,0.0712420632807394
8,1,64,0.25,0.2607,relu,2,1,10,0.156,48000,16,8000,125.0,8,0.041440097808838,4.6109453125,4.569505214691162,0.9980653006879768,0.0155947703232496,0.1247581625859971
8,1,64,0.25,0.2586,relu,3,1,10,0.156,42500,16,8000,125.0,9,0.0418556213378904,4.468853759765625,4.426998138427734,0.687797966186981,0.0107468432216715,0.0967215889950442
8,1,64,0.25,0.2561,relu,4,1,10,0.156,51500,16,8000,125.0,8,0.0413724822998045,4.605018798828125,4.56364631652832,0.780281371447398,0.0121918964288655,0.0975351714309247
8,1,64,0.5,0.5083,identity,0,1,10,0.156,55500,16,8000,125.0,6,0.0533045845031736,4.965470703125,4.912166118621826,0.824313992140335,0.0128799061271927,0.0772794367631564
8,1,64,0.5,0.5038,identity,1,1,10,0.156,37000,16,8000,125.0,6,0.0612147254943851,5.09250048828125,5.031285762786865,0.7432555713290352,0.0116133683020161,0.069680209812097
8,1,64,0.5,0.5134,identity,2,1,10,0.156,81000,16,8000,125.0,6,0.0454185142517093,4.868571533203125,4.823153018951416,1.5836383206179827,0.0247443487596559,0.1484660925579358
8,1,64,0.5,0.5127,identity,3,1,10,0.156,36000,16,8000,125.0,6,0.0618930511474609,4.90519482421875,4.843301773071289,1.451934508949469,0.0226864767023354,0.1361188602140127
8,1,64,0.5,0.5074,identity,4,1,10,0.156,41500,16,8000,125.0,6,0.0600793800354004,5.035483642578125,4.975404262542725,0.9445511801254926,0.0147586121894608,0.0885516731367649
8,1,64,0.5,0.5083,relu,0,1,10,0.156,43500,16,8000,125.0,7,0.0415550727844236,4.95372119140625,4.912166118621826,1.2951520925359967,0.0202367514458749,0.1416572601211246
8,1,64,0.5,0.5038,relu,1,1,10,0.156,45000,16,8000,125.0,8,0.0394215126037593,5.070707275390625,5.031285762786865,1.3930346696324682,0.0217661667130073,0.1741293337040585
8,1,64,0.5,0.5134,relu,2,1,10,0.156,46000,16,8000,125.0,6,0.0385813560485841,4.861734375,4.823153018951416,3.0643495675376826,0.0478804619927762,0.2872827719566577
8,1,64,0.5,0.5127,relu,3,1,10,0.156,42500,16,8000,125.0,7,0.0412709808349607,4.88457275390625,4.843301773071289,1.743186571094752,0.0272372901733555,0.1906610312134885
8,1,64,0.5,0.5074,relu,4,1,10,0.156,51500,16,8000,125.0,8,0.0400290870666504,5.015433349609375,4.975404262542725,1.9679170703887567,0.0307487042248243,0.2459896337985946
8,1,64,0.75,0.7551,identity,0,1,10,0.156,55500,16,8000,125.0,7,0.0473697319030765,5.399638427734375,5.352268695831299,1.0633547042036515,0.016614917253182,0.1163044207722744
8,1,64,0.75,0.7524,identity,1,1,10,0.156,61000,16,8000,125.0,5,0.045625911712646,5.55168603515625,5.506060123443604,3.444191373892682,0.0538154902170731,0.2690774510853658
8,1,64,0.75,0.759,identity,2,1,10,0.156,42000,16,8000,125.0,6,0.0472401542663574,5.1991533203125,5.151913166046143,1.5352239740974043,0.0239878745952719,0.1439272475716316
8,1,64,0.75,0.7612,identity,3,1,10,0.156,65500,16,8000,125.0,5,0.0452366828918453,5.454644775390625,5.409408092498779,2.269805284447853,0.0354657075694977,0.1773285378474885
8,1,64,0.75,0.7547,identity,4,1,10,0.156,65000,16,8000,125.0,6,0.0453979988098147,5.551676513671875,5.5062785148620605,0.8920372450191879,0.0139380819534248,0.0836284917205488
8,1,64,0.75,0.7551,relu,0,1,10,0.156,49000,16,8000,125.0,7,0.0359849662780762,5.388253662109375,5.352268695831299,3.6517592096122167,0.0570587376501908,0.3994111635513362
8,1,64,0.75,0.7524,relu,1,1,10,0.156,44000,16,8000,125.0,6,0.0352972984313968,5.541357421875,5.506060123443604,3.3415176951408614,0.0522112139865759,0.3132672839194557
8,1,64,0.75,0.759,relu,2,1,10,0.156,32500,16,8000,125.0,5,0.0376771659851078,5.18959033203125,5.151913166046143,4.478431989124565,0.0699754998300713,0.3498774991503566
8,1,64,0.75,0.7612,relu,3,1,10,0.156,45500,16,8000,125.0,6,0.0363155403137209,5.4457236328125,5.409408092498779,4.021051403227313,0.0628289281754267,0.3769735690525606
8,1,64,0.75,0.7547,relu,4,1,10,0.156,30000,16,8000,125.0,6,0.0413984870910644,5.547677001953125,5.5062785148620605,3.417963318322053,0.053405676848782,0.3204340610926925
8,1,64,1.0,1.0,identity,0,1,1,0.016,41500,16,8000,125.0,1,0.0189640235900876,6.014708251953125,5.995744228363037,55.80950190578681,0.8720234672779189,0.8720234672779189
8,1,64,1.0,1.0,identity,1,1,1,0.016,31000,16,8000,125.0,1,0.0202659950256345,6.08774560546875,6.067479610443115,52.14461245709158,0.814759569642056,0.814759569642056
8,1,64,1.0,1.0,identity,2,1,1,0.016,20500,16,8000,125.0,1,0.0215135192871089,5.694521484375,5.673007965087891,23.116517889754174,0.361195592027409,0.361195592027409
8,1,64,1.0,1.0,identity,3,1,1,0.016,53500,16,8000,125.0,1,0.0166089820861818,6.087098388671875,6.070489406585693,39.4999512050825,0.6171867375794141,0.6171867375794141
8,1,64,1.0,1.0,identity,4,1,1,0.016,21500,16,8000,125.0,1,0.0215162887573239,6.1122421875,6.090725898742676,41.16852115955675,0.6432581431180742,0.6432581431180742
8,1,64,1.0,1.0,relu,0,1,1,0.016,30500,16,8000,125.0,1,0.0120875587463382,6.007831787109375,5.995744228363037,45.32911209780042,0.7082673765281315,0.7082673765281315
8,1,64,1.0,1.0,relu,1,1,1,0.016,26500,16,8000,125.0,1,0.012686893463135,6.08016650390625,6.067479610443115,35.399633348906924,0.5531192710766707,0.5531192710766707
8,1,64,1.0,1.0,relu,2,1,1,0.016,33500,16,8000,125.0,1,0.0110865173339842,5.684094482421875,5.673007965087891,45.19877420636072,0.7062308469743863,0.7062308469743863
8,1,64,1.0,1.0,relu,3,1,1,0.016,36000,16,8000,125.0,1,0.010009128570557,6.08049853515625,6.070489406585693,53.272424156343845,0.8323816274428726,0.8323816274428726
8,1,64,1.0,1.0,relu,4,1,1,0.016,24000,16,8000,125.0,1,0.0124066696166993,6.103132568359375,6.090725898742676,49.1437361507367,0.7678708773552609,0.7678708773552609
8,1,96,0.0,0.0,identity,0,0,9,0.094,48500,16,8000,83.3,6,0.0625028686523441,4.471873291015625,4.409370422363281,0.3829247300867748,0.0039887992717372,0.0239327956304234
8,1,96,0.0,0.0,identity,1,0,9,0.094,80000,16,8000,83.3,5,0.0517556648254391,4.360646484375,4.3088908195495605,0.2860691266785749,0.0029798867362351,0.0148994336811757
8,1,96,0.0,0.0,identity,2,0,9,0.094,50000,16,8000,83.3,6,0.0614548721313479,4.372756103515625,4.311301231384277,0.5952671780292158,0.0062006997711376,0.0372041986268259
8,1,96,0.0,0.0,identity,3,0,9,0.094,51500,16,8000,83.3,6,0.0634890632629394,4.3101240234375,4.2466349601745605,0.4911848197636611,0.0051165085392048,0.0306990512352288
8,1,96,0.0,0.0,identity,4,0,9,0.094,53500,16,8000,83.3,7,0.0633548278808593,4.36954150390625,4.306186676025391,0.5317064347248169,0.0055386086950501,0.0387702608653512
8,1,96,0.0,0.0,relu,0,0,9,0.094,35000,16,8000,83.3,10,0.043437927246094,4.452808349609375,4.409370422363281,0.7179598206950364,0.0074787481322399,0.0747874813223996
8,1,96,0.0,0.0,relu,1,0,9,0.094,32500,16,8000,83.3,9,0.0406672859191896,4.34955810546875,4.3088908195495605,0.461594986313562,0.0048082811074329,0.0432745299668964
8,1,96,0.0,0.0,relu,2,0,9,0.094,36000,16,8000,83.3,9,0.0403450088500978,4.351646240234375,4.311301231384277,0.5438263806388661,0.0056648581316548,0.0509837231848937
8,1,96,0.0,0.0,relu,3,0,9,0.094,48000,16,8000,83.3,10,0.0388093757629395,4.2854443359375,4.2466349601745605,0.6077439712982758,0.0063306663676903,0.0633066636769037
8,1,96,0.0,0.0,relu,4,0,9,0.094,42500,16,8000,83.3,10,0.0417789001464843,4.347965576171875,4.306186676025391,0.367946489561051,0.0038327759329276,0.0383277593292761
8,1,96,0.25,0.2569,identity,0,1,10,0.104,41500,16,8000,83.3,6,0.0713501777648923,4.680209716796875,4.608859539031982,0.5780054068521376,0.0060208896547097,0.0361253379282586
8,1,96,0.25,0.2531,identity,1,1,10,0.104,41000,16,8000,83.3,5,0.0674625320434572,4.683058349609375,4.615595817565918,0.3924038372428624,0.0040875399712798,0.020437699856399
8,1,96,0.25,0.2607,identity,2,1,10,0.104,26000,16,8000,83.3,6,0.0794400978088383,4.6489453125,4.569505214691162,0.6396928827685523,0.006663467528839,0.0399808051730345
8,1,96,0.25,0.2586,identity,3,1,10,0.104,43500,16,8000,83.3,6,0.0698085021972652,4.496806640625,4.426998138427734,0.7590832468099642,0.0079071171542704,0.0474427029256227
8,1,96,0.25,0.2561,identity,4,1,10,0.104,62000,16,8000,83.3,7,0.0634454803466795,4.627091796875,4.56364631652832,0.4569857366197857,0.0047602680897894,0.033321876628526
8,1,96,0.25,0.2569,relu,0,1,10,0.104,60000,16,8000,83.3,8,0.0429917793273926,4.651851318359375,4.608859539031982,1.48626306995477,0.0154819069786955,0.1238552558295641
8,1,96,0.25,0.2531,relu,1,1,10,0.104,33500,16,8000,83.3,8,0.0468875808715818,4.6624833984375,4.615595817565918,0.7728479836633272,0.0080504998298263,0.0644039986386106
8,1,96,0.25,0.2607,relu,2,1,10,0.104,48000,16,8000,83.3,8,0.0435299415588374,4.61303515625,4.569505214691162,1.815326788541628,0.0189096540473086,0.151277232378469
8,1,96,0.25,0.2586,relu,3,1,10,0.104,59000,16,8000,83.3,9,0.0413026428222655,4.46830078125,4.426998138427734,1.7879926625454738,0.018624923568182,0.1676243121136381
8,1,96,0.25,0.2561,relu,4,1,10,0.104,48000,16,8000,83.3,8,0.0450187225341798,4.6086650390625,4.56364631652832,1.222193020519306,0.0127311772970761,0.1018494183766088
8,1,96,0.5,0.5083,identity,0,1,10,0.104,62000,16,8000,83.3,6,0.0606136665344241,4.97277978515625,4.912166118621826,1.2012057331523085,0.0125125597203365,0.0750753583220192
8,1,96,0.5,0.5038,identity,1,1,10,0.104,54000,16,8000,83.3,6,0.0615601844787594,5.092845947265625,5.031285762786865,0.6995142085261588,0.0072866063388141,0.0437196380328849
8,1,96,0.5,0.5134,identity,2,1,10,0.104,59500,16,8000,83.3,6,0.0577803306579589,4.880933349609375,4.823153018951416,1.6858292525998502,0.0175607213812484,0.1053643282874906
8,1,96,0.5,0.5127,identity,3,1,10,0.104,43500,16,8000,83.3,6,0.0655659027099613,4.90886767578125,4.843301773071289,2.351126147658511,0.0244908973714428,0.1469453842286569
8,1,96,0.5,0.5074,identity,4,1,10,0.104,30000,16,8000,83.3,7,0.0739272804260258,5.04933154296875,4.975404262542725,1.3826764196676886,0.0144028793715384,0.1008201556007689
8,1,96,0.5,0.5083,relu,0,1,10,0.104,38000,16,8000,83.3,8,0.0452039985656735,4.9573701171875,4.912166118621826,2.5500424826134847,0.0265629425272238,0.2125035402177904
8,1,96,0.5,0.5038,relu,1,1,10,0.104,33000,16,8000,83.3,8,0.0468123817443846,5.07809814453125,5.031285762786865,2.0932873040519397,0.0218050760838743,0.1744406086709949
8,1,96,0.5,0.5134,relu,2,1,10,0.104,33500,16,8000,83.3,6,0.044985164642334,4.86813818359375,4.823153018951416,2.678690829282082,0.0279030294716883,0.1674181768301301
8,1,96,0.5,0.5127,relu,3,1,10,0.104,45500,16,8000,83.3,8,0.0429831390380863,4.886284912109375,4.843301773071289,2.404046817169025,0.0250421543455106,0.2003372347640854
8,1,96,0.5,0.5074,relu,4,1,10,0.104,35500,16,8000,83.3,8,0.0460661964416502,5.021470458984375,4.975404262542725,1.926110886168892,0.0200636550642592,0.1605092405140743
8,1,96,0.75,0.7551,identity,0,1,10,0.104,55500,16,8000,83.3,7,0.053924175262451,5.40619287109375,5.352268695831299,1.3017561310896064,0.01355995969885,0.0949197178919504
8,1,96,0.75,0.7524,identity,1,1,10,0.104,62000,16,8000,83.3,6,0.0517572593688964,5.5578173828125,5.506060123443604,1.290932490105992,0.013447213438604,0.0806832806316245
8,1,96,0.75,0.759,identity,2,1,10,0.104,45500,16,8000,83.3,6,0.0543048515319828,5.206218017578125,5.151913166046143,3.538668899285447,0.0368611343675567,0.2211668062053404
8,1,96,0.75,0.7612,identity,3,1,10,0.104,57000,16,8000,83.3,6,0.056257190704346,5.465665283203125,5.409408092498779,4.054441984109202,0.0422337706678041,0.2534026240068251
8,1,96,0.75,0.7547,identity,4,1,10,0.104,65000,16,8000,83.3,6,0.0541916999816898,5.56047021484375,5.5062785148620605,2.795321557272717,0.0291179328882574,0.1747075973295448
8,1,96,0.75,0.7551,relu,0,1,10,0.104,57500,16,8000,83.3,7,0.0366453666687007,5.3889140625,5.352268695831299,4.063863717342076,0.0423319137223132,0.296323396056193
8,1,96,0.75,0.7524,relu,1,1,10,0.104,35000,16,8000,83.3,7,0.041000423431396,5.547060546875,5.506060123443604,4.195375090750239,0.0437018238619816,0.3059127670338715
8,1,96,0.75,0.759,relu,2,1,10,0.104,34500,16,8000,83.3,6,0.0401056327819819,5.192018798828125,5.151913166046143,5.582537923149027,0.058151436699469,0.3489086201968142
8,1,96,0.75,0.7612,relu,3,1,10,0.104,50500,16,8000,83.3,5,0.0378836555480956,5.447291748046875,5.409408092498779,7.061343900882016,0.0735556656341876,0.3677783281709383
8,1,96,0.75,0.7547,relu,4,1,10,0.104,43500,16,8000,83.3,6,0.040594532012939,5.546873046875,5.5062785148620605,3.595061604195468,0.0374485583770361,0.2246913502622167
8,1,96,1.0,1.0,identity,0,1,1,0.01,41500,16,8000,83.3,1,0.0256835060119628,6.021427734375,5.995744228363037,79.20843351725337,0.8250878491380559,0.8250878491380559
8,1,96,1.0,1.0,identity,1,1,1,0.01,33000,16,8000,83.3,1,0.0262657508850097,6.093745361328125,6.067479610443115,72.23398064636592,0.752437298399645,0.752437298399645
8,1,96,1.0,1.0,identity,2,1,1,0.01,29000,16,8000,83.3,1,0.0258265075683592,5.69883447265625,5.673007965087891,61.367645857769176,0.6392463110184289,0.6392463110184289
8,1,96,1.0,1.0,identity,3,1,1,0.01,30000,16,8000,83.3,1,0.025350681304932,6.095840087890625,6.070489406585693,66.52156936358088,0.6929330142039675,0.6929330142039675
8,1,96,1.0,1.0,identity,4,1,1,0.01,31000,16,8000,83.3,1,0.0259220504760744,6.11664794921875,6.090725898742676,14.083435846267522,0.1467024567319533,0.1467024567319533
8,1,96,1.0,1.0,relu,0,1,1,0.01,32000,16,8000,83.3,1,0.0127767677307124,6.00852099609375,5.995744228363037,75.54597584087708,0.7869372483424696,0.7869372483424696
8,1,96,1.0,1.0,relu,1,1,1,0.01,26500,16,8000,83.3,1,0.0133446083068848,6.08082421875,6.067479610443115,62.10701887600493,0.646948113291718,0.646948113291718
8,1,96,1.0,1.0,relu,2,1,1,0.01,31500,16,8000,83.3,1,0.0126299743652342,5.685637939453125,5.673007965087891,55.6712589061777,0.579908946939351,0.579908946939351
8,1,96,1.0,1.0,relu,3,1,1,0.01,38000,16,8000,83.3,1,0.0109922828674315,6.081481689453125,6.070489406585693,72.51346963710355,0.755348642053162,0.755348642053162
8,1,96,1.0,1.0,relu,4,1,1,0.01,35000,16,8000,83.3,1,0.0120612106323241,6.102787109375,6.090725898742676,67.29986852442265,0.7010402971294026,0.7010402971294026
8,2,16,0.0,0.0,identity,0,0,10,0.625,77000,16,8000,500.0,6,0.0405788383483889,4.337900634765625,4.297321796417236,0.0685775748000332,0.004286098425002,0.0257165905500124
8,2,16,0.0,0.0,identity,1,0,10,0.625,58000,16,8000,500.0,5,0.0450501213073728,4.319975830078125,4.274925708770752,0.0647120248331853,0.004044501552074,0.0202225077603704
8,2,16,0.0,0.0,identity,2,0,10,0.625,70500,16,8000,500.0,6,0.0427031478881838,4.350840087890625,4.308136940002441,0.0262853110291327,0.0016428319393207,0.0098569916359247
8,2,16,0.0,0.0,identity,3,0,10,0.625,74000,16,8000,500.0,6,0.0426417541503907,4.140645141601563,4.098003387451172,0.0288121177170275,0.0018007573573142,0.0108045441438853
8,2,16,0.0,0.0,identity,4,0,10,0.625,74000,16,8000,500.0,6,0.0431149177551271,4.193161743164063,4.150046825408936,0.0838394732377718,0.0052399670773607,0.0314398024641644
8,2,16,0.0,0.0,relu,0,0,10,0.625,59500,16,8000,500.0,6,0.0440480766296387,4.341369873046875,4.297321796417236,0.278386734070354,0.0173991708793971,0.1043950252763827
8,2,16,0.0,0.0,relu,1,0,10,0.625,68000,16,8000,500.0,5,0.0417427482604981,4.31666845703125,4.274925708770752,0.3051911991747183,0.0190744499484198,0.0953722497420994
8,2,16,0.0,0.0,relu,2,0,10,0.625,108500,16,8000,500.0,7,0.0380368881225585,4.346173828125,4.308136940002441,0.3182801703568968,0.019892510647306,0.1392475745311423
8,2,16,0.0,0.0,relu,3,0,10,0.625,70500,16,8000,500.0,7,0.0424812316894529,4.140484619140625,4.098003387451172,0.2374159869682968,0.0148384991855185,0.1038694942986298
8,2,16,0.0,0.0,relu,4,0,10,0.625,83000,16,8000,500.0,7,0.041074146270752,4.191120971679688,4.150046825408936,0.3386805141526697,0.0211675321345418,0.148172724941793
8,2,16,0.25,0.2576,identity,0,2,12,0.75,87500,16,8000,500.0,6,0.0428135528564457,4.457408203125,4.414594650268555,0.0655721397192663,0.0040982587324541,0.0245895523947248
8,2,16,0.25,0.2532,identity,1,2,12,0.75,71500,16,8000,500.0,6,0.0449783401489254,4.646543701171875,4.601565361022949,0.1222669037707908,0.0076416814856744,0.0458500889140465
8,2,16,0.25,0.2605,identity,2,2,12,0.75,77500,16,8000,500.0,6,0.0452736320495601,4.5167783203125,4.47150468826294,0.049152596424082,0.0030720372765051,0.0184322236590307
8,2,16,0.25,0.2572,identity,3,2,12,0.75,88500,16,8000,500.0,6,0.0437225875854494,4.347278076171875,4.303555488586426,0.1103833987487443,0.0068989624217965,0.0413937745307791
8,2,16,0.25,0.2567,identity,4,2,12,0.75,73000,16,8000,500.0,7,0.0461369781494136,4.46165478515625,4.415517807006836,0.0661800436058987,0.0041362527253686,0.0289537690775807
8,2,16,0.25,0.2576,relu,0,2,12,0.75,100500,16,8000,500.0,5,0.047627517700195,4.46222216796875,4.414594650268555,0.2739583489437501,0.0171223968089843,0.0856119840449219
8,2,16,0.25,0.2532,relu,1,2,12,0.75,93000,16,8000,500.0,5,0.0446968460083008,4.64626220703125,4.601565361022949,0.2372602653652761,0.0148287665853297,0.0741438329266487
8,2,16,0.25,0.2605,relu,2,2,12,0.75,93500,16,8000,500.0,5,0.0503256340026858,4.521830322265625,4.47150468826294,0.1426181581587373,0.008913634884921,0.0445681744246054
8,2,16,0.25,0.2572,relu,3,2,12,0.75,92500,16,8000,500.0,4,0.0513600387573243,4.35491552734375,4.303555488586426,0.3315330004313573,0.0207208125269598,0.0828832501078393
8,2,16,0.25,0.2567,relu,4,2,12,0.75,73000,16,8000,500.0,6,0.0533083648681644,4.468826171875,4.415517807006836,0.1837995382853958,0.0114874711428372,0.0689248268570234
8,2,16,0.5,0.5094,identity,0,2,12,0.75,83500,16,8000,500.0,6,0.0405179100036621,4.65295849609375,4.612440586090088,0.0720201165255397,0.0045012572828462,0.0270075436970774
8,2,16,0.5,0.504,identity,1,2,12,0.75,92000,16,8000,500.0,6,0.039146255493164,4.909833740234375,4.870687484741211,0.1189075448940718,0.0074317215558794,0.0445903293352769
8,2,16,0.5,0.5134,identity,2,2,12,0.75,92000,16,8000,500.0,6,0.0404974288940431,4.787938720703125,4.747441291809082,0.063605104114525,0.0039753190071578,0.0238519140429468
8,2,16,0.5,0.5096,identity,3,2,12,0.75,71500,16,8000,500.0,6,0.0447300338745115,4.71225341796875,4.667523384094238,0.1398738658638859,0.0087421166164928,0.0524526996989572
8,2,16,0.5,0.5091,identity,4,2,12,0.75,70500,16,8000,500.0,7,0.0440883178710933,4.84734912109375,4.803260803222656,0.0675357929678559,0.0042209870604909,0.0295469094234369
8,2,16,0.5,0.5094,relu,0,2,12,0.75,104500,16,8000,500.0,6,0.0466062889099117,4.659046875,4.612440586090088,0.7772110449365514,0.0485756903085344,0.2914541418512067
8,2,16,0.5,0.504,relu,1,2,12,0.75,98000,16,8000,500.0,5,0.0439431304931643,4.914630615234375,4.870687484741211,0.5262961314258268,0.0328935082141141,0.1644675410705708
8,2,16,0.5,0.5134,relu,2,2,12,0.75,95000,16,8000,500.0,5,0.0509608078002932,4.798402099609375,4.747441291809082,0.6202336924382257,0.0387646057773891,0.1938230288869455
8,2,16,0.5,0.5096,relu,3,2,12,0.75,85000,16,8000,500.0,5,0.0476856002807615,4.715208984375,4.667523384094238,0.5565750287629185,0.0347859392976824,0.173929696488412
8,2,16,0.5,0.5091,relu,4,2,12,0.75,86500,16,8000,500.0,6,0.0517238159179687,4.854984619140625,4.803260803222656,0.398421582985634,0.0249013489366021,0.1494080936196127
8,2,16,0.75,0.7561,identity,0,2,12,0.75,83000,16,8000,500.0,6,0.0349471893310546,4.94444921875,4.909502029418945,0.0774795471125369,0.0048424716945335,0.0290548301672013
8,2,16,0.75,0.7527,identity,1,2,12,0.75,70000,16,8000,500.0,6,0.0363763122558591,5.21402294921875,5.177646636962891,0.4060835957476822,0.0253802247342301,0.1522813484053808
8,2,16,0.75,0.7595,identity,2,2,12,0.75,73000,16,8000,500.0,6,0.0374847335815431,5.095289794921875,5.057805061340332,0.189385312403368,0.0118365820252105,0.071019492151263
8,2,16,0.75,0.7573,identity,3,2,12,0.75,85000,16,8000,500.0,6,0.0367960548400878,5.148873291015625,5.112077236175537,0.116665209601858,0.0072915756001161,0.0437494536006967
8,2,16,0.75,0.757,identity,4,2,12,0.75,64000,16,8000,500.0,7,0.0394568061828612,5.304696044921875,5.265239238739014,0.3670026928058076,0.0229376683003629,0.1605636781025408
8,2,16,0.75,0.7561,relu,0,2,12,0.75,92500,16,8000,500.0,5,0.0427284393310545,4.95223046875,4.909502029418945,1.0805088402631091,0.0675318025164443,0.3376590125822216
8,2,16,0.75,0.7527,relu,1,2,12,0.75,98500,16,8000,500.0,5,0.0384563903808592,5.21610302734375,5.177646636962891,1.0152588289647853,0.063453676810299,0.3172683840514954
8,2,16,0.75,0.7595,relu,2,2,12,0.75,91500,16,8000,500.0,5,0.0500045089721679,5.1078095703125,5.057805061340332,1.2368506405137374,0.0773031650321085,0.3865158251605429
8,2,16,0.75,0.7573,relu,3,2,12,0.75,76000,16,8000,500.0,5,0.0469317970275877,5.159009033203125,5.112077236175537,1.1541565596047323,0.0721347849752957,0.3606739248764788
8,2,16,0.75,0.757,relu,4,2,12,0.75,76000,16,8000,500.0,5,0.0461325874328615,5.311371826171875,5.265239238739014,1.1463906844667815,0.0716494177791738,0.3582470888958693
8,2,16,1.0,1.0,identity,0,2,2,0.125,46000,16,8000,500.0,1,0.0180906639099118,5.421272216796875,5.403181552886963,11.675229361574605,0.7297018350984128,0.7297018350984128
8,2,16,1.0,1.0,identity,1,2,2,0.125,55000,16,8000,500.0,1,0.0140365180969235,5.450342041015625,5.436305522918701,13.259401191778958,0.8287125744861848,0.8287125744861848
8,2,16,1.0,1.0,identity,2,2,2,0.125,53000,16,8000,500.0,2,0.0167906150817866,5.41789697265625,5.401106357574463,6.173942635868297,0.3858714147417685,0.7717428294835371
8,2,16,1.0,1.0,identity,3,2,2,0.125,43000,16,8000,500.0,1,0.0173302917480464,5.58238232421875,5.565052032470703,14.416253248737268,0.9010158280460792,0.9010158280460792
8,2,16,1.0,1.0,identity,4,2,2,0.125,72500,16,8000,500.0,2,0.0129298019409178,5.8000439453125,5.787114143371582,6.566648488991855,0.4104155305619909,0.8208310611239819
8,2,16,1.0,1.0,relu,0,2,2,0.125,40000,16,8000,500.0,2,0.0163772850036618,5.419558837890625,5.403181552886963,6.967394929761979,0.4354621831101237,0.8709243662202474
8,2,16,1.0,1.0,relu,1,2,2,0.125,49500,16,8000,500.0,1,0.0128453559875492,5.44915087890625,5.436305522918701,14.36140106669306,0.8975875666683162,0.8975875666683162
8,2,16,1.0,1.0,relu,2,2,2,0.125,44000,16,8000,500.0,1,0.015802822113037,5.4169091796875,5.401106357574463,9.693595847719168,0.605849740482448,0.605849740482448
8,2,16,1.0,1.0,relu,3,2,2,0.125,44500,16,8000,500.0,1,0.0150710144042971,5.580123046875,5.565052032470703,12.821620726070485,0.8013512953794053,0.8013512953794053
8,2,16,1.0,1.0,relu,4,2,2,0.125,48500,16,8000,500.0,1,0.0134913253784176,5.80060546875,5.787114143371582,12.069657123757692,0.7543535702348558,0.7543535702348558
8,2,32,0.0,0.0,identity,0,0,10,0.312,49000,16,8000,250.0,6,0.0557404594421386,4.353062255859375,4.297321796417236,0.1789172997808889,0.0055911656181527,0.0335469937089166
8,2,32,0.0,0.0,identity,1,0,10,0.312,46000,16,8000,250.0,6,0.0551939201354976,4.33011962890625,4.274925708770752,0.1261741632475831,0.0039429426014869,0.0236576556089218
8,2,32,0.0,0.0,identity,2,0,10,0.312,52000,16,8000,250.0,6,0.0546074447631834,4.362744384765625,4.308136940002441,0.0948033086739928,0.0029626033960622,0.0177756203763736
8,2,32,0.0,0.0,identity,3,0,10,0.312,42500,16,8000,250.0,6,0.0593675842285152,4.157370971679687,4.098003387451172,0.5040665048048604,0.0157520782751518,0.0945124696509113
8,2,32,0.0,0.0,identity,4,0,10,0.312,58500,16,8000,250.0,6,0.0539520759582519,4.203998901367188,4.150046825408936,0.1013238353203181,0.0031663698537599,0.0189982191225596
8,2,32,0.0,0.0,relu,0,0,10,0.312,59500,16,8000,250.0,8,0.0390297660827636,4.3363515625,4.297321796417236,0.1778005080148005,0.0055562658754625,0.0444501270037001
8,2,32,0.0,0.0,relu,1,0,10,0.312,47500,16,8000,250.0,7,0.0416873283386234,4.316613037109375,4.274925708770752,0.2425570599559683,0.007579908123624,0.053059356865368
8,2,32,0.0,0.0,relu,2,0,10,0.312,56500,16,8000,250.0,8,0.0392273178100586,4.3473642578125,4.308136940002441,0.1565833450609473,0.0048932295331546,0.0391458362652368
8,2,32,0.0,0.0,relu,3,0,10,0.312,65000,16,8000,250.0,8,0.0371919250488277,4.1351953125,4.098003387451172,0.2267188955724751,0.0070849654866398,0.0566797238931187
8,2,32,0.0,0.0,relu,4,0,10,0.312,66500,16,8000,250.0,9,0.038031177520752,4.188078002929688,4.150046825408936,0.259724698413168,0.0081163968254115,0.0730475714287035
8,2,32,0.25,0.2576,identity,0,2,12,0.375,59000,16,8000,250.0,6,0.0560916290283204,4.470686279296875,4.414594650268555,0.0940279713925174,0.0029383741060161,0.017630244636097
8,2,32,0.25,0.2532,identity,1,2,12,0.375,71500,16,8000,250.0,6,0.0518648147583009,4.65343017578125,4.601565361022949,0.1490940746566316,0.0046591898330197,0.0279551389981184
8,2,32,0.25,0.2605,identity,2,2,12,0.375,70000,16,8000,250.0,6,0.0542938957214351,4.525798583984375,4.47150468826294,0.2788932071000444,0.0087154127218763,0.0522924763312583
8,2,32,0.25,0.2572,identity,3,2,12,0.375,69000,16,8000,250.0,6,0.0552658004760742,4.3588212890625,4.303555488586426,0.128833097584385,0.004026034299512,0.0241562057970722
8,2,32,0.25,0.2567,identity,4,2,12,0.375,84500,16,8000,250.0,7,0.0517197418212891,4.467237548828125,4.415517807006836,0.1237853234092679,0.0038682913565396,0.0270780394957773
8,2,32,0.25,0.2576,relu,0,2,12,0.375,59500,16,8000,250.0,6,0.0480269317626955,4.46262158203125,4.414594650268555,0.3772616705369243,0.0117894272042788,0.0707365632256733
8,2,32,0.25,0.2532,relu,1,2,12,0.375,74000,16,8000,250.0,7,0.0443299026489256,4.645895263671875,4.601565361022949,0.288367325524336,0.0090114789226355,0.0630803524584485
8,2,32,0.25,0.2605,relu,2,2,12,0.375,83500,16,8000,250.0,7,0.0454025382995606,4.5169072265625,4.47150468826294,0.3651900574244658,0.0114121892945145,0.0798853250616019
8,2,32,0.25,0.2572,relu,3,2,12,0.375,56000,16,8000,250.0,7,0.0481241989135741,4.3516796875,4.303555488586426,0.2046246299411833,0.0063945196856619,0.0447616377996338
8,2,32,0.25,0.2567,relu,4,2,12,0.375,66000,16,8000,250.0,7,0.0462473297119139,4.46176513671875,4.415517807006836,0.2146152234054356,0.0067067257314198,0.046947080119939
8,2,32,0.5,0.5094,identity,0,2,12,0.375,56000,16,8000,250.0,6,0.0541639060974121,4.6666044921875,4.612440586090088,0.2224085424291931,0.0069502669509122,0.0417016017054737
8,2,32,0.5,0.504,identity,1,2,12,0.375,57500,16,8000,250.0,6,0.0528283843994143,4.923515869140625,4.870687484741211,0.3110270851542783,0.0097195964110711,0.0583175784664271
8,2,32,0.5,0.5134,identity,2,2,12,0.375,64500,16,8000,250.0,7,0.0532708663940431,4.800712158203125,4.747441291809082,0.308810528625281,0.00965032901954,0.0675523031367802
8,2,32,0.5,0.5096,identity,3,2,12,0.375,59000,16,8000,250.0,6,0.0554358444213871,4.722959228515625,4.667523384094238,0.1329388995842505,0.0041543406120078,0.0249260436720469
8,2,32,0.5,0.5091,identity,4,2,12,0.375,58000,16,8000,250.0,7,0.0539635620117184,4.857224365234375,4.803260803222656,0.1545763007215214,0.0048305093975475,0.0338135657828328
8,2,32,0.5,0.5094,relu,0,2,12,0.375,61000,16,8000,250.0,6,0.0450479393005371,4.657488525390625,4.612440586090088,0.5414336527840327,0.016919801649501,0.1015188098970061
8,2,32,0.5,0.504,relu,1,2,12,0.375,55500,16,8000,250.0,6,0.0452329254150392,4.91592041015625,4.870687484741211,0.7097682227718677,0.0221802569616208,0.1330815417697252
8,2,32,0.5,0.5134,relu,2,2,12,0.375,65500,16,8000,250.0,7,0.0466790695190431,4.794120361328125,4.747441291809082,0.6093104452159314,0.0190409514129978,0.1332866598909849
8,2,32,0.5,0.5096,relu,3,2,12,0.375,55000,16,8000,250.0,6,0.0480808639526371,4.715604248046875,4.667523384094238,0.5976028484379855,0.018675089013687,0.1120505340821222
8,2,32,0.5,0.5091,relu,4,2,12,0.375,61500,16,8000,250.0,7,0.044492858886719,4.847753662109375,4.803260803222656,0.4379679731532725,0.0136864991610397,0.0958054941272783
8,2,32,0.75,0.7561,identity,0,2,12,0.375,69500,16,8000,250.0,6,0.0452687225341801,4.954770751953125,4.909502029418945,0.2435619203844875,0.0076113100120152,0.0456678600720914
8,2,32,0.75,0.7527,identity,1,2,12,0.375,64500,16,8000,250.0,6,0.0440552673339844,5.221701904296875,5.177646636962891,0.9216234507027764,0.0288007328344617,0.1728043970067705
8,2,32,0.75,0.7595,identity,2,2,12,0.375,70000,16,8000,250.0,7,0.0447828292846681,5.102587890625,5.057805061340332,0.6358793825771014,0.0198712307055344,0.1390986149387409
8,2,32,0.75,0.7573,identity,3,2,12,0.375,49500,16,8000,250.0,6,0.050106845855713,5.16218408203125,5.112077236175537,0.7296981463904683,0.0228030670747021,0.1368184024482128
8,2,32,0.75,0.757,identity,4,2,12,0.375,73500,16,8000,250.0,7,0.0449240913391113,5.310163330078125,5.265239238739014,0.854476370607605,0.0267023865814876,0.1869167060704135
8,2,32,0.75,0.7561,relu,0,2,12,0.375,58000,16,8000,250.0,6,0.0433234100341799,4.952825439453125,4.909502029418945,1.2329286650409408,0.0385290207825294,0.2311741246951764
8,2,32,0.75,0.7527,relu,1,2,12,0.375,60500,16,8000,250.0,6,0.0406492614746092,5.2182958984375,5.177646636962891,1.930850148815325,0.0603390671504789,0.3620344029028734
8,2,32,0.75,0.7595,relu,2,2,12,0.375,73000,16,8000,250.0,6,0.0411468429565431,5.098951904296875,5.057805061340332,1.5307640583222184,0.0478363768225693,0.2870182609354159
8,2,32,0.75,0.7573,relu,3,2,12,0.375,76000,16,8000,250.0,6,0.0390443458557125,5.15112158203125,5.112077236175537,1.4285111095855143,0.0446409721745473,0.2678458330472839
8,2,32,0.75,0.757,relu,4,2,12,0.375,61500,16,8000,250.0,7,0.0401733589172366,5.30541259765625,5.265239238739014,0.9389834063039644,0.0293432314469988,0.2054026201289922
8,2,32,1.0,1.0,identity,0,2,2,0.062,29500,16,8000,250.0,1,0.0237137107849116,5.426895263671875,5.403181552886963,23.301237470073733,0.7281636709398042,0.7281636709398042
8,2,32,1.0,1.0,identity,1,2,2,0.062,37500,16,8000,250.0,1,0.0186766548156738,5.454982177734375,5.436305522918701,29.365585314941608,0.9176745410919253,0.9176745410919253
8,2,32,1.0,1.0,identity,2,2,2,0.062,43500,16,8000,250.0,1,0.0200083885192867,5.42111474609375,5.401106357574463,17.58540158019296,0.54954379938103,0.54954379938103
8,2,32,1.0,1.0,identity,3,2,2,0.062,43000,16,8000,250.0,1,0.019848846435547,5.58490087890625,5.565052032470703,28.874172848889835,0.9023179015278072,0.9023179015278072
8,2,32,1.0,1.0,identity,4,2,2,0.062,55000,16,8000,250.0,1,0.0160252609252928,5.803139404296875,5.787114143371582,24.409280530506877,0.7627900165783398,0.7627900165783398
8,2,32,1.0,1.0,relu,0,2,2,0.062,41000,16,8000,250.0,2,0.0174917869567874,5.42067333984375,5.403181552886963,13.57225867330021,0.4241330835406315,0.8482661670812631
8,2,32,1.0,1.0,relu,1,2,2,0.062,48500,16,8000,250.0,1,0.0140509223937987,5.4503564453125,5.436305522918701,29.066327881107544,0.9083227462846108,0.9083227462846108
8,2,32,1.0,1.0,relu,2,2,2,0.062,44000,16,8000,250.0,2,0.0170166893005374,5.418123046875,5.401106357574463,13.434406403877404,0.4198252001211688,0.8396504002423377
8,2,32,1.0,1.0,relu,3,2,2,0.062,40000,16,8000,250.0,1,0.0165382995605467,5.58159033203125,5.565052032470703,23.314048834062326,0.7285640260644477,0.7285640260644477
8,2,32,1.0,1.0,relu,4,2,2,0.062,50000,16,8000,250.0,2,0.0139222335815425,5.801036376953125,5.787114143371582,12.0810684981929,0.3775333905685281,0.7550667811370563
8,2,64,0.0,0.0,identity,0,0,10,0.156,49000,16,8000,125.0,6,0.0638881645202635,4.3612099609375,4.297321796417236,0.3884903957717927,0.0060701624339342,0.0364209746036055
8,2,64,0.0,0.0,identity,1,0,10,0.156,58000,16,8000,125.0,5,0.0610457267761228,4.335971435546875,4.274925708770752,0.338229331712171,0.0052848333080026,0.0264241665400133
8,2,64,0.0,0.0,identity,2,0,10,0.156,78500,16,8000,125.0,6,0.0555127182006831,4.363649658203125,4.308136940002441,0.1611089163073263,0.0025173268173019,0.0151039609038118
8,2,64,0.0,0.0,identity,3,0,10,0.156,55000,16,8000,125.0,6,0.0625471496582035,4.160550537109375,4.098003387451172,0.2585259874582654,0.0040394685540353,0.0242368113242123
8,2,64,0.0,0.0,identity,4,0,10,0.156,58000,16,8000,125.0,7,0.0629738044738772,4.213020629882813,4.150046825408936,0.3077954183506234,0.0048093034117284,0.0336651238820994
8,2,64,0.0,0.0,relu,0,0,10,0.156,54000,16,8000,125.0,10,0.0443515434265133,4.34167333984375,4.297321796417236,0.2472804891546408,0.0038637576430412,0.0386375764304126
8,2,64,0.0,0.0,relu,1,0,10,0.156,36500,16,8000,125.0,8,0.0499871330261232,4.324912841796875,4.274925708770752,0.24221208053748,0.0037845637583981,0.030276510067185
8,2,64,0.0,0.0,relu,2,0,10,0.156,49000,16,8000,125.0,10,0.0460449447631834,4.354181884765625,4.308136940002441,0.3516364443801397,0.0054943194434396,0.0549431944343968
8,2,64,0.0,0.0,relu,3,0,10,0.156,56000,16,8000,125.0,10,0.0438993225097652,4.141902709960937,4.098003387451172,0.4037498140372332,0.0063085908443317,0.0630859084433177
8,2,64,0.0,0.0,relu,4,0,10,0.156,52000,16,8000,125.0,10,0.045154590606689,4.195201416015625,4.150046825408936,0.3840416802888208,0.0060006512545128,0.0600065125451282
8,2,64,0.25,0.2576,identity,0,2,12,0.188,47500,16,8000,125.0,6,0.0719055938720707,4.486500244140625,4.414594650268555,0.4631408165834456,0.0072365752591163,0.043419451554698
8,2,64,0.25,0.2532,identity,1,2,12,0.188,46000,16,8000,125.0,6,0.0717141799926759,4.673279541015625,4.601565361022949,0.3185705449372586,0.0049776647646446,0.029865988587868
8,2,64,0.25,0.2605,identity,2,2,12,0.188,70000,16,8000,125.0,6,0.0635216789245607,4.5350263671875,4.47150468826294,0.326834671816622,0.0051067917471347,0.0306407504828083
8,2,64,0.25,0.2572,identity,3,2,12,0.188,68000,16,8000,125.0,6,0.0633224411010742,4.3668779296875,4.303555488586426,0.4066037272929068,0.0063531832389516,0.03811909943371
8,2,64,0.25,0.2567,identity,4,2,12,0.188,64000,16,8000,125.0,7,0.0654475250244139,4.48096533203125,4.415517807006836,0.3918784944159446,0.0061231014752491,0.0428617103267439
8,2,64,0.25,0.2576,relu,0,2,12,0.188,39500,16,8000,125.0,8,0.0580940704345707,4.472688720703125,4.414594650268555,0.3700214822134463,0.005781585659585,0.0462526852766807
8,2,64,0.25,0.2532,relu,1,2,12,0.188,58500,16,8000,125.0,7,0.0506919631958009,4.65225732421875,4.601565361022949,0.3259662427432616,0.0050932225428634,0.0356525578000442
8,2,64,0.25,0.2605,relu,2,2,12,0.188,47000,16,8000,125.0,9,0.0569791984558101,4.52848388671875,4.47150468826294,0.3457428240330608,0.0054022316255165,0.0486200846296491
8,2,64,0.25,0.2572,relu,3,2,12,0.188,51000,16,8000,125.0,8,0.0542128219604496,4.357768310546875,4.303555488586426,0.4287176789244597,0.0066987137331946,0.0535897098655574
8,2,64,0.25,0.2567,relu,4,2,12,0.188,45000,16,8000,125.0,9,0.056139907836914,4.47165771484375,4.415517807006836,0.5624314971434268,0.008787992142866,0.0790919292857944
8,2,64,0.5,0.5094,identity,0,2,12,0.188,59000,16,8000,125.0,6,0.0644993553161619,4.67693994140625,4.612440586090088,0.2628855379960668,0.0041075865311885,0.0246455191871312
8,2,64,0.5,0.504,identity,1,2,12,0.188,76000,16,8000,125.0,6,0.0582329254150391,4.92892041015625,4.870687484741211,0.4753034869511092,0.007426616983611,0.0445597019016664
8,2,64,0.5,0.5134,identity,2,2,12,0.188,37500,16,8000,125.0,6,0.0749537277221676,4.82239501953125,4.747441291809082,0.5476605809802919,0.008557196577817,0.0513431794669023
8,2,64,0.5,0.5096,identity,3,2,12,0.188,73000,16,8000,125.0,6,0.0616570358276371,4.729180419921875,4.667523384094238,0.4925345046524386,0.0076958516351943,0.0461751098111661
8,2,64,0.5,0.5091,identity,4,2,12,0.188,58000,16,8000,125.0,7,0.0650858764648436,4.8683466796875,4.803260803222656,0.274775677379254,0.0042933699590508,0.0300535897133559
8,2,64,0.5,0.5094,relu,0,2,12,0.188,62000,16,8000,125.0,7,0.0512449607849117,4.663685546875,4.612440586090088,1.2464993307213892,0.0194765520425217,0.1363358642976519
8,2,64,0.5,0.504,relu,1,2,12,0.188,55500,16,8000,125.0,7,0.0517185211181638,4.922406005859375,4.870687484741211,1.174246161951465,0.0183475962804916,0.1284331739634414
8,2,64,0.5,0.5134,relu,2,2,12,0.188,34000,16,8000,125.0,8,0.0595797042846681,4.80702099609375,4.747441291809082,0.9434433615926182,0.0147413025248846,0.1179304201990772
8,2,64,0.5,0.5096,relu,3,2,12,0.188,46500,16,8000,125.0,8,0.0543132858276367,4.721836669921875,4.667523384094238,0.9053127250397102,0.0141455113287454,0.1131640906299637
8,2,64,0.5,0.5091,relu,4,2,12,0.188,44000,16,8000,125.0,9,0.0542518920898436,4.8575126953125,4.803260803222656,0.5903955107225558,0.0092249298550399,0.0830243686953594
8,2,64,0.75,0.7561,identity,0,2,12,0.188,34000,16,8000,125.0,6,0.0667587127685545,4.9762607421875,4.909502029418945,1.4226946450710576,0.0222296038292352,0.1333776229754116
8,2,64,0.75,0.7527,identity,1,2,12,0.188,37500,16,8000,125.0,6,0.0622183532714846,5.239864990234375,5.177646636962891,1.9905594308246344,0.0311024911066349,0.1866149466398095
8,2,64,0.75,0.7595,identity,2,2,12,0.188,53000,16,8000,125.0,7,0.0585667648315428,5.116371826171875,5.057805061340332,1.5088085863226215,0.0235751341612909,0.1650259391290367
8,2,64,0.75,0.7573,identity,3,2,12,0.188,49500,16,8000,125.0,6,0.0606063575744633,5.17268359375,5.112077236175537,1.0346750945096932,0.0161667983517139,0.0970007901102837
8,2,64,0.75,0.757,identity,4,2,12,0.188,58000,16,8000,125.0,7,0.0569873237609863,5.3222265625,5.265239238739014,1.3615329709322723,0.0212739526708167,0.1489176686957173
8,2,64,0.75,0.7561,relu,0,2,12,0.188,48000,16,8000,125.0,6,0.0490895233154295,4.958591552734375,4.909502029418945,2.6334722823012755,0.0411480044109574,0.2468880264657446
8,2,64,0.75,0.7527,relu,1,2,12,0.188,46000,16,8000,125.0,6,0.047863372802734,5.225510009765625,5.177646636962891,2.9992398059728447,0.0468631219683257,0.2811787318099542
8,2,64,0.75,0.7595,relu,2,2,12,0.188,38000,16,8000,125.0,7,0.0507994308471682,5.1086044921875,5.057805061340332,2.5170352428988267,0.0393286756702941,0.2753007296920591
8,2,64,0.75,0.7573,relu,3,2,12,0.188,45000,16,8000,125.0,7,0.0495377540588375,5.161614990234375,5.112077236175537,1.6721545315478998,0.0261274145554359,0.1828919018880515
8,2,64,0.75,0.757,relu,4,2,12,0.188,56500,16,8000,125.0,9,0.0454101753234859,5.3106494140625,5.265239238739014,1.450198241442373,0.022659347522537,0.2039341277028337
8,2,64,1.0,1.0,identity,0,2,2,0.031,60500,16,8000,125.0,1,0.0242115135192868,5.42739306640625,5.403181552886963,41.07702363498522,0.6418284942966441,0.6418284942966441
8,2,64,1.0,1.0,identity,1,2,2,0.031,44500,16,8000,125.0,1,0.022919818878174,5.459225341796875,5.436305522918701,53.19556606684544,0.83118071979446,0.83118071979446
8,2,64,1.0,1.0,identity,2,2,2,0.031,28500,16,8000,125.0,2,0.0296658592224119,5.430772216796875,5.401106357574463,23.07059297938935,0.3604780153029586,0.7209560306059172
8,2,64,1.0,1.0,identity,3,2,2,0.031,44000,16,8000,125.0,1,0.0248879089355469,5.58993994140625,5.565052032470703,56.98817661480345,0.8904402596063039,0.8904402596063039
8,2,64,1.0,1.0,identity,4,2,2,0.031,34500,16,8000,125.0,2,0.025691520690918,5.8128056640625,5.787114143371582,25.51717273369918,0.3987058239640497,0.7974116479280994
8,2,64,1.0,1.0,relu,0,2,2,0.031,41000,16,8000,125.0,2,0.0190030174255371,5.4221845703125,5.403181552886963,25.98089941670278,0.4059515533859809,0.8119031067719619
8,2,64,1.0,1.0,relu,1,2,2,0.031,49000,16,8000,125.0,1,0.0156397895812991,5.4519453125,5.436305522918701,55.96147728504801,0.8743980825788752,0.8743980825788752
8,2,64,1.0,1.0,relu,2,2,2,0.031,42000,16,8000,125.0,2,0.0198084373474118,5.420914794921875,5.401106357574463,25.949945231764197,0.4054678942463155,0.810935788492631
8,2,64,1.0,1.0,relu,3,2,2,0.031,41000,16,8000,125.0,1,0.0173588562011719,5.582410888671875,5.565052032470703,46.28657479257529,0.7232277311339889,0.7232277311339889
8,2,64,1.0,1.0,relu,4,2,2,0.031,43000,16,8000,125.0,2,0.0160311203002931,5.803145263671875,5.787114143371582,25.39084794369741,0.396731999120272,0.793463998240544
8,2,96,0.0,0.0,identity,0,0,10,0.104,49000,16,8000,83.3,6,0.0723334770202637,4.3696552734375,4.297321796417236,0.3437606009088586,0.0035808395928006,0.0214850375568036
8,2,96,0.0,0.0,identity,1,0,10,0.104,58000,16,8000,83.3,6,0.0685332756042482,4.343458984375,4.274925708770752,0.6097860554223179,0.0063519380773158,0.0381116284638948
8,2,96,0.0,0.0,identity,2,0,10,0.104,52500,16,8000,83.3,6,0.0733508529663087,4.38148779296875,4.308136940002441,0.4252659321103678,0.0044298534594829,0.0265791207568979
8,2,96,0.0,0.0,identity,3,0,10,0.104,64500,16,8000,83.3,6,0.0673371887207032,4.165340576171875,4.098003387451172,0.798951167342457,0.0083224079931505,0.0499344479589035
8,2,96,0.0,0.0,identity,4,0,10,0.104,41500,16,8000,83.3,7,0.0780214118957518,4.228068237304687,4.150046825408936,0.7698714636577441,0.0080194944131015,0.0561364608917105
8,2,96,0.0,0.0,relu,0,0,10,0.104,46000,16,8000,83.3,11,0.0472040824890136,4.34452587890625,4.297321796417236,0.2284292619324213,0.0023794714784627,0.0261741862630899
8,2,96,0.0,0.0,relu,1,0,10,0.104,36500,16,8000,83.3,8,0.0523946037292484,4.3273203125,4.274925708770752,0.374482356031129,0.0039008578753242,0.031206863002594
8,2,96,0.0,0.0,relu,2,0,10,0.104,50500,16,8000,83.3,10,0.0482981185913082,4.35643505859375,4.308136940002441,0.3470860700323908,0.0036154798961707,0.0361547989617073
8,2,96,0.0,0.0,relu,3,0,10,0.104,34000,16,8000,83.3,9,0.0521816711425779,4.15018505859375,4.098003387451172,0.5674207374260557,0.0059106326815214,0.0531956941336927
8,2,96,0.0,0.0,relu,4,0,10,0.104,49500,16,8000,83.3,11,0.0502539558410646,4.20030078125,4.150046825408936,0.7045207900472632,0.0073387582296589,0.0807263405262489
8,2,96,0.25,0.2576,identity,0,2,12,0.125,59000,16,8000,83.3,6,0.0760645294189457,4.4906591796875,4.414594650268555,0.4592049052539376,0.0047833844297285,0.0287003065783711
8,2,96,0.25,0.2532,identity,1,2,12,0.125,41500,16,8000,83.3,6,0.0803792190551755,4.681944580078125,4.601565361022949,0.4300417151418414,0.0044796011993941,0.026877607196365
8,2,96,0.25,0.2605,identity,2,2,12,0.125,70000,16,8000,83.3,6,0.0743314933776853,4.545836181640625,4.47150468826294,0.2129807601719418,0.0022185495851243,0.0133112975107463
8,2,96,0.25,0.2572,identity,3,2,12,0.125,73000,16,8000,83.3,6,0.0720861129760743,4.3756416015625,4.303555488586426,0.4096509555560969,0.0042671974537093,0.025603184722256
8,2,96,0.25,0.2567,identity,4,2,12,0.125,52500,16,8000,83.3,7,0.0779685211181639,4.493486328125,4.415517807006836,0.4445999069277008,0.0046312490304968,0.0324187432134781
8,2,96,0.25,0.2576,relu,0,2,12,0.125,59500,16,8000,83.3,7,0.0572117462158203,4.471806396484375,4.414594650268555,0.502728281582394,0.0052367529331499,0.0366572705320495
8,2,96,0.25,0.2532,relu,1,2,12,0.125,58500,16,8000,83.3,8,0.0554343948364257,4.656999755859375,4.601565361022949,0.5873968837123199,0.0061187175386699,0.0489497403093599
8,2,96,0.25,0.2605,relu,2,2,12,0.125,47000,16,8000,83.3,9,0.0614020500183105,4.53290673828125,4.47150468826294,0.4210963287463842,0.0043864200911081,0.0394777808199735
8,2,96,0.25,0.2572,relu,3,2,12,0.125,43500,16,8000,83.3,8,0.0627738571166993,4.366329345703125,4.303555488586426,0.5274889319516591,0.0054946763744964,0.0439574109959715
8,2,96,0.25,0.2567,relu,4,2,12,0.125,40000,16,8000,83.3,10,0.0612900543212893,4.476807861328125,4.415517807006836,0.4678609571220098,0.0048735516366876,0.048735516366876
8,2,96,0.5,0.5094,identity,0,2,12,0.125,59500,16,8000,83.3,7,0.0725411033630374,4.684981689453125,4.612440586090088,0.5580105359899726,0.0058126097498955,0.0406882682492688
8,2,96,0.5,0.504,identity,1,2,12,0.125,74500,16,8000,83.3,6,0.0662006988525387,4.93688818359375,4.870687484741211,0.8315362293216608,0.0086618357221006,0.0519710143326037
8,2,96,0.5,0.5134,identity,2,2,12,0.125,38000,16,8000,83.3,7,0.0853467941284176,4.8327880859375,4.747441291809082,0.6189094833305954,0.0064469737846937,0.0451288164928559
8,2,96,0.5,0.5096,identity,3,2,12,0.125,77500,16,8000,83.3,6,0.0697856979370117,4.73730908203125,4.667523384094238,0.3985329612215215,0.0041513850127241,0.024908310076345
8,2,96,0.5,0.5091,identity,4,2,12,0.125,63000,16,8000,83.3,7,0.0735844116210939,4.87684521484375,4.803260803222656,0.4651304147168436,0.0048451084866337,0.0339157594064365
8,2,96,0.5,0.5094,relu,0,2,12,0.125,49500,16,8000,83.3,8,0.0587268943786618,4.67116748046875,4.612440586090088,1.589881986684894,0.0165612706946343,0.1324901655570745
8,2,96,0.5,0.504,relu,1,2,12,0.125,36000,16,8000,83.3,7,0.0593261871337889,4.930013671875,4.870687484741211,1.4554404175194282,0.015160837682494,0.1061258637774583
8,2,96,0.5,0.5134,relu,2,2,12,0.125,49000,16,8000,83.3,9,0.0595035324096677,4.80694482421875,4.747441291809082,1.1397465596598892,0.0118723599964571,0.1068512399681146
8,2,96,0.5,0.5096,relu,3,2,12,0.125,43000,16,8000,83.3,8,0.0596499557495118,4.72717333984375,4.667523384094238,0.9757105118544396,0.0101636511651504,0.0813092093212033
8,2,96,0.5,0.5091,relu,4,2,12,0.125,56000,16,8000,83.3,9,0.0549420776367188,4.858202880859375,4.803260803222656,0.878121061312107,0.0091470943886677,0.08232384949801
8,2,96,0.75,0.7561,identity,0,2,12,0.125,51500,16,8000,83.3,7,0.0647574920654294,4.974259521484375,4.909502029418945,0.7901843159460679,0.0082310866244382,0.0576176063710674
8,2,96,0.75,0.7527,identity,1,2,12,0.125,59500,16,8000,83.3,6,0.0611617126464842,5.238808349609375,5.177646636962891,2.753756875136987,0.0286849674493436,0.1721098046960617
8,2,96,0.75,0.7595,identity,2,2,12,0.125,53000,16,8000,83.3,7,0.0662105636596681,5.124015625,5.057805061340332,2.425474685704506,0.0252653613094219,0.1768575291659535
8,2,96,0.75,0.7573,identity,3,2,12,0.125,49500,16,8000,83.3,6,0.0682821388244629,5.180359375,5.112077236175537,1.880097987294684,0.0195843540343196,0.1175061242059177
8,2,96,0.75,0.757,identity,4,2,12,0.125,41000,16,8000,83.3,7,0.0722231636047361,5.33746240234375,5.265239238739014,1.5573062089829437,0.0162219396769056,0.1135535777383396
8,2,96,0.75,0.7561,relu,0,2,12,0.125,52000,16,8000,83.3,7,0.0519984588623048,4.96150048828125,4.909502029418945,4.154695457236334,0.0432780776795451,0.302946543756816
8,2,96,0.75,0.7527,relu,1,2,12,0.125,42500,16,8000,83.3,6,0.0499236755371095,5.2275703125,5.177646636962891,4.306644163760082,0.0448608767058341,0.2691652602350051
8,2,96,0.75,0.7595,relu,2,2,12,0.125,50000,16,8000,83.3,7,0.0541151046752927,5.111920166015625,5.057805061340332,4.005862162781457,0.0417277308623068,0.2920941160361479
8,2,96,0.75,0.7573,relu,3,2,12,0.125,42500,16,8000,83.3,8,0.0540858497619627,5.1661630859375,5.112077236175537,3.2219609209672093,0.0335620929267417,0.2684967434139341
8,2,96,0.75,0.757,relu,4,2,12,0.125,48000,16,8000,83.3,8,0.051017597198486,5.3162568359375,5.265239238739014,2.590023662189081,0.0269794131478029,0.2158353051824234
8,2,96,1.0,1.0,identity,0,2,2,0.021,29500,16,8000,83.3,1,0.0361526756286618,5.439334228515625,5.403181552886963,69.92601076641313,0.7283959454834701,0.7283959454834701
8,2,96,1.0,1.0,identity,1,2,2,0.021,39500,16,8000,83.3,1,0.0309276313781738,5.467233154296875,5.436305522918701,88.63895378287225,0.9233224352382526,0.9233224352382526
8,2,96,1.0,1.0,identity,2,2,2,0.021,44500,16,8000,83.3,1,0.0321831932067873,5.43328955078125,5.401106357574463,70.5144274897289,0.7345252863513427,0.7345252863513427
8,2,96,1.0,1.0,identity,3,2,2,0.021,55000,16,8000,83.3,1,0.028781463623047,5.59383349609375,5.565052032470703,86.5676306354689,0.9017461524528012,0.9017461524528012
8,2,96,1.0,1.0,identity,4,2,2,0.021,31500,16,8000,83.3,2,0.0329595870971681,5.82007373046875,5.787114143371582,36.10773633860976,0.3761222535271849,0.7522445070543698
8,2,96,1.0,1.0,relu,0,2,2,0.021,32000,16,8000,83.3,2,0.0228780174255369,5.4260595703125,5.403181552886963,37.4121049103936,0.3897094261499332,0.7794188522998665
8,2,96,1.0,1.0,relu,1,2,2,0.021,49500,16,8000,83.3,1,0.0163512153625484,5.45265673828125,5.436305522918701,84.34336878653855,0.8785767581931099,0.8785767581931099
8,2,96,1.0,1.0,relu,2,2,2,0.021,46500,16,8000,83.3,2,0.0200633201599123,5.421169677734375,5.401106357574463,39.91082693301984,0.4157377805522899,0.8314755611045799
8,2,96,1.0,1.0,relu,3,2,2,0.021,52500,16,8000,83.3,1,0.0171725769042971,5.582224609375,5.565052032470703,71.55247512493375,0.7453382825513932,0.7453382825513932
8,2,96,1.0,1.0,relu,4,2,2,0.021,44000,16,8000,83.3,2,0.0166805343627931,5.803794677734375,5.787114143371582,38.04355008261074,0.3962869800271952,0.7925739600543905
8,4,16,0.0,0.0,identity,0,0,12,0.75,59000,16,8000,500.0,6,0.0535545654296871,4.057323486328125,4.0037689208984375,0.0282900078525144,0.0017681254907821,0.0106087529446929
8,4,16,0.0,0.0,identity,1,0,12,0.75,67000,16,8000,500.0,5,0.0517258720397952,4.16514111328125,4.113415241241455,0.0881156874128981,0.0055072304633061,0.0275361523165306
8,4,16,0.0,0.0,identity,2,0,12,0.75,94000,16,8000,500.0,6,0.0457029800415043,4.17828564453125,4.132582664489746,0.0474025157946219,0.0029626572371638,0.0177759434229832
8,4,16,0.0,0.0,identity,3,0,12,0.75,80500,16,8000,500.0,6,0.0486518745422364,4.243120849609375,4.194468975067139,0.0327346483528298,0.0020459155220518,0.0122754931323111
8,4,16,0.0,0.0,identity,4,0,12,0.75,80500,16,8000,500.0,6,0.0495653381347658,4.198578857421875,4.149013519287109,0.0248471684887416,0.0015529480305463,0.0093176881832781
8,4,16,0.0,0.0,relu,0,0,12,0.75,98000,16,8000,500.0,6,0.0529752197265622,4.056744140625,4.0037689208984375,0.1101466193203503,0.0068841637075218,0.0413049822451313
8,4,16,0.0,0.0,relu,1,0,12,0.75,65500,16,8000,500.0,6,0.0574278984069822,4.170843139648437,4.113415241241455,0.2227128936602018,0.0139195558537626,0.0835173351225756
8,4,16,0.0,0.0,relu,2,0,12,0.75,78000,16,8000,500.0,7,0.0534681167602535,4.18605078125,4.132582664489746,0.1393038845108631,0.0087064927819289,0.0609454494735026
8,4,16,0.0,0.0,relu,3,0,12,0.75,100000,16,8000,500.0,7,0.0499956245422366,4.244464599609375,4.194468975067139,0.1553020157569569,0.0097063759848098,0.0679446318936686
8,4,16,0.0,0.0,relu,4,0,12,0.75,93000,16,8000,500.0,7,0.053442047119141,4.20245556640625,4.149013519287109,0.1078054908561499,0.0067378431785093,0.0471649022495656
8,4,16,0.25,0.2582,identity,0,4,16,1.0,83500,16,8000,500.0,6,0.0566362380981448,4.21036376953125,4.1537275314331055,0.0461375406700067,0.0028835962918754,0.0173015777512525
8,4,16,0.25,0.2529,identity,1,4,16,1.0,103000,16,8000,500.0,5,0.0519532775878905,4.35837646484375,4.306423187255859,0.0486957986541057,0.0030434874158816,0.015217437079408
8,4,16,0.25,0.2608,identity,2,4,16,1.0,69500,16,8000,500.0,6,0.0639818801879883,4.409306396484375,4.345324516296387,0.0318228094248496,0.0019889255890531,0.0119335535343186
8,4,16,0.25,0.2565,identity,3,4,16,1.0,95500,16,8000,500.0,6,0.0575005035400391,4.352901123046875,4.295400619506836,0.0385132808461674,0.0024070800528854,0.0144424803173127
8,4,16,0.25,0.2554,identity,4,4,16,1.0,108500,16,8000,500.0,6,0.0555041923522949,4.358586181640625,4.30308198928833,0.015853047950181,0.0009908154968863,0.0059448929813178
8,4,16,0.25,0.2582,relu,0,4,16,1.0,107000,16,8000,500.0,4,0.0820393142700197,4.235766845703125,4.1537275314331055,0.3449529517376955,0.0215595594836059,0.0862382379344238
8,4,16,0.25,0.2529,relu,1,4,16,1.0,108500,16,8000,500.0,5,0.0685255432128908,4.37494873046875,4.306423187255859,0.2638129823078671,0.0164883113942416,0.0824415569712084
8,4,16,0.25,0.2608,relu,2,4,16,1.0,79000,16,8000,500.0,6,0.0918563919067381,4.437180908203125,4.345324516296387,0.3519183614042734,0.021994897587767,0.1319693855266025
8,4,16,0.25,0.2565,relu,3,4,16,1.0,99000,16,8000,500.0,5,0.0802729644775386,4.375673583984375,4.295400619506836,0.3795570440536465,0.0237223152533529,0.1186115762667645
8,4,16,0.25,0.2554,relu,4,4,16,1.0,126500,16,8000,500.0,6,0.0746499443054196,4.37773193359375,4.30308198928833,0.3131486535991173,0.0195717908499448,0.117430745099669
8,4,16,0.5,0.5109,identity,0,4,16,1.0,77000,16,8000,500.0,6,0.0554551849365232,4.419798828125,4.364343643188477,0.036003361164971,0.0022502100728106,0.0135012604368641
8,4,16,0.5,0.5036,identity,1,4,16,1.0,103000,16,8000,500.0,5,0.0484994316101072,4.59030517578125,4.541805744171143,0.0437944649319291,0.0027371540582455,0.0136857702912278
8,4,16,0.5,0.5138,identity,2,4,16,1.0,69500,16,8000,500.0,6,0.0575583000183108,4.656046630859375,4.5984883308410645,0.0328124527501761,0.002050778296886,0.012304669781316
8,4,16,0.5,0.5081,identity,3,4,16,1.0,96000,16,8000,500.0,6,0.0529704284667964,4.58488037109375,4.531909942626953,0.035160480347245,0.0021975300217028,0.0131851801302168
8,4,16,0.5,0.5059,identity,4,4,16,1.0,83500,16,8000,500.0,6,0.0529174537658692,4.60721728515625,4.554299831390381,0.0368952086834593,0.0023059505427162,0.0138357032562972
8,4,16,0.5,0.5109,relu,0,4,16,1.0,111000,16,8000,500.0,5,0.0792166595458985,4.443560302734375,4.364343643188477,0.438636800112945,0.027414800007059,0.1370740000352953
8,4,16,0.5,0.5036,relu,1,4,16,1.0,117000,16,8000,500.0,4,0.0733060722351073,4.61511181640625,4.541805744171143,0.447157854151023,0.0279473658844389,0.1117894635377557
8,4,16,0.5,0.5138,relu,2,4,16,1.0,112500,16,8000,500.0,5,0.0904242668151855,4.68891259765625,4.5984883308410645,0.4263832585626803,0.0266489536601675,0.1332447683008376
8,4,16,0.5,0.5081,relu,3,4,16,1.0,105000,16,8000,500.0,5,0.0857433776855467,4.6176533203125,4.531909942626953,0.675453206171224,0.0422158253857015,0.2110791269285075
8,4,16,0.5,0.5059,relu,4,4,16,1.0,134000,16,8000,500.0,5,0.076938705444336,4.631239013671875,4.554300308227539,0.6734222943978794,0.0420888933998674,0.2104444669993373
8,4,16,0.75,0.7582,identity,0,4,16,1.0,85000,16,8000,500.0,6,0.0476278038024906,4.724349853515625,4.676722049713135,0.0540187815105623,0.0033761738444101,0.0202570430664608
8,4,16,0.75,0.7523,identity,1,4,16,1.0,78500,16,8000,500.0,5,0.0454244918823238,4.85239794921875,4.806973457336426,0.082232211980848,0.005139513248803,0.025697566244015
8,4,16,0.75,0.7598,identity,2,4,16,1.0,71500,16,8000,500.0,6,0.0498360710144041,4.951280029296875,4.901443958282471,0.0644023989631485,0.0040251499351967,0.0241508996111807
8,4,16,0.75,0.7553,identity,3,4,16,1.0,87500,16,8000,500.0,6,0.0511306915283205,4.89062158203125,4.83949089050293,0.0563768203342927,0.0035235512708932,0.0211413076253597
8,4,16,0.75,0.7529,identity,4,4,16,1.0,103500,16,8000,500.0,7,0.0436348991394046,4.939524658203125,4.895889759063721,0.0556044040349894,0.0034752752521868,0.0243269267653078
8,4,16,0.75,0.7582,relu,0,4,16,1.0,109000,16,8000,500.0,4,0.0730245323181151,4.74974658203125,4.676722049713135,0.6030696537046266,0.0376918533565391,0.1507674134261566
8,4,16,0.75,0.7523,relu,1,4,16,1.0,134500,16,8000,500.0,4,0.0633864059448239,4.87035986328125,4.806973457336426,1.3071743298731953,0.0816983956170747,0.3267935824682988
8,4,16,0.75,0.7598,relu,2,4,16,1.0,100000,16,8000,500.0,4,0.0786805534362793,4.98012451171875,4.901443958282471,0.9789415398004616,0.0611838462375288,0.2447353849501154
8,4,16,0.75,0.7553,relu,3,4,16,1.0,112500,16,8000,500.0,4,0.076414627075195,4.915905517578125,4.83949089050293,1.1942882239620798,0.0746430139976299,0.2985720559905199
8,4,16,0.75,0.7529,relu,4,4,16,1.0,113500,16,8000,500.0,4,0.0780223503112793,4.973912109375,4.895889759063721,1.089987823708216,0.0681242389817635,0.272496955927054
8,4,16,1.0,1.0,identity,0,4,4,0.25,69000,16,8000,500.0,2,0.027253448486328,5.121747314453125,5.094493865966797,1.8234099792106064,0.1139631237006628,0.2279262474013257
8,4,16,1.0,1.0,identity,1,4,4,0.25,67000,16,8000,500.0,2,0.0224484062194827,5.099410400390625,5.076961994171143,5.508394149651163,0.3442746343531976,0.6885492687063953
8,4,16,1.0,1.0,identity,2,4,4,0.25,64000,16,8000,500.0,2,0.02501110458374,5.298962158203125,5.273951053619385,3.382553098279921,0.211409568642495,0.4228191372849901
8,4,16,1.0,1.0,identity,3,4,4,0.25,68000,16,8000,500.0,2,0.0247217292785641,5.24563037109375,5.2209086418151855,1.9994928536047785,0.1249683033502986,0.2499366067005972
8,4,16,1.0,1.0,identity,4,4,4,0.25,51500,16,8000,500.0,2,0.0289462165832521,5.3770673828125,5.348121166229248,1.874386905113584,0.117149181569599,0.234298363139198
8,4,16,1.0,1.0,relu,0,4,4,0.25,55500,16,8000,500.0,2,0.0281665344238284,5.122660400390625,5.094493865966797,2.96414445965814,0.1852590287286337,0.3705180574572674
8,4,16,1.0,1.0,relu,1,4,4,0.25,57000,16,8000,500.0,2,0.0236534843444822,5.100615478515625,5.076961994171143,6.697748800971693,0.4186093000607308,0.8372186001214617
8,4,16,1.0,1.0,relu,2,4,4,0.25,76500,16,8000,500.0,1,0.0230823936462405,5.297033447265625,5.273951053619385,8.008225096497647,0.5005140685311029,0.5005140685311029
8,4,16,1.0,1.0,relu,3,4,4,0.25,63000,16,8000,500.0,2,0.0244175300598143,5.245326171875,5.2209086418151855,5.437383062335687,0.3398364413959804,0.6796728827919609
8,4,16,1.0,1.0,relu,4,4,4,0.25,40000,16,8000,500.0,2,0.030223316192627,5.378344482421875,5.348121166229248,4.832631145514171,0.3020394465946356,0.6040788931892713
8,4,32,0.0,0.0,identity,0,0,12,0.375,43500,16,8000,250.0,6,0.0677315673828129,4.07150048828125,4.0037689208984375,0.1338458421428223,0.0041826825669631,0.0250960954017791
8,4,32,0.0,0.0,identity,1,0,12,0.375,40500,16,8000,250.0,5,0.0682035331726078,4.181618774414063,4.113415241241455,0.1137950164617135,0.0035560942644285,0.0177804713221427
8,4,32,0.0,0.0,identity,2,0,12,0.375,70000,16,8000,250.0,6,0.0583777847290036,4.19096044921875,4.132582664489746,0.1257955270294797,0.0039311102196712,0.0235866613180274
8,4,32,0.0,0.0,identity,3,0,12,0.375,34500,16,8000,250.0,6,0.0744514350891112,4.26892041015625,4.194468975067139,0.0906773955215512,0.0028336686100484,0.0170020116602908
8,4,32,0.0,0.0,identity,4,0,12,0.375,74000,16,8000,250.0,7,0.0598216857910154,4.208835205078125,4.149013519287109,0.0670334806261418,0.0020947962695669,0.0146635738869685
8,4,32,0.0,0.0,relu,0,0,12,0.375,77000,16,8000,250.0,8,0.0509796142578125,4.05474853515625,4.0037689208984375,0.1779702955075267,0.0055615717346102,0.0444925738768816
8,4,32,0.0,0.0,relu,1,0,12,0.375,64500,16,8000,250.0,7,0.052042766571045,4.1654580078125,4.113415241241455,0.1619807528281665,0.0050618985258802,0.0354332896811614
8,4,32,0.0,0.0,relu,2,0,12,0.375,71500,16,8000,250.0,8,0.0496753921508785,4.182258056640625,4.132582664489746,0.1246246963404559,0.0038945217606392,0.0311561740851139
8,4,32,0.0,0.0,relu,3,0,12,0.375,74500,16,8000,250.0,7,0.0486858100891112,4.24315478515625,4.194468975067139,0.0945154235456303,0.0029536069858009,0.0206752489006066
8,4,32,0.0,0.0,relu,4,0,12,0.375,67000,16,8000,250.0,8,0.0507577209472653,4.199771240234375,4.149013519287109,0.1457738713155395,0.0045554334786106,0.0364434678288848
8,4,32,0.25,0.2582,identity,0,4,16,0.5,70000,16,8000,250.0,6,0.0681943435668941,4.221921875,4.1537275314331055,0.0944749221465622,0.00295234131708,0.0177140479024804
8,4,32,0.25,0.2529,identity,1,4,16,0.5,60000,16,8000,250.0,6,0.0685785217285159,4.375001708984375,4.306423187255859,0.1296591491653311,0.0040518484114165,0.0243110904684995
8,4,32,0.25,0.2608,identity,2,4,16,0.5,68500,16,8000,250.0,6,0.0686417922973632,4.41396630859375,4.345324516296387,0.0651628423472776,0.0020363388233524,0.0122180329401145
8,4,32,0.25,0.2565,identity,3,4,16,0.5,63500,16,8000,250.0,6,0.0694345855712894,4.364835205078125,4.295400619506836,0.0764003251651526,0.002387510161411,0.0143250609684661
8,4,32,0.25,0.2554,identity,4,4,16,0.5,60000,16,8000,250.0,7,0.0714853935241697,4.3745673828125,4.30308198928833,0.10090970262238,0.0031534282069493,0.0220739974486456
8,4,32,0.25,0.2582,relu,0,4,16,0.5,67500,16,8000,250.0,6,0.0687047195434571,4.222432250976563,4.1537275314331055,0.1805650710359093,0.0056426584698721,0.033855950819233
8,4,32,0.25,0.2529,relu,1,4,16,0.5,78000,16,8000,250.0,6,0.0627687072753904,4.36919189453125,4.306423187255859,0.1336220168154155,0.0041756880254817,0.0250541281528904
8,4,32,0.25,0.2608,relu,2,4,16,0.5,84000,16,8000,250.0,7,0.0628517532348631,4.40817626953125,4.345324516296387,0.1338105811181239,0.0041815806599413,0.0292710646195896
8,4,32,0.25,0.2565,relu,3,4,16,0.5,66500,16,8000,250.0,7,0.0674030914306644,4.3628037109375,4.295400619506836,0.2033652065433893,0.0063551627044809,0.0444861389313664
8,4,32,0.25,0.2554,relu,4,4,16,0.5,77500,16,8000,250.0,7,0.0678984794616699,4.37098046875,4.30308198928833,0.1998315387846546,0.0062447355870204,0.0437131491091432
8,4,32,0.5,0.5109,identity,0,4,16,0.5,65000,16,8000,250.0,6,0.0687354583740234,4.4330791015625,4.364343643188477,0.0973448247832101,0.0030420257744753,0.0182521546468519
8,4,32,0.5,0.5036,identity,1,4,16,0.5,81000,16,8000,250.0,6,0.0607616386413578,4.6025673828125,4.541805744171143,0.1181547628174796,0.0036923363380462,0.0221540180282774
8,4,32,0.5,0.5138,identity,2,4,16,0.5,71500,16,8000,250.0,6,0.0649232902526852,4.66341162109375,4.5984883308410645,0.0593486155630484,0.0018546442363452,0.0111278654180715
8,4,32,0.5,0.5081,identity,3,4,16,0.5,70000,16,8000,250.0,6,0.0660978698730465,4.5980078125,4.531909942626953,0.0766386864785468,0.0023949589524545,0.0143697537147275
8,4,32,0.5,0.5059,identity,4,4,16,0.5,70500,16,8000,250.0,7,0.0661647682189938,4.620464599609375,4.554299831390381,0.09331046935786,0.0029159521674331,0.0204116651720318
8,4,32,0.5,0.5109,relu,0,4,16,0.5,62000,16,8000,250.0,6,0.0685040130615233,4.43284765625,4.364343643188477,0.3154668810112191,0.0098583400316005,0.0591500401896036
8,4,32,0.5,0.5036,relu,1,4,16,0.5,61500,16,8000,250.0,6,0.064550457000732,4.606356201171875,4.541805744171143,0.4106168076254191,0.0128317752382943,0.076990651429766
8,4,32,0.5,0.5138,relu,2,4,16,0.5,70000,16,8000,250.0,7,0.0660541496276856,4.66454248046875,4.5984883308410645,0.3711755026072089,0.0115992344564752,0.0811946411953269
8,4,32,0.5,0.5081,relu,3,4,16,0.5,64000,16,8000,250.0,6,0.0675397644042972,4.59944970703125,4.531909942626953,0.3051949241911112,0.0095373413809722,0.0572240482858333
8,4,32,0.5,0.5059,relu,4,4,16,0.5,68000,16,8000,250.0,7,0.0668220062255855,4.621122314453125,4.554300308227539,0.5581450362967659,0.0174420323842739,0.1220942266899175
8,4,32,0.75,0.7582,identity,0,4,16,0.5,73000,16,8000,250.0,6,0.0592728233337398,4.735994873046875,4.676722049713135,0.1237533605498378,0.0038672925171824,0.0232037551030945
8,4,32,0.75,0.7523,identity,1,4,16,0.5,65000,16,8000,250.0,5,0.0561351852416995,4.863108642578125,4.806973457336426,0.3377647056635818,0.0105551470519869,0.0527757352599346
8,4,32,0.75,0.7598,identity,2,4,16,0.5,59500,16,8000,250.0,6,0.0616275749206547,4.963071533203125,4.901443958282471,0.2079971658103108,0.0064999114315722,0.0389994685894332
8,4,32,0.75,0.7553,identity,3,4,16,0.5,75500,16,8000,250.0,7,0.0585171661376957,4.898008056640625,4.83949089050293,0.318928916038642,0.0099665286262075,0.0697657003834529
8,4,32,0.75,0.7529,identity,4,4,16,0.5,57000,16,8000,250.0,7,0.0624793815612791,4.958369140625,4.895889759063721,0.2573696913871051,0.008042802855847,0.0562996199909292
8,4,32,0.75,0.7582,relu,0,4,16,0.5,62000,16,8000,250.0,6,0.0636265830993654,4.7403486328125,4.676722049713135,0.6350334160634941,0.0198447942519841,0.1190687655119051
8,4,32,0.75,0.7523,relu,1,4,16,0.5,72000,16,8000,250.0,6,0.0575922164916988,4.864565673828125,4.806973457336426,1.2097452903410344,0.0378045403231573,0.2268272419389439
8,4,32,0.75,0.7598,relu,2,4,16,0.5,68000,16,8000,250.0,6,0.0621490592956543,4.963593017578125,4.901443958282471,0.8453101010766333,0.0264159406586447,0.1584956439518687
8,4,32,0.75,0.7553,relu,3,4,16,0.5,62500,16,8000,250.0,6,0.0649324493408203,4.90442333984375,4.83949089050293,1.0418362793213185,0.0325573837287912,0.1953443023727472
8,4,32,0.75,0.7529,relu,4,4,16,0.5,75500,16,8000,250.0,7,0.0604542350769046,4.956343994140625,4.895889759063721,0.8506563738081925,0.026583011681506,0.1860810817705421
8,4,32,1.0,1.0,identity,0,4,4,0.125,52500,16,8000,250.0,2,0.0338117980957033,5.1283056640625,5.094493865966797,3.053420253705647,0.0954193829283014,0.1908387658566029
8,4,32,1.0,1.0,identity,1,4,4,0.125,50500,16,8000,250.0,2,0.0288031425476074,5.10576513671875,5.076961994171143,8.5718707124692,0.2678709597646625,0.535741919529325
8,4,32,1.0,1.0,identity,2,4,4,0.125,45000,16,8000,250.0,2,0.0324193077087402,5.306370361328125,5.273951053619385,4.925703615648976,0.1539282379890305,0.307856475978061
8,4,32,1.0,1.0,identity,3,4,4,0.125,73000,16,8000,250.0,2,0.0274902839660642,5.24839892578125,5.2209086418151855,5.845285666529067,0.1826651770790333,0.3653303541580667
8,4,32,1.0,1.0,identity,4,4,4,0.125,37000,16,8000,250.0,2,0.0359149665832516,5.3840361328125,5.348121166229248,6.865382545218012,0.2145432045380629,0.4290864090761258
8,4,32,1.0,1.0,relu,0,4,4,0.125,55500,16,8000,250.0,3,0.0298362121582034,5.124330078125,5.094493865966797,4.947033022044892,0.1545947819389028,0.4637843458167086
8,4,32,1.0,1.0,relu,1,4,4,0.125,51500,16,8000,250.0,2,0.0265807304382326,5.103542724609375,5.076961994171143,12.20504135830898,0.3814075424471556,0.7628150848943113
8,4,32,1.0,1.0,relu,2,4,4,0.125,59000,16,8000,250.0,2,0.026816036224365,5.30076708984375,5.273951053619385,9.047416471960178,0.2827317647487555,0.5654635294975111
8,4,32,1.0,1.0,relu,3,4,4,0.125,48500,16,8000,250.0,4,0.0290964851379396,5.250005126953125,5.2209086418151855,5.418043009594824,0.1693138440498382,0.677255376199353
8,4,32,1.0,1.0,relu,4,4,4,0.125,54000,16,8000,250.0,3,0.0275590095520019,5.37568017578125,5.348121166229248,6.533402091784198,0.2041688153682561,0.6125064461047686
8,4,64,0.0,0.0,identity,0,0,12,0.188,52500,16,8000,125.0,6,0.0766945800781249,4.080463500976562,4.0037689208984375,0.2894698517282044,0.0045229664332531,0.0271377985995191
8,4,64,0.0,0.0,identity,1,0,12,0.188,52000,16,8000,125.0,5,0.0744679374694827,4.187883178710938,4.113415241241455,0.3863491049801144,0.0060367047653142,0.0301835238265714
8,4,64,0.0,0.0,identity,2,0,12,0.188,67000,16,8000,125.0,6,0.0698421401977542,4.2024248046875,4.132582664489746,0.278336786714203,0.0043490122924094,0.0260940737544565
8,4,64,0.0,0.0,identity,3,0,12,0.188,73500,16,8000,125.0,6,0.0698974800109866,4.264366455078125,4.194468975067139,0.172990300110525,0.0027029734392269,0.0162178406353617
8,4,64,0.0,0.0,identity,4,0,12,0.188,39000,16,8000,125.0,7,0.0844789123535152,4.233492431640625,4.149013519287109,0.1485843941425181,0.0023216311584768,0.0162514181093379
8,4,64,0.0,0.0,relu,0,0,12,0.188,45500,16,8000,125.0,8,0.0608133544921871,4.064582275390625,4.0037689208984375,0.2128991506408295,0.0033265492287629,0.0266123938301036
8,4,64,0.0,0.0,relu,1,0,12,0.188,51500,16,8000,125.0,8,0.0592277030944821,4.172642944335937,4.113415241241455,0.1897405168168105,0.0029646955752626,0.0237175646021013
8,4,64,0.0,0.0,relu,2,0,12,0.188,50500,16,8000,125.0,9,0.0611155776977536,4.1936982421875,4.132582664489746,0.2342760057104691,0.003660562589226,0.0329450633030347
8,4,64,0.0,0.0,relu,3,0,12,0.188,45500,16,8000,125.0,9,0.059653827667236,4.254122802734375,4.194468975067139,0.2021930797030388,0.0031592668703599,0.0284334018332398
8,4,64,0.0,0.0,relu,4,0,12,0.188,46500,16,8000,125.0,10,0.0599635314941409,4.20897705078125,4.149013519287109,0.1113000081680542,0.0017390626276258,0.0173906262762584
8,4,64,0.25,0.2582,identity,0,4,16,0.25,64500,16,8000,125.0,6,0.0825954666137693,4.236322998046875,4.1537275314331055,0.2401238007410336,0.0037519343865786,0.0225116063194719
8,4,64,0.25,0.2529,identity,1,4,16,0.25,68500,16,8000,125.0,6,0.0800003967285158,4.386423583984375,4.306423187255859,0.1493273954894412,0.0023332405545225,0.0139994433271351
8,4,64,0.25,0.2608,identity,2,4,16,0.25,56000,16,8000,125.0,6,0.0866447219848636,4.43196923828125,4.345324516296387,0.1433276981089858,0.0022394952829529,0.0134369716977174
8,4,64,0.25,0.2565,identity,3,4,16,0.25,58500,16,8000,125.0,7,0.0855810699462891,4.380981689453125,4.295400619506836,0.1630022524974041,0.0025469101952719,0.0178283713669035
8,4,64,0.25,0.2554,identity,4,4,16,0.25,57500,16,8000,125.0,6,0.0865420341491702,4.3896240234375,4.30308198928833,0.1628766594319785,0.0025449478036246,0.0152696868217479
8,4,64,0.25,0.2582,relu,0,4,16,0.25,58500,16,8000,125.0,8,0.0780512771606449,4.23177880859375,4.1537275314331055,0.2978643674075543,0.004654130740743,0.0372330459259442
8,4,64,0.25,0.2529,relu,1,4,16,0.25,43000,16,8000,125.0,7,0.0760521545410153,4.382475341796875,4.306423187255859,0.3086744359031543,0.0048230380609867,0.0337612664269075
8,4,64,0.25,0.2608,relu,2,4,16,0.25,41500,16,8000,125.0,8,0.0789096145629884,4.424234130859375,4.345324516296387,0.2220468824567405,0.0034694825383865,0.0277558603070925
8,4,64,0.25,0.2565,relu,3,4,16,0.25,50000,16,8000,125.0,8,0.0763669586181636,4.371767578125,4.295400619506836,0.3363540074811229,0.0052555313668925,0.0420442509351403
8,4,64,0.25,0.2554,relu,4,4,16,0.25,62500,16,8000,125.0,8,0.0757776298522951,4.378859619140625,4.30308198928833,0.2769633972679183,0.0043275530823112,0.0346204246584897
8,4,64,0.5,0.5109,identity,0,4,16,0.25,71000,16,8000,125.0,6,0.0800233001708985,4.444366943359375,4.364343643188477,0.1285044179627023,0.0020078815306672,0.0120472891840033
8,4,64,0.5,0.5036,identity,1,4,16,0.25,51000,16,8000,125.0,6,0.0826219902038571,4.624427734375,4.541805744171143,0.2931337394638137,0.004580214679122,0.0274812880747325
8,4,64,0.5,0.5138,identity,2,4,16,0.25,71500,16,8000,125.0,7,0.0793703117370601,4.677858642578125,4.5984883308410645,0.2254943925199715,0.0035233498831245,0.0246634491818718
8,4,64,0.5,0.5081,identity,3,4,16,0.25,65500,16,8000,125.0,7,0.0816857604980469,4.613595703125,4.531909942626953,0.2352822369088777,0.0036762849517012,0.0257339946619085
8,4,64,0.5,0.5059,identity,4,4,16,0.25,56500,16,8000,125.0,7,0.083822238922119,4.6381220703125,4.554299831390381,0.2250507293057901,0.0035164176454029,0.0246149235178207
8,4,64,0.5,0.5109,relu,0,4,16,0.25,52000,16,8000,125.0,8,0.0785130462646481,4.442856689453125,4.364343643188477,0.4137847139999344,0.0064653861562489,0.0517230892499918
8,4,64,0.5,0.5036,relu,1,4,16,0.25,42500,16,8000,125.0,7,0.0773832206726075,4.61918896484375,4.541805744171143,0.5981857804502262,0.0093466528195347,0.0654265697367434
8,4,64,0.5,0.5138,relu,2,4,16,0.25,63500,16,8000,125.0,8,0.0738751945495606,4.672363525390625,4.5984883308410645,0.5577271499820939,0.0087144867184702,0.0697158937477617
8,4,64,0.5,0.5081,relu,3,4,16,0.25,50500,16,8000,125.0,8,0.0763139343261718,4.608223876953125,4.531909942626953,0.6089080561158154,0.0095141883768096,0.0761135070144769
8,4,64,0.5,0.5059,relu,4,4,16,0.25,51000,16,8000,125.0,9,0.0752548675537108,4.62955517578125,4.554300308227539,0.6486112419987116,0.0101345506562298,0.0912109559060688
8,4,64,0.75,0.7582,identity,0,4,16,0.25,44500,16,8000,125.0,6,0.0835262413024899,4.760248291015625,4.676722049713135,0.3433579815824591,0.0053649684622259,0.0321898107733555
8,4,64,0.75,0.7523,identity,1,4,16,0.25,55500,16,8000,125.0,6,0.0713312301635742,4.8783046875,4.806973457336426,0.7506407441652203,0.0117287616275815,0.0703725697654894
8,4,64,0.75,0.7598,identity,2,4,16,0.25,71500,16,8000,125.0,7,0.0693651237487795,4.97080908203125,4.901443958282471,0.4896904281770212,0.0076514129402659,0.0535598905818617
8,4,64,0.75,0.7553,identity,3,4,16,0.25,37500,16,8000,125.0,7,0.087322341918945,4.926813232421875,4.83949089050293,0.7222865870424612,0.0112857279225384,0.0790000954577691
8,4,64,0.75,0.7529,identity,4,4,16,0.25,71500,16,8000,125.0,7,0.0704693717956539,4.966359130859375,4.895889759063721,0.3705385261957039,0.0057896644718078,0.0405276513026551
8,4,64,0.75,0.7582,relu,0,4,16,0.25,66000,16,8000,125.0,8,0.0717047080993653,4.7484267578125,4.676722049713135,1.434732534062482,0.0224176958447262,0.1793415667578102
8,4,64,0.75,0.7523,relu,1,4,16,0.25,45500,16,8000,125.0,6,0.0686486129760739,4.8756220703125,4.806973457336426,2.057686008104507,0.0321513438766329,0.1929080632597975
8,4,64,0.75,0.7598,relu,2,4,16,0.25,39500,16,8000,125.0,8,0.0754163932800295,4.9768603515625,4.901443958282471,1.212964479657524,0.0189525699946488,0.1516205599571905
8,4,64,0.75,0.7553,relu,3,4,16,0.25,46500,16,8000,125.0,8,0.0719268341064456,4.911417724609375,4.83949089050293,1.3214977925224491,0.0206484030081632,0.1651872240653061
8,4,64,0.75,0.7529,relu,4,4,16,0.25,51000,16,8000,125.0,8,0.0716451530456545,4.967534912109375,4.895889759063721,1.2103469115922636,0.0189116704936291,0.1512933639490329
8,4,64,1.0,1.0,identity,0,4,4,0.062,49500,16,8000,125.0,3,0.0398630676269533,5.13435693359375,5.094493865966797,5.521359791587362,0.0862712467435525,0.2588137402306576
8,4,64,1.0,1.0,identity,1,4,4,0.062,45000,16,8000,125.0,2,0.035898845672607,5.11286083984375,5.076961994171143,19.23143389050897,0.3004911545392026,0.6009823090784053
8,4,64,1.0,1.0,identity,2,4,4,0.062,47500,16,8000,125.0,2,0.0376112022399901,5.311562255859375,5.273951053619385,8.035587569600825,0.1255560557750129,0.2511121115500258
8,4,64,1.0,1.0,identity,3,4,4,0.062,78000,16,8000,125.0,2,0.0327578620910644,5.25366650390625,5.2209086418151855,12.254782412474512,0.1914809751949142,0.3829619503898285
8,4,64,1.0,1.0,identity,4,4,4,0.062,38000,16,8000,125.0,2,0.0414825935363767,5.389603759765625,5.348121166229248,9.22945659747525,0.1442102593355508,0.2884205186711016
8,4,64,1.0,1.0,relu,0,4,4,0.062,35000,16,8000,125.0,4,0.0389599914550782,5.133453857421875,5.094493865966797,8.855257596030162,0.1383633999379712,0.5534535997518851
8,4,64,1.0,1.0,relu,1,4,4,0.062,51500,16,8000,125.0,2,0.0293978691101077,5.10635986328125,5.076961994171143,24.736646026434887,0.3865100941630451,0.7730201883260902
8,4,64,1.0,1.0,relu,2,4,4,0.062,44500,16,8000,125.0,3,0.0328160362243652,5.30676708984375,5.273951053619385,13.55112867142035,0.2117363854909429,0.6352091564728289
8,4,64,1.0,1.0,relu,3,4,4,0.062,44500,16,8000,125.0,3,0.0334189949035641,5.25432763671875,5.2209086418151855,11.836786044184793,0.1849497819403874,0.5548493458211622
8,4,64,1.0,1.0,relu,4,4,4,0.062,40000,16,8000,125.0,3,0.0341849861145018,5.38230615234375,5.348121166229248,9.582633298382367,0.1497286452872245,0.4491859358616734
8,4,96,0.0,0.0,identity,0,0,12,0.125,33000,16,8000,83.3,6,0.0999083251953125,4.10367724609375,4.0037689208984375,0.2788747411756871,0.00290494522058,0.0174296713234804
8,4,96,0.0,0.0,identity,1,0,12,0.125,66500,16,8000,83.3,5,0.0759397392272953,4.18935498046875,4.113415241241455,0.4864869858437056,0.0050675727692052,0.0253378638460263
8,4,96,0.0,0.0,identity,2,0,12,0.125,70000,16,8000,83.3,6,0.0763133316040036,4.20889599609375,4.132582664489746,0.2515492043702559,0.0026203042121901,0.0157218252731409
8,4,96,0.0,0.0,identity,3,0,12,0.125,65500,16,8000,83.3,6,0.0815578804016112,4.27602685546875,4.194468975067139,0.2202225576618311,0.002293984975644,0.0137639098538644
8,4,96,0.0,0.0,identity,4,0,12,0.125,75000,16,8000,83.3,7,0.0790902404785152,4.228103759765625,4.149013519287109,0.3141784620050641,0.0032726923125527,0.0229088461878692
8,4,96,0.0,0.0,relu,0,0,12,0.125,51000,16,8000,83.3,9,0.0650908203125002,4.068859741210938,4.0037689208984375,0.2841592610924171,0.002959992303046,0.0266399307274141
8,4,96,0.0,0.0,relu,1,0,12,0.125,64500,16,8000,83.3,8,0.0630522880554202,4.176467529296875,4.113415241241455,0.4489197812136512,0.0046762477209755,0.0374099817678042
8,4,96,0.0,0.0,relu,2,0,12,0.125,50500,16,8000,83.3,8,0.0660411148071284,4.198623779296875,4.132582664489746,0.1900432282219996,0.0019796169606458,0.0158369356851666
8,4,96,0.0,0.0,relu,3,0,12,0.125,48000,16,8000,83.3,10,0.0643869819641116,4.25885595703125,4.194468975067139,0.2123416069468857,0.00221189173903,0.0221189173903005
8,4,96,0.0,0.0,relu,4,0,12,0.125,58500,16,8000,83.3,11,0.0629566955566405,4.21197021484375,4.149013519287109,0.3524953257867633,0.0036718263102787,0.0403900894130666
8,4,96,0.25,0.2582,identity,0,4,16,0.167,70000,16,8000,83.3,6,0.0900504226684573,4.243777954101563,4.1537275314331055,0.2894541556003221,0.00301514745417,0.0180908847250201
8,4,96,0.25,0.2529,identity,1,4,16,0.167,68500,16,8000,83.3,6,0.089139068603516,4.395562255859375,4.306423187255859,0.3102424899139078,0.0032316926032698,0.0193901556196192
8,4,96,0.25,0.2608,identity,2,4,16,0.167,56000,16,8000,83.3,6,0.0970250930786136,4.442349609375,4.345324516296387,0.2467356235170598,0.0025701627449693,0.0154209764698162
8,4,96,0.25,0.2565,identity,3,4,16,0.167,65500,16,8000,83.3,6,0.0931323394775391,4.388532958984375,4.295400619506836,0.2284703174758895,0.0023798991403738,0.014279394842243
8,4,96,0.25,0.2554,identity,4,4,16,0.167,70500,16,8000,83.3,7,0.0932222099304196,4.39630419921875,4.30308198928833,0.2266605685543798,0.0023610475891081,0.0165273331237568
8,4,96,0.25,0.2582,relu,0,4,16,0.167,40500,16,8000,83.3,8,0.0897385330200197,4.243466064453125,4.1537275314331055,0.4476053201255089,0.004662555417974,0.0373004433437924
8,4,96,0.25,0.2529,relu,1,4,16,0.167,52500,16,8000,83.3,7,0.0831588439941404,4.38958203125,4.306423187255859,0.4520450606185644,0.0047088027147767,0.0329616190034369
8,4,96,0.25,0.2608,relu,2,4,16,0.167,41500,16,8000,83.3,8,0.0892289505004884,4.434553466796875,4.345324516296387,0.3936753213304627,0.0041007845971923,0.0328062767775385
8,4,96,0.25,0.2565,relu,3,4,16,0.167,37500,16,8000,83.3,9,0.0876728668212889,4.383073486328125,4.295400619506836,0.3452719631285605,0.0035965829492558,0.0323692465433025
8,4,96,0.25,0.2554,relu,4,4,16,0.167,36000,16,8000,83.3,10,0.089121868133545,4.392203857421875,4.30308198928833,0.2987238604996068,0.0031117068802042,0.0311170688020423
8,4,96,0.5,0.5109,identity,0,4,16,0.167,61000,16,8000,83.3,6,0.0938853607177732,4.45822900390625,4.364343643188477,0.1769562832128501,0.0018432946168005,0.0110597677008031
8,4,96,0.5,0.5036,identity,1,4,16,0.167,51000,16,8000,83.3,6,0.0922623710632324,4.634068115234375,4.541805744171143,0.2934883314463229,0.0030571701192325,0.0183430207153951
8,4,96,0.5,0.5138,identity,2,4,16,0.167,53000,16,8000,83.3,6,0.0950900382995607,4.693578369140625,4.5984883308410645,0.2748804503080938,0.0028633380240426,0.0171800281442558
8,4,96,0.5,0.5081,identity,3,4,16,0.167,72500,16,8000,83.3,7,0.0893874206542966,4.62129736328125,4.531909942626953,0.2100685421683239,0.00218821398092,0.0153174978664402
8,4,96,0.5,0.5059,identity,4,4,16,0.167,74000,16,8000,83.3,7,0.0893886451721188,4.6436884765625,4.554299831390381,0.3670413982836413,0.0038233478987879,0.0267634352915155
8,4,96,0.5,0.5109,relu,0,4,16,0.167,40500,16,8000,83.3,8,0.0903431243896486,4.454686767578125,4.364343643188477,0.589228445025234,0.0061377963023461,0.0491023704187695
8,4,96,0.5,0.5036,relu,1,4,16,0.167,42500,16,8000,83.3,7,0.0855494804382326,4.627355224609375,4.541805744171143,1.0249976947211796,0.0106770593200122,0.074739415240086
8,4,96,0.5,0.5138,relu,2,4,16,0.167,38500,16,8000,83.3,9,0.0874035148620606,4.685891845703125,4.5984883308410645,0.7036118822916378,0.0073292904405378,0.065963613964841
8,4,96,0.5,0.5081,relu,3,4,16,0.167,44500,16,8000,83.3,9,0.0873813171386714,4.619291259765625,4.531909942626953,0.8849781726560525,0.0092185226318338,0.0829667036865049
8,4,96,0.5,0.5059,relu,4,4,16,0.167,59000,16,8000,83.3,10,0.082985580444336,4.637285888671875,4.554300308227539,0.6319772573953721,0.0065830964312017,0.0658309643120179
8,4,96,0.75,0.7582,identity,0,4,16,0.167,66000,16,8000,83.3,6,0.0820108604431153,4.75873291015625,4.676722049713135,0.467365803335317,0.0048683937847428,0.0292103627084573
8,4,96,0.75,0.7523,identity,1,4,16,0.167,36500,16,8000,83.3,6,0.090037773132324,4.89701123046875,4.806973457336426,1.3708889983104482,0.0142800937324005,0.085680562394403
8,4,96,0.75,0.7598,identity,2,4,16,0.167,72000,16,8000,83.3,7,0.0791058464050289,4.9805498046875,4.901443958282471,0.7030644165149611,0.0073235876720308,0.0512651137042159
8,4,96,0.75,0.7553,identity,3,4,16,0.167,79000,16,8000,83.3,7,0.0800071563720701,4.919498046875,4.83949089050293,0.5178881415131389,0.0053946681407618,0.037762676985333
8,4,96,0.75,0.7529,identity,4,4,16,0.167,57000,16,8000,83.3,7,0.0835033073425295,4.97939306640625,4.895889759063721,0.7711300798405925,0.0080326049983395,0.0562282349883765
8,4,96,0.75,0.7582,relu,0,4,16,0.167,49500,16,8000,83.3,8,0.0827515830993652,4.7594736328125,4.676722049713135,1.769653302658344,0.0184338885693577,0.147471108554862
8,4,96,0.75,0.7523,relu,1,4,16,0.167,45000,16,8000,83.3,6,0.0770448532104488,4.884018310546875,4.806973457336426,3.1062108476170365,0.0323563629960107,0.1941381779760647
8,4,96,0.75,0.7598,relu,2,4,16,0.167,40500,16,8000,83.3,9,0.0817835807800291,4.9832275390625,4.901443958282471,1.9115153031488772,0.0199116177411341,0.1792045596702072
8,4,96,0.75,0.7553,relu,3,4,16,0.167,35000,16,8000,83.3,8,0.0850703887939454,4.924561279296875,4.83949089050293,1.8224831472712208,0.0189841994507418,0.151873595605935
8,4,96,0.75,0.7529,relu,4,4,16,0.167,64000,16,8000,83.3,9,0.0742425651550293,4.97013232421875,4.895889759063721,1.5118335554094384,0.0157482662021816,0.1417343958196348
8,4,96,1.0,1.0,identity,0,4,4,0.042,49500,16,8000,83.3,3,0.0485576477050777,5.143051513671875,5.094493865966797,5.732522789229422,0.0597137790544731,0.1791413371634194
8,4,96,1.0,1.0,identity,1,4,4,0.042,35500,16,8000,83.3,2,0.0459491386413573,5.1229111328125,5.076961994171143,29.65053556308918,0.3088597454488456,0.6177194908976912
8,4,96,1.0,1.0,identity,2,4,4,0.042,47500,16,8000,83.3,2,0.0452857627868654,5.31923681640625,5.273951053619385,17.105000176500045,0.1781770851718754,0.3563541703437509
8,4,96,1.0,1.0,identity,3,4,4,0.042,35500,16,8000,83.3,2,0.0495913581848146,5.2705,5.2209086418151855,18.646871357181904,0.1942382433039781,0.3884764866079563
8,4,96,1.0,1.0,identity,4,4,4,0.042,37000,16,8000,83.3,2,0.0504376716613768,5.398558837890625,5.348121166229248,19.83870092483871,0.2066531346337365,0.4133062692674731
8,4,96,1.0,1.0,relu,0,4,4,0.042,29500,16,8000,83.3,4,0.0441616516113283,5.138655517578125,5.094493865966797,10.810458952265236,0.1126089474194295,0.4504357896777182
8,4,96,1.0,1.0,relu,1,4,4,0.042,39000,16,8000,83.3,2,0.033688640594482,5.110650634765625,5.076961994171143,36.1307171369088,0.3763616368428,0.7527232736856
8,4,96,1.0,1.0,relu,2,4,4,0.042,47500,16,8000,83.3,3,0.0359796104431149,5.3099306640625,5.273951053619385,19.17212719112224,0.1997096582408566,0.59912897472257
8,4,96,1.0,1.0,relu,3,4,4,0.042,55000,16,8000,83.3,3,0.0331936531066894,5.254102294921875,5.2209086418151855,18.90749864968464,0.196953110934215,0.590859332802645
8,4,96,1.0,1.0,relu,4,4,4,0.042,47500,16,8000,83.3,4,0.0354222908020016,5.38354345703125,5.348121166229248,12.271273213208154,0.1278257626375849,0.5113030505503398
8,8,16,0.0,0.0,identity,0,0,16,1.0,92500,16,8000,500.0,6,0.057293287277222,4.038879028320313,3.981585741043091,0.0267524780104485,0.001672029875653,0.0100321792539182
8,8,16,0.0,0.0,identity,1,0,16,1.0,96000,16,8000,500.0,5,0.0555439071655277,4.081660278320313,4.026116371154785,0.018646828325064,0.0011654267703165,0.0058271338515825
8,8,16,0.0,0.0,identity,2,0,16,1.0,98000,16,8000,500.0,6,0.0560833454132079,3.9820159912109374,3.9259326457977295,0.0239861234150961,0.0014991327134435,0.008994796280661
8,8,16,0.0,0.0,identity,3,0,16,1.0,108500,16,8000,500.0,6,0.0550367622375489,4.199548461914063,4.144511699676514,0.0134909449826814,0.0008431840614175,0.0050591043685055
8,8,16,0.0,0.0,identity,4,0,16,1.0,87000,16,8000,500.0,6,0.0578457794189457,4.059507080078125,4.00166130065918,0.0149699259886021,0.0009356203742876,0.0056137222457258
8,8,16,0.0,0.0,relu,0,0,16,1.0,108500,16,8000,500.0,5,0.0782655773162845,4.059851318359375,3.981585741043091,0.1520566861512471,0.0095035428844529,0.0475177144222647
8,8,16,0.0,0.0,relu,1,0,16,1.0,95500,16,8000,500.0,5,0.0784640731811521,4.104580444335937,4.026116371154785,0.106275551736299,0.0066422219835186,0.0332111099175934
8,8,16,0.0,0.0,relu,2,0,16,1.0,78500,16,8000,500.0,5,0.1027991657257079,4.028731811523437,3.9259326457977295,0.180836220651613,0.0113022637907258,0.056511318953629
8,8,16,0.0,0.0,relu,3,0,16,1.0,126000,16,8000,500.0,5,0.0791798286437988,4.2236915283203125,4.144511699676514,0.0825324738338088,0.005158279614613,0.0257913980730652
8,8,16,0.0,0.0,relu,4,0,16,1.0,105500,16,8000,500.0,6,0.0745666046142581,4.076227905273438,4.00166130065918,0.1351083167690908,0.0084442697980681,0.050665618788409
8,8,16,0.25,0.257,identity,0,8,24,1.5,106000,16,8000,500.0,5,0.1595954513549804,4.30051513671875,4.1409196853637695,0.0215758740143912,0.0013484921258994,0.0067424606294972
8,8,16,0.25,0.2532,identity,1,8,24,1.5,111000,16,8000,500.0,4,0.1621735916137696,4.359480224609375,4.1973066329956055,0.0203932107881807,0.0012745756742612,0.0050983026970451
8,8,16,0.25,0.262,identity,2,8,24,1.5,89500,16,8000,500.0,5,0.1753276824951175,4.31400146484375,4.138673782348633,0.0246997659914191,0.0015437353744636,0.0077186768723184
8,8,16,0.25,0.2563,identity,3,8,24,1.5,116000,16,8000,500.0,5,0.1736499481201168,4.36261669921875,4.188966751098633,0.0187367917413759,0.0011710494838359,0.0058552474191799
8,8,16,0.25,0.2567,identity,4,8,24,1.5,94500,16,8000,500.0,5,0.2041764945983883,4.3256865234375,4.121510028839111,0.0190891470306413,0.001193071689415,0.0059653584470754
8,8,16,0.25,0.257,relu,0,8,24,1.5,96500,16,8000,500.0,5,0.1995624923706058,4.340482177734375,4.1409196853637695,0.2541362134345216,0.0158835133396576,0.079417566698288
8,8,16,0.25,0.2532,relu,1,8,24,1.5,101000,16,8000,500.0,4,0.2258422927856447,4.42314892578125,4.1973066329956055,0.2338714301474849,0.0146169643842178,0.0584678575368712
8,8,16,0.25,0.262,relu,2,8,24,1.5,99000,16,8000,500.0,5,0.2301602020263669,4.368833984375,4.138673782348633,0.3973684136625307,0.0248355258539081,0.1241776292695408
8,8,16,0.25,0.2563,relu,3,8,24,1.5,127000,16,8000,500.0,5,0.2443840789794924,4.433350830078125,4.188966751098633,0.2535773126023399,0.0158485820376462,0.0792429101882312
8,8,16,0.25,0.2567,relu,4,8,24,1.5,101000,16,8000,500.0,5,0.2525661430358887,4.374076171875,4.121510028839111,0.2250737759213618,0.0140671109950851,0.0703355549754255
8,8,16,0.5,0.5088,identity,0,8,24,1.5,103000,16,8000,500.0,4,0.1868501968383791,4.50452197265625,4.317671775817871,0.0242931317946689,0.0015183207371668,0.0060732829486672
8,8,16,0.5,0.5042,identity,1,8,24,1.5,110000,16,8000,500.0,4,0.2090903739929199,4.593623779296875,4.384533405303955,0.032545502366042,0.0020340938978776,0.0081363755915105
8,8,16,0.5,0.5166,identity,2,8,24,1.5,83000,16,8000,500.0,4,0.2177709579467777,4.6054443359375,4.387673377990723,0.0385546451203911,0.0024096653200244,0.0096386612800977
8,8,16,0.5,0.5079,identity,3,8,24,1.5,81000,16,8000,500.0,4,0.2324124679565429,4.587519775390625,4.355107307434082,0.0546156317082807,0.0034134769817675,0.0136539079270701
8,8,16,0.5,0.5087,identity,4,8,24,1.5,98000,16,8000,500.0,5,0.2575516853332518,4.559133544921875,4.301581859588623,0.1956994415085383,0.0122312150942836,0.0611560754714182
8,8,16,0.5,0.5088,relu,0,8,24,1.5,102500,16,8000,500.0,3,0.2728765640258785,4.59054833984375,4.317671775817871,0.527737854655607,0.0329836159159754,0.0989508477479263
8,8,16,0.5,0.5042,relu,1,8,24,1.5,129500,16,8000,500.0,4,0.26155912399292,4.646092529296875,4.384533405303955,0.823876240508384,0.051492265031774,0.205969060127096
8,8,16,0.5,0.5166,relu,2,8,24,1.5,150000,16,8000,500.0,4,0.305850059509277,4.6935234375,4.387673377990723,0.5688664236571822,0.0355541514785738,0.1422166059142955
8,8,16,0.5,0.5079,relu,3,8,24,1.5,145500,16,8000,500.0,4,0.3019730148315434,4.657080322265625,4.355107307434082,0.640775184210669,0.0400484490131668,0.1601937960526672
8,8,16,0.5,0.5087,relu,4,8,24,1.5,139500,16,8000,500.0,5,0.316011402130127,4.61759326171875,4.301581859588623,0.8172424658590101,0.0510776541161881,0.2553882705809406
8,8,16,0.75,0.7558,identity,0,8,24,1.5,79500,16,8000,500.0,4,0.1568622245788571,4.690092529296875,4.533230304718018,0.0734802264406274,0.0045925141525392,0.0183700566101568
8,8,16,0.75,0.7531,identity,1,8,24,1.5,100500,16,8000,500.0,3,0.1602340736389162,4.7682333984375,4.607999324798584,0.211377914555938,0.0132111196597461,0.0396333589792383
8,8,16,0.75,0.7635,identity,2,8,24,1.5,125000,16,8000,500.0,4,0.1679507408142093,4.844009033203125,4.676058292388916,0.153614387705031,0.0096008992315644,0.0384035969262577
8,8,16,0.75,0.7554,identity,3,8,24,1.5,113500,16,8000,500.0,3,0.1639941101074216,4.74592236328125,4.581928253173828,0.0759916343840047,0.0047494771490002,0.0142484314470008
8,8,16,0.75,0.7564,identity,4,8,24,1.5,81000,16,8000,500.0,5,0.1900945549011234,4.6829462890625,4.492851734161377,0.3778650902784107,0.0236165681424006,0.1180828407120033
8,8,16,0.75,0.7558,relu,0,8,24,1.5,102500,16,8000,500.0,4,0.1871749687194821,4.7204052734375,4.533230304718018,0.9647779129577312,0.0602986195598582,0.2411944782394328
8,8,16,0.75,0.7531,relu,1,8,24,1.5,127500,16,8000,500.0,3,0.2193915443420406,4.827390869140625,4.607999324798584,1.90606353409357,0.1191289708808481,0.3573869126425444
8,8,16,0.75,0.7635,relu,2,8,24,1.5,150000,16,8000,500.0,3,0.2366309165954589,4.912689208984375,4.676058292388916,1.3383304777109055,0.0836456548569316,0.2509369645707948
8,8,16,0.75,0.7554,relu,3,8,24,1.5,137000,16,8000,500.0,3,0.2400444030761717,4.82197265625,4.581928253173828,2.270712292594469,0.1419195182871543,0.4257585548614629
8,8,16,0.75,0.7564,relu,4,8,24,1.5,121000,16,8000,500.0,5,0.2316216545104978,4.724473388671875,4.492851734161377,1.529356931274941,0.0955848082046838,0.4779240410234191
8,8,16,1.0,1.0,identity,0,8,8,0.5,90500,16,8000,500.0,4,0.0374388504028324,4.81612060546875,4.778681755065918,1.2140948829855602,0.0758809301865975,0.30352372074639
8,8,16,1.0,1.0,identity,1,8,8,0.5,54000,16,8000,500.0,3,0.0443712425231934,4.902745361328125,4.858374118804932,1.7703018385373832,0.1106438649085864,0.3319315947257593
8,8,16,1.0,1.0,identity,2,8,8,0.5,67000,16,8000,500.0,2,0.0410939445495603,5.008600830078125,4.9675068855285645,0.6327351981262134,0.0395459498828883,0.0790918997657766
8,8,16,1.0,1.0,identity,3,8,8,0.5,77500,16,8000,500.0,2,0.0390660324096678,4.86231298828125,4.823246955871582,1.383555305968878,0.0864722066230548,0.1729444132461097
8,8,16,1.0,1.0,identity,4,8,8,0.5,68000,16,8000,500.0,3,0.0424809341430663,4.734893310546875,4.692412376403809,1.370133446911275,0.0856333404319546,0.256900021295864
8,8,16,1.0,1.0,relu,0,8,8,0.5,77000,16,8000,500.0,2,0.0448543777465824,4.8235361328125,4.778681755065918,3.2610172414875382,0.2038135775929711,0.4076271551859423
8,8,16,1.0,1.0,relu,1,8,8,0.5,79500,16,8000,500.0,2,0.046008205413818,4.90438232421875,4.858374118804932,5.242769538670964,0.3276730961669352,0.6553461923338705
8,8,16,1.0,1.0,relu,2,8,8,0.5,88500,16,8000,500.0,2,0.0442597160339355,5.0117666015625,4.9675068855285645,3.097127642962415,0.1935704776851509,0.3871409553703018
8,8,16,1.0,1.0,relu,3,8,8,0.5,75000,16,8000,500.0,2,0.0476607589721682,4.87090771484375,4.823246955871582,4.848079954680922,0.3030049971675576,0.6060099943351153
8,8,16,1.0,1.0,relu,4,8,8,0.5,92000,16,8000,500.0,3,0.0415524673461913,4.73396484375,4.692412376403809,3.974729755688827,0.2484206097305517,0.7452618291916551
8,8,32,0.0,0.0,identity,0,0,16,0.5,54000,16,8000,250.0,6,0.0773190441131594,4.05890478515625,3.981585741043091,0.0521262022270866,0.0016289438195964,0.0097736629175787
8,8,32,0.0,0.0,identity,1,0,16,0.5,55500,16,8000,250.0,6,0.0763289413452152,4.1024453125,4.026116371154785,0.063311357686771,0.0019784799277115,0.0118708795662695
8,8,32,0.0,0.0,identity,2,0,16,0.5,75000,16,8000,250.0,7,0.0720889606475831,3.9980216064453127,3.9259326457977295,0.0682972847625665,0.0021342901488302,0.0149400310418114
8,8,32,0.0,0.0,identity,3,0,16,0.5,63500,16,8000,250.0,7,0.0745141792297365,4.21902587890625,4.144511699676514,0.0492760736997742,0.0015398773031179,0.0107791411218256
8,8,32,0.0,0.0,identity,4,0,16,0.5,54500,16,8000,250.0,7,0.0793321075439452,4.080993408203125,4.00166130065918,0.0657717258459324,0.0020553664326853,0.0143875650287977
8,8,32,0.0,0.0,relu,0,0,16,0.5,66500,16,8000,250.0,7,0.0708375988006588,4.05242333984375,3.981585741043091,0.0920518681069628,0.0028766208783425,0.0201363461483981
8,8,32,0.0,0.0,relu,1,0,16,0.5,68000,16,8000,250.0,7,0.0704305038452144,4.096546875,4.026116371154785,0.1187375152443531,0.003710547351386,0.0259738314597022
8,8,32,0.0,0.0,relu,2,0,16,0.5,60000,16,8000,250.0,7,0.0744100055694581,4.000342651367188,3.9259326457977295,0.0901649398507148,0.0028176543703348,0.0197235805923438
8,8,32,0.0,0.0,relu,3,0,16,0.5,60000,16,8000,250.0,7,0.0755678901672363,4.22007958984375,4.144511699676514,0.0831055998750688,0.0025970499960959,0.0181793499726713
8,8,32,0.0,0.0,relu,4,0,16,0.5,57000,16,8000,250.0,7,0.0755342559814451,4.077195556640625,4.00166130065918,0.113552980880372,0.0035485306525116,0.0248397145675813
8,8,32,0.25,0.257,identity,0,8,24,0.75,77000,16,8000,250.0,6,0.0848693771362301,4.2257890625,4.1409196853637695,0.0514152019935291,0.0016067250622977,0.0096403503737867
8,8,32,0.25,0.2532,identity,1,8,24,0.75,58500,16,8000,250.0,6,0.0898034744262696,4.287110107421875,4.1973066329956055,0.0612716013505533,0.0019147375422047,0.0114884252532287
8,8,32,0.25,0.262,identity,2,8,24,0.75,89500,16,8000,250.0,6,0.0809104461669925,4.219584228515625,4.138673782348633,0.0417052964010965,0.0013032905125342,0.0078197430752056
8,8,32,0.25,0.2563,identity,3,8,24,0.75,77000,16,8000,250.0,6,0.0851987762451171,4.27416552734375,4.188966751098633,0.0473955776076651,0.0014811118002395,0.0088866708014372
8,8,32,0.25,0.2567,identity,4,8,24,0.75,69500,16,8000,250.0,7,0.0884667778015133,4.209976806640625,4.121510028839111,0.044484073660307,0.0013901273018845,0.0097308911131921
8,8,32,0.25,0.257,relu,0,8,24,0.75,81000,16,8000,250.0,6,0.0990964279174804,4.24001611328125,4.1409196853637695,0.1552783133725194,0.0048524472928912,0.0291146837573473
8,8,32,0.25,0.2532,relu,1,8,24,0.75,101500,16,8000,250.0,6,0.0966384353637694,4.293945068359375,4.1973066329956055,0.1859979919374407,0.005812437248045,0.0348746234882701
8,8,32,0.25,0.262,relu,2,8,24,0.75,88000,16,8000,250.0,7,0.0961294403076173,4.23480322265625,4.138673782348633,0.1680622369692904,0.0052519449052903,0.0367636143370322
8,8,32,0.25,0.2563,relu,3,8,24,0.75,91000,16,8000,250.0,6,0.0983093719482424,4.287276123046875,4.188966751098633,0.1788287926914697,0.0055883997716084,0.0335303986296505
8,8,32,0.25,0.2567,relu,4,8,24,0.75,82500,16,8000,250.0,7,0.104369853973389,4.2258798828125,4.121510028839111,0.145384548766472,0.0045432671489522,0.0318028700426657
8,8,32,0.5,0.5088,identity,0,8,24,0.75,62000,16,8000,250.0,6,0.088256202697754,4.405927978515625,4.317671775817871,0.0634360658438828,0.0019823770576213,0.011894262345728
8,8,32,0.5,0.5042,identity,1,8,24,0.75,82000,16,8000,250.0,6,0.0818662528991698,4.466399658203125,4.384533405303955,0.0423296874511928,0.0013228027328497,0.0079368163970986
8,8,32,0.5,0.5166,identity,2,8,24,0.75,74000,16,8000,250.0,6,0.084065879821777,4.4717392578125,4.387673377990723,0.0605926943245816,0.0018935216976431,0.011361130185859
8,8,32,0.5,0.5079,identity,3,8,24,0.75,57000,16,8000,250.0,6,0.0881634445190426,4.443270751953125,4.355107307434082,0.0529285315107087,0.0016540166097096,0.0099240996582578
8,8,32,0.5,0.5087,identity,4,8,24,0.75,67500,16,8000,250.0,7,0.0895074958801265,4.39108935546875,4.301581859588623,0.050800781294516,0.0015875244154536,0.0111126709081753
8,8,32,0.5,0.5088,relu,0,8,24,0.75,78000,16,8000,250.0,5,0.099879005432129,4.41755078125,4.317671775817871,0.3183117140223048,0.009947241063197,0.0497362053159851
8,8,32,0.5,0.5042,relu,1,8,24,0.75,98500,16,8000,250.0,5,0.0943872489929198,4.478920654296875,4.384533405303955,0.2464076409984754,0.0077002387812023,0.0385011939060117
8,8,32,0.5,0.5166,relu,2,8,24,0.75,89500,16,8000,250.0,6,0.098060264587402,4.485733642578125,4.387673377990723,0.3021624641499384,0.0094425770046855,0.0566554620281134
8,8,32,0.5,0.5079,relu,3,8,24,0.75,68000,16,8000,250.0,6,0.109440299987793,4.464547607421875,4.355107307434082,0.3289489284524856,0.0102796540141401,0.061677924084841
8,8,32,0.5,0.5087,relu,4,8,24,0.75,73000,16,8000,250.0,6,0.1077240486145019,4.409305908203125,4.301581859588623,0.1888579684111984,0.0059018115128499,0.0354108690770997
8,8,32,0.75,0.7558,identity,0,8,24,0.75,53500,16,8000,250.0,6,0.0839054374694825,4.6171357421875,4.533230304718018,0.1102797022067656,0.0034462406939614,0.0206774441637685
8,8,32,0.75,0.7531,identity,1,8,24,0.75,82000,16,8000,250.0,6,0.0750636634826662,4.68306298828125,4.607999324798584,0.0672463540098086,0.0021014485628065,0.0126086913768391
8,8,32,0.75,0.7635,identity,2,8,24,0.75,71000,16,8000,250.0,6,0.0777214927673339,4.75377978515625,4.676058292388916,0.0660673381963495,0.0020646043186359,0.0123876259118155
8,8,32,0.75,0.7554,identity,3,8,24,0.75,61000,16,8000,250.0,6,0.0811632995605471,4.663091552734375,4.581928253173828,0.085168221255589,0.0026615069142371,0.0159690414854229
8,8,32,0.75,0.7564,identity,4,8,24,0.75,71500,16,8000,250.0,7,0.0806328849792477,4.573484619140625,4.492851734161377,0.0624537618694474,0.0019516800584202,0.0136617604089416
8,8,32,0.75,0.7558,relu,0,8,24,0.75,76000,16,8000,250.0,6,0.0939632987976075,4.627193603515625,4.533230304718018,0.7186834405022512,0.0224588575156953,0.1347531450941721
8,8,32,0.75,0.7531,relu,1,8,24,0.75,82000,16,8000,250.0,5,0.0926154212951662,4.70061474609375,4.607999324798584,0.8001305068968456,0.0250040783405264,0.1250203917026321
8,8,32,0.75,0.7635,relu,2,8,24,0.75,97500,16,8000,250.0,6,0.0910303306579587,4.767088623046875,4.676058292388916,0.5014520088448995,0.0156703752764031,0.0940222516584186
8,8,32,0.75,0.7554,relu,3,8,24,0.75,86500,16,8000,250.0,5,0.0957668151855468,4.677695068359375,4.581928253173828,0.7408154183992917,0.0231504818249778,0.1157524091248893
8,8,32,0.75,0.7564,relu,4,8,24,0.75,79500,16,8000,250.0,6,0.1000095939636231,4.592861328125,4.492851734161377,0.436979226467555,0.013655600827111,0.0819336049626665
8,8,32,1.0,1.0,identity,0,8,8,0.25,68500,16,8000,250.0,4,0.0473690261840822,4.82605078125,4.778681755065918,1.6564805005637349,0.0517650156426167,0.2070600625704668
8,8,32,1.0,1.0,identity,1,8,8,0.25,65000,16,8000,250.0,3,0.0459178733825682,4.9042919921875,4.858374118804932,2.151966204367284,0.0672489438864776,0.2017468316594328
8,8,32,1.0,1.0,identity,2,8,8,0.25,66500,16,8000,250.0,2,0.0456452140808103,5.013152099609375,4.9675068855285645,0.9342452613874648,0.0291951644183582,0.0583903288367165
8,8,32,1.0,1.0,identity,3,8,8,0.25,55500,16,8000,250.0,3,0.0511553878784178,4.87440234375,4.823246955871582,3.603393205628109,0.1126060376758784,0.3378181130276352
8,8,32,1.0,1.0,identity,4,8,8,0.25,56000,16,8000,250.0,3,0.0523989028930662,4.744811279296875,4.692412376403809,3.225394943458472,0.1007935919830772,0.3023807759492317
8,8,32,1.0,1.0,relu,0,8,8,0.25,53500,16,8000,250.0,3,0.0499310379028319,4.82861279296875,4.778681755065918,3.49682893556146,0.1092759042362956,0.3278277127088869
8,8,32,1.0,1.0,relu,1,8,8,0.25,49000,16,8000,250.0,3,0.0501180686950686,4.9084921875,4.858374118804932,5.4473792865557655,0.1702306027048676,0.510691808114603
8,8,32,1.0,1.0,relu,2,8,8,0.25,58500,16,8000,250.0,2,0.0485651359558101,5.016072021484375,4.9675068855285645,4.422569898923336,0.1382053093413542,0.2764106186827085
8,8,32,1.0,1.0,relu,3,8,8,0.25,56500,16,8000,250.0,2,0.0488438644409177,4.8720908203125,4.823246955871582,7.273834823992133,0.2273073382497541,0.4546146764995083
8,8,32,1.0,1.0,relu,4,8,8,0.25,45500,16,8000,250.0,4,0.0541403579711916,4.746552734375,4.692412376403809,4.690654963192381,0.1465829675997619,0.5863318703990477
8,8,64,0.0,0.0,identity,0,0,16,0.25,71000,16,8000,125.0,6,0.0846173839569095,4.066203125,3.981585741043091,0.1330141602658954,0.0020783462541546,0.0124700775249276
8,8,64,0.0,0.0,identity,1,0,16,0.25,55500,16,8000,125.0,6,0.0925056991577149,4.1186220703125,4.026116371154785,0.1255671300182131,0.0019619864065345,0.0117719184392074
8,8,64,0.0,0.0,identity,2,0,16,0.25,45000,16,8000,125.0,6,0.0980408649444584,4.023973510742188,3.9259326457977295,0.1838768215785704,0.0028730753371651,0.0172384520229909
8,8,64,0.0,0.0,identity,3,0,16,0.25,75500,16,8000,125.0,7,0.0833025093078614,4.227814208984375,4.144511699676514,0.1322815010550196,0.0020668984539846,0.0144682891778927
8,8,64,0.0,0.0,identity,4,0,16,0.25,90000,16,8000,125.0,7,0.0853553009033198,4.0870166015625,4.00166130065918,0.1376357592370999,0.0021505587380796,0.0150539111665578
8,8,64,0.0,0.0,relu,0,0,16,0.25,61500,16,8000,125.0,8,0.0806809825897216,4.0622667236328125,3.981585741043091,0.1191891602526442,0.0018623306289475,0.0148986450315805
8,8,64,0.0,0.0,relu,1,0,16,0.25,43000,16,8000,125.0,8,0.0866789169311523,4.1127952880859375,4.026116371154785,0.1729712871471778,0.0027026763616746,0.0216214108933972
8,8,64,0.0,0.0,relu,2,0,16,0.25,52000,16,8000,125.0,8,0.0825518512725826,4.008484497070312,3.9259326457977295,0.1396456923693412,0.0021819639432709,0.0174557115461676
8,8,64,0.0,0.0,relu,3,0,16,0.25,60000,16,8000,125.0,9,0.0780798530578614,4.222591552734375,4.144511699676514,0.0892511776550573,0.0013945496508602,0.0125509468577424
8,8,64,0.0,0.0,relu,4,0,16,0.25,57000,16,8000,125.0,9,0.07978450012207,4.08144580078125,4.00166130065918,0.1068103574496291,0.0016689118351504,0.0150202065163541
8,8,64,0.25,0.257,identity,0,8,24,0.375,58000,16,8000,125.0,6,0.1151923751831054,4.256112060546875,4.1409196853637695,0.1403507419126778,0.0021929803423855,0.0131578820543135
8,8,64,0.25,0.2532,identity,1,8,24,0.375,99500,16,8000,125.0,6,0.1007534255981443,4.29806005859375,4.1973066329956055,0.0996527466154435,0.0015570741658663,0.0093424449951978
8,8,64,0.25,0.262,identity,2,8,24,0.375,80500,16,8000,125.0,6,0.1066265106201171,4.24530029296875,4.138673782348633,0.0969716552691643,0.0015151821135806,0.0090910926814841
8,8,64,0.25,0.2563,identity,3,8,24,0.375,57000,16,8000,125.0,7,0.1162502899169926,4.305217041015625,4.188966751098633,0.1422493771740765,0.0022226465183449,0.0155585256284146
8,8,64,0.25,0.2567,identity,4,8,24,0.375,54500,16,8000,125.0,7,0.1181379203796391,4.23964794921875,4.121510028839111,0.0943712270556528,0.0014745504227445,0.010321852959212
8,8,64,0.25,0.257,relu,0,8,24,0.375,77500,16,8000,125.0,7,0.1060624923706052,4.246982177734375,4.1409196853637695,0.2224843866806745,0.0034763185418855,0.0243342297931987
8,8,64,0.25,0.2532,relu,1,8,24,0.375,54500,16,8000,125.0,7,0.1119992752075198,4.309305908203125,4.1973066329956055,0.1986636725167539,0.0031041198830742,0.0217288391815199
8,8,64,0.25,0.262,relu,2,8,24,0.375,54500,16,8000,125.0,8,0.1101162567138676,4.2487900390625,4.138673782348633,0.1750705218712144,0.0027354769042377,0.0218838152339018
8,8,64,0.25,0.2563,relu,3,8,24,0.375,53000,16,8000,125.0,8,0.1115603485107419,4.300527099609375,4.188966751098633,0.2180994465896137,0.0034078038529627,0.0272624308237017
8,8,64,0.25,0.2567,relu,4,8,24,0.375,63500,16,8000,125.0,8,0.1124545707702635,4.233964599609375,4.121510028839111,0.1442174732439346,0.0022533980194364,0.0180271841554918
8,8,64,0.5,0.5088,identity,0,8,24,0.375,59000,16,8000,125.0,6,0.1126539077758792,4.43032568359375,4.317671775817871,0.146945502206334,0.0022960234719739,0.0137761408318438
8,8,64,0.5,0.5042,identity,1,8,24,0.375,81500,16,8000,125.0,6,0.1051951103210449,4.489728515625,4.384533405303955,0.1530311452945654,0.0023911116452275,0.0143466698713655
8,8,64,0.5,0.5166,identity,2,8,24,0.375,52500,16,8000,125.0,7,0.1129987411499024,4.500672119140625,4.387673377990723,0.1497787349776677,0.002340292734026,0.0163820491381824
8,8,64,0.5,0.5079,identity,3,8,24,0.375,50000,16,8000,125.0,6,0.1174410324096681,4.47254833984375,4.355107307434082,0.1320775940119027,0.0020637124064359,0.0123822744386158
8,8,64,0.5,0.5087,identity,4,8,24,0.375,66500,16,8000,125.0,7,0.1137242927551271,4.41530615234375,4.301581859588623,0.1207303312428829,0.00188641142567,0.0132048799796903
8,8,64,0.5,0.5088,relu,0,8,24,0.375,45500,16,8000,125.0,7,0.1161526870727538,4.433824462890625,4.317671775817871,0.3645118559985982,0.005695497749978,0.0398684842498466
8,8,64,0.5,0.5042,relu,1,8,24,0.375,66000,16,8000,125.0,7,0.1089643974304195,4.493497802734375,4.384533405303955,0.3897976312457484,0.0060905879882148,0.0426341159175037
8,8,64,0.5,0.5166,relu,2,8,24,0.375,58000,16,8000,125.0,7,0.1120292587280271,4.49970263671875,4.387673377990723,0.3050632862810248,0.004766613848141,0.033366296936987
8,8,64,0.5,0.5079,relu,3,8,24,0.375,68500,16,8000,125.0,7,0.1083101730346678,4.46341748046875,4.355107307434082,0.4536021834115894,0.007087534115806,0.0496127388106425
8,8,64,0.5,0.5087,relu,4,8,24,0.375,52500,16,8000,125.0,8,0.1182599372863766,4.419841796875,4.301581859588623,0.2685600516265896,0.0041962508066654,0.0335700064533237
8,8,64,0.75,0.7558,identity,0,8,24,0.375,44000,16,8000,125.0,6,0.1102945976257325,4.64352490234375,4.533230304718018,0.2178739267990245,0.0034042801062347,0.0204256806374085
8,8,64,0.75,0.7531,identity,1,8,24,0.375,77500,16,8000,125.0,6,0.0973746986389159,4.7053740234375,4.607999324798584,0.1929872307899116,0.0030154254810923,0.0180925528865542
8,8,64,0.75,0.7635,identity,2,8,24,0.375,63500,16,8000,125.0,7,0.1012781333923342,4.77733642578125,4.676058292388916,0.2215228410837599,0.0034612943919337,0.0242290607435362
8,8,64,0.75,0.7554,identity,3,8,24,0.375,61000,16,8000,125.0,7,0.1033151550292972,4.685243408203125,4.581928253173828,0.2119049267439666,0.0033110144803744,0.0231771013626213
8,8,64,0.75,0.7564,identity,4,8,24,0.375,71500,16,8000,125.0,7,0.1047398185729981,4.597591552734375,4.492851734161377,0.1534980883827289,0.0023984076309801,0.0167888534168609
8,8,64,0.75,0.7558,relu,0,8,24,0.375,60000,16,8000,125.0,7,0.1054388847351077,4.638669189453125,4.533230304718018,0.8156131422425046,0.0127439553475391,0.0892076874327739
8,8,64,0.75,0.7531,relu,1,8,24,0.375,65000,16,8000,125.0,7,0.1033432044982909,4.711342529296875,4.607999324798584,0.7368252953452893,0.0115128952397701,0.080590266678391
8,8,64,0.75,0.7635,relu,2,8,24,0.375,57500,16,8000,125.0,7,0.1067503013610835,4.78280859375,4.676058292388916,0.6500595922814846,0.0101571811293981,0.0711002679057873
8,8,64,0.75,0.7554,relu,3,8,24,0.375,68000,16,8000,125.0,7,0.1051156921386722,4.6870439453125,4.581928253173828,0.9146433861402392,0.0142913029084412,0.1000391203590886
8,8,64,0.75,0.7564,relu,4,8,24,0.375,62500,16,8000,125.0,8,0.1082986564636234,4.601150390625,4.492851734161377,0.6403951783610059,0.0100061746618907,0.0800493972951257
8,8,64,1.0,1.0,identity,0,8,8,0.125,47000,16,8000,125.0,4,0.0624920730590821,4.841173828125,4.778681755065918,2.8961462152093533,0.0452522846126461,0.1810091384505845
8,8,64,1.0,1.0,identity,1,8,8,0.125,69500,16,8000,125.0,4,0.0554967308044433,4.913870849609375,4.858374118804932,4.7189488109250135,0.0737335751707033,0.2949343006828133
8,8,64,1.0,1.0,identity,2,8,8,0.125,62000,16,8000,125.0,3,0.0568974113464353,5.024404296875,4.9675068855285645,2.661839019262009,0.0415912346759688,0.1247737040279066
8,8,64,1.0,1.0,identity,3,8,8,0.125,46500,16,8000,125.0,3,0.0630452804565431,4.886292236328125,4.823246955871582,5.636838049448296,0.0880755945226296,0.2642267835678888
8,8,64,1.0,1.0,identity,4,8,8,0.125,49500,16,8000,125.0,4,0.0642282485961915,4.756640625,4.692412376403809,4.909032672335114,0.0767036355052361,0.3068145420209446
8,8,64,1.0,1.0,relu,0,8,8,0.125,49500,16,8000,125.0,4,0.0605697097778321,4.83925146484375,4.778681755065918,4.612715814708279,0.0720736846048168,0.2882947384192674
8,8,64,1.0,1.0,relu,1,8,8,0.125,50000,16,8000,125.0,4,0.0585260276794432,4.916900146484375,4.858374118804932,7.332273135787883,0.1145667677466856,0.4582670709867427
8,8,64,1.0,1.0,relu,2,8,8,0.125,50500,16,8000,125.0,4,0.0583295402526857,5.02583642578125,4.9675068855285645,5.144241616497399,0.0803787752577718,0.3215151010310874
8,8,64,1.0,1.0,relu,3,8,8,0.125,45000,16,8000,125.0,3,0.0614918136596678,4.88473876953125,4.823246955871582,7.765590935205918,0.1213373583625924,0.3640120750877774
8,8,64,1.0,1.0,relu,4,8,8,0.125,45500,16,8000,125.0,4,0.0627089614868161,4.755121337890625,4.692412376403809,8.320663274768444,0.1300103636682569,0.5200414546730278
8,8,96,0.0,0.0,identity,0,0,16,0.167,79500,16,8000,83.3,6,0.0935414562225345,4.075127197265625,3.981585741043091,0.1763333470698002,0.0018368056986437,0.0110208341918625
8,8,96,0.0,0.0,identity,1,0,16,0.167,72500,16,8000,83.3,6,0.0941083602905274,4.120224731445313,4.026116371154785,0.2140524704263926,0.0022297132336082,0.0133782794016495
8,8,96,0.0,0.0,identity,2,0,16,0.167,85000,16,8000,83.3,6,0.0895966510772705,4.015529296875,3.9259326457977295,0.2396486650172163,0.002496340260596,0.014978041563576
8,8,96,0.0,0.0,identity,3,0,16,0.167,63500,16,8000,83.3,6,0.1027104682922361,4.24722216796875,4.144511699676514,0.1602972925945675,0.0016697634645267,0.0100185807871604
8,8,96,0.0,0.0,identity,4,0,16,0.167,87000,16,8000,83.3,7,0.0932813262939449,4.094942626953125,4.00166130065918,0.1417059866594123,0.0014761040277022,0.0103327281939154
8,8,96,0.0,0.0,relu,0,0,16,0.167,55000,16,8000,83.3,10,0.0896254405975343,4.071211181640625,3.981585741043091,0.180928550547864,0.0018846724015402,0.0188467240154024
8,8,96,0.0,0.0,relu,1,0,16,0.167,54000,16,8000,83.3,9,0.0925026473999022,4.118619018554687,4.026116371154785,0.2020573502833976,0.002104764065452,0.0189428765890685
8,8,96,0.0,0.0,relu,2,0,16,0.167,54000,16,8000,83.3,9,0.0887966022491451,4.014729248046875,3.9259326457977295,0.1791976541097746,0.0018666422303101,0.0167997800727913
8,8,96,0.0,0.0,relu,3,0,16,0.167,60000,16,8000,83.3,10,0.0864504585266114,4.230962158203125,4.144511699676514,0.1385555390455362,0.0014432868650576,0.0144328686505766
8,8,96,0.0,0.0,relu,4,0,16,0.167,66500,16,8000,83.3,11,0.0882195587158198,4.089880859375,4.00166130065918,0.1717445274340432,0.0017890054941046,0.0196790604351507
8,8,96,0.25,0.257,identity,0,8,24,0.25,95000,16,8000,83.3,6,0.1124274826049802,4.25334716796875,4.1409196853637695,0.1473771824313888,0.0015351789836603,0.0092110739019618
8,8,96,0.25,0.2532,identity,1,8,24,0.25,59000,16,8000,83.3,6,0.1263808670043946,4.3236875,4.1973066329956055,0.1651572170856398,0.0017203876779754,0.0103223260678524
8,8,96,0.25,0.262,identity,2,8,24,0.25,62500,16,8000,83.3,7,0.1261235809326173,4.26479736328125,4.138673782348633,0.1658436524108145,0.0017275380459459,0.0120927663216218
8,8,96,0.25,0.2563,identity,3,8,24,0.25,65500,16,8000,83.3,7,0.1248555145263674,4.313822265625,4.188966751098633,0.2246366031956338,0.0023399646166211,0.0163797523163483
8,8,96,0.25,0.2567,identity,4,8,24,0.25,69500,16,8000,83.3,7,0.1272702445983888,4.2487802734375,4.121510028839111,0.1526054497007545,0.0015896401010495,0.0111274807073466
8,8,96,0.25,0.257,relu,0,8,24,0.25,53500,16,8000,83.3,7,0.1242702560424806,4.26518994140625,4.1409196853637695,0.223346152920313,0.0023265224262532,0.0162856569837728
8,8,96,0.25,0.2532,relu,1,8,24,0.25,61000,16,8000,83.3,7,0.1243908767700192,4.321697509765625,4.1973066329956055,0.217476634507605,0.0022653816094542,0.0158576712661795
8,8,96,0.25,0.262,relu,2,8,24,0.25,48500,16,8000,83.3,8,0.1260564422607419,4.264730224609375,4.138673782348633,0.23436451662101,0.0024412970481355,0.0195303763850841
8,8,96,0.25,0.2563,relu,3,8,24,0.25,40500,16,8000,83.3,8,0.1264497528076171,4.31541650390625,4.188966751098633,0.2161086996300435,0.0022511322878129,0.0180090583025036
8,8,96,0.25,0.2567,relu,4,8,24,0.25,50500,16,8000,83.3,9,0.1283859672546388,4.24989599609375,4.121510028839111,0.2107537546905989,0.0021953516113604,0.0197581645022436
8,8,96,0.5,0.5088,identity,0,8,24,0.25,59000,16,8000,83.3,6,0.1269344253540039,4.444606201171875,4.317671775817871,0.234017445068435,0.0024376817194628,0.0146260903167771
8,8,96,0.5,0.5042,identity,1,8,24,0.25,81500,16,8000,83.3,6,0.1156499443054199,4.500183349609375,4.384533405303955,0.2410219090153194,0.0025106448855762,0.0150638693134574
8,8,96,0.5,0.5166,identity,2,8,24,0.25,52500,16,8000,83.3,7,0.1289811630249024,4.516654541015625,4.387673377990723,0.2441014192088816,0.0025427231167591,0.0177990618173142
8,8,96,0.5,0.5079,identity,3,8,24,0.25,62000,16,8000,83.3,7,0.1255611495971678,4.48066845703125,4.355107307434082,0.2357510980953618,0.00245574060516,0.0171901842361201
8,8,96,0.5,0.5087,identity,4,8,24,0.25,93000,16,8000,83.3,7,0.1186312751770017,4.420213134765625,4.301581859588623,0.1514495696469239,0.0015775996838221,0.0110431977867548
8,8,96,0.5,0.5088,relu,0,8,24,0.25,57500,16,8000,83.3,7,0.1258616714477538,4.443533447265625,4.317671775817871,0.3830843754946827,0.0039904622447362,0.0279332357131539
8,8,96,0.5,0.5042,relu,1,8,24,0.25,50500,16,8000,83.3,7,0.1251592216491701,4.509692626953125,4.384533405303955,0.405972619207504,0.0042288814500781,0.0296021701505471
8,8,96,0.5,0.5166,relu,2,8,24,0.25,52000,16,8000,83.3,8,0.1259167098999025,4.513590087890625,4.387673377990723,0.3863550904758717,0.0040245321924569,0.0321962575396559
8,8,96,0.5,0.5079,relu,3,8,24,0.25,50500,16,8000,83.3,8,0.1277391281127933,4.482846435546875,4.355107307434082,0.5081252364909873,0.0052929712134477,0.0423437697075822
8,8,96,0.5,0.5087,relu,4,8,24,0.25,52500,16,8000,83.3,9,0.1319894294738768,4.4335712890625,4.301581859588623,0.365530994518533,0.0038076145262347,0.0342685307361124
8,8,96,0.75,0.7558,identity,0,8,24,0.25,59000,16,8000,83.3,6,0.1180272636413573,4.651257568359375,4.533230304718018,0.3713001242987225,0.0038677096281116,0.0232062577686701
8,8,96,0.75,0.7531,identity,1,8,24,0.25,77500,16,8000,83.3,6,0.1062555580139159,4.7142548828125,4.607999324798584,0.2298726732050595,0.0023945070125527,0.0143670420753162
8,8,96,0.75,0.7635,identity,2,8,24,0.25,63500,16,8000,83.3,6,0.1144182701110843,4.7904765625,4.676058292388916,0.2945104817501622,0.0030678175182308,0.0184069051093851
8,8,96,0.75,0.7554,identity,3,8,24,0.25,61000,16,8000,83.3,7,0.1151674499511719,4.697095703125,4.581928253173828,0.3518648151202819,0.0036652584908362,0.0256568094358538
8,8,96,0.75,0.7564,identity,4,8,24,0.25,87000,16,8000,83.3,7,0.1091404533386226,4.6019921875,4.492851734161377,0.2365639086011152,0.0024642073812616,0.0172494516688313
8,8,96,0.75,0.7558,relu,0,8,24,0.25,41500,16,8000,83.3,7,0.1236190605163578,4.656849365234375,4.533230304718018,0.8889245348729207,0.0092596305715929,0.0648174140011504
8,8,96,0.75,0.7531,relu,1,8,24,0.25,44000,16,8000,83.3,7,0.1217604408264163,4.729759765625,4.607999324798584,1.1585250456969804,0.0120679692260102,0.0844757845820715
8,8,96,0.75,0.7635,relu,2,8,24,0.25,55000,16,8000,83.3,7,0.1199563560485836,4.7960146484375,4.676058292388916,0.6730817582687774,0.0070112683152997,0.0490788782070983
8,8,96,0.75,0.7554,relu,3,8,24,0.25,47500,16,8000,83.3,8,0.1220099792480464,4.703938232421875,4.581928253173828,1.150340302083484,0.0119827114800362,0.0958616918402903
8,8,96,0.75,0.7564,relu,4,8,24,0.25,38000,16,8000,83.3,9,0.128987621307373,4.62183935546875,4.492851734161377,0.9844903458315762,0.0102551077690789,0.0922959699217102
8,8,96,1.0,1.0,identity,0,8,8,0.083,48000,16,8000,83.3,4,0.0705931472778322,4.84927490234375,4.778681755065918,3.632706716094125,0.0378406949593138,0.1513627798372552
8,8,96,1.0,1.0,identity,1,8,8,0.083,45500,16,8000,83.3,3,0.0704510765075685,4.9288251953125,4.858374118804932,8.482192490121895,0.088356171772103,0.2650685153163092
8,8,96,1.0,1.0,identity,2,8,8,0.083,61500,16,8000,83.3,3,0.0668803215026851,5.03438720703125,4.9675068855285645,4.411346521324734,0.0459515262637993,0.1378545787913979
8,8,96,1.0,1.0,identity,3,8,8,0.083,64500,16,8000,83.3,3,0.0661675949096682,4.88941455078125,4.823246955871582,8.473443281345903,0.0882650341806864,0.2647951025420594
8,8,96,1.0,1.0,identity,4,8,8,0.083,48500,16,8000,83.3,4,0.0719306411743163,4.764343017578125,4.692412376403809,7.351096251770296,0.0765739192892739,0.3062956771570956
8,8,96,1.0,1.0,relu,0,8,8,0.083,41500,16,8000,83.3,5,0.0702384109497069,4.848920166015625,4.778681755065918,6.252098253948781,0.0651260234786331,0.3256301173931656
8,8,96,1.0,1.0,relu,1,8,8,0.083,31000,16,8000,83.3,4,0.0720624046325681,4.9304365234375,4.858374118804932,9.547503346539838,0.0994531598597899,0.3978126394391599
8,8,96,1.0,1.0,relu,2,8,8,0.083,58500,16,8000,83.3,4,0.0626173820495603,5.030124267578125,4.9675068855285645,7.118041920623944,0.0741462700064994,0.2965850800259976
8,8,96,1.0,1.0,relu,3,8,8,0.083,68500,16,8000,83.3,4,0.0614703292846678,4.88471728515625,4.823246955871582,10.389989461345378,0.1082290568890143,0.4329162275560574
8,8,96,1.0,1.0,relu,4,8,8,0.083,51000,16,8000,83.3,5,0.0671064224243167,4.759518798828125,4.692412376403809,8.54282496938786,0.0889877600977902,0.444938800488951
8,16,16,0.0,0.0,identity,0,0,24,1.5,100500,16,8000,500.0,5,0.3406378059387203,4.28794873046875,3.947310924530029,0.1169869881245117,0.0073116867577819,0.0365584337889099
8,16,16,0.0,0.0,identity,1,0,24,1.5,98000,16,8000,500.0,4,0.3333749809265134,4.351613525390625,4.018238544464111,0.1430537337842234,0.0089408583615139,0.0357634334460558
8,16,16,0.0,0.0,identity,2,0,24,1.5,98500,16,8000,500.0,5,0.339978370666504,4.319332275390625,3.979353904724121,0.2142326573477596,0.0133895410842349,0.0669477054211748
8,16,16,0.0,0.0,identity,3,0,24,1.5,96000,16,8000,500.0,4,0.3437940559387211,4.42715234375,4.083358287811279,0.0900365866468384,0.0056272866654274,0.0225091466617096
8,16,16,0.0,0.0,identity,4,0,24,1.5,105500,16,8000,500.0,5,0.3694650726318356,4.41763134765625,4.048166275024414,0.0700553285245242,0.0043784580327827,0.0218922901639138
8,16,16,0.0,0.0,relu,0,0,24,1.5,110000,16,8000,500.0,4,0.4237418098449703,4.371052734375,3.947310924530029,0.6169804525773065,0.0385612782860816,0.1542451131443266
8,16,16,0.0,0.0,relu,1,0,24,1.5,100000,16,8000,500.0,4,0.412714824676514,4.430953369140625,4.018238544464111,0.6689010175735167,0.0418063135983447,0.1672252543933791
8,16,16,0.0,0.0,relu,2,0,24,1.5,120500,16,8000,500.0,4,0.4232576618194583,4.402611328125,3.979353666305542,0.5680884433387945,0.0355055277086746,0.1420221108346986
8,16,16,0.0,0.0,relu,3,0,24,1.5,139500,16,8000,500.0,5,0.418300159454346,4.501658447265625,4.083358287811279,0.7527831246571115,0.0470489452910694,0.2352447264553473
8,16,16,0.0,0.0,relu,4,0,24,1.5,107000,16,8000,500.0,5,0.430192855834961,4.478359130859375,4.048166275024414,0.4828726362900997,0.0301795397681312,0.1508976988406561
8,16,16,0.25,0.2578,identity,0,8,32,2.0,88500,16,8000,500.0,4,0.5053917274475097,4.571040283203125,4.065648555755615,0.1171125043226799,0.0073195315201674,0.0292781260806699
8,16,16,0.25,0.2532,identity,1,8,32,2.0,101500,16,8000,500.0,4,0.4884878044128422,4.59597119140625,4.107483386993408,0.1528499326771948,0.0095531207923246,0.0382124831692987
8,16,16,0.25,0.2609,identity,2,8,32,2.0,98000,16,8000,500.0,4,0.4716998672485353,4.62697998046875,4.155280113220215,0.070380965279803,0.0043988103299876,0.0175952413199507
8,16,16,0.25,0.2561,identity,3,8,32,2.0,103500,16,8000,500.0,4,0.4508209724426271,4.57552294921875,4.124701976776123,0.0769631752757569,0.0048101984547348,0.0192407938189392
8,16,16,0.25,0.2571,identity,4,8,32,2.0,111000,16,8000,500.0,5,0.5198485183715817,4.665015869140625,4.145167350769043,0.1068105460596223,0.0066756591287263,0.0333782956436319
8,16,16,0.25,0.2578,relu,0,8,32,2.0,100500,16,8000,500.0,4,0.5656224403381351,4.63127099609375,4.065648555755615,0.9042208307732784,0.0565138019233299,0.2260552076933196
8,16,16,0.25,0.2532,relu,1,8,32,2.0,138000,16,8000,500.0,4,0.5648784294128415,4.67236181640625,4.107483386993408,0.8654170419968354,0.0540885651248022,0.2163542604992088
8,16,16,0.25,0.2609,relu,2,8,32,2.0,127000,16,8000,500.0,4,0.5508773574829098,4.706157470703125,4.155280113220215,0.6932320487887792,0.0433270030492987,0.1733080121971948
8,16,16,0.25,0.2561,relu,3,8,32,2.0,127000,16,8000,500.0,4,0.5091412849426273,4.63384326171875,4.124701976776123,0.7851137427597049,0.0490696089224815,0.1962784356899262
8,16,16,0.25,0.2571,relu,4,8,32,2.0,130500,16,8000,500.0,5,0.5969517898559573,4.742119140625,4.145167350769043,0.8226013702516957,0.0514125856407309,0.2570629282036549
8,16,16,0.5,0.5103,identity,0,8,32,2.0,93000,16,8000,500.0,4,0.4523749961853029,4.7015,4.249125003814697,0.2197997261203164,0.0137374828825197,0.0549499315300791
8,16,16,0.5,0.5042,identity,1,8,32,2.0,102000,16,8000,500.0,3,0.4407399940490721,4.761439208984375,4.320699214935303,0.071269826067015,0.0044543641291884,0.0133630923875653
8,16,16,0.5,0.5139,identity,2,8,32,2.0,97000,16,8000,500.0,5,0.4396571273803706,4.8285283203125,4.388871192932129,0.1656033296630769,0.0103502081039423,0.0517510405197115
8,16,16,0.5,0.5078,identity,3,8,32,2.0,96000,16,8000,500.0,4,0.4137433166503905,4.751141845703125,4.337398529052734,0.1036739047863498,0.0064796190491468,0.0259184761965874
8,16,16,0.5,0.5097,identity,4,8,32,2.0,90000,16,8000,500.0,5,0.4515317726135253,4.749293212890625,4.2977614402771,0.1740242447661899,0.0108765152978868,0.0543825764894343
8,16,16,0.5,0.5103,relu,0,8,32,2.0,102000,16,8000,500.0,3,0.5412448692321776,4.790369873046875,4.249125003814697,1.360812704159066,0.0850507940099416,0.2551523820298249
8,16,16,0.5,0.5042,relu,1,8,32,2.0,119500,16,8000,500.0,4,0.5061323280334475,4.82683154296875,4.320699214935303,1.1456936675579903,0.0716058542223744,0.2864234168894976
8,16,16,0.5,0.5139,relu,2,8,32,2.0,141500,16,8000,500.0,3,0.5037342758178713,4.89260546875,4.388871192932129,1.3152383864259314,0.0822023991516207,0.2466071974548621
8,16,16,0.5,0.5078,relu,3,8,32,2.0,118500,16,8000,500.0,4,0.4678348693847658,4.8052333984375,4.337398529052734,1.1195251125024297,0.0699703195314018,0.2798812781256073
8,16,16,0.5,0.5097,relu,4,8,32,2.0,115500,16,8000,500.0,4,0.5136889991760256,4.811450439453125,4.2977614402771,1.184679537455944,0.0740424710909965,0.296169884363986
8,16,16,0.75,0.7578,identity,0,8,32,2.0,93000,16,8000,500.0,4,0.2844119758605954,4.80279833984375,4.518386363983154,0.2689091294097206,0.0168068205881075,0.0672272823524301
8,16,16,0.75,0.753,identity,1,8,32,2.0,107000,16,8000,500.0,3,0.2874851341247559,4.8926396484375,4.605154514312744,0.1469368131295364,0.009183550820596,0.027550652461788
8,16,16,0.75,0.7598,identity,2,8,32,2.0,100500,16,8000,500.0,4,0.2881310424804688,4.9618447265625,4.673713684082031,0.1413401111079125,0.0088337569442445,0.0353350277769781
8,16,16,0.75,0.7556,identity,3,8,32,2.0,96000,16,8000,500.0,4,0.269194679260254,4.898389892578125,4.629195213317871,0.1277261162037245,0.0079828822627327,0.0319315290509311
8,16,16,0.75,0.7577,identity,4,8,32,2.0,110500,16,8000,500.0,5,0.2711345100402829,4.759354248046875,4.488219738006592,0.1587518036306538,0.0099219877269158,0.0496099386345793
8,16,16,0.75,0.7578,relu,0,8,32,2.0,119000,16,8000,500.0,4,0.3372422981262204,4.855628662109375,4.518386363983154,1.679118503767725,0.1049449064854828,0.4197796259419312
8,16,16,0.75,0.753,relu,1,8,32,2.0,105000,16,8000,500.0,3,0.3621589622497563,4.9673134765625,4.605154514312744,2.3049168074758644,0.1440573004672415,0.4321719014017245
8,16,16,0.75,0.7598,relu,2,8,32,2.0,143000,16,8000,500.0,3,0.3314508666992184,5.00516455078125,4.673713684082031,1.607785713898071,0.1004866071186294,0.3014598213558883
8,16,16,0.75,0.7556,relu,3,8,32,2.0,147500,16,8000,500.0,4,0.307647071838379,4.93684228515625,4.629195213317871,1.4048017957428145,0.0878001122339259,0.3512004489357036
8,16,16,0.75,0.7577,relu,4,8,32,2.0,117500,16,8000,500.0,4,0.3241630744934083,4.8123828125,4.488219738006592,1.6210566055581463,0.1013160378473841,0.4052641513895366
8,16,16,1.0,1.0,identity,0,8,8,0.5,76000,16,8000,500.0,3,0.0405086135864261,4.893905029296875,4.853396415710449,0.9475060482567624,0.0592191280160476,0.1776573840481429
8,16,16,1.0,1.0,identity,1,8,8,0.5,71000,16,8000,500.0,2,0.0396251831054685,4.980459228515625,4.940834045410156,1.5785528967982458,0.0986595560498903,0.1973191120997807
8,16,16,1.0,1.0,identity,2,8,8,0.5,82000,16,8000,500.0,2,0.0366338043212888,4.98141796875,4.944784164428711,0.9490164295857276,0.0593135268491079,0.1186270536982159
8,16,16,1.0,1.0,identity,3,8,8,0.5,83500,16,8000,500.0,1,0.0356939392089845,5.019859130859375,4.984165191650391,3.564335756161363,0.2227709847600852,0.2227709847600852
8,16,16,1.0,1.0,identity,4,8,8,0.5,69000,16,8000,500.0,3,0.0403963012695314,4.737379638671875,4.696983337402344,1.2888072483678503,0.0805504530229906,0.2416513590689719
8,16,16,1.0,1.0,relu,0,8,8,0.5,77000,16,8000,500.0,2,0.0449124221801762,4.898308837890625,4.853396415710449,3.9919186241294407,0.24949491400809,0.4989898280161801
8,16,16,1.0,1.0,relu,1,8,8,0.5,88000,16,8000,500.0,2,0.0412443237304689,4.982078369140625,4.940834045410156,4.647198139236576,0.2904498837022859,0.5808997674045719
8,16,16,1.0,1.0,relu,2,8,8,0.5,78500,16,8000,500.0,2,0.0450090484619138,4.989793212890625,4.944784164428711,3.604487070165011,0.2252804418853131,0.4505608837706263
8,16,16,1.0,1.0,relu,3,8,8,0.5,81500,16,8000,500.0,1,0.0400503845214847,5.024215576171875,4.984165191650391,5.5125069436882965,0.3445316839805185,0.3445316839805185
8,16,16,1.0,1.0,relu,4,8,8,0.5,87000,16,8000,500.0,2,0.0415620727539058,4.73854541015625,4.696983337402344,3.3914511802884024,0.2119656987680251,0.4239313975360503
8,16,32,0.0,0.0,identity,0,0,24,0.75,56000,16,8000,250.0,6,0.0937432746887205,4.04105419921875,3.947310924530029,0.0427780238918691,0.0013368132466209,0.0080208794797254
8,16,32,0.0,0.0,identity,1,0,24,0.75,79500,16,8000,250.0,6,0.086756816864014,4.104995361328125,4.018238544464111,0.0358362346895988,0.0011198823340499,0.0067192940042997
8,16,32,0.0,0.0,identity,2,0,24,0.75,86500,16,8000,250.0,6,0.0855599136352536,4.064913818359375,3.979353904724121,0.0350377312931102,0.0010949291029096,0.0065695746174581
8,16,32,0.0,0.0,identity,3,0,24,0.75,63500,16,8000,250.0,6,0.0909379768371581,4.174296264648437,4.083358287811279,0.0384915646809512,0.0012028613962797,0.0072171683776783
8,16,32,0.0,0.0,identity,4,0,24,0.75,64500,16,8000,250.0,7,0.0909015960693357,4.13906787109375,4.048166275024414,0.0416391625318961,0.0013012238291217,0.0091085668038522
8,16,32,0.0,0.0,relu,0,0,24,0.75,74000,16,8000,250.0,6,0.1016171760559085,4.048928100585938,3.947310924530029,0.081295194489269,0.0025404748277896,0.0152428489667379
8,16,32,0.0,0.0,relu,1,0,24,0.75,85500,16,8000,250.0,6,0.096370098114014,4.114608642578125,4.018238544464111,0.0646726093185703,0.0020210190412053,0.0121261142472319
8,16,32,0.0,0.0,relu,2,0,24,0.75,73500,16,8000,250.0,7,0.098135103225708,4.07748876953125,3.979353666305542,0.0852181345526388,0.0026630667047699,0.0186414669333897
8,16,32,0.0,0.0,relu,3,0,24,0.75,61500,16,8000,250.0,6,0.1031384162902835,4.186496704101563,4.083358287811279,0.0834442138841626,0.00260763168388,0.0156457901032804
8,16,32,0.0,0.0,relu,4,0,24,0.75,76000,16,8000,250.0,7,0.0973858489990231,4.145552124023437,4.048166275024414,0.0671409309491081,0.0020981540921596,0.0146870786451174
8,16,32,0.25,0.2578,identity,0,8,32,1.0,89000,16,8000,250.0,6,0.0971959266662594,4.162844482421875,4.065648555755615,0.0347984591201313,0.0010874518475041,0.0065247110850246
8,16,32,0.25,0.2532,identity,1,8,32,1.0,96000,16,8000,250.0,5,0.0943300895690919,4.2018134765625,4.107483386993408,0.0317931884530152,0.0009935371391567,0.0049676856957836
8,16,32,0.25,0.2609,identity,2,8,32,1.0,98000,16,8000,250.0,6,0.0939679336547847,4.249248046875,4.155280113220215,0.0394640821272575,0.0012332525664767,0.0073995153988607
8,16,32,0.25,0.2561,identity,3,8,32,1.0,95500,16,8000,250.0,6,0.096603443145752,4.221305419921875,4.124701976776123,0.0344669231989662,0.0010770913499676,0.0064625480998061
8,16,32,0.25,0.2571,identity,4,8,32,1.0,86500,16,8000,250.0,7,0.1018995437622072,4.24706689453125,4.145167350769043,0.0358161537656824,0.0011192548051775,0.007834783636243
8,16,32,0.25,0.2578,relu,0,8,32,1.0,114000,16,8000,250.0,5,0.1288300819396974,4.194478637695313,4.065648555755615,0.1187805825755549,0.003711893205486,0.0185594660274304
8,16,32,0.25,0.2532,relu,1,8,32,1.0,114000,16,8000,250.0,6,0.1317512321472165,4.239234619140625,4.107483386993408,0.127518802888901,0.0039849625902781,0.0239097755416689
8,16,32,0.25,0.2609,relu,2,8,32,1.0,84000,16,8000,250.0,6,0.1396227188110348,4.29490283203125,4.155280113220215,0.1392508784177484,0.0043515899505546,0.0261095397033278
8,16,32,0.25,0.2561,relu,3,8,32,1.0,78500,16,8000,250.0,6,0.1402989997863768,4.2650009765625,4.124701976776123,0.130522908181983,0.0040788408806869,0.0244730452841218
8,16,32,0.25,0.2571,relu,4,8,32,1.0,88500,16,8000,250.0,6,0.1342684402465819,4.279435791015625,4.145167350769043,0.1175877883416043,0.0036746183856751,0.0220477103140508
8,16,32,0.5,0.5103,identity,0,8,32,1.0,93000,16,8000,250.0,6,0.091631343841553,4.34075634765625,4.249125003814697,0.0496557465641364,0.0015517420801292,0.0093104524807755
8,16,32,0.5,0.5042,identity,1,8,32,1.0,63500,16,8000,250.0,6,0.0990695838928221,4.419768798828125,4.320699214935303,0.0390620428894169,0.0012206888402942,0.0073241330417656
8,16,32,0.5,0.5139,identity,2,8,32,1.0,76000,16,8000,250.0,6,0.0956993637084959,4.484570556640625,4.388871192932129,0.0378756937789017,0.0011836154305906,0.007101692583544
8,16,32,0.5,0.5078,identity,3,8,32,1.0,91000,16,8000,250.0,6,0.0908778381347659,4.4282763671875,4.337398529052734,0.0499213340143909,0.0015600416879497,0.0093602501276982
8,16,32,0.5,0.5097,identity,4,8,32,1.0,95000,16,8000,250.0,7,0.092595737457275,4.390357177734375,4.2977614402771,0.0307387815090081,0.0009605869221565,0.0067241084550955
8,16,32,0.5,0.5103,relu,0,8,32,1.0,121500,16,8000,250.0,5,0.1414904747009275,4.390615478515625,4.249125003814697,0.3535930667358302,0.0110497833354946,0.0552489166774734
8,16,32,0.5,0.5042,relu,1,8,32,1.0,105000,16,8000,250.0,5,0.1278400917053224,4.448539306640625,4.320699214935303,0.2514116393896912,0.0078566137309278,0.0392830686546392
8,16,32,0.5,0.5139,relu,2,8,32,1.0,88000,16,8000,250.0,6,0.1297086410522459,4.518579833984375,4.388871192932129,0.2158286569163133,0.0067446455286347,0.0404678731718087
8,16,32,0.5,0.5078,relu,3,8,32,1.0,113500,16,8000,250.0,6,0.1269281311035159,4.46432666015625,4.337398529052734,0.2397818813339883,0.0074931837916871,0.0449591027501228
8,16,32,0.5,0.5097,relu,4,8,32,1.0,101500,16,8000,250.0,5,0.1336575050354005,4.4314189453125,4.2977614402771,0.1951439355145986,0.0060982479848312,0.030491239924156
8,16,32,0.75,0.7578,identity,0,8,32,1.0,77500,16,8000,250.0,5,0.0889058723449709,4.607292236328125,4.518386363983154,0.0732166581645044,0.0022880205676407,0.0114401028382038
8,16,32,0.75,0.753,identity,1,8,32,1.0,75500,16,8000,250.0,5,0.0851306419372557,4.69028515625,4.605154514312744,0.0691740047749585,0.0021616876492174,0.0108084382460872
8,16,32,0.75,0.7598,identity,2,8,32,1.0,76500,16,8000,250.0,6,0.0845795288085939,4.758293212890625,4.673713684082031,0.0519415294649158,0.0016231727957786,0.0097390367746717
8,16,32,0.75,0.7556,identity,3,8,32,1.0,72500,16,8000,250.0,6,0.0855120620727536,4.714707275390625,4.629195213317871,0.0742687250280249,0.0023208976571257,0.0139253859427546
8,16,32,0.75,0.7577,identity,4,8,32,1.0,90000,16,8000,250.0,6,0.0833959846496581,4.57161572265625,4.488219738006592,0.0582282216503145,0.0018196319265723,0.0109177915594339
8,16,32,0.75,0.7578,relu,0,8,32,1.0,101000,16,8000,250.0,6,0.1269710578918452,4.645357421875,4.518386363983154,0.573192277530499,0.017912258672828,0.1074735520369685
8,16,32,0.75,0.753,relu,1,8,32,1.0,105000,16,8000,250.0,5,0.1169331321716304,4.722087646484375,4.605154514312744,0.5890478821057293,0.018407746315804,0.0920387315790202
8,16,32,0.75,0.7598,relu,2,8,32,1.0,104500,16,8000,250.0,6,0.1243234252929683,4.798037109375,4.673713684082031,0.5348983760116687,0.0167155742503646,0.1002934455021878
8,16,32,0.75,0.7556,relu,3,8,32,1.0,117000,16,8000,250.0,5,0.1115440444946287,4.7407392578125,4.629195213317871,0.6276672964086407,0.01961460301277,0.0980730150638501
8,16,32,0.75,0.7577,relu,4,8,32,1.0,96000,16,8000,250.0,6,0.1227507209777831,4.610970458984375,4.488219738006592,0.4238722229265768,0.0132460069664555,0.0794760417987331
8,16,32,1.0,1.0,identity,0,8,8,0.25,51500,16,8000,250.0,3,0.0524978713989261,4.905894287109375,4.853396415710449,1.5436203002157445,0.048238134381742,0.144714403145226
8,16,32,1.0,1.0,identity,1,8,8,0.25,54500,16,8000,250.0,3,0.0483566284179683,4.989190673828125,4.940834045410156,2.863048584790989,0.0894702682747184,0.2684108048241552
8,16,32,1.0,1.0,identity,2,8,8,0.25,45000,16,8000,250.0,2,0.052682876586914,4.997467041015625,4.944784164428711,2.553458081669148,0.0797955650521608,0.1595911301043217
8,16,32,1.0,1.0,identity,3,8,8,0.25,66500,16,8000,250.0,1,0.0429141540527346,5.027079345703125,4.984165191650391,3.5457073500897214,0.1108033546903037,0.1108033546903037
8,16,32,1.0,1.0,identity,4,8,8,0.25,50000,16,8000,250.0,3,0.0525647583007815,4.749548095703125,4.696983337402344,1.7588568313499326,0.0549642759796853,0.1648928279390561
8,16,32,1.0,1.0,relu,0,8,8,0.25,77000,16,8000,250.0,2,0.0459358596801759,4.899332275390625,4.853396415710449,5.884198895004606,0.1838812154688939,0.3677624309377879
8,16,32,1.0,1.0,relu,1,8,8,0.25,66500,16,8000,250.0,2,0.0460482788085938,4.98688232421875,4.940834045410156,7.348727596230218,0.2296477373821943,0.4592954747643886
8,16,32,1.0,1.0,relu,2,8,8,0.25,49000,16,8000,250.0,2,0.0493755035400393,4.99415966796875,4.944784164428711,5.204907845015587,0.1626533701567371,0.3253067403134742
8,16,32,1.0,1.0,relu,3,8,8,0.25,51500,16,8000,250.0,2,0.0466814880371098,5.0308466796875,4.984165191650391,5.756580339757893,0.1798931356174341,0.3597862712348683
8,16,32,1.0,1.0,relu,4,8,8,0.25,54000,16,8000,250.0,2,0.0492979125976562,4.74628125,4.696983337402344,6.114750784856144,0.1910859620267545,0.382171924053509
8,16,64,0.0,0.0,identity,0,0,24,0.375,61500,16,8000,125.0,6,0.1183436164855953,4.065654541015625,3.947310924530029,0.1149109974102216,0.0017954843345347,0.0107729060072082
8,16,64,0.0,0.0,identity,1,0,24,0.375,50500,16,8000,125.0,6,0.1217939262390137,4.140032470703125,4.018238544464111,0.0992427129213585,0.0015506673893962,0.0093040043363773
8,16,64,0.0,0.0,identity,2,0,24,0.375,105000,16,8000,125.0,7,0.1038013687133787,4.0831552734375,3.979353904724121,0.0851070941456233,0.0013297983460253,0.0093085884221775
8,16,64,0.0,0.0,identity,3,0,24,0.375,65500,16,8000,125.0,6,0.1165148811340328,4.199873168945312,4.083358287811279,0.102311429090668,0.0015986160795416,0.0095916964772501
8,16,64,0.0,0.0,identity,4,0,24,0.375,71500,16,8000,125.0,7,0.1155973968505863,4.163763671875,4.048166275024414,0.1175805540676431,0.0018371961573069,0.0128603731011484
8,16,64,0.0,0.0,relu,0,0,24,0.375,58000,16,8000,125.0,7,0.1152305793762202,4.06254150390625,3.947310924530029,0.0787351770814626,0.0012302371418978,0.0086116599932849
8,16,64,0.0,0.0,relu,1,0,24,0.375,54500,16,8000,125.0,7,0.1137686576843259,4.132007202148437,4.018238544464111,0.0918624973586925,0.0014353515212295,0.0100474606486069
8,16,64,0.0,0.0,relu,2,0,24,0.375,59500,16,8000,125.0,8,0.1117680377960201,4.091121704101562,3.979353666305542,0.0951362265327828,0.0014865035395747,0.0118920283165978
8,16,64,0.0,0.0,relu,3,0,24,0.375,62500,16,8000,125.0,8,0.1114092903137207,4.194767578125,4.083358287811279,0.1080138247780802,0.0016877160121575,0.01350172809726
8,16,64,0.0,0.0,relu,4,0,24,0.375,63500,16,8000,125.0,9,0.1120358734130855,4.1602021484375,4.048166275024414,0.1009102629841284,0.001576722859127,0.014190505732143
8,16,64,0.25,0.2578,identity,0,8,32,0.5,58500,16,8000,125.0,6,0.1375460243225097,4.203194580078125,4.065648555755615,0.111941442154036,0.0017490850336568,0.0104945102019408
8,16,64,0.25,0.2532,identity,1,8,32,0.5,56000,16,8000,125.0,6,0.1383449821472169,4.245828369140625,4.107483386993408,0.0935577076335561,0.0014618391817743,0.0087710350906458
8,16,64,0.25,0.2609,identity,2,8,32,0.5,63000,16,8000,125.0,7,0.1350221328735354,4.29030224609375,4.155280113220215,0.1071607493465288,0.0016743867085395,0.0117207069597765
8,16,64,0.25,0.2561,identity,3,8,32,0.5,72500,16,8000,125.0,6,0.1281774177551273,4.25287939453125,4.124701976776123,0.1035330388670395,0.0016177037322974,0.0097062223937849
8,16,64,0.25,0.2571,identity,4,8,32,0.5,63000,16,8000,125.0,7,0.1364547195434573,4.2816220703125,4.145167350769043,0.078409518387025,0.0012251487247972,0.0085760410735808
8,16,64,0.25,0.2578,relu,0,8,32,0.5,65000,16,8000,125.0,7,0.1391217079162601,4.204770263671875,4.065648555755615,0.1611989357746885,0.0025187333714795,0.0176311336003565
8,16,64,0.25,0.2532,relu,1,8,32,0.5,63500,16,8000,125.0,7,0.1397551383972164,4.247238525390625,4.107483386993408,0.1538096663001537,0.0024032760359399,0.0168229322515793
8,16,64,0.25,0.2609,relu,2,8,32,0.5,60500,16,8000,125.0,7,0.1402987442016599,4.295578857421875,4.155280113220215,0.1242198792576602,0.0019409356134009,0.0135865492938065
8,16,64,0.25,0.2561,relu,3,8,32,0.5,75500,16,8000,125.0,7,0.1344869880676267,4.25918896484375,4.124701976776123,0.2078426588813278,0.0032475415450207,0.0227327908151452
8,16,64,0.25,0.2571,relu,4,8,32,0.5,66000,16,8000,125.0,7,0.1423180007934572,4.2874853515625,4.145167350769043,0.1424889760987929,0.0022263902515436,0.0155847317608054
8,16,64,0.5,0.5103,identity,0,8,32,0.5,43500,16,8000,125.0,6,0.1391367149353026,4.38826171875,4.249125003814697,0.1344312759747426,0.0021004886871053,0.0126029321226321
8,16,64,0.5,0.5042,identity,1,8,32,0.5,63500,16,8000,125.0,6,0.1291928749084476,4.44989208984375,4.320699214935303,0.0952812177753124,0.0014887690277392,0.0089326141664355
8,16,64,0.5,0.5139,identity,2,8,32,0.5,54500,16,8000,125.0,6,0.1323675765991208,4.52123876953125,4.388871192932129,0.1051296250831544,0.0016426503919242,0.0098559023515457
8,16,64,0.5,0.5078,identity,3,8,32,0.5,61500,16,8000,125.0,6,0.1277142639160153,4.46511279296875,4.337398529052734,0.1596862622121568,0.0024950978470649,0.0149705870823897
8,16,64,0.5,0.5097,identity,4,8,32,0.5,54500,16,8000,125.0,7,0.1377988624572754,4.435560302734375,4.2977614402771,0.1043353372911701,0.0016302396451745,0.0114116775162217
8,16,64,0.5,0.5103,relu,0,8,32,0.5,61000,16,8000,125.0,7,0.1394321250915524,4.38855712890625,4.249125003814697,0.3506791253565998,0.0054793613336968,0.0383555293358781
8,16,64,0.5,0.5042,relu,1,8,32,0.5,80000,16,8000,125.0,7,0.1323056678771976,4.4530048828125,4.320699214935303,0.2892119263462306,0.0045189363491598,0.0316325544441189
8,16,64,0.5,0.5139,relu,2,8,32,0.5,64000,16,8000,125.0,7,0.1370038070678711,4.525875,4.388871192932129,0.2418620387468547,0.0037790943554196,0.0264536604879372
8,16,64,0.5,0.5078,relu,3,8,32,0.5,68500,16,8000,125.0,7,0.1324728088378908,4.469871337890625,4.337398529052734,0.3232434386805016,0.0050506787293828,0.0353547511056798
8,16,64,0.5,0.5097,relu,4,8,32,0.5,77500,16,8000,125.0,7,0.1383230323791506,4.43608447265625,4.2977614402771,0.3617701105794867,0.0056526579778044,0.0395686058446313
8,16,64,0.75,0.7578,identity,0,8,32,0.5,43500,16,8000,125.0,6,0.1262881965637206,4.644674560546875,4.518386363983154,0.2043566168194691,0.0031930721378042,0.0191584328268252
8,16,64,0.75,0.753,identity,1,8,32,0.5,54500,16,8000,125.0,6,0.1188652610778806,4.724019775390625,4.605154514312744,0.1513338671108498,0.002364591673607,0.0141875500416421
8,16,64,0.75,0.7598,identity,2,8,32,0.5,54000,16,8000,125.0,6,0.1176019897460936,4.791315673828125,4.673713684082031,0.1856125034445304,0.0029001953663207,0.0174011721979247
8,16,64,0.75,0.7556,identity,3,8,32,0.5,40000,16,8000,125.0,6,0.1228289566040041,4.752024169921875,4.629195213317871,0.3070919949796278,0.0047983124215566,0.0287898745293401
8,16,64,0.75,0.7577,identity,4,8,32,0.5,59000,16,8000,125.0,7,0.1210590705871581,4.60927880859375,4.488219738006592,0.1648311519209864,0.0025754867487654,0.0180284072413578
8,16,64,0.75,0.7578,relu,0,8,32,0.5,50000,16,8000,125.0,7,0.1364276008605953,4.65481396484375,4.518386363983154,0.7499722531738148,0.0117183164558408,0.0820282151908859
8,16,64,0.75,0.753,relu,1,8,32,0.5,57500,16,8000,125.0,7,0.1300969505310059,4.73525146484375,4.605154514312744,0.7219674682599534,0.0112807416915617,0.0789651918409324
8,16,64,0.75,0.7598,relu,2,8,32,0.5,71000,16,8000,125.0,7,0.1263026733398433,4.800016357421875,4.673713684082031,0.673856310504508,0.0105290048516329,0.0737030339614305
8,16,64,0.75,0.7556,relu,3,8,32,0.5,61000,16,8000,125.0,7,0.1252637710571287,4.754458984375,4.629195213317871,0.8559491502094766,0.013374205472023,0.0936194383041615
8,16,64,0.75,0.7577,relu,4,8,32,0.5,77000,16,8000,125.0,7,0.1279072151184079,4.616126953125,4.488219738006592,0.6425607910167822,0.0100400123596372,0.0702800865174605
8,16,64,1.0,1.0,identity,0,8,8,0.125,33000,16,8000,125.0,3,0.0726841506958004,4.92608056640625,4.853396415710449,3.526317991063728,0.0550987186103707,0.1652961558311122
8,16,64,1.0,1.0,identity,1,8,8,0.125,54500,16,8000,125.0,3,0.0569274291992183,4.997761474609375,4.940834045410156,6.880847214169737,0.1075132377214021,0.3225397131642064
8,16,64,1.0,1.0,identity,2,8,8,0.125,54500,16,8000,125.0,3,0.0567055816650388,5.00148974609375,4.944784164428711,4.517931791092017,0.0705926842358127,0.2117780527074382
8,16,64,1.0,1.0,identity,3,8,8,0.125,41000,16,8000,125.0,1,0.0613704528808591,5.04553564453125,4.984165191650391,11.217160768445927,0.1752681370069676,0.1752681370069676
8,16,64,1.0,1.0,identity,4,8,8,0.125,49500,16,8000,125.0,3,0.0625776977539063,4.75956103515625,4.696983337402344,3.049181068956211,0.0476434542024407,0.1429303626073224
8,16,64,1.0,1.0,relu,0,8,8,0.125,48500,16,8000,125.0,3,0.0613506546020508,4.9147470703125,4.853396415710449,6.494619398258624,0.1014784280977909,0.3044352842933729
8,16,64,1.0,1.0,relu,1,8,8,0.125,56500,16,8000,125.0,3,0.056765075683594,4.99759912109375,4.940834045410156,8.978698546160354,0.1402921647837555,0.4208764943512666
8,16,64,1.0,1.0,relu,2,8,8,0.125,60000,16,8000,125.0,3,0.0542846832275394,4.99906884765625,4.944784164428711,7.114050024489855,0.1111570316326539,0.3334710948979619
8,16,64,1.0,1.0,relu,3,8,8,0.125,46000,16,8000,125.0,2,0.0570345153808595,5.04119970703125,4.984165191650391,11.660548900634,0.1821960765724062,0.3643921531448125
8,16,64,1.0,1.0,relu,4,8,8,0.125,42000,16,8000,125.0,3,0.0625667114257808,4.759550048828125,4.696983337402344,6.841907413568781,0.1069048033370122,0.3207144100110366
8,16,96,0.0,0.0,identity,0,0,24,0.25,61500,16,8000,83.3,6,0.1317455940246583,4.079056518554688,3.947310924530029,0.1767461172389658,0.0018411053879058,0.0110466323274353
8,16,96,0.0,0.0,identity,1,0,24,0.25,51000,16,8000,83.3,6,0.1365826225280759,4.154821166992187,4.018238544464111,0.1603864732149187,0.001670692429322,0.0100241545759324
8,16,96,0.0,0.0,identity,2,0,24,0.25,82500,16,8000,83.3,6,0.1196886978149418,4.099042602539063,3.979353904724121,0.1536311004487044,0.0016003239630073,0.009601943778044
8,16,96,0.0,0.0,identity,3,0,24,0.25,97500,16,8000,83.3,7,0.1163218879699705,4.19968017578125,4.083358287811279,0.1264473063099681,0.0013171594407288,0.0092201160851018
8,16,96,0.0,0.0,identity,4,0,24,0.25,71500,16,8000,83.3,7,0.129289535522461,4.177455810546875,4.048166275024414,0.1677523774773325,0.0017474205987222,0.0122319441910555
8,16,96,0.0,0.0,relu,0,0,24,0.25,49000,16,8000,83.3,8,0.1298054084777833,4.077116333007813,3.947310924530029,0.097503004039659,0.0010156562920797,0.0081252503366382
8,16,96,0.0,0.0,relu,1,0,24,0.25,54500,16,8000,83.3,8,0.1251334037780758,4.143371948242187,4.018238544464111,0.1048079116750348,0.0010917490799482,0.0087339926395862
8,16,96,0.0,0.0,relu,2,0,24,0.25,63000,16,8000,83.3,9,0.1233429889678952,4.102696655273437,3.979353666305542,0.0957752390626329,0.0009976587402357,0.0089789286621218
8,16,96,0.0,0.0,relu,3,0,24,0.25,54500,16,8000,83.3,10,0.1238483772277829,4.207206665039062,4.083358287811279,0.0877509405780163,0.0009140722976876,0.0091407229768767
8,16,96,0.0,0.0,relu,4,0,24,0.25,65000,16,8000,83.3,10,0.1200192718505857,4.168185546875,4.048166275024414,0.076159068073163,0.0007933236257621,0.0079332362576211
8,16,96,0.25,0.2578,identity,0,8,32,0.333,40000,16,8000,83.3,6,0.1700650672912598,4.235713623046875,4.065648555755615,0.1547828571503235,0.0016123214286492,0.0096739285718952
8,16,96,0.25,0.2532,identity,1,8,32,0.333,96000,16,8000,83.3,6,0.1408838005065922,4.2483671875,4.107483386993408,0.1354723498411787,0.0014111703108456,0.0084670218650736
8,16,96,0.25,0.2609,identity,2,8,32,0.333,64000,16,8000,83.3,7,0.1524615859985347,4.30774169921875,4.155280113220215,0.1342997367917934,0.0013989555915811,0.0097926891410682
8,16,96,0.25,0.2561,identity,3,8,32,0.333,72500,16,8000,83.3,6,0.1464989509582519,4.271200927734375,4.124701976776123,0.1922612374263478,0.0020027212231911,0.0120163273391467
8,16,96,0.25,0.2571,identity,4,8,32,0.333,80500,16,8000,83.3,7,0.1474066238403324,4.292573974609375,4.145167350769043,0.1227962878344103,0.0012791279982751,0.0089538959879257
8,16,96,0.25,0.2578,relu,0,8,32,0.333,55500,16,8000,83.3,8,0.1589608192443847,4.224609375,4.065648555755615,0.2016482274799375,0.0021005023695826,0.0168040189566614
8,16,96,0.25,0.2532,relu,1,8,32,0.333,47500,16,8000,83.3,8,0.158535167694092,4.2660185546875,4.107483386993408,0.2112581960427182,0.0022006062087783,0.0176048496702265
8,16,96,0.25,0.2609,relu,2,8,32,0.333,49500,16,8000,83.3,8,0.1583385391235348,4.31361865234375,4.155280113220215,0.1817399055173322,0.0018931240158055,0.0151449921264443
8,16,96,0.25,0.2561,relu,3,8,32,0.333,61000,16,8000,83.3,8,0.1535597419738765,4.27826171875,4.124701976776123,0.2318076790168257,0.0024146633230919,0.0193173065847354
8,16,96,0.25,0.2571,relu,4,8,32,0.333,47000,16,8000,83.3,8,0.1664315261840823,4.311598876953125,4.145167350769043,0.2160291998957598,0.0022503041655808,0.0180024333246466
8,16,96,0.5,0.5103,identity,0,8,32,0.333,72000,16,8000,83.3,6,0.1446723594665524,4.39379736328125,4.249125003814697,0.1550685216165902,0.0016152971001728,0.0096917826010368
8,16,96,0.5,0.5042,identity,1,8,32,0.333,75500,16,8000,83.3,6,0.1413371620178223,4.462036376953125,4.320699214935303,0.2251559934965573,0.0023453749322558,0.0140722495935348
8,16,96,0.5,0.5139,identity,2,8,32,0.333,54500,16,8000,83.3,7,0.1526095199584958,4.541480712890625,4.388871192932129,0.1806552038688149,0.0018818250403001,0.013172775282101
8,16,96,0.5,0.5078,identity,3,8,32,0.333,39500,16,8000,83.3,6,0.1617135314941409,4.499112060546875,4.337398529052734,0.2545296613734721,0.002651350639307,0.015908103835842
8,16,96,0.5,0.5097,identity,4,8,32,0.333,66500,16,8000,83.3,7,0.1490119972229004,4.4467734375,4.2977614402771,0.162912392461681,0.0016970040881425,0.0118790286169975
8,16,96,0.5,0.5103,relu,0,8,32,0.333,63000,16,8000,83.3,8,0.1564121055603031,4.405537109375,4.249125003814697,0.4017406061227982,0.0041847979804458,0.0334783838435665
8,16,96,0.5,0.5042,relu,1,8,32,0.333,49000,16,8000,83.3,7,0.1578071327209471,4.47850634765625,4.320699214935303,0.3285224649066783,0.0034221090094445,0.0239547630661119
8,16,96,0.5,0.5139,relu,2,8,32,0.333,44500,16,8000,83.3,8,0.158352195739746,4.547223388671875,4.388871192932129,0.3838784580612105,0.0039987339381376,0.0319898715051008
8,16,96,0.5,0.5078,relu,3,8,32,0.333,53500,16,8000,83.3,7,0.1537938537597654,4.4911923828125,4.337398529052734,0.4156373842188424,0.0043295560856129,0.0303068925992905
8,16,96,0.5,0.5097,relu,4,8,32,0.333,46500,16,8000,83.3,8,0.1650276222229001,4.4627890625,4.2977614402771,0.3644777178223857,0.0037966428939831,0.0303731431518654
8,16,96,0.75,0.7578,identity,0,8,32,0.333,72000,16,8000,83.3,6,0.1292352180480955,4.64762158203125,4.518386363983154,0.1985789454107685,0.0020685306813621,0.012411184088173
8,16,96,0.75,0.753,identity,1,8,32,0.333,54500,16,8000,83.3,6,0.1375740013122559,4.742728515625,4.605154514312744,0.2070706336479493,0.0021569857671661,0.0129419146029968
8,16,96,0.75,0.7598,identity,2,8,32,0.333,54000,16,8000,83.3,7,0.1374064331054691,4.8111201171875,4.673713684082031,0.2689078325335329,0.0028011232555576,0.0196078627889034
8,16,96,0.75,0.7556,identity,3,8,32,0.333,40000,16,8000,83.3,6,0.1437249526977542,4.772920166015625,4.629195213317871,0.486835536523381,0.0050712035054518,0.0304272210327113
8,16,96,0.75,0.7577,identity,4,8,32,0.333,93500,16,8000,83.3,7,0.1222299690246577,4.61044970703125,4.488219738006592,0.2324041658491479,0.0024208767275952,0.016946137093167
8,16,96,0.75,0.7578,relu,0,8,32,0.333,48000,16,8000,83.3,7,0.1501180305480955,4.66850439453125,4.518386363983154,0.9546795417447748,0.0099445785598414,0.0696120499188898
8,16,96,0.75,0.753,relu,1,8,32,0.333,46500,16,8000,83.3,7,0.1488025169372555,4.75395703125,4.605154514312744,0.8834197363878845,0.0092022889207071,0.0644160224449499
8,16,96,0.75,0.7598,relu,2,8,32,0.333,61500,16,8000,83.3,8,0.1442394409179686,4.817953125,4.673713684082031,0.8035631231617709,0.0083704491996017,0.0669635935968142
8,16,96,0.75,0.7556,relu,3,8,32,0.333,61000,16,8000,83.3,7,0.1420767593383791,4.77127197265625,4.629195213317871,1.1716942794671512,0.0122051487444494,0.0854360412111464
8,16,96,0.75,0.7577,relu,4,8,32,0.333,54000,16,8000,83.3,7,0.1511274299621581,4.63934716796875,4.488219738006592,0.9535627646416834,0.0099329454650175,0.0695306182551227
8,16,96,1.0,1.0,identity,0,8,8,0.083,44500,16,8000,83.3,3,0.0723198928833008,4.92571630859375,4.853396415710449,4.622599828051973,0.048152081542208,0.1444562446266241
8,16,96,1.0,1.0,identity,1,8,8,0.083,54500,16,8000,83.3,3,0.0650014038085933,5.00583544921875,4.940834045410156,9.91279957676974,0.1032583289246847,0.3097749867740543
8,16,96,1.0,1.0,identity,2,8,8,0.083,42500,16,8000,83.3,3,0.0690537261962891,5.013837890625,4.944784164428711,7.385901998079271,0.076936479146659,0.2308094374399772
8,16,96,1.0,1.0,identity,3,8,8,0.083,34500,16,8000,83.3,2,0.0730513610839844,5.057216552734375,4.984165191650391,9.802217710308597,0.1021064344823812,0.2042128689647624
8,16,96,1.0,1.0,identity,4,8,8,0.083,50000,16,8000,83.3,3,0.0698728637695316,4.766856201171875,4.696983337402344,5.741184349314903,0.0598040036386969,0.1794120109160907
8,16,96,1.0,1.0,relu,0,8,8,0.083,76000,16,8000,83.3,4,0.0613147659301755,4.914711181640625,4.853396415710449,9.164692665167092,0.0954655485954905,0.3818621943819621
8,16,96,1.0,1.0,relu,1,8,8,0.083,41500,16,8000,83.3,4,0.067315368652344,5.0081494140625,4.940834045410156,10.495029942068264,0.109323228563211,0.4372929142528443
8,16,96,1.0,1.0,relu,2,8,8,0.083,38500,16,8000,83.3,3,0.0660913238525386,5.01087548828125,4.944784164428711,10.186899163046638,0.1061135329484024,0.3183405988452074
8,16,96,1.0,1.0,relu,3,8,8,0.083,46000,16,8000,83.3,2,0.0624515075683591,5.04661669921875,4.984165191650391,16.28287379314089,0.1696132686785509,0.3392265373571019
8,16,96,1.0,1.0,relu,4,8,8,0.083,44000,16,8000,83.3,3,0.0687944946289063,4.76577783203125,4.696983337402344,10.080662365210877,0.1050068996376133,0.3150206989128399
8,32,16,0.0,0.0,identity,0,0,40,2.5,112500,16,8000,500.0,5,0.7020279712677002,4.701921875,3.9998939037323,0.1375834360327035,0.0085989647520439,0.0429948237602198
8,32,16,0.0,0.0,identity,1,0,40,2.5,91000,16,8000,500.0,4,0.7310680160522463,4.774785400390625,4.043717384338379,0.1459939694847903,0.0091246230927993,0.0364984923711975
8,32,16,0.0,0.0,identity,2,0,40,2.5,104500,16,8000,500.0,5,0.7015231513977049,4.721988525390625,4.02046537399292,0.1643413249965494,0.0102713328122843,0.0513566640614217
8,32,16,0.0,0.0,identity,3,0,40,2.5,120500,16,8000,500.0,5,0.6373146247863772,4.621849365234375,3.984534740447998,0.1498074470600902,0.0093629654412556,0.0468148272062781
8,32,16,0.0,0.0,identity,4,0,40,2.5,121500,16,8000,500.0,5,0.7047221755981443,4.711995849609375,4.007273674011231,0.0876218175736897,0.0054763635983556,0.027381817991778
8,32,16,0.0,0.0,relu,0,0,40,2.5,150000,16,8000,500.0,4,0.7566090259551999,4.7565029296875,3.9998939037323,0.5909428880192884,0.0369339305012055,0.1477357220048221
8,32,16,0.0,0.0,relu,1,0,40,2.5,89500,16,8000,500.0,4,0.7976549301147458,4.841372314453125,4.043717384338379,0.5923737892674222,0.0370233618292138,0.1480934473168555
8,32,16,0.0,0.0,relu,2,0,40,2.5,150000,16,8000,500.0,4,0.7684511299133296,4.78891650390625,4.02046537399292,0.505656886924444,0.0316035554327777,0.126414221731111
8,32,16,0.0,0.0,relu,3,0,40,2.5,128000,16,8000,500.0,5,0.6867836189270022,4.671318359375,3.984534740447998,0.3133649264806325,0.0195853079050395,0.0979265395251976
8,32,16,0.0,0.0,relu,4,0,40,2.5,117000,16,8000,500.0,4,0.7660788650512691,4.7733525390625,4.007273674011231,0.2928995115210124,0.0183062194700632,0.0732248778802531
8,32,16,0.25,0.2577,identity,0,8,48,3.0,81000,16,8000,500.0,5,0.7876059265136721,4.849301025390625,4.061695098876953,0.1960331273834764,0.0122520704614672,0.0612603523073363
8,32,16,0.25,0.2533,identity,1,8,48,3.0,92000,16,8000,500.0,4,0.8170879020690922,5.02015234375,4.203064441680908,0.1914246317855883,0.0119640394865992,0.047856157946397
8,32,16,0.25,0.2609,identity,2,8,48,3.0,98000,16,8000,500.0,5,0.752003231048584,4.905447998046875,4.153444766998291,0.2556165965491169,0.0159760372843198,0.079880186421599
8,32,16,0.25,0.2566,identity,3,8,48,3.0,85500,16,8000,500.0,5,0.7042893943786623,4.775134521484375,4.070845127105713,0.2011244366843764,0.0125702772927735,0.0628513864638676
8,32,16,0.25,0.257,identity,4,8,48,3.0,108500,16,8000,500.0,5,0.788668910980225,4.880922119140625,4.0922532081604,0.1778930252973266,0.0111183140810829,0.0555915704054145
8,32,16,0.25,0.2577,relu,0,8,48,3.0,142000,16,8000,500.0,4,0.8933671569824222,4.955062255859375,4.061695098876953,1.201355283590457,0.0750847052244035,0.3003388208976142
8,32,16,0.25,0.2533,relu,1,8,48,3.0,98000,16,8000,500.0,4,0.8886731071472171,5.091737548828125,4.203064441680908,0.8253785349270609,0.0515861584329413,0.2063446337317652
8,32,16,0.25,0.2609,relu,2,8,48,3.0,119500,16,8000,500.0,4,0.812083309173584,4.965528076171875,4.153444766998291,0.973562555197248,0.060847659699828,0.243390638799312
8,32,16,0.25,0.2566,relu,3,8,48,3.0,150000,16,8000,500.0,5,0.7484478416442872,4.81929296875,4.070845127105713,0.6377369538628923,0.0398585596164307,0.1992927980821538
8,32,16,0.25,0.257,relu,4,8,48,3.0,95000,16,8000,500.0,4,0.8495968894958494,4.94185009765625,4.0922532081604,0.8474833039008643,0.052967706493804,0.2118708259752161
8,32,16,0.5,0.5101,identity,0,8,48,3.0,106000,16,8000,500.0,4,0.585659324645996,4.76972705078125,4.184067726135254,0.2212166787706902,0.0138260424231681,0.0553041696926725
8,32,16,0.5,0.5045,identity,1,8,48,3.0,93000,16,8000,500.0,4,0.6497114944458007,5.08587158203125,4.436160087585449,0.313791248550145,0.019611953034384,0.0784478121375362
8,32,16,0.5,0.5143,identity,2,8,48,3.0,98000,16,8000,500.0,5,0.5951191329956051,4.94712890625,4.3520097732543945,0.265773235034404,0.0166108271896502,0.0830541359482512
8,32,16,0.5,0.509,identity,3,8,48,3.0,84000,16,8000,500.0,4,0.5428653526306153,4.7859326171875,4.243067264556885,0.2083996150094439,0.0130249759380902,0.0520999037523609
8,32,16,0.5,0.5092,identity,4,8,48,3.0,105000,16,8000,500.0,5,0.592408863067627,4.85529443359375,4.262885570526123,0.2608435169354774,0.0163027198084673,0.0815135990423367
8,32,16,0.5,0.5101,relu,0,8,48,3.0,101500,16,8000,500.0,5,0.641833396911621,4.825901123046875,4.184067726135254,1.5653030706412827,0.0978314419150801,0.4891572095754009
8,32,16,0.5,0.5045,relu,1,8,48,3.0,116000,16,8000,500.0,4,0.7175134963989258,5.153673583984375,4.436160087585449,1.1869887985427707,0.0741867999089231,0.2967471996356927
8,32,16,0.5,0.5143,relu,2,8,48,3.0,135000,16,8000,500.0,4,0.6545881271362308,5.006597900390625,4.3520097732543945,1.2996105807200344,0.0812256612950021,0.3249026451800086
8,32,16,0.5,0.509,relu,3,8,48,3.0,112000,16,8000,500.0,4,0.5928636436462407,4.835930908203125,4.243067264556885,1.535083412544865,0.095942713284054,0.3837708531362162
8,32,16,0.5,0.5092,relu,4,8,48,3.0,107500,16,8000,500.0,5,0.6365802497863768,4.8994658203125,4.262885570526123,1.200445567297567,0.0750278479560979,0.3751392397804897
8,32,16,0.75,0.7575,identity,0,8,48,3.0,82000,16,8000,500.0,4,0.3379998474121093,4.698904541015625,4.360904693603516,0.2128477442716579,0.0133029840169786,0.0532119360679144
8,32,16,0.75,0.7535,identity,1,8,48,3.0,75000,16,8000,500.0,4,0.3856270713806156,5.123475830078125,4.73784875869751,0.4562573710815977,0.0285160856925998,0.1140643427703994
8,32,16,0.75,0.7604,identity,2,8,48,3.0,94000,16,8000,500.0,5,0.3465813064575194,4.94107421875,4.5944929122924805,0.1953649424206359,0.0122103089012897,0.0610515445064487
8,32,16,0.75,0.7569,identity,3,8,48,3.0,110000,16,8000,500.0,5,0.3123427505493161,4.789728271484375,4.477385520935059,0.2923053041396487,0.018269081508728,0.0913454075436402
8,32,16,0.75,0.7568,identity,4,8,48,3.0,105000,16,8000,500.0,6,0.3425435791015623,4.838408447265625,4.495864868164063,0.3816666147635705,0.0238541634227231,0.1431249805363389
8,32,16,0.75,0.7575,relu,0,8,48,3.0,111500,16,8000,500.0,5,0.3664268493652347,4.72733154296875,4.360904693603516,1.567830643777558,0.0979894152360973,0.4899470761804869
8,32,16,0.75,0.7535,relu,1,8,48,3.0,94000,16,8000,500.0,2,0.4406016807556154,5.178450439453125,4.73784875869751,3.0265150679405077,0.1891571917462817,0.3783143834925634
8,32,16,0.75,0.7604,relu,2,8,48,3.0,136000,16,8000,500.0,3,0.3855717849731448,4.980064697265625,4.5944929122924805,2.020564951823013,0.1262853094889383,0.378855928466815
8,32,16,0.75,0.7569,relu,3,8,48,3.0,129500,16,8000,500.0,4,0.3508674087524417,4.8282529296875,4.477385520935059,2.0013673198212545,0.1250854574888284,0.5003418299553136
8,32,16,0.75,0.7568,relu,4,8,48,3.0,117000,16,8000,500.0,5,0.3814949951171877,4.87735986328125,4.495864868164063,1.6644505812429802,0.1040281613276862,0.5201408066384313
8,32,16,1.0,1.0,identity,0,8,8,0.5,50000,16,8000,500.0,4,0.0489878311157223,4.68987890625,4.640891075134277,0.8721147175350713,0.0545071698459419,0.2180286793837678
8,32,16,1.0,1.0,identity,1,8,8,0.5,54500,16,8000,500.0,2,0.0428723182678218,5.134079345703125,5.091207027435303,1.3865532859637553,0.0866595803727347,0.1733191607454694
8,32,16,1.0,1.0,identity,2,8,8,0.5,77000,16,8000,500.0,3,0.0381881713867189,4.937762451171875,4.899574279785156,1.1501275362480812,0.071882971015505,0.2156489130465152
8,32,16,1.0,1.0,identity,3,8,8,0.5,79000,16,8000,500.0,2,0.0394260101318355,4.81574169921875,4.776315689086914,1.6147818935182772,0.1009238683448923,0.2018477366897846
8,32,16,1.0,1.0,identity,4,8,8,0.5,62500,16,8000,500.0,3,0.0451462898254391,4.830691162109375,4.785544872283936,0.6047122787333087,0.0377945174208317,0.1133835522624953
8,32,16,1.0,1.0,relu,0,8,8,0.5,80500,16,8000,500.0,1,0.0455478897094723,4.68643896484375,4.640891075134277,8.742763704592551,0.5464227315370345,0.5464227315370345
8,32,16,1.0,1.0,relu,1,8,8,0.5,80000,16,8000,500.0,1,0.0419545936584473,5.13316162109375,5.091207027435303,8.192958222310416,0.512059888894401,0.512059888894401
8,32,16,1.0,1.0,relu,2,8,8,0.5,99000,16,8000,500.0,1,0.0414984741210933,4.94107275390625,4.899574279785156,5.6809461504215415,0.3550591344013463,0.3550591344013463
8,32,16,1.0,1.0,relu,3,8,8,0.5,91500,16,8000,500.0,1,0.0429968109130856,4.8193125,4.776315689086914,8.533315083507128,0.5333321927191955,0.5333321927191955
8,32,16,1.0,1.0,relu,4,8,8,0.5,96000,16,8000,500.0,2,0.0421765632629398,4.827721435546875,4.785544872283936,4.391759277516038,0.2744849548447524,0.5489699096895048
8,32,32,0.0,0.0,identity,0,0,40,1.25,82500,16,8000,250.0,5,0.2011102466583247,4.201004150390625,3.9998939037323,0.0600614280723651,0.0018769196272614,0.009384598136307
8,32,32,0.0,0.0,identity,1,0,40,1.25,91000,16,8000,250.0,5,0.2041878890991206,4.2479052734375,4.043717384338379,0.0871040158658023,0.0027220004958063,0.0136100024790316
8,32,32,0.0,0.0,identity,2,0,40,1.25,81000,16,8000,250.0,5,0.2057621650695802,4.2262275390625,4.02046537399292,0.0588274003324206,0.0018383562603881,0.0091917813019407
8,32,32,0.0,0.0,identity,3,0,40,1.25,83000,16,8000,250.0,5,0.1985760993957521,4.18311083984375,3.984534740447998,0.0610622230705153,0.0019081944709536,0.009540972354768
8,32,32,0.0,0.0,identity,4,0,40,1.25,73500,16,8000,250.0,6,0.2180769119262695,4.2253505859375,4.007273674011231,0.0592843580365194,0.0018526361886412,0.0111158171318473
8,32,32,0.0,0.0,relu,0,0,40,1.25,96000,16,8000,250.0,5,0.2428040943145752,4.242697998046875,3.9998939037323,0.0971657870581846,0.0030364308455682,0.0151821542278413
8,32,32,0.0,0.0,relu,1,0,40,1.25,101000,16,8000,250.0,5,0.250763572692871,4.29448095703125,4.043717384338379,0.1583371231882377,0.0049480350996324,0.0247401754981621
8,32,32,0.0,0.0,relu,2,0,40,1.25,99500,16,8000,250.0,5,0.2488820381164549,4.269347412109375,4.02046537399292,0.124796772175961,0.0038998991304987,0.0194994956524939
8,32,32,0.0,0.0,relu,3,0,40,1.25,85500,16,8000,250.0,5,0.2645199470520021,4.2490546875,3.984534740447998,0.1133239953265696,0.0035413748539553,0.0177068742697765
8,32,32,0.0,0.0,relu,4,0,40,1.25,103500,16,8000,250.0,6,0.2549206619262696,4.2621943359375,4.007273674011231,0.1109844570658835,0.0034682642833088,0.0208095856998531
8,32,32,0.25,0.2577,identity,0,8,48,1.5,81000,16,8000,250.0,5,0.2891579284667971,4.35085302734375,4.061695098876953,0.0912887623541988,0.0028527738235687,0.0142638691178435
8,32,32,0.25,0.2533,identity,1,8,48,1.5,73000,16,8000,250.0,5,0.3086045036315914,4.5116689453125,4.203064441680908,0.1284045141862924,0.0040126410683216,0.0200632053416081
8,32,32,0.25,0.2609,identity,2,8,48,1.5,79500,16,8000,250.0,5,0.2836941490173341,4.437138916015625,4.153444766998291,0.0732261707288791,0.0022883178352774,0.0114415891763873
8,32,32,0.25,0.2566,identity,3,8,48,1.5,84000,16,8000,250.0,5,0.2736097068786618,4.344454833984375,4.070845127105713,0.0693464225575562,0.0021670757049236,0.0108353785246181
8,32,32,0.25,0.257,identity,4,8,48,1.5,91000,16,8000,250.0,6,0.2979364891052247,4.390189697265625,4.0922532081604,0.0915181254626982,0.0028599414207093,0.0171596485242559
8,32,32,0.25,0.2577,relu,0,8,48,1.5,90000,16,8000,250.0,5,0.3428056335449216,4.404500732421875,4.061695098876953,0.1834961599034643,0.0057342549969832,0.0286712749849162
8,32,32,0.25,0.2533,relu,1,8,48,1.5,111500,16,8000,250.0,5,0.3454939079284669,4.548558349609375,4.203064441680908,0.1403263843235721,0.0043851995101116,0.0219259975505581
8,32,32,0.25,0.2609,relu,2,8,48,1.5,119500,16,8000,250.0,5,0.3321853599548339,4.485630126953125,4.153444766998291,0.1761911546433929,0.005505973582606,0.0275298679130301
8,32,32,0.25,0.2566,relu,3,8,48,1.5,84000,16,8000,250.0,5,0.3414742088317872,4.4123193359375,4.070845127105713,0.1891431108995591,0.0059107222156112,0.0295536110780561
8,32,32,0.25,0.257,relu,4,8,48,1.5,95000,16,8000,250.0,7,0.3458664207458497,4.43811962890625,4.0922532081604,0.2176448710023037,0.0068014022188219,0.0476098155317539
8,32,32,0.5,0.5101,identity,0,8,48,1.5,75500,16,8000,250.0,5,0.2416002426147461,4.42566796875,4.184067726135254,0.0944546694450669,0.0029517084201583,0.0147585421007917
8,32,32,0.5,0.5045,identity,1,8,48,1.5,64500,16,8000,250.0,5,0.2710925979614256,4.707252685546875,4.436160087585449,0.1311333894026053,0.0040979184188314,0.020489592094157
8,32,32,0.5,0.5143,identity,2,8,48,1.5,80000,16,8000,250.0,5,0.2506462326049803,4.602656005859375,4.3520097732543945,0.0823205682090588,0.002572517756533,0.0128625887826654
8,32,32,0.5,0.509,identity,3,8,48,1.5,87500,16,8000,250.0,5,0.2311983604431153,4.474265625,4.243067264556885,0.076672396286427,0.0023960123839508,0.0119800619197542
8,32,32,0.5,0.5092,identity,4,8,48,1.5,94500,16,8000,250.0,6,0.2455687751770021,4.508454345703125,4.262885570526123,0.0766458738160276,0.0023951835567508,0.0143711013405051
8,32,32,0.5,0.5101,relu,0,8,48,1.5,78500,16,8000,250.0,6,0.2892015609741207,4.473269287109375,4.184067726135254,0.3431017936397775,0.010721931051243,0.0643315863074582
8,32,32,0.5,0.5045,relu,1,8,48,1.5,94000,16,8000,250.0,5,0.3184180374145509,4.754578125,4.436160087585449,0.2987447789517303,0.0093357743422415,0.0466788717112078
8,32,32,0.5,0.5143,relu,2,8,48,1.5,93000,16,8000,250.0,5,0.2946113204956058,4.64662109375,4.3520097732543945,0.2872627230303363,0.008976960094698,0.04488480047349
8,32,32,0.5,0.509,relu,3,8,48,1.5,112000,16,8000,250.0,5,0.2693236045837404,4.512390869140625,4.243067264556885,0.225741745838629,0.0070544295574571,0.0352721477872857
8,32,32,0.5,0.5092,relu,4,8,48,1.5,97000,16,8000,250.0,7,0.2902450447082518,4.553130615234375,4.262885570526123,0.2623498623745737,0.0081984331992054,0.057389032394438
8,32,32,0.75,0.7575,identity,0,8,48,1.5,76000,16,8000,250.0,5,0.1722901306152344,4.53319482421875,4.360904693603516,0.1069806771963634,0.0033431461623863,0.0167157308119317
8,32,32,0.75,0.7535,identity,1,8,48,1.5,75000,16,8000,250.0,5,0.1896641807556154,4.927512939453125,4.73784875869751,0.1732230643239656,0.0054132207601239,0.0270661038006196
8,32,32,0.75,0.7604,identity,2,8,48,1.5,77000,16,8000,250.0,6,0.1756447830200196,4.7701376953125,4.5944929122924805,0.1073268001010083,0.0033539625031565,0.020123775018939
8,32,32,0.75,0.7569,identity,3,8,48,1.5,85500,16,8000,250.0,5,0.1643395767211917,4.64172509765625,4.477385520935059,0.1096639174628948,0.0034269974207154,0.0171349871035773
8,32,32,0.75,0.7568,identity,4,8,48,1.5,69500,16,8000,250.0,6,0.1783878173828128,4.674252685546875,4.495864868164063,0.074413675316537,0.0023254273536417,0.0139525641218507
8,32,32,0.75,0.7575,relu,0,8,48,1.5,111500,16,8000,250.0,6,0.202705413818359,4.563610107421875,4.360904693603516,0.5354812989789044,0.0167337905930907,0.1004027435585445
8,32,32,0.75,0.7535,relu,1,8,48,1.5,94000,16,8000,250.0,5,0.23088268661499,4.9687314453125,4.73784875869751,0.726998406174191,0.0227187001929434,0.1135935009647173
8,32,32,0.75,0.7604,relu,2,8,48,1.5,110500,16,8000,250.0,6,0.2100954666137697,4.80458837890625,4.5944929122924805,0.562410595531307,0.0175753311103533,0.10545198666212
8,32,32,0.75,0.7569,relu,3,8,48,1.5,117000,16,8000,250.0,6,0.2034855728149418,4.68087109375,4.477385520935059,0.4954623938531461,0.0154831998079108,0.0928991988474648
8,32,32,0.75,0.7568,relu,4,8,48,1.5,101500,16,8000,250.0,7,0.2096129150390622,4.705477783203125,4.495864868164063,0.4118418968416699,0.0128700592763021,0.0900904149341152
8,32,32,1.0,1.0,identity,0,8,8,0.25,98500,16,8000,250.0,3,0.0435254287719724,4.68441650390625,4.640891075134277,1.9631618158592408,0.0613488067456012,0.1840464202368038
8,32,32,1.0,1.0,identity,1,8,8,0.25,69000,16,8000,250.0,2,0.0443054237365725,5.135512451171875,5.091207027435303,3.205989812401219,0.100187181637538,0.2003743632750761
8,32,32,1.0,1.0,identity,2,8,8,0.25,47500,16,8000,250.0,3,0.0510353393554687,4.950609619140625,4.899574279785156,2.514331799646662,0.0785728687389581,0.2357186062168745
8,32,32,1.0,1.0,identity,3,8,8,0.25,53500,16,8000,250.0,2,0.0510561370849611,4.827371826171875,4.776315689086914,4.261692735324369,0.1331778979788865,0.2663557959577731
8,32,32,1.0,1.0,identity,4,8,8,0.25,75000,16,8000,250.0,3,0.0483293952941892,4.833874267578125,4.785544872283936,1.1755338180409605,0.03673543181378,0.11020629544134
8,32,32,1.0,1.0,relu,0,8,8,0.25,43000,16,8000,250.0,2,0.0569294815063479,4.697820556640625,4.640891075134277,8.091160066288529,0.2528487520715165,0.505697504143033
8,32,32,1.0,1.0,relu,1,8,8,0.25,59000,16,8000,250.0,2,0.0471799354553219,5.138386962890625,5.091207027435303,7.06149686956356,0.2206717771738612,0.4413435543477225
8,32,32,1.0,1.0,relu,2,8,8,0.25,66500,16,8000,250.0,2,0.0454542846679686,4.945028564453125,4.899574279785156,5.573612103395279,0.1741753782311024,0.3483507564622049
8,32,32,1.0,1.0,relu,3,8,8,0.25,68000,16,8000,250.0,2,0.0469333343505855,4.8232490234375,4.776315689086914,6.927252256823278,0.2164766330257274,0.4329532660514549
8,32,32,1.0,1.0,relu,4,8,8,0.25,64500,16,8000,250.0,2,0.0511682624816893,4.836713134765625,4.785544872283936,6.323647516267127,0.1976139848833477,0.3952279697666954
8,32,64,0.0,0.0,identity,0,0,40,0.625,69000,16,8000,125.0,6,0.1477763843536372,4.147670288085937,3.9998939037323,0.0769621008426487,0.0012025328256663,0.0072151969539983
8,32,64,0.0,0.0,identity,1,0,40,0.625,64000,16,8000,125.0,6,0.1509588851928711,4.19467626953125,4.043717384338379,0.0842646792372705,0.0013166356130823,0.0078998136784941
8,32,64,0.0,0.0,identity,2,0,40,0.625,58500,16,8000,125.0,7,0.1506660957336425,4.1711314697265625,4.02046537399292,0.0837228095126893,0.0013081688986357,0.0091571822904503
8,32,64,0.0,0.0,identity,3,0,40,0.625,60000,16,8000,125.0,6,0.1459799079895019,4.1305146484375,3.984534740447998,0.0795667224974631,0.0012432300390228,0.0074593802341371
8,32,64,0.0,0.0,identity,4,0,40,0.625,52000,16,8000,125.0,7,0.1532292556762691,4.1605029296875,4.007273674011231,0.0768133460352726,0.0012002085318011,0.0084014597226079
8,32,64,0.0,0.0,relu,0,0,40,0.625,64500,16,8000,125.0,7,0.1622821216583254,4.162176025390625,3.9998939037323,0.09074892805223,0.001417952000816,0.0099256640057126
8,32,64,0.0,0.0,relu,1,0,40,0.625,57500,16,8000,125.0,7,0.1628719711303707,4.20658935546875,4.043717384338379,0.1001802403337668,0.0015653162552151,0.0109572137865057
8,32,64,0.0,0.0,relu,2,0,40,0.625,78500,16,8000,125.0,8,0.1528201484680176,4.1732855224609375,4.02046537399292,0.086998810308623,0.0013593564110722,0.0108748512885778
8,32,64,0.0,0.0,relu,3,0,40,0.625,82000,16,8000,125.0,9,0.1485447273254392,4.133079467773437,3.984534740447998,0.079694148687219,0.0012452210732377,0.0112069896591401
8,32,64,0.0,0.0,relu,4,0,40,0.625,93000,16,8000,125.0,8,0.1547616043090816,4.162035278320312,4.007273674011231,0.0886283251087112,0.0013848175798236,0.0110785406385889
8,32,64,0.25,0.2577,identity,0,8,48,0.75,63000,16,8000,125.0,6,0.1615756530761718,4.223270751953125,4.061695098876953,0.074040307602299,0.0011568798062859,0.0069412788377155
8,32,64,0.25,0.2533,identity,1,8,48,0.75,47000,16,8000,125.0,6,0.1648452262878414,4.36790966796875,4.203064441680908,0.07708888466069,0.0012045138228232,0.0072270829369396
8,32,64,0.25,0.2609,identity,2,8,48,0.75,43500,16,8000,125.0,7,0.1674292564392088,4.3208740234375,4.153444766998291,0.0789935584675398,0.0012342743510553,0.0086399204573871
8,32,64,0.25,0.2566,identity,3,8,48,0.75,53500,16,8000,125.0,6,0.1609856834411624,4.231830810546875,4.070845127105713,0.0790685612192884,0.0012354462690513,0.0074126776143082
8,32,64,0.25,0.257,identity,4,8,48,0.75,69000,16,8000,125.0,7,0.1612182273864748,4.253471435546875,4.0922532081604,0.0751749114054008,0.0011746079907093,0.0082222559349657
8,32,64,0.25,0.2577,relu,0,8,48,0.75,79500,16,8000,125.0,7,0.1862619323730472,4.24795703125,4.061695098876953,0.1505092431370411,0.0023517069240162,0.0164619484681138
8,32,64,0.25,0.2533,relu,1,8,48,0.75,77000,16,8000,125.0,6,0.1848435173034666,4.387907958984375,4.203064441680908,0.1482738951065282,0.0023167796110395,0.013900677666237
8,32,64,0.25,0.2609,relu,2,8,48,0.75,73500,16,8000,125.0,7,0.186176815032959,4.33962158203125,4.153444766998291,0.1641827738691003,0.0025653558417046,0.0179574908919328
8,32,64,0.25,0.2566,relu,3,8,48,0.75,84000,16,8000,125.0,7,0.1848496971130373,4.25569482421875,4.070845127105713,0.1546146475199266,0.0024158538674988,0.0169109770724919
8,32,64,0.25,0.257,relu,4,8,48,0.75,64500,16,8000,125.0,7,0.1937485008239745,4.286001708984375,4.0922532081604,0.1471757447757099,0.0022996210121204,0.0160973470848432
8,32,64,0.5,0.5101,identity,0,8,48,0.75,61500,16,8000,125.0,6,0.1532574691772463,4.3373251953125,4.184067726135254,0.1022483057017337,0.0015976297765895,0.0095857786595375
8,32,64,0.5,0.5045,identity,1,8,48,0.75,64500,16,8000,125.0,6,0.150676582336426,4.586836669921875,4.436160087585449,0.0922494815141971,0.0014413981486593,0.0086483888919559
8,32,64,0.5,0.5143,identity,2,8,48,0.75,63500,16,8000,125.0,6,0.1500114669799801,4.502021240234375,4.3520097732543945,0.1138101685435904,0.0017782838834936,0.0106697033009616
8,32,64,0.5,0.509,identity,3,8,48,0.75,48000,16,8000,125.0,6,0.1542559776306156,4.3973232421875,4.243067264556885,0.113867694612469,0.0017791827283198,0.0106750963699189
8,32,64,0.5,0.5092,identity,4,8,48,0.75,63500,16,8000,125.0,7,0.1546075935363768,4.4174931640625,4.262885570526123,0.0850173538258249,0.0013283961535285,0.0092987730746996
8,32,64,0.5,0.5101,relu,0,8,48,0.75,78500,16,8000,125.0,7,0.1818585433959958,4.36592626953125,4.184067726135254,0.2256465132699046,0.0035257267698422,0.0246800873888958
8,32,64,0.5,0.5045,relu,1,8,48,0.75,81500,16,8000,125.0,6,0.1790733108520505,4.6152333984375,4.436160087585449,0.1896409824771018,0.0029631403512047,0.0177788421072282
8,32,64,0.5,0.5143,relu,2,8,48,0.75,83000,16,8000,125.0,7,0.1769643478393554,4.52897412109375,4.3520097732543945,0.2326795383437883,0.0036356177866216,0.0254493245063518
8,32,64,0.5,0.509,relu,3,8,48,0.75,74500,16,8000,125.0,7,0.1823287315368649,4.42539599609375,4.243067264556885,0.2711483124131869,0.004236692381456,0.0296568466701923
8,32,64,0.5,0.5092,relu,4,8,48,0.75,65500,16,8000,125.0,8,0.1912274665832516,4.454113037109375,4.262885570526123,0.1903564468007215,0.0029743194812612,0.0237945558500901
8,32,64,0.75,0.7575,identity,0,8,48,0.75,48500,16,8000,125.0,6,0.1405215759277345,4.50142626953125,4.360904693603516,0.1519943723055053,0.0023749120672735,0.0142494724036411
8,32,64,0.75,0.7535,identity,1,8,48,0.75,48000,16,8000,125.0,6,0.1375316123962404,4.87538037109375,4.73784875869751,0.1596674453290188,0.0024948038332659,0.0149688229995955
8,32,64,0.75,0.7604,identity,2,8,48,0.75,62000,16,8000,125.0,6,0.1310446853637694,4.72553759765625,4.5944929122924805,0.1413193453683926,0.0022081147713811,0.0132486886282868
8,32,64,0.75,0.7569,identity,3,8,48,0.75,71000,16,8000,125.0,6,0.130954322814941,4.60833984375,4.477385520935059,0.1542389904413462,0.002409984225646,0.0144599053538762
8,32,64,0.75,0.7568,identity,4,8,48,0.75,47000,16,8000,125.0,7,0.143066528320312,4.638931396484375,4.495864868164063,0.1288380021442293,0.0020130937835035,0.014091656484525
8,32,64,0.75,0.7575,relu,0,8,48,0.75,109500,16,8000,125.0,7,0.1649519958496093,4.525856689453125,4.360904693603516,0.6363724025995641,0.0099433187906181,0.0696032315343273
8,32,64,0.75,0.7535,relu,1,8,48,0.75,94000,16,8000,125.0,6,0.1623453330993651,4.900194091796875,4.73784875869751,0.5025782766496321,0.0078527855726505,0.047116713435903
8,32,64,0.75,0.7604,relu,2,8,48,0.75,87500,16,8000,125.0,7,0.1653752517700191,4.7598681640625,4.5944929122924805,0.5504678884332607,0.0086010607567696,0.0602074252973878
8,32,64,0.75,0.7569,relu,3,8,48,0.75,95500,16,8000,125.0,6,0.1701611099243161,4.647546630859375,4.477385520935059,0.5249291968164818,0.0082020187002575,0.0492121122015451
8,32,64,0.75,0.7568,relu,4,8,48,0.75,93500,16,8000,125.0,8,0.1731483154296871,4.66901318359375,4.495864868164063,0.5386736090786161,0.0084167751418533,0.067334201134827
8,32,64,1.0,1.0,identity,0,8,8,0.125,40000,16,8000,125.0,4,0.0676294326782223,4.7085205078125,4.640891075134277,4.921691938456977,0.0769014365383902,0.307605746153561
8,32,64,1.0,1.0,identity,1,8,8,0.125,48500,16,8000,125.0,2,0.0584101600646969,5.1496171875,5.091207027435303,6.251661868655349,0.0976822166977398,0.1953644333954796
8,32,64,1.0,1.0,identity,2,8,8,0.125,47500,16,8000,125.0,3,0.0601508178710936,4.95972509765625,4.899574279785156,4.505385938599585,0.0703966552906185,0.2111899658718555
8,32,64,1.0,1.0,identity,3,8,8,0.125,42000,16,8000,125.0,3,0.0647639007568363,4.84107958984375,4.776315689086914,7.0159717823280126,0.1096245590988752,0.3288736772966256
8,32,64,1.0,1.0,identity,4,8,8,0.125,59000,16,8000,125.0,3,0.0611201667785641,4.8466650390625,4.785544872283936,3.1320477790326446,0.048938246547385,0.1468147396421552
8,32,64,1.0,1.0,relu,0,8,8,0.125,43500,16,8000,125.0,3,0.0652285537719725,4.70611962890625,4.640891075134277,8.06408366445015,0.1260013072570336,0.3780039217711007
8,32,64,1.0,1.0,relu,1,8,8,0.125,45500,16,8000,125.0,2,0.059287357330322,5.150494384765625,5.091207027435303,11.379380161498798,0.1778028150234187,0.3556056300468374
8,32,64,1.0,1.0,relu,2,8,8,0.125,54000,16,8000,125.0,3,0.0576532592773437,4.9572275390625,4.899574279785156,7.838722172954984,0.1224800339524216,0.3674401018572649
8,32,64,1.0,1.0,relu,3,8,8,0.125,61000,16,8000,125.0,4,0.0571059417724608,4.833421630859375,4.776315689086914,7.416764866901014,0.1158869510453283,0.4635478041813133
8,32,64,1.0,1.0,relu,4,8,8,0.125,48500,16,8000,125.0,4,0.0642869148254394,4.849831787109375,4.785544872283936,6.321407577355605,0.0987719933961813,0.3950879735847253
8,32,96,0.0,0.0,identity,0,0,40,0.417,67000,16,8000,83.3,6,0.1722608814239503,4.17215478515625,3.9998939037323,0.1397735332693205,0.0014559743048887,0.0087358458293325
8,32,96,0.0,0.0,identity,1,0,40,0.417,32000,16,8000,83.3,6,0.1994806137084959,4.243197998046875,4.043717384338379,0.1613863177052493,0.0016811074760963,0.010086644856578
8,32,96,0.0,0.0,identity,2,0,40,0.417,74000,16,8000,83.3,7,0.1714127998352053,4.191878173828125,4.02046537399292,0.1385778474633254,0.0014435192444096,0.0101046347108674
8,32,96,0.0,0.0,identity,3,0,40,0.417,82500,16,8000,83.3,7,0.1624534187316895,4.146988159179688,3.984534740447998,0.164212052766499,0.0017105422163176,0.0119737955142238
8,32,96,0.0,0.0,identity,4,0,40,0.417,35500,16,8000,83.3,7,0.1948783035278323,4.202151977539063,4.007273674011231,0.136576855364871,0.0014226755767174,0.0099587290370218
8,32,96,0.0,0.0,relu,0,0,40,0.417,64500,16,8000,83.3,8,0.1734715747833251,4.173365478515625,3.9998939037323,0.0575565398751063,0.0005995472903656,0.0047963783229255
8,32,96,0.0,0.0,relu,1,0,40,0.417,57500,16,8000,83.3,8,0.1789498519897456,4.222667236328125,4.043717384338379,0.0759323480806358,0.0007909619591732,0.0063276956733863
8,32,96,0.0,0.0,relu,2,0,40,0.417,78000,16,8000,83.3,10,0.1699667549133297,4.19043212890625,4.02046537399292,0.0619938517814406,0.00064576928939,0.0064576928939
8,32,96,0.0,0.0,relu,3,0,40,0.417,67500,16,8000,83.3,9,0.1682528572082517,4.15278759765625,3.984534740447998,0.0789665748708904,0.0008225684882384,0.0074031163941459
8,32,96,0.0,0.0,relu,4,0,40,0.417,71500,16,8000,83.3,9,0.1720459060668941,4.179319580078125,4.007273674011231,0.0621613618393795,0.0006475141858268,0.0058276276724418
8,32,96,0.25,0.2577,identity,0,8,48,0.5,79500,16,8000,83.3,6,0.188253387451172,4.249948486328125,4.061695098876953,0.1292689275614083,0.0013465513287646,0.008079307972588
8,32,96,0.25,0.2533,identity,1,8,48,0.5,47000,16,8000,83.3,6,0.1994565544128415,4.40252099609375,4.203064441680908,0.1463745122533604,0.0015247345026391,0.009148407015835
8,32,96,0.25,0.2609,identity,2,8,48,0.5,43500,16,8000,83.3,7,0.2014697837829588,4.35491455078125,4.153444766998291,0.1627974314607096,0.0016958065777157,0.01187064604401
8,32,96,0.25,0.2566,identity,3,8,48,0.5,53500,16,8000,83.3,6,0.1939956932067872,4.2648408203125,4.070845127105713,0.1514455275682114,0.0015775575788355,0.0094653454730132
8,32,96,0.25,0.257,identity,4,8,48,0.5,38500,16,8000,83.3,7,0.2104606590270998,4.3027138671875,4.0922532081604,0.1481426396122174,0.0015431524959605,0.0108020674717241
8,32,96,0.25,0.2577,relu,0,8,48,0.5,64500,16,8000,83.3,8,0.2145570983886715,4.276252197265625,4.061695098876953,0.174899429058727,0.001821869052695,0.0145749524215605
8,32,96,0.25,0.2533,relu,1,8,48,0.5,57000,16,8000,83.3,7,0.2118034782409665,4.414867919921875,4.203064441680908,0.1588997844990579,0.0016552060885318,0.0115864426197229
8,32,96,0.25,0.2609,relu,2,8,48,0.5,62000,16,8000,83.3,8,0.212430965423584,4.365875732421875,4.153444766998291,0.1937800350519494,0.0020185420317911,0.0161483362543291
8,32,96,0.25,0.2566,relu,3,8,48,0.5,63500,16,8000,83.3,7,0.209449550628662,4.280294677734375,4.070845127105713,0.1944341657672817,0.0020253558934091,0.0141774912538642
8,32,96,0.25,0.257,relu,4,8,48,0.5,64000,16,8000,83.3,9,0.2116662254333494,4.30391943359375,4.0922532081604,0.1907604176825112,0.0019870876841928,0.0178837891577354
8,32,96,0.5,0.5101,identity,0,8,48,0.5,61500,16,8000,83.3,6,0.1833712387084958,4.36743896484375,4.184067726135254,0.1740565893185832,0.0018130894720685,0.0108785368324114
8,32,96,0.5,0.5045,identity,1,8,48,0.5,64500,16,8000,83.3,6,0.1804597854614256,4.616619873046875,4.436160087585449,0.1674893453404714,0.0017446806806299,0.0104680840837794
8,32,96,0.5,0.5143,identity,2,8,48,0.5,63500,16,8000,83.3,6,0.1800410079956051,4.53205078125,4.3520097732543945,0.1825150071467719,0.0019011979911122,0.0114071879466732
8,32,96,0.5,0.509,identity,3,8,48,0.5,48000,16,8000,83.3,6,0.1867098350524898,4.429777099609375,4.243067264556885,0.2214406912468196,0.0023066738671543,0.0138400432029262
8,32,96,0.5,0.5092,identity,4,8,48,0.5,42500,16,8000,83.3,7,0.1959723396301269,4.45885791015625,4.262885570526123,0.1708109661011776,0.0017792808968872,0.0124549662782108
8,32,96,0.5,0.5101,relu,0,8,48,0.5,64000,16,8000,83.3,7,0.2082721176147464,4.39233984375,4.184067726135254,0.2910282123421897,0.0030315438785644,0.0212208071499513
8,32,96,0.5,0.5045,relu,1,8,48,0.5,57000,16,8000,83.3,6,0.2077127151489257,4.643872802734375,4.436160087585449,0.2836923139768981,0.0029551282705926,0.0177307696235561
8,32,96,0.5,0.5143,relu,2,8,48,0.5,68000,16,8000,83.3,8,0.2021747970581051,4.5541845703125,4.3520097732543945,0.2810388724845032,0.0029274882550469,0.0234199060403752
8,32,96,0.5,0.509,relu,3,8,48,0.5,76000,16,8000,83.3,8,0.1992896690368653,4.44235693359375,4.243067264556885,0.3171408086067165,0.0033035500896532,0.0264284007172263
8,32,96,0.5,0.5092,relu,4,8,48,0.5,57000,16,8000,83.3,9,0.212970874786377,4.4758564453125,4.262885570526123,0.3312588791447479,0.0034506133244244,0.0310555199198201
8,32,96,0.75,0.7575,identity,0,8,48,0.5,57500,16,8000,83.3,6,0.1619444274902344,4.52284912109375,4.360904693603516,0.2374085170355897,0.0024730053857873,0.0148380323147243
8,32,96,0.75,0.7535,identity,1,8,48,0.5,75000,16,8000,83.3,6,0.1535352745056153,4.891384033203125,4.73784875869751,0.2644216660485375,0.0027543923546722,0.0165263541280335
8,32,96,0.75,0.7604,identity,2,8,48,0.5,74000,16,8000,83.3,6,0.1489775466918947,4.743470458984375,4.5944929122924805,0.2611588601573118,0.0027204047933053,0.0163224287598319
8,32,96,0.75,0.7569,identity,3,8,48,0.5,60500,16,8000,83.3,6,0.160308082580566,4.637693603515625,4.477385520935059,0.2694724658109363,0.0028070048521972,0.0168420291131835
8,32,96,0.75,0.7568,identity,4,8,48,0.5,47000,16,8000,83.3,7,0.1717413330078123,4.667606201171875,4.495864868164063,0.2439599932688484,0.0025412499298838,0.0177887495091868
8,32,96,0.75,0.7575,relu,0,8,48,0.5,73500,16,8000,83.3,7,0.1898089294433598,4.550713623046875,4.360904693603516,0.7684298445876054,0.0080044775477875,0.0560313428345128
8,32,96,0.75,0.7535,relu,1,8,48,0.5,71000,16,8000,83.3,6,0.1855699424743653,4.923418701171875,4.73784875869751,0.7577007859371554,0.0078927165201787,0.0473562991210722
8,32,96,0.75,0.7604,relu,2,8,48,0.5,76500,16,8000,83.3,8,0.1847937088012692,4.77928662109375,4.5944929122924805,0.981883167669151,0.0102279496632203,0.0818235973057625
8,32,96,0.75,0.7569,relu,3,8,48,0.5,67500,16,8000,83.3,8,0.1896337661743166,4.667019287109375,4.477385520935059,0.8341242207101213,0.0086887939657304,0.0695103517258434
8,32,96,0.75,0.7568,relu,4,8,48,0.5,80500,16,8000,83.3,9,0.1930113525390622,4.688876220703125,4.495864868164063,0.6931759635688621,0.0072205829538423,0.0649852465845808
8,32,96,1.0,1.0,identity,0,8,8,0.083,58000,16,8000,83.3,4,0.0692161026000972,4.710107177734375,4.640891075134277,5.572663679798715,0.0580485799979032,0.2321943199916131
8,32,96,1.0,1.0,identity,1,8,8,0.083,54500,16,8000,83.3,2,0.0672199745178225,5.158427001953125,5.091207027435303,8.832991817370381,0.0920103314309414,0.1840206628618829
8,32,96,1.0,1.0,identity,2,8,8,0.083,59000,16,8000,83.3,3,0.0644494018554686,4.964023681640625,4.899574279785156,6.06298502520714,0.0631560940125743,0.1894682820377231
8,32,96,1.0,1.0,identity,3,8,8,0.083,48000,16,8000,83.3,3,0.0707385101318358,4.84705419921875,4.776315689086914,8.862809913374795,0.0923209365976541,0.2769628097929623
8,32,96,1.0,1.0,identity,4,8,8,0.083,53000,16,8000,83.3,3,0.0718774909973145,4.85742236328125,4.785544872283936,4.941422899013318,0.0514731551980554,0.1544194655941662
8,32,96,1.0,1.0,relu,0,8,8,0.083,43000,16,8000,83.3,4,0.0711765518188478,4.712067626953125,4.640891075134277,9.409292087253489,0.0980134592422238,0.3920538369688953
8,32,96,1.0,1.0,relu,1,8,8,0.083,42000,16,8000,83.3,3,0.0672631874084475,5.15847021484375,5.091207027435303,12.448445532512928,0.1296713076303429,0.389013922891029
8,32,96,1.0,1.0,relu,2,8,8,0.083,36500,16,8000,83.3,4,0.0687138061523437,4.9682880859375,4.899574279785156,10.096954084253523,0.1051766050443075,0.4207064201772302
8,32,96,1.0,1.0,relu,3,8,8,0.083,58500,16,8000,83.3,4,0.0645063323974612,4.840822021484375,4.776315689086914,10.670435876955333,0.1111503737182846,0.4446014948731387
8,32,96,1.0,1.0,relu,4,8,8,0.083,66500,16,8000,83.3,4,0.0653154792785644,4.8508603515625,4.785544872283936,9.567893219115131,0.0996655543657826,0.3986622174631305
