structure,load,interact,d,activation,lr,seed,n_classes,n_lexemes,m_eff,k_item,capacity,m_over_d,final_loss,cvwh_embedding,cvwh_hidden
single,2,0,16,relu,0.003,1,2,128,1.0,7.250896804833929,0.5156810503021205,0.0625,5.83281946182251,1.9341041655416587e-05,0.04910099307134238
single,2,0,16,relu,0.003,0,2,128,1.0,7.788718238812657,0.549294889925791,0.0625,5.81646728515625,6.540103534225176e-06,0.050280763774601764
single,4,0,16,relu,0.003,1,4,256,3.0,8.121020942904972,0.6950638089315607,0.1875,6.005014896392822,3.916820720237071e-05,0.11328476936600806
factored,2,1,16,relu,0.003,0,4,256,3.0,8.849114957625845,0.7405696848516153,0.1875,5.908425807952881,2.0229193818949553e-05,0.1484906067552559
single,4,0,16,relu,0.003,0,4,256,3.0,8.634148466860298,0.7271342791787686,0.1875,5.999452114105225,2.3040950509048822e-05,0.15152554002705906
factored,2,0,16,relu,0.003,0,4,256,3.0,8.745863166297406,0.7341164478935879,0.1875,5.976435661315918,4.288108739046846e-05,0.1523984960549243
factored,2,0,16,relu,0.003,1,4,256,3.0,9.01008072654084,0.7506300454088025,0.1875,5.983026504516602,8.746430512152745e-05,0.17010696119363694
factored,2,1,16,relu,0.003,1,4,256,3.0,7.293261038307865,0.6433288148942415,0.1875,5.964999198913574,3.085781329669513e-05,0.16417566935384253
factored,3,0,16,relu,0.003,0,8,512,7.0,6.952705693235021,0.8720441058271888,0.4375,6.108305931091309,0.08348769045801899,0.7264421304741838
factored,3,1,16,relu,0.003,0,8,512,7.0,6.354976233532864,0.8346860145958039,0.4375,5.969721794128418,0.00036620212997609704,0.3176763491201971
single,8,0,16,relu,0.003,0,8,512,7.0,7.929457014126805,0.9330910633829252,0.4375,6.156999588012695,0.0006360549420463618,0.30803795681248447
single,8,0,16,relu,0.003,1,8,512,7.0,6.472976586076226,0.8420610366297641,0.4375,6.198289394378662,0.00010406330180234094,0.454899352257211
single,2,0,16,relu,0.003,2,2,128,1.0,6.979638690023929,0.49872741812649557,0.0625,5.855983734130859,1.2035662593863854e-05,0.07521521223068854
factored,3,1,16,relu,0.003,1,8,512,7.0,6.052782719376218,0.8157989199610136,0.4375,5.9923553466796875,0.0006550659078967075,0.6947617432775479
single,4,0,16,relu,0.003,2,4,256,3.0,6.822830162502847,0.6139268851564279,0.1875,6.0147385597229,1.961037069122899e-05,0.18490194648764263
factored,3,0,16,relu,0.003,1,8,512,7.0,5.920580094650473,0.8075362559156546,0.4375,6.107276439666748,0.0007641603708772413,0.5498086625608158
factored,4,0,16,relu,0.003,0,16,1024,14.0,6.813874136127121,1.3008671335079451,0.875,6.134910583496094,0.9350902391232376,1.1428571428571432
factored,2,1,16,relu,0.003,2,4,256,3.0,6.981375302714256,0.623835956419641,0.1875,5.9594926834106445,4.6734113008787316e-05,0.16575328092772995
single,16,0,16,relu,0.003,0,16,1024,15.0,9.160628912402574,1.5100393070251608,0.9375,6.263983726501465,0.9347012749739972,0.8956689872224924
factored,4,1,16,relu,0.003,0,16,1024,15.0,6.261805940582055,1.3288628712863784,0.9375,5.976438999176025,0.9467046021131609,0.9197317475980198
factored,2,0,16,relu,0.003,2,4,256,3.0,6.432975800180997,0.5895609875113124,0.1875,6.017915725708008,0.000309162309058203,0.29854805981861066
single,16,0,16,relu,0.003,1,16,1024,15.0,8.657058117660155,1.4785661323537598,0.9375,6.262094020843506,0.942198902089985,1.0666666666666667
single,8,0,16,relu,0.003,2,8,512,7.0,8.73588086492001,0.9834925540575006,0.4375,6.159311294555664,0.00015738548960777897,0.33486850498193205
single,2,0,16,relu,0.003,3,2,128,1.0,7.016246404250373,0.5010154002656484,0.0625,5.866919040679932,6.732858367282169e-06,0.05578502363214496
factored,4,0,16,relu,0.003,1,16,1024,14.0,5.780419753197294,1.2362762345748308,0.875,6.138911247253418,0.9392494518768826,1.1428571428571428
factored,3,1,16,relu,0.003,2,8,512,7.0,7.3637083700480455,0.8977317731280028,0.4375,5.957752704620361,0.0006514765015347317,0.3210725632673376
factored,4,1,16,relu,0.003,1,16,1024,14.0,3.387959457488499,1.0867474660930312,0.875,5.981799125671387,0.9381588554928048,1.142857142857143
single,4,0,16,relu,0.003,3,4,256,3.0,9.632366055364711,0.7895228784602945,0.1875,5.976679801940918,3.3279107954047426e-05,0.13965203483407046
factored,3,0,16,relu,0.003,2,8,512,7.0,8.22372843522397,0.9514830272014981,0.4375,6.092182636260986,0.0005243744770623509,0.6282079538791995
single,16,0,16,relu,0.003,2,16,1024,14.0,6.311926888060608,1.269495430503788,0.875,6.287858486175537,0.9471352899642167,1.1428571428571423
factored,2,1,16,relu,0.003,3,4,256,3.0,9.015025109735813,0.7509390693584883,0.1875,5.913607597351074,2.642259113983514e-05,0.077535955921923
factored,2,0,16,relu,0.003,3,4,256,3.0,9.374563078582272,0.773410192411392,0.1875,5.96215295791626,8.983721551603007e-05,0.17711347761017848
single,8,0,16,relu,0.003,3,8,512,7.0,8.472475711522028,0.9670297319701268,0.4375,6.175539970397949,0.0005261712865330902,0.4151411172253453
single,32,0,16,relu,0.003,0,32,2048,15.0,9.07867144765643,1.5049169654785268,0.9375,6.264354228973389,1.0,1.0666666666666667
factored,5,1,16,relu,0.003,0,32,2048,15.0,8.810840916809978,1.4881775573006237,0.9375,5.994125843048096,1.0,1.0666666666666669
factored,4,0,16,relu,0.003,2,16,1024,12.0,4.949063282527857,1.059316455157991,0.75,6.160077095031738,0.9411090362511676,1.3333333333333337
factored,4,1,16,relu,0.003,2,16,1024,13.0,5.461577567091845,1.1538485979432402,0.8125,5.98588752746582,0.9374553664179903,1.2307692307692306
factored,5,0,16,relu,0.003,0,32,2048,14.0,3.936975137217441,1.12106094607609,0.875,6.14664363861084,1.0,1.1428571428571428
factored,3,1,16,relu,0.003,3,8,512,7.0,8.81999852384988,0.9887499077406176,0.4375,5.949886322021484,0.0029533407131990836,0.3242369079172139
factored,3,0,16,relu,0.003,3,8,512,7.0,8.555569709609104,0.972223106850569,0.4375,6.083410263061523,0.0007377616122369406,0.4702475239423095
single,32,0,16,relu,0.003,1,32,2048,16.0,10.903753566582898,1.6814845979114312,1.0,6.258878231048584,1.0000000000000004,1.0
single,2,0,16,relu,0.003,4,2,128,1.0,6.135166596204995,0.44594791226281216,0.0625,5.909790992736816,1.3775558719104434e-06,0.05570217512406358
single,4,0,16,relu,0.003,4,4,256,3.0,8.692027670201723,0.7307517293876077,0.1875,5.993215560913086,2.556191898616326e-05,0.12721764916158604
single,16,0,16,relu,0.003,3,16,1024,15.0,7.126889244752459,1.3829305777970287,0.9375,6.2840118408203125,0.9335859323152699,1.0666666666666669
factored,2,1,16,relu,0.003,4,4,256,3.0,7.998548844508132,0.6874093027817583,0.1875,5.943568706512451,1.7541176796010456e-05,0.14610725921493947
factored,2,0,16,relu,0.003,4,4,256,3.0,8.0779747137251,0.6923734196078187,0.1875,5.987970352172852,5.172989578007928e-05,0.11865368498975362
factored,5,1,16,relu,0.003,1,32,2048,16.0,6.916763222182824,1.4322977013864264,1.0,5.988829612731934,1.0,0.9999999999999998
factored,5,0,16,relu,0.003,1,32,2048,16.0,6.333397221015785,1.3958373263134867,1.0,6.136503219604492,1.0,0.9999999999999998
single,8,0,16,relu,0.003,4,8,512,7.0,8.425809584016982,0.9641130990010613,0.4375,6.158618927001953,0.00013068241553538376,0.3032797737058384
single,2,0,16,relu,0.01,0,2,128,1.0,9.034025404218296,0.6271265877636435,0.0625,5.740480422973633,0.00019066223247833392,0.07509095898089138
factored,4,1,16,relu,0.003,3,16,1024,15.0,6.180682372592198,1.3237926482870124,0.9375,5.966220378875732,0.9309219683669818,0.9338650393709429
factored,4,0,16,relu,0.003,3,16,1024,15.0,7.176324609043015,1.3860202880651884,0.9375,6.132952690124512,0.9415913491400361,1.0666666666666664
single,32,0,16,relu,0.003,2,32,2048,16.0,10.315916357159331,1.6447447723224582,1.0,6.261096477508545,1.0,1.0
factored,3,1,16,relu,0.003,4,8,512,7.0,8.22909239376944,0.95181827461059,0.4375,5.968207836151123,0.0030837765321502335,0.3002066368077564
factored,3,0,16,relu,0.003,4,8,512,7.0,7.753981985636462,0.9221238741022788,0.4375,6.092895030975342,0.0005136636389773399,0.5059817211588913
single,4,0,16,relu,0.01,0,4,256,3.0,11.18103644514025,0.8863147778212657,0.1875,5.9582014083862305,0.0003161718826396154,0.15119666620106084
factored,2,1,16,relu,0.01,0,4,256,3.0,9.008876900111108,0.7505548062569443,0.1875,5.922657012939453,0.0005812076471882147,0.17829383237495255
factored,2,0,16,relu,0.01,0,4,256,3.0,8.565107837375042,0.7228192398359401,0.1875,5.989964485168457,0.00037750184288944035,0.17383874148732031
single,16,0,16,relu,0.003,4,16,1024,14.0,5.985495407126942,1.2490934629454338,0.875,6.284725666046143,0.9402010714239811,1.1428571428571426
factored,5,1,16,relu,0.003,2,32,2048,14.0,8.317507893306644,1.3948442433316652,0.875,5.993799686431885,1.0,1.1428571428571428
factored,5,0,16,relu,0.003,2,32,2048,13.0,5.174067880847058,1.1358792425529411,0.8125,6.15703010559082,1.0,1.2307692307692306
single,8,0,16,relu,0.01,0,8,512,7.0,6.512187276103747,0.8445117047564842,0.4375,6.214892864227295,0.0018551389320852786,0.3042404771852413
single,2,0,16,relu,0.01,1,2,128,1.0,9.928556302025813,0.6830347688766133,0.0625,5.692151069641113,0.00042560443284144254,0.055910999667449016
factored,3,1,16,relu,0.01,0,8,512,7.0,7.7873156437647175,0.9242072277352948,0.4375,6.007711410522461,0.0003486501970099582,0.35797401262516937
factored,3,0,16,relu,0.01,0,8,512,7.0,6.789113328745808,0.861819583046613,0.4375,6.164434432983398,0.003044467254720118,0.7542241339152316
factored,4,1,16,relu,0.003,4,16,1024,12.0,3.5192298096983867,0.9699518631061492,0.75,5.987843990325928,0.9408131264715788,1.3333333333333335
single,32,0,16,relu,0.003,3,32,2048,16.0,9.432527812070077,1.5895329882543798,1.0,6.255142688751221,1.0,1.0
factored,4,0,16,relu,0.003,4,16,1024,14.0,5.318304178498168,1.2073940111561354,0.875,6.150477409362793,0.9431955561743948,1.142857142857143
single,4,0,16,relu,0.01,1,4,256,3.0,7.583389359839105,0.661461834989944,0.1875,6.053652763366699,0.0002547117756812583,0.2134597460023266
factored,2,0,16,relu,0.01,1,4,256,3.0,8.335698753451352,0.7084811720907095,0.1875,6.017221450805664,0.0011727348154813818,0.35449182037331867
factored,2,1,16,relu,0.01,1,4,256,3.0,8.6450663465828,0.727816646661425,0.1875,5.95304012298584,0.0003004349238911167,0.13555227499661676
single,16,0,16,relu,0.01,0,16,1024,14.0,6.813214021195381,1.3008258763247114,0.875,6.32254695892334,0.9448234175656361,1.1428571428571428
single,8,0,16,relu,0.01,1,8,512,7.0,4.374261996255651,0.7108913747659782,0.4375,6.292471885681152,0.000269442377262819,0.7969179685201218
factored,5,1,16,relu,0.003,3,32,2048,14.0,8.91405566969034,1.4321284793556464,0.875,5.994571685791016,1.0,1.1428571428571428
factored,3,1,16,relu,0.01,1,8,512,7.0,5.93168661938428,0.8082304137115175,0.4375,6.020031452178955,0.014073669875094386,0.5104519278424201
factored,3,0,16,relu,0.01,1,8,512,7.0,5.3381493805552465,0.771134336284703,0.4375,6.167996883392334,0.29454073126218827,1.030585535934733
single,2,0,16,relu,0.01,2,2,128,1.0,7.807006632377539,0.5504379145235963,0.0625,5.797086715698242,0.00014512449227276175,0.06743708043788428
factored,4,1,16,relu,0.01,0,16,1024,14.0,4.179807024889274,1.1362379390555797,0.875,6.002449989318848,0.9401207445892126,1.1428571428571426
factored,4,0,16,relu,0.01,0,16,1024,14.0,7.2839281012728945,1.330245506329556,0.875,6.172781944274902,0.9347925926658606,1.1428571428571428
factored,5,0,16,relu,0.003,3,32,2048,15.0,5.643104052052778,1.2901940032532986,0.9375,6.13846492767334,1.0,1.0666666666666669
single,32,0,16,relu,0.003,4,32,2048,16.0,9.667405893300584,1.6042128683312864,1.0,6.256466865539551,1.0,1.0
single,4,0,16,relu,0.01,2,4,256,3.0,5.986741363873759,0.5616713352421099,0.1875,6.116549015045166,0.00019814319781565415,0.21785906213925815
factored,2,1,16,relu,0.01,2,4,256,3.0,5.760275274551001,0.5475172046594375,0.1875,6.020594596862793,0.00011970276467252578,0.214405159622165
single,16,0,16,relu,0.01,1,16,1024,13.0,4.034262414584102,1.0646414009115064,0.8125,6.313516616821289,0.9331625253855991,1.2307692307692313
factored,2,0,16,relu,0.01,2,4,256,3.0,7.6758778513202275,0.6672423657075142,0.1875,6.027737617492676,0.0008149746959691636,0.20167287400410397
factored,5,1,16,relu,0.003,4,32,2048,14.0,5.96926224185934,1.2480788901162088,0.875,5.9912896156311035,1.0,1.142857142857143
single,8,0,16,relu,0.01,2,8,512,7.0,8.938997530922695,0.9961873456826684,0.4375,6.199978828430176,0.0945762140569716,0.2949543692836801
factored,5,0,16,relu,0.003,4,32,2048,15.0,6.070359892499363,1.31689749328121,0.9375,6.138556003570557,1.0,1.0666666666666664
single,2,0,16,relu,0.01,3,2,128,1.0,8.806448626033008,0.612903039127063,0.0625,5.746700286865234,0.00028541373648136834,0.09457766783060616
factored,3,1,16,relu,0.01,2,8,512,7.0,7.9093095087696765,0.9318318442981048,0.4375,5.984649181365967,0.0004463100414959267,0.2860451865217479
factored,3,0,16,relu,0.01,2,8,512,7.0,8.50448241376472,0.969030150860295,0.4375,6.121673583984375,0.03906000992746834,0.45131895721306714
factored,4,1,16,relu,0.01,1,16,1024,13.0,8.661728485870292,1.3538580303668932,0.8125,6.007809638977051,0.9385510900263812,1.230769230769231
factored,4,0,16,relu,0.01,1,16,1024,11.0,2.556691491665504,0.847293218229094,0.6875,6.183903217315674,0.9439431883098252,1.454545454545455
single,32,0,16,relu,0.01,0,32,2048,13.0,8.754459055052354,1.3596536909407722,0.8125,6.306846618652344,0.9999999999999998,1.2307692307692306
single,4,0,16,relu,0.01,3,4,256,3.0,10.910864316107787,0.8694290197567367,0.1875,5.956038475036621,0.00025436939492535555,0.1233305113279175
factored,2,1,16,relu,0.01,3,4,256,3.0,10.166399341879334,0.8228999588674584,0.1875,5.898468017578125,0.0003107610375336009,0.09157328148557678
factored,2,0,16,relu,0.01,3,4,256,3.0,11.263132811550884,0.8914458007219302,0.1875,5.943845748901367,0.0010060225089734017,0.19271650705185275
single,16,0,16,relu,0.01,2,16,1024,14.0,3.548249317088241,1.0967655823180151,0.875,6.316046714782715,0.9390942066071306,1.1428571428571428
single,8,0,16,relu,0.01,3,8,512,7.0,7.862852865143173,0.9289283040714483,0.4375,6.212367057800293,0.0003617763305816572,0.3417859279863497
factored,5,0,16,relu,0.01,0,32,2048,12.0,6.337474382553231,1.146092148909577,0.75,6.185876846313477,1.0,1.3333333333333333
factored,5,1,16,relu,0.01,0,32,2048,13.0,6.934589256751823,1.245911828546989,0.8125,6.018439292907715,1.0,1.230769230769231
factored,3,1,16,relu,0.01,3,8,512,7.0,8.225681996627653,0.9516051247892283,0.4375,5.992022514343262,0.032830942935854195,0.42030901916794355
single,2,0,16,relu,0.01,4,2,128,1.0,7.607743668848652,0.5379839793030408,0.0625,5.7974853515625,0.00015087010715349162,0.08320639069281685
factored,4,1,16,relu,0.01,2,16,1024,13.0,7.9204758488794225,1.307529740554964,0.8125,6.002526760101318,0.9352683180203802,1.2307692307692306
factored,3,0,16,relu,0.01,3,8,512,7.0,7.019134367716099,0.8761958979822562,0.4375,6.1614885330200195,0.20709751102862145,0.714619850396319
factored,4,0,16,relu,0.01,2,16,1024,12.0,4.508841263901926,1.0318025789938705,0.75,6.200125694274902,0.94764329962044,1.3333333333333335
single,4,0,16,relu,0.01,4,4,256,3.0,10.131542331877057,0.8207213957423161,0.1875,5.963339328765869,0.0003440050625388351,0.14370685493632201
single,32,0,16,relu,0.01,1,32,2048,14.0,8.128189283284339,1.3830118302052712,0.875,6.303844451904297,1.0,1.142857142857143
factored,2,1,16,relu,0.01,4,4,256,3.0,8.78786797903482,0.7367417486896762,0.1875,5.950139045715332,0.0002963463467894376,0.17542228450989303
factored,2,0,16,relu,0.01,4,4,256,3.0,9.825470690501048,0.8015919181563155,0.1875,5.998590469360352,0.0009038429890359006,0.31225164389412646
factored,5,1,16,relu,0.01,1,32,2048,12.0,7.449067784038008,1.2155667365023755,0.75,6.014363765716553,0.9999999999999998,1.3333333333333333
single,16,0,16,relu,0.01,3,16,1024,14.0,2.2160672112822257,1.0135042007051391,0.875,6.322389125823975,0.9401726023458652,1.1428571428571426
single,8,0,16,relu,0.01,4,8,512,7.0,6.998017343740544,0.874876083983784,0.4375,6.233312606811523,0.0005170235261166679,0.2412436603802684
factored,5,0,16,relu,0.01,1,32,2048,13.0,8.472097242583088,1.342006077661443,0.8125,6.17681884765625,1.0,1.230769230769231
factored,3,1,16,relu,0.01,4,8,512,7.0,7.346352925107114,0.8966470578191946,0.4375,6.012593746185303,0.07979402242295505,0.31852621160718386
factored,3,0,16,relu,0.01,4,8,512,7.0,7.642221347079396,0.9151388341924622,0.4375,6.1424407958984375,0.25311651578822814,0.6375407849382582
single,2,0,16,identity,0.003,0,2,128,1.0,7.894659546733997,0.5559162216708748,0.0625,5.791754722595215,4.205670374284237e-05,0.00034629172527868486
factored,4,1,16,relu,0.01,3,16,1024,12.0,7.366026017289598,1.2103766260806,0.75,6.005687713623047,0.9359275184292759,1.3333333333333335
single,32,0,16,relu,0.01,2,32,2048,14.0,10.118041620885075,1.507377601305317,0.875,6.303195953369141,1.0,1.142857142857143
factored,4,0,16,relu,0.01,3,16,1024,11.0,2.36976428938107,0.8356102680863169,0.6875,6.18660831451416,0.936625449227809,1.4545454545454546
single,4,0,16,identity,0.003,0,4,256,3.0,7.872122928925905,0.679507683057869,0.1875,6.000570297241211,9.583948422683014e-05,0.0004657889600193227
factored,2,0,16,identity,0.003,0,4,256,3.0,7.875040681575228,0.6796900425984518,0.1875,5.99039888381958,9.994271678684613e-05,0.00023769297444194834
factored,2,1,16,identity,0.003,0,4,256,3.0,7.837152983569929,0.6773220614731206,0.1875,5.9187774658203125,7.580823930653024e-05,0.000424172970496933
single,16,0,16,relu,0.01,4,16,1024,11.0,8.980081510052697,1.2487550943782937,0.6875,6.340933322906494,0.9395208173985813,1.4545454545454546
single,8,0,16,identity,0.003,0,8,512,7.0,7.8951234523857705,0.9309452157741107,0.4375,6.12307071685791,0.0023975058461087493,0.19211898248995926
factored,5,1,16,relu,0.01,2,32,2048,12.0,5.494251084585757,1.0933906927866097,0.75,6.025852680206299,1.0,1.3333333333333333
single,2,0,16,identity,0.003,1,2,128,1.0,6.980945014137723,0.4988090633836077,0.0625,5.829126358032227,0.00012424935635651466,0.0017890874830674762
factored,3,0,16,identity,0.003,0,8,512,7.0,7.90528300511551,0.9315801878197194,0.4375,6.072567462921143,0.02036306522496498,0.29522042539868387
factored,3,1,16,identity,0.003,0,8,512,7.0,7.8250597211275945,0.9265662325704747,0.4375,5.947066783905029,0.016320424283179168,0.29988403104870964
factored,5,0,16,relu,0.01,2,32,2048,13.0,5.365282894086586,1.1478301808804117,0.8125,6.190604209899902,1.0,1.2307692307692304
factored,4,1,16,relu,0.01,4,16,1024,10.0,7.360357565027998,1.0850223478142498,0.625,6.016844749450684,0.9393267542278989,1.5999999999999999
factored,4,0,16,relu,0.01,4,16,1024,10.0,2.9886719919905986,0.8117919994994124,0.625,6.205459117889404,0.9382168632951098,1.6
single,32,0,16,relu,0.01,3,32,2048,13.0,7.289746793024196,1.2681091745640123,0.8125,6.308550834655762,1.0,1.2307692307692304
single,4,0,16,identity,0.003,1,4,256,3.0,7.902996549323736,0.6814372843327334,0.1875,5.994409561157227,0.00010399789203836078,0.00044777184225646625
factored,2,1,16,identity,0.003,1,4,256,3.0,7.848606110480969,0.6780378819050605,0.1875,5.932530879974365,6.654729655579694e-05,0.00041311511783239036
factored,2,0,16,identity,0.003,1,4,256,3.0,7.872547878324394,0.6795342423952746,0.1875,5.9966888427734375,0.00011800366267958032,0.0004795784926810694
single,16,0,16,identity,0.003,0,16,1024,15.0,7.023815086343222,1.3764884428964514,0.9375,6.253152847290039,0.9434217785520339,1.0273354643440684
factored,5,1,16,relu,0.01,3,32,2048,13.0,9.594382041395718,1.4121488775872324,0.8125,6.0166826248168945,1.0000000000000002,1.2307692307692308
single,8,0,16,identity,0.003,1,8,512,7.0,7.92579296569682,0.9328620603560512,0.4375,6.123569488525391,0.0009720128999779053,0.003051709609948159
factored,5,0,16,relu,0.01,3,32,2048,11.0,6.272570508498806,1.0795356567811754,0.6875,6.168176651000977,1.0,1.4545454545454546
single,2,0,16,identity,0.003,2,2,128,1.0,7.909122371486859,0.5568201482179287,0.0625,5.789617538452148,3.280835726389542e-05,0.0004746967340460588
factored,3,1,16,identity,0.003,1,8,512,7.0,7.829568205296497,0.926848012831031,0.4375,5.938577651977539,0.00907949456928192,0.11094339091841725
factored,4,1,16,identity,0.003,0,16,1024,15.0,7.55808652431012,1.4098804077693825,0.9375,5.969700813293457,0.9413496222077471,0.9801764640157892
factored,3,0,16,identity,0.003,1,8,512,7.0,7.824184512663121,0.926511532041445,0.4375,6.070469856262207,0.0005017904623471567,0.2649351807031117
factored,4,0,16,identity,0.003,0,16,1024,15.0,7.712917201806684,1.4195573251129177,0.9375,6.111896514892578,0.9337197540078745,1.0264695725576503
single,32,0,16,relu,0.01,4,32,2048,13.0,7.325593950000699,1.2703496218750436,0.8125,6.3043951988220215,1.0,1.2307692307692308
single,4,0,16,identity,0.003,2,4,256,3.0,7.891459438621268,0.6807162149138293,0.1875,6.0010786056518555,0.0001263853809395582,0.00039332449309519403
factored,2,1,16,identity,0.003,2,4,256,3.0,7.910549427183003,0.6819093391989377,0.1875,5.909595489501953,9.181376902746455e-05,0.0003979715192333164
factored,2,0,16,identity,0.003,2,4,256,3.0,7.8804906664072725,0.6800306666504545,0.1875,5.986508846282959,9.909689622976689e-05,0.00045343743989083757
single,16,0,16,identity,0.003,1,16,1024,15.0,7.06487861104258,1.3790549131901613,0.9375,6.239238739013672,0.9404405782703726,1.0641500140845963
single,8,0,16,identity,0.003,2,8,512,7.0,7.869746687521671,0.9293591679701044,0.4375,6.1264495849609375,0.0012434759441707396,0.0032820256716303274
factored,5,1,16,relu,0.01,4,32,2048,11.0,7.397566830478257,1.1498479269048911,0.6875,6.015771865844727,1.0000000000000002,1.4545454545454546
factored,5,0,16,relu,0.01,4,32,2048,13.0,8.000520705095212,1.3125325440684508,0.8125,6.1758012771606445,1.0,1.2307692307692308
single,2,0,16,identity,0.003,3,2,128,1.0,7.1276626021466285,0.5079789126341643,0.0625,5.833502769470215,1.9242034679783062e-05,0.0008365305588342217
factored,3,1,16,identity,0.003,2,8,512,7.0,7.82968627016455,0.9268553918852844,0.4375,5.931127071380615,0.023115296884702836,0.27200223546139846
factored,3,0,16,identity,0.003,2,8,512,7.0,7.850081955955036,0.9281301222471898,0.4375,6.0639190673828125,0.0035561798143824734,0.2666396481223261
factored,4,1,16,identity,0.003,1,16,1024,15.0,7.594771852106455,1.4121732407566534,0.9375,5.96352481842041,0.9411562123227062,1.028569144345147
factored,4,0,16,identity,0.003,1,16,1024,15.0,7.726730293863661,1.4204206433664788,0.9375,6.108680248260498,0.9367086623263393,1.0163752704248281
single,32,0,16,identity,0.003,0,32,2048,16.0,6.687890902881102,1.4179931814300688,1.0,6.280381202697754,1.0,1.0
single,4,0,16,identity,0.003,3,4,256,3.0,7.857991753545223,0.6786244845965764,0.1875,6.000837326049805,7.095896643232534e-05,0.000425296918017924
factored,2,1,16,identity,0.003,3,4,256,3.0,7.8549213248694025,0.6784325828043376,0.1875,5.926600456237793,5.261083843255441e-05,0.00034628378249895107
factored,2,0,16,identity,0.003,3,4,256,3.0,7.891770448535943,0.6807356530334965,0.1875,6.004950046539307,0.00011037798986724219,0.00046786420354963734
single,16,0,16,identity,0.003,2,16,1024,15.0,7.796284139088585,1.4247677586930365,0.9375,6.258301734924316,0.9414231572805358,1.0271335809569875
factored,5,1,16,identity,0.003,0,32,2048,16.0,6.765072696594519,1.4228170435371574,1.0,5.997617721557617,1.0,1.0
single,8,0,16,identity,0.003,3,8,512,7.0,7.853098828183802,0.9283186767614876,0.4375,6.135856628417969,0.0009361721498799028,0.0161787050981005
factored,5,0,16,identity,0.003,0,32,2048,16.0,7.373502795804788,1.4608439247377993,1.0,6.134346961975098,1.0,0.9999999999999998
single,2,0,16,identity,0.003,4,2,128,1.0,7.798128159014787,0.5498830099384242,0.0625,5.799903869628906,3.10051778684869e-05,0.0002971116398029994
factored,3,1,16,identity,0.003,3,8,512,7.0,7.83173359278233,0.9269833495488956,0.4375,5.944314956665039,0.003254290382603057,0.21273527186899752
factored,4,1,16,identity,0.003,2,16,1024,15.0,7.596579624132171,1.4122862265082607,0.9375,5.960685729980469,0.9435975789066822,0.9548200619271581
single,32,0,16,identity,0.003,1,32,2048,16.0,6.791132623047325,1.4244457889404578,1.0,6.277508735656738,1.0,1.0000000000000002
factored,3,0,16,identity,0.003,3,8,512,7.0,7.930685558445584,0.9331678474028491,0.4375,6.075622081756592,0.0170617656655004,0.3112436606283791
factored,4,0,16,identity,0.003,2,16,1024,15.0,7.778507970925674,1.4236567481828546,0.9375,6.122450828552246,0.941013163786414,1.0216423169850515
single,4,0,16,identity,0.003,4,4,256,3.0,7.899655451192252,0.6812284656995158,0.1875,5.99937105178833,6.826027124368172e-05,0.0003676145010485543
factored,2,1,16,identity,0.003,4,4,256,3.0,7.846741888845854,0.677921368052866,0.1875,5.930930137634277,4.876101195724913e-05,0.0002974735560942005
factored,2,0,16,identity,0.003,4,4,256,3.0,7.878432191747577,0.6799020119842236,0.1875,6.0088276863098145,7.452548059091018e-05,0.0007712553532741048
single,16,0,16,identity,0.003,3,16,1024,15.0,7.695670087220059,1.4184793804512537,0.9375,6.256507873535156,0.9356885347222172,1.0290587763860488
factored,5,1,16,identity,0.003,1,32,2048,16.0,7.033179208842691,1.439573700552668,1.0,5.995296001434326,1.0,1.0
single,8,0,16,identity,0.003,4,8,512,7.0,7.875664327011191,0.9297290204381994,0.4375,6.144136905670166,0.0014921618416562706,0.23429650941883615
factored,5,0,16,identity,0.003,1,32,2048,16.0,7.409693441535938,1.4631058400959962,1.0,6.126429080963135,0.9999999999999998,0.9999999999999998
single,2,0,16,identity,0.01,0,2,128,1.0,7.762932015068255,0.547683250941766,0.0625,5.783595085144043,0.0005864244936462,0.0008273007910953378
factored,3,1,16,identity,0.003,4,8,512,7.0,7.869571436083025,0.929348214755189,0.4375,5.949307441711426,0.004105263012078078,0.16547497287731522
factored,3,0,16,identity,0.003,4,8,512,7.0,7.917792045149688,0.9323620028218556,0.4375,6.072998046875,0.0016009659391783234,0.05064909516678331
factored,4,1,16,identity,0.003,3,16,1024,15.0,7.59004155499984,1.41187759718749,0.9375,5.962236404418945,0.9397299371443315,0.9582078519220983
factored,4,0,16,identity,0.003,3,16,1024,15.0,7.734711374555488,1.420919460909718,0.9375,6.112050533294678,0.9412496006424937,0.9998547711341569
single,4,0,16,identity,0.01,0,4,256,3.0,7.634074209572581,0.6646296380982863,0.1875,6.030193328857422,0.0005293638628777604,0.0006472080413122505
single,32,0,16,identity,0.003,2,32,2048,16.0,6.741648705393863,1.4213530440871165,1.0,6.280712127685547,1.0,1.0
factored,2,1,16,identity,0.01,0,4,256,3.0,7.635556608367221,0.6647222880229513,0.1875,5.941758632659912,0.0005569923141212407,0.0007122791231377257
factored,2,0,16,identity,0.01,0,4,256,3.0,7.587829714737681,0.661739357171105,0.1875,6.013718605041504,0.0015176259835363365,0.0006372961833647133
single,16,0,16,identity,0.003,4,16,1024,15.0,7.0026086352957515,1.3751630397059844,0.9375,6.245494842529297,0.9369510453391602,1.0154034192477834
single,8,0,16,identity,0.01,0,8,512,7.0,7.443365367977074,0.902710335498567,0.4375,6.144960403442383,0.0005782898087463766,0.004702684181469871
factored,5,1,16,identity,0.003,2,32,2048,16.0,7.210906114197056,1.450681632137316,1.0,5.993224143981934,1.0,1.0
factored,5,0,16,identity,0.003,2,32,2048,16.0,7.5857406629069235,1.4741087914316826,1.0,6.138174533843994,1.0,1.0000000000000002
single,2,0,16,identity,0.01,1,2,128,1.0,7.7425892249164,0.546411826557275,0.0625,5.790491580963135,0.0012824013592496225,0.0009781577919514208
factored,3,1,16,identity,0.01,0,8,512,7.0,7.4806754229601635,0.9050422139350103,0.4375,5.9842448234558105,0.08877687430236014,0.23004705097720213
factored,3,0,16,identity,0.01,0,8,512,7.0,7.455575060390785,0.9034734412744241,0.4375,6.112239360809326,0.00651920105246145,0.2678945231605772
factored,4,1,16,identity,0.003,4,16,1024,15.0,7.6704021823648745,1.4169001363978047,0.9375,5.965580940246582,0.9408562653218047,1.0140666767067485
factored,4,0,16,identity,0.003,4,16,1024,15.0,7.808212734863978,1.4255132959289987,0.9375,6.118027210235596,0.9366929146934238,1.0588117193206987
single,32,0,16,identity,0.003,3,32,2048,16.0,6.7183371347014615,1.4198960709188413,1.0,6.277299880981445,1.0,1.0
single,4,0,16,identity,0.01,1,4,256,3.0,7.4727033564138345,0.6545439597758647,0.1875,6.023089408874512,0.00063975870304378,0.0009051423174673007
factored,2,1,16,identity,0.01,1,4,256,3.0,7.53517401650352,0.65844837603147,0.1875,5.953993320465088,0.00072983387540107,0.0002858175851326552
factored,2,0,16,identity,0.01,1,4,256,3.0,7.52062207066496,0.65753887941656,0.1875,6.023371696472168,0.0008834991109727925,0.0006728227427028339
single,16,0,16,identity,0.01,0,16,1024,15.0,6.3587314209661825,1.3349207138103865,0.9375,6.293220520019531,0.9411386482411264,1.023362484966403
single,8,0,16,identity,0.01,1,8,512,7.0,7.211010079528343,0.8881881299705214,0.4375,6.167252063751221,0.000769976137678518,0.0020287660908492816
factored,5,1,16,identity,0.003,3,32,2048,16.0,6.880528814368619,1.4300330508980386,1.0,5.995575904846191,1.0,1.0
factored,5,0,16,identity,0.003,3,32,2048,16.0,7.646671019167259,1.4779169386979536,1.0,6.129793643951416,1.0,0.9999999999999998
single,2,0,16,identity,0.01,2,2,128,1.0,7.696882779810314,0.5435551737381445,0.0625,5.7888875007629395,0.0008773647630888927,0.00032063786406338337
factored,3,1,16,identity,0.01,1,8,512,7.0,7.337108444079195,0.8960692777549497,0.4375,5.9607086181640625,0.02552618823751951,0.31218933798749426
factored,4,0,16,identity,0.01,0,16,1024,15.0,6.925649645329965,1.3703531028331228,0.9375,6.154993057250977,0.9393168971892021,0.9696778544720075
factored,4,1,16,identity,0.01,0,16,1024,15.0,6.484037294110837,1.3427523308819274,0.9375,6.0171895027160645,0.9404857505318664,1.0140241109002295
factored,3,0,16,identity,0.01,1,8,512,7.0,7.369820178403455,0.8981137611502159,0.4375,6.083907604217529,0.0010115218394193058,0.0008699549121945578
single,4,0,16,identity,0.01,2,4,256,3.0,7.4435463802752135,0.6527216487672008,0.1875,6.020730018615723,0.0006915243069757245,0.0006416321006927839
single,32,0,16,identity,0.003,4,32,2048,16.0,6.876056835594121,1.4297535522246325,1.0,6.277497291564941,1.0000000000000004,1.0
factored,2,1,16,identity,0.01,2,4,256,3.0,7.657792895141959,0.6661120559463725,0.1875,5.9246649742126465,0.0006088745835699929,0.0006658480952694021
factored,2,0,16,identity,0.01,2,4,256,3.0,7.513384726717162,0.6570865454198227,0.1875,6.010923385620117,0.0007856552964457689,0.0005927386756856959
single,16,0,16,identity,0.01,1,16,1024,15.0,6.361110311416538,1.3350693944635337,0.9375,6.278882026672363,0.9466106139142958,0.9809293938887416
factored,5,1,16,identity,0.003,4,32,2048,16.0,7.144014035681633,1.446500877230102,1.0,5.99278450012207,1.0000000000000002,0.9999999999999998
single,8,0,16,identity,0.01,2,8,512,7.0,7.169340253090801,0.8855837658181751,0.4375,6.165603160858154,0.0006281264291106925,0.0028923083364061687
factored,5,0,16,identity,0.003,4,32,2048,16.0,7.7289215999142415,1.48305759999464,1.0,6.126547813415527,1.0,1.0000000000000002
single,2,0,16,identity,0.01,3,2,128,1.0,7.69981928804984,0.543738705503115,0.0625,5.813411712646484,0.0008746968877461604,0.0009974999062336179
factored,3,1,16,identity,0.01,2,8,512,7.0,7.419007529325326,0.901187970582833,0.4375,5.959890365600586,0.000785443150869654,0.0005954841947536907
factored,3,0,16,identity,0.01,2,8,512,7.0,7.443279411551543,0.9027049632219715,0.4375,6.104453086853027,0.009934241323487875,0.13662684817591977
factored,4,1,16,identity,0.01,1,16,1024,15.0,6.929367043383448,1.3705854402114654,0.9375,6.009079933166504,0.9344292921813204,0.9662433885405909
single,4,0,16,identity,0.01,3,4,256,3.0,7.526159839142976,0.6578849899464361,0.1875,6.027884483337402,0.00042368840210745977,0.0003565051602837289
single,32,0,16,identity,0.01,0,32,2048,16.0,5.988032074482364,1.3742520046551476,1.0,6.322662353515625,0.9999999999999998,1.0
factored,4,0,16,identity,0.01,1,16,1024,15.0,7.279222763676167,1.3924514227297604,0.9375,6.151219367980957,0.9341571939624769,0.9509354142891496
factored,2,1,16,identity,0.01,3,4,256,3.0,7.567120333197401,0.6604450208248376,0.1875,5.96394157409668,0.0005951383401873831,0.0005969037558196384
single,16,0,16,identity,0.01,2,16,1024,15.0,6.283401776688769,1.330212611043048,0.9375,6.29499626159668,0.9408985372990104,1.057310649278936
factored,2,0,16,identity,0.01,3,4,256,3.0,7.694711086308305,0.6684194428942691,0.1875,6.031129837036133,0.0008651039140772296,0.0006037236962151671
single,8,0,16,identity,0.01,3,8,512,7.0,7.413893688034565,0.9008683555021604,0.4375,6.158654689788818,0.0005196331619731297,0.0037595206084406947
factored,5,1,16,identity,0.01,0,32,2048,16.0,3.9765422910953974,1.2485338931934624,1.0,6.044001579284668,1.0,1.0
factored,5,0,16,identity,0.01,0,32,2048,16.0,5.449621520682797,1.3406013450426748,1.0,6.186602592468262,1.0000000000000002,1.0000000000000002
factored,4,1,16,identity,0.01,2,16,1024,15.0,6.2557866849290065,1.328486667808063,0.9375,6.01143741607666,0.9375757731776752,0.999993067108524
factored,3,1,16,identity,0.01,3,8,512,7.0,7.4794034180206985,0.9049627136262937,0.4375,5.975634574890137,0.015219989875916445,0.12702608263697823
factored,4,0,16,identity,0.01,2,16,1024,15.0,7.284930837063509,1.3928081773164693,0.9375,6.173584938049316,0.9384203019714527,0.9634793162703529
factored,3,0,16,identity,0.01,3,8,512,7.0,7.316886710469827,0.8948054194043642,0.4375,6.112636566162109,0.0013355524321093375,0.0018602708257808309
single,2,0,16,identity,0.01,4,2,128,1.0,7.738593227285029,0.5461620767053144,0.0625,5.790863037109375,0.0006632686885211965,0.0006808317876646964
single,32,0,16,identity,0.01,1,32,2048,16.0,5.959182119023597,1.372448882438975,1.0,6.326272487640381,1.0,1.0000000000000002
single,4,0,16,identity,0.01,4,4,256,3.0,7.417429895270851,0.6510893684544281,0.1875,6.0261125564575195,0.0005313269553099424,0.0003699764219981692
factored,2,1,16,identity,0.01,4,4,256,3.0,7.46999768522695,0.6543748553266844,0.1875,5.962485313415527,0.0003849335348779518,0.000420990337104659
factored,2,0,16,identity,0.01,4,4,256,3.0,7.650067981098591,0.6656292488186619,0.1875,6.032011032104492,0.0005448525175136421,0.0003877895578004853
single,16,0,16,identity,0.01,3,16,1024,15.0,6.516676211348119,1.3447922632092575,0.9375,6.312780857086182,0.9422881565548078,1.0242943039057957
factored,5,1,16,identity,0.01,1,32,2048,16.0,5.168621793029092,1.3230388620643183,1.0,6.046896934509277,1.0000000000000004,1.0
single,8,0,16,identity,0.01,4,8,512,7.0,7.553110496923374,0.9095694060577109,0.4375,6.175431251525879,0.0005829737803667852,0.0038694304727964223
factored,5,0,16,identity,0.01,1,32,2048,16.0,6.327987384996533,1.3954992115622833,1.0,6.174435615539551,1.0000000000000002,1.0
factored,3,1,16,identity,0.01,4,8,512,7.0,7.284278615596501,0.8927674134747814,0.4375,5.98302698135376,0.011914355623379185,0.04444981822487956
single,2,0,32,relu,0.003,0,2,128,1.0,14.916771629950345,0.4973991134359483,0.03125,5.4831862449646,5.517614258677417e-05,0.04248217438842307
factored,3,0,16,identity,0.01,4,8,512,7.0,7.599664317893171,0.9124790198683232,0.4375,6.111140251159668,0.023593329593665217,0.22736595745082347
factored,4,0,16,identity,0.01,3,16,1024,15.0,7.28215094020996,1.3926344337631225,0.9375,6.153663635253906,0.9371482048072922,0.9401932300775465
factored,4,1,16,identity,0.01,3,16,1024,15.0,6.603134736292245,1.3501959210182652,0.9375,6.017290115356445,0.9385668087592238,0.9469446526860462
single,32,0,16,identity,0.01,2,32,2048,16.0,5.3571475085409785,1.3348217192838112,1.0,6.32608699798584,1.0,0.9999999999999998
single,4,0,32,relu,0.003,0,4,256,3.0,16.550602827855297,0.610956338370478,0.09375,5.6977386474609375,9.526939494829801e-05,0.12877193387523625
factored,2,1,32,relu,0.003,0,4,256,3.0,15.884897945763598,0.5901530608051124,0.09375,5.678693771362305,5.994779193754553e-05,0.11441172835624924
single,16,0,16,identity,0.01,4,16,1024,15.0,6.340308557851836,1.3337692848657396,0.9375,6.291952610015869,0.946258768145983,1.0373372274432495
factored,2,0,32,relu,0.003,0,4,256,3.0,17.409436272351684,0.6377948835109901,0.09375,5.676729202270508,0.0001344291682855298,0.14302044419811805
single,8,0,32,relu,0.003,0,8,512,7.0,18.843218330507682,0.8076005728283651,0.21875,5.9038543701171875,0.00011941650924283296,0.25937585201738256
factored,5,1,16,identity,0.01,2,32,2048,16.0,4.539684003982041,1.2837302502488774,1.0,6.054390907287598,1.0,1.0
factored,5,0,16,identity,0.01,2,32,2048,16.0,5.863099928490975,1.366443745530686,1.0,6.187648773193359,1.0,1.0
single,2,0,32,relu,0.003,1,2,128,1.0,14.530563106800098,0.4853300970875031,0.03125,5.506217002868652,7.248678610735605e-05,0.04448990098173622
factored,3,1,32,relu,0.003,0,8,512,7.0,19.000282749840892,0.8125088359325279,0.21875,5.774398326873779,0.00020035272954090685,0.17742678197813655
factored,4,0,16,identity,0.01,4,16,1024,15.0,7.287760450068999,1.3929850281293126,0.9375,6.165217399597168,0.9392072081358686,0.979529589552316
factored,4,1,16,identity,0.01,4,16,1024,15.0,6.9097352301557216,1.3693584518847326,0.9375,6.018001556396484,0.9436817818866381,0.9572813486282776
factored,3,0,32,relu,0.003,0,8,512,7.0,20.225873552091397,0.8508085485028561,0.21875,5.844870090484619,0.0004674587404986709,0.2678548919943923
single,32,0,16,identity,0.01,3,32,2048,16.0,5.69231419643146,1.3557696372769663,1.0,6.335681438446045,1.0,0.9999999999999998
single,4,0,32,relu,0.003,1,4,256,3.0,17.123540497225264,0.6288606405382895,0.09375,5.693100929260254,5.1337660544023186e-05,0.11603394243299565
factored,2,1,32,relu,0.003,1,4,256,3.0,16.50293106612142,0.6094665958162944,0.09375,5.642764568328857,8.642256124405036e-05,0.1005002951522564
factored,2,0,32,relu,0.003,1,4,256,3.0,17.039380843153342,0.626230651348542,0.09375,5.709074020385742,6.156884435231122e-05,0.1325764117381309
single,16,0,32,relu,0.003,0,16,1024,15.0,18.692266742539648,1.0528833357043639,0.46875,6.12569522857666,0.0012333113760172193,0.4279238820074701
factored,5,1,16,identity,0.01,3,32,2048,16.0,3.790781831800172,1.2369238644875107,1.0,6.044602870941162,1.0,1.0
single,8,0,32,relu,0.003,1,8,512,7.0,19.114148589950428,0.8160671434359509,0.21875,5.900957107543945,0.0001485020718874624,0.2156300747734511
factored,5,0,16,identity,0.01,3,32,2048,16.0,5.89569671512542,1.3684810446953388,1.0,6.183396816253662,1.0,1.0
factored,3,1,32,relu,0.003,1,8,512,7.0,17.93041670574638,0.7790755220545744,0.21875,5.791006565093994,0.00018795662034563508,0.20080319574643674
single,2,0,32,relu,0.003,2,2,128,1.0,14.319616731309615,0.4787380228534255,0.03125,5.499800205230713,8.697200140371165e-05,0.05569197262468253
factored,3,0,32,relu,0.003,1,8,512,7.0,18.306341613209188,0.7908231754127871,0.21875,5.862707138061523,0.00022398295930236862,0.2778977969370905
factored,4,1,32,relu,0.003,0,16,1024,15.0,16.190636930936545,0.974707404091767,0.46875,5.915271282196045,0.003353658838494019,0.5572476662299911
single,32,0,16,identity,0.01,4,32,2048,16.0,6.22749049554212,1.3892181559713825,1.0,6.326589584350586,1.0000000000000002,1.0000000000000002
factored,4,0,32,relu,0.003,0,16,1024,15.0,18.55383987687606,1.048557496152377,0.46875,6.024440765380859,0.00623707316447876,0.6761599604763225
single,4,0,32,relu,0.003,2,4,256,3.0,17.31983460719104,0.63499483147472,0.09375,5.666557312011719,9.757233398741825e-05,0.1352286413350225
factored,2,1,32,relu,0.003,2,4,256,3.0,18.227923977056484,0.6633726242830151,0.09375,5.616213321685791,8.075335548209906e-05,0.08788126716998142
factored,2,0,32,relu,0.003,2,4,256,3.0,17.60045032781145,0.6437640727441079,0.09375,5.666654586791992,0.0001518843022472028,0.11678065573223377
single,16,0,32,relu,0.003,1,16,1024,15.0,21.078813159517257,1.1274629112349142,0.46875,6.096277236938477,0.0009388267415283447,0.44146583224187175
factored,5,1,16,identity,0.01,4,32,2048,16.0,4.188359255105124,1.2617724534440702,1.0,6.0403218269348145,0.9999999999999998,1.0
single,8,0,32,relu,0.003,2,8,512,7.0,18.46189896775415,0.7956843427423171,0.21875,5.9215545654296875,0.0001830565337591999,0.2408396317791476
factored,5,0,16,identity,0.01,4,32,2048,16.0,6.123080034266274,1.382692502141642,1.0,6.180674076080322,1.0,1.0
single,2,0,32,relu,0.003,3,2,128,1.0,15.798698545536652,0.5249593295480204,0.03125,5.494863986968994,9.348282036189224e-05,0.04569357171992623
factored,3,1,32,relu,0.003,2,8,512,7.0,18.237239462887917,0.7886637332152474,0.21875,5.800008296966553,0.00024902776774013267,0.2894453187643947
factored,4,0,32,relu,0.003,1,16,1024,15.0,20.494134124352254,1.109191691386008,0.46875,6.003270149230957,0.0016081422024449613,0.6452373910261479
factored,3,0,32,relu,0.003,2,8,512,7.0,18.950848639444427,0.8109640199826383,0.21875,5.880178928375244,0.0002996418699717523,0.34087151248580183
factored,4,1,32,relu,0.003,1,16,1024,15.0,18.108840047759557,1.0346512514924862,0.46875,5.901853561401367,0.003443982131952794,0.5554165070181842
single,32,0,32,relu,0.003,0,32,2048,28.0,16.577744682053147,1.393054521314161,0.875,6.204558372497559,0.9740944625653523,1.1428571428571428
single,4,0,32,relu,0.003,3,4,256,3.0,18.5554992104892,0.6736093503277875,0.09375,5.665525436401367,0.00011914217949059242,0.12011967637527192
factored,2,1,32,relu,0.003,3,4,256,3.0,15.7078472739839,0.5846202273119969,0.09375,5.693787097930908,7.193961235379674e-05,0.09996194498767101
factored,2,0,32,relu,0.003,3,4,256,3.0,18.561125954363103,0.673785186073847,0.09375,5.665200233459473,8.405285475406252e-05,0.12443585852133057
single,16,0,32,relu,0.003,2,16,1024,15.0,18.555835213803974,1.0486198504313742,0.46875,6.13131046295166,0.0026548904046979193,0.4745376835782246
single,8,0,32,relu,0.003,3,8,512,7.0,19.357620565323877,0.8236756426663712,0.21875,5.914241790771484,0.00017297385798916088,0.23751099351873012
factored,5,1,32,relu,0.003,0,32,2048,28.0,11.74848930528526,1.2421402907901644,0.875,5.972150802612305,0.9699007199999989,1.1428571428571428
single,2,0,32,relu,0.003,4,2,128,1.0,15.801176661327759,0.5250367706664925,0.03125,5.472111225128174,0.00016707851065707815,0.05189440328020857
factored,5,0,32,relu,0.003,0,32,2048,28.0,16.996036175462145,1.406126130483192,0.875,6.090452194213867,0.9701610043305852,1.142857142857143
factored,3,1,32,relu,0.003,3,8,512,7.0,20.087461145187323,0.8464831607871038,0.21875,5.78349494934082,0.0002020768822991193,0.20459093926078614
factored,3,0,32,relu,0.003,3,8,512,7.0,19.56083859908192,0.83002620622131,0.21875,5.863819122314453,0.00026629438398391577,0.3132945673847722
factored,4,1,32,relu,0.003,2,16,1024,15.0,16.89532378602382,0.9967288683132444,0.46875,5.910891056060791,0.0018493816333616964,0.5202620704444357
single,32,0,32,relu,0.003,1,32,2048,31.0,19.37317061551866,1.5741615817349581,0.96875,6.189073085784912,0.9684615409110865,1.0322580645161292
factored,4,0,32,relu,0.003,2,16,1024,15.0,18.043700666617962,1.0326156458318114,0.46875,6.030906677246094,0.002086323378055192,0.6783460942343301
single,4,0,32,relu,0.003,4,4,256,3.0,17.65090321037462,0.6453407253242068,0.09375,5.66710901260376,6.037400378348471e-05,0.10010562661364575
factored,2,1,32,relu,0.003,4,4,256,3.0,15.526784143092742,0.5789620044716481,0.09375,5.672952175140381,0.00010725557123571132,0.12402014229846219
factored,2,0,32,relu,0.003,4,4,256,3.0,15.839458261307264,0.588733070665852,0.09375,5.7098493576049805,0.00010685047848870159,0.16574402647733352
single,16,0,32,relu,0.003,3,16,1024,15.0,20.669611859354834,1.1146753706048385,0.46875,6.116880416870117,0.005545596265226714,0.4043767541410589
factored,5,1,32,relu,0.003,1,32,2048,31.0,15.195347505068902,1.4436046095334032,0.96875,5.964895725250244,0.9723874413109076,1.0322580645161292
single,8,0,32,relu,0.003,4,8,512,7.0,19.657229719733262,0.8330384287416644,0.21875,5.914340019226074,0.00023055515167066322,0.22596303215969532
factored,5,0,32,relu,0.003,1,32,2048,30.0,18.800255181788796,1.5250079744309,0.9375,6.084127426147461,0.9712300367917053,1.0666666666666669
factored,3,1,32,relu,0.003,4,8,512,7.0,19.418916636560816,0.8255911448925255,0.21875,5.8115434646606445,0.0001356276747482822,0.18666036061414754
single,2,0,32,relu,0.01,0,2,128,1.0,16.48380356923259,0.5463688615385185,0.03125,5.467471599578857,0.0003753671448945498,0.07402609826311699
factored,4,0,32,relu,0.003,3,16,1024,15.0,18.521772260985493,1.0475553831557967,0.46875,6.014613151550293,0.0010327333853521682,0.5855572314996238
factored,4,1,32,relu,0.003,3,16,1024,15.0,18.410569992427444,1.0440803122633575,0.46875,5.898193836212158,0.1096740003167036,0.5776202395615723
factored,3,0,32,relu,0.003,4,8,512,7.0,19.116450232638122,0.8161390697699413,0.21875,5.865386486053467,0.0002984868208947594,0.3044236760894262
single,32,0,32,relu,0.003,2,32,2048,31.0,17.10262201533553,1.5032069379792352,0.96875,6.189455986022949,0.9689206180675762,1.0322580645161288
single,4,0,32,relu,0.01,0,4,256,3.0,19.056408351269752,0.6892627609771798,0.09375,5.721371650695801,0.0006389135531335509,0.1671990410712349
factored,2,1,32,relu,0.01,0,4,256,3.0,18.22555508667013,0.6632985964584416,0.09375,5.704829216003418,0.0007382004995583038,0.13685758898212402
factored,2,0,32,relu,0.01,0,4,256,3.0,20.073204492530557,0.7210376403915799,0.09375,5.72620153427124,0.0011321231206436256,0.18939987476642467
single,16,0,32,relu,0.003,4,16,1024,15.0,20.078357435587296,1.096198669862103,0.46875,6.111639022827148,0.005940751838066649,0.4467521075400437
factored,5,1,32,relu,0.003,2,32,2048,29.0,13.275024947232161,1.321094529601005,0.90625,5.967951774597168,0.9705935236995131,1.103448275862069
single,8,0,32,relu,0.01,0,8,512,7.0,18.42879654380868,0.7946498919940213,0.21875,6.031302452087402,0.0002763153276135005,0.2262848387929101
factored,5,0,32,relu,0.003,2,32,2048,29.0,17.38408163380927,1.4495025510565398,0.90625,6.0971832275390625,0.9724830751511764,1.103448275862069
single,2,0,32,relu,0.01,1,2,128,1.0,19.165960634375104,0.630186269824222,0.03125,5.425619125366211,0.0009892748932001445,0.09032524920056263
factored,4,1,32,relu,0.003,4,16,1024,15.0,19.600512729439732,1.0812660227949915,0.46875,5.8971147537231445,0.002508610071994551,0.49298013674783137
factored,3,1,32,relu,0.01,0,8,512,7.0,18.6500017931811,0.8015625560369094,0.21875,5.882610321044922,0.0011627323772131998,0.2042956814427303
factored,3,0,32,relu,0.01,0,8,512,7.0,18.008093685252177,0.7815029276641305,0.21875,5.967981815338135,0.0008151378044647256,0.29306580416967104
factored,4,0,32,relu,0.003,4,16,1024,15.0,19.88979322388256,1.09030603824633,0.46875,6.0164995193481445,0.004411647328510803,0.6121021371810393
single,32,0,32,relu,0.003,3,32,2048,28.0,15.315155759426538,1.3535986174820793,0.875,6.2019195556640625,0.97013353344337,1.1428571428571428
single,4,0,32,relu,0.01,1,4,256,3.0,19.27710423039192,0.6961595071997475,0.09375,5.751053810119629,0.0005999803652712542,0.17786542056478752
factored,2,1,32,relu,0.01,1,4,256,3.0,17.06181839109433,0.6269318247216978,0.09375,5.742989540100098,0.000584512046179481,0.16576947791646532
factored,2,0,32,relu,0.01,1,4,256,3.0,18.75185510383386,0.6797454719948082,0.09375,5.743175029754639,0.0008445166824437664,0.18746650814965185
single,16,0,32,relu,0.01,0,16,1024,15.0,16.387350595242832,0.9808547061013385,0.46875,6.229045867919922,0.08826292844682468,0.2907302828901819
factored,5,1,32,relu,0.003,3,32,2048,31.0,13.137942334091258,1.3793106979403518,0.96875,5.966729640960693,0.9698165195191748,1.0322580645161288
single,8,0,32,relu,0.01,1,8,512,7.0,19.112947713025303,0.8160296160320407,0.21875,6.042340278625488,0.0002834547344679479,0.2265875109041205
factored,5,0,32,relu,0.003,3,32,2048,29.0,18.38427826267886,1.4807586957087144,0.90625,6.088611125946045,0.9697357418238237,1.103448275862069
single,2,0,32,relu,0.01,2,2,128,1.0,18.28446020858826,0.6026393815183831,0.03125,5.421910285949707,0.002105316744651233,0.11870169561269897
factored,3,1,32,relu,0.01,1,8,512,7.0,18.072079984001803,0.7835024995000563,0.21875,5.882512092590332,0.00029429743114891947,0.19934031265985644
factored,3,0,32,relu,0.01,1,8,512,7.0,19.416283812701074,0.8255088691469086,0.21875,5.948418617248535,0.0005284310527995564,0.24282727568743404
factored,4,0,32,relu,0.01,0,16,1024,15.0,11.212360489519577,0.8191362652974867,0.46875,6.146239280700684,0.22818307280803793,1.0564313369256382
factored,4,1,32,relu,0.01,0,16,1024,15.0,9.79044514356004,0.7747014107362513,0.46875,6.006046295166016,0.14995664949733323,0.6239916519470398
single,32,0,32,relu,0.003,4,32,2048,31.0,20.231804425106404,1.6009938882845751,0.96875,6.1849822998046875,0.9682195244790316,0.9449742851117356
single,4,0,32,relu,0.01,2,4,256,3.0,18.99582306708123,0.6873694708462884,0.09375,5.738795280456543,0.0006635929059739444,0.20753951069955665
factored,2,1,32,relu,0.01,2,4,256,3.0,22.11173180771711,0.7847416189911597,0.09375,5.641786575317383,0.000683249100008136,0.12114363132916324
factored,2,0,32,relu,0.01,2,4,256,3.0,21.05358457641673,0.7516745180130228,0.09375,5.690212249755859,0.0016599665381041048,0.16404817136525532
single,16,0,32,relu,0.01,1,16,1024,15.0,14.238674332849051,0.9137085729015328,0.46875,6.237426280975342,0.06898934901691672,0.2738968012171331
factored,5,1,32,relu,0.003,4,32,2048,29.0,12.076602441818904,1.2836438263068408,0.90625,5.965517520904541,0.9688513933558214,1.103448275862069
single,8,0,32,relu,0.01,2,8,512,7.0,21.000123315641222,0.8750038536137882,0.21875,6.02512788772583,0.00033254492748778595,0.2557984135484897
factored,5,0,32,relu,0.003,4,32,2048,29.0,17.13331666885688,1.4416661459017774,0.90625,6.091986656188965,0.9711986704065778,1.103448275862069
factored,3,1,32,relu,0.01,2,8,512,7.0,16.98266729105403,0.7494583528454385,0.21875,5.901488304138184,0.0012190432807164268,0.255924568032955
single,2,0,32,relu,0.01,3,2,128,1.0,19.138270200306618,0.6293209437595818,0.03125,5.451732635498047,0.0008732401522227,0.07068813775827104
factored,4,1,32,relu,0.01,1,16,1024,15.0,9.128765040896448,0.754023907528014,0.46875,5.999646186828613,0.03958102727161994,0.40388255161971437
factored,3,0,32,relu,0.01,2,8,512,7.0,21.752422555329844,0.8985132048540576,0.21875,5.939871788024902,0.004549539438836811,0.42456729812829624
factored,4,0,32,relu,0.01,1,16,1024,15.0,14.013037523713967,0.9066574226160615,0.46875,6.119391441345215,0.10890316830528375,0.7078104766184306
single,32,0,32,relu,0.01,0,32,2048,24.0,15.867406355118492,1.2458564485974528,0.75,6.267545223236084,0.969745227917268,1.3333333333333335
single,4,0,32,relu,0.01,3,4,256,3.0,19.36446817364957,0.6988896304265491,0.09375,5.728801250457764,0.0005475827023935591,0.14507270768646868
factored,2,1,32,relu,0.01,3,4,256,3.0,19.12341288289756,0.6913566525905488,0.09375,5.711990833282471,0.0005815740989183693,0.13321602090687246
factored,2,0,32,relu,0.01,3,4,256,3.0,19.30169470440857,0.6969279595127678,0.09375,5.750655651092529,0.0008239540131441588,0.16475643677248195
single,16,0,32,relu,0.01,2,16,1024,15.0,15.059258086535285,0.9393518152042277,0.46875,6.250307559967041,0.1818288127774281,0.4292413528884683
single,8,0,32,relu,0.01,3,8,512,7.0,18.010899597283004,0.7815906124150939,0.21875,6.035046577453613,0.00020903901766152828,0.1843147768099243
factored,5,1,32,relu,0.01,0,32,2048,17.0,9.858260575290597,0.8393206429778312,0.53125,6.029855251312256,0.9713012226679357,1.8823529411764706
factored,5,0,32,relu,0.01,0,32,2048,16.0,11.73874409478342,0.8668357529619819,0.5,6.1800947189331055,0.9726127046011056,2.000000000000001
single,2,0,32,relu,0.01,4,2,128,1.0,19.547326936782653,0.6421039667744579,0.03125,5.419826507568359,0.0022153765608134294,0.07199000207846626
factored,4,1,32,relu,0.01,2,16,1024,15.0,6.98755790680175,0.6871111845875547,0.46875,5.995945453643799,0.08990615343098238,0.8264248010634427
factored,3,1,32,relu,0.01,3,8,512,7.0,19.780169971224606,0.8368803116007689,0.21875,5.873499870300293,0.0004413619444105676,0.21990242278120875
factored,4,0,32,relu,0.01,2,16,1024,15.0,11.245332571327204,0.8201666428539751,0.46875,6.139553070068359,0.13139055890853607,0.8078763146375667
factored,3,0,32,relu,0.01,3,8,512,7.0,19.07516290711296,0.81484884084728,0.21875,5.978887557983398,0.001473928440428513,0.4277633042588869
single,32,0,32,relu,0.01,1,32,2048,25.0,15.648441878849384,1.2702638087140432,0.78125,6.256444454193115,0.9698094374854123,1.2800000000000005
single,4,0,32,relu,0.01,4,4,256,3.0,20.037578604020492,0.7199243313756404,0.09375,5.69129753112793,0.0006990220138231339,0.1573079936519479
factored,2,1,32,relu,0.01,4,4,256,3.0,16.269660679949926,0.6021768962484352,0.09375,5.757678508758545,0.00034298639517389386,0.10798364716296308
single,16,0,32,relu,0.01,3,16,1024,15.0,15.684309465237236,0.9588846707886636,0.46875,6.24924898147583,0.0004788679137805608,0.2861995261117903
factored,2,0,32,relu,0.01,4,4,256,3.0,18.427879527562652,0.6696212352363329,0.09375,5.738624095916748,0.0006928187614491975,0.15271390135795354
factored,5,1,32,relu,0.01,1,32,2048,18.0,12.146702589265043,0.9420844559145326,0.5625,6.017828464508057,0.9687957176084149,1.7777777777777781
single,8,0,32,relu,0.01,4,8,512,7.0,18.784744746573235,0.8057732733304136,0.21875,6.062900543212891,0.00023202742524451272,0.2637378097434323
factored,5,0,32,relu,0.01,1,32,2048,12.8,10.05099030400498,0.7140934470001556,0.4,6.179605484008789,0.9698229286604043,2.4777684066838517
single,2,0,32,identity,0.003,0,2,128,1.0,15.116977978063419,0.5036555618144818,0.03125,5.536764621734619,0.0004970762566694385,0.0014268893850289976
factored,4,1,32,relu,0.01,3,16,1024,15.0,9.672426558226338,0.7710133299445731,0.46875,5.992636680603027,0.1268737731616682,0.5574846945973926
factored,4,0,32,relu,0.01,3,16,1024,15.0,13.924396566182011,0.9038873926931879,0.46875,6.134020805358887,0.2081081132025639,0.5952011826230634
factored,3,1,32,relu,0.01,4,8,512,7.0,17.058094765339124,0.7518154614168476,0.21875,5.922249794006348,0.00023673154290479955,0.29927158373453394
factored,3,0,32,relu,0.01,4,8,512,7.0,18.66373968503836,0.8019918651574488,0.21875,5.991990566253662,0.001602891923508956,0.3839226417763153
single,4,0,32,identity,0.003,0,4,256,3.0,15.477514788908872,0.5774223371534022,0.09375,5.805645942687988,0.0005884596263058399,0.0008562693205977692
single,32,0,32,relu,0.01,2,32,2048,24.0,18.386711400679125,1.3245847312712227,0.75,6.261994361877441,0.9695513703170799,1.3333333333333337
factored,2,1,32,identity,0.003,0,4,256,3.0,15.499910577434868,0.5781222055448396,0.09375,5.743074893951416,0.0005680261734748494,0.0008661539886629738
factored,2,0,32,identity,0.003,0,4,256,3.0,15.56865707652615,0.5802705336414422,0.09375,5.804878234863281,0.0007341676231004305,0.001200031295371605
single,16,0,32,relu,0.01,4,16,1024,15.0,10.965480873570709,0.8114212772990846,0.46875,6.252718925476074,0.06272816095253578,0.3574024028157424
factored,5,1,32,relu,0.01,2,32,2048,14.0,9.664369043167685,0.7395115325989902,0.4375,6.0223236083984375,0.9701082109328354,2.2857142857142856
single,8,0,32,identity,0.003,0,8,512,7.0,15.469314050761593,0.7021660640862998,0.21875,5.982524871826172,0.00039569307004738333,0.0008414632714446125
factored,5,0,32,relu,0.01,2,32,2048,14.0,9.02295713057866,0.7194674103305831,0.4375,6.189072132110596,0.9709618055060595,2.285714285714286
factored,3,1,32,identity,0.003,0,8,512,7.0,15.292800633005362,0.6966500197814176,0.21875,5.838951110839844,0.00024398686487109465,0.00027483500333230353
single,2,0,32,identity,0.003,1,2,128,1.0,14.148361135973557,0.47338628549917366,0.03125,5.563398361206055,0.0005315942127908193,0.001226139774239151
factored,3,0,32,identity,0.003,0,8,512,7.0,15.39949192732966,0.6999841227290519,0.21875,5.939642429351807,0.00042006201540845404,0.00074629841991326
factored,4,1,32,relu,0.01,4,16,1024,15.0,8.19092577533906,0.7247164304793456,0.46875,5.998142719268799,0.04512218277879445,0.6209096000658798
factored,4,0,32,relu,0.01,4,16,1024,15.0,14.411360362376348,0.9191050113242609,0.46875,6.123147964477539,0.12328730167319055,0.5108607675336567
single,32,0,32,relu,0.01,3,32,2048,24.0,15.850798317042369,1.245337447407574,0.75,6.272248268127441,0.9714619258947049,1.3333333333333335
single,4,0,32,identity,0.003,1,4,256,3.0,15.502584313012706,0.578205759781647,0.09375,5.810606002807617,0.00042265160661247294,0.0009422734789619749
factored,2,1,32,identity,0.003,1,4,256,3.0,15.378554766583578,0.5743298364557368,0.09375,5.758778095245361,0.0004376806605694056,0.0009238984199032175
single,16,0,32,identity,0.003,0,16,1024,15.0,15.416607198679632,0.9505189749587385,0.46875,6.119394302368164,0.0025348406374947193,0.00692979007741729
factored,2,0,32,identity,0.003,1,4,256,3.0,15.448016299006413,0.5765005093439504,0.09375,5.82025146484375,0.0005245070864363097,0.0009261938127807579
single,8,0,32,identity,0.003,1,8,512,7.0,15.458951763063242,0.7018422425957263,0.21875,5.99775505065918,0.000461473775025515,0.0010383289001929977
factored,5,1,32,relu,0.01,3,32,2048,21.0,12.002648172878597,1.031332755402456,0.65625,6.025693893432617,0.9715647166728795,1.5238095238095242
factored,5,0,32,relu,0.01,3,32,2048,17.0,10.860007477986905,0.8706252336870908,0.53125,6.174237251281738,0.972157948308466,1.8823529411764706
factored,3,1,32,identity,0.003,1,8,512,7.0,15.305201342805292,0.6970375419626653,0.21875,5.835599899291992,0.000287347190058116,0.0003384891744606316
single,2,0,32,identity,0.003,2,2,128,1.0,14.993407764658274,0.49979399264557106,0.03125,5.5441083908081055,0.0008472631916536941,0.00271929654492156
factored,4,1,32,identity,0.003,0,16,1024,15.0,14.856341959976186,0.9330106862492558,0.46875,5.909181594848633,0.00237538904378892,0.17899511161969092
factored,3,0,32,identity,0.003,1,8,512,7.0,15.405759114758435,0.7001799723362011,0.21875,5.941506385803223,0.0004003264035026755,0.0007665075223045094
factored,4,0,32,identity,0.003,0,16,1024,15.0,15.097131199486984,0.9405353499839683,0.46875,6.025252342224121,0.0013649989764659277,0.14714997186936685
single,4,0,32,identity,0.003,2,4,256,3.0,15.563756121493688,0.5801173787966778,0.09375,5.798179626464844,0.0005361663498803492,0.000908388748067639
single,32,0,32,relu,0.01,4,32,2048,23.0,15.41013514023002,1.200316723132188,0.71875,6.261447906494141,0.9716318970358551,1.3913043478260871
factored,2,1,32,identity,0.003,2,4,256,3.0,15.585401706949755,0.5807938033421798,0.09375,5.736390113830566,0.0004627442496810967,0.0008408994068551341
factored,2,0,32,identity,0.003,2,4,256,3.0,15.622351280563779,0.581948477517618,0.09375,5.7998046875,0.0006030558347235397,0.0010842675274444675
single,16,0,32,identity,0.003,1,16,1024,15.0,15.209369750413376,0.944042804700418,0.46875,6.109665870666504,0.002269496576515804,0.006334931774103815
single,8,0,32,identity,0.003,2,8,512,7.0,15.53161534202693,0.7041129794383416,0.21875,5.998245716094971,0.0005390758882927724,0.0011424303466794948
factored,5,1,32,relu,0.01,4,32,2048,16.0,9.363209859955886,0.7926003081236215,0.5,6.028409004211426,0.9705650124758302,2.0
factored,5,0,32,relu,0.01,4,32,2048,18.0,11.708828610336905,0.9284008940730283,0.5625,6.183014869689941,0.9704051999941725,1.7777777777777775
single,2,0,32,identity,0.003,3,2,128,1.0,14.820765834989368,0.49439893234341775,0.03125,5.561395168304443,0.0007480620698170202,0.0017304510565394685
factored,3,1,32,identity,0.003,2,8,512,7.0,15.41211740916281,0.7003786690363378,0.21875,5.839967250823975,0.00027558130823576667,0.00039416596794200376
factored,4,1,32,identity,0.003,1,16,1024,15.0,15.006827106253992,0.9377133470704373,0.46875,5.904209613800049,0.0018593640139838892,0.1719472368563631
factored,4,0,32,identity,0.003,1,16,1024,15.0,15.192440778709473,0.9435137743346711,0.46875,6.019366264343262,0.0006346288343580961,0.13612874003940117
factored,3,0,32,identity,0.003,2,8,512,7.0,15.479891818160848,0.7024966193175265,0.21875,5.947337627410889,0.00036914827591792926,0.0007003161121202743
single,32,0,32,identity,0.003,0,32,2048,31.0,14.029032199850075,1.407157256245315,0.96875,6.176848888397217,0.9749168088955014,1.0317619979053076
single,4,0,32,identity,0.003,3,4,256,3.0,15.57681237908529,0.5805253868464153,0.09375,5.8131232261657715,0.0004654041272411362,0.0009346650563242959
factored,2,1,32,identity,0.003,3,4,256,3.0,15.492516909120724,0.5778911534100226,0.09375,5.75681734085083,0.0004068326780072742,0.0005673088444014924
factored,2,0,32,identity,0.003,3,4,256,3.0,15.54246813253064,0.5794521291415825,0.09375,5.8135247230529785,0.0005752415964467133,0.0009379067310020821
single,16,0,32,identity,0.003,2,16,1024,15.0,15.217683217715356,0.9443026005536048,0.46875,6.125361919403076,0.002499594929094851,0.00555935547660092
factored,5,1,32,identity,0.003,0,32,2048,31.0,14.150434075473381,1.4109510648585433,0.96875,5.973809719085693,0.9717808989223571,0.9743654545200864
single,8,0,32,identity,0.003,3,8,512,7.0,15.32940561887928,0.6977939255899774,0.21875,6.000415802001953,0.00041485066708217176,0.0007857480805598626
factored,5,0,32,identity,0.003,0,32,2048,31.0,14.714375688548566,1.4285742402671426,0.96875,6.086143493652344,0.9719605184771728,0.9874265998334952
factored,3,1,32,identity,0.003,3,8,512,7.0,15.374763404949501,0.6992113564046719,0.21875,5.8450727462768555,0.0002606007682306312,0.0004106512342990433
single,2,0,32,identity,0.003,4,2,128,1.0,14.33822733251358,0.47931960414104935,0.03125,5.555819511413574,0.0012210374455135138,0.0012317765868228787
factored,3,0,32,identity,0.003,3,8,512,7.0,15.451923165991476,0.7016225989372336,0.21875,5.961071968078613,0.0004828397283921135,0.0007065541955704883
factored,4,1,32,identity,0.003,2,16,1024,15.0,15.069536955216911,0.9396730298505285,0.46875,5.905480861663818,0.0019327416345393013,0.16515717151811335
factored,4,0,32,identity,0.003,2,16,1024,15.0,15.147383572930062,0.9421057366540644,0.46875,6.031968116760254,0.0033908073134483554,0.13680725863940932
single,4,0,32,identity,0.003,4,4,256,3.0,15.626188319864548,0.5820683849957671,0.09375,5.794662952423096,0.00041104156202539184,0.0007867433730361608
single,32,0,32,identity,0.003,1,32,2048,31.0,14.044358604690304,1.407636206396572,0.96875,6.179283142089844,0.974547153035745,1.029357355571476
factored,2,1,32,identity,0.003,4,4,256,3.0,15.618580249282125,0.5818306327900664,0.09375,5.753508567810059,0.0006728498829437336,0.0008899879477573741
factored,2,0,32,identity,0.003,4,4,256,3.0,15.652717365663717,0.5828974176769912,0.09375,5.812417030334473,0.0006708225127968332,0.0011088496669783457
single,16,0,32,identity,0.003,3,16,1024,15.0,15.14572990874384,0.942054059648245,0.46875,6.128050804138184,0.002387476767095749,0.015365320615044368
single,8,0,32,identity,0.003,4,8,512,7.0,15.493995701871416,0.7029373656834818,0.21875,6.006714820861816,0.0004229978220479056,0.0009677613365143684
factored,5,1,32,identity,0.003,1,32,2048,31.0,14.325795164589321,1.4164310988934163,0.96875,5.970214366912842,0.9726966349170179,1.004485401178853
factored,5,0,32,identity,0.003,1,32,2048,31.0,14.684549319190596,1.427642166224706,0.96875,6.081165313720703,0.971310121308343,1.0047740028450265
single,2,0,32,identity,0.01,0,2,128,1.0,14.68273190778055,0.4900853721181422,0.03125,5.582476615905762,0.003954198114406812,0.0008800621990110405
factored,3,1,32,identity,0.003,4,8,512,7.0,15.376211502675439,0.6992566094586075,0.21875,5.85413932800293,0.0002659809705396771,0.0003422317165809982
factored,3,0,32,identity,0.003,4,8,512,7.0,15.437788163611733,0.7011808801128667,0.21875,5.953224182128906,0.0004613687567684076,0.0009327235682311608
factored,4,1,32,identity,0.003,3,16,1024,15.0,14.953550654647893,0.9360484579577466,0.46875,5.901986122131348,0.003848576895472023,0.20864334150942118
factored,4,0,32,identity,0.003,3,16,1024,15.0,15.103967500699213,0.9407489843968504,0.46875,6.0254669189453125,0.000436611252007312,0.009512550298254022
single,32,0,32,identity,0.003,2,32,2048,31.0,13.88187805018878,1.4025586890683994,0.96875,6.179031848907471,0.9722676962494848,1.0038572800332126
single,4,0,32,identity,0.01,0,4,256,3.0,14.162198090914504,0.5363186903410783,0.09375,5.881566524505615,0.002004478736525517,0.0015336564786582465
factored,2,1,32,identity,0.01,0,4,256,3.0,14.544997792866663,0.5482811810270832,0.09375,5.814661026000977,0.0021449439222834773,0.0012502964184852286
factored,2,0,32,identity,0.01,0,4,256,3.0,14.549840072257576,0.5484325022580492,0.09375,5.878021240234375,0.0024103603544684245,0.0017138607636870153
single,16,0,32,identity,0.003,4,16,1024,15.0,15.241769372987648,0.945055292905864,0.46875,6.117058277130127,0.0023915390866550536,0.005695149427124341
factored,5,1,32,identity,0.003,2,32,2048,31.0,13.675431297483179,1.3961072280463493,0.96875,5.97345495223999,0.9705854515421226,0.9815344556626716
single,8,0,32,identity,0.01,0,8,512,7.0,13.827391261324374,0.6508559769163866,0.21875,6.063766002655029,0.00074038019239889,0.0014742672381204342
factored,5,0,32,identity,0.003,2,32,2048,31.0,14.447174891531564,1.4202242153603613,0.96875,6.091761589050293,0.970232084534515,1.0231772830894794
factored,3,1,32,identity,0.01,0,8,512,7.0,12.98286575037118,0.6244645546990995,0.21875,5.924403190612793,0.000581980767683494,0.0011805237789373076
single,2,0,32,identity,0.01,1,2,128,1.0,14.761419966941904,0.4925443739669345,0.03125,5.569674491882324,0.00957267127927162,0.0030382475804955076
factored,3,0,32,identity,0.01,0,8,512,7.0,13.767433759005543,0.6489823049689232,0.21875,6.032879829406738,0.0009145082407998705,0.001432431658563569
factored,4,1,32,identity,0.003,4,16,1024,15.0,15.175374911636393,0.9429804659886373,0.46875,5.901459693908691,0.0017268621987784629,0.1885277950873125
factored,4,0,32,identity,0.003,4,16,1024,15.0,15.07174937224539,0.9397421678826685,0.46875,6.030888557434082,0.00046768792206902156,0.02844406281600474
single,32,0,32,identity,0.003,3,32,2048,31.0,13.999363308638845,1.406230103394964,0.96875,6.178069591522217,0.9723070655843591,1.0277144937588552
single,4,0,32,identity,0.01,1,4,256,3.0,14.418870717111977,0.5443397099097493,0.09375,5.876138687133789,0.0020820847461236894,0.0019471575492786939
factored,2,1,32,identity,0.01,1,4,256,3.0,14.226279598875461,0.5383212374648582,0.09375,5.830096244812012,0.0018981788059116125,0.001795121750671785
factored,2,0,32,identity,0.01,1,4,256,3.0,14.148013499978571,0.5358754218743303,0.09375,5.884350776672363,0.0030972491915574048,0.0014659548624834373
single,16,0,32,identity,0.01,0,16,1024,15.0,12.75407381548584,0.8673148067339325,0.46875,6.213649272918701,0.000955389983099641,0.005475149810254499
factored,5,1,32,identity,0.003,3,32,2048,31.0,14.035437137879818,1.4073574105587443,0.96875,5.972812652587891,0.9681549173378711,0.9782573587886848
single,8,0,32,identity,0.01,1,8,512,7.0,13.617687945833902,0.6443027483073094,0.21875,6.090764999389648,0.0007348453007099488,0.0018667612537564796
single,2,0,32,identity,0.01,2,2,128,1.0,14.619266795656413,0.4881020873642629,0.03125,5.575193405151367,0.006876086933729776,0.0028982673110278653
factored,5,0,32,identity,0.003,3,32,2048,31.0,14.679476892683342,1.4274836528963544,0.96875,6.083849906921387,0.9711694244483031,0.9831773643627979
factored,4,1,32,identity,0.01,0,16,1024,15.0,11.25656248502219,0.8205175776569434,0.46875,6.021670818328857,0.015307129024692445,0.28911853404660753
factored,4,0,32,identity,0.01,0,16,1024,15.0,12.53529968143085,0.860478115044714,0.46875,6.126680374145508,0.020314626432525188,0.22258747062554757
factored,3,0,32,identity,0.01,1,8,512,7.0,13.745032700581584,0.6482822718931744,0.21875,6.032263278961182,0.0010422707513308177,0.0016378916669163419
factored,3,1,32,identity,0.01,1,8,512,7.0,13.319995015068889,0.6349998442209028,0.21875,5.915141582489014,0.0006622310667645157,0.0008789786402465339
single,32,0,32,identity,0.003,4,32,2048,31.0,13.762993668491454,1.398843552140358,0.96875,6.178244590759277,0.9730369265165641,1.0211956497371124
single,4,0,32,identity,0.01,2,4,256,3.0,14.357365901484094,0.5424176844213779,0.09375,5.86274528503418,0.0020026101847424004,0.0010853032280726533
factored,2,1,32,identity,0.01,2,4,256,3.0,14.352295127089084,0.5422592227215339,0.09375,5.799999237060547,0.0022737722666613318,0.001151622467200712
factored,2,0,32,identity,0.01,2,4,256,3.0,14.40470397888673,0.5438969993402103,0.09375,5.863685607910156,0.002607100930615837,0.0012975743175517983
single,16,0,32,identity,0.01,1,16,1024,15.0,12.990351902601837,0.8746984969563074,0.46875,6.215424537658691,0.0022554201406010475,0.12732104445604503
factored,5,1,32,identity,0.003,4,32,2048,31.0,14.229187345244716,1.4134121045388974,0.96875,5.96882963180542,0.9731110592400057,1.0296872029842454
single,8,0,32,identity,0.01,2,8,512,7.0,14.138839384811487,0.660588730775359,0.21875,6.076168060302734,0.000787112039878912,0.0017797454797756733
factored,5,0,32,identity,0.003,4,32,2048,31.0,14.668647709563574,1.4271452409238616,0.96875,6.087057590484619,0.9705299334729555,1.021424538959783
single,2,0,32,identity,0.01,3,2,128,1.0,14.658123441581434,0.4893163575494198,0.03125,5.589855194091797,0.008128641720551012,0.0031664223564688565
factored,3,1,32,identity,0.01,2,8,512,7.0,13.47120219791476,0.6397250686848363,0.21875,5.9216389656066895,0.0007420617712030635,0.0012129585808728818
factored,4,1,32,identity,0.01,1,16,1024,15.0,12.06915619641633,0.8459111311380103,0.46875,6.005982398986816,0.024011872033080025,0.30350607693456344
factored,3,0,32,identity,0.01,2,8,512,7.0,13.684280525990852,0.6463837664372141,0.21875,6.028480052947998,0.001008386338758688,0.0015805446171542298
single,32,0,32,identity,0.01,0,32,2048,31.0,10.395881314443152,1.2936212910763485,0.96875,6.287410736083984,0.9690334582023399,1.0070603752685965
factored,4,0,32,identity,0.01,1,16,1024,15.0,13.091470707138132,0.8778584595980666,0.46875,6.118193626403809,0.027271957705901483,0.19536164010111332
single,4,0,32,identity,0.01,3,4,256,3.0,14.185709973270335,0.537053436664698,0.09375,5.8823347091674805,0.0018762198191244403,0.0010598817746203131
factored,2,1,32,identity,0.01,3,4,256,3.0,14.064166451439851,0.5332552016074954,0.09375,5.822737216949463,0.002170842547223199,0.0010667529146553103
factored,2,0,32,identity,0.01,3,4,256,3.0,13.90407842852034,0.5282524508912606,0.09375,5.897160530090332,0.0025367192797204775,0.0015302427127760203
single,16,0,32,identity,0.01,2,16,1024,15.0,12.635431736111615,0.8636072417534879,0.46875,6.227261066436768,0.0010056093335603284,0.004824041585035925
factored,5,1,32,identity,0.01,0,32,2048,31.0,7.004113104260564,1.1876285345081425,0.96875,6.061904430389404,0.971514949759487,1.014626334782323
single,8,0,32,identity,0.01,3,8,512,7.0,13.500120149474613,0.6406287546710816,0.21875,6.085461139678955,0.0007477629988879462,0.0015260534488005149
factored,5,0,32,identity,0.01,0,32,2048,31.0,10.083558276085672,1.2838611961276771,0.96875,6.195505142211914,0.9734104460640737,0.988438634317586
factored,3,1,32,identity,0.01,3,8,512,7.0,13.633269675553727,0.644789677361054,0.21875,5.925994873046875,0.0007978561458868053,0.0009227494271885396
factored,3,0,32,identity,0.01,3,8,512,7.0,13.891099556088562,0.6528468611277676,0.21875,6.045915603637695,0.0010385211933430468,0.001740678322164123
factored,4,1,32,identity,0.01,2,16,1024,15.0,11.78725965733421,0.8371018642916941,0.46875,6.006078243255615,0.015157474018520647,0.20309465078341332
single,2,0,32,identity,0.01,4,2,128,1.0,14.726568369168168,0.49145526153650526,0.03125,5.571531295776367,0.007470624470452797,0.0022944231811157963
factored,4,0,32,identity,0.01,2,16,1024,15.0,12.260673713954194,0.8518960535610686,0.46875,6.139845848083496,0.07757205051190631,0.21465898476773432
single,32,0,32,identity,0.01,1,32,2048,31.0,11.453912821414436,1.326684775669201,0.96875,6.266730308532715,0.9742530469951787,1.0074757859496661
single,4,0,32,identity,0.01,4,4,256,3.0,14.538653750312564,0.5480829296972676,0.09375,5.8631510734558105,0.0019523722483875447,0.001057444617792302
factored,2,1,32,identity,0.01,4,4,256,3.0,14.41163263895302,0.5441135199672819,0.09375,5.821267604827881,0.0019936883036333728,0.0014102802991343205
factored,2,0,32,identity,0.01,4,4,256,3.0,14.426295059906206,0.5445717206220689,0.09375,5.872323989868164,0.0023316500847058775,0.0017965280364439708
single,16,0,32,identity,0.01,3,16,1024,15.0,12.918783373045795,0.8724619804076811,0.46875,6.220903396606445,0.0009511611605521296,0.006162333678334292
factored,5,1,32,identity,0.01,1,32,2048,31.0,6.312317822693697,1.1660099319591781,0.96875,6.063254356384277,0.9697006660317402,1.0056642090924437
single,8,0,32,identity,0.01,4,8,512,7.0,13.811013314644235,0.6503441660826323,0.21875,6.110980033874512,0.0007625440221982261,0.002777480161024691
factored,5,0,32,identity,0.01,1,32,2048,31.0,10.71582757532217,1.3036196117288177,0.96875,6.186805248260498,0.970184957456923,0.9902447486487109
factored,3,1,32,identity,0.01,4,8,512,7.0,13.46951081776823,0.6396722130552572,0.21875,5.93332576751709,0.0006537089478427388,0.0007555002383508495
single,2,0,64,relu,0.003,0,2,128,1.0,28.873610701178784,0.4667751672059185,0.015625,5.245360851287842,0.0006619459448176803,0.05109483636791563
factored,4,1,32,identity,0.01,3,16,1024,15.0,11.883326982069846,0.8401039681896827,0.46875,5.997444152832031,0.02079422580653583,0.1822817021313448
factored,3,0,32,identity,0.01,4,8,512,7.0,13.482647204969194,0.6400827251552873,0.21875,6.045091152191162,0.000995713660507267,0.0016972426411476353
factored,4,0,32,identity,0.01,3,16,1024,15.0,12.854288669049115,0.8704465209077848,0.46875,6.125421524047852,0.030982884025793623,0.21202596688387798
single,32,0,32,identity,0.01,2,32,2048,31.0,10.545223488675733,1.2982882340211166,0.96875,6.271976470947266,0.9747740557823675,1.0174122702207034
single,4,0,64,relu,0.003,0,4,256,3.0,34.35535949534299,0.5836774921147342,0.046875,5.388983249664307,0.00021704134940806402,0.08675648382979374
factored,2,1,64,relu,0.003,0,4,256,3.0,32.73005480673153,0.5582821063551802,0.046875,5.385108947753906,0.0002605911957388574,0.08086217700422492
single,16,0,32,identity,0.01,4,16,1024,15.0,13.058384239719839,0.876824507491245,0.46875,6.2215070724487305,0.022203335752782754,0.1298636462103477
factored,2,0,64,relu,0.003,0,4,256,3.0,34.90143238462692,0.5922098810097957,0.046875,5.408802509307861,0.00021880838076985268,0.09198756933186827
factored,5,1,32,identity,0.01,2,32,2048,31.0,6.166102215909094,1.1614406942471591,0.96875,6.069070339202881,0.972508093636827,0.9954994294055591
single,8,0,64,relu,0.003,0,8,512,7.0,38.0768088195956,0.7043251378061812,0.109375,5.598450660705566,0.00022323451203772087,0.18812876896663458
single,2,0,64,relu,0.003,1,2,128,1.0,28.27687919985211,0.45745123749768923,0.015625,5.256718635559082,0.0004343149757087767,0.0451295952720633
factored,5,0,32,identity,0.01,2,32,2048,31.0,10.340826127303888,1.2919008164782464,0.96875,6.19655704498291,0.969546997875048,0.9852792809991652
factored,4,1,32,identity,0.01,4,16,1024,15.0,11.433073175347367,0.8260335367296052,0.46875,5.999114036560059,0.01816020005915274,0.2612427932133899
factored,3,1,64,relu,0.003,0,8,512,7.0,36.958811144176124,0.6868564241277519,0.109375,5.574187278747559,0.00017529794230302883,0.16079524667514256
factored,4,0,32,identity,0.01,4,16,1024,15.0,12.763797803516276,0.8676186813598836,0.46875,6.124203681945801,0.07940614749264627,0.2763868775748583
single,32,0,32,identity,0.01,3,32,2048,31.0,10.162770828446094,1.2863365883889404,0.96875,6.278017520904541,0.9731972803924889,1.010538163685849
factored,3,0,64,relu,0.003,0,8,512,7.0,37.033582440877254,0.6880247256387071,0.109375,5.609166145324707,0.0003348930162036722,0.20733129265506195
single,4,0,64,relu,0.003,1,4,256,3.0,33.275358168012026,0.5668024713751879,0.046875,5.4200615882873535,0.00027925585447294163,0.10323262937795057
factored,2,1,64,relu,0.003,1,4,256,3.0,34.11146463142546,0.5798666348660229,0.046875,5.403069496154785,0.00036658625681600744,0.10102055156197913
factored,2,0,64,relu,0.003,1,4,256,3.0,32.12172720319188,0.5487769875498731,0.046875,5.434681415557861,0.00033590118002066146,0.11193349747757861
single,16,0,64,relu,0.003,0,16,1024,15.0,41.45890858664852,0.8821704466663831,0.234375,5.888372898101807,0.00022369212553037548,0.3417119419057804
factored,5,1,32,identity,0.01,3,32,2048,31.0,7.979543005413653,1.2181107189191767,0.96875,6.071523666381836,0.970339504956059,1.0064811561840432
single,8,0,64,relu,0.003,1,8,512,7.0,38.667096181591795,0.7135483778373718,0.109375,5.613475322723389,0.00021690656931497299,0.18105439257064762
factored,5,0,32,identity,0.01,3,32,2048,31.0,10.367816874952684,1.2927442773422713,0.96875,6.189283847808838,0.9682732832164174,0.9765510632632693
single,2,0,64,relu,0.003,2,2,128,1.0,27.183015029608548,0.44035960983763356,0.015625,5.250555038452148,0.0004813117945830854,0.04470350314694884
factored,3,1,64,relu,0.003,1,8,512,7.0,36.656690740650916,0.6821357928226706,0.109375,5.575244903564453,0.0002226460890298408,0.1723796984690822
factored,4,1,64,relu,0.003,0,16,1024,15.0,41.39607006727959,0.8811885948012436,0.234375,5.776689052581787,0.0004968105146842817,0.3337259508791464
factored,3,0,64,relu,0.003,1,8,512,7.0,36.57799759758531,0.6809062124622705,0.109375,5.618873596191406,0.00025228668012079465,0.22481177414476763
single,32,0,32,identity,0.01,4,32,2048,31.0,9.98747962586963,1.280858738308426,0.96875,6.281290531158447,0.967935871184506,0.9937321109104724
factored,4,0,64,relu,0.003,0,16,1024,15.0,41.06729701595204,0.8760515158742507,0.234375,5.8231306076049805,0.00042596863404497157,0.4116596647049061
single,4,0,64,relu,0.003,2,4,256,3.0,34.576986721169945,0.5871404175182804,0.046875,5.381021022796631,0.000294652169182129,0.09434319191260693
factored,2,1,64,relu,0.003,2,4,256,3.0,34.28473501486939,0.5825739846073342,0.046875,5.366870403289795,0.0002516844538192879,0.0783547979898103
factored,2,0,64,relu,0.003,2,4,256,3.0,36.00900149092215,0.6095156482956586,0.046875,5.38176965713501,0.00021681933254155214,0.09672163510899744
single,16,0,64,relu,0.003,1,16,1024,15.0,41.574233699508184,0.8839724015548154,0.234375,5.881016731262207,0.00022846246069538646,0.34085698865935654
factored,5,1,32,identity,0.01,4,32,2048,31.0,6.743855148303314,1.1794954733844785,0.96875,6.06734561920166,0.9696950725440863,1.0246526002615595
single,8,0,64,relu,0.003,2,8,512,7.0,38.8293818148441,0.716084090856939,0.109375,5.609205722808838,0.000234920849597501,0.18392081527460122
factored,5,0,32,identity,0.01,4,32,2048,31.0,10.276757287444477,1.2898986652326399,0.96875,6.195011615753174,0.9718661308428261,0.9789735578847761
factored,3,1,64,relu,0.003,2,8,512,7.0,40.49683848980688,0.7421381014032326,0.109375,5.555975914001465,0.00024988802331688724,0.15545433782415216
single,2,0,64,relu,0.003,3,2,128,1.0,26.68381554168518,0.43255961783883096,0.015625,5.288527488708496,0.00038641993810550125,0.04811895953219491
factored,4,1,64,relu,0.003,1,16,1024,15.0,42.31870645363296,0.895604788338015,0.234375,5.772409439086914,0.0008142165008497357,0.33137578064858425
factored,4,0,64,relu,0.003,1,16,1024,15.0,42.346325061665624,0.8960363290885254,0.234375,5.814594268798828,0.00042132941737746084,0.3959174662629122
factored,3,0,64,relu,0.003,2,8,512,7.0,40.313283815668214,0.7392700596198158,0.109375,5.599891185760498,0.0002774372511332553,0.20242121107764074
single,32,0,64,relu,0.003,0,32,2048,31.0,46.35923649103306,1.2087380701723915,0.484375,6.068856239318848,0.0012517229375040195,0.5037051377753403
single,4,0,64,relu,0.003,3,4,256,3.0,34.01749590351037,0.5783983734923496,0.046875,5.402899742126465,0.00030574499398341494,0.10312358831524679
factored,2,1,64,relu,0.003,3,4,256,3.0,33.23892059373961,0.5662331342771814,0.046875,5.386961936950684,0.0003138711539593974,0.07001663300775202
factored,2,0,64,relu,0.003,3,4,256,3.0,34.907817431520904,0.5923096473675141,0.046875,5.4009270668029785,0.0003105988636718229,0.0871102291176549
single,16,0,64,relu,0.003,2,16,1024,15.0,42.42589895427322,0.8972796711605191,0.234375,5.88511848449707,0.0001971881784080225,0.32090336521148827
single,8,0,64,relu,0.003,3,8,512,7.0,37.59583920526389,0.6968099875822483,0.109375,5.625479221343994,0.00019307602511009288,0.1828542202381993
factored,5,1,64,relu,0.003,0,32,2048,31.0,33.647971678416155,1.0101245574752524,0.484375,5.943640232086182,0.02718722110788722,0.5890542779586787
factored,5,0,64,relu,0.003,0,32,2048,31.0,42.303449307342646,1.1453663954272288,0.484375,5.990181922912598,0.07156370378058238,0.6933283318363757
factored,3,1,64,relu,0.003,3,8,512,7.0,36.40029448396545,0.6781296013119602,0.109375,5.595946788787842,0.0001647218394386129,0.15984556980964848
single,2,0,64,relu,0.003,4,2,128,1.0,29.59914429607986,0.4781116296262478,0.015625,5.239358901977539,0.0009403760070974824,0.044494155911131344
factored,3,0,64,relu,0.003,3,8,512,7.0,38.58301213719344,0.7122345646436475,0.109375,5.629942893981934,0.00030986101992398144,0.21321028125031263
factored,4,1,64,relu,0.003,2,16,1024,15.0,41.107454026582126,0.8766789691653457,0.234375,5.783867835998535,0.00034414599835773136,0.35084671468109674
factored,4,0,64,relu,0.003,2,16,1024,15.0,43.79467228746874,0.9186667544916991,0.234375,5.817477226257324,0.0005774053568423523,0.38807181761741677
single,32,0,64,relu,0.003,1,32,2048,31.0,44.11904217403851,1.1737350339693517,0.484375,6.071018218994141,0.007380425367718724,0.5172592835206513
single,4,0,64,relu,0.003,4,4,256,3.0,34.46211921996464,0.5853456128119475,0.046875,5.382781028747559,0.0002770825661015558,0.091457275840541
factored,2,1,64,relu,0.003,4,4,256,3.0,34.29861969528875,0.5827909327388867,0.046875,5.382742404937744,0.00023767756609662403,0.08526690343125236
single,16,0,64,relu,0.003,3,16,1024,15.0,42.26617617133501,0.8947840026771096,0.234375,5.899603843688965,0.00022294262276637117,0.31854532732049556
factored,2,0,64,relu,0.003,4,4,256,3.0,36.689006417457975,0.6201407252727809,0.046875,5.392433166503906,0.0002923015095203265,0.08292331304093417
factored,5,1,64,relu,0.003,1,32,2048,31.0,34.427324609188595,1.0223019470185717,0.484375,5.932634353637695,0.09092047119657946,0.5710154756784023
single,8,0,64,relu,0.003,4,8,512,7.0,39.0692537902451,0.7198320904725797,0.109375,5.620340347290039,0.0002060867652971028,0.18822336352557706
factored,5,0,64,relu,0.003,1,32,2048,31.0,43.024678237147334,1.156635597455427,0.484375,5.986014366149902,0.03660429212609555,0.6769626384308033
factored,4,1,64,relu,0.003,3,16,1024,15.0,40.053682570311764,0.8602137901611213,0.234375,5.771675109863281,0.00039029178161549766,0.31320969249472774
single,2,0,64,relu,0.01,0,2,128,1.0,31.152051030789824,0.502375797356091,0.015625,5.298190116882324,0.0018396188785999297,0.14576735815777486
factored,3,1,64,relu,0.003,4,8,512,7.0,38.359050716830176,0.7087351674504715,0.109375,5.581214427947998,0.00034160402222253167,0.18101274483928786
factored,3,0,64,relu,0.003,4,8,512,7.0,39.44116656660483,0.7256432276032004,0.109375,5.601075172424316,0.00024525200207417926,0.20193397552894385
factored,4,0,64,relu,0.003,3,16,1024,15.0,42.45562541239982,0.8977441470687472,0.234375,5.821722984313965,0.00044290556864116286,0.39427596052714925
single,32,0,64,relu,0.003,2,32,2048,31.0,45.31730883103826,1.1924579504849728,0.484375,6.075377941131592,0.0029870784646260076,0.5159873935202253
single,4,0,64,relu,0.01,0,4,256,3.0,35.00861744492699,0.5938846475769842,0.046875,5.499074935913086,0.000744835302673226,0.1468048008599778
factored,2,1,64,relu,0.01,0,4,256,3.0,33.34452391403906,0.5678831861568603,0.046875,5.515723705291748,0.0004624382110030519,0.11289890769624429
single,16,0,64,relu,0.003,4,16,1024,15.0,42.6369628430388,0.9005775444224813,0.234375,5.884761810302734,0.00023342403391540616,0.34300408696285495
factored,2,0,64,relu,0.01,0,4,256,3.0,35.749793218519095,0.6054655190393609,0.046875,5.522610187530518,0.00046339770375446794,0.16579086396180673
single,8,0,64,relu,0.01,0,8,512,7.0,26.589422872959837,0.5248347323899974,0.109375,5.963720321655273,9.899003459752291e-05,0.1934265239908816
factored,5,1,64,relu,0.003,2,32,2048,31.0,33.655960595136364,1.0102493842990057,0.484375,5.9304585456848145,0.040480444173826,0.5937622039209975
factored,5,0,64,relu,0.003,2,32,2048,31.0,43.29468533226903,1.1608544583167038,0.484375,5.985189914703369,0.09176867368886535,0.6817515663254344
single,2,0,64,relu,0.01,1,2,128,1.0,34.3739508735124,0.5527179823986312,0.015625,5.283004283905029,0.0015396723994008008,0.15231866903061292
factored,3,1,64,relu,0.01,0,8,512,7.0,21.531223331642515,0.4458003645569143,0.109375,5.8847246170043945,5.212068296721439e-05,0.2790896211473743
factored,4,1,64,relu,0.003,4,16,1024,15.0,43.40351612366818,0.9125549394323154,0.234375,5.772943496704102,0.000363224719530026,0.30943633418167593
factored,4,0,64,relu,0.003,4,16,1024,15.0,42.63312870368752,0.9005176359951175,0.234375,5.825339317321777,0.00042855443865160044,0.4012437390961461
factored,3,0,64,relu,0.01,0,8,512,7.0,28.734252733470075,0.5583476989604699,0.109375,5.872392654418945,0.00027128483951450305,0.37358021072320896
single,32,0,64,relu,0.003,3,32,2048,31.0,45.31949938307236,1.1924921778605055,0.484375,6.069091320037842,0.0023333800862472857,0.5199634765263983
single,4,0,64,relu,0.01,1,4,256,3.0,31.688957110832195,0.542014954856753,0.046875,5.56916618347168,0.0005703421647582329,0.15777250425670902
factored,2,1,64,relu,0.01,1,4,256,3.0,32.09007837083292,0.5482824745442644,0.046875,5.533960819244385,0.0004837039405573689,0.1449052096792454
factored,2,0,64,relu,0.01,1,4,256,3.0,27.39101196112882,0.47485956189263784,0.046875,5.61530065536499,0.0008124945360404787,0.1896687777709914
single,16,0,64,relu,0.01,0,16,1024,15.0,15.650872102887849,0.47891987660762264,0.234375,6.251847267150879,0.0010971972251196751,0.43391626908611275
factored,5,1,64,relu,0.003,3,32,2048,31.0,32.927673324659,0.9988698956977968,0.484375,5.939003944396973,0.05085565137845284,0.5912032592410332
single,8,0,64,relu,0.01,1,8,512,7.0,26.268278134276017,0.5198168458480628,0.109375,5.94612455368042,0.00012096084502266533,0.228471995891584
factored,5,0,64,relu,0.003,3,32,2048,31.0,41.68332406790646,1.1356769385610384,0.484375,5.991645812988281,0.06590477479392537,0.6940339424696209
factored,4,1,64,relu,0.01,0,16,1024,15.0,9.317653252468512,0.37996333206982047,0.234375,5.995667457580566,0.0048133621714128065,1.3517990454725992
factored,3,0,64,relu,0.01,1,8,512,7.0,29.871122123276503,0.5761112831761954,0.109375,5.854625701904297,0.00016063394587788384,0.21676966274663972
single,2,0,64,relu,0.01,2,2,128,1.0,30.678673515621373,0.49497927368158395,0.015625,5.282735347747803,0.0018726262290986863,0.11595320866987477
factored,3,1,64,relu,0.01,1,8,512,7.0,22.089000917256527,0.45451563933213324,0.109375,5.856215953826904,0.00010142580422916564,0.2386064671385185
single,32,0,64,relu,0.003,4,32,2048,31.0,43.847558186048985,1.1694930966570154,0.484375,6.076070785522461,0.013395138278373181,0.5037833809935535
factored,4,0,64,relu,0.01,0,16,1024,15.0,15.473945056317701,0.4761553915049641,0.234375,6.134472846984863,0.017567160708254103,1.3944185613061386
single,4,0,64,relu,0.01,2,4,256,3.0,33.55141863261774,0.5711159161346522,0.046875,5.533884048461914,0.0005762637303822,0.10963001421427895
factored,2,1,64,relu,0.01,2,4,256,3.0,27.934313886183805,0.48334865447162195,0.046875,5.529806137084961,0.0004008913526445367,0.10609347401238818
factored,2,0,64,relu,0.01,2,4,256,3.0,34.66381718772942,0.5884971435582722,0.046875,5.513747692108154,0.0003793426773665704,0.12241780350348197
single,16,0,64,relu,0.01,1,16,1024,15.0,15.29395556063656,0.4733430556349463,0.234375,6.252851486206055,0.006373402850849695,0.5476868385634869
factored,5,1,64,relu,0.003,4,32,2048,31.0,32.537628599465414,0.9927754468666471,0.484375,5.937596321105957,0.055577319101377164,0.6248948051543495
single,8,0,64,relu,0.01,2,8,512,7.0,25.010934958784077,0.5001708587310012,0.109375,5.961224555969238,0.0001239469198235258,0.2527573158859858
factored,5,0,64,relu,0.003,4,32,2048,31.0,43.36273919352451,1.1619177998988204,0.484375,5.983068466186523,0.07160982376487053,0.7234108819831
factored,3,1,64,relu,0.01,2,8,512,7.0,22.765301810492105,0.46508284078893913,0.109375,5.8615498542785645,0.0001139223240089025,0.310342516431933
single,2,0,64,relu,0.01,3,2,128,1.0,30.974898484673584,0.49960778882302476,0.015625,5.312649726867676,0.0010951938306116994,0.1905432381141795
factored,3,0,64,relu,0.01,2,8,512,7.0,23.305846921314473,0.47352885814553863,0.109375,5.911955833435059,0.00045816931845165716,0.24856147287609026
factored,4,1,64,relu,0.01,1,16,1024,15.0,11.358828616325164,0.41185669713008066,0.234375,5.99979305267334,0.011508022816805985,1.663484361656672
factored,4,0,64,relu,0.01,1,16,1024,15.0,13.068703417726969,0.4385734909019839,0.234375,6.151957988739014,0.0018665818762486214,0.9306978172757534
single,32,0,64,relu,0.01,0,32,2048,28.0,19.221446910446534,0.737835107975727,0.4375,6.30397891998291,0.06994706632861267,2.2857142857142856
single,4,0,64,relu,0.01,3,4,256,3.0,33.28722338281982,0.5669878653565597,0.046875,5.569207668304443,0.00045943360341824433,0.11936391758179363
factored,2,1,64,relu,0.01,3,4,256,3.0,33.6413036659895,0.5725203697810859,0.046875,5.5052170753479,0.0004353285552138674,0.10558898310706533
factored,2,0,64,relu,0.01,3,4,256,3.0,34.28097924261694,0.5825153006658896,0.046875,5.544698238372803,0.0010974026657237898,0.14101704133002776
single,16,0,64,relu,0.01,2,16,1024,15.0,15.78732777556056,0.48105199649313374,0.234375,6.241571426391602,2.6801075453675957e-05,0.4057974386899805
factored,5,1,64,relu,0.01,0,32,2048,20.0,14.77066625417363,0.543291660221463,0.3125,6.03801155090332,0.15758305743053905,3.2
single,8,0,64,relu,0.01,3,8,512,7.0,23.459068550759728,0.47592294610562075,0.109375,5.982775688171387,9.701127212427092e-05,0.23344321650453387
factored,3,1,64,relu,0.01,3,8,512,7.0,23.214651042388912,0.47210392253732675,0.109375,5.878918170928955,5.9877735457543224e-05,0.239883059546172
factored,5,0,64,relu,0.01,0,32,2048,16.0,11.692006588539767,0.4326876029459339,0.25,6.1920366287231445,0.19586652061950205,3.999999999999999
single,2,0,64,relu,0.01,4,2,128,1.0,30.275194117468008,0.4886749080854376,0.015625,5.302881240844727,0.0030820726360100597,0.10875734404604942
factored,4,1,64,relu,0.01,2,16,1024,15.0,9.301360380226518,0.37970875594103937,0.234375,6.0006608963012695,0.0023098390778539275,0.5297836516345549
factored,4,0,64,relu,0.01,2,16,1024,15.0,13.55998611352889,0.4462497830238889,0.234375,6.147865295410156,0.008642792296942852,1.2972578047269034
factored,3,0,64,relu,0.01,3,8,512,7.0,25.22958665073877,0.5035872914177932,0.109375,5.917458534240723,0.00018090243068463044,0.29349011766710187
single,32,0,64,relu,0.01,1,32,2048,30.0,24.17382390286749,0.8464659984823045,0.46875,6.255031585693359,0.16629671673478624,1.4923210389341652
single,4,0,64,relu,0.01,4,4,256,3.0,33.80959696177027,0.5751499525276604,0.046875,5.512810707092285,0.0006879984894312135,0.14272160254970248
factored,2,1,64,relu,0.01,4,4,256,3.0,33.42898417327103,0.5692028777073599,0.046875,5.506020545959473,0.0004152810610253514,0.11825090551671354
factored,2,0,64,relu,0.01,4,4,256,3.0,34.75919536941935,0.5899874276471774,0.046875,5.542250156402588,0.0007074700325918501,0.15125039831963852
single,16,0,64,relu,0.01,3,16,1024,15.0,18.628835304372707,0.5254505516308235,0.234375,6.245267868041992,0.00012002038584344426,0.41198689314968123
factored,5,1,64,relu,0.01,1,32,2048,19.0,12.356265609090416,0.4899416501420377,0.296875,6.025539875030518,0.15783001699992194,3.368421052631578
single,8,0,64,relu,0.01,4,8,512,7.0,26.53453983467058,0.5239771849167278,0.109375,5.951353073120117,9.628272181729736e-05,0.1976601042714202
factored,5,0,64,relu,0.01,1,32,2048,16.0,10.475406940913233,0.41367823345176924,0.25,6.183805465698242,0.16326161434853165,3.9999999999999987
single,2,0,64,identity,0.003,0,2,128,1.0,24.673804144510473,0.40115318975797615,0.015625,5.408866882324219,0.0057135913645994345,0.006717971278316694
factored,4,1,64,relu,0.01,3,16,1024,15.0,11.782063216759976,0.4184697377618746,0.234375,5.9922590255737305,0.0030202586387323366,0.813579089119773
factored,4,0,64,relu,0.01,3,16,1024,15.0,10.796648605011423,0.4030726344533035,0.234375,6.147587776184082,0.005498347232222295,0.9534080152621343
factored,3,1,64,relu,0.01,4,8,512,7.0,20.09494097720436,0.4233584527688181,0.109375,5.916706085205078,6.794851882594478e-05,0.30948156755718625
factored,3,0,64,relu,0.01,4,8,512,7.0,27.522810452117138,0.5394189133143303,0.109375,5.894656181335449,0.00022841800595005927,0.31829580981767225
single,32,0,64,relu,0.01,2,32,2048,31.0,21.620063576138197,0.8221884933771593,0.484375,6.265202522277832,0.11271057369677762,1.100971826077331
single,4,0,64,identity,0.003,0,4,256,3.0,28.340630066106506,0.48969734478291416,0.046875,5.651460647583008,0.0033269704554929848,0.0026982985705648025
factored,2,1,64,identity,0.003,0,4,256,3.0,27.81277409103118,0.4814495951723622,0.046875,5.616659641265869,0.0027177070552942243,0.0023220787994806804
factored,2,0,64,identity,0.003,0,4,256,3.0,27.645802608298947,0.47884066575467105,0.046875,5.6725897789001465,0.00462478579546634,0.003921362792782155
single,16,0,64,relu,0.01,4,16,1024,15.0,16.656961254569044,0.4946400196026413,0.234375,6.249864101409912,0.0017052896859202301,0.47648559520060463
factored,5,1,64,relu,0.01,2,32,2048,21.0,14.367747214128464,0.5526210502207572,0.328125,6.0298919677734375,0.10795510340465206,3.0476190476190466
single,8,0,64,identity,0.003,0,8,512,7.0,29.58108034257,0.5715793803526563,0.109375,5.855871200561523,0.0015144530552079984,0.0018409356242359291
factored,5,0,64,relu,0.01,2,32,2048,13.0,9.34200320186277,0.3490938000291058,0.203125,6.203571796417236,0.16965717904250305,4.923076923076923
single,2,0,64,identity,0.003,1,2,128,1.0,24.55992333532291,0.3993738021144205,0.015625,5.409089088439941,0.005576163027777857,0.004854832536976
factored,3,1,64,identity,0.003,0,8,512,7.0,28.732275910113188,0.5583168110955186,0.109375,5.750269412994385,0.0009392509783500124,0.0006336614069483436
factored,4,0,64,relu,0.01,4,16,1024,15.0,10.707113919842095,0.4016736549975327,0.234375,6.166415691375732,0.010049299681361442,1.4368672896476677
factored,3,0,64,identity,0.003,0,8,512,7.0,29.13065684883517,0.5645415132630496,0.109375,5.832686424255371,0.0016126825243339051,0.0015546040747735732
factored,4,1,64,relu,0.01,4,16,1024,15.0,10.381167957895551,0.39658074934211796,0.234375,5.992276191711426,0.0013016461330054838,0.47168999249330523
single,32,0,64,relu,0.01,3,32,2048,31.0,19.862023706302008,0.7947191204109689,0.484375,6.272171497344971,0.05191088536898939,0.9517612785458027
single,4,0,64,identity,0.003,1,4,256,3.0,28.629479790048734,0.49421062171951147,0.046875,5.656071662902832,0.0036005969454146426,0.003921588253744718
factored,2,1,64,identity,0.003,1,4,256,3.0,28.624363589676552,0.4941306810886961,0.046875,5.6237382888793945,0.003737169697071672,0.0021140046663153467
factored,2,0,64,identity,0.003,1,4,256,3.0,28.0990070964699,0.4859219858823422,0.046875,5.676057815551758,0.005167734167834991,0.004117419924336391
single,16,0,64,identity,0.003,0,16,1024,15.0,28.68977108172217,0.6826526731519089,0.234375,6.041808128356934,0.0006268165452758546,0.0016334648963759614
single,8,0,64,identity,0.003,1,8,512,7.0,29.263298820547966,0.566614044071062,0.109375,5.872622966766357,0.001308331685105296,0.001424371350424503
factored,5,1,64,relu,0.01,3,32,2048,18.0,9.842185171448318,0.43503414330387996,0.28125,6.0407490730285645,0.15470228769125194,3.555555555555555
factored,5,0,64,relu,0.01,3,32,2048,11.0,8.736205767370373,0.30837821511516206,0.171875,6.199295997619629,0.13174777049041417,5.818181818181818
factored,3,1,64,identity,0.003,1,8,512,7.0,28.859062061303682,0.56029784470787,0.109375,5.745182991027832,0.0008967576881075684,0.0007005987914370644
factored,4,1,64,identity,0.003,0,16,1024,15.0,27.368658663829432,0.6620102916223349,0.234375,5.859571933746338,0.00023376204796824807,0.0003929746290625054
single,2,0,64,identity,0.003,2,2,128,1.0,24.033825599193698,0.3911535249874015,0.015625,5.402006149291992,0.0040403783346427205,0.006219960024681602
factored,3,0,64,identity,0.003,1,8,512,7.0,29.008164989918757,0.5626275779674805,0.109375,5.835352897644043,0.0013592272362041964,0.0011341526882912509
factored,4,0,64,identity,0.003,0,16,1024,15.0,28.29488741208709,0.6764826158138608,0.234375,5.958285331726074,0.0004158807143123464,0.0007905700872558874
single,4,0,64,identity,0.003,2,4,256,3.0,27.829213284794143,0.4817064575749085,0.046875,5.6600470542907715,0.0037922858444537654,0.00443647554991986
single,32,0,64,relu,0.01,4,32,2048,31.0,23.533649351004073,0.8520882711094386,0.484375,6.265060901641846,0.10676777757889484,0.7583930070049818
factored,2,0,64,identity,0.003,2,4,256,3.0,27.84419055745596,0.4819404774602494,0.046875,5.663168907165527,0.004143328323886134,0.0045502100804755115
factored,2,1,64,identity,0.003,2,4,256,3.0,28.175730007368124,0.48712078136512693,0.046875,5.605008602142334,0.0031938131577915314,0.0020397778128986794
single,16,0,64,identity,0.003,1,16,1024,15.0,27.918223631008246,0.6705972442345038,0.234375,6.031722068786621,0.0005597828785796437,0.0015484736565818014
factored,5,1,64,relu,0.01,4,32,2048,18.0,12.326166222393711,0.4738463472249017,0.28125,6.027676105499268,0.07182413976478558,3.5555555555555545
single,8,0,64,identity,0.003,2,8,512,7.0,29.129814956323045,0.5645283586925476,0.109375,5.866530418395996,0.0013700838053710951,0.0015455339996895434
factored,5,0,64,relu,0.01,4,32,2048,13.0,10.495231029983755,0.3671129848434962,0.203125,6.185333728790283,0.2043417656197326,4.923076923076925
single,2,0,64,identity,0.003,3,2,128,1.0,24.01190996787213,0.390811093248002,0.015625,5.4232683181762695,0.005048241352458328,0.006011350027436937
factored,3,1,64,identity,0.003,2,8,512,7.0,28.92043534168916,0.5612568022138931,0.109375,5.750644207000732,0.0008826417767666038,0.0007960312276268025
factored,3,0,64,identity,0.003,2,8,512,7.0,29.317989226669955,0.567468581666718,0.109375,5.83992338180542,0.00136940053433476,0.0013333621261315718
factored,4,1,64,identity,0.003,1,16,1024,15.0,27.3768476610834,0.6621382447044282,0.234375,5.857551574707031,0.0002529595562370665,0.0004425883677184798
factored,4,0,64,identity,0.003,1,16,1024,15.0,27.906278567189368,0.6704106026123339,0.234375,5.960161209106445,0.00039597609393440586,0.0006554077685475289
single,4,0,64,identity,0.003,3,4,256,3.0,28.668000660850538,0.49481251032578966,0.046875,5.664799690246582,0.003993250156969601,0.004203173022252792
single,32,0,64,identity,0.003,0,32,2048,31.0,26.500646200471202,0.8984475968823625,0.484375,6.110562324523926,0.0013973649410287925,0.004254626279492424
factored,2,1,64,identity,0.003,3,4,256,3.0,27.268041993092368,0.47293815614206824,0.046875,5.6265869140625,0.0028535303927917114,0.002460219685484568
factored,2,0,64,identity,0.003,3,4,256,3.0,28.872949084066416,0.49801482943853775,0.046875,5.674628734588623,0.003771979616104261,0.0065248079865417325
single,16,0,64,identity,0.003,2,16,1024,15.0,28.483936068949667,0.6794365010773386,0.234375,6.0450568199157715,0.0006047953378881592,0.001837477139439702
factored,5,1,64,identity,0.003,0,32,2048,31.0,24.15323884987134,0.8617693570292397,0.484375,5.9593706130981445,0.07437880326196414,0.19228085642520015
single,8,0,64,identity,0.003,3,8,512,7.0,29.53652433240409,0.5708831926938138,0.109375,5.872357368469238,0.0014158475462557442,0.001606478410488715
factored,5,0,64,identity,0.003,0,32,2048,31.0,26.145739018233947,0.8929021721599054,0.484375,6.041815757751465,0.026344968062707797,0.09107881916445364
factored,3,1,64,identity,0.003,3,8,512,7.0,28.9996910808629,0.5624951731384829,0.109375,5.763617515563965,0.0007577611367147045,0.0005790892687939889
single,2,0,64,identity,0.003,4,2,128,1.0,24.70019289761482,0.40156551402523155,0.015625,5.401172637939453,0.01267436722270109,0.009736322348063159
factored,4,1,64,identity,0.003,2,16,1024,15.0,27.494051705507303,0.6639695578985516,0.234375,5.861440658569336,0.00024478188216448053,0.0004674137083751203
factored,4,0,64,identity,0.003,2,16,1024,15.0,28.325535063997012,0.6769614853749533,0.234375,5.966527938842773,0.00036127269409674866,0.0007197809581220437
factored,3,0,64,identity,0.003,3,8,512,7.0,29.4467550480121,0.5694805476251891,0.109375,5.854187965393066,0.0017185552079777497,0.0012380357848762852
single,4,0,64,identity,0.003,4,4,256,3.0,28.366842734342,0.49010691772409376,0.046875,5.650582790374756,0.003079323833703489,0.003911305702531226
single,32,0,64,identity,0.003,1,32,2048,31.0,26.445154735166625,0.8975805427369785,0.484375,6.107737064361572,0.0015582270762473794,0.019552168226513986
factored,2,1,64,identity,0.003,4,4,256,3.0,28.192867111459243,0.4873885486165507,0.046875,5.619223117828369,0.0024666232806528987,0.0028600477255229014
factored,2,0,64,identity,0.003,4,4,256,3.0,28.706176637775517,0.49540900996524245,0.046875,5.667970657348633,0.0045003414277178435,0.0033867543067885504
single,16,0,64,identity,0.003,3,16,1024,15.0,28.18923934204776,0.6748318647194962,0.234375,6.04561710357666,0.0005966907311751784,0.0016924620467560392
single,8,0,64,identity,0.003,4,8,512,7.0,29.26145452564355,0.5665852269631805,0.109375,5.877815246582031,0.0015910421685935866,0.0017362553919416962
factored,5,1,64,identity,0.003,1,32,2048,31.0,24.608143798352906,0.8688772468492642,0.484375,5.9563398361206055,0.02030831851178462,0.22821143714541803
factored,5,0,64,identity,0.003,1,32,2048,31.0,26.597032567996045,0.8999536338749382,0.484375,6.039711952209473,0.0030739562596169513,0.06978738001040719
single,2,0,64,identity,0.01,0,2,128,1.0,24.651737098903343,0.40080839217036474,0.015625,5.510451316833496,0.03405915561240244,0.007793253163630834
factored,3,1,64,identity,0.003,4,8,512,7.0,28.79106893443416,0.5592354521005338,0.109375,5.764404296875,0.0010032063369833117,0.0007967365728996552
factored,3,0,64,identity,0.003,4,8,512,7.0,28.885753404901546,0.5607148969515867,0.109375,5.854466438293457,0.0012985768654955887,0.0014610204967950488
factored,4,1,64,identity,0.003,3,16,1024,15.0,27.549736016358395,0.6648396252555999,0.234375,5.859336853027344,0.00020380662292774368,0.0004366678457758225
factored,4,0,64,identity,0.003,3,16,1024,15.0,27.47406203304398,0.6636572192663122,0.234375,5.966322898864746,0.00034117520478987797,0.00057628701162418
single,32,0,64,identity,0.003,2,32,2048,31.0,26.94425542668907,0.9053789910420167,0.484375,6.1109418869018555,0.0015788572132743397,0.0062853359915345745
single,4,0,64,identity,0.01,0,4,256,3.0,23.442966220278056,0.4131713471918446,0.046875,5.792491436004639,0.006312820769796458,0.004836552498044483
factored,2,1,64,identity,0.01,0,4,256,3.0,22.897494251730304,0.404648347683286,0.046875,5.758230209350586,0.004110960830647245,0.0019563171419169295
factored,2,0,64,identity,0.01,0,4,256,3.0,24.015416002056625,0.42211587503213477,0.046875,5.814640998840332,0.008919100354760309,0.007599401277758511
single,16,0,64,identity,0.003,4,16,1024,15.0,28.871979458076837,0.6854996790324506,0.234375,6.03761625289917,0.0006487700880399429,0.0016725356776736851
factored,5,1,64,identity,0.003,2,32,2048,31.0,24.801800836920354,0.8719031380768805,0.484375,5.953619956970215,0.03436069609088473,0.2690209526975111
single,8,0,64,identity,0.01,0,8,512,7.0,23.334959344362744,0.4739837397556679,0.109375,6.0205583572387695,0.0014112293150067275,0.00330448552963784
single,2,0,64,identity,0.01,1,2,128,1.0,24.076907335313177,0.3918266771142684,0.015625,5.501960754394531,0.024373343685122756,0.00522800995198395
factored,5,0,64,identity,0.003,2,32,2048,31.0,26.263868288523856,0.8947479420081852,0.484375,6.0459089279174805,0.025665393354473143,0.13442617062023793
factored,3,1,64,identity,0.01,0,8,512,7.0,21.47329730989688,0.4448952704671387,0.109375,5.9176106452941895,0.0008749485183799617,0.0024373652096795436
factored,4,0,64,identity,0.003,4,16,1024,15.0,28.022026079517943,0.6722191574924679,0.234375,5.968023300170898,0.0004284853592721699,0.0007229862102817519
factored,4,1,64,identity,0.003,4,16,1024,15.0,27.30564246949758,0.6610256635858998,0.234375,5.8608856201171875,0.00019346111549969582,0.00034264512646597857
factored,3,0,64,identity,0.01,0,8,512,7.0,22.07006836166447,0.45421981815100737,0.109375,6.007112979888916,0.001376393352359864,0.0027770354505850777
single,32,0,64,identity,0.003,3,32,2048,31.0,27.290113273162994,0.9107830198931718,0.484375,6.104360580444336,0.001626803093935122,0.004577855349018485
single,4,0,64,identity,0.01,1,4,256,3.0,23.936932073828764,0.42088956365357444,0.046875,5.809938907623291,0.005120474944165206,0.003595826452986582
factored,2,1,64,identity,0.01,1,4,256,3.0,24.01946950079901,0.4221792109499845,0.046875,5.7635297775268555,0.006133319806264001,0.0038492680212321106
factored,2,0,64,identity,0.01,1,4,256,3.0,23.055029979207603,0.4071098434251188,0.046875,5.818879127502441,0.01014854028907378,0.007163872132590605
single,16,0,64,identity,0.01,0,16,1024,15.0,20.73095978029226,0.5582962465670666,0.234375,6.226775169372559,0.00039796229043000564,0.004098555262960799
single,8,0,64,identity,0.01,1,8,512,7.0,22.50160344031273,0.46096255375488643,0.109375,6.038701057434082,0.001332527109947601,0.0028068035109933254
factored,5,1,64,identity,0.003,3,32,2048,31.0,24.774305762044666,0.8714735275319478,0.484375,5.957441329956055,0.06375379934148864,0.2190433849276026
factored,5,0,64,identity,0.003,3,32,2048,31.0,26.384151599837715,0.8966273687474643,0.484375,6.035587787628174,0.002526359314078093,0.08340072042152089
factored,3,1,64,identity,0.01,1,8,512,7.0,21.011708800249004,0.4376829500038907,0.109375,5.91278600692749,0.0010083166194688555,0.0027335129729894186
factored,4,1,64,identity,0.01,0,16,1024,15.0,17.79237202199265,0.5123808128436351,0.234375,6.033947467803955,0.0005198649823905515,0.023617630789130838
single,2,0,64,identity,0.01,2,2,128,1.0,24.2547956814034,0.39460618252192814,0.015625,5.496951580047607,0.017816948049889484,0.007184676359743697
factored,4,0,64,identity,0.01,0,16,1024,15.0,18.784990432229712,0.5278904755035893,0.234375,6.143651008605957,0.0011396950356339117,0.01119355104127705
factored,3,0,64,identity,0.01,1,8,512,7.0,21.893605961796062,0.4514625931530635,0.109375,6.001340389251709,0.001164628757867311,0.002602616381958642
single,32,0,64,identity,0.003,4,32,2048,31.0,26.254909498857206,0.8946079609196438,0.484375,6.107420444488525,0.0013506533744837717,0.004160319162025224
single,4,0,64,identity,0.01,2,4,256,3.0,24.126961316974448,0.42385877057772575,0.046875,5.816319465637207,0.006162367120062391,0.004051073779791586
factored,2,1,64,identity,0.01,2,4,256,3.0,23.13268440818601,0.4083231938779064,0.046875,5.758306503295898,0.003694759748810622,0.0042132670701783975
factored,2,0,64,identity,0.01,2,4,256,3.0,22.94001904778691,0.4053127976216705,0.046875,5.804296970367432,0.006734925432015378,0.0037993179078642165
single,16,0,64,identity,0.01,1,16,1024,15.0,20.750454303788334,0.5586008484966927,0.234375,6.222029209136963,0.00038079633533699665,0.005440985664016073
factored,5,1,64,identity,0.003,4,32,2048,31.0,24.69508657112715,0.8702357276738617,0.484375,5.954649925231934,0.06416902620854595,0.2524863610794509
single,8,0,64,identity,0.01,2,8,512,7.0,22.35018188690851,0.45859659198294545,0.109375,6.042337894439697,0.0011951493262349594,0.004058371758874306
factored,5,0,64,identity,0.003,4,32,2048,31.0,25.736493053445358,0.8865077039600837,0.484375,6.036262512207031,0.0025824016144039355,0.07888489222916079
single,2,0,64,identity,0.01,3,2,128,1.0,23.560778348352503,0.38376216169300786,0.015625,5.515889644622803,0.021777345595476456,0.004569082613685084
factored,3,1,64,identity,0.01,2,8,512,7.0,20.837522148296344,0.4349612835671304,0.109375,5.906133651733398,0.0008044661399493842,0.0018231339353323097
factored,4,1,64,identity,0.01,1,16,1024,15.0,15.671523438087075,0.47924255372011054,0.234375,6.025224208831787,0.0005991907678215161,0.04726230793306611
factored,4,0,64,identity,0.01,1,16,1024,15.0,18.839022783127948,0.5287347309863741,0.234375,6.132956504821777,0.0006451740190731462,0.010624339875916627
factored,3,0,64,identity,0.01,2,8,512,7.0,22.047132287687358,0.45386144199511497,0.109375,6.011100769042969,0.0012805630350899272,0.0032007886850513255
single,32,0,64,identity,0.01,0,32,2048,31.0,14.592795940133168,0.7123874365645808,0.484375,6.303829669952393,0.00422263421272466,0.10881841351070629
single,4,0,64,identity,0.01,3,4,256,3.0,22.894825438544604,0.40460664747725944,0.046875,5.818973541259766,0.006070363052877887,0.006630444710946102
factored,2,1,64,identity,0.01,3,4,256,3.0,23.15598701575479,0.4086872971211686,0.046875,5.755265712738037,0.004636507863027191,0.0029783508945418545
factored,2,0,64,identity,0.01,3,4,256,3.0,24.00740037132031,0.4219906308018798,0.046875,5.813170909881592,0.00881954224056522,0.0058296745234472525
single,16,0,64,identity,0.01,2,16,1024,15.0,19.694372966722455,0.5420995776050384,0.234375,6.225434303283691,0.00036403960935668515,0.004617475637445461
factored,5,1,64,identity,0.01,0,32,2048,31.0,11.142857946846549,0.6584821554194773,0.484375,6.10706901550293,0.04667261736819374,0.42539207565951526
single,8,0,64,identity,0.01,3,8,512,7.0,22.3108315422267,0.4579817428472922,0.109375,6.041620254516602,0.0012519273818390312,0.0026538774928747282
factored,5,0,64,identity,0.01,0,32,2048,31.0,12.42169595738778,0.6784639993341841,0.484375,6.24154806137085,0.010111435405652418,0.3279065400920404
single,2,0,64,identity,0.01,4,2,128,1.0,24.44929702344685,0.397645265991357,0.015625,5.513354778289795,0.026947225899256307,0.009119465124720274
factored,3,1,64,identity,0.01,3,8,512,7.0,20.628026763897783,0.43168791818590285,0.109375,5.9267168045043945,0.0007132305232286246,0.0015397884993416625
factored,4,1,64,identity,0.01,2,16,1024,15.0,15.58643119066159,0.4779129873540874,0.234375,6.042751312255859,0.0008949889657870055,0.043488556803280745
factored,3,0,64,identity,0.01,3,8,512,7.0,22.325273029000467,0.4582073910781323,0.109375,6.018171310424805,0.001362372297819615,0.0028909030424701197
single,32,0,64,identity,0.01,1,32,2048,31.0,15.431160481678113,0.7254868825262205,0.484375,6.297904014587402,0.048187660586086596,0.11802871485351474
factored,4,0,64,identity,0.01,2,16,1024,15.0,19.12994331550111,0.5332803643047048,0.234375,6.139855861663818,0.0005444613784508386,0.00744037128774303
single,4,0,64,identity,0.01,4,4,256,3.0,24.172268799395084,0.4245666999905482,0.046875,5.794145584106445,0.005343995944500588,0.005968056319991231
factored,2,1,64,identity,0.01,4,4,256,3.0,23.310374196361884,0.41109959681815444,0.046875,5.755809307098389,0.004949448671022812,0.004381067714501969
single,16,0,64,identity,0.01,3,16,1024,15.0,19.893937494145593,0.5452177733460248,0.234375,6.227136135101318,0.0003537992893732879,0.00419672662830905
factored,2,0,64,identity,0.01,4,4,256,3.0,23.56948704269469,0.4151482350421045,0.046875,5.812848091125488,0.008149309183813012,0.008868335820781207
single,8,0,64,identity,0.01,4,8,512,7.0,22.439362318915123,0.4599900362330488,0.109375,6.058599472045898,0.0012878391460524673,0.003952558151030521
factored,5,1,64,identity,0.01,1,32,2048,31.0,8.420045205462195,0.6159382063353468,0.484375,6.097170829772949,0.04525334953207971,0.3798423136962069
factored,5,0,64,identity,0.01,1,32,2048,31.0,13.586513784590409,0.6966642778842251,0.484375,6.2428717613220215,0.042734595854252974,0.34032103224678145
factored,3,1,64,identity,0.01,4,8,512,7.0,21.27094673556157,0.4417335427431495,0.109375,5.929257869720459,0.0009671797031676231,0.002922242365517352
factored,4,1,64,identity,0.01,3,16,1024,15.0,16.911602479236905,0.49861878873807663,0.234375,6.0265116691589355,0.0006422375021104441,0.015797432384089642
factored,3,0,64,identity,0.01,4,8,512,7.0,21.43871301416619,0.4443548908463467,0.109375,6.0262861251831055,0.0011314338587214427,0.0042958764938787935
single,2,0,128,relu,0.003,0,2,128,1.0,48.6887590259607,0.38819342989031796,0.0078125,5.131385326385498,0.0013535912244778997,0.05550655858983128
factored,4,0,64,identity,0.01,3,16,1024,15.0,17.670290800160103,0.5104732937525016,0.234375,6.154383659362793,0.0005060193829997324,0.007822999857624073
single,32,0,64,identity,0.01,2,32,2048,31.0,15.744346190266384,0.7303804092229123,0.484375,6.309297561645508,0.01101422582678974,0.10518953494921979
single,4,0,128,relu,0.003,0,4,256,3.0,61.50901953022705,0.5039767150798988,0.0234375,5.241010665893555,0.000356259272510888,0.07964172786048848
factored,2,0,128,relu,0.003,0,4,256,3.0,63.42863614881587,0.518973719912624,0.0234375,5.239603042602539,0.00036896598581958706,0.06191135612080071
factored,2,1,128,relu,0.003,0,4,256,3.0,60.6567729766762,0.4973185388802828,0.0234375,5.227239608764648,0.00032037351051875557,0.07924500400284401
single,16,0,64,identity,0.01,4,16,1024,15.0,19.685432973703552,0.5419598902141181,0.234375,6.235221862792969,0.0004018537184901862,0.00409254030902025
factored,5,1,64,identity,0.01,2,32,2048,31.0,10.279564798373535,0.6449931999745865,0.484375,6.103943347930908,0.02477527500746259,0.3635165500820456
factored,5,0,64,identity,0.01,2,32,2048,31.0,13.777741613013093,0.6996522127033296,0.484375,6.2419514656066895,0.016082711510012986,0.28579909882829824
single,8,0,128,relu,0.003,0,8,512,7.0,73.57570438873486,0.6294976905369911,0.0546875,5.366377353668213,0.0001669959989747094,0.15684825508481587
factored,3,1,128,relu,0.003,0,8,512,7.0,74.4301678780426,0.6361731865472078,0.0546875,5.370012283325195,0.00015649693192701803,0.12818379412466147
factored,4,1,64,identity,0.01,4,16,1024,15.0,16.535324848199977,0.49273945075312464,0.234375,6.032356262207031,0.0008743142892631539,0.029547143056932935
factored,4,0,64,identity,0.01,4,16,1024,15.0,18.327459302492148,0.5207415516014398,0.234375,6.155656337738037,0.0005097845729490595,0.007738501099240747
single,2,0,128,relu,0.003,1,2,128,1.0,47.95226909796895,0.38243960232788243,0.0078125,5.148156642913818,0.0011001903339545656,0.037383214177395915
single,32,0,64,identity,0.01,3,32,2048,31.0,16.109833249886382,0.7360911445294747,0.484375,6.302709579467773,0.00968425832102537,0.11844924405229937
factored,3,0,128,relu,0.003,0,8,512,7.0,76.15438158413802,0.6496436061260783,0.0546875,5.369471073150635,0.00016024734470684965,0.13464763928956758
single,4,0,128,relu,0.003,1,4,256,3.0,60.28787764115774,0.49443654407154486,0.0234375,5.2494401931762695,0.0003158303744937312,0.08559990243380237
factored,2,1,128,relu,0.003,1,4,256,3.0,62.414464473197164,0.5110505036968529,0.0234375,5.2270827293396,0.0002642847326807666,0.07463575445544378
factored,2,0,128,relu,0.003,1,4,256,3.0,64.20697453055945,0.5250544885199957,0.0234375,5.244692802429199,0.00021121546074303355,0.0748904176306024
single,16,0,128,relu,0.003,0,16,1024,15.0,81.32420796397788,0.7525328747185772,0.1171875,5.634947776794434,9.57102835244953e-05,0.2831183029092166
factored,5,1,64,identity,0.01,3,32,2048,31.0,10.490815599746917,0.6482939937460456,0.484375,6.107518196105957,0.05431182695104173,0.4068671911195555
factored,5,0,64,identity,0.01,3,32,2048,31.0,13.590656206637187,0.696729003228706,0.484375,6.231853485107422,0.04712373398975775,0.4036703924570667
single,8,0,128,relu,0.003,1,8,512,7.0,76.27353119434716,0.6505744624558372,0.0546875,5.379350662231445,0.00017638859446238018,0.15301976741748963
single,2,0,128,relu,0.003,2,2,128,1.0,48.89037422310625,0.3897685486180176,0.0078125,5.12829065322876,0.0015838105987424037,0.060835907068528414
single,32,0,64,identity,0.01,4,32,2048,31.0,14.411163351167081,0.7095494273619857,0.484375,6.307897567749023,0.019385246993971268,0.11661865992892688
factored,3,1,128,relu,0.003,1,8,512,7.0,74.53454064447605,0.6369885987849692,0.0546875,5.376945495605469,0.00015971650046955785,0.10382996587728102
factored,3,0,128,relu,0.003,1,8,512,7.0,76.7913301570074,0.6546197668516203,0.0546875,5.368551254272461,0.00015910672388692485,0.1361766817790647
factored,4,0,128,relu,0.003,0,16,1024,15.0,84.34652372030416,0.7761447165648763,0.1171875,5.598883628845215,9.850461857833774e-05,0.2712513051988802
factored,4,1,128,relu,0.003,0,16,1024,15.0,75.20408334932378,0.704719401166592,0.1171875,5.648991584777832,0.00010463996623421353,0.2487829554144067
single,4,0,128,relu,0.003,2,4,256,3.0,61.463593943450014,0.5036218276832032,0.0234375,5.228326797485352,0.00038650975700522483,0.07395405117850481
factored,5,1,64,identity,0.01,4,32,2048,31.0,10.296709583520872,0.6452610872425136,0.484375,6.110415935516357,0.047258367683258765,0.396821000246946
factored,2,1,128,relu,0.003,2,4,256,3.0,61.27251728752558,0.5021290413087935,0.0234375,5.215846538543701,0.00041177414826926455,0.0811944707785899
factored,2,0,128,relu,0.003,2,4,256,3.0,63.620087410762864,0.5204694328965849,0.0234375,5.229382514953613,0.0003532063826936244,0.07459742474184036
factored,5,0,64,identity,0.01,4,32,2048,31.0,12.464192514998063,0.6791280080468447,0.484375,6.230526924133301,0.013713036942259688,0.3221077877476368
single,16,0,128,relu,0.003,1,16,1024,15.0,84.13089015738743,0.7744600793545893,0.1171875,5.626619815826416,8.987685710506842e-05,0.2861312563501071
single,8,0,128,relu,0.003,2,8,512,7.0,73.20002322789033,0.6265626814678932,0.0546875,5.3882598876953125,0.00018681439420896743,0.14841710965595337
single,2,0,128,relu,0.003,3,2,128,1.0,46.92406526703787,0.37440675989873334,0.0078125,5.158005714416504,0.0010960020215284103,0.04830189009498691
factored,3,1,128,relu,0.003,2,8,512,7.0,76.78509171373258,0.6545710290135358,0.0546875,5.387662887573242,0.00014946765090752837,0.12738829584864322
factored,4,1,128,relu,0.003,1,16,1024,15.0,71.9854329494721,0.6795736949177508,0.1171875,5.663784503936768,9.164433140800262e-05,0.25612464271813706
factored,3,0,128,relu,0.003,2,8,512,7.0,75.50016376447103,0.6445325294099299,0.0546875,5.389430046081543,0.00017182391091277935,0.1375490368225219
single,32,0,128,relu,0.003,0,32,2048,31.0,91.47465173350037,0.9568332166679716,0.2421875,5.929045677185059,8.231913566109561e-05,0.41423460064383094
single,4,0,128,relu,0.003,3,4,256,3.0,60.44518155724781,0.4956654809159985,0.0234375,5.254112243652344,0.00034928338450782053,0.07883545440051165
factored,4,0,128,relu,0.003,1,16,1024,15.0,85.79363472300243,0.7874502712734565,0.1171875,5.604692459106445,0.00010529481923342609,0.27388612357904807
factored,2,1,128,relu,0.003,3,4,256,3.0,61.50306817513627,0.5039302201182521,0.0234375,5.240357875823975,0.0003573160013106152,0.07690553399361262
factored,2,0,128,relu,0.003,3,4,256,3.0,65.06234123538407,0.531737040901438,0.0234375,5.240477085113525,0.0002997084818575171,0.06547603898219664
single,16,0,128,relu,0.003,2,16,1024,15.0,86.27308462702197,0.7911959736486092,0.1171875,5.636534690856934,8.915736901602436e-05,0.27106857660817846
single,8,0,128,relu,0.003,3,8,512,7.0,75.7258450698357,0.6462956646080914,0.0546875,5.392836570739746,0.00016160982812257464,0.14630041957945678
factored,5,1,128,relu,0.003,0,32,2048,31.0,42.067324757552306,0.5708384746683774,0.2421875,5.931985855102539,0.0020135514759092106,0.7135473288384432
factored,5,0,128,relu,0.003,0,32,2048,31.0,79.4992093477398,0.8632750730292171,0.2421875,5.867240905761719,0.00042753377833859563,0.4833064720694321
factored,3,1,128,relu,0.003,3,8,512,7.0,73.93245457479667,0.632284801365599,0.0546875,5.394894599914551,0.00013516113726101821,0.12523770886335392
factored,3,0,128,relu,0.003,3,8,512,7.0,74.65665799279991,0.6379426405687493,0.0546875,5.3865132331848145,0.00016405942661276994,0.15176710197552085
single,2,0,128,relu,0.003,4,2,128,1.0,48.35544553454852,0.38558941823866033,0.0078125,5.135197162628174,0.0009115451409905251,0.04715491649694566
factored,4,1,128,relu,0.003,2,16,1024,15.0,74.65458864542482,0.7004264737923814,0.1171875,5.661327838897705,0.00011890782381685213,0.2612155064357825
factored,4,0,128,relu,0.003,2,16,1024,15.0,83.98567383174439,0.7733255768105031,0.1171875,5.610661029815674,0.00012690340759658237,0.2662138761943985
single,32,0,128,relu,0.003,1,32,2048,31.0,90.51210553976472,0.9493133245294119,0.2421875,5.929939270019531,7.309003466054377e-05,0.43678751996426035
single,4,0,128,relu,0.003,4,4,256,3.0,61.67502967601449,0.5052736693438632,0.0234375,5.216705322265625,0.00044606148104689295,0.08502021289043458
factored,2,1,128,relu,0.003,4,4,256,3.0,62.3017643667674,0.5101700341153703,0.0234375,5.215902328491211,0.0004145140700629126,0.07132411642660924
single,16,0,128,relu,0.003,3,16,1024,15.0,84.38971235509148,0.7764821277741522,0.1171875,5.638311386108398,8.63140976368105e-05,0.2568254258175599
factored,2,0,128,relu,0.003,4,4,256,3.0,62.684015043164216,0.5131563675247204,0.0234375,5.240139484405518,0.00038861445513344365,0.08582561301767758
factored,5,1,128,relu,0.003,1,32,2048,31.0,36.04280599301775,0.5237719218204512,0.2421875,5.941732883453369,0.002205052812356503,0.8657844925224918
factored,5,0,128,relu,0.003,1,32,2048,31.0,81.9299300604644,0.8822650785973781,0.2421875,5.867936134338379,0.0003416779578058886,0.48157621493128194
single,8,0,128,relu,0.003,4,8,512,7.0,75.01309712759115,0.6407273213093059,0.0546875,5.391285419464111,0.00016946373852570903,0.1561325245709862
factored,3,1,128,relu,0.003,4,8,512,7.0,74.60509469158175,0.6375398022779825,0.0546875,5.39820671081543,0.00014336403360394904,0.12010891032200081
single,2,0,128,relu,0.01,0,2,128,1.0,40.089861068465204,0.3210145395973844,0.0078125,5.295919895172119,0.0006010163657953676,0.18373194362063155
factored,3,0,128,relu,0.003,4,8,512,7.0,76.7782781554438,0.6545177980894047,0.0546875,5.380716323852539,0.0001748372622065833,0.13564157262269388
factored,4,1,128,relu,0.003,3,16,1024,15.0,72.85922240070397,0.6864001750054998,0.1171875,5.662458419799805,0.00012191469777589762,0.2756164099809201
factored,4,0,128,relu,0.003,3,16,1024,15.0,82.24831773934397,0.7597524823386248,0.1171875,5.606493949890137,0.00011807527196200425,0.2603980772738862
single,4,0,128,relu,0.01,0,4,256,3.0,31.100990726497443,0.2664139900507613,0.0234375,5.622618675231934,0.00026698000290895037,0.15353255986732586
single,32,0,128,relu,0.003,2,32,2048,31.0,87.16299271736527,0.9231483806044162,0.2421875,5.94923210144043,5.736173800504733e-05,0.44521824251010517
factored,2,1,128,relu,0.01,0,4,256,3.0,36.884727900232534,0.31159943672056667,0.0234375,5.5327863693237305,0.00015044075740605351,0.16009126863015916
factored,2,0,128,relu,0.01,0,4,256,3.0,32.7697306075358,0.2794510203713734,0.0234375,5.580624580383301,0.00037671148511660716,0.17019668599978158
single,16,0,128,relu,0.003,4,16,1024,15.0,83.14403242881953,0.7667502533501526,0.1171875,5.639440536499023,8.377280029882974e-05,0.26858857876677783
factored,5,0,128,relu,0.003,2,32,2048,31.0,77.80188549282288,0.8500147304126787,0.2421875,5.877288818359375,0.00039982872097138396,0.4661834384451155
factored,5,1,128,relu,0.003,2,32,2048,31.0,39.50499872878875,0.5508203025686621,0.2421875,5.945589065551758,0.0022118310328643623,0.7966574305909443
single,8,0,128,relu,0.01,0,8,512,7.0,14.357553962523967,0.16685589033221848,0.0546875,6.145508289337158,2.1641015372528573e-05,0.6455791941573155
single,2,0,128,relu,0.01,1,2,128,1.0,39.79565978577889,0.31871609207639756,0.0078125,5.31291389465332,0.0009405363038278901,0.21619730095084658
factored,3,1,128,relu,0.01,0,8,512,7.0,12.739935586497436,0.15421824676951124,0.0546875,5.990961074829102,1.6392762725400103e-05,0.7819144589620062
factored,3,0,128,relu,0.01,0,8,512,7.0,12.538557936436494,0.1526449838784101,0.0546875,6.028531074523926,3.080284317321002e-05,0.42303941360253344
factored,4,1,128,relu,0.003,4,16,1024,15.0,71.90878338471482,0.6789748701930846,0.1171875,5.658648490905762,9.323829943191586e-05,0.2385545585905061
factored,4,0,128,relu,0.003,4,16,1024,15.0,85.82773953180228,0.7877167150922053,0.1171875,5.601190567016602,0.00011991378845208982,0.26868203344806824
single,32,0,128,relu,0.003,3,32,2048,31.0,88.2742426598814,0.9318300207803234,0.2421875,5.933619499206543,9.806338779140757e-05,0.4442534677490417
single,4,0,128,relu,0.01,1,4,256,3.0,28.462932677334834,0.2458041615416784,0.0234375,5.653395652770996,0.00016554847121968698,0.20680753452700662
factored,2,1,128,relu,0.01,1,4,256,3.0,29.267347928006327,0.25208865568754946,0.0234375,5.608030319213867,0.00017104640205113994,0.12938078621396337
factored,2,0,128,relu,0.01,1,4,256,3.0,32.68362337916979,0.27877830764976397,0.0234375,5.614202976226807,0.0002664277198124856,0.1701110907732819
single,16,0,128,relu,0.01,0,16,1024,15.0,11.104777189677424,0.20394357179435488,0.1171875,6.2943220138549805,3.0517576389498826e-05,0.79488860301718
factored,5,1,128,relu,0.003,3,32,2048,31.0,43.41165713849413,0.5813410713944853,0.2421875,5.937452793121338,0.0016919605152034337,0.7369642026868786
single,8,0,128,relu,0.01,1,8,512,7.0,12.12194993261334,0.14939023384854172,0.0546875,6.17928409576416,2.441750106368897e-05,0.7616608368570904
factored,5,0,128,relu,0.003,3,32,2048,31.0,75.09542969886462,0.8288705445223798,0.2421875,5.8765668869018555,0.0007823995420520055,0.4914057350239977
factored,3,1,128,relu,0.01,1,8,512,7.0,8.744300801502977,0.123002350011742,0.0546875,6.017617225646973,4.453086624226135e-05,2.3831604145901686
factored,3,0,128,relu,0.01,1,8,512,7.0,14.056925636719518,0.16450723153687125,0.0546875,6.057072639465332,3.0233048061059896e-05,0.5792228402333892
single,2,0,128,relu,0.01,2,2,128,1.0,41.28506446599603,0.330352066140594,0.0078125,5.288455486297607,0.0007982018608891503,0.2567846321367831
factored,4,1,128,relu,0.01,0,16,1024,15.0,12.042114454762299,0.21126651917783046,0.1171875,6.007219314575195,0.0020772921646478306,3.3329855120537983
factored,4,0,128,relu,0.01,0,16,1024,15.0,7.273280251793153,0.174010001967134,0.1171875,6.172794342041016,0.0021589998993884183,3.3999974209918404
single,32,0,128,relu,0.003,4,32,2048,31.0,85.97391014150733,0.913858672980526,0.2421875,5.946641445159912,7.247120516113934e-05,0.44212085499666376
single,4,0,128,relu,0.01,2,4,256,3.0,29.327807489618348,0.25256099601264337,0.0234375,5.62085485458374,0.00020705718946121432,0.14845520834986203
factored,2,1,128,relu,0.01,2,4,256,3.0,29.577640854005683,0.25451281917191937,0.0234375,5.609320163726807,0.0001665514229012344,0.14322499680396467
factored,2,0,128,relu,0.01,2,4,256,3.0,34.047442277783155,0.2894331427951809,0.0234375,5.617008209228516,0.00030691391932796013,0.16565071381040994
single,16,0,128,relu,0.01,1,16,1024,15.0,14.070465962773136,0.2271130153341651,0.1171875,6.273900508880615,8.194704733296635e-06,0.8524145935207015
factored,5,1,128,relu,0.003,4,32,2048,31.0,36.90361759669002,0.5304970124741408,0.2421875,5.938805103302002,0.001442832874385892,0.9512573251159699
single,8,0,128,relu,0.01,2,8,512,7.0,10.549438610885137,0.13710498914754013,0.0546875,6.182815074920654,1.3504468032879757e-05,0.4768054530857099
factored,5,0,128,relu,0.003,4,32,2048,31.0,86.1850961608794,0.9155085637568703,0.2421875,5.859760284423828,0.00032189168147599693,0.4625898667969223
factored,3,1,128,relu,0.01,2,8,512,7.0,12.06413688711768,0.14893856943060688,0.0546875,5.995901107788086,3.326295417270523e-05,1.135463631198459
factored,3,0,128,relu,0.01,2,8,512,7.0,12.108540690672843,0.14928547414588159,0.0546875,6.082005977630615,5.699120440392294e-05,0.6754768098183999
single,2,0,128,relu,0.01,3,2,128,1.0,35.36088294052717,0.2840693979728685,0.0078125,5.348299503326416,0.0007843275895672086,0.1854316099861921
factored,4,1,128,relu,0.01,1,16,1024,15.0,12.736174834963716,0.21668886589815403,0.1171875,6.019657135009766,4.762684322137754e-05,2.597715937123146
factored,4,0,128,relu,0.01,1,16,1024,15.0,10.415948097578474,0.1985620945123318,0.1171875,6.1834869384765625,0.003728839354491674,5.631800563856487
single,32,0,128,relu,0.01,0,32,2048,26.0,13.58003981929579,0.30921906108824837,0.203125,6.309397220611572,0.002278896398929949,4.9230769230769225
single,4,0,128,relu,0.01,3,4,256,3.0,30.810439483091653,0.26414405846165356,0.0234375,5.636981010437012,0.00017902624764194736,0.1640877344416975
factored,2,1,128,relu,0.01,3,4,256,3.0,28.300192797239493,0.24453275622843354,0.0234375,5.607099533081055,0.00020825007200098132,0.13300808806579467
factored,2,0,128,relu,0.01,3,4,256,3.0,28.578347818325724,0.24670584233066972,0.0234375,5.630169868469238,0.00024220768225466182,0.23768655059134502
single,16,0,128,relu,0.01,2,16,1024,15.0,6.894286843062845,0.17104911596142847,0.1171875,6.31831169128418,4.468236898093572e-06,1.640374032807688
factored,5,1,128,relu,0.01,0,32,2048,17.0,13.504690066010038,0.23831789114070343,0.1328125,6.071366786956787,0.008011188840057176,7.529411764705884
factored,5,0,128,relu,0.01,0,32,2048,8.0,7.022329118142013,0.11736194623548447,0.0625,6.21475076675415,0.028820911385735733,16.0
single,8,0,128,relu,0.01,3,8,512,7.0,12.683644250497618,0.15377847070701264,0.0546875,6.164191722869873,1.8925842547120664e-05,0.6576813440950847
single,2,0,128,relu,0.01,4,2,128,1.0,41.11826298098366,0.32904892953893483,0.0078125,5.291787624359131,0.00027434495360432066,0.24046885643705124
factored,3,1,128,relu,0.01,3,8,512,7.0,10.12009786889624,0.13375076460075186,0.0546875,6.0137200355529785,9.635734513025392e-06,1.266994604871114
factored,4,0,128,relu,0.01,2,16,1024,13.0,8.954823759208846,0.1715220606188191,0.1015625,6.197972297668457,0.0006743552767949913,6.669817743937285
factored,4,1,128,relu,0.01,2,16,1024,15.0,10.77782910628167,0.20138928989282556,0.1171875,6.005937576293945,0.00011400400747169504,1.9220818392639039
factored,3,0,128,relu,0.01,3,8,512,7.0,16.203199994508637,0.18127499995709873,0.0546875,6.042914867401123,2.94954280714059e-05,0.534068001576409
single,4,0,128,relu,0.01,4,4,256,3.0,32.07246151160689,0.2740036055594288,0.0234375,5.591202735900879,0.0002871669283852001,0.20018645750542582
single,32,0,128,relu,0.01,1,32,2048,23.0,13.394295052505838,0.28433043009770187,0.1796875,6.407772064208984,0.0021703596303396955,5.565217391304348
factored,2,1,128,relu,0.01,4,4,256,3.0,28.695190397214194,0.2476186749782359,0.0234375,5.6046648025512695,0.00019383443936857653,0.11269919440499401
factored,2,0,128,relu,0.01,4,4,256,3.0,34.26276635068256,0.2911153621147075,0.0234375,5.5720109939575195,0.00032348759721698633,0.18680437650197898
single,16,0,128,relu,0.01,3,16,1024,15.0,8.202079072130976,0.18126624275102327,0.1171875,6.316190719604492,3.814857754886046e-05,0.7491656115678731
factored,5,1,128,relu,0.01,1,32,2048,15.0,11.538373192365748,0.2073310405653574,0.1171875,6.026556968688965,0.015077880159879037,8.533333333333335
single,8,0,128,relu,0.01,4,8,512,7.0,15.523562504338656,0.17596533206514575,0.0546875,6.1550445556640625,2.653479896651546e-05,0.633330902024815
factored,5,0,128,relu,0.01,1,32,2048,9.0,6.80683823483095,0.1234909237096168,0.0703125,6.204174041748047,0.016647118480314464,14.22222222222222
single,2,0,128,identity,0.003,0,2,128,1.0,35.471873571007734,0.2849365122734979,0.0078125,5.350814342498779,0.027289802210923236,0.00789363796056577
factored,3,1,128,relu,0.01,4,8,512,7.0,11.56663456059427,0.14505183250464274,0.0546875,5.995323181152344,9.661509538100296e-06,0.8909357175271715
factored,3,0,128,relu,0.01,4,8,512,7.0,13.664615234506472,0.1614423065195818,0.0546875,6.048831462860107,6.30922456395838e-05,0.9398706444734298
factored,4,1,128,relu,0.01,3,16,1024,15.0,12.48107855945372,0.2146959262457322,0.1171875,6.022861480712891,0.00036148648139468106,2.4451611940054594
factored,4,0,128,relu,0.01,3,16,1024,11.0,7.003653625806277,0.14065354395161153,0.0859375,6.202306270599365,0.003134138357602218,11.636363636363637
single,32,0,128,relu,0.01,2,32,2048,26.0,16.359452144039853,0.3309332198753113,0.203125,6.289226531982422,0.012120411047486186,4.923076923076924
single,4,0,128,identity,0.003,0,4,256,3.0,40.37824857153992,0.33889256696515563,0.0234375,5.610727787017822,0.005090039925222599,0.004276532303059837
factored,2,1,128,identity,0.003,0,4,256,3.0,39.32815292608567,0.3306886947350443,0.0234375,5.5763750076293945,0.004702690648045213,0.0028893362383952937
single,16,0,128,relu,0.01,4,16,1024,15.0,12.211856082888994,0.21259262564757025,0.1171875,6.279194355010986,1.1983391089519739e-05,0.7505617287064423
factored,2,0,128,identity,0.003,0,4,256,3.0,39.61827347705692,0.33295526153950716,0.0234375,5.632978439331055,0.005379923614275129,0.0043118635017093945
factored,5,0,128,relu,0.01,2,32,2048,7.0,5.396676212425646,0.09684903290957536,0.0546875,6.225198745727539,0.014128794384321946,18.28571428571428
factored,5,1,128,relu,0.01,2,32,2048,16.0,11.497322743373076,0.21482283393260215,0.125,6.113544464111328,0.005926454856819592,8.0
single,8,0,128,identity,0.003,0,8,512,7.0,43.089597549591,0.39132498085617967,0.0546875,5.81165885925293,0.002072374210910991,0.0026472756614502315
factored,3,1,128,identity,0.003,0,8,512,7.0,40.50581579878234,0.37113918592798706,0.0546875,5.723227500915527,0.0009533669661836986,0.0012682519108637754
single,2,0,128,identity,0.003,1,2,128,1.0,35.730481564278506,0.2869568872209258,0.0078125,5.363710880279541,0.019311118905808562,0.010101016718353182
factored,3,0,128,identity,0.003,0,8,512,7.0,42.075527414877904,0.3834025579287336,0.0546875,5.80268669128418,0.0016204905120497087,0.002682845923453078
factored,4,1,128,relu,0.01,4,16,1024,15.0,12.571309699655115,0.2154008570285556,0.1171875,6.0106425285339355,5.0569582877184185e-05,2.9512358809040813
single,32,0,128,relu,0.01,3,32,2048,23.0,15.306494582039637,0.29926948892218463,0.1796875,6.317026138305664,0.005448371061462271,5.565217391304349
factored,4,0,128,relu,0.01,4,16,1024,12.0,8.920943014955212,0.1634448673043376,0.09375,6.2068281173706055,0.0068433921587214746,7.881957514526279
single,4,0,128,identity,0.003,1,4,256,3.0,40.22491867312451,0.33769467713378526,0.0234375,5.619542121887207,0.006966570717434263,0.004338414460199805
factored,2,1,128,identity,0.003,1,4,256,3.0,39.854311163377844,0.3347993059638894,0.0234375,5.580226421356201,0.006286832944051203,0.0025091649172308507
factored,2,0,128,identity,0.003,1,4,256,3.0,39.38746834799256,0.33115209646869187,0.0234375,5.639540672302246,0.00848266462602549,0.005820879774216246
single,16,0,128,identity,0.003,0,16,1024,15.0,42.442922475540925,0.4487728318401635,0.1171875,6.012665748596191,0.0005414896702080509,0.0020609007699169514
factored,5,1,128,relu,0.01,3,32,2048,16.0,12.753207484746122,0.22463443347457906,0.125,6.057441711425781,0.026071618919617977,8.0
single,8,0,128,identity,0.003,1,8,512,7.0,42.48514982509549,0.3866027330085585,0.0546875,5.8303375244140625,0.0019776614950180738,0.002950164033877218
factored,5,0,128,relu,0.01,3,32,2048,7.0,6.1622936031881705,0.10283041877490759,0.0546875,6.209587097167969,0.019776358166287943,18.28571428571429
factored,3,1,128,identity,0.003,1,8,512,7.0,41.37276660698835,0.3779122391170965,0.0546875,5.7149128913879395,0.0009034658349950561,0.001253021662194148
factored,3,0,128,identity,0.003,1,8,512,7.0,41.55021544907931,0.3792985581959321,0.0546875,5.811422824859619,0.0015977646760490412,0.002208361093073573
single,2,0,128,identity,0.003,2,2,128,1.0,35.82015502869058,0.28765746116164514,0.0078125,5.353249549865723,0.02770583924803601,0.009529617304494028
factored,4,1,128,identity,0.003,0,16,1024,15.0,38.47752676383451,0.4177931778424571,0.1171875,5.855922698974609,0.0001956140970526225,0.0009456382142882665
single,32,0,128,relu,0.01,4,32,2048,24.0,19.15053314123401,0.3371135401658907,0.1875,6.325191974639893,0.0025719571468859597,5.333333333333334
factored,4,0,128,identity,0.003,0,16,1024,15.0,39.27373584223531,0.42401356126746337,0.1171875,5.951754570007324,0.0003567062416286731,0.001474791094740655
single,4,0,128,identity,0.003,2,4,256,3.0,39.84116472342431,0.33469659940175245,0.0234375,5.614210605621338,0.007598533050655805,0.0034742156860383686
factored,2,1,128,identity,0.003,2,4,256,3.0,39.20234723118295,0.3297058377436168,0.0234375,5.567546367645264,0.006968533707571933,0.0046627753235873644
single,16,0,128,identity,0.003,1,16,1024,15.0,41.90176282839616,0.444545022096845,0.1171875,6.002032279968262,0.0004933496583022323,0.002108787929173789
factored,2,0,128,identity,0.003,2,4,256,3.0,39.884908996673936,0.3350383515365151,0.0234375,5.618627548217773,0.009781809486266044,0.00501632192474746
factored,5,1,128,relu,0.01,4,32,2048,18.0,12.390294706192956,0.23742417739213245,0.140625,6.0336785316467285,0.007310771232050107,7.1111111111111125
factored,5,0,128,relu,0.01,4,32,2048,10.0,6.058753626611299,0.12545901270790077,0.078125,6.2243876457214355,0.014489146406110712,12.8
single,8,0,128,identity,0.003,2,8,512,7.0,43.184302603999996,0.39206486409374997,0.0546875,5.828195571899414,0.0021619399961787904,0.002372148607277264
single,2,0,128,identity,0.003,3,2,128,1.0,35.100340877188295,0.28203391310303355,0.0078125,5.373560428619385,0.022583289090290098,0.009372892288686012
factored,3,1,128,identity,0.003,2,8,512,7.0,41.85684129952499,0.38169407265253896,0.0546875,5.719402313232422,0.0011146891739017115,0.0012819455362400917
factored,3,0,128,identity,0.003,2,8,512,7.0,41.64209563596769,0.3800163721559976,0.0546875,5.813726425170898,0.001920077384361956,0.0020119274721367127
single,32,0,128,identity,0.003,0,32,2048,31.0,38.19710952777927,0.5406024181857756,0.2421875,6.106190204620361,0.0001601363652013506,0.0024042453991700574
factored,4,1,128,identity,0.003,1,16,1024,15.0,37.58093614946508,0.41078856366769595,0.1171875,5.857256889343262,0.00018035894471273264,0.0009582613112262748
factored,4,0,128,identity,0.003,1,16,1024,15.0,40.72285915995517,0.43533483718714977,0.1171875,5.941655158996582,0.00034489273901650876,0.001066578931197873
single,4,0,128,identity,0.003,3,4,256,3.0,40.1174761351697,0.3368552823060133,0.0234375,5.618748188018799,0.0070951519725662715,0.004180982407980725
factored,2,1,128,identity,0.003,3,4,256,3.0,39.93083845112594,0.33539717539942143,0.0234375,5.588449001312256,0.00595048246565803,0.0028536459721684466
factored,2,0,128,identity,0.003,3,4,256,3.0,40.26436755205868,0.33800287150045843,0.0234375,5.636122703552246,0.008501884759973441,0.004322577418562276
single,16,0,128,identity,0.003,2,16,1024,15.0,41.83022586748236,0.44398613958970595,0.1171875,6.011990547180176,0.00048792294801693075,0.0018976319981137055
factored,5,1,128,identity,0.003,0,32,2048,31.0,30.660804037960204,0.4817250315465641,0.2421875,5.972040176391602,0.00013873935476087007,0.015979978285049948
single,8,0,128,identity,0.003,3,8,512,7.0,42.75777974108878,0.3887326542272561,0.0546875,5.8272833824157715,0.0019470547075801877,0.002460841077180104
factored,5,0,128,identity,0.003,0,32,2048,31.0,36.934059106324206,0.5307348367681579,0.2421875,6.039090633392334,6.958339387213787e-05,0.0018949141806852445
factored,3,1,128,identity,0.003,3,8,512,7.0,41.703563333944835,0.380496588546444,0.0546875,5.7255449295043945,0.0008682017464814883,0.0013473616695233886
single,2,0,128,identity,0.003,4,2,128,1.0,35.52435609545224,0.28534653199572063,0.0078125,5.348847389221191,0.022252623644128895,0.005625857664368944
factored,3,0,128,identity,0.003,3,8,512,7.0,41.91200317028835,0.38212502476787774,0.0546875,5.828672409057617,0.0017859823481913826,0.0027914993514200686
factored,4,1,128,identity,0.003,2,16,1024,15.0,38.53005787240954,0.41820357712819956,0.1171875,5.854605674743652,0.00017207858276137875,0.000959825620987864
factored,4,0,128,identity,0.003,2,16,1024,15.0,40.617700513726625,0.43451328526348926,0.1171875,5.950277328491211,0.0003266908940300994,0.0012532602936034484
single,32,0,128,identity,0.003,1,32,2048,31.0,37.468740365046386,0.5349120341019249,0.2421875,6.102029800415039,0.00016089089052135532,0.0026130603360661796
single,4,0,128,identity,0.003,4,4,256,3.0,41.417848029726,0.3470144377322344,0.0234375,5.59566593170166,0.010918831794839788,0.005080842808490858
factored,2,1,128,identity,0.003,4,4,256,3.0,39.51829358627634,0.33217416864278393,0.0234375,5.584133148193359,0.006109122011079384,0.002876513639845301
single,16,0,128,identity,0.003,3,16,1024,15.0,41.80219564416852,0.44376715347006657,0.1171875,6.011789321899414,0.0004844829654902244,0.0016236697568180077
factored,2,0,128,identity,0.003,4,4,256,3.0,40.228177420254866,0.33772013609574114,0.0234375,5.633697509765625,0.010043675222362424,0.004986164801920586
factored,5,1,128,identity,0.003,1,32,2048,31.0,31.26939753980343,0.4864796682797143,0.2421875,5.968724727630615,0.00024159810606594556,0.020875803423215246
single,8,0,128,identity,0.003,4,8,512,7.0,43.337094487942394,0.39325855068704996,0.0546875,5.837277412414551,0.002040922333141614,0.0029690002305413758
factored,5,0,128,identity,0.003,1,32,2048,31.0,35.36587388082892,0.518483389693976,0.2421875,6.039601802825928,6.983950946015778e-05,0.0019650221460181206
single,2,0,128,identity,0.01,0,2,128,1.0,27.564101202188663,0.22315704064209893,0.0078125,5.5835185050964355,0.014069127362883824,0.009483888014329346
factored,3,1,128,identity,0.003,4,8,512,7.0,41.91337915985079,0.3821357746863343,0.0546875,5.740346431732178,0.0013355956018503276,0.001475280487815403
factored,3,0,128,identity,0.003,4,8,512,7.0,42.20804528992214,0.3844378538275167,0.0546875,5.81967830657959,0.0023111439733262797,0.002426509874106094
factored,4,1,128,identity,0.003,3,16,1024,15.0,38.23570212084103,0.41590392281907057,0.1171875,5.850314140319824,0.00020978509508894527,0.0010265476534928016
single,32,0,128,identity,0.003,2,32,2048,31.0,38.01331134781603,0.5391664949048127,0.2421875,6.113401889801025,0.00016876212805975928,0.002619567125800431
factored,4,0,128,identity,0.003,3,16,1024,15.0,40.77554356069517,0.435746434067931,0.1171875,5.94755220413208,0.0003143294930330114,0.001248613974711835
single,4,0,128,identity,0.01,0,4,256,3.0,27.615650219434237,0.23918476733932997,0.0234375,5.872817039489746,0.0033346867187875944,0.005310598643707087
single,16,0,128,identity,0.003,4,16,1024,15.0,42.296140960864136,0.44762610125675106,0.1171875,6.002262592315674,0.0004902920641547651,0.001988856177303062
factored,2,1,128,identity,0.01,0,4,256,3.0,27.122395783153294,0.2353312170558851,0.0234375,5.8298540115356445,0.002315401173340655,0.00393286858245036
factored,2,0,128,identity,0.01,0,4,256,3.0,28.00146866692996,0.2421989739603903,0.0234375,5.88778829574585,0.003726073101113084,0.005114528094751271
factored,5,1,128,identity,0.003,2,32,2048,31.0,30.086939802016513,0.47724171720325403,0.2421875,5.97183895111084,0.00021235717213334576,0.01716002831161278
factored,5,0,128,identity,0.003,2,32,2048,31.0,37.05630863619667,0.5316899112202864,0.2421875,6.047481536865234,6.512421283792641e-05,0.0015135632259932273
single,8,0,128,identity,0.01,0,8,512,7.0,26.31125188718282,0.2602441553686158,0.0546875,6.094075679779053,0.0006035388858353309,0.004158445732831129
factored,3,1,128,identity,0.01,0,8,512,7.0,24.30083619287591,0.24453778275684304,0.0546875,6.000603675842285,0.0003670756037210272,0.0027779394375848816
single,2,0,128,identity,0.01,1,2,128,1.0,27.817849971692095,0.2251394529038445,0.0078125,5.590142250061035,0.020773434277055577,0.009677764640234449
factored,3,0,128,identity,0.01,0,8,512,7.0,24.7493697604379,0.2480419512534211,0.0546875,6.088608741760254,0.0005167859280835623,0.006752856597387252
factored,4,1,128,identity,0.003,4,16,1024,15.0,38.272611771430896,0.41619227946430387,0.1171875,5.856204986572266,0.00019534694053378903,0.0009400314335817333
factored,4,0,128,identity,0.003,4,16,1024,15.0,39.60251849553791,0.4265821757463899,0.1171875,5.956747055053711,0.0004219043457015094,0.0018173065863261013
single,32,0,128,identity,0.003,3,32,2048,31.0,37.0902097805057,0.5319547639102008,0.2421875,6.105005264282227,0.00015104552678407685,0.002388743422864944
single,4,0,128,identity,0.01,1,4,256,3.0,27.326368139192994,0.23692475108744526,0.0234375,5.865496635437012,0.003754380343980245,0.004786332996480501
factored,2,1,128,identity,0.01,1,4,256,3.0,27.68833366836484,0.23975260678410032,0.0234375,5.81581449508667,0.0029296978245079834,0.0030083274929361813
factored,2,0,128,identity,0.01,1,4,256,3.0,27.5193266313704,0.23843223930758126,0.0234375,5.889742851257324,0.0042549994754925834,0.005221133767457459
single,16,0,128,identity,0.01,0,16,1024,15.0,20.676693432668777,0.2787241674427248,0.1171875,6.347970962524414,7.650617772249297e-05,0.0037268850776024064
factored,5,1,128,identity,0.003,3,32,2048,31.0,29.941060720268556,0.47610203687709807,0.2421875,5.9733781814575195,0.00023716485567961752,0.016074925594094566
single,8,0,128,identity,0.01,1,8,512,7.0,25.668259762629347,0.2552207793955418,0.0546875,6.1349687576293945,0.0005208173257623887,0.003678252064502223
factored,5,0,128,identity,0.003,3,32,2048,31.0,37.0199289957802,0.5314056952795327,0.2421875,6.039062976837158,6.303327600617784e-05,0.001484661304466712
single,2,0,128,identity,0.01,2,2,128,1.0,28.249151709951644,0.22850899773399722,0.0078125,5.591172218322754,0.025021215247892768,0.013375897972421457
factored,3,1,128,identity,0.01,1,8,512,7.0,22.04002210767935,0.2268751727162449,0.0546875,5.995093822479248,0.0002747949090900964,0.0024380550748213732
factored,3,0,128,identity,0.01,1,8,512,7.0,24.176953332250463,0.24356994790820674,0.0546875,6.101082801818848,0.0005198310653824263,0.004114232479122874
factored,4,0,128,identity,0.01,0,16,1024,15.0,18.386028899979504,0.2608283507810899,0.1171875,6.269594192504883,0.00020637303025734135,0.008394565199151636
factored,4,1,128,identity,0.01,0,16,1024,15.0,17.604928190943316,0.2547260014917446,0.1171875,6.129250526428223,9.545035687593202e-05,0.006901361380537492
single,32,0,128,identity,0.003,4,32,2048,31.0,38.22110139664195,0.5407898546612653,0.2421875,6.103714942932129,0.000167341637419744,0.0028345632197455005
single,4,0,128,identity,0.01,2,4,256,3.0,28.379566756570075,0.2451528652857037,0.0234375,5.88193416595459,0.002944486672506186,0.003578597654939661
factored,2,0,128,identity,0.01,2,4,256,3.0,27.55691416806967,0.2387258919380443,0.0234375,5.880215644836426,0.0036635154441772414,0.00504306337543541
factored,2,1,128,identity,0.01,2,4,256,3.0,27.199582816008142,0.2359342407500636,0.0234375,5.830206394195557,0.0031041168410461035,0.00346846660005925
single,16,0,128,identity,0.01,1,16,1024,15.0,21.64815736270299,0.2863137293961171,0.1171875,6.333064079284668,0.00010076030118172042,0.00453888050775782
factored,5,1,128,identity,0.003,4,32,2048,31.0,30.210310691943278,0.47820555228080686,0.2421875,5.972716808319092,0.00024208808287660296,0.018411857350670247
factored,5,0,128,identity,0.003,4,32,2048,31.0,35.47001461584731,0.5192969891863071,0.2421875,6.043188095092773,6.298401324145369e-05,0.0016720230232813832
single,8,0,128,identity,0.01,2,8,512,7.0,26.846220970273112,0.26442360133025866,0.0546875,6.102776050567627,0.0005893919257184271,0.003479386573668955
single,2,0,128,identity,0.01,3,2,128,1.0,27.37424187924598,0.2216737646816092,0.0078125,5.614913463592529,0.02929830524834215,0.011081193432405642
factored,3,1,128,identity,0.01,2,8,512,7.0,23.25814608775922,0.2363917663106189,0.0546875,5.989998817443848,0.00028760646898579625,0.002471738546199813
factored,3,0,128,identity,0.01,2,8,512,7.0,24.795577787992144,0.24840295146868863,0.0546875,6.098004341125488,0.0004876338357830909,0.0041209111457401765
factored,4,1,128,identity,0.01,1,16,1024,15.0,17.299139685748877,0.2523370287949131,0.1171875,6.127261161804199,7.997816797691292e-05,0.006051881255682965
factored,4,0,128,identity,0.01,1,16,1024,15.0,19.988961766966103,0.27335126380442265,0.1171875,6.233543395996094,0.00012375657585252526,0.0066566289311738094
single,32,0,128,identity,0.01,0,32,2048,31.0,16.439618674916833,0.37062202089778773,0.2421875,6.395041465759277,2.9046116768814327e-05,0.007693508121823217
single,4,0,128,identity,0.01,3,4,256,3.0,28.895374460751103,0.249182612974618,0.0234375,5.896145343780518,0.003383662496749364,0.004753489305676445
factored,2,1,128,identity,0.01,3,4,256,3.0,27.016939715013415,0.2345073415235423,0.0234375,5.823023319244385,0.0018932614499728626,0.0027147699128140237
factored,2,0,128,identity,0.01,3,4,256,3.0,27.057546439034144,0.23482458155495425,0.0234375,5.899768829345703,0.004589498968248103,0.006162470005539421
single,16,0,128,identity,0.01,2,16,1024,15.0,21.969164176464382,0.288821595128628,0.1171875,6.33981990814209,8.758541257083177e-05,0.0031782938339400867
factored,5,1,128,identity,0.01,0,32,2048,31.0,15.131436268863842,0.3604018458504988,0.2421875,6.17514705657959,0.00022184483353611541,0.03785082141662577
single,8,0,128,identity,0.01,3,8,512,7.0,25.92997516374168,0.2572654309667319,0.0546875,6.131091594696045,0.0005289305999191873,0.004367111295780402
factored,5,0,128,identity,0.01,0,32,2048,31.0,16.280934306214142,0.369382299267298,0.2421875,6.311496734619141,0.00023883644557133994,0.03747169163588272
factored,3,1,128,identity,0.01,3,8,512,7.0,23.264277593105767,0.2364396686961388,0.0546875,6.003928184509277,0.00029462452608866786,0.00347955951755329
single,2,0,128,identity,0.01,4,2,128,1.0,26.762783456150604,0.2168967457511766,0.0078125,5.585493087768555,0.016959056420690826,0.012541576197978969
factored,3,0,128,identity,0.01,3,8,512,7.0,25.40158710913824,0.2531373992901425,0.0546875,6.090888977050781,0.0006692038313752845,0.005350407047541356
single,32,0,128,identity,0.01,1,32,2048,31.0,14.07784376111377,0.3521706543837013,0.2421875,6.397599220275879,2.8749166902510406e-05,0.006182682389181379
factored,4,1,128,identity,0.01,2,16,1024,15.0,17.993006809690876,0.25775786570070996,0.1171875,6.136662006378174,4.968725815062086e-05,0.0035955435159003442
factored,4,0,128,identity,0.01,2,16,1024,15.0,19.36390740409575,0.2684680265944981,0.1171875,6.251776218414307,0.00016364822474244456,0.009133926394495517
single,4,0,128,identity,0.01,4,4,256,3.0,28.57908793498881,0.24671162449210007,0.0234375,5.867071151733398,0.004689258385367207,0.008230521986622342
factored,2,1,128,identity,0.01,4,4,256,3.0,27.030049653482354,0.2346097629178309,0.0234375,5.84122371673584,0.002437342092527251,0.0038671854037594295
factored,2,0,128,identity,0.01,4,4,256,3.0,28.048605628563347,0.24256723147315115,0.0234375,5.897518157958984,0.003968070425979068,0.007538384206728731
single,16,0,128,identity,0.01,3,16,1024,15.0,20.9794258380215,0.28108926435954296,0.1171875,6.351162433624268,9.248535732475344e-05,0.003842821246990503
factored,5,1,128,identity,0.01,1,32,2048,31.0,15.80904451734521,0.3656956602917595,0.2421875,6.170405387878418,0.0001758506360277631,0.03980681736294403
single,8,0,128,identity,0.01,4,8,512,7.0,26.364431202441967,0.26065961876907784,0.0546875,6.133246421813965,0.0005829781134858333,0.003630914890869176
factored,5,0,128,identity,0.01,1,32,2048,31.0,14.712435313211389,0.35712840088446396,0.2421875,6.317366600036621,0.00024076176114511878,0.039575387893393606
factored,3,1,128,identity,0.01,4,8,512,7.0,23.253015734519202,0.23635168542593127,0.0546875,6.015995979309082,0.0003301635952140219,0.0037432378780784966
factored,4,1,128,identity,0.01,3,16,1024,15.0,16.675105926565124,0.24746176505129003,0.1171875,6.129527568817139,0.0001244371710470309,0.01030654681586959
factored,3,0,128,identity,0.01,4,8,512,7.0,25.991534849368133,0.25774636601068857,0.0546875,6.100329399108887,0.00045590366827347737,0.004298104044341327
factored,4,0,128,identity,0.01,3,16,1024,15.0,20.02348228592682,0.27362095535880326,0.1171875,6.243461608886719,0.00011514473374247996,0.008319774308319436
single,32,0,128,identity,0.01,2,32,2048,31.0,15.82142485033494,0.36579238164324174,0.2421875,6.409571647644043,3.039986494416903e-05,0.00786771774794765
single,16,0,128,identity,0.01,4,16,1024,15.0,22.874533605020563,0.2958947937892231,0.1171875,6.330976486206055,9.574094228680085e-05,0.004064440848064705
factored,5,1,128,identity,0.01,2,32,2048,31.0,14.97473373407911,0.35917760729749304,0.2421875,6.1899518966674805,0.0003835303431834884,0.03110452093648151
factored,5,0,128,identity,0.01,2,32,2048,31.0,15.005623324503935,0.359418932222687,0.2421875,6.329171180725098,0.00025888588203190437,0.032417866179581915
factored,4,1,128,identity,0.01,4,16,1024,15.0,16.228083925576332,0.2439694056685651,0.1171875,6.13645076751709,9.313219296530137e-05,0.0055377616395450285
single,32,0,128,identity,0.01,3,32,2048,31.0,16.35595243314878,0.36996837838397484,0.2421875,6.415594577789307,2.8365778148167938e-05,0.008439257053371244
factored,4,0,128,identity,0.01,4,16,1024,15.0,20.040086914429338,0.2737506790189792,0.1171875,6.260843276977539,0.00021200193523778768,0.008990439459225825
factored,5,1,128,identity,0.01,3,32,2048,31.0,13.448043026046076,0.347250336140985,0.2421875,6.176892280578613,0.00017476937222651713,0.03684832115847638
factored,5,0,128,identity,0.01,3,32,2048,31.0,15.922292492647474,0.3665804100988084,0.2421875,6.318469524383545,0.00021528596403312753,0.030254891279305234
single,32,0,128,identity,0.01,4,32,2048,31.0,17.57944444768158,0.37952690974751235,0.2421875,6.392629146575928,3.575638598184785e-05,0.007923597150217418
factored,5,1,128,identity,0.01,4,32,2048,31.0,13.571562055371746,0.34821532855759174,0.2421875,6.187976837158203,0.00019167327600164917,0.03977242712487986
factored,5,0,128,identity,0.01,4,32,2048,31.0,16.78875460089388,0.37334964531948345,0.2421875,6.307975769042969,0.00026058956309386015,0.03208246673655672
