r_class,r_item,r_int,rank,d,condition,activation,seed,steps,n_classes,n_lexemes,n_over_d,k_class,cap_true,gap,final_loss,opt_loss,sep
1,1,1,3,32,interactive,identity,2,30500,16,8000,250.0,1,0.094,0.029227880477905366,3.8303946533203126,3.8011667728424072,0.33000088006151335
1,1,0,2,32,additive,relu,3,32000,16,8000,250.0,2,0.062,0.018924177169799883,3.82841748046875,3.80949330329895,0.8335358332637822
1,1,0,2,24,additive,relu,1,33500,16,8000,333.3,2,0.083,0.020301639556884687,4.368512451171875,4.34821081161499,0.8841861823713759
1,1,0,2,24,additive,identity,3,35000,16,8000,333.3,1,0.083,0.022369001388550025,3.8318623046875,3.80949330329895,0.9551287432894532
1,1,1,3,16,interactive,identity,1,35500,16,8000,500.0,1,0.188,0.022824230194092188,4.3549169921875,4.332092761993408,0.8861491012955645
1,1,0,2,32,additive,relu,1,33500,16,8000,250.0,2,0.062,0.020940311431885128,4.369151123046875,4.34821081161499,1.3075111196175384
1,1,1,3,24,interactive,relu,1,35500,16,8000,333.3,2,0.125,0.020310802459716726,4.352403564453125,4.332092761993408,1.2465745258599779
1,1,1,3,32,interactive,identity,1,35500,16,8000,250.0,1,0.094,0.02442530441284152,4.35651806640625,4.332092761993408,0.759411625956304
1,1,0,2,32,additive,identity,1,35500,16,8000,250.0,1,0.062,0.0246449012756349,4.372855712890625,4.34821081161499,0.4528995910612817
1,1,0,2,16,additive,identity,0,39000,16,8000,500.0,1,0.125,0.02330183029174826,4.11744140625,4.094139575958252,0.061614259196410795
1,1,1,3,24,interactive,identity,3,40500,16,8000,333.3,2,0.125,0.02392133903503435,3.5597978515625,3.535876512527466,0.8229078065678271
1,1,0,2,32,additive,identity,0,39000,16,8000,250.0,1,0.062,0.02510358810424762,4.1192431640625,4.094139575958252,0.5719445789808396
1,1,0,2,48,additive,relu,1,35000,16,8000,166.7,2,0.042,0.021315555572510192,4.3695263671875,4.34821081161499,1.9643017572569939
1,1,1,3,32,interactive,identity,0,39000,16,8000,250.0,1,0.094,0.02516668701171909,4.137799438476563,4.112632751464844,1.1771431812575555
1,1,1,3,32,interactive,identity,3,40500,16,8000,250.0,2,0.094,0.024462965011596616,3.5603394775390624,3.535876512527466,1.196794834439153
1,1,1,3,32,interactive,relu,2,39000,16,8000,250.0,2,0.094,0.021875951766967994,3.823042724609375,3.8011667728424072,0.6470173443405594
1,1,0,2,16,additive,identity,3,41500,16,8000,500.0,2,0.125,0.01984312248229969,3.82933642578125,3.80949330329895,0.5822237924289284
1,1,1,3,24,interactive,relu,3,40500,16,8000,333.3,2,0.125,0.01901521110534654,3.5548917236328124,3.535876512527466,0.5517895220762365
1,1,0,2,24,additive,identity,2,41500,16,8000,333.3,2,0.083,0.02233727264404317,3.9283021240234377,3.9059648513793945,1.3584746956522347
1,1,0,2,16,additive,relu,2,41500,16,8000,500.0,2,0.125,0.017729240417480252,3.923694091796875,3.9059648513793945,0.5890669337502663
1,1,0,2,32,additive,identity,3,41500,16,8000,250.0,2,0.062,0.021882062911987354,3.8313753662109375,3.80949330329895,3.7476226340423606
1,1,0,2,24,additive,relu,0,42500,16,8000,333.3,2,0.083,0.018811595916748303,4.112951171875,4.094139575958252,0.4232546139601723
1,1,0,2,24,additive,relu,3,41500,16,8000,333.3,1,0.083,0.01739219474792497,3.826885498046875,3.80949330329895,0.9381917497610631
1,1,0,2,16,additive,identity,2,44500,16,8000,500.0,2,0.125,0.02170055389404313,3.9276654052734377,3.9059648513793945,0.2584104992728758
1,1,1,3,24,interactive,identity,0,45000,16,8000,333.3,1,0.125,0.022993225097656556,4.1356259765625,4.112632751464844,0.5570451533501299
1,1,0,2,32,additive,relu,0,42500,16,8000,250.0,2,0.062,0.019374217987060405,4.113513793945312,4.094139575958252,0.8485013683876234
1,1,0,2,24,additive,relu,2,45000,16,8000,333.3,2,0.083,0.017980339050292837,3.9239451904296874,3.9059648513793945,0.5270465743751659
1,1,0,2,32,additive,identity,2,45000,16,8000,250.0,2,0.062,0.02334960174560541,3.929314453125,3.9059648513793945,0.7746405390771478
1,1,0,2,16,additive,relu,1,46500,16,8000,500.0,1,0.125,0.01691028213500978,4.36512109375,4.34821081161499,0.04591510638169897
1,1,0,2,16,additive,relu,3,47500,16,8000,500.0,2,0.125,0.015394514083862276,3.8248878173828125,3.80949330329895,1.2665928187626134
1,1,1,3,24,interactive,relu,0,46500,16,8000,333.3,2,0.125,0.018163879394530902,4.130796630859375,4.112632751464844,0.700847608381738
1,1,0,2,48,additive,relu,0,42500,16,8000,166.7,2,0.042,0.020643260955810483,4.114782836914062,4.094139575958252,0.7323494655151016
1,1,1,3,24,interactive,identity,2,48500,16,8000,333.3,1,0.125,0.02347177696228009,3.8246385498046873,3.8011667728424072,0.3385532662168466
1,1,0,2,24,additive,identity,0,49000,16,8000,333.3,1,0.083,0.021468822479247862,4.1156083984375,4.094139575958252,0.4974407093923609
1,1,1,3,32,interactive,relu,0,46500,16,8000,250.0,2,0.094,0.01922027587890618,4.13185302734375,4.112632751464844,0.9745939427403506
1,1,1,3,16,interactive,identity,3,48500,16,8000,500.0,1,0.188,0.021546705245971687,3.5574232177734375,3.535876512527466,0.2789983449001939
1,1,1,3,24,interactive,relu,2,50500,16,8000,333.3,2,0.125,0.018339696884155376,3.8195064697265626,3.8011667728424072,0.596809360754142
1,1,1,3,32,interactive,relu,1,48000,16,8000,250.0,2,0.094,0.018144054412841726,4.35023681640625,4.332092761993408,1.2017651954658837
1,1,1,3,24,interactive,identity,1,54500,16,8000,333.3,1,0.125,0.020144054412841506,4.35223681640625,4.332092761993408,4.107617155236167
1,1,0,2,24,additive,identity,1,54000,16,8000,333.3,1,0.083,0.020365848541259446,4.36857666015625,4.34821081161499,5.401626254416631
1,1,0,2,16,additive,identity,1,54500,16,8000,500.0,1,0.125,0.018515262603759908,4.36672607421875,4.34821081161499,1.0250584323030132
1,1,0,2,32,additive,relu,2,51500,16,8000,250.0,2,0.062,0.017527702331542994,3.9234925537109375,3.9059648513793945,0.7672499281781645
1,1,0,2,16,additive,relu,0,57000,16,8000,500.0,1,0.125,0.016272655487060916,4.110412231445313,4.094139575958252,1.1978819125255087
1,1,1,3,16,interactive,relu,1,57500,16,8000,500.0,1,0.188,0.01540601730346669,4.347498779296875,4.332092761993408,0.04312259929017809
1,1,1,3,32,interactive,relu,3,61500,16,8000,250.0,2,0.094,0.01675312614440916,3.552629638671875,3.535876512527466,0.8862429054349988
1,1,1,3,16,interactive,relu,3,61500,16,8000,500.0,2,0.188,0.015894605636596726,3.5517711181640625,3.535876512527466,1.025026319995145
1,1,1,3,16,interactive,relu,2,64000,16,8000,500.0,2,0.188,0.01676901817321763,3.817935791015625,3.8011667728424072,0.9066746789070717
1,1,1,3,16,interactive,identity,2,66500,16,8000,500.0,2,0.188,0.019429174423217788,3.820595947265625,3.8011667728424072,0.2234196397096283
1,1,1,3,16,interactive,identity,0,68500,16,8000,500.0,1,0.188,0.01847174072265645,4.1311044921875,4.112632751464844,0.010879246102883763
1,1,1,3,16,interactive,relu,0,72000,16,8000,500.0,1,0.188,0.014666198730468594,4.127298950195312,4.112632751464844,1.582246939979928
1,1,1,3,48,interactive,identity,2,32000,16,8000,166.7,2,0.062,0.031058935165405366,3.8322257080078126,3.8011667728424072,0.7727045184580679
1,1,0,2,48,additive,identity,0,39000,16,8000,166.7,2,0.042,0.02748310470581039,4.121622680664062,4.094139575958252,0.6896249740780622
1,1,1,3,48,interactive,relu,1,35500,16,8000,166.7,2,0.062,0.020908702850341854,4.35300146484375,4.332092761993408,1.6666469843890317
1,1,1,3,64,interactive,identity,2,28000,16,8000,125.0,1,0.047,0.03537497520446786,3.836541748046875,3.8011667728424072,0.7983511134611346
1,1,1,3,64,interactive,identity,1,28500,16,8000,125.0,1,0.047,0.03270606613159188,4.364798828125,4.332092761993408,1.8161422777641187
1,1,1,3,64,interactive,identity,3,29500,16,8000,125.0,1,0.047,0.03307026481628439,3.56894677734375,3.535876512527466,0.8100333343388465
1,1,0,2,48,additive,relu,2,41500,16,8000,166.7,2,0.042,0.01984593963623027,3.925810791015625,3.9059648513793945,0.48947004461789606
1,1,0,2,64,additive,identity,3,35000,16,8000,125.0,1,0.031,0.02889231681823734,3.8383856201171875,3.80949330329895,0.8383877778205943
1,1,0,2,48,additive,relu,3,41500,16,8000,166.7,1,0.042,0.017718976974487433,3.8272122802734376,3.80949330329895,5.174723697362906
1,1,1,3,48,interactive,identity,1,38500,16,8000,166.7,1,0.062,0.026416271209717124,4.358509033203125,4.332092761993408,0.24014471809122068
1,1,0,2,48,additive,identity,3,41500,16,8000,166.7,2,0.042,0.024169904708862155,3.8336632080078124,3.80949330329895,1.6168238498257235
1,1,1,3,48,interactive,identity,0,39000,16,8000,166.7,2,0.062,0.028631164550780852,4.141263916015625,4.112632751464844,0.7006043092139604
1,1,1,3,48,interactive,relu,2,39000,16,8000,166.7,2,0.062,0.023123876571655266,3.8242906494140625,3.8011667728424072,0.9546397808187271
1,1,1,3,48,interactive,relu,0,41000,16,8000,166.7,2,0.062,0.02042352294921912,4.133056274414063,4.112632751464844,0.8644928715794408
1,1,1,3,64,interactive,relu,0,35000,16,8000,125.0,2,0.047,0.023344299316406136,4.13597705078125,4.112632751464844,1.3249364028577355
1,1,1,3,48,interactive,identity,3,40500,16,8000,166.7,2,0.062,0.027109815597534226,3.562986328125,3.535876512527466,1.4753324764469125
1,1,0,2,64,additive,identity,0,39000,16,8000,125.0,1,0.031,0.030088085174560852,4.124227661132813,4.094139575958252,3.2308586483748427
1,1,0,2,48,additive,identity,2,46500,16,8000,166.7,2,0.042,0.024986198425292816,3.9309510498046873,3.9059648513793945,2.182387967407364
1,1,1,3,64,interactive,relu,3,35000,16,8000,125.0,2,0.047,0.02287800407409657,3.5587545166015624,3.535876512527466,2.3198874515307355
1,1,0,2,64,additive,relu,3,38000,16,8000,125.0,2,0.031,0.019439680099487155,3.8289329833984374,3.80949330329895,2.769849272205113
1,1,1,3,64,interactive,identity,0,39000,16,8000,125.0,1,0.047,0.030015563964843395,4.142648315429687,4.112632751464844,1.5878080024873726
1,1,0,2,96,additive,identity,1,33500,16,8000,83.3,1,0.021,0.03659070205688497,4.384801513671875,4.34821081161499,1.393038319521566
1,1,1,3,96,interactive,relu,2,28000,16,8000,83.3,2,0.031,0.02750327110290529,3.8286700439453125,3.8011667728424072,1.6231344974075534
1,1,0,2,64,additive,relu,0,42500,16,8000,125.0,2,0.031,0.02073688888549796,4.11487646484375,4.094139575958252,1.3483829001600045
1,1,0,2,96,additive,identity,0,35000,16,8000,83.3,1,0.021,0.03709992599487322,4.131239501953125,4.094139575958252,0.7958275678291493
1,1,0,2,96,additive,relu,1,35500,16,8000,83.3,2,0.021,0.023551883697510156,4.3717626953125,4.34821081161499,0.8885561574950508
1,1,1,3,64,interactive,relu,2,41500,16,8000,125.0,2,0.047,0.02358334922790517,3.8247501220703124,3.8011667728424072,1.3680605111874173
1,1,0,2,64,additive,identity,2,48000,16,8000,125.0,2,0.031,0.02765807342529314,3.9336229248046877,3.9059648513793945,1.7516837932130382
1,1,0,2,96,additive,relu,2,36500,16,8000,83.3,2,0.021,0.02223339080810538,3.9281982421875,3.9059648513793945,0.6302734259941332
1,1,0,2,64,additive,identity,1,49500,16,8000,125.0,1,0.031,0.026119998931884325,4.374330810546875,4.34821081161499,0.0835214938974337
1,1,0,2,48,additive,identity,1,57500,16,8000,166.7,1,0.042,0.022764774322509673,4.3709755859375,4.34821081161499,0.4713604156107761
1,1,1,3,48,interactive,relu,3,51000,16,8000,166.7,2,0.062,0.019486036300659038,3.555362548828125,3.535876512527466,0.8985056324118482
1,1,0,2,64,additive,relu,1,48000,16,8000,125.0,2,0.031,0.02017297744751012,4.3683837890625,4.34821081161499,0.9448377103827335
1,1,1,3,64,interactive,relu,1,46500,16,8000,125.0,2,0.047,0.020833507537841633,4.35292626953125,4.332092761993408,1.1552112234809546
1,1,0,2,96,additive,identity,3,41500,16,8000,83.3,2,0.021,0.03229990959167495,3.841793212890625,3.80949330329895,4.573816383903338
1,1,1,3,96,interactive,relu,3,35000,16,8000,83.3,2,0.031,0.02404975700378431,3.55992626953125,3.535876512527466,2.1572525981225747
1,1,0,2,96,additive,relu,0,42500,16,8000,83.3,2,0.021,0.022571971893310838,4.116711547851563,4.094139575958252,0.5732724565611975
1,1,1,3,96,interactive,relu,1,38500,16,8000,83.3,2,0.031,0.022950206756592095,4.35504296875,4.332092761993408,1.0705367482678787
1,1,1,3,96,interactive,identity,1,38500,16,8000,83.3,1,0.031,0.03632423019409181,4.3684169921875,4.332092761993408,0.7489603696241687
1,1,1,3,96,interactive,identity,3,35000,16,8000,83.3,2,0.031,0.036502149581909116,3.572378662109375,3.535876512527466,1.5326709875149611
1,1,0,2,96,additive,identity,2,48000,16,8000,83.3,2,0.021,0.033242668151855614,3.93920751953125,3.9059648513793945,0.8101557260776779
1,1,1,3,96,interactive,identity,2,38500,16,8000,83.3,2,0.031,0.03708456993103049,3.8382513427734377,3.8011667728424072,3.0290759743001026
1,1,1,3,96,interactive,identity,0,46000,16,8000,83.3,1,0.031,0.034878234863281676,4.147510986328125,4.112632751464844,0.8192123257631924
1,1,0,2,96,additive,relu,3,54500,16,8000,83.3,1,0.021,0.018302839279174865,3.827796142578125,3.80949330329895,2.989163886998638
1,1,0,2,64,additive,relu,2,67000,16,8000,125.0,2,0.031,0.01766869354248035,3.923633544921875,3.9059648513793945,3.8045866627231555
1,1,1,3,96,interactive,relu,0,53500,16,8000,83.3,2,0.031,0.021068420410156108,4.133701171875,4.112632751464844,1.3100355156757526
1,2,0,3,16,additive,relu,0,53500,16,8000,500.0,1,0.188,0.02496925163269026,3.9008802490234373,3.875910997390747,0.4625637370370253
1,2,0,3,24,additive,relu,3,38000,16,8000,333.3,1,0.125,0.025121505737304872,3.45525341796875,3.4301319122314453,1.4241645302604427
1,2,0,3,16,additive,identity,2,49000,16,8000,500.0,1,0.188,0.02809796142578147,3.46534619140625,3.4372482299804688,0.6994707271205252
1,2,0,3,16,additive,identity,0,53500,16,8000,500.0,1,0.188,0.028127332687378104,3.904038330078125,3.875910997390747,0.17003218370192077
1,2,0,3,24,additive,identity,3,41000,16,8000,333.3,2,0.125,0.02936051940917972,3.459492431640625,3.4301319122314453,1.699192784693922
1,2,0,3,32,additive,identity,0,32500,16,8000,250.0,1,0.094,0.03763563346862808,3.913546630859375,3.875910997390747,0.3099370468549153
1,2,0,3,16,additive,relu,3,56000,16,8000,500.0,2,0.188,0.02198844909667974,3.452120361328125,3.4301319122314453,0.41249422740536923
1,2,0,3,16,additive,relu,2,59500,16,8000,500.0,2,0.188,0.023167785644531147,3.460416015625,3.4372482299804688,0.8185576966098547
1,2,1,4,16,interactive,identity,2,51000,16,8000,500.0,1,0.25,0.03097101974487293,3.3933143310546874,3.3623433113098145,1.3643415598658075
1,2,0,3,16,additive,identity,3,56000,16,8000,500.0,1,0.188,0.025048507690429656,3.455180419921875,3.4301319122314453,1.1477509644567423
1,2,0,3,16,additive,relu,1,63000,16,8000,500.0,1,0.188,0.022836629867553526,3.888160888671875,3.8653242588043213,0.10835808037375211
1,2,1,4,24,interactive,relu,2,45000,16,8000,333.3,2,0.167,0.02831342697143535,3.39065673828125,3.3623433113098145,1.1676412007327188
1,2,0,3,24,additive,relu,0,53500,16,8000,333.3,2,0.125,0.02524891471862789,3.901159912109375,3.875910997390747,0.13548728261265647
1,2,0,3,24,additive,identity,1,52000,16,8000,333.3,1,0.125,0.029868612289428498,3.89519287109375,3.8653242588043213,0.8100348138203559
1,2,0,3,24,additive,relu,2,53000,16,8000,333.3,2,0.125,0.024259338378906037,3.461507568359375,3.4372482299804688,0.6317489170369416
1,2,0,3,24,additive,identity,0,53500,16,8000,333.3,1,0.125,0.02965968132019059,3.9055706787109377,3.875910997390747,0.8101239692639789
1,2,1,4,16,interactive,relu,1,58500,16,8000,500.0,2,0.25,0.02535155868530259,3.1344619140625,3.1091103553771973,1.869269686917536
1,2,0,3,24,additive,relu,1,58000,16,8000,333.3,1,0.125,0.024519735336303583,3.889843994140625,3.8653242588043213,0.137349434299439
1,2,1,4,24,interactive,relu,0,52000,16,8000,333.3,2,0.167,0.031146224975585834,3.599484619140625,3.568338394165039,0.8489299040591427
1,2,1,4,24,interactive,identity,0,52500,16,8000,333.3,1,0.167,0.036035873413085895,3.604374267578125,3.568338394165039,1.1356100644281857
1,2,0,3,16,additive,identity,1,65000,16,8000,500.0,1,0.188,0.025771932601928782,3.89109619140625,3.8653242588043213,0.07373048131259556
1,2,1,4,24,interactive,identity,2,51000,16,8000,333.3,1,0.167,0.03192744064331077,3.394270751953125,3.3623433113098145,0.9574627974388837
1,2,1,4,32,interactive,relu,3,37000,16,8000,250.0,2,0.125,0.031176584243774563,3.100098388671875,3.0689218044281006,1.6687602684248504
1,2,1,4,32,interactive,relu,1,40000,16,8000,250.0,2,0.125,0.030448726654052738,3.13955908203125,3.1091103553771973,1.8880232667368322
1,2,0,3,32,additive,relu,1,49000,16,8000,250.0,2,0.094,0.026985555648803672,3.892309814453125,3.8653242588043213,0.25553976532709316
1,2,1,4,16,interactive,relu,3,65500,16,8000,500.0,2,0.25,0.026493844985961967,3.0954156494140626,3.0689218044281006,1.5850068273779567
1,2,1,4,16,interactive,identity,3,65500,16,8000,500.0,2,0.25,0.02837653541564933,3.09729833984375,3.0689218044281006,1.138381661634166
1,2,0,3,32,additive,identity,3,46500,16,8000,250.0,2,0.094,0.030445358276367074,3.4605772705078124,3.4301319122314453,2.785870151579293
1,2,0,3,24,additive,identity,2,61000,16,8000,333.3,1,0.125,0.0264060668945314,3.463654296875,3.4372482299804688,0.36175439096791523
1,2,1,4,16,interactive,relu,0,67500,16,8000,500.0,2,0.25,0.027569564819335923,3.595907958984375,3.568338394165039,1.0426805901628988
1,2,0,3,32,additive,relu,3,49500,16,8000,250.0,2,0.094,0.025203170776367134,3.4553350830078124,3.4301319122314453,1.031828426748576
1,2,1,4,16,interactive,relu,2,67000,16,8000,500.0,2,0.25,0.02462385177612303,3.3869671630859375,3.3623433113098145,0.9351408322802259
1,2,1,4,16,interactive,identity,0,68500,16,8000,500.0,1,0.25,0.030305404663085955,3.598643798828125,3.568338394165039,0.3742504271544913
1,2,1,4,24,interactive,relu,3,60000,16,8000,333.3,2,0.167,0.026194650650024354,3.095116455078125,3.0689218044281006,0.9720227477017844
1,2,1,4,24,interactive,identity,1,58500,16,8000,333.3,1,0.167,0.031222896575927805,3.140333251953125,3.1091103553771973,0.7887152446124258
1,2,0,3,32,additive,relu,0,53500,16,8000,250.0,2,0.094,0.026002454757690252,3.9019134521484373,3.875910997390747,0.270638982480298
1,2,0,3,32,additive,identity,1,52000,16,8000,250.0,1,0.094,0.030649374008178576,3.8959736328125,3.8653242588043213,0.5227606401873556
1,2,1,4,32,interactive,identity,0,45500,16,8000,250.0,1,0.125,0.03973655700683576,3.608074951171875,3.568338394165039,1.334489104516386
1,2,0,3,32,additive,identity,2,53000,16,8000,250.0,2,0.094,0.02987725830078114,3.46712548828125,3.4372482299804688,1.2765616101647475
1,2,0,3,32,additive,relu,2,54500,16,8000,250.0,2,0.094,0.0244972534179686,3.4617454833984374,3.4372482299804688,1.5076416544928177
1,2,1,4,32,interactive,relu,0,50500,16,8000,250.0,2,0.125,0.03180332946777353,3.6001417236328126,3.568338394165039,1.226530859456791
1,2,1,4,16,interactive,identity,1,75500,16,8000,500.0,1,0.25,0.026659175872802532,3.13576953125,3.1091103553771973,0.5269983687606371
1,2,1,4,32,interactive,identity,1,49500,16,8000,250.0,1,0.125,0.03419408798217782,3.143304443359375,3.1091103553771973,1.050645126126827
1,2,1,4,24,interactive,identity,3,65500,16,8000,333.3,2,0.167,0.029178781509399343,3.0981005859375,3.0689218044281006,1.2920082573871317
1,2,0,3,48,additive,relu,0,35500,16,8000,166.7,2,0.062,0.03279676628112771,3.908707763671875,3.875910997390747,0.6098228329622862
1,2,0,3,48,additive,identity,0,32500,16,8000,166.7,1,0.062,0.04169471549987813,3.917605712890625,3.875910997390747,0.2816108969630174
1,2,0,3,48,additive,relu,1,35500,16,8000,166.7,1,0.062,0.03188130760192864,3.89720556640625,3.8653242588043213,0.41940815282662774
1,2,1,4,24,interactive,relu,1,71500,16,8000,333.3,2,0.167,0.02442602157592777,3.133536376953125,3.1091103553771973,1.6056246716670708
1,2,0,3,48,additive,identity,2,32000,16,8000,166.7,2,0.062,0.03915252685546866,3.4764007568359374,3.4372482299804688,2.4627844914749746
1,2,1,4,32,interactive,identity,2,51000,16,8000,250.0,1,0.125,0.03271308517456051,3.395056396484375,3.3623433113098145,0.9503016084855537
1,2,0,3,48,additive,identity,1,35500,16,8000,166.7,1,0.062,0.038410482406616264,3.9037347412109376,3.8653242588043213,0.31480615436267945
1,2,0,3,48,additive,relu,3,38000,16,8000,166.7,2,0.062,0.02809587097167965,3.458227783203125,3.4301319122314453,0.812894895143778
1,2,1,4,48,interactive,relu,1,31500,16,8000,166.7,2,0.083,0.03547997665405278,3.14459033203125,3.1091103553771973,3.1872455057579545
1,2,1,4,32,interactive,relu,2,62500,16,8000,250.0,2,0.125,0.026606273651123225,3.3889495849609377,3.3623433113098145,1.5409114056843127
1,2,0,3,48,additive,relu,2,42500,16,8000,166.7,2,0.062,0.029715637207031076,3.4669638671875,3.4372482299804688,1.2363047903653734
1,2,1,4,32,interactive,identity,3,50000,16,8000,250.0,2,0.125,0.034242868423461914,3.1031646728515625,3.0689218044281006,2.4903330058523014
1,2,1,4,48,interactive,relu,0,39500,16,8000,166.7,2,0.083,0.0365563812255858,3.604894775390625,3.568338394165039,0.8622429280042027
1,2,0,3,48,additive,identity,3,41000,16,8000,166.7,2,0.062,0.03354850769042983,3.463680419921875,3.4301319122314453,1.142001366452339
1,2,1,4,48,interactive,relu,3,37000,16,8000,166.7,2,0.083,0.03307135963439922,3.1019931640625,3.0689218044281006,1.7382330266427677
1,2,0,3,64,additive,identity,0,32500,16,8000,125.0,1,0.047,0.04454920768737791,3.920460205078125,3.875910997390747,0.41547411683320856
1,2,0,3,64,additive,identity,2,32000,16,8000,125.0,1,0.047,0.04198870849609371,3.4792369384765625,3.4372482299804688,2.9314541769736953
1,2,1,4,48,interactive,relu,2,42500,16,8000,166.7,2,0.083,0.03196613693237316,3.3943094482421876,3.3623433113098145,0.948023730463413
1,2,0,3,64,additive,relu,3,38000,16,8000,125.0,2,0.047,0.028949142456054844,3.4590810546875,3.4301319122314453,1.3959594915091214
1,2,0,3,96,additive,identity,3,30000,16,8000,83.3,2,0.031,0.047082931518554805,3.47721484375,3.4301319122314453,2.8749069016351227
1,2,1,4,64,interactive,relu,0,37000,16,8000,125.0,2,0.062,0.03798045349121093,3.60631884765625,3.568338394165039,1.9435432036425007
1,2,1,4,48,interactive,identity,1,48500,16,8000,166.7,1,0.083,0.03717296981811513,3.1462833251953124,3.1091103553771973,0.7763345857971056
1,2,0,3,64,additive,identity,3,41000,16,8000,125.0,2,0.047,0.036792404174804894,3.46692431640625,3.4301319122314453,2.031086798224434
1,2,0,3,96,additive,identity,0,32500,16,8000,83.3,2,0.031,0.050588026046753054,3.9264990234375,3.875910997390747,1.4041908643993146
1,2,0,3,96,additive,identity,2,32000,16,8000,83.3,2,0.031,0.04758245849609377,3.4848306884765625,3.4372482299804688,2.069473056955316
1,2,1,4,48,interactive,identity,0,52500,16,8000,166.7,1,0.083,0.039765121459960806,3.608103515625,3.568338394165039,1.0558138314429149
1,2,0,3,96,additive,identity,1,35500,16,8000,83.3,1,0.031,0.04752193260192872,3.91284619140625,3.8653242588043213,1.428241837343954
1,2,1,4,48,interactive,identity,3,53000,16,8000,166.7,2,0.083,0.0360530490875246,3.104974853515625,3.0689218044281006,3.582929648716606
1,2,0,3,64,additive,relu,1,50000,16,8000,125.0,2,0.047,0.030157918930053818,3.895482177734375,3.8653242588043213,0.7578205947695702
1,2,1,4,64,interactive,relu,1,44500,16,8000,125.0,2,0.062,0.032727413177490394,3.1418377685546877,3.1091103553771973,2.6357098672083428
1,2,0,3,64,additive,relu,2,51500,16,8000,125.0,2,0.047,0.028845275878906396,3.466093505859375,3.4372482299804688,1.448359954642199
1,2,1,4,64,interactive,relu,2,45000,16,8000,125.0,2,0.062,0.03279438400268564,3.3951376953125,3.3623433113098145,1.8620509670716687
1,2,1,4,64,interactive,relu,3,45500,16,8000,125.0,2,0.062,0.0332301731109621,3.1021519775390627,3.0689218044281006,2.41332105668835
1,2,0,3,64,additive,relu,0,53500,16,8000,125.0,2,0.047,0.0296357555389406,3.9055467529296877,3.875910997390747,0.510133863011093
1,2,0,3,64,additive,identity,1,52000,16,8000,125.0,1,0.047,0.03601582908630352,3.901340087890625,3.8653242588043213,0.8576082335844667
1,2,1,4,64,interactive,identity,2,51000,16,8000,125.0,1,0.062,0.03936530685424788,3.4017086181640623,3.3623433113098145,3.4321604890942017
1,2,1,4,96,interactive,relu,1,40000,16,8000,83.3,2,0.042,0.03680981063842781,3.145920166015625,3.1091103553771973,5.5603706959687695
1,2,1,4,96,interactive,relu,0,41000,16,8000,83.3,2,0.042,0.0409383392333984,3.6092767333984375,3.568338394165039,1.1780450273082381
1,2,1,4,48,interactive,identity,2,62500,16,8000,166.7,2,0.083,0.03276069259643544,3.39510400390625,3.3623433113098145,1.2069739426071475
1,2,1,4,64,interactive,identity,0,52500,16,8000,125.0,1,0.062,0.04317893981933585,3.611517333984375,3.568338394165039,0.9360450958506465
1,2,0,3,96,additive,relu,3,45500,16,8000,83.3,2,0.031,0.030290451049804545,3.46042236328125,3.4301319122314453,1.7160072115566374
1,2,0,3,96,additive,relu,2,46500,16,8000,83.3,2,0.031,0.03207476806640619,3.469322998046875,3.4372482299804688,3.4646064401416123
1,2,1,4,96,interactive,identity,1,44500,16,8000,83.3,2,0.042,0.04675512313842756,3.155865478515625,3.1091103553771973,6.89394090722499
1,2,1,4,64,interactive,identity,1,60500,16,8000,125.0,1,0.062,0.037351070404052944,3.14646142578125,3.1091103553771973,1.3684898726956944
1,2,1,4,64,interactive,identity,3,60500,16,8000,125.0,2,0.062,0.036563302993774194,3.105485107421875,3.0689218044281006,3.7577851824468826
1,2,0,3,96,additive,relu,1,52000,16,8000,83.3,1,0.031,0.032860555648803746,3.898184814453125,3.8653242588043213,0.4664532047149346
1,2,1,4,96,interactive,identity,0,49000,16,8000,83.3,1,0.042,0.050866928100585795,3.619205322265625,3.568338394165039,1.4998378777749353
1,2,0,3,96,additive,relu,0,53500,16,8000,83.3,2,0.031,0.03227943229675301,3.9081904296875,3.875910997390747,0.8821063085205686
1,2,1,4,96,interactive,relu,2,51500,16,8000,83.3,2,0.042,0.03414814376831066,3.396491455078125,3.3623433113098145,4.488205654278584
1,2,1,4,96,interactive,identity,3,50000,16,8000,83.3,2,0.042,0.04510297584533696,3.1140247802734375,3.0689218044281006,3.581935173965253
1,2,1,4,96,interactive,identity,2,51500,16,8000,83.3,2,0.042,0.0452066154479982,3.4075499267578127,3.3623433113098145,3.403914805342019
1,2,1,4,96,interactive,relu,3,52500,16,8000,83.3,2,0.042,0.033866647720337095,3.1027884521484377,3.0689218044281006,2.4626689240882627
1,4,0,5,16,additive,relu,1,63000,16,8000,500.0,1,0.312,0.03609974479675282,3.6968160400390624,3.6607162952423096,0.06725520280569795
1,4,0,5,16,additive,relu,3,65500,16,8000,500.0,2,0.312,0.0339776306152344,3.22203076171875,3.1880531311035156,0.3931680803633131
1,4,0,5,16,additive,relu,0,71500,16,8000,500.0,1,0.312,0.03483747673034676,3.3892869873046876,3.354449510574341,0.09321934154683531
1,4,0,5,24,additive,relu,0,50500,16,8000,333.3,1,0.208,0.039273633956909304,3.39372314453125,3.354449510574341,0.16795024886715737
1,4,0,5,16,additive,identity,3,65500,16,8000,500.0,1,0.312,0.0357907409667968,3.2238438720703124,3.1880531311035156,0.6859465435723673
1,4,0,5,16,additive,identity,1,72500,16,8000,500.0,1,0.312,0.03555445671081525,3.696270751953125,3.6607162952423096,0.0858194244006198
1,4,1,6,16,interactive,identity,0,66500,16,8000,500.0,1,0.375,0.04069180107116699,3.0032021484375,2.962510347366333,0.25175171167676463
1,4,1,6,24,interactive,identity,2,46500,16,8000,333.3,2,0.25,0.048783657073974585,3.03205859375,2.9832749366760254,0.5979877712994036
1,4,0,5,32,additive,relu,0,44500,16,8000,250.0,1,0.156,0.04283564567565934,3.39728515625,3.354449510574341,0.10935085389579009
1,4,0,5,24,additive,identity,0,58500,16,8000,333.3,1,0.208,0.04199152946472173,3.3964410400390626,3.354449510574341,0.8779045183602748
1,4,0,5,16,additive,identity,0,82000,16,8000,500.0,1,0.312,0.033900220870971776,3.3883497314453126,3.354449510574341,0.09774524253543364
1,4,0,5,16,additive,identity,2,77500,16,8000,500.0,1,0.312,0.034563646316528196,3.274764404296875,3.2402007579803467,0.32846997852570947
1,4,1,6,16,interactive,identity,2,67500,16,8000,500.0,1,0.375,0.039657802581787305,3.0229327392578127,2.9832749366760254,0.07996708925925175
1,4,0,5,16,additive,relu,2,83500,16,8000,500.0,2,0.312,0.03296977424621561,3.2731705322265623,3.2402007579803467,0.3841400341946124
1,4,0,5,24,additive,identity,1,62000,16,8000,333.3,1,0.208,0.040357801437377994,3.7010740966796876,3.6607162952423096,0.13457500198943018
1,4,1,6,16,interactive,relu,1,76500,16,8000,500.0,1,0.375,0.03752492141723618,3.5922081298828124,3.554683208465576,0.08996002859738042
1,4,0,5,24,additive,relu,1,64000,16,8000,333.3,1,0.208,0.036511610031127795,3.6972279052734374,3.6607162952423096,0.09023381498893424
1,4,0,5,32,additive,identity,2,44500,16,8000,250.0,2,0.156,0.046822313308716,3.2870230712890627,3.2402007579803467,0.3839508124474432
1,4,0,5,24,additive,relu,2,63000,16,8000,333.3,2,0.208,0.03578190803527814,3.275982666015625,3.2402007579803467,0.2183848266334113
1,4,0,5,24,additive,relu,3,65500,16,8000,333.3,2,0.208,0.03489340209960945,3.222946533203125,3.1880531311035156,0.5193971911265258
1,4,1,6,24,interactive,relu,3,57500,16,8000,333.3,2,0.25,0.0408044776916503,2.977878662109375,2.9370741844177246,0.8472644084168608
1,4,0,5,32,additive,identity,3,50000,16,8000,250.0,2,0.156,0.04335702514648432,3.23141015625,3.1880531311035156,0.7004652297998644
1,4,0,5,24,additive,identity,2,69000,16,8000,333.3,1,0.208,0.03811064338684078,3.2783114013671875,3.2402007579803467,0.19978080764135572
1,4,1,6,32,interactive,relu,0,45500,16,8000,250.0,2,0.188,0.04716738700866685,3.009677734375,2.962510347366333,1.245250955489799
1,4,0,5,24,additive,identity,3,69000,16,8000,333.3,2,0.208,0.03707821655273458,3.22513134765625,3.1880531311035156,0.8700556098551332
1,4,1,6,24,interactive,relu,1,66500,16,8000,333.3,1,0.25,0.03901308059692399,3.5936962890625,3.554683208465576,0.35990453981348614
1,4,1,6,16,interactive,identity,1,80000,16,8000,500.0,1,0.375,0.03748012161254888,3.592163330078125,3.554683208465576,0.06339244463685058
1,4,1,6,24,interactive,relu,0,66500,16,8000,333.3,2,0.25,0.040482572555541996,3.002992919921875,2.962510347366333,1.1559736924962505
1,4,1,6,16,interactive,relu,2,83500,16,8000,500.0,2,0.375,0.03831551742553696,3.0215904541015624,2.9832749366760254,0.799891797650359
1,4,1,6,32,interactive,identity,0,45500,16,8000,250.0,1,0.188,0.05180190849304189,3.014312255859375,2.962510347366333,0.17131126994370283
1,4,0,5,32,additive,relu,2,57000,16,8000,250.0,2,0.156,0.03847844123840316,3.27867919921875,3.2402007579803467,0.5692525432698758
1,4,1,6,24,interactive,relu,2,67000,16,8000,333.3,2,0.25,0.03970162582397441,3.0229765625,2.9832749366760254,0.872730475773715
1,4,1,6,24,interactive,identity,0,69000,16,8000,333.3,2,0.25,0.04385098075866711,3.006361328125,2.962510347366333,1.0334078300978293
1,4,0,5,32,additive,identity,0,61500,16,8000,250.0,1,0.156,0.0433581066131592,3.3978076171875,3.354449510574341,0.5296705863093913
1,4,0,5,48,additive,identity,0,32000,16,8000,166.7,1,0.104,0.05948249626159674,3.4139320068359376,3.354449510574341,0.9273379341894463
1,4,0,5,32,additive,identity,1,63000,16,8000,250.0,1,0.156,0.04034303092956559,3.701059326171875,3.6607162952423096,0.6625258308535993
1,4,0,5,48,additive,relu,0,44500,16,8000,166.7,1,0.104,0.04656184196472157,3.4010113525390624,3.354449510574341,0.26289380320812483
1,4,0,5,32,additive,relu,1,63000,16,8000,250.0,1,0.156,0.03845802116394026,3.69917431640625,3.6607162952423096,0.25394695529570105
1,4,1,6,16,interactive,relu,0,96000,16,8000,500.0,2,0.375,0.03545644950866711,2.997966796875,2.962510347366333,0.8618292079177389
1,4,1,6,16,interactive,identity,3,87000,16,8000,500.0,2,0.375,0.03584256362915017,2.972916748046875,2.9370741844177246,0.566034243960422
1,4,0,5,32,additive,relu,3,65500,16,8000,250.0,2,0.156,0.03690890502929678,3.2249620361328124,3.1880531311035156,0.3166420305151542
1,4,1,6,24,interactive,identity,1,74500,16,8000,333.3,1,0.25,0.040231098175048885,3.594914306640625,3.554683208465576,0.07466213600554121
1,4,1,6,32,interactive,relu,3,57500,16,8000,250.0,2,0.188,0.04151370620727546,2.978587890625,2.9370741844177246,0.9696829021186302
1,4,1,6,24,interactive,identity,3,78000,16,8000,333.3,2,0.25,0.03962967300415032,2.976703857421875,2.9370741844177246,0.8521730680648464
1,4,0,5,48,additive,identity,1,44500,16,8000,166.7,1,0.104,0.05281776237487801,3.7135340576171876,3.6607162952423096,0.3962656136930664
1,4,0,5,64,additive,relu,0,29000,16,8000,125.0,2,0.078,0.05514924430847179,3.4095987548828126,3.354449510574341,0.6073168542557058
1,4,1,6,16,interactive,relu,3,104500,16,8000,500.0,2,0.375,0.03413663101196285,2.9712108154296875,2.9370741844177246,1.0221586934022786
1,4,1,6,32,interactive,relu,2,67500,16,8000,250.0,2,0.188,0.04130514144897468,3.024580078125,2.9832749366760254,0.7543928612127733
1,4,1,6,32,interactive,identity,2,67000,16,8000,250.0,2,0.188,0.04493380355834953,3.028208740234375,2.9832749366760254,0.5750295736687085
1,4,0,5,64,additive,relu,3,32000,16,8000,125.0,2,0.078,0.05041452026367166,3.2384676513671873,3.1880531311035156,0.7146839571644142
1,4,0,5,48,additive,relu,2,57000,16,8000,166.7,2,0.104,0.042835374832153494,3.2830361328125,3.2402007579803467,0.630329885871116
1,4,0,5,48,additive,relu,1,62000,16,8000,166.7,1,0.104,0.04300684928894061,3.70372314453125,3.6607162952423096,0.3737539272764865
1,4,1,6,64,interactive,relu,3,30000,16,8000,125.0,2,0.094,0.05534805679321275,2.9924222412109374,2.9370741844177246,1.844188050246834
1,4,1,6,32,interactive,relu,1,75000,16,8000,250.0,1,0.188,0.03973964309692368,3.5944228515625,3.554683208465576,0.2973849820159436
1,4,1,6,32,interactive,identity,3,75000,16,8000,250.0,2,0.188,0.04191397476196279,2.9789881591796874,2.9370741844177246,1.5749588352670658
1,4,0,5,48,additive,relu,3,56000,16,8000,166.7,2,0.104,0.04073141479492204,3.2287845458984377,3.1880531311035156,0.42096338284496826
1,4,1,6,32,interactive,identity,1,79000,16,8000,250.0,1,0.188,0.041688617706298725,3.596371826171875,3.554683208465576,0.4224932929381681
1,4,0,5,48,additive,identity,3,53000,16,8000,166.7,2,0.104,0.046757049560546715,3.2348101806640623,3.1880531311035156,0.8174612385664727
1,4,0,5,48,additive,identity,2,57000,16,8000,166.7,1,0.104,0.046560960769653104,3.28676171875,3.2402007579803467,0.2590988740582203
1,4,1,6,48,interactive,identity,2,46500,16,8000,166.7,2,0.125,0.05476241683959948,3.038037353515625,2.9832749366760254,1.4787210330314422
1,4,1,6,48,interactive,relu,0,51000,16,8000,166.7,2,0.125,0.04923208427429193,3.011742431640625,2.962510347366333,1.5218177997466953
1,4,1,6,48,interactive,relu,2,50500,16,8000,166.7,2,0.125,0.049200405120849666,3.032475341796875,2.9832749366760254,1.6217586730086846
1,4,0,5,64,additive,relu,2,43000,16,8000,125.0,2,0.078,0.04738737678527816,3.287588134765625,3.2402007579803467,0.9561056118390578
1,4,1,6,48,interactive,relu,3,51000,16,8000,166.7,2,0.125,0.046472446441650384,2.983546630859375,2.9370741844177246,1.729379932902527
1,4,0,5,64,additive,relu,1,45500,16,8000,125.0,1,0.078,0.04864356803894054,3.70935986328125,3.6607162952423096,0.370439467503006
1,4,1,6,48,interactive,identity,3,50500,16,8000,166.7,2,0.125,0.05193021011352528,2.98900439453125,2.9370741844177246,1.8109708845853416
1,4,0,5,64,additive,identity,2,44500,16,8000,125.0,2,0.078,0.0531694812774659,3.2933702392578126,3.2402007579803467,1.4764049994830981
1,4,1,6,64,interactive,relu,1,45000,16,8000,125.0,1,0.094,0.05380800247192363,3.6084912109375,3.554683208465576,0.671335835599587
1,4,1,6,96,interactive,relu,0,32500,16,8000,83.3,2,0.062,0.06392153739929185,3.026431884765625,2.962510347366333,1.9981078594334922
1,4,1,6,64,interactive,identity,2,44500,16,8000,125.0,2,0.094,0.0596119041442873,3.0428868408203127,2.9832749366760254,1.5132891361397216
1,4,1,6,64,interactive,relu,0,45500,16,8000,125.0,2,0.094,0.0532115764617922,3.015721923828125,2.962510347366333,1.3820484047191224
1,4,1,6,64,interactive,identity,1,45000,16,8000,125.0,1,0.094,0.06006740188598636,3.6147506103515625,3.554683208465576,0.6773492859502667
1,4,1,6,64,interactive,identity,3,45500,16,8000,125.0,2,0.094,0.058862583160400384,2.995936767578125,2.9370741844177246,3.525690915231119
1,4,0,5,96,additive,relu,0,40500,16,8000,83.3,2,0.052,0.055707960128783984,3.410157470703125,3.354449510574341,1.572000748625075
1,4,0,5,96,additive,relu,1,38500,16,8000,83.3,1,0.052,0.05684657096862811,3.7175628662109377,3.6607162952423096,0.3495036760623368
1,4,1,6,48,interactive,relu,1,63000,16,8000,166.7,1,0.125,0.045847064971924034,3.6005302734375,3.554683208465576,0.2526646831906536
1,4,0,5,64,additive,identity,3,52500,16,8000,125.0,2,0.078,0.05114657592773453,3.23919970703125,3.1880531311035156,1.0124051603956958
1,4,1,6,48,interactive,identity,0,63000,16,8000,166.7,2,0.125,0.051454618453979695,3.0139649658203127,2.962510347366333,2.5245056598681295
1,4,0,5,64,additive,identity,1,56500,16,8000,125.0,1,0.078,0.05158057975769026,3.712296875,3.6607162952423096,0.43033797802066903
1,4,1,6,64,interactive,relu,2,50500,16,8000,125.0,2,0.094,0.05217220687866231,3.0354471435546877,2.9832749366760254,2.1090141789860573
1,4,0,5,96,additive,relu,3,39000,16,8000,83.3,2,0.052,0.05124716186523459,3.23930029296875,3.1880531311035156,0.9057384009430298
1,4,0,5,64,additive,identity,0,61500,16,8000,125.0,1,0.078,0.050465162277221864,3.4049146728515627,3.354449510574341,0.4523818333629409
1,4,0,5,96,additive,relu,2,44500,16,8000,83.3,2,0.052,0.0527233142852781,3.292924072265625,3.2402007579803467,0.7535233042623705
1,4,1,6,96,interactive,relu,1,45000,16,8000,83.3,2,0.062,0.058990985870361445,3.6136741943359376,3.554683208465576,1.0580346544930426
1,4,0,5,96,additive,identity,0,52500,16,8000,83.3,1,0.052,0.05974262809753439,3.414192138671875,3.354449510574341,0.5982648769786856
1,4,1,6,96,interactive,identity,1,45000,16,8000,83.3,1,0.062,0.06754079055786111,3.6222239990234373,3.554683208465576,0.9102374222918406
1,4,1,6,48,interactive,identity,1,74500,16,8000,166.7,1,0.125,0.04621693801879889,3.600900146484375,3.554683208465576,0.15845438553323526
1,4,0,5,96,additive,identity,3,52500,16,8000,83.3,2,0.052,0.057346282958984585,3.2453994140625,3.1880531311035156,1.7107852914257942
1,4,1,6,96,interactive,identity,2,44500,16,8000,83.3,2,0.062,0.0653979148864745,3.0486728515625,2.9832749366760254,1.765042524865995
1,4,0,5,96,additive,identity,1,56500,16,8000,83.3,1,0.052,0.059863538742065625,3.720579833984375,3.6607162952423096,0.33997719005301635
1,4,1,6,96,interactive,relu,2,51000,16,8000,83.3,2,0.062,0.056520351409912184,3.0397952880859376,2.9832749366760254,2.0523748139687035
1,4,1,6,96,interactive,identity,0,53500,16,8000,83.3,2,0.062,0.06461501884460441,3.0271253662109374,2.962510347366333,3.3289402092895886
1,4,1,6,64,interactive,identity,0,71000,16,8000,125.0,2,0.094,0.05391665458679196,3.016427001953125,2.962510347366333,2.436677854136979
1,4,1,6,96,interactive,relu,3,53500,16,8000,83.3,2,0.062,0.054572788238525405,2.99164697265625,2.9370741844177246,2.0363933964578584
1,4,0,5,96,additive,identity,2,69000,16,8000,83.3,2,0.052,0.05483976936340351,3.29504052734375,3.2402007579803467,1.8231537916240235
1,8,0,9,24,additive,identity,3,49500,16,8000,333.3,2,0.375,0.05313395309448232,2.8827662353515624,2.82963228225708,0.6782315565751968
1,4,1,6,96,interactive,identity,3,66000,16,8000,83.3,2,0.062,0.0582300148010253,2.99530419921875,2.9370741844177246,3.1303430285144107
1,8,0,9,16,additive,identity,1,67000,16,8000,500.0,1,0.562,0.05209166908264162,3.5385111083984375,3.486419439315796,0.08228613959513678
1,8,1,10,16,interactive,identity,3,61000,16,8000,500.0,1,0.625,0.05052295684814467,2.309200439453125,2.2586774826049805,0.6496912823417349
1,8,0,9,24,additive,relu,0,67500,16,8000,333.3,2,0.375,0.05488905715942405,3.2206409912109377,3.1657519340515137,0.33813503307276127
1,8,1,10,24,interactive,relu,0,59000,16,8000,333.3,2,0.417,0.058766693115234414,2.6267484130859375,2.567981719970703,1.2956482742322883
1,8,1,10,16,interactive,identity,2,67500,16,8000,500.0,2,0.625,0.052669515609741424,2.68281005859375,2.630140542984009,0.7323825223447152
1,8,0,9,16,additive,identity,3,74500,16,8000,500.0,1,0.562,0.043685832977295114,2.873318115234375,2.82963228225708,1.0156109692370143
1,8,0,9,16,additive,identity,2,77000,16,8000,500.0,1,0.562,0.04901260185241707,3.197405517578125,3.148392915725708,0.039817733637144054
1,8,0,9,16,additive,identity,0,79500,16,8000,500.0,1,0.562,0.04830080032348638,3.214052734375,3.1657519340515137,0.052582513521516654
1,8,1,10,24,interactive,identity,0,58000,16,8000,333.3,1,0.417,0.05742855834960947,2.6254102783203126,2.567981719970703,0.6024255228773179
1,8,0,9,32,additive,relu,1,55000,16,8000,250.0,1,0.281,0.06149083900451657,3.5479102783203125,3.486419439315796,0.09273132665226239
1,8,0,9,16,additive,relu,2,82000,16,8000,500.0,2,0.562,0.05356313896179188,3.2019560546875,3.148392915725708,0.242032905493534
1,8,0,9,16,additive,relu,3,84000,16,8000,500.0,1,0.562,0.04566959762573264,2.8753018798828127,2.82963228225708,1.4553271087696584
1,8,0,9,16,additive,relu,1,84500,16,8000,500.0,1,0.562,0.05185961341857892,3.538279052734375,3.486419439315796,0.07140469894505173
1,8,0,9,24,additive,identity,2,66500,16,8000,333.3,1,0.375,0.055363554000854354,3.2037564697265624,3.148392915725708,0.09529291100434525
1,8,0,9,32,additive,relu,0,58000,16,8000,250.0,1,0.281,0.060011493682861516,3.225763427734375,3.1657519340515137,0.13513636329733997
1,8,0,9,32,additive,identity,0,54500,16,8000,250.0,1,0.281,0.06296486282348646,3.228716796875,3.1657519340515137,0.44754700269553377
1,8,0,9,24,additive,identity,1,67500,16,8000,333.3,1,0.375,0.055720697402954045,3.54214013671875,3.486419439315796,0.02458469780576121
1,8,1,10,24,interactive,identity,3,61000,16,8000,333.3,2,0.417,0.05279956817626941,2.31147705078125,2.2586774826049805,1.4661839986858771
1,8,0,9,24,additive,relu,1,73500,16,8000,333.3,1,0.375,0.05478063392639143,3.5412000732421873,3.486419439315796,0.0886717566104459
1,8,0,9,16,additive,relu,0,89500,16,8000,500.0,1,0.562,0.05115333938598621,3.2169052734375,3.1657519340515137,0.08020384732318293
1,8,0,9,32,additive,identity,2,49000,16,8000,250.0,2,0.281,0.06616238212585435,3.2145552978515624,3.148392915725708,0.21976927135592736
1,8,1,10,24,interactive,identity,1,65500,16,8000,333.3,1,0.417,0.0592823562622069,2.834607177734375,2.775324821472168,0.15293009679909092
1,8,0,9,24,additive,relu,3,73500,16,8000,333.3,2,0.375,0.04760856246948242,2.8772408447265625,2.82963228225708,0.5507479331889856
1,8,0,9,32,additive,identity,3,49500,16,8000,250.0,1,0.281,0.056538860321044826,2.886171142578125,2.82963228225708,0.6152406429411035
1,8,1,10,24,interactive,relu,3,67000,16,8000,333.3,2,0.417,0.05350366973876941,2.31218115234375,2.2586774826049805,1.9771196099190378
1,8,0,9,24,additive,identity,0,75500,16,8000,333.3,1,0.375,0.05277211380004898,3.2185240478515627,3.1657519340515137,0.12605958386339575
1,8,1,10,24,interactive,identity,2,67500,16,8000,333.3,2,0.417,0.05628291893005377,2.6864234619140626,2.630140542984009,1.4026111349195034
1,8,1,10,32,interactive,relu,2,48000,16,8000,250.0,2,0.312,0.06626778221130358,2.6964083251953124,2.630140542984009,2.6175306600365666
1,8,0,9,24,additive,relu,2,80500,16,8000,333.3,2,0.375,0.05277212333679193,3.2011650390625,3.148392915725708,0.20861884291161503
1,8,1,10,16,interactive,relu,0,90500,16,8000,500.0,2,0.625,0.05832785034179677,2.6263095703125,2.567981719970703,0.8986154078514315
1,8,0,9,32,additive,relu,3,66000,16,8000,250.0,1,0.281,0.050474529266357315,2.8801068115234374,2.82963228225708,1.928532006572087
1,8,1,10,16,interactive,identity,1,90000,16,8000,500.0,1,0.625,0.04942749786376943,2.8247523193359374,2.775324821472168,0.052588183863411846
1,8,1,10,24,interactive,relu,2,83500,16,8000,333.3,2,0.417,0.05444307518005376,2.6845836181640625,2.630140542984009,2.2721025987094134
1,8,0,9,32,additive,identity,1,66500,16,8000,250.0,1,0.281,0.05999913978576643,3.5464185791015623,3.486419439315796,0.18212396577285267
1,8,1,10,32,interactive,relu,0,64000,16,8000,250.0,2,0.312,0.059439422607421744,2.627421142578125,2.567981719970703,1.679403823476751
1,8,0,9,32,additive,relu,2,77000,16,8000,250.0,2,0.281,0.05596743583679187,3.2043603515625,3.148392915725708,0.16979886229245872
1,8,1,10,16,interactive,identity,0,94000,16,8000,500.0,1,0.625,0.04509030151367188,2.613072021484375,2.567981719970703,0.26904823280020623
1,8,1,10,32,interactive,relu,3,61000,16,8000,250.0,2,0.312,0.05539807891845694,2.3140755615234374,2.2586774826049805,1.7515282866172628
1,8,1,10,16,interactive,relu,2,95000,16,8000,500.0,2,0.625,0.055254964828491016,2.6853955078125,2.630140542984009,1.4824946873678504
1,8,1,10,24,interactive,relu,1,86500,16,8000,333.3,2,0.417,0.05623267364501938,2.8315574951171874,2.775324821472168,1.6416053278492886
1,8,1,10,16,interactive,relu,3,95000,16,8000,500.0,2,0.625,0.051316169738769624,2.30999365234375,2.2586774826049805,1.3044659282444138
1,8,1,10,32,interactive,relu,1,65500,16,8000,250.0,2,0.312,0.06175366973876972,2.8370784912109377,2.775324821472168,1.1227190597908234
1,8,1,10,32,interactive,identity,2,59000,16,8000,250.0,2,0.312,0.06231648826599123,2.69245703125,2.630140542984009,1.1644382453694369
1,8,1,10,16,interactive,relu,1,100500,16,8000,500.0,2,0.625,0.05457605743408189,2.82990087890625,2.775324821472168,1.3024593312626387
1,8,1,10,32,interactive,identity,3,61000,16,8000,250.0,2,0.312,0.05614136505126943,2.31481884765625,2.2586774826049805,1.8334366840500473
1,8,1,10,32,interactive,identity,1,65500,16,8000,250.0,1,0.312,0.06324304962158189,2.83856787109375,2.775324821472168,0.2322548821923093
1,8,0,9,48,additive,relu,0,54500,16,8000,166.7,2,0.188,0.0651591987609863,3.2309111328125,3.1657519340515137,0.18942947053106934
1,8,0,9,48,additive,relu,1,47500,16,8000,166.7,1,0.188,0.0685601749420166,3.5549796142578125,3.486419439315796,0.13590328262521048
1,8,1,10,32,interactive,identity,0,75000,16,8000,250.0,1,0.312,0.05859542846679666,2.6265771484375,2.567981719970703,0.6379731216703013
1,8,0,9,48,additive,relu,3,49500,16,8000,166.7,2,0.188,0.05886820602417009,2.88850048828125,2.82963228225708,1.336759153860808
1,8,0,9,48,additive,relu,2,53000,16,8000,166.7,2,0.188,0.06536355400085458,3.2137564697265626,3.148392915725708,0.18908079347196746
1,8,1,10,48,interactive,identity,1,42500,16,8000,166.7,1,0.208,0.0790543289184571,2.854379150390625,2.775324821472168,0.13150401309518409
1,8,1,10,48,interactive,relu,0,46000,16,8000,166.7,2,0.208,0.0675823669433595,2.6355640869140626,2.567981719970703,2.4068761206717832
1,8,0,9,48,additive,identity,2,49000,16,8000,166.7,1,0.188,0.07183035087585443,3.2202232666015624,3.148392915725708,0.42232366119484965
1,8,0,9,48,additive,identity,3,49500,16,8000,166.7,2,0.188,0.06154032516479502,2.891172607421875,2.82963228225708,1.5029859128485383
1,8,0,9,48,additive,identity,1,52000,16,8000,166.7,1,0.188,0.07120617103576654,3.5576256103515624,3.486419439315796,0.16577044527243393
1,8,1,10,48,interactive,relu,3,50000,16,8000,166.7,2,0.208,0.061117927551269435,2.31979541015625,2.2586774826049805,2.580791773565799
1,8,0,9,64,additive,relu,1,47500,16,8000,125.0,1,0.141,0.07604845619201672,3.5624678955078126,3.486419439315796,0.17984458400718528
1,8,0,9,64,additive,identity,3,49500,16,8000,125.0,2,0.141,0.06713090133666988,2.89676318359375,2.82963228225708,2.2107337187310634
1,8,0,9,64,additive,relu,2,49500,16,8000,125.0,2,0.141,0.07253835868835434,3.2209312744140624,3.148392915725708,0.3570725617481199
1,8,0,9,64,additive,relu,0,51500,16,8000,125.0,2,0.141,0.0737755317687987,3.2395274658203124,3.1657519340515137,0.4234649825408001
1,8,1,10,64,interactive,relu,2,47000,16,8000,125.0,2,0.156,0.07448494529724137,2.70462548828125,2.630140542984009,3.89968158790902
1,8,0,9,64,additive,identity,1,52000,16,8000,125.0,1,0.141,0.07565075111389152,3.5620701904296874,3.486419439315796,0.2767880533864107
1,8,1,10,96,interactive,relu,3,30000,16,8000,83.3,2,0.104,0.07889344024658218,2.3375709228515626,2.2586774826049805,5.261987321396768
1,8,0,9,64,additive,identity,0,54500,16,8000,125.0,1,0.141,0.07491420364379886,3.2406661376953125,3.1657519340515137,0.3955275364326613
1,8,1,10,48,interactive,relu,1,59000,16,8000,166.7,2,0.208,0.06809680938720719,2.843421630859375,2.775324821472168,1.526863687340609
1,8,1,10,48,interactive,identity,0,58000,16,8000,166.7,1,0.208,0.06949508666992177,2.637476806640625,2.567981719970703,1.1607912123651343
1,8,1,10,48,interactive,relu,2,59500,16,8000,166.7,2,0.208,0.0649091396331789,2.6950496826171877,2.630140542984009,3.778554745338241
1,8,1,10,64,interactive,relu,3,50000,16,8000,125.0,2,0.156,0.06677942657470703,2.3254569091796875,2.2586774826049805,3.2682963949962485
1,8,0,9,64,additive,relu,3,55500,16,8000,125.0,2,0.141,0.06298246383666983,2.89261474609375,2.82963228225708,2.350615035574899
1,8,1,10,64,interactive,relu,0,53500,16,8000,125.0,2,0.156,0.06940792846679678,2.6373896484375,2.567981719970703,2.451139827376972
1,8,0,9,96,additive,relu,0,44500,16,8000,83.3,2,0.094,0.08490370559692373,3.2506556396484374,3.1657519340515137,0.49987183860470114
1,8,1,10,48,interactive,identity,3,61000,16,8000,166.7,2,0.208,0.06214295196533204,2.3208204345703125,2.2586774826049805,1.9097242538618115
1,8,1,10,64,interactive,relu,1,59000,16,8000,125.0,2,0.156,0.07371680450439433,2.8490416259765623,2.775324821472168,1.9233780202211073
1,8,1,10,64,interactive,identity,2,59000,16,8000,125.0,2,0.156,0.07441206932067868,2.7045526123046875,2.630140542984009,4.540202745033071
1,8,1,10,96,interactive,identity,0,40000,16,8000,83.3,2,0.104,0.0902264099121095,2.6582081298828126,2.567981719970703,4.030749674615195
1,8,1,10,96,interactive,identity,1,42500,16,8000,83.3,2,0.104,0.09302124786376975,2.8683460693359377,2.775324821472168,4.018698762356639
1,8,1,10,48,interactive,identity,2,71500,16,8000,166.7,2,0.208,0.0664579677581787,2.6965985107421875,2.630140542984009,2.448521503633012
1,8,0,9,64,additive,identity,2,67500,16,8000,125.0,2,0.141,0.06959768486022933,3.2179906005859373,3.148392915725708,0.2644311608428412
1,8,1,10,64,interactive,identity,3,61000,16,8000,125.0,2,0.156,0.06619568634033213,2.3248731689453126,2.2586774826049805,2.679922301609607
1,8,1,10,64,interactive,identity,1,67500,16,8000,125.0,1,0.156,0.07407801055908214,2.84940283203125,2.775324821472168,0.5523693189155024
1,8,1,10,96,interactive,relu,2,47000,16,8000,83.3,2,0.104,0.08312947654724123,2.71327001953125,2.630140542984009,7.120827505332099
1,8,1,10,64,interactive,identity,0,67000,16,8000,125.0,1,0.156,0.07084640502929673,2.638828125,2.567981719970703,1.3043434349782537
1,8,0,9,96,additive,identity,3,49500,16,8000,83.3,2,0.094,0.07448637008667003,2.90411865234375,2.82963228225708,2.974559358838517
1,8,0,9,96,additive,relu,3,49500,16,8000,83.3,1,0.094,0.07316617965698224,2.9027984619140623,2.82963228225708,3.9496093109109442
1,8,0,9,48,additive,identity,0,89500,16,8000,166.7,1,0.188,0.058700580596923846,3.2244525146484375,3.1657519340515137,0.2587544567693001
1,8,1,10,96,interactive,relu,0,53500,16,8000,83.3,2,0.104,0.07937850952148429,2.6473602294921874,2.567981719970703,3.0245383214243984
1,8,1,10,96,interactive,relu,1,52500,16,8000,83.3,2,0.104,0.08438074493408187,2.85970556640625,2.775324821472168,2.9608454736526384
1,8,0,9,96,additive,relu,2,59000,16,8000,83.3,2,0.094,0.07969778251647952,3.2280906982421875,3.148392915725708,0.4359341409797024
1,8,1,10,96,interactive,identity,2,59000,16,8000,83.3,2,0.104,0.0806099452972413,2.71075048828125,2.630140542984009,6.432397172985787
1,8,0,9,96,additive,relu,1,66500,16,8000,83.3,1,0.094,0.07765612220764151,3.5640755615234374,3.486419439315796,0.1691401539035909
1,8,1,10,96,interactive,identity,3,71500,16,8000,83.3,2,0.104,0.07065991973876962,2.32933740234375,2.2586774826049805,4.88510465143022
1,8,0,9,96,additive,identity,2,80000,16,8000,83.3,1,0.094,0.07430239677429196,3.2226953125,3.148392915725708,0.18010389106516397
1,8,0,9,96,additive,identity,1,84500,16,8000,83.3,1,0.094,0.07271276283264161,3.5591322021484375,3.486419439315796,0.3483675542862905
1,16,0,17,16,additive,identity,2,75500,16,8000,500.0,1,1.062,0.11160454559326194,3.223128173828125,3.1115236282348633,0.07495899528229652
1,16,0,17,16,additive,identity,1,86500,16,8000,500.0,1,1.062,0.10620644187927253,3.440410400390625,3.3342039585113525,0.04044265492410288
1,8,0,9,96,additive,identity,0,95000,16,8000,83.3,1,0.094,0.06992518997192398,3.2356771240234377,3.1657519340515137,0.2427184215630853
1,16,0,17,32,additive,identity,2,51500,16,8000,250.0,1,0.531,0.08608171844482415,3.1976053466796874,3.1115236282348633,0.13779255218870168
1,16,0,17,16,additive,relu,0,99500,16,8000,500.0,2,1.062,0.15922824478149433,3.19884912109375,3.039620876312256,1.2436944132813854
1,16,1,18,24,interactive,identity,2,63000,16,8000,333.3,1,0.75,0.0801807956695555,3.024644287109375,2.9444634914398193,0.048745350486526014
1,16,1,18,24,interactive,identity,3,62500,16,8000,333.3,2,0.75,0.066493091583252,2.1421380615234376,2.0756449699401855,1.6702435740904296
1,16,0,17,32,additive,relu,0,61000,16,8000,250.0,2,0.531,0.09079135513305658,3.1304122314453124,3.039620876312256,0.19558732121038816
1,16,0,17,24,additive,relu,2,79500,16,8000,333.3,2,0.708,0.08782207489013683,3.199345703125,3.1115236282348633,0.29131975371790264
1,16,0,17,32,additive,identity,1,59500,16,8000,250.0,1,0.531,0.08417836570739734,3.41838232421875,3.3342039585113525,0.07435848573788698
1,16,1,18,32,interactive,identity,1,43500,16,8000,250.0,2,0.562,0.07176464080810563,2.013793640136719,1.9420289993286133,4.620411526923881
1,16,1,18,24,interactive,identity,0,72000,16,8000,333.3,2,0.75,0.06829482650756846,2.328371826171875,2.2600769996643066,1.3586203933048389
1,16,1,18,24,interactive,identity,1,74500,16,8000,333.3,2,0.75,0.058122734069824045,2.0001517333984373,1.9420289993286133,2.705212029327195
1,16,0,17,24,additive,identity,0,87500,16,8000,333.3,1,0.708,0.06887790298461915,3.108498779296875,3.039620876312256,0.06172762118831657
1,16,0,17,24,additive,identity,1,86500,16,8000,333.3,1,0.708,0.0695202846527101,3.4037242431640626,3.3342039585113525,0.07019786456760384
1,16,0,17,32,additive,identity,0,66500,16,8000,250.0,1,0.531,0.08162594985961924,3.121246826171875,3.039620876312256,0.08989531096490158
1,16,0,17,16,additive,identity,0,112000,16,8000,500.0,1,1.062,0.0955291481018068,3.1351500244140627,3.039620876312256,0.028677305729001155
1,16,1,18,24,interactive,relu,1,86000,16,8000,333.3,1,0.75,0.0716023483276369,2.01363134765625,1.9420289993286133,10.70463865777522
1,16,0,17,24,additive,relu,1,91500,16,8000,333.3,1,0.708,0.08109255027771001,3.4152965087890625,3.3342039585113525,0.09143898975438544
1,16,1,18,16,interactive,identity,1,96500,16,8000,500.0,1,1.125,0.07814531707763672,2.02017431640625,1.9420289993286133,2.40558313202234
1,16,1,18,24,interactive,relu,0,90500,16,8000,333.3,2,0.75,0.0828138694763183,2.342890869140625,2.2600769996643066,3.0298331969943617
1,16,1,18,16,interactive,identity,0,99500,16,8000,500.0,1,1.125,0.10132607650756853,2.361403076171875,2.2600769996643066,0.25426798310806603
1,16,1,18,24,interactive,relu,3,88000,16,8000,333.3,2,0.75,0.07792399978637699,2.1535689697265625,2.0756449699401855,3.3113226183220963
1,16,0,17,24,additive,identity,3,96500,16,8000,333.3,2,0.708,0.06351478195190419,2.9810567626953124,2.917541980743408,0.1339845349593539
1,16,0,17,24,additive,relu,0,99000,16,8000,333.3,2,0.708,0.0770846900939941,3.11670556640625,3.039620876312256,0.09330047636708591
1,16,0,17,32,additive,relu,2,78000,16,8000,250.0,2,0.531,0.08468218231201163,3.196205810546875,3.1115236282348633,0.27974871591159794
1,16,1,18,16,interactive,relu,1,106000,16,8000,500.0,2,1.125,0.15669634246826192,2.098725341796875,1.9420289993286133,3.9256663030852796
1,16,0,17,16,additive,relu,2,118500,16,8000,500.0,2,1.062,0.17350041961669938,3.2850240478515627,3.1115236282348633,1.4102977087578628
1,16,1,18,32,interactive,relu,0,72000,16,8000,250.0,2,0.562,0.0851036643981935,2.3451806640625,2.2600769996643066,2.6599796485267815
1,16,1,18,32,interactive,relu,1,70500,16,8000,250.0,2,0.562,0.07467284393310525,2.0167018432617185,1.9420289993286133,6.800345720892396
1,16,0,17,32,additive,relu,1,82000,16,8000,250.0,1,0.531,0.08298232078552248,3.417186279296875,3.3342039585113525,0.11205182246230028
1,16,0,17,24,additive,relu,3,101500,16,8000,333.3,2,0.708,0.07441114425659201,2.991953125,2.917541980743408,0.24073227228438454
1,16,0,17,32,additive,relu,3,81000,16,8000,250.0,2,0.531,0.07858106613159199,2.996123046875,2.917541980743408,0.2850315259937915
1,16,0,17,32,additive,identity,3,81000,16,8000,250.0,2,0.531,0.0718674430847166,2.989409423828125,2.917541980743408,0.3123773695902086
1,16,1,18,16,interactive,identity,2,106000,16,8000,500.0,1,1.125,0.13227662086486802,3.0767401123046874,2.9444634914398193,0.06642169919970003
1,16,1,18,32,interactive,identity,0,72000,16,8000,250.0,2,0.562,0.07331118392944358,2.33338818359375,2.2600769996643066,1.7097197805364928
1,16,1,18,32,interactive,identity,2,56000,16,8000,250.0,1,0.562,0.08912500953674307,3.0335885009765624,2.9444634914398193,0.11538943729347449
1,16,1,18,16,interactive,identity,3,109500,16,8000,500.0,2,1.125,0.08402360916137708,2.1596685791015626,2.0756449699401855,0.968774940165891
1,16,0,17,16,additive,relu,3,129500,16,8000,500.0,2,1.062,0.15122364425659196,3.068765625,2.917541980743408,1.7391129386962136
1,16,0,17,16,additive,relu,1,132500,16,8000,500.0,1,1.062,0.17748476219177256,3.511688720703125,3.3342039585113525,0.21331994602905371
1,16,1,18,32,interactive,relu,2,84000,16,8000,250.0,2,0.562,0.09024329566955558,3.034706787109375,2.9444634914398193,0.3215037997025574
1,16,0,17,24,additive,identity,2,115000,16,8000,333.3,1,0.708,0.06418181610107432,3.1757054443359376,3.1115236282348633,0.07579486226242586
1,16,1,18,32,interactive,relu,3,82000,16,8000,250.0,2,0.562,0.07730693435668945,2.152951904296875,2.0756449699401855,2.8774513363569216
1,16,0,17,16,additive,identity,3,124000,16,8000,500.0,1,1.062,0.09060548019409165,3.0081474609375,2.917541980743408,0.05981081855751537
1,16,1,18,16,interactive,relu,3,119000,16,8000,500.0,1,1.125,0.14534819412231448,2.2209931640625,2.0756449699401855,6.331429527202528
1,16,0,17,48,additive,identity,0,42000,16,8000,166.7,1,0.354,0.10344052505493151,3.1430614013671874,3.039620876312256,0.1787098027194914
1,16,1,18,32,interactive,identity,3,62500,16,8000,250.0,2,0.562,0.0706265144348146,2.146271484375,2.0756449699401855,2.052364883252351
1,16,0,17,48,additive,identity,3,41500,16,8000,166.7,2,0.354,0.09724952316284163,3.01479150390625,2.917541980743408,0.3690421205820588
1,16,1,18,48,interactive,identity,1,36000,16,8000,166.7,2,0.375,0.08402483367919933,2.0260538330078126,1.9420289993286133,7.223304212875537
1,16,0,17,48,additive,relu,2,51500,16,8000,166.7,2,0.354,0.09765996551513689,3.20918359375,3.1115236282348633,0.44385454377676153
1,16,1,18,24,interactive,relu,2,122500,16,8000,333.3,2,0.75,0.08649524879455583,3.030958740234375,2.9444634914398193,0.45477702023807465
1,16,0,17,48,additive,identity,2,51500,16,8000,166.7,1,0.354,0.09631182098388669,3.20783544921875,3.1115236282348633,0.17915271860769022
1,16,0,17,48,additive,identity,1,54000,16,8000,166.7,1,0.354,0.09700111961364755,3.431205078125,3.3342039585113525,0.11233118734233065
1,16,1,18,16,interactive,relu,0,138000,16,8000,500.0,1,1.125,0.1776629905700684,2.437739990234375,2.2600769996643066,4.448142931465767
1,16,0,17,64,additive,relu,0,42000,16,8000,125.0,2,0.266,0.10859604263305656,3.1482169189453124,3.039620876312256,0.38702762731132273
1,16,1,18,48,interactive,identity,2,47000,16,8000,166.7,2,0.375,0.10632374000549305,3.0507872314453124,2.9444634914398193,0.4293808947547719
1,16,0,17,64,additive,relu,2,43500,16,8000,125.0,2,0.266,0.10715349578857403,3.2186771240234373,3.1115236282348633,0.4935178477344817
1,16,0,17,48,additive,relu,1,70000,16,8000,166.7,1,0.354,0.09369826316833496,3.4279022216796875,3.3342039585113525,0.15043079585516464
1,16,1,18,64,interactive,identity,1,36000,16,8000,125.0,1,0.281,0.09211107635498061,2.034140075683594,1.9420289993286133,21.676064800606394
1,16,0,17,48,additive,relu,0,76500,16,8000,166.7,2,0.354,0.09023813247680668,3.1298590087890625,3.039620876312256,0.29985884448738187
1,16,1,18,16,interactive,relu,2,150000,16,8000,500.0,2,1.125,0.2138466892242432,3.1583101806640625,2.9444634914398193,1.1110764747317807
1,16,1,18,64,interactive,relu,1,43500,16,8000,125.0,2,0.281,0.08671013641357428,2.0287391357421876,1.9420289993286133,10.366089334253774
1,16,1,18,64,interactive,relu,3,45000,16,8000,125.0,2,0.281,0.09236626052856467,2.16801123046875,2.0756449699401855,4.890224255006571
1,16,0,17,48,additive,relu,3,71500,16,8000,166.7,2,0.354,0.08642908859252918,3.0039710693359374,2.917541980743408,0.3096127347543563
1,16,1,18,48,interactive,relu,0,66000,16,8000,166.7,2,0.375,0.0902933616638184,2.350370361328125,2.2600769996643066,3.7579641996916022
1,16,1,18,48,interactive,relu,3,61500,16,8000,166.7,2,0.375,0.08285454177856444,2.15849951171875,2.0756449699401855,3.9864037905643652
1,16,1,18,48,interactive,relu,1,64000,16,8000,166.7,1,0.375,0.07716918182373034,2.0191981811523436,1.9420289993286133,17.442089786498126
1,16,0,17,96,additive,relu,0,43000,16,8000,83.3,2,0.177,0.12011069107055672,3.1597315673828126,3.039620876312256,0.5686123564244937
1,16,1,18,48,interactive,identity,3,61500,16,8000,166.7,2,0.375,0.08069780349731426,2.1563427734375,2.0756449699401855,3.3493988789586546
1,16,0,17,64,additive,identity,2,51500,16,8000,125.0,2,0.266,0.10665068817138668,3.21817431640625,3.1115236282348633,0.5903490973130892
1,16,0,17,64,additive,identity,0,55500,16,8000,125.0,1,0.266,0.10763669204711901,3.147257568359375,3.039620876312256,0.26855392960275165
1,16,0,17,96,additive,relu,1,44000,16,8000,83.3,1,0.177,0.12048280906677267,3.454686767578125,3.3342039585113525,0.23655381195893474
1,16,0,17,96,additive,relu,2,45500,16,8000,83.3,2,0.177,0.11944133758544906,3.2309649658203123,3.1115236282348633,0.778135351731861
1,16,0,17,64,additive,relu,1,59500,16,8000,125.0,1,0.266,0.10384157371521008,3.4380455322265626,3.3342039585113525,0.1259357918047855
1,16,1,18,64,interactive,identity,0,54500,16,8000,125.0,2,0.281,0.10100429916381826,2.361081298828125,2.2600769996643066,4.081830097418107
1,16,0,17,64,additive,relu,3,62000,16,8000,125.0,2,0.266,0.09441639328002926,3.0119583740234375,2.917541980743408,0.3537886556924315
1,16,1,18,96,interactive,relu,1,38000,16,8000,83.3,2,0.188,0.09671086883544922,2.0387398681640625,1.9420289993286133,14.97943117346402
1,16,1,18,48,interactive,relu,2,71500,16,8000,166.7,2,0.375,0.09644397926330583,3.040907470703125,2.9444634914398193,0.47816950493387744
1,16,1,18,64,interactive,relu,2,55500,16,8000,125.0,2,0.281,0.108668954849243,3.0531324462890623,2.9444634914398193,0.5514491525134914
1,16,1,18,48,interactive,identity,0,72000,16,8000,166.7,2,0.375,0.08492885971069342,2.345005859375,2.2600769996643066,2.855739683397906
1,16,1,18,96,interactive,relu,0,41500,16,8000,83.3,2,0.188,0.11133022689819327,2.3714072265625,2.2600769996643066,5.985062814984191
1,16,1,18,96,interactive,relu,3,40500,16,8000,83.3,2,0.188,0.1029082527160643,2.17855322265625,2.0756449699401855,6.1347029139340865
1,16,1,18,64,interactive,identity,3,61500,16,8000,125.0,2,0.281,0.0891964607238771,2.1648414306640626,2.0756449699401855,3.9603027315927277
1,16,0,17,96,additive,relu,3,55000,16,8000,83.3,2,0.177,0.1098187370300292,3.0273607177734374,2.917541980743408,0.77510132254949
1,16,0,17,96,additive,identity,2,51500,16,8000,83.3,2,0.177,0.11909001922607443,3.2306136474609377,3.1115236282348633,0.9764519727179343
1,16,1,18,64,interactive,relu,0,64500,16,8000,125.0,2,0.281,0.095802272796631,2.3558792724609376,2.2600769996643066,5.721832019296929
1,16,0,17,64,additive,identity,1,69500,16,8000,125.0,1,0.266,0.10183315086364741,3.436037109375,3.3342039585113525,0.4399408318193398
1,16,1,18,96,interactive,relu,2,48000,16,8000,83.3,2,0.188,0.1223631687164306,3.06682666015625,2.9444634914398193,0.6891687706842311
2,1,0,3,16,additive,identity,3,39500,16,8000,500.0,2,0.188,0.028625074386596783,3.23471337890625,3.2060883045196533,1.4072474510890614
2,1,0,3,16,additive,relu,1,51000,16,8000,500.0,3,0.188,0.021715091705322376,3.9698404541015626,3.9481253623962402,0.2911025308456416
2,1,0,3,16,additive,relu,2,52000,16,8000,500.0,2,0.188,0.021358180999755838,3.468523193359375,3.447165012359619,0.12639804799587
2,1,0,3,16,additive,relu,3,48000,16,8000,500.0,3,0.188,0.022082349777221566,3.228170654296875,3.2060883045196533,1.6878759009436763
1,16,1,18,96,interactive,identity,0,54500,16,8000,83.3,2,0.188,0.11430483627319354,2.3743818359375,2.2600769996643066,6.4289360024748134
1,16,0,17,96,additive,identity,3,59500,16,8000,83.3,2,0.177,0.10838795089721698,3.025929931640625,2.917541980743408,0.7088527288143175
1,16,1,18,64,interactive,identity,2,76500,16,8000,125.0,1,0.281,0.10196326637268083,3.0464267578125,2.9444634914398193,0.13577627283875626
1,16,0,17,64,additive,identity,3,80500,16,8000,125.0,2,0.266,0.08967396163940444,3.0072159423828126,2.917541980743408,0.6642843856876941
2,1,0,3,16,additive,relu,0,58500,16,8000,500.0,3,0.188,0.021186552047729457,3.9757012939453125,3.954514741897583,0.4570725522908006
1,16,1,18,96,interactive,identity,1,58000,16,8000,83.3,2,0.188,0.09386467742919935,2.0358936767578126,1.9420289993286133,13.897024017199419
2,1,0,3,16,additive,identity,1,53000,16,8000,500.0,2,0.188,0.024285770416259567,3.9724111328125,3.9481253623962402,0.8354880714895376
2,1,1,4,16,interactive,relu,1,48500,16,8000,500.0,3,0.25,0.026168872833252088,3.8456492919921876,3.8194804191589355,1.6605248440569953
2,1,1,4,16,interactive,relu,3,48000,16,8000,500.0,3,0.25,0.023450387954711882,3.232280029296875,3.208829641342163,1.994946508211118
2,1,1,4,16,interactive,relu,2,49500,16,8000,500.0,3,0.25,0.025721971511840636,3.1768114013671873,3.1510894298553467,0.6020051881100307
1,16,0,17,96,additive,identity,1,69500,16,8000,83.3,1,0.177,0.1088128871917724,3.443016845703125,3.3342039585113525,0.35993186757570284
2,1,0,3,16,additive,identity,0,58500,16,8000,500.0,2,0.188,0.024137601852416868,3.97865234375,3.954514741897583,0.37129075272082607
2,1,0,3,24,additive,identity,3,39500,16,8000,333.3,2,0.125,0.029059888839721548,3.235148193359375,3.2060883045196533,0.5069796884529808
1,16,1,18,96,interactive,identity,3,61500,16,8000,83.3,2,0.188,0.09620232009887708,2.1718472900390626,2.0756449699401855,7.832054705748464
1,16,1,18,96,interactive,identity,2,63000,16,8000,83.3,2,0.188,0.12423194313049324,3.0686954345703126,2.9444634914398193,0.7330144188824895
2,1,0,3,16,additive,identity,2,58000,16,8000,500.0,2,0.188,0.02473415756225572,3.471899169921875,3.447165012359619,0.16371805184438332
2,1,1,4,16,interactive,relu,0,58000,16,8000,500.0,3,0.25,0.021878860473632855,3.9403187255859375,3.9184398651123047,0.37699492038432414
2,1,0,3,24,additive,identity,2,48000,16,8000,333.3,2,0.125,0.027660793304443487,3.4748258056640626,3.447165012359619,0.4358019575519481
2,1,0,3,24,additive,relu,1,50500,16,8000,333.3,3,0.125,0.022027957916259666,3.9701533203125,3.9481253623962402,0.4029280560671746
2,1,0,3,24,additive,relu,3,48500,16,8000,333.3,3,0.125,0.021017530441284293,3.2271058349609376,3.2060883045196533,1.0346112216282448
2,1,0,3,24,additive,relu,2,52000,16,8000,333.3,3,0.125,0.021753444671630984,3.46891845703125,3.447165012359619,0.3100335228159467
2,1,1,4,16,interactive,identity,0,58000,16,8000,500.0,2,0.25,0.02487129211425776,3.9433111572265624,3.9184398651123047,0.631097855139885
2,1,1,4,24,interactive,identity,0,44500,16,8000,333.3,2,0.167,0.030061599731445288,3.94850146484375,3.9184398651123047,1.38693826026133
2,1,1,4,24,interactive,relu,1,48500,16,8000,333.3,4,0.167,0.025705371856689307,3.845185791015625,3.8194804191589355,0.6616711283494647
2,1,1,4,24,interactive,relu,3,46500,16,8000,333.3,3,0.167,0.024014596939086807,3.23284423828125,3.208829641342163,2.6781344499260022
2,1,1,4,24,interactive,relu,2,49500,16,8000,333.3,3,0.167,0.024541185379028274,3.175630615234375,3.1510894298553467,1.223065307105167
2,1,0,3,24,additive,identity,1,53500,16,8000,333.3,2,0.125,0.026247196197509925,3.97437255859375,3.9481253623962402,1.8490157712664614
2,1,0,3,32,additive,relu,0,44500,16,8000,250.0,3,0.094,0.02410317802429196,3.978617919921875,3.954514741897583,0.40508994288433237
2,1,1,4,24,interactive,identity,2,47500,16,8000,333.3,2,0.167,0.030200365066528345,3.181289794921875,3.1510894298553467,0.5427520589731932
2,1,1,4,16,interactive,identity,1,61000,16,8000,500.0,3,0.25,0.028634326934814602,3.84811474609375,3.8194804191589355,0.3518931944963167
2,1,1,4,24,interactive,identity,3,47500,16,8000,333.3,2,0.167,0.029771310806274265,3.2386009521484374,3.208829641342163,0.7961409284244457
2,1,1,4,24,interactive,identity,1,48500,16,8000,333.3,3,0.167,0.032778491973877166,3.8522589111328127,3.8194804191589355,0.4344731179091944
1,16,0,17,96,additive,identity,0,87500,16,8000,83.3,1,0.177,0.10496384048461893,3.144584716796875,3.039620876312256,0.3985875152280976
2,1,1,4,24,interactive,relu,0,55500,16,8000,333.3,3,0.167,0.022119705200195128,3.9405595703125,3.9184398651123047,0.2568811032622396
2,1,0,3,24,additive,identity,0,60000,16,8000,333.3,2,0.125,0.02575002861022968,3.9802647705078127,3.954514741897583,0.8302327696069718
2,1,1,4,32,interactive,relu,2,34500,16,8000,250.0,4,0.125,0.02782011604309087,3.1789095458984375,3.1510894298553467,0.5930864776849736
2,1,0,3,24,additive,relu,0,61000,16,8000,333.3,3,0.125,0.021510648727416815,3.976025390625,3.954514741897583,0.19867987340349655
2,1,1,4,32,interactive,identity,3,31500,16,8000,250.0,2,0.125,0.034935129165649226,3.2437647705078123,3.208829641342163,0.7611039735037827
2,1,0,3,32,additive,relu,3,48000,16,8000,250.0,4,0.094,0.0221658458709717,3.228254150390625,3.2060883045196533,1.4234545934764833
2,1,0,3,32,additive,identity,2,48000,16,8000,250.0,2,0.094,0.029501003265381076,3.476666015625,3.447165012359619,0.5883727988880666
2,1,0,3,32,additive,relu,1,53000,16,8000,250.0,3,0.094,0.022618778228759684,3.970744140625,3.9481253623962402,0.9850256325949762
2,1,1,4,16,interactive,identity,2,69500,16,8000,500.0,2,0.25,0.024963060379028512,3.176052490234375,3.1510894298553467,1.5807923000421473
2,1,0,3,48,additive,relu,3,27500,16,8000,166.7,4,0.062,0.02777546501159689,3.23386376953125,3.2060883045196533,1.643922828687603
2,1,0,3,32,additive,relu,2,52000,16,8000,250.0,4,0.094,0.023232326507568235,3.4703973388671874,3.447165012359619,0.47260276863853473
2,1,1,4,32,interactive,relu,0,44500,16,8000,250.0,3,0.125,0.025239822387695288,3.9436796875,3.9184398651123047,0.5541759941832867
2,1,0,3,32,additive,identity,3,48500,16,8000,250.0,2,0.094,0.028441236495971634,3.234529541015625,3.2060883045196533,0.7338077600140388
2,1,1,4,16,interactive,identity,3,70000,16,8000,500.0,2,0.25,0.023903024673461726,3.232732666015625,3.208829641342163,0.6408926732889748
2,1,1,4,32,interactive,identity,0,43000,16,8000,250.0,2,0.125,0.03135786437988264,3.9497977294921873,3.9184398651123047,0.8410962128710964
2,1,0,3,32,additive,identity,0,55500,16,8000,250.0,2,0.094,0.02707705497741708,3.981591796875,3.954514741897583,0.431563233855141
2,1,0,3,32,additive,identity,1,56000,16,8000,250.0,2,0.094,0.027780765533447216,3.9759061279296875,3.9481253623962402,1.4815298647916333
2,1,1,4,32,interactive,relu,1,48500,16,8000,250.0,4,0.125,0.026916187286377014,3.8463966064453126,3.8194804191589355,0.4633774454444239
2,1,1,4,32,interactive,relu,3,46500,16,8000,250.0,3,0.125,0.02364191627502432,3.2324715576171874,3.208829641342163,2.140957856831568
2,1,1,4,32,interactive,identity,2,47500,16,8000,250.0,2,0.125,0.031155321121215884,3.1822447509765626,3.1510894298553467,1.5001225858564051
2,1,0,3,48,additive,relu,0,40000,16,8000,166.7,4,0.062,0.027510648727417042,3.982025390625,3.954514741897583,0.5442338489655852
2,1,0,3,48,additive,identity,1,37500,16,8000,166.7,3,0.062,0.03407751846313456,3.982202880859375,3.9481253623962402,0.8296017064254809
2,1,0,3,48,additive,identity,0,40000,16,8000,166.7,2,0.062,0.03301455497741701,3.987529296875,3.954514741897583,0.26732457411323496
2,1,1,4,48,interactive,relu,2,38000,16,8000,166.7,4,0.083,0.02935490608215341,3.1804443359375,3.1510894298553467,1.0733790879354714
2,1,0,3,48,additive,relu,1,45000,16,8000,166.7,3,0.062,0.025306766510009737,3.97343212890625,3.9481253623962402,1.1729283982245764
2,1,0,3,48,additive,identity,3,42000,16,8000,166.7,2,0.062,0.03187251091003418,3.2379608154296875,3.2060883045196533,5.433365891222739
2,1,1,4,48,interactive,relu,0,40000,16,8000,166.7,3,0.083,0.027515945434570366,3.945955810546875,3.9184398651123047,0.5356598487852069
2,1,1,4,48,interactive,identity,1,38000,16,8000,166.7,3,0.083,0.04071196365356444,3.8601923828125,3.8194804191589355,1.5206128247787662
2,1,1,4,48,interactive,relu,1,42000,16,8000,166.7,4,0.083,0.02937273025512699,3.8488531494140625,3.8194804191589355,0.5211138056285846
2,1,0,3,48,additive,relu,2,49000,16,8000,166.7,4,0.062,0.025654933929443402,3.4728199462890625,3.447165012359619,0.5486805776045837
2,1,0,3,64,additive,identity,2,34000,16,8000,125.0,2,0.047,0.039115627288818455,3.4862806396484376,3.447165012359619,0.9577223505534398
2,1,1,4,48,interactive,relu,3,44000,16,8000,166.7,3,0.083,0.025998483657836857,3.234828125,3.208829641342163,1.7616797514184834
2,1,0,3,48,additive,identity,2,49000,16,8000,166.7,3,0.062,0.031073513031005806,3.478238525390625,3.447165012359619,1.318888362367616
2,1,0,3,64,additive,relu,3,35000,16,8000,125.0,4,0.047,0.02747065544128402,3.2335589599609373,3.2060883045196533,1.7734005926026082
2,1,1,4,48,interactive,identity,3,41500,16,8000,166.7,2,0.083,0.03487751197814948,3.2437071533203126,3.208829641342163,2.1229021854874603
2,1,1,4,64,interactive,identity,3,31500,16,8000,125.0,3,0.062,0.04053388404846192,3.249363525390625,3.208829641342163,2.339119309247384
2,1,0,3,64,additive,identity,0,40000,16,8000,125.0,2,0.047,0.03650979423522971,3.9910245361328127,3.954514741897583,0.15661329496866574
2,1,1,4,64,interactive,relu,2,35000,16,8000,125.0,5,0.062,0.030050340652465923,3.1811397705078126,3.1510894298553467,1.4753656534153685
2,1,0,3,96,additive,relu,3,27500,16,8000,83.3,4,0.031,0.03201777458190902,3.2381060791015623,3.2060883045196533,1.9901992524457595
2,1,1,4,64,interactive,identity,1,38000,16,8000,125.0,3,0.062,0.043006641387939304,3.862487060546875,3.8194804191589355,2.162820758832275
2,1,1,4,32,interactive,identity,1,67500,16,8000,250.0,3,0.125,0.030721485137939375,3.850201904296875,3.8194804191589355,0.7110351852448525
2,1,0,3,96,additive,identity,0,28500,16,8000,83.3,2,0.031,0.04811355400085482,4.002628295898438,3.954514741897583,1.4276463410788949
2,1,0,3,64,additive,identity,3,42000,16,8000,125.0,3,0.047,0.03578278923034661,3.24187109375,3.2060883045196533,1.6720566738888305
2,1,1,4,48,interactive,identity,2,47500,16,8000,166.7,3,0.083,0.03437346076965353,3.185462890625,3.1510894298553467,1.4364302315193858
2,1,0,3,64,additive,relu,2,43000,16,8000,125.0,4,0.047,0.027289577484130856,3.47445458984375,3.447165012359619,0.9366361266064429
2,1,0,3,96,additive,identity,3,31500,16,8000,83.3,3,0.031,0.043689039230346616,3.24977734375,3.2060883045196533,1.1890774829542448
2,1,1,4,96,interactive,identity,0,28500,16,8000,83.3,2,0.042,0.04874104309082039,3.967180908203125,3.9184398651123047,0.7222111439358406
2,1,1,4,64,interactive,identity,0,44000,16,8000,125.0,3,0.062,0.03663533020019516,3.9550751953125,3.9184398651123047,0.8443175057197219
2,1,1,4,64,interactive,relu,3,44000,16,8000,125.0,4,0.062,0.02739203834533699,3.2362216796875,3.208829641342163,1.1025229502435634
2,1,1,4,64,interactive,relu,0,44500,16,8000,125.0,4,0.062,0.02794416809082012,3.946384033203125,3.9184398651123047,1.6027510653764743
2,1,1,4,64,interactive,identity,2,47500,16,8000,125.0,2,0.062,0.03641765022277843,3.187507080078125,3.1510894298553467,2.4335491529515254
2,1,0,3,96,additive,relu,1,38500,16,8000,83.3,3,0.031,0.03003259658813473,3.978157958984375,3.9481253623962402,1.7761213021486277
2,1,0,3,64,additive,relu,1,49000,16,8000,125.0,3,0.047,0.025218875885009595,3.97334423828125,3.9481253623962402,1.153564479003639
2,1,0,3,64,additive,relu,0,52000,16,8000,125.0,4,0.047,0.026716459274291893,3.981231201171875,3.954514741897583,1.6410814376301055
2,1,1,4,96,interactive,identity,3,31500,16,8000,83.3,2,0.042,0.04479071998596185,3.253620361328125,3.208829641342163,6.086577562073821
2,1,1,4,96,interactive,relu,2,35000,16,8000,83.3,4,0.042,0.03406437873840318,3.18515380859375,3.1510894298553467,2.423657697377597
2,1,1,4,48,interactive,identity,0,65500,16,8000,166.7,2,0.083,0.02864546203613294,3.9470853271484376,3.9184398651123047,0.255924742636893
2,1,0,3,96,additive,identity,2,43500,16,8000,83.3,3,0.031,0.0397051048278807,3.4868701171875,3.447165012359619,1.6946554609837623
2,1,1,4,96,interactive,relu,1,40500,16,8000,83.3,4,0.042,0.03464018630981425,3.85412060546875,3.8194804191589355,1.61604992697866
2,1,0,3,96,additive,relu,2,43000,16,8000,83.3,4,0.031,0.029821559906005657,3.476986572265625,3.447165012359619,2.4335226627515825
2,1,1,4,96,interactive,relu,0,40000,16,8000,83.3,4,0.042,0.031400344848632855,3.9498402099609375,3.9184398651123047,0.7682814626730324
2,1,1,4,96,interactive,relu,3,39000,16,8000,83.3,3,0.042,0.030538766860961797,3.239368408203125,3.208829641342163,6.393694646150953
2,1,1,4,96,interactive,identity,1,40000,16,8000,83.3,3,0.042,0.049756763458252085,3.8692371826171876,3.8194804191589355,3.6782040954725868
2,1,0,3,64,additive,identity,1,61000,16,8000,125.0,2,0.047,0.03136853408813467,3.979493896484375,3.9481253623962402,2.1691870701463163
2,1,1,4,64,interactive,relu,1,54500,16,8000,125.0,4,0.062,0.029823902130126978,3.8493043212890625,3.8194804191589355,0.6187021367983977
2,1,0,3,96,additive,relu,0,53000,16,8000,83.3,3,0.031,0.02855715751647958,3.9830718994140626,3.954514741897583,0.8655596749893393
2,1,1,4,96,interactive,identity,2,47500,16,8000,83.3,3,0.042,0.04296733283996579,3.1940567626953125,3.1510894298553467,1.4711169948211449
2,1,0,3,96,additive,identity,1,56000,16,8000,83.3,2,0.031,0.03773498916625995,3.9858603515625,3.9481253623962402,0.5529929989744744
2,2,0,4,24,additive,relu,1,43000,16,8000,333.3,3,0.167,0.03286550521850584,3.6241497802734375,3.5912842750549316,0.17786734153029468
2,2,0,4,16,additive,identity,3,50500,16,8000,500.0,2,0.25,0.03437328338623047,3.1226806640625,3.0883073806762695,0.18246550952168716
2,2,0,4,16,additive,identity,1,55500,16,8000,500.0,2,0.25,0.03299551010131818,3.62427978515625,3.5912842750549316,0.14583484071928288
2,2,2,6,16,interactive,identity,1,51500,16,8000,500.0,3,0.375,0.041157569885253764,2.8232763671875,2.782118797302246,0.8386318078586252
2,2,0,4,24,additive,identity,3,47500,16,8000,333.3,2,0.167,0.035825920104980646,3.12413330078125,3.0883073806762695,0.3906214969947938
2,2,0,4,24,additive,relu,3,49500,16,8000,333.3,4,0.167,0.030395622253418075,3.1187030029296876,3.0883073806762695,0.8239828599015502
2,2,0,4,16,additive,relu,3,66000,16,8000,500.0,3,0.25,0.028488517761230625,3.1167958984375,3.0883073806762695,0.5238531989849023
2,2,0,4,16,additive,relu,0,71000,16,8000,500.0,2,0.25,0.028439533233642678,3.6976475830078126,3.66920804977417,0.10898624047587673
2,2,2,6,24,interactive,relu,0,49000,16,8000,333.3,3,0.25,0.0370953617095946,3.2791719970703124,3.2420766353607178,1.2000453262624138
2,2,0,4,32,additive,identity,2,36000,16,8000,250.0,2,0.125,0.04274942016601546,3.2215328369140623,3.178783416748047,0.8983921303818719
2,2,0,4,24,additive,relu,2,54500,16,8000,333.3,4,0.167,0.03077407836914059,3.2095574951171875,3.178783416748047,0.2667946285737413
2,2,2,6,32,interactive,identity,0,33000,16,8000,250.0,2,0.188,0.05210354042053211,3.29418017578125,3.2420766353607178,0.5586493629515806
2,2,0,4,16,additive,identity,2,66500,16,8000,500.0,3,0.25,0.03131863403320301,3.21010205078125,3.178783416748047,0.7230118088902276
2,2,0,4,24,additive,relu,0,61000,16,8000,333.3,3,0.167,0.02982661819457988,3.69903466796875,3.66920804977417,0.3913063659074459
2,2,0,4,16,additive,identity,0,74500,16,8000,500.0,2,0.25,0.030087726593017727,3.6992957763671876,3.66920804977417,0.06443250567971705
2,2,0,4,16,additive,relu,2,72500,16,8000,500.0,3,0.25,0.026629913330078026,3.205413330078125,3.178783416748047,0.2175891207373238
2,2,0,4,16,additive,relu,1,74000,16,8000,500.0,3,0.25,0.026588161468505955,3.6178724365234376,3.5912842750549316,0.31253756998753685
2,2,2,6,16,interactive,identity,0,64500,16,8000,500.0,2,0.375,0.03699733924865711,3.279073974609375,3.2420766353607178,0.4247691158122209
2,2,2,6,16,interactive,relu,2,67000,16,8000,500.0,3,0.375,0.039391784667968555,2.691895751953125,2.6525039672851562,0.6221101475396106
2,2,0,4,32,additive,relu,2,44500,16,8000,250.0,4,0.125,0.033612579345703164,3.21239599609375,3.178783416748047,0.29330606053979824
2,2,0,4,32,additive,relu,1,45000,16,8000,250.0,3,0.125,0.033957424163818306,3.62524169921875,3.5912842750549316,0.23045050911271972
2,2,2,6,24,interactive,identity,1,51500,16,8000,333.3,3,0.25,0.04127451324462905,2.823393310546875,2.782118797302246,2.0377410750008167
2,2,2,6,16,interactive,relu,0,70000,16,8000,500.0,3,0.375,0.03250161170959487,3.2745782470703126,3.2420766353607178,1.1196887746699349
2,2,0,4,32,additive,relu,0,49000,16,8000,250.0,3,0.125,0.03376643753051756,3.7029744873046875,3.66920804977417,0.3872974935208251
2,2,2,6,16,interactive,identity,3,65000,16,8000,500.0,2,0.375,0.03725859832763678,2.69852587890625,2.6612672805786133,0.4288417113804007
2,2,2,6,16,interactive,identity,2,67000,16,8000,500.0,2,0.375,0.03685894775390608,2.6893629150390623,2.6525039672851562,0.28940230673937256
2,2,0,4,24,additive,identity,0,64500,16,8000,333.3,2,0.167,0.03266206741333022,3.7018701171875,3.66920804977417,0.21103666178838504
2,2,2,6,24,interactive,relu,3,58500,16,8000,333.3,3,0.25,0.037972465515136555,2.69923974609375,2.6612672805786133,1.6962301256398178
2,2,2,6,24,interactive,relu,1,62500,16,8000,333.3,3,0.25,0.03441489410400411,2.81653369140625,2.782118797302246,1.712274022971691
2,2,2,6,32,interactive,relu,2,44500,16,8000,250.0,4,0.188,0.04125030517578132,2.6937542724609376,2.6525039672851562,1.6802801314808389
2,2,2,6,16,interactive,relu,1,77000,16,8000,500.0,2,0.375,0.03369223785400388,2.81581103515625,2.782118797302246,1.723646088669096
2,2,0,4,32,additive,relu,3,52000,16,8000,250.0,4,0.125,0.031136955261230614,3.1194443359375,3.0883073806762695,0.8440431737043772
2,2,0,4,32,additive,identity,3,47500,16,8000,250.0,2,0.125,0.037277336120605575,3.125584716796875,3.0883073806762695,0.5514392807093446
2,2,2,6,24,interactive,relu,2,61500,16,8000,333.3,4,0.25,0.03813470458984369,2.690638671875,2.6525039672851562,1.0479043451087975
2,2,2,6,24,interactive,identity,3,58500,16,8000,333.3,3,0.25,0.04050981903076156,2.701777099609375,2.6612672805786133,0.8411526775410016
2,2,0,4,32,additive,identity,1,54500,16,8000,250.0,2,0.125,0.0364259300231935,3.627710205078125,3.5912842750549316,0.7217666793695301
2,2,2,6,24,interactive,identity,0,64500,16,8000,333.3,2,0.25,0.03876760292053216,3.28084423828125,3.2420766353607178,0.6288362223878651
2,2,2,6,32,interactive,relu,0,49000,16,8000,250.0,3,0.188,0.03902041053771965,3.2810970458984374,3.2420766353607178,0.63032236715277
2,2,0,4,48,additive,relu,0,36500,16,8000,166.7,3,0.083,0.03923030471801736,3.7084383544921873,3.66920804977417,0.3622623844102386
2,2,0,4,48,additive,relu,1,35000,16,8000,166.7,3,0.083,0.0381971702575683,3.6294814453125,3.5912842750549316,0.28176022321531935
2,2,2,6,32,interactive,identity,1,51500,16,8000,250.0,4,0.188,0.04342563629150398,2.82554443359375,2.782118797302246,1.965697669118184
2,2,2,6,32,interactive,relu,1,52000,16,8000,250.0,3,0.188,0.03702317047119141,2.8191419677734375,2.782118797302246,2.215702518080405
2,2,2,6,32,interactive,identity,3,45000,16,8000,250.0,3,0.188,0.046044853210449155,2.7073121337890624,2.6612672805786133,0.9184472659887449
2,2,2,6,16,interactive,relu,3,80000,16,8000,500.0,2,0.375,0.037837211608886534,2.6991044921875,2.6612672805786133,1.637291545688954
2,2,2,6,24,interactive,identity,2,67500,16,8000,333.3,3,0.25,0.03841168212890622,2.6909156494140625,2.6525039672851562,0.5673617412606661
2,2,0,4,24,additive,identity,1,78500,16,8000,333.3,2,0.167,0.03049502182006858,3.621779296875,3.5912842750549316,0.419966494148288
2,2,0,4,32,additive,identity,0,64500,16,8000,250.0,2,0.125,0.03378938674926779,3.7029974365234377,3.66920804977417,0.5101968084838184
2,2,2,6,32,interactive,relu,3,60000,16,8000,250.0,3,0.188,0.037589897155761776,2.698857177734375,2.6612672805786133,2.154202008544687
2,2,0,4,24,additive,identity,2,82500,16,8000,333.3,2,0.167,0.029480010986328242,3.208263427734375,3.178783416748047,0.4017162015743776
2,2,0,4,48,additive,identity,1,37000,16,8000,166.7,3,0.083,0.04602358627319347,3.637307861328125,3.5912842750549316,0.4700611666012475
2,2,2,6,48,interactive,relu,0,35500,16,8000,166.7,4,0.125,0.04307082557678221,3.2851474609375,3.2420766353607178,1.0234886785189063
2,2,0,4,48,additive,relu,3,47500,16,8000,166.7,4,0.083,0.034488395690917883,3.1227957763671874,3.0883073806762695,1.5883683675283162
2,2,0,4,64,additive,relu,1,33500,16,8000,125.0,3,0.062,0.04149673080444316,3.632781005859375,3.5912842750549316,0.36561291291725856
2,2,0,4,48,additive,identity,2,44500,16,8000,166.7,2,0.083,0.042714752197265504,3.2214981689453124,3.178783416748047,0.6267643611418027
2,2,0,4,64,additive,identity,0,37000,16,8000,125.0,2,0.062,0.05058076858520488,3.719788818359375,3.66920804977417,0.6664458093881341
2,2,0,4,64,additive,relu,3,35500,16,8000,125.0,4,0.062,0.038912101745605554,3.127219482421875,3.0883073806762695,1.1863280926585327
2,2,0,4,48,additive,relu,2,55000,16,8000,166.7,4,0.083,0.034181427001953146,3.21296484375,3.178783416748047,0.3479642462071022
2,2,2,6,32,interactive,identity,2,75500,16,8000,250.0,2,0.188,0.03900225830078119,2.6915062255859374,2.6525039672851562,0.9408706695283607
2,2,2,6,64,interactive,relu,1,36500,16,8000,125.0,4,0.094,0.04423545074462876,2.826354248046875,2.782118797302246,3.4244508732006365
2,2,0,4,64,additive,relu,2,39500,16,8000,125.0,4,0.062,0.039813507080078026,3.218596923828125,3.178783416748047,0.8289581395322263
2,2,0,4,48,additive,identity,3,50500,16,8000,166.7,2,0.083,0.03963231658935529,3.127939697265625,3.0883073806762695,1.109430633241337
2,2,2,6,48,interactive,identity,2,44000,16,8000,166.7,3,0.125,0.049836608886718814,2.702340576171875,2.6525039672851562,1.2722325315553746
2,2,2,6,64,interactive,relu,3,36500,16,8000,125.0,3,0.094,0.046565238952636534,2.70783251953125,2.6612672805786133,3.3939729955754703
2,2,2,6,48,interactive,identity,0,49500,16,8000,166.7,3,0.125,0.047621484756469545,3.2896981201171873,3.2420766353607178,1.3298943414422957
2,2,2,6,48,interactive,relu,3,50000,16,8000,166.7,3,0.125,0.041541679382324226,2.7028089599609375,2.6612672805786133,2.324383947174203
2,2,0,4,64,additive,identity,1,43000,16,8000,125.0,3,0.062,0.0450021018981932,3.636286376953125,3.5912842750549316,1.124824015384161
2,2,2,6,48,interactive,identity,1,51500,16,8000,166.7,3,0.125,0.047152687072753885,2.829271484375,2.782118797302246,2.9717425267183506
2,2,0,4,64,additive,identity,2,47000,16,8000,125.0,3,0.062,0.04497586059570313,3.22375927734375,3.178783416748047,0.80521395910912
2,2,2,6,64,interactive,relu,2,44000,16,8000,125.0,4,0.094,0.044404235839843764,2.696908203125,2.6525039672851562,1.738957444686183
2,2,0,4,96,additive,relu,3,34500,16,8000,83.3,4,0.042,0.0424622726440429,3.1307696533203124,3.0883073806762695,3.5468467202346208
2,2,0,4,64,additive,relu,0,47000,16,8000,125.0,3,0.062,0.03930623245239273,3.7085142822265627,3.66920804977417,0.6695882512773005
2,2,2,6,48,interactive,relu,1,56500,16,8000,166.7,3,0.125,0.03861997222900371,2.82073876953125,2.782118797302246,3.2657980124409973
2,2,0,4,96,additive,relu,2,36000,16,8000,83.3,4,0.042,0.04426406860351584,3.2230474853515627,3.178783416748047,0.7207916274609238
2,2,2,6,64,interactive,identity,2,44000,16,8000,125.0,3,0.094,0.052735534667968764,2.705239501953125,2.6525039672851562,1.172207026438494
2,2,0,4,48,additive,identity,0,65500,16,8000,166.7,2,0.083,0.03640022659301767,3.7056082763671876,3.66920804977417,0.6487865139277104
2,2,2,6,64,interactive,relu,0,49000,16,8000,125.0,4,0.094,0.04302944374084472,3.2851060791015625,3.2420766353607178,1.7207832649644135
2,2,2,6,96,interactive,relu,1,36500,16,8000,83.3,4,0.062,0.04755539703369127,2.8296741943359374,2.782118797302246,5.254337812504772
2,2,2,6,48,interactive,relu,2,60500,16,8000,166.7,4,0.125,0.04103118896484359,2.69353515625,2.6525039672851562,1.287744647187761
2,2,2,6,48,interactive,identity,3,58500,16,8000,166.7,3,0.125,0.04610210418701177,2.707369384765625,2.6612672805786133,2.1814866431850755
2,2,2,6,64,interactive,identity,3,48000,16,8000,125.0,3,0.094,0.05223369598388672,2.7135009765625,2.6612672805786133,3.5544132782986257
2,2,0,4,96,additive,identity,1,44500,16,8000,83.3,3,0.042,0.054268703460693235,3.645552978515625,3.5912842750549316,0.671569112858682
2,2,0,4,96,additive,identity,2,44500,16,8000,83.3,3,0.042,0.05203298950195334,3.23081640625,3.178783416748047,1.872334710133752
2,2,2,6,96,interactive,relu,0,42000,16,8000,83.3,4,0.062,0.05002358436584453,3.2921002197265623,3.2420766353607178,1.7561362836539702
2,2,2,6,64,interactive,identity,1,51500,16,8000,125.0,3,0.094,0.05023007965087878,2.832348876953125,2.782118797302246,5.473864619491171
2,2,0,4,96,additive,relu,0,46000,16,8000,83.3,3,0.042,0.04216939163208,3.71137744140625,3.66920804977417,0.9962015713314745
2,2,2,6,96,interactive,relu,2,44500,16,8000,83.3,5,0.062,0.05022003173828127,2.7027239990234375,2.6525039672851562,1.8888606315519985
2,2,2,6,96,interactive,identity,2,44000,16,8000,83.3,3,0.062,0.05981048583984361,2.712314453125,2.6525039672851562,1.9100546568874333
2,2,2,6,96,interactive,identity,0,49500,16,8000,83.3,3,0.062,0.05838381385803215,3.30046044921875,3.2420766353607178,2.8873631178062458
2,2,0,4,96,additive,relu,1,51500,16,8000,83.3,4,0.042,0.04000649642944332,3.631290771484375,3.5912842750549316,0.788391700391334
2,2,0,4,96,additive,identity,0,56000,16,8000,83.3,2,0.042,0.05070064163207988,3.71990869140625,3.66920804977417,3.017394289920574
2,2,2,6,64,interactive,identity,0,64500,16,8000,125.0,3,0.094,0.04672768592834453,3.2888043212890623,3.2420766353607178,1.7335834984096155
2,2,2,6,96,interactive,identity,3,48000,16,8000,83.3,3,0.062,0.057557792663574414,2.7188250732421877,2.6612672805786133,5.021070374994771
2,2,0,4,96,additive,identity,3,59000,16,8000,83.3,3,0.042,0.04591844940185563,3.134225830078125,3.0883073806762695,2.7457137149062283
2,4,0,6,16,additive,relu,2,53500,16,8000,500.0,3,0.375,0.04510900115966798,2.7713253173828125,2.7262163162231445,0.4606823804538611
2,2,2,6,96,interactive,relu,3,58500,16,8000,83.3,3,0.062,0.04856902313232414,2.7098363037109374,2.6612672805786133,4.39716948985461
2,4,0,6,16,additive,relu,3,58000,16,8000,500.0,3,0.375,0.04230002212524431,3.1033594970703127,3.0610594749450684,0.23109401639855712
2,2,2,6,96,interactive,identity,1,63500,16,8000,83.3,3,0.062,0.05265256500244142,2.8347713623046875,2.782118797302246,8.423089140979505
2,4,0,6,16,additive,identity,2,53500,16,8000,500.0,2,0.375,0.043803092956542944,2.7700194091796875,2.7262163162231445,0.21041651249539636
2,4,0,6,16,additive,relu,0,68500,16,8000,500.0,2,0.375,0.042120838165283114,3.4401153564453124,3.3979945182800293,0.07606697484136515
2,2,0,4,64,additive,identity,3,86500,16,8000,125.0,2,0.062,0.036414176940918086,3.1247215576171876,3.0883073806762695,0.8344954309049409
2,4,0,6,16,additive,identity,3,58000,16,8000,500.0,2,0.375,0.04284164810180657,3.103901123046875,3.0610594749450684,0.047784409460232276
2,4,0,6,24,additive,relu,2,53500,16,8000,333.3,3,0.25,0.04295958709716796,2.7691759033203125,2.7262163162231445,0.49508562973043013
2,4,0,6,16,additive,relu,1,74500,16,8000,500.0,3,0.375,0.03864224433898933,3.358106689453125,3.3194644451141357,0.3293680230079281
2,4,0,6,24,additive,identity,2,53500,16,8000,333.3,2,0.25,0.045778556823730554,2.771994873046875,2.7262163162231445,0.31616498526254566
2,4,2,8,24,interactive,relu,2,50500,16,8000,333.3,3,0.333,0.04492195701599111,1.9144271240234374,1.8695051670074463,2.504583592515511
2,4,2,8,24,interactive,identity,2,48000,16,8000,333.3,3,0.333,0.045024679183959915,1.9145298461914062,1.8695051670074463,2.0492186829189287
2,4,0,6,32,additive,relu,1,44500,16,8000,250.0,3,0.188,0.04909988594055159,3.3685643310546873,3.3194644451141357,0.39875465032471596
2,4,0,6,24,additive,relu,1,59500,16,8000,333.3,3,0.25,0.042423494338989176,3.361887939453125,3.3194644451141357,0.4438827265669711
2,4,0,6,24,additive,relu,3,58000,16,8000,333.3,3,0.25,0.04223984146118154,3.10329931640625,3.0610594749450684,0.2599578260039927
2,4,0,6,32,additive,identity,2,43000,16,8000,250.0,2,0.188,0.05278392791748043,2.779000244140625,2.7262163162231445,0.43132939579245555
2,4,0,6,16,additive,identity,0,77000,16,8000,500.0,2,0.375,0.03955089187622063,3.43754541015625,3.3979945182800293,0.07262666446419469
2,4,0,6,24,additive,relu,0,62000,16,8000,333.3,2,0.25,0.04338158035278328,3.4413760986328126,3.3979945182800293,0.11615270146683504
2,4,0,6,24,additive,identity,3,58000,16,8000,333.3,3,0.25,0.045694553375243974,3.1067540283203123,3.0610594749450684,0.2221170211213516
2,4,0,6,32,additive,relu,0,49000,16,8000,250.0,3,0.188,0.04872899246215834,3.4467235107421876,3.3979945182800293,0.25246625670997835
2,4,2,8,16,interactive,identity,0,67000,16,8000,500.0,2,0.5,0.049029998779297035,3.1688458251953127,3.1198158264160156,0.09557594888137572
2,4,0,6,24,additive,identity,1,59500,16,8000,333.3,2,0.25,0.045805086135864315,3.36526953125,3.3194644451141357,0.39043818992831053
2,4,2,8,24,interactive,relu,3,56000,16,8000,333.3,2,0.333,0.04161394119262685,1.2773846435546874,1.2357707023620605,3.72502225157371
2,4,2,8,16,interactive,identity,2,68000,16,8000,500.0,3,0.5,0.03889125633239754,1.9083964233398438,1.8695051670074463,1.6568302537833592
2,4,2,8,16,interactive,relu,1,74500,16,8000,500.0,3,0.5,0.05201651763916004,3.1553709716796874,3.1033544540405273,0.5843422428381692
2,4,0,6,32,additive,relu,2,53500,16,8000,250.0,3,0.188,0.04379723358154308,2.7700135498046876,2.7262163162231445,0.5834149442113542
2,4,2,8,24,interactive,relu,0,67000,16,8000,333.3,3,0.333,0.05009799194335951,3.169913818359375,3.1198158264160156,0.5865193071589669
2,4,2,8,24,interactive,identity,3,60500,16,8000,333.3,3,0.333,0.03822844314575202,1.2739991455078126,1.2357707023620605,1.6080564572928553
2,4,0,6,24,additive,identity,0,70500,16,8000,333.3,2,0.25,0.043456165313720874,3.44145068359375,3.3979945182800293,0.17440261381474684
2,4,2,8,16,interactive,relu,0,79000,16,8000,500.0,2,0.5,0.04968417358398458,3.1695,3.1198158264160156,0.22283022307458605
2,4,2,8,16,interactive,identity,1,74500,16,8000,500.0,2,0.5,0.0455361709594726,3.148890625,3.1033544540405273,0.12689989170647972
2,4,2,8,16,interactive,relu,2,77500,16,8000,500.0,3,0.5,0.04154286766052251,1.9110480346679688,1.8695051670074463,1.9601333909749858
2,4,0,6,16,additive,identity,1,85000,16,8000,500.0,2,0.375,0.03707412910461416,3.35653857421875,3.3194644451141357,0.14593121867746547
2,4,2,8,16,interactive,relu,3,74500,16,8000,500.0,2,0.5,0.04158427810668952,1.27735498046875,1.2357707023620605,2.309438375649462
2,4,0,6,32,additive,relu,3,58000,16,8000,250.0,3,0.188,0.04329404067993181,3.104353515625,3.0610594749450684,0.2505855198477093
2,4,2,8,32,interactive,identity,0,46000,16,8000,250.0,2,0.25,0.06191268920898452,3.181728515625,3.1198158264160156,0.5803980264479861
2,4,2,8,24,interactive,identity,0,67000,16,8000,333.3,2,0.333,0.05141488647460957,3.171230712890625,3.1198158264160156,0.08915354407804865
2,4,2,8,32,interactive,relu,3,47000,16,8000,250.0,2,0.25,0.04290837478637699,1.2786790771484375,1.2357707023620605,4.316887850895151
2,4,2,8,32,interactive,relu,2,51000,16,8000,250.0,3,0.25,0.04481020164489746,1.9143153686523438,1.8695051670074463,3.5616541765628473
2,4,0,6,32,additive,identity,3,58000,16,8000,250.0,3,0.188,0.04818027114868162,3.10923974609375,3.0610594749450684,0.3622008818110643
2,4,2,8,24,interactive,relu,1,74500,16,8000,333.3,3,0.333,0.04865897369384786,3.152013427734375,3.1033544540405273,0.5412840646506856
2,4,2,8,32,interactive,relu,1,55000,16,8000,250.0,3,0.25,0.05338956451415999,3.1567440185546873,3.1033544540405273,0.6200782939751894
2,4,2,8,24,interactive,identity,1,71500,16,8000,333.3,2,0.333,0.04959427642822245,3.15294873046875,3.1033544540405273,0.36128783485669463
2,4,2,8,16,interactive,identity,3,81500,16,8000,500.0,3,0.5,0.0325327033996583,1.2683034057617188,1.2357707023620605,1.9600460006631095
2,4,2,8,32,interactive,relu,0,57000,16,8000,250.0,3,0.25,0.054537689208984386,3.174353515625,3.1198158264160156,0.26343519029110735
2,4,2,8,32,interactive,identity,2,51000,16,8000,250.0,3,0.25,0.04699934959411611,1.9165045166015624,1.8695051670074463,3.3162762185618266
2,4,2,8,32,interactive,identity,1,55000,16,8000,250.0,3,0.25,0.05773685455322264,3.16109130859375,3.1033544540405273,0.4551450422070477
2,4,0,6,32,additive,identity,0,70500,16,8000,250.0,2,0.188,0.046239856719970884,3.444234375,3.3979945182800293,0.21187451627101778
2,4,0,6,48,additive,relu,3,42000,16,8000,166.7,3,0.125,0.05185153579711921,3.1129110107421876,3.0610594749450684,0.2960084925418048
2,4,0,6,32,additive,identity,1,74500,16,8000,250.0,2,0.188,0.044394929885864354,3.363859375,3.3194644451141357,0.24522912046465298
2,4,2,8,48,interactive,identity,0,31500,16,8000,166.7,2,0.167,0.07704708862304699,3.1968629150390626,3.1198158264160156,0.3268735852092649
2,4,0,6,48,additive,relu,2,47000,16,8000,166.7,4,0.125,0.05049498748779291,2.7767113037109374,2.7262163162231445,0.5634387530378633
2,4,2,8,32,interactive,identity,3,59000,16,8000,250.0,3,0.25,0.04080669021606442,1.276577392578125,1.2357707023620605,2.6906201604501057
2,4,0,6,48,additive,identity,3,42500,16,8000,166.7,3,0.125,0.059195407867431715,3.1202548828125,3.0610594749450684,0.684961541023423
2,4,2,8,64,interactive,identity,0,30000,16,8000,125.0,2,0.125,0.08159469604492209,3.2014105224609377,3.1198158264160156,0.2598287442289161
2,4,0,6,48,additive,identity,2,53500,16,8000,166.7,2,0.125,0.051811149597167816,2.7780274658203123,2.7262163162231445,1.024385603551972
2,4,2,8,48,interactive,relu,3,43500,16,8000,166.7,3,0.167,0.04535246658325187,1.2811231689453124,1.2357707023620605,3.838202874084587
2,4,0,6,48,additive,relu,0,62000,16,8000,166.7,3,0.125,0.051425891876220486,3.44942041015625,3.3979945182800293,0.29208421322756567
2,4,0,6,64,additive,relu,3,41500,16,8000,125.0,4,0.094,0.05633981704711921,3.1173992919921876,3.0610594749450684,0.44372725784144573
2,4,2,8,48,interactive,relu,2,48000,16,8000,166.7,3,0.167,0.04685268211364746,1.9163578491210937,1.8695051670074463,4.655807078132187
2,4,0,6,64,additive,relu,1,43000,16,8000,125.0,4,0.094,0.05566665840148932,3.375131103515625,3.3194644451141357,0.6354931978687729
2,4,2,8,48,interactive,relu,1,49000,16,8000,166.7,3,0.167,0.05958451080322247,3.16293896484375,3.1033544540405273,0.9657502996144395
2,4,0,6,64,additive,relu,2,43000,16,8000,125.0,4,0.094,0.053215934753418015,2.7794322509765625,2.7262163162231445,1.2363846446458826
2,4,0,6,48,additive,identity,0,60500,16,8000,166.7,2,0.125,0.054347888946533196,3.4523424072265625,3.3979945182800293,0.34343913302246476
2,4,2,8,64,interactive,relu,2,36000,16,8000,125.0,3,0.125,0.05373708152771006,1.9232422485351564,1.8695051670074463,6.431267082867582
2,4,0,6,64,additive,relu,0,44500,16,8000,125.0,3,0.094,0.05744395828247084,3.4554384765625,3.3979945182800293,0.2772998857550281
2,4,2,8,48,interactive,identity,2,48000,16,8000,166.7,2,0.167,0.05257350730895993,1.9220786743164062,1.8695051670074463,7.674561341622944
2,4,0,6,64,additive,identity,1,45500,16,8000,125.0,2,0.094,0.06288418769836435,3.3823486328125,3.3194644451141357,0.4395130503595263
2,4,2,8,96,interactive,relu,3,26000,16,8000,83.3,3,0.083,0.055558582305908155,1.2913292846679687,1.2357707023620605,8.245236720772267
2,4,0,6,48,additive,identity,1,61000,16,8000,166.7,2,0.125,0.05299917793273945,3.372463623046875,3.3194644451141357,0.8163224605919397
2,4,0,6,64,additive,identity,0,49000,16,8000,125.0,2,0.094,0.06259325027465801,3.4605877685546873,3.3979945182800293,0.22114062148081584
2,4,2,8,64,interactive,relu,3,40000,16,8000,125.0,3,0.125,0.047858936309814526,1.283629638671875,1.2357707023620605,5.396259431166818
2,4,2,8,96,interactive,identity,0,30000,16,8000,83.3,3,0.083,0.09049923706054708,3.2103150634765627,3.1198158264160156,1.1786025408361294
2,4,2,8,64,interactive,identity,3,43000,16,8000,125.0,3,0.125,0.05118156814575192,1.2869522705078125,1.2357707023620605,6.765770538019897
2,4,0,6,96,additive,relu,0,38000,16,8000,83.3,3,0.062,0.06685606765747076,3.4648505859375,3.3979945182800293,0.25966417317365204
2,4,0,6,48,additive,relu,1,71500,16,8000,166.7,3,0.125,0.04767520332336428,3.3671396484375,3.3194644451141357,0.4966205951862314
2,4,2,8,96,interactive,relu,0,34000,16,8000,83.3,3,0.083,0.07741012573242179,3.1972259521484374,3.1198158264160156,0.6695382729208623
2,4,2,8,48,interactive,relu,0,61500,16,8000,166.7,3,0.167,0.057458709716796896,3.1772745361328125,3.1198158264160156,0.630603624712371
2,4,2,8,64,interactive,relu,1,49000,16,8000,125.0,3,0.125,0.06292496490478516,3.1662794189453125,3.1033544540405273,0.9133718876791505
2,4,0,6,64,additive,identity,2,54000,16,8000,125.0,3,0.094,0.05523839569091793,2.7814547119140625,2.7262163162231445,1.6715011447210346
2,4,2,8,96,interactive,relu,2,36000,16,8000,83.3,3,0.083,0.06028023338317867,1.929785400390625,1.8695051670074463,9.164876577433036
2,4,0,6,96,additive,relu,2,42000,16,8000,83.3,4,0.062,0.05875341033935566,2.7849697265625,2.7262163162231445,1.3962123253353511
2,4,2,8,64,interactive,relu,0,52000,16,8000,125.0,3,0.125,0.06412594604492172,3.1839417724609373,3.1198158264160156,0.35660946845413477
2,4,2,8,64,interactive,identity,2,49000,16,8000,125.0,3,0.125,0.05605989646911613,1.9255650634765624,1.8695051670074463,7.930213612114503
2,4,2,8,64,interactive,identity,1,52500,16,8000,125.0,3,0.125,0.06843375396728524,3.1717882080078126,3.1033544540405273,0.8316676902317748
2,4,0,6,64,additive,identity,3,58000,16,8000,125.0,3,0.094,0.05520480728149435,3.1162642822265627,3.0610594749450684,0.8009365456309054
2,4,2,8,48,interactive,identity,3,66000,16,8000,166.7,3,0.167,0.04384672927856448,1.279617431640625,1.2357707023620605,4.047002543434092
2,4,2,8,96,interactive,identity,3,43000,16,8000,83.3,3,0.083,0.05467686843872066,1.2904475708007812,1.2357707023620605,7.042851801380528
2,4,0,6,96,additive,identity,3,50500,16,8000,83.3,3,0.062,0.06767807388305647,3.128737548828125,3.0610594749450684,0.6999195449394588
2,4,0,6,96,additive,identity,1,54000,16,8000,83.3,2,0.062,0.06583133125305185,3.3852957763671876,3.3194644451141357,0.9205167155496302
2,4,2,8,96,interactive,relu,1,49000,16,8000,83.3,4,0.083,0.07015055084228505,3.1735050048828124,3.1033544540405273,1.3803802338151019
2,4,0,6,96,additive,relu,1,54000,16,8000,83.3,4,0.062,0.05912698554992657,3.3785914306640623,3.3194644451141357,1.394234916289211
2,4,2,8,96,interactive,identity,2,48000,16,8000,83.3,3,0.083,0.06037837791442868,1.929883544921875,1.8695051670074463,9.413649304913339
2,4,0,6,96,additive,identity,2,54000,16,8000,83.3,3,0.062,0.06345726776123062,2.789673583984375,2.7262163162231445,2.100810161037823
2,4,2,8,48,interactive,identity,1,81000,16,8000,166.7,3,0.167,0.05635746002197273,3.1597119140625,3.1033544540405273,1.225215788776008
2,4,2,8,96,interactive,identity,1,54000,16,8000,83.3,3,0.083,0.07613529205322278,3.17948974609375,3.1033544540405273,1.6653939731027605
2,4,0,6,96,additive,relu,3,58000,16,8000,83.3,4,0.062,0.056870212554931854,3.1179296875,3.0610594749450684,0.6255455137120755
2,4,0,6,96,additive,identity,0,70500,16,8000,83.3,2,0.062,0.06094054031372087,3.45893505859375,3.3979945182800293,0.4885494836611085
2,8,0,10,24,additive,relu,2,44500,16,8000,333.3,3,0.417,0.07162538719177247,2.98569384765625,2.9140684604644775,0.2441971393588719
2,8,0,10,24,additive,identity,3,46000,16,8000,333.3,2,0.417,0.06642735290527346,2.8992158203125,2.8327884674072266,0.1412996924064911
2,8,2,12,24,interactive,identity,3,44000,16,8000,333.3,2,0.5,0.03960428905487057,0.8747284240722656,0.835124135017395,6.173539864925596
2,8,0,10,24,additive,relu,1,57000,16,8000,333.3,3,0.417,0.06412591934204093,3.2520355224609374,3.1879096031188965,0.2563592047098933
2,8,0,10,16,additive,relu,3,74000,16,8000,500.0,3,0.625,0.06110484313964859,2.893893310546875,2.8327884674072266,0.33905032613071656
2,8,0,10,32,additive,relu,3,46000,16,8000,250.0,3,0.312,0.07008848571777326,2.902876953125,2.8327884674072266,0.36642386709755587
2,8,0,10,16,additive,relu,2,78000,16,8000,500.0,3,0.625,0.058895650863647564,2.972964111328125,2.9140684604644775,0.2057985720985989
2,8,0,10,32,additive,identity,2,44500,16,8000,250.0,2,0.312,0.0730189418792726,2.98708740234375,2.9140684604644775,0.08730945497522297
2,8,0,10,24,additive,identity,1,63000,16,8000,333.3,2,0.417,0.06110943984985351,3.24901904296875,3.1879096031188965,0.165226400330058
2,8,2,12,24,interactive,identity,2,56500,16,8000,333.3,3,0.5,0.05951224899291985,2.0248409423828124,1.9653286933898926,0.8796465725449177
2,8,0,10,16,additive,relu,1,83500,16,8000,500.0,3,0.625,0.058651920318603334,3.2465615234375,3.1879096031188965,0.35147480398596437
2,8,2,12,24,interactive,relu,3,59000,16,8000,333.3,2,0.5,0.046945536613464345,0.8820696716308594,0.835124135017395,8.556410215332626
2,8,2,12,24,interactive,identity,0,62000,16,8000,333.3,3,0.5,0.04549503612518313,1.2185975341796875,1.1731024980545044,2.0209264151450865
2,8,0,10,16,additive,identity,1,81000,16,8000,500.0,2,0.625,0.05130682754516602,3.2392164306640625,3.1879096031188965,0.10990037794197743
2,8,0,10,16,additive,identity,2,77500,16,8000,500.0,2,0.625,0.05305531883239745,2.967123779296875,2.9140684604644775,0.045422030066035
2,8,2,12,16,interactive,identity,3,71500,16,8000,500.0,2,0.75,0.03314954662323,0.868273681640625,0.835124135017395,4.586905063841496
2,8,2,12,32,interactive,relu,3,44000,16,8000,250.0,2,0.375,0.04730482006073,0.882428955078125,0.835124135017395,10.53694655141478
2,8,2,12,16,interactive,identity,0,74000,16,8000,500.0,3,0.75,0.04211014842987071,1.215212646484375,1.1731024980545044,1.453389182179185
2,8,0,10,32,additive,relu,0,60500,16,8000,250.0,2,0.312,0.06515313529968259,3.175151123046875,3.1099979877471924,0.13521196046719963
2,8,0,10,32,additive,identity,1,58500,16,8000,250.0,2,0.312,0.06665301895141607,3.2545626220703125,3.1879096031188965,0.18960930931600403
2,8,0,10,24,additive,relu,3,74000,16,8000,333.3,3,0.417,0.05842161560058612,2.8912100830078127,2.8327884674072266,0.42234018131974443
2,8,2,12,16,interactive,identity,2,75000,16,8000,500.0,2,0.75,0.05110813522338864,2.016436828613281,1.9653286933898926,0.18959558511746794
2,8,0,10,32,additive,relu,1,63500,16,8000,250.0,3,0.312,0.06403400039672835,3.251943603515625,3.1879096031188965,0.3311617817520297
2,8,0,10,24,additive,relu,0,78500,16,8000,333.3,2,0.417,0.05845879936218257,3.168456787109375,3.1099979877471924,0.05966861451539378
2,8,2,12,32,interactive,identity,3,44000,16,8000,250.0,2,0.375,0.040219584465026825,0.8753437194824218,0.835124135017395,8.8485119788202
2,8,0,10,24,additive,identity,0,78500,16,8000,333.3,2,0.417,0.05736041069030762,3.1673583984375,3.1099979877471924,0.06931920361154022
2,8,2,12,32,interactive,identity,0,49500,16,8000,250.0,3,0.375,0.050143961906433,1.2232464599609374,1.1731024980545044,3.4819106129571415
2,8,0,10,16,additive,identity,3,85500,16,8000,500.0,2,0.625,0.050601913452148484,2.883390380859375,2.8327884674072266,0.07744789431727699
2,8,2,12,16,interactive,relu,0,84000,16,8000,500.0,3,0.75,0.06250095653533938,1.2356034545898438,1.1731024980545044,2.824285630126333
2,8,2,12,16,interactive,identity,1,85000,16,8000,500.0,2,0.75,0.052190357208251825,2.1346712646484374,2.0824809074401855,0.20367344994603806
2,8,2,12,24,interactive,relu,0,77500,16,8000,333.3,4,0.5,0.051729960441589284,1.2248324584960937,1.1731024980545044,2.669639958563051
2,8,0,10,24,additive,identity,2,83500,16,8000,333.3,2,0.417,0.054972921371459815,2.9690413818359374,2.9140684604644775,0.07326010739059684
2,8,0,10,16,additive,identity,0,101000,16,8000,500.0,2,0.625,0.04746587944030756,3.1574638671875,3.1099979877471924,0.031042974352153568
2,8,2,12,32,interactive,relu,0,62000,16,8000,250.0,3,0.375,0.05289756298065185,1.2260000610351562,1.1731024980545044,4.843814418663746
2,8,2,12,32,interactive,identity,2,56500,16,8000,250.0,3,0.375,0.06361722946166992,2.0289459228515625,1.9653286933898926,1.1785592725388907
2,8,2,12,24,interactive,relu,1,84500,16,8000,333.3,3,0.5,0.06109953689575187,2.1435804443359374,2.0824809074401855,1.2963382038121039
2,8,0,10,16,additive,relu,0,107500,16,8000,500.0,2,0.625,0.05502984428405755,3.16502783203125,3.1099979877471924,0.07440528809674005
2,8,0,10,48,additive,relu,2,44500,16,8000,166.7,3,0.208,0.07586159324646014,2.9899300537109377,2.9140684604644775,0.185913057548803
2,8,2,12,24,interactive,relu,2,87500,16,8000,333.3,3,0.5,0.05799613571167006,2.0233248291015626,1.9653286933898926,1.6851275590341428
2,8,0,10,48,additive,relu,3,44000,16,8000,166.7,3,0.208,0.07214756774902353,2.90493603515625,2.8327884674072266,0.5189228538831065
2,8,0,10,32,additive,relu,2,83500,16,8000,250.0,3,0.312,0.06105946922302241,2.9751279296875,2.9140684604644775,0.27439734649223885
2,8,0,10,32,additive,identity,3,74000,16,8000,250.0,2,0.312,0.061646469116210856,2.8944349365234374,2.8327884674072266,0.3059356259504364
2,8,0,10,32,additive,identity,0,84500,16,8000,250.0,2,0.312,0.061035581588745114,3.1710335693359375,3.1099979877471924,0.09425576182179365
2,8,2,12,24,interactive,identity,1,94000,16,8000,333.3,3,0.5,0.054020069122314496,2.1365009765625,2.0824809074401855,0.8113682761016275
2,8,2,12,16,interactive,relu,3,101000,16,8000,500.0,2,0.75,0.044425761222839366,0.8795498962402344,0.835124135017395,5.833498049672259
2,8,2,12,16,interactive,relu,2,104500,16,8000,500.0,2,0.75,0.06377219772338849,2.029100891113281,1.9653286933898926,2.0059120257890934
2,8,2,12,32,interactive,relu,2,75000,16,8000,250.0,3,0.375,0.06002329635620107,2.0253519897460937,1.9653286933898926,1.8534534217278005
2,8,2,12,48,interactive,identity,0,34000,16,8000,166.7,3,0.25,0.06161210155487051,1.234714599609375,1.1731024980545044,5.452326847695256
2,8,0,10,48,additive,relu,0,65500,16,8000,166.7,3,0.208,0.07180962944030744,3.1818076171875,3.1099979877471924,0.29633132506838644
2,8,2,12,16,interactive,relu,1,107500,16,8000,500.0,2,0.75,0.05905315017700197,2.1415340576171875,2.0824809074401855,1.5339682767207001
2,8,0,10,48,additive,identity,2,44500,16,8000,166.7,2,0.208,0.08020705223083491,2.9942755126953124,2.9140684604644775,0.2295756553139243
2,8,0,10,48,additive,identity,1,48500,16,8000,166.7,3,0.208,0.07920135879516588,3.2671109619140624,3.1879096031188965,0.316897639646996
2,8,2,12,32,interactive,relu,1,79500,16,8000,250.0,3,0.375,0.062442676544189446,2.144923583984375,2.0824809074401855,1.435922165163902
2,8,0,10,48,additive,identity,3,46000,16,8000,166.7,3,0.208,0.07726231384277327,2.91005078125,2.8327884674072266,1.0524917210553977
2,8,2,12,32,interactive,identity,1,82000,16,8000,250.0,3,0.375,0.06052568435668926,2.143006591796875,2.0824809074401855,1.1592396818211064
2,8,0,10,48,additive,identity,0,54500,16,8000,166.7,2,0.208,0.07703045463561997,3.1870284423828124,3.1099979877471924,0.26744245980374665
2,8,2,12,64,interactive,relu,0,34000,16,8000,125.0,3,0.188,0.06301401805877682,1.2361165161132812,1.1731024980545044,7.846351230795065
2,8,0,10,48,additive,relu,1,63500,16,8000,166.7,3,0.208,0.06990411758422832,3.257813720703125,3.1879096031188965,0.30628277451895886
2,8,2,12,48,interactive,relu,3,44000,16,8000,166.7,2,0.25,0.0462582502365112,0.8813823852539062,0.835124135017395,15.001573204128663
2,8,0,10,64,additive,relu,1,39000,16,8000,125.0,3,0.156,0.08251080703735347,3.27042041015625,3.1879096031188965,0.2913358788245877
2,8,2,12,48,interactive,relu,0,49500,16,8000,166.7,3,0.25,0.055885600090026966,1.2289880981445314,1.1731024980545044,6.739205759966759
2,8,2,12,64,interactive,identity,0,34000,16,8000,125.0,4,0.188,0.06704789257049559,1.240150390625,1.1731024980545044,5.30909016865286
2,8,2,12,48,interactive,identity,3,44000,16,8000,166.7,2,0.25,0.04468052196502681,0.8798046569824218,0.835124135017395,17.141390810659082
2,8,2,12,64,interactive,relu,2,39500,16,8000,125.0,3,0.188,0.07772001266479478,2.0430487060546874,1.9653286933898926,3.18267026170432
2,8,2,12,48,interactive,identity,1,49500,16,8000,166.7,3,0.25,0.07652714920043957,2.159008056640625,2.0824809074401855,1.5194851045433866
2,8,0,10,64,additive,relu,3,44000,16,8000,125.0,3,0.156,0.07787742614746085,2.9106658935546874,2.8327884674072266,0.5700436287745909
2,8,0,10,64,additive,identity,2,44500,16,8000,125.0,3,0.156,0.0853705043792723,2.99943896484375,2.9140684604644775,0.45847523535871976
2,8,0,10,96,additive,relu,3,30000,16,8000,83.3,4,0.104,0.09407481384277361,2.92686328125,2.8327884674072266,0.6184937240562299
2,8,0,10,64,additive,relu,2,46500,16,8000,125.0,3,0.156,0.08139943504333491,2.9954678955078125,2.9140684604644775,0.4641555350251161
2,8,2,12,48,interactive,relu,2,56500,16,8000,166.7,3,0.25,0.06829862594604474,2.0336273193359373,1.9653286933898926,2.378350973532176
2,8,2,12,64,interactive,relu,1,44000,16,8000,125.0,3,0.188,0.07930009841918961,2.161781005859375,2.0824809074401855,2.0215589106044853
2,8,2,12,48,interactive,relu,1,60000,16,8000,166.7,3,0.25,0.07046660232543944,2.152947509765625,2.0824809074401855,1.9232549890669182
2,8,0,10,64,additive,identity,1,48500,16,8000,125.0,2,0.156,0.08460443496704118,3.2725140380859377,3.1879096031188965,0.2872933684151241
2,8,2,12,64,interactive,relu,3,44000,16,8000,125.0,2,0.188,0.04959571361541748,0.8847198486328125,0.835124135017395,23.316787071310102
2,8,0,10,64,additive,relu,0,54500,16,8000,125.0,3,0.156,0.07966497611999523,3.1896629638671876,3.1099979877471924,0.3038419663161303
2,8,0,10,96,additive,relu,0,39500,16,8000,83.3,3,0.104,0.09458245658874498,3.2045804443359374,3.1099979877471924,0.28300102556899986
2,8,2,12,64,interactive,identity,3,44000,16,8000,125.0,2,0.188,0.048715830802917526,0.8838399658203125,0.835124135017395,19.237692837210133
2,8,2,12,96,interactive,relu,3,32500,16,8000,83.3,1,0.125,0.055242350578308064,0.8903664855957031,0.835124135017395,71.01301834720235
2,8,2,12,96,interactive,identity,0,34000,16,8000,83.3,3,0.125,0.07409983348846438,1.2472023315429688,1.1731024980545044,9.870804020289306
2,8,2,12,96,interactive,relu,0,36000,16,8000,83.3,4,0.125,0.06745719432830821,1.2405596923828126,1.1731024980545044,8.121881857326258
2,8,0,10,96,additive,relu,1,46000,16,8000,83.3,3,0.104,0.09010626602172866,3.278015869140625,3.1879096031188965,0.5057717680182463
2,8,0,10,96,additive,identity,2,44500,16,8000,83.3,3,0.104,0.09480556297302245,3.0088740234375,2.9140684604644775,0.31833104750181024
2,8,2,12,64,interactive,identity,2,56500,16,8000,125.0,3,0.188,0.07639225387573223,2.041720947265625,1.9653286933898926,2.5247244922125973
2,8,2,12,64,interactive,identity,1,58500,16,8000,125.0,3,0.188,0.08105022048950206,2.1635311279296876,2.0824809074401855,2.4716138337859426
2,8,2,12,96,interactive,relu,2,41000,16,8000,83.3,3,0.125,0.08678971481323261,2.052118408203125,1.9653286933898926,3.5808791782663203
2,8,2,12,48,interactive,identity,2,72500,16,8000,166.7,3,0.25,0.06736222457885743,2.03269091796875,1.9653286933898926,1.8107715364225252
2,8,0,10,96,additive,identity,3,46000,16,8000,83.3,3,0.104,0.09379405212402325,2.92658251953125,2.8327884674072266,1.9261890349208695
2,8,2,12,96,interactive,relu,1,44000,16,8000,83.3,4,0.125,0.08743303298950211,2.1699139404296877,2.0824809074401855,3.323139106044874
2,8,0,10,96,additive,relu,2,51000,16,8000,83.3,3,0.104,0.09058131980896,3.0046497802734375,2.9140684604644775,0.3199342025092987
2,8,2,12,96,interactive,identity,1,41500,16,8000,83.3,3,0.125,0.09611870193481442,2.178599609375,2.0824809074401855,3.814956311544982
2,8,2,12,96,interactive,identity,3,45000,16,8000,83.3,2,0.125,0.05317014598846437,0.8882942810058594,0.835124135017395,32.10028151488401
2,8,0,10,96,additive,identity,1,57000,16,8000,83.3,2,0.104,0.08734393692016607,3.2752535400390625,3.1879096031188965,0.4230704934102773
2,8,0,10,64,additive,identity,3,78500,16,8000,125.0,3,0.156,0.07177317810058614,2.9045616455078127,2.8327884674072266,1.3267181986476106
2,8,0,10,64,additive,identity,0,84500,16,8000,125.0,2,0.156,0.07047051811218275,3.180468505859375,3.1099979877471924,0.1801541814366214
2,8,2,12,96,interactive,identity,2,72500,16,8000,83.3,3,0.125,0.07816642379760763,2.0434951171875,1.9653286933898926,3.4836169187147643
2,8,0,10,96,additive,identity,0,84500,16,8000,83.3,2,0.104,0.0799336528778074,3.189931640625,3.1099979877471924,0.21128276721403325
2,16,0,18,16,additive,identity,2,81500,16,8000,500.0,2,1.125,0.14331853866577138,3.063258056640625,2.9199395179748535,0.032187419192802165
2,16,0,18,16,additive,identity,0,84500,16,8000,500.0,2,1.125,0.1517447528839111,3.1045137939453125,2.9527690410614014,0.03902277960641931
2,16,2,20,24,interactive,relu,3,66000,16,8000,333.3,2,0.833,0.06168697071075435,0.7904361267089843,0.72874915599823,5.131739664448908
2,16,0,18,24,additive,identity,0,73000,16,8000,333.3,2,0.75,0.07666894721984852,3.02943798828125,2.9527690410614014,0.06047088566790596
2,16,0,18,24,additive,relu,0,79000,16,8000,333.3,2,0.75,0.09042968940734841,3.04319873046875,2.9527690410614014,0.07888289529759905
2,16,0,18,24,additive,identity,2,72000,16,8000,333.3,2,0.75,0.07729058456420912,2.9972301025390626,2.9199395179748535,0.03339637186339687
2,16,0,18,32,additive,identity,1,55500,16,8000,250.0,2,0.562,0.09146486663818365,3.226445068359375,3.1349802017211914,0.062045100523015415
2,16,0,18,32,additive,identity,3,53500,16,8000,250.0,2,0.562,0.09020122337341308,2.947747314453125,2.857546091079712,0.10680783687241392
2,16,2,20,16,interactive,identity,0,84500,16,8000,500.0,3,1.25,0.10106752872467051,1.5093988037109376,1.408331274986267,0.8825775611436072
2,16,0,18,32,additive,relu,1,61000,16,8000,250.0,3,0.562,0.09748415374755881,3.23246435546875,3.1349802017211914,0.17035358290936597
2,16,2,20,32,interactive,relu,3,50500,16,8000,250.0,2,0.625,0.058521595954895034,0.787270751953125,0.72874915599823,8.255741226677594
2,16,0,18,32,additive,identity,2,59500,16,8000,250.0,2,0.562,0.08834991073608389,3.0082894287109374,2.9199395179748535,0.08226468835554421
2,16,0,18,16,additive,identity,3,94500,16,8000,500.0,2,1.125,0.1494982204437254,3.0070443115234373,2.857546091079712,0.04786460947239657
2,16,2,20,24,interactive,identity,0,79000,16,8000,333.3,3,0.833,0.05767110538482667,1.4660023803710938,1.408331274986267,1.4094899908229173
2,16,2,20,16,interactive,identity,3,88500,16,8000,500.0,3,1.25,0.048700489997863805,0.7774496459960938,0.72874915599823,2.3505885175628065
2,16,0,18,24,additive,relu,1,87000,16,8000,333.3,2,0.75,0.09029445648193368,3.225274658203125,3.1349802017211914,0.08107240535747831
2,16,0,18,24,additive,identity,3,82500,16,8000,333.3,2,0.75,0.07372002220153817,2.93126611328125,2.857546091079712,0.0499248566347063
2,16,0,18,24,additive,relu,3,84500,16,8000,333.3,3,0.75,0.087037893295288,2.944583984375,2.857546091079712,0.19594569442353701
2,16,2,20,16,interactive,relu,3,88500,16,8000,500.0,2,1.25,0.07886925220489505,0.807618408203125,0.72874915599823,4.3167159621496545
2,16,2,20,16,interactive,identity,2,90500,16,8000,500.0,3,1.25,0.07742753982543937,1.241634521484375,1.1642069816589355,1.0406023647404747
2,16,0,18,24,additive,identity,1,87000,16,8000,333.3,2,0.75,0.07415981292724627,3.2091400146484377,3.1349802017211914,0.031000925178922337
2,16,2,20,32,interactive,identity,0,58000,16,8000,250.0,3,0.625,0.0650248651504517,1.4733561401367188,1.408331274986267,1.4181913929265055
2,16,0,18,32,additive,identity,0,73000,16,8000,250.0,2,0.562,0.08287793159484869,3.03564697265625,2.9527690410614014,0.048074827879350295
2,16,2,20,16,interactive,identity,1,98500,16,8000,500.0,3,1.25,0.11531801700592048,1.8753414916992188,1.7600234746932983,1.1669914587683266
2,16,2,20,24,interactive,relu,2,90500,16,8000,333.3,3,0.833,0.08122862625122074,1.2454356079101563,1.1642069816589355,2.9663795919454743
2,16,2,20,24,interactive,identity,3,83000,16,8000,333.3,3,0.833,0.03908452320098876,0.7678336791992187,0.72874915599823,3.7712759065492527
2,16,0,18,16,additive,relu,2,111500,16,8000,500.0,2,1.125,0.21180083847045905,3.1317403564453126,2.9199395179748535,0.9026568685933855
2,16,0,18,24,additive,relu,2,95000,16,8000,333.3,2,0.75,0.0832876548767092,3.0032271728515627,2.9199395179748535,0.0692801311036415
2,16,0,18,32,additive,relu,2,81500,16,8000,250.0,3,0.562,0.08876177597045887,3.0087012939453124,2.9199395179748535,0.16102358554602278
2,16,2,20,24,interactive,identity,1,89500,16,8000,333.3,3,0.833,0.05983211612701411,1.8198555908203125,1.7600234746932983,2.123627872503321
2,16,2,20,32,interactive,identity,3,56000,16,8000,250.0,3,0.625,0.043025288581848176,0.7717744445800782,0.72874915599823,5.859660299755022
2,16,0,18,16,additive,identity,1,114000,16,8000,500.0,2,1.125,0.15679750823974592,3.2917777099609373,3.1349802017211914,0.04000708099622154
2,16,0,18,32,additive,relu,0,86000,16,8000,250.0,2,0.562,0.08794677925109884,3.0407158203125,2.9527690410614014,0.08134795278125803
2,16,2,20,32,interactive,identity,1,71000,16,8000,250.0,3,0.625,0.06784414005279538,1.8278676147460937,1.7600234746932983,2.811090818646216
2,16,0,18,32,additive,relu,3,82500,16,8000,250.0,3,0.562,0.08691496849060076,2.9444610595703127,2.857546091079712,0.2629169541873317
2,16,2,20,16,interactive,relu,1,111000,16,8000,500.0,1,1.25,0.16918105411529538,1.9292045288085937,1.7600234746932983,8.831897386370624
2,16,0,18,16,additive,relu,0,127500,16,8000,500.0,2,1.125,0.2399274921417236,3.192696533203125,2.9527690410614014,1.1873508748957062
2,16,2,20,16,interactive,relu,2,117500,16,8000,500.0,2,1.25,0.12281090164184572,1.2870178833007813,1.1642069816589355,3.6740130089388203
2,16,2,20,24,interactive,identity,2,102500,16,8000,333.3,3,0.833,0.05195921707153328,1.2161661987304688,1.1642069816589355,1.5424539727737165
2,16,2,20,32,interactive,relu,0,84500,16,8000,250.0,2,0.625,0.07384639835357665,1.4821776733398437,1.408331274986267,2.8477288737304622
2,16,2,20,24,interactive,relu,1,109000,16,8000,333.3,2,0.833,0.07788643741607659,1.837909912109375,1.7600234746932983,4.719539143489481
2,16,2,20,32,interactive,relu,1,91500,16,8000,250.0,2,0.625,0.07577150821685796,1.8357949829101563,1.7600234746932983,5.633821141380918
2,16,2,20,32,interactive,identity,2,81000,16,8000,250.0,3,0.625,0.056715869903564364,1.2209228515625,1.1642069816589355,2.666502852363646
2,16,2,20,32,interactive,relu,2,90500,16,8000,250.0,3,0.625,0.07121147537231454,1.23541845703125,1.1642069816589355,3.260741916770081
2,16,2,20,48,interactive,identity,1,40500,16,8000,166.7,3,0.417,0.086674096107483,1.8466975708007813,1.7600234746932983,4.348785515860367
2,16,2,20,24,interactive,relu,0,124000,16,8000,333.3,2,0.833,0.07204995059967034,1.4803812255859374,1.408331274986267,2.5017873347718815
2,16,0,18,48,additive,relu,1,61000,16,8000,166.7,3,0.375,0.10214174652099617,3.2371219482421876,3.1349802017211914,0.15850926411965022
2,16,2,20,48,interactive,relu,3,46000,16,8000,166.7,2,0.417,0.05587035083770753,0.7846195068359375,0.72874915599823,11.284931652728972
2,16,0,18,64,additive,identity,0,42000,16,8000,125.0,2,0.281,0.11935608100891093,3.0721251220703123,2.9527690410614014,0.13507278712656826
2,16,2,20,16,interactive,relu,0,135500,16,8000,500.0,1,1.25,0.15701412296295159,1.5653453979492187,1.408331274986267,8.371623704760506
2,16,2,20,48,interactive,identity,3,44500,16,8000,166.7,3,0.417,0.04903203296661374,0.7777811889648437,0.72874915599823,8.808739501713342
2,16,0,18,48,additive,identity,3,53500,16,8000,166.7,3,0.375,0.10123857688903826,2.95878466796875,2.857546091079712,0.2748709198239478
2,16,0,18,16,additive,relu,3,147000,16,8000,500.0,3,1.125,0.22902654075622575,3.0865726318359377,2.857546091079712,1.170388375296339
2,16,0,18,16,additive,relu,1,150000,16,8000,500.0,3,1.125,0.21745497894287125,3.3524351806640627,3.1349802017211914,1.4824036549346082
2,16,2,20,64,interactive,relu,3,38500,16,8000,125.0,3,0.312,0.05818678760528562,0.7869359436035156,0.72874915599823,12.045403614266563
2,16,2,20,48,interactive,relu,2,58000,16,8000,166.7,3,0.417,0.07758446121215812,1.2417914428710937,1.1642069816589355,5.420320931013616
2,16,0,18,48,additive,identity,1,63000,16,8000,166.7,2,0.375,0.10065688323974609,3.2356370849609375,3.1349802017211914,0.08680623518679581
2,16,0,18,48,additive,relu,0,73000,16,8000,166.7,3,0.375,0.09755993843078592,3.0503289794921873,2.9527690410614014,0.10052937658479563
2,16,2,20,48,interactive,identity,0,58000,16,8000,166.7,3,0.417,0.07273580265045165,1.4810670776367187,1.408331274986267,2.9241931685221916
2,16,0,18,64,additive,relu,3,53500,16,8000,125.0,4,0.281,0.1082515163421629,2.965797607421875,2.857546091079712,0.3451463336298511
2,16,0,18,48,additive,identity,2,65000,16,8000,166.7,2,0.375,0.10003667831420904,3.0199761962890626,2.9199395179748535,0.11126745173282047
2,16,0,18,64,additive,relu,1,55500,16,8000,125.0,3,0.281,0.11091579437255872,3.24589599609375,3.1349802017211914,0.16769879696701026
2,16,2,20,48,interactive,relu,1,63500,16,8000,166.7,2,0.417,0.08516195011138916,1.8451854248046875,1.7600234746932983,8.689756737336095
2,16,0,18,64,additive,identity,3,53500,16,8000,125.0,3,0.281,0.11109148216247577,2.9686375732421877,2.857546091079712,0.4581686299949077
2,16,0,18,64,additive,relu,0,56500,16,8000,125.0,3,0.281,0.10969384956359862,3.062462890625,2.9527690410614014,0.12715230985744833
2,16,2,20,64,interactive,identity,3,44500,16,8000,125.0,3,0.312,0.05288475513458257,0.7816339111328126,0.72874915599823,11.309415818834077
2,16,2,20,48,interactive,identity,2,62000,16,8000,166.7,3,0.417,0.06700224685668954,1.231209228515625,1.1642069816589355,5.085580477046909
2,16,0,18,48,additive,relu,2,72500,16,8000,166.7,3,0.375,0.09899517440795913,3.0189346923828126,2.9199395179748535,0.1600727815048152
2,16,0,18,96,additive,relu,1,42000,16,8000,83.3,3,0.188,0.13027455902099616,3.2652547607421876,3.1349802017211914,0.2403729957910874
2,16,2,20,96,interactive,relu,3,28000,16,8000,83.3,3,0.208,0.062345021247863786,0.7910941772460938,0.72874915599823,18.287721085077923
2,16,0,18,48,additive,identity,0,73000,16,8000,166.7,2,0.375,0.09537866401672357,3.048147705078125,2.9527690410614014,0.09459067959374381
2,16,0,18,96,additive,identity,0,42000,16,8000,83.3,2,0.188,0.13519091987609855,3.0879599609375,2.9527690410614014,0.18540396336312404
2,16,2,20,96,interactive,relu,2,34000,16,8000,83.3,3,0.208,0.09021623611450202,1.2544232177734376,1.1642069816589355,9.606556492086716
2,16,2,20,64,interactive,relu,2,52500,16,8000,125.0,3,0.312,0.08135289382934574,1.2455598754882813,1.1642069816589355,6.975084580646463
2,16,2,20,64,interactive,relu,1,54500,16,8000,125.0,2,0.312,0.09108461856842043,1.8511080932617188,1.7600234746932983,10.97739063079984
2,16,0,18,64,additive,relu,2,62500,16,8000,125.0,4,0.281,0.1072943687438963,3.02723388671875,2.9199395179748535,0.17249356678673955
2,16,2,20,48,interactive,relu,0,72500,16,8000,166.7,2,0.417,0.07790810489654532,1.4862393798828124,1.408331274986267,5.231173235866032
2,16,2,20,96,interactive,relu,0,37000,16,8000,83.3,2,0.208,0.09566921329498301,1.50400048828125,1.408331274986267,8.741207951304734
2,16,0,18,48,additive,relu,3,78500,16,8000,166.7,4,0.375,0.0944595241546633,2.952005615234375,2.857546091079712,0.32881037975592825
2,16,2,20,64,interactive,relu,0,58000,16,8000,125.0,2,0.312,0.0827384271621705,1.4910697021484376,1.408331274986267,5.994294507111773
2,16,2,20,64,interactive,identity,1,56500,16,8000,125.0,2,0.312,0.08907656192779534,1.8491000366210937,1.7600234746932983,8.886508875967547
2,16,2,20,64,interactive,identity,0,58000,16,8000,125.0,2,0.312,0.08191909122467034,1.4902503662109374,1.408331274986267,4.332543847207997
2,16,0,18,96,additive,relu,3,49000,16,8000,83.3,4,0.188,0.1234834499359132,2.981029541015625,2.857546091079712,0.4177488956646977
2,16,2,20,96,interactive,identity,1,34500,16,8000,83.3,2,0.208,0.11298226261138922,1.8730057373046876,1.7600234746932983,14.757753637533085
2,16,0,18,96,additive,relu,0,53500,16,8000,83.3,3,0.188,0.12571313667297357,3.078482177734375,2.9527690410614014,0.208409752829645
2,16,0,18,96,additive,relu,2,52500,16,8000,83.3,4,0.188,0.12679790878295893,3.0467374267578125,2.9199395179748535,0.25215999651013793
2,16,0,18,64,additive,identity,1,76500,16,8000,125.0,3,0.281,0.10511305999755871,3.24009326171875,3.1349802017211914,0.19161076987429312
2,16,2,20,96,interactive,relu,1,49000,16,8000,83.3,2,0.208,0.10197097110748299,1.8619944458007813,1.7600234746932983,15.698123923606294
2,16,0,18,96,additive,identity,3,52000,16,8000,83.3,3,0.188,0.1268948268890382,2.98444091796875,2.857546091079712,0.639618248129822
2,16,0,18,64,additive,identity,2,81500,16,8000,125.0,2,0.281,0.10279705429077168,3.022736572265625,2.9199395179748535,0.1441706933359043
2,16,2,20,64,interactive,identity,2,73000,16,8000,125.0,3,0.312,0.07174577713012686,1.2359527587890624,1.1642069816589355,5.4804080505863055
4,1,0,5,24,additive,identity,1,33500,16,8000,333.3,4,0.208,0.041874578475951996,3.36492626953125,3.323051691055298,1.1361432058028071
4,1,0,5,16,additive,relu,1,54500,16,8000,500.0,5,0.312,0.027664129257201964,3.3507158203125,3.323051691055298,0.15652153336252128
4,1,0,5,32,additive,relu,1,33500,16,8000,250.0,5,0.156,0.03317108726501461,3.3562227783203125,3.323051691055298,0.4082565491484106
2,16,2,20,96,interactive,identity,0,60500,16,8000,83.3,3,0.208,0.09100728702545169,1.4993385620117188,1.408331274986267,6.593606243838937
2,16,2,20,96,interactive,identity,3,56000,16,8000,83.3,3,0.208,0.05492485523223878,0.7836740112304688,0.72874915599823,18.510125995750297
4,1,0,5,16,additive,relu,3,59000,16,8000,500.0,5,0.312,0.028539424896240284,3.0964815673828125,3.0679421424865723,0.4612917654820232
4,1,0,5,24,additive,relu,0,50000,16,8000,333.3,5,0.208,0.028894559860229485,3.3795732421875,3.3506786823272705,0.2459744571698565
4,1,0,5,32,additive,identity,1,33500,16,8000,250.0,4,0.156,0.04214520835876456,3.3651968994140624,3.323051691055298,0.571848415924709
4,1,0,5,16,additive,relu,2,63000,16,8000,500.0,5,0.312,0.027077091217040827,3.1867579345703123,3.1596808433532715,0.3342660203644875
4,1,0,5,16,additive,identity,3,59000,16,8000,500.0,3,0.312,0.033320430755615416,3.1012625732421877,3.0679421424865723,0.25789197177096895
4,1,0,5,16,additive,identity,1,64000,16,8000,500.0,4,0.312,0.030800603866577347,3.353852294921875,3.323051691055298,0.17631832937936615
4,1,0,5,16,additive,identity,2,64500,16,8000,500.0,4,0.312,0.0309199867248533,3.190600830078125,3.1596808433532715,0.3902600991860769
4,1,0,5,16,additive,identity,0,68500,16,8000,500.0,4,0.312,0.0309780559539794,3.38165673828125,3.3506786823272705,0.5389970268690973
4,1,0,5,32,additive,relu,3,42000,16,8000,250.0,5,0.156,0.031095088958740025,3.0990372314453123,3.0679421424865723,0.5934064191644619
4,1,0,5,32,additive,relu,2,43500,16,8000,250.0,5,0.156,0.029687320709228526,3.1893681640625,3.1596808433532715,1.0576253701503475
2,16,0,18,96,additive,identity,2,81500,16,8000,83.3,3,0.188,0.11366656112670892,3.0336060791015624,2.9199395179748535,0.21549975269822996
4,1,0,5,24,additive,relu,3,56000,16,8000,333.3,5,0.208,0.02854381942749029,3.0964859619140626,3.0679421424865723,0.8611035808304396
2,16,0,18,96,additive,identity,1,87000,16,8000,83.3,3,0.188,0.11122097015380872,3.246201171875,3.1349802017211914,0.28523046033467736
4,1,1,6,24,interactive,relu,2,52500,16,8000,333.3,5,0.25,0.029317819595336747,2.93205615234375,2.902738332748413,1.2086117849782525
4,1,0,5,24,additive,identity,0,59000,16,8000,333.3,4,0.208,0.034844755172729336,3.3855234375,3.3506786823272705,0.4222492763926467
4,1,0,5,24,additive,relu,1,61000,16,8000,333.3,6,0.208,0.02776996421813971,3.3508216552734376,3.323051691055298,0.35584978970950387
4,1,0,5,32,additive,identity,2,44500,16,8000,250.0,4,0.156,0.039082462310791044,3.1987633056640625,3.1596808433532715,0.5234235710979822
2,16,2,20,96,interactive,identity,2,73000,16,8000,83.3,3,0.208,0.07818535232543944,1.242392333984375,1.1642069816589355,9.343872263170837
4,1,1,6,16,interactive,identity,3,62500,16,8000,500.0,4,0.375,0.036473247528076236,3.0844664306640626,3.0479931831359863,0.19337702116122263
4,1,0,5,32,additive,relu,0,50500,16,8000,250.0,5,0.156,0.029910795211792074,3.3805894775390626,3.3506786823272705,0.40789987377379927
4,1,1,6,24,interactive,identity,0,55000,16,8000,333.3,5,0.25,0.03738447761535646,2.711953369140625,2.6745688915252686,1.6189577889163562
4,1,1,6,24,interactive,relu,3,56000,16,8000,333.3,5,0.25,0.033293926239013505,3.081287109375,3.0479931831359863,0.4578317964732344
4,1,1,6,16,interactive,identity,2,64500,16,8000,500.0,3,0.375,0.031831491470336815,2.93456982421875,2.902738332748413,0.6084158587152787
4,1,0,5,24,additive,identity,3,59500,16,8000,333.3,4,0.208,0.03391650009155267,3.101858642578125,3.0679421424865723,0.24608848960661603
4,1,1,6,24,interactive,relu,0,58000,16,8000,333.3,5,0.25,0.031471025466919045,2.7060399169921876,2.6745688915252686,1.8887740448015453
4,1,0,5,16,additive,relu,0,80000,16,8000,500.0,5,0.312,0.025164335250854375,3.375843017578125,3.3506786823272705,0.732061628558064
4,1,1,6,16,interactive,identity,0,68000,16,8000,500.0,5,0.375,0.03330195808410652,2.707870849609375,2.6745688915252686,1.385396320005531
4,1,0,5,32,additive,identity,0,53500,16,8000,250.0,4,0.156,0.036273344039917,3.3869520263671875,3.3506786823272705,0.3323167449263868
4,1,1,6,16,interactive,identity,1,67500,16,8000,500.0,4,0.375,0.0319469795227052,3.392500244140625,3.36055326461792,0.3332280039225485
4,1,1,6,16,interactive,relu,1,72000,16,8000,500.0,4,0.375,0.029542316436767635,3.3900955810546876,3.36055326461792,0.4898706059305628
4,1,1,6,16,interactive,relu,3,72500,16,8000,500.0,5,0.375,0.03263303756713887,3.080626220703125,3.0479931831359863,0.5479967419575843
4,1,0,5,24,additive,relu,2,69500,16,8000,333.3,4,0.208,0.026420963287353327,3.186101806640625,3.1596808433532715,1.1491209529360902
4,1,0,5,24,additive,identity,2,67500,16,8000,333.3,4,0.208,0.03182806777954106,3.1915089111328125,3.1596808433532715,0.3584469576506737
4,1,1,6,32,interactive,relu,0,46500,16,8000,250.0,5,0.188,0.032287431716918835,2.7068563232421874,2.6745688915252686,2.88140644605806
4,1,1,6,24,interactive,relu,1,66000,16,8000,333.3,5,0.25,0.027777790069579922,3.3883310546875,3.36055326461792,0.522186966081669
4,1,1,6,24,interactive,identity,3,66500,16,8000,333.3,4,0.25,0.03801292037963888,3.086006103515625,3.0479931831359863,0.7168622992819558
4,1,0,5,32,additive,identity,3,60000,16,8000,250.0,4,0.156,0.03597436141967769,3.10391650390625,3.0679421424865723,0.4978062397519977
4,1,0,5,48,additive,relu,2,28000,16,8000,166.7,5,0.104,0.035761417388915806,3.1954422607421873,3.1596808433532715,1.390963038758927
4,1,1,6,16,interactive,relu,0,82500,16,8000,500.0,5,0.375,0.03196528816223143,2.7065341796875,2.6745688915252686,1.8346664751654207
4,1,1,6,32,interactive,relu,3,50500,16,8000,250.0,6,0.188,0.033741436004638636,3.081734619140625,3.0479931831359863,0.4107432476964594
4,1,1,6,32,interactive,relu,2,54500,16,8000,250.0,5,0.188,0.029331369400024343,2.9320697021484374,2.902738332748413,1.617613693843937
4,1,1,6,16,interactive,relu,2,82000,16,8000,500.0,3,0.375,0.027563791275024396,2.9303021240234375,2.902738332748413,1.0362861636869514
4,1,1,6,24,interactive,identity,1,73500,16,8000,333.3,4,0.25,0.03294234085083003,3.39349560546875,3.36055326461792,0.841476396560555
4,1,0,5,48,additive,relu,1,33500,16,8000,166.7,6,0.104,0.03523358726501469,3.3582852783203125,3.323051691055298,0.5897625170676322
4,1,1,6,24,interactive,identity,2,74500,16,8000,333.3,4,0.25,0.031228708267212024,2.933967041015625,2.902738332748413,1.14493505108451
4,1,1,6,32,interactive,identity,3,40500,16,8000,250.0,4,0.188,0.047302471160888704,3.095295654296875,3.0479931831359863,0.36390522526738467
4,1,0,5,48,additive,identity,1,33500,16,8000,166.7,4,0.104,0.04515118980407706,3.368202880859375,3.323051691055298,0.8305106210231348
4,1,1,6,48,interactive,identity,3,30000,16,8000,166.7,5,0.125,0.056538311004638686,3.104531494140625,3.0479931831359863,0.7323777198068965
4,1,1,6,48,interactive,relu,2,34500,16,8000,166.7,5,0.125,0.034234445571899474,2.9369727783203126,2.902738332748413,2.913298333534359
4,1,0,5,48,additive,relu,3,42000,16,8000,166.7,6,0.104,0.03222936630249018,3.1001715087890624,3.0679421424865723,0.4906513903813453
4,1,1,6,32,interactive,identity,2,54500,16,8000,250.0,4,0.188,0.03688837623596175,2.939626708984375,2.902738332748413,1.0708489574805045
4,1,1,6,32,interactive,identity,0,65000,16,8000,250.0,5,0.188,0.03773970222473144,2.71230859375,2.6745688915252686,1.9198179649543499
4,1,1,6,48,interactive,relu,3,35500,16,8000,166.7,6,0.125,0.03748960494995135,3.0854827880859377,3.0479931831359863,0.5699489587664418
4,1,0,5,64,additive,relu,0,33000,16,8000,125.0,6,0.078,0.0367611370086669,3.3874398193359374,3.3506786823272705,0.7191986504255744
4,1,0,5,64,additive,relu,1,33500,16,8000,125.0,6,0.078,0.037419500350952095,3.36047119140625,3.323051691055298,0.7052850453308359
4,1,1,6,32,interactive,relu,1,72000,16,8000,250.0,5,0.188,0.02872554397583027,3.38927880859375,3.36055326461792,0.7093020626143374
4,1,0,5,64,additive,identity,1,33500,16,8000,125.0,4,0.078,0.04830524253845203,3.37135693359375,3.323051691055298,1.0782359143051325
4,1,0,5,48,additive,relu,0,49000,16,8000,166.7,5,0.104,0.03133767509460439,3.382016357421875,3.3506786823272705,0.7782218189102682
4,1,0,5,64,additive,identity,3,33500,16,8000,125.0,4,0.078,0.04998522567749042,3.1179273681640627,3.0679421424865723,0.8321385250700519
4,1,1,6,48,interactive,relu,0,44000,16,8000,166.7,6,0.125,0.03380854988098125,2.70837744140625,2.6745688915252686,3.010985318351842
4,1,0,5,64,additive,relu,3,36000,16,8000,125.0,7,0.078,0.03653185653686508,3.1044739990234373,3.0679421424865723,1.4801491044062272
4,1,1,6,64,interactive,relu,3,35500,16,8000,125.0,7,0.094,0.039503887176513874,3.0874970703125,3.0479931831359863,1.29529401546177
4,1,1,6,48,interactive,relu,1,46000,16,8000,166.7,6,0.125,0.034090534210204915,3.394643798828125,3.36055326461792,0.9181219267458093
4,1,0,5,64,additive,relu,2,37500,16,8000,125.0,7,0.078,0.034124698638915874,3.1938055419921874,3.1596808433532715,1.273444683412499
4,1,1,6,32,interactive,identity,1,67500,16,8000,250.0,4,0.188,0.035868610382080224,3.396421875,3.36055326461792,0.8038347567254771
4,1,1,6,64,interactive,relu,2,36000,16,8000,125.0,5,0.094,0.035865304946899546,2.9386036376953126,2.902738332748413,2.615747875824868
4,1,1,6,48,interactive,identity,2,43500,16,8000,166.7,4,0.125,0.04357721900939948,2.9463155517578126,2.902738332748413,1.0488787594043905
4,1,0,5,64,additive,identity,0,40000,16,8000,125.0,4,0.078,0.04795632743835432,3.398635009765625,3.3506786823272705,1.404419729762697
4,1,1,6,64,interactive,identity,2,37000,16,8000,125.0,4,0.094,0.049667673110961985,2.952406005859375,2.902738332748413,2.30377528343078
4,1,0,5,48,additive,identity,0,53500,16,8000,166.7,4,0.104,0.040264432907104464,3.390943115234375,3.3506786823272705,0.5817587020920328
4,1,1,6,64,interactive,relu,0,41500,16,8000,125.0,6,0.094,0.036122636795044016,2.7106915283203126,2.6745688915252686,3.681521906268173
4,1,0,5,96,additive,relu,3,33500,16,8000,83.3,7,0.052,0.037930171966552795,3.105872314453125,3.0679421424865723,0.824647727351269
4,1,0,5,96,additive,identity,1,33500,16,8000,83.3,4,0.052,0.056126287460326996,3.379177978515625,3.323051691055298,0.911643370145252
4,1,1,6,96,interactive,relu,2,29500,16,8000,83.3,6,0.062,0.04091413307189962,2.9436524658203127,2.902738332748413,2.347990247627249
4,1,1,6,64,interactive,relu,1,46000,16,8000,125.0,6,0.094,0.0354397773742674,3.3959930419921873,3.36055326461792,1.8699743446262425
4,1,0,5,48,additive,identity,2,59500,16,8000,166.7,4,0.104,0.03867999649047871,3.19836083984375,3.1596808433532715,0.8554976429166868
4,1,0,5,96,additive,identity,3,33500,16,8000,83.3,5,0.052,0.05531225204467782,3.12325439453125,3.0679421424865723,1.1590703628703471
4,1,1,6,96,interactive,relu,0,34000,16,8000,83.3,6,0.062,0.04072432136535653,2.715293212890625,2.6745688915252686,4.447286676972396
4,1,1,6,96,interactive,identity,0,33000,16,8000,83.3,5,0.062,0.06104487800598157,2.73561376953125,2.6745688915252686,6.91713371200066
4,1,0,5,48,additive,identity,3,62500,16,8000,166.7,4,0.104,0.038744747161865156,3.1066868896484374,3.0679421424865723,1.0748219127247804
4,1,1,6,96,interactive,relu,3,35500,16,8000,83.3,7,0.062,0.04278599166870123,3.0907791748046876,3.0479931831359863,0.7709443551235705
4,1,1,6,64,interactive,identity,3,50500,16,8000,125.0,5,0.094,0.05090720748901356,3.098900390625,3.0479931831359863,1.0365938674586936
4,1,0,5,96,additive,relu,1,44000,16,8000,83.3,6,0.052,0.03700238609313944,3.3600540771484373,3.323051691055298,0.9188976244866844
4,1,0,5,96,additive,relu,2,43500,16,8000,83.3,6,0.052,0.035390323638916144,3.1950711669921876,3.1596808433532715,2.106574676529536
4,1,1,6,48,interactive,identity,0,65000,16,8000,166.7,5,0.125,0.04068330574035661,2.715252197265625,2.6745688915252686,3.5091024081419615
4,1,1,6,48,interactive,identity,1,63500,16,8000,166.7,4,0.125,0.04001424026489264,3.4005675048828126,3.36055326461792,1.3218504266627427
4,1,0,5,96,additive,identity,2,44500,16,8000,83.3,4,0.052,0.051227115631103715,3.210907958984375,3.1596808433532715,2.58472132923018
4,1,1,6,96,interactive,identity,1,42500,16,8000,83.3,4,0.062,0.05433516311645503,3.414888427734375,3.36055326461792,1.8546071145321863
4,1,0,5,96,additive,relu,0,50000,16,8000,83.3,5,0.052,0.03665688896179198,3.3873355712890625,3.3506786823272705,1.3642832921173633
4,1,0,5,64,additive,identity,2,64500,16,8000,125.0,5,0.078,0.040567325592041126,3.2002481689453126,3.1596808433532715,2.2661187867289114
4,1,1,6,64,interactive,identity,0,61500,16,8000,125.0,6,0.094,0.04425447273254379,2.7188233642578123,2.6745688915252686,3.8655853486141845
4,1,1,6,96,interactive,relu,1,46000,16,8000,83.3,6,0.062,0.038301105499267685,3.3988543701171876,3.36055326461792,1.195839079001174
4,1,1,6,64,interactive,identity,1,67500,16,8000,125.0,4,0.094,0.042021930694580156,3.4025751953125,3.36055326461792,2.0757276990043034
4,2,0,6,16,additive,relu,0,52500,16,8000,500.0,4,0.375,0.04045023536682146,3.21553125,3.1750810146331787,0.23227890570297052
4,1,1,6,96,interactive,identity,3,48500,16,8000,83.3,5,0.062,0.05709202194213869,3.105085205078125,3.0479931831359863,0.9181209611689263
4,1,0,5,96,additive,identity,0,64500,16,8000,83.3,4,0.052,0.04812356376647964,3.39880224609375,3.3506786823272705,1.227315121113761
4,1,1,6,96,interactive,identity,2,58500,16,8000,83.3,4,0.062,0.048988473892211726,2.951726806640625,2.902738332748413,4.620973925840771
4,2,0,6,24,additive,relu,2,47500,16,8000,333.3,5,0.25,0.040943086624145586,3.114397705078125,3.0734546184539795,0.38014422631400185
4,2,0,6,16,additive,relu,3,58500,16,8000,500.0,5,0.375,0.042180234909057646,3.0207237548828125,2.978543519973755,0.5309413912095049
4,2,0,6,24,additive,relu,0,52500,16,8000,333.3,5,0.25,0.039165689468383835,3.2142467041015625,3.1750810146331787,0.4235168722598929
4,2,0,6,16,additive,identity,3,61000,16,8000,500.0,3,0.375,0.04135894584655775,3.0199024658203126,2.978543519973755,0.11750815971260527
4,2,2,8,24,interactive,relu,3,45000,16,8000,333.3,6,0.333,0.05085026550292948,2.246179931640625,2.1953296661376953,1.012169948723003
4,2,2,8,24,interactive,relu,0,52500,16,8000,333.3,5,0.333,0.04770068931579585,2.52221875,2.474518060684204,1.0179352966842385
4,2,0,6,16,additive,relu,2,68500,16,8000,500.0,5,0.375,0.03754049873352061,3.1109951171875,3.0734546184539795,0.28534185545211727
4,2,2,8,24,interactive,identity,3,45000,16,8000,333.3,5,0.333,0.051476242065429556,2.246805908203125,2.1953296661376953,0.907395664626441
4,2,2,8,16,interactive,identity,2,62000,16,8000,500.0,4,0.5,0.04587841033935547,2.9483184814453125,2.902440071105957,0.4621540182711494
4,2,0,6,16,additive,identity,2,66000,16,8000,500.0,4,0.375,0.03796249580383293,3.1114171142578124,3.0734546184539795,0.08289125128811041
4,2,0,6,24,additive,identity,3,56500,16,8000,333.3,4,0.25,0.044162534713745316,3.0227060546875,2.978543519973755,0.4398401778322973
4,2,0,6,24,additive,identity,1,60500,16,8000,333.3,4,0.25,0.0421989440917967,3.363507080078125,3.321308135986328,0.14474687803931796
4,2,0,6,24,additive,relu,1,60500,16,8000,333.3,5,0.25,0.03581979370117194,3.3571279296875,3.321308135986328,0.19095857409656378
4,2,2,8,24,interactive,identity,0,51500,16,8000,333.3,4,0.333,0.048597539901733544,2.5231156005859376,2.474518060684204,0.32827443172595266
4,2,2,8,16,interactive,identity,3,62000,16,8000,500.0,4,0.5,0.04400553894042947,2.239335205078125,2.1953296661376953,0.20900419195783448
4,2,0,6,24,additive,relu,3,61500,16,8000,333.3,6,0.25,0.03729144096374526,3.0158349609375,2.978543519973755,0.5098301456388636
4,2,0,6,16,additive,identity,0,70500,16,8000,500.0,4,0.375,0.03772208595275872,3.2128031005859374,3.1750810146331787,0.13446147281950216
4,2,2,8,24,interactive,identity,1,52000,16,8000,333.3,4,0.333,0.04546735000610358,2.27579638671875,2.2303290367126465,1.537976079407981
4,2,0,6,16,additive,identity,1,74500,16,8000,500.0,4,0.375,0.03702523803710944,3.3583333740234376,3.321308135986328,0.10830216335917857
4,2,0,6,32,additive,identity,3,45000,16,8000,250.0,5,0.188,0.05118011283874502,3.0297236328125,2.978543519973755,0.22558241622750025
4,2,2,8,24,interactive,relu,1,58500,16,8000,333.3,3,0.333,0.042263980865478334,2.272593017578125,2.2303290367126465,2.508235759673824
4,2,0,6,24,additive,identity,2,66500,16,8000,333.3,4,0.25,0.04186618232727035,3.11532080078125,3.0734546184539795,0.15491081168083115
4,2,0,6,16,additive,relu,1,82500,16,8000,500.0,4,0.375,0.035351043701171925,3.3566591796875,3.321308135986328,0.14812673265030943
4,2,2,8,16,interactive,identity,1,73000,16,8000,500.0,4,0.5,0.03859357070922842,2.268922607421875,2.2303290367126465,1.134677549980846
4,2,2,8,16,interactive,relu,2,74000,16,8000,500.0,3,0.5,0.052247062683105305,2.9546871337890623,2.902440071105957,0.6135034168122661
4,2,2,8,24,interactive,relu,2,62000,16,8000,333.3,4,0.333,0.04432250213623057,2.9467625732421876,2.902440071105957,0.5961457076478036
4,2,2,8,16,interactive,identity,0,75000,16,8000,500.0,4,0.5,0.041263921737670906,2.515781982421875,2.474518060684204,0.3763363836311587
4,2,2,8,24,interactive,identity,2,62000,16,8000,333.3,4,0.333,0.04687755584716813,2.949317626953125,2.902440071105957,0.45471440266528745
4,2,0,6,32,additive,relu,0,57000,16,8000,250.0,6,0.188,0.038708169937133885,3.2137891845703126,3.1750810146331787,0.28016267671161416
4,2,2,8,32,interactive,relu,0,51500,16,8000,250.0,5,0.25,0.0451667537689211,2.519684814453125,2.474518060684204,1.303395490041972
4,2,0,6,32,additive,relu,2,56500,16,8000,250.0,6,0.188,0.03821762275695795,3.1116722412109374,3.0734546184539795,0.36790809521188156
4,2,0,6,24,additive,identity,0,79000,16,8000,333.3,4,0.25,0.03828446388244622,3.213365478515625,3.1750810146331787,0.19788913405594274
4,2,0,6,32,additive,relu,3,58500,16,8000,250.0,6,0.188,0.03918865776061997,3.017732177734375,2.978543519973755,0.5433526717913266
4,2,0,6,32,additive,relu,1,62500,16,8000,250.0,5,0.188,0.03836373901367196,3.359671875,3.321308135986328,0.456445414147671
4,2,0,6,48,additive,relu,1,36000,16,8000,166.7,6,0.125,0.047793304443359386,3.3691014404296875,3.321308135986328,0.5379072445537837
4,2,0,6,32,additive,identity,1,60500,16,8000,250.0,4,0.188,0.04332919311523442,3.3646373291015625,3.321308135986328,0.24726799886037973
4,2,0,6,32,additive,identity,2,60000,16,8000,250.0,4,0.188,0.04458749580383303,3.1180421142578125,3.0734546184539795,0.4859695176895388
4,2,2,8,16,interactive,relu,3,82000,16,8000,500.0,5,0.5,0.04636955261230469,2.24169921875,2.1953296661376953,0.8899618432402058
4,2,2,8,32,interactive,identity,1,51500,16,8000,250.0,4,0.25,0.04834845352172845,2.278677490234375,2.2303290367126465,2.0937850618222975
4,2,2,8,32,interactive,identity,3,45000,16,8000,250.0,5,0.25,0.05425444030761728,2.2495841064453126,2.1953296661376953,0.7961767267174685
4,2,0,6,48,additive,relu,3,34000,16,8000,166.7,6,0.125,0.047932310104370046,3.026475830078125,2.978543519973755,0.39808881932506884
4,2,2,8,32,interactive,relu,1,59500,16,8000,250.0,3,0.25,0.04183954238891596,2.2721685791015624,2.2303290367126465,4.472933615496925
4,2,2,8,16,interactive,relu,0,91000,16,8000,500.0,4,0.5,0.04626367759704575,2.52078173828125,2.474518060684204,1.0045967831989084
4,2,2,8,32,interactive,identity,2,54000,16,8000,250.0,4,0.25,0.05214769744873049,2.9545877685546875,2.902440071105957,0.5732409125523611
4,2,2,8,32,interactive,identity,0,58500,16,8000,250.0,5,0.25,0.04927246665954588,2.52379052734375,2.474518060684204,1.2058569150405316
4,2,2,8,16,interactive,relu,1,88500,16,8000,500.0,3,0.5,0.0410387611389158,2.2713677978515623,2.2303290367126465,2.0706306333351634
4,2,0,6,48,additive,relu,0,52500,16,8000,166.7,6,0.125,0.04172745704650893,3.2168084716796876,3.1750810146331787,0.41235888292316136
4,2,0,6,48,additive,relu,2,47500,16,8000,166.7,6,0.125,0.043723115921020295,3.117177734375,3.0734546184539795,0.3281090042919272
4,2,0,6,32,additive,identity,0,76500,16,8000,250.0,4,0.188,0.04032254981994621,3.215403564453125,3.1750810146331787,0.3229865718697341
4,2,2,8,32,interactive,relu,2,70000,16,8000,250.0,4,0.25,0.042884513854980266,2.9453245849609373,2.902440071105957,0.4571432618368095
4,2,2,8,48,interactive,relu,3,38000,16,8000,166.7,6,0.167,0.051326705932617234,2.2466563720703125,2.1953296661376953,1.5626933432725487
4,2,0,6,64,additive,relu,3,34000,16,8000,125.0,6,0.094,0.049665708541870135,3.028209228515625,2.978543519973755,0.4207617950761442
4,2,2,8,32,interactive,relu,3,70000,16,8000,250.0,5,0.25,0.04463993835449198,2.2399696044921873,2.1953296661376953,1.594170767849596
4,2,0,6,48,additive,identity,1,48000,16,8000,166.7,4,0.125,0.053830780029296754,3.375138916015625,3.321308135986328,0.39875280187459067
4,2,0,6,64,additive,relu,1,36500,16,8000,125.0,5,0.094,0.05024740600585931,3.3715555419921874,3.321308135986328,0.3663159170308504
4,2,2,8,48,interactive,relu,2,40500,16,8000,166.7,4,0.167,0.051467521667480476,2.9539075927734375,2.902440071105957,0.5582141260449506
4,2,2,8,48,interactive,relu,1,41500,16,8000,166.7,3,0.167,0.046860538482666136,2.2771895751953126,2.2303290367126465,6.413940660528766
4,2,2,8,48,interactive,identity,3,45000,16,8000,166.7,5,0.167,0.057517623901367276,2.2528472900390626,2.1953296661376953,1.5849472207867548
4,2,0,6,64,additive,relu,2,43000,16,8000,125.0,6,0.094,0.04855502510070808,3.1220096435546876,3.0734546184539795,0.6257251457571137
4,2,2,8,64,interactive,relu,0,39500,16,8000,125.0,5,0.125,0.05149194908142096,2.526010009765625,2.474518060684204,1.7788372924819011
4,2,2,8,48,interactive,identity,1,49000,16,8000,166.7,4,0.167,0.05314410781860346,2.28347314453125,2.2303290367126465,3.0613905048982444
4,2,2,8,64,interactive,relu,3,38000,16,8000,125.0,7,0.125,0.05285453796386719,2.2481842041015625,2.1953296661376953,2.0107771694254706
4,2,2,8,48,interactive,relu,0,52500,16,8000,166.7,5,0.167,0.046940679550171005,2.521458740234375,2.474518060684204,1.6794478707195355
4,2,2,8,64,interactive,relu,2,40500,16,8000,125.0,5,0.125,0.05447765350341793,2.956917724609375,2.902440071105957,1.1239530523756627
4,2,0,6,48,additive,identity,2,59500,16,8000,166.7,4,0.125,0.049773408889770554,3.12322802734375,3.0734546184539795,1.1373977636987924
4,2,2,8,96,interactive,relu,0,30500,16,8000,83.3,6,0.083,0.05976404380798339,2.5342821044921875,2.474518060684204,2.428282687894799
4,2,2,8,48,interactive,identity,2,54000,16,8000,166.7,3,0.167,0.058123771667480284,2.9605638427734373,2.902440071105957,0.8752469207350106
4,2,2,8,64,interactive,relu,1,44500,16,8000,125.0,4,0.125,0.04799847793579115,2.2783275146484376,2.2303290367126465,4.973175475447879
4,2,0,6,96,additive,relu,3,34000,16,8000,83.3,7,0.062,0.05422161674499515,3.03276513671875,2.978543519973755,0.5020325982816974
4,2,0,6,64,additive,relu,0,52500,16,8000,125.0,6,0.094,0.04513651466369639,3.220217529296875,3.1750810146331787,0.38750091899538747
4,2,0,6,96,additive,relu,1,36000,16,8000,83.3,6,0.062,0.05513082885742193,3.37643896484375,3.321308135986328,0.5363082087140948
4,2,2,8,48,interactive,identity,0,58500,16,8000,166.7,4,0.167,0.054373296737670884,2.528891357421875,2.474518060684204,1.5572909037681257
4,2,2,8,64,interactive,identity,3,45000,16,8000,125.0,6,0.125,0.0638910369873047,2.259220703125,2.1953296661376953,1.6185609471830542
4,2,0,6,48,additive,identity,3,64500,16,8000,166.7,5,0.125,0.048536314010620085,3.027079833984375,2.978543519973755,0.3901610177452587
4,2,2,8,96,interactive,relu,3,34000,16,8000,83.3,8,0.083,0.059464645385742365,2.2547943115234377,2.1953296661376953,2.55671768753306
4,2,2,8,64,interactive,identity,1,51500,16,8000,125.0,3,0.125,0.056147403717040856,2.2864764404296873,2.2303290367126465,6.160587214855465
4,2,0,6,96,additive,identity,2,40000,16,8000,83.3,4,0.062,0.0652738971710205,3.138728515625,3.0734546184539795,0.6025830481258978
4,2,0,6,96,additive,relu,2,40000,16,8000,83.3,7,0.062,0.05152365303039552,3.124978271484375,3.0734546184539795,0.686464532240966
4,2,0,6,96,additive,relu,0,44000,16,8000,83.3,6,0.062,0.05134623146057127,3.22642724609375,3.1750810146331787,0.5275323491240155
4,2,0,6,64,additive,identity,2,58000,16,8000,125.0,4,0.094,0.05316525459289556,3.126619873046875,3.0734546184539795,0.5396254730907616
4,2,2,8,96,interactive,relu,1,40000,16,8000,83.3,5,0.083,0.053827457427978675,2.284156494140625,2.2303290367126465,6.5880188536225575
4,2,0,6,64,additive,identity,0,63000,16,8000,125.0,4,0.094,0.050039712905883604,3.2251207275390623,3.1750810146331787,0.6895216175124683
4,2,0,6,64,additive,identity,3,58500,16,8000,125.0,5,0.094,0.053680601119995064,3.03222412109375,2.978543519973755,0.5564607625846366
4,2,0,6,64,additive,identity,1,63500,16,8000,125.0,4,0.094,0.05144186401367179,3.37275,3.321308135986328,0.23204373992546526
4,2,0,6,48,additive,identity,0,79000,16,8000,166.7,4,0.125,0.04380375099182121,3.218884765625,3.1750810146331787,0.3089710795231148
4,2,2,8,96,interactive,relu,2,43500,16,8000,83.3,5,0.083,0.05971446990966811,2.962154541015625,2.902440071105957,1.6233922933737226
4,2,2,8,96,interactive,identity,3,45000,16,8000,83.3,6,0.083,0.0688567352294922,2.2641864013671875,2.1953296661376953,3.8444936096743594
4,2,2,8,96,interactive,identity,0,47500,16,8000,83.3,5,0.083,0.0668490047454835,2.5413670654296876,2.474518060684204,2.7110708969696797
4,2,2,8,64,interactive,identity,2,62000,16,8000,125.0,4,0.125,0.05844396209716818,2.960884033203125,2.902440071105957,1.2688254834045356
4,2,2,8,64,interactive,identity,0,65500,16,8000,125.0,5,0.125,0.05587036705017079,2.530388427734375,2.474518060684204,1.913363291263914
4,2,0,6,96,additive,identity,3,56500,16,8000,83.3,5,0.062,0.05969463920593254,3.0382381591796874,2.978543519973755,0.6579903521085636
4,2,2,8,96,interactive,identity,1,51500,16,8000,83.3,4,0.083,0.06079108047485349,2.2911201171875,2.2303290367126465,7.6525386538586995
4,2,2,8,96,interactive,identity,2,54000,16,8000,83.3,4,0.083,0.06839037322998065,2.9708304443359377,2.902440071105957,1.7284798641982535
4,2,0,6,96,additive,identity,1,60500,16,8000,83.3,4,0.062,0.05841879272460959,3.3797269287109377,3.321308135986328,0.6510991609246871
4,4,0,8,16,additive,identity,0,54000,16,8000,500.0,4,0.5,0.05397377014160165,3.052880859375,2.9989070892333984,0.06249379392493249
4,2,0,6,96,additive,identity,0,66000,16,8000,83.3,4,0.062,0.056879312515258906,3.2319603271484376,3.1750810146331787,0.5278684907323358
4,4,0,8,16,additive,relu,3,57500,16,8000,500.0,4,0.5,0.05816887092590317,2.7332451171875,2.6750762462615967,0.24879426485800546
4,4,0,8,16,additive,identity,2,56000,16,8000,500.0,4,0.5,0.05225700187683113,2.849627197265625,2.797370195388794,0.06730228692368143
4,4,0,8,16,additive,identity,3,57500,16,8000,500.0,4,0.5,0.051747606277465774,2.7268238525390625,2.6750762462615967,0.053636324975132495
4,4,0,8,24,additive,identity,1,43000,16,8000,333.3,4,0.333,0.06171679115295392,3.1623330078125,3.100616216659546,0.07325494596560565
4,4,0,8,24,additive,identity,3,46500,16,8000,333.3,4,0.333,0.05868315315246564,2.7337593994140623,2.6750762462615967,0.12389380328482731
4,4,0,8,24,additive,identity,0,54000,16,8000,333.3,4,0.333,0.05622938537597655,3.055136474609375,2.9989070892333984,0.06788677079990715
4,4,0,8,24,additive,relu,3,57500,16,8000,333.3,5,0.333,0.05146232795715333,2.72653857421875,2.6750762462615967,0.20031556860188013
4,4,0,8,24,additive,relu,1,61000,16,8000,333.3,5,0.333,0.052827630996703956,3.15344384765625,3.100616216659546,0.23066522343444737
4,4,0,8,32,additive,relu,0,48000,16,8000,250.0,5,0.25,0.05745057678222665,3.056357666015625,2.9989070892333984,0.1588253982706618
4,4,0,8,32,additive,identity,3,46000,16,8000,250.0,4,0.25,0.06164579963684069,2.7367220458984374,2.6750762462615967,0.1620433211598681
4,4,0,8,16,additive,relu,0,88000,16,8000,500.0,5,0.5,0.047519668579101726,3.0464267578125,2.9989070892333984,0.22022458135125964
4,4,0,8,32,additive,relu,3,50000,16,8000,250.0,5,0.25,0.055492845535278335,2.730569091796875,2.6750762462615967,0.274610349093098
4,4,0,8,32,additive,relu,1,53500,16,8000,250.0,5,0.25,0.05704467201232921,3.157660888671875,3.100616216659546,0.2819987959628137
4,4,0,8,16,additive,relu,2,84000,16,8000,500.0,4,0.5,0.04850309562683108,2.845873291015625,2.797370195388794,0.1419896839620789
4,4,0,8,32,additive,identity,1,50500,16,8000,250.0,4,0.25,0.06221898841857909,3.162835205078125,3.100616216659546,0.09771399540910139
4,4,0,8,32,additive,relu,2,51500,16,8000,250.0,5,0.25,0.05522270011901842,2.8525928955078124,2.797370195388794,0.17901819280140946
4,4,4,12,24,interactive,identity,0,61000,16,8000,333.3,5,0.5,0.05015619373321534,1.1816973266601563,1.131541132926941,1.2000261189952328
4,4,4,12,24,interactive,relu,3,60500,16,8000,333.3,4,0.5,0.06299484539031974,1.18387890625,1.1208840608596802,2.2938482679798438
4,4,0,8,32,additive,identity,0,54000,16,8000,250.0,4,0.25,0.05897132873535149,3.05787841796875,2.9989070892333984,0.3322499238690389
4,4,4,12,24,interactive,identity,3,60500,16,8000,333.3,5,0.5,0.05033993816375726,1.1712239990234374,1.1208840608596802,1.261585950604617
4,4,4,12,32,interactive,identity,0,46500,16,8000,250.0,5,0.375,0.05613855457305905,1.1876796875,1.131541132926941,1.8349947796359534
4,4,4,12,16,interactive,identity,3,74500,16,8000,500.0,5,0.75,0.05118600749969482,1.172070068359375,1.1208840608596802,0.9455760480689788
4,4,4,12,24,interactive,relu,1,69500,16,8000,333.3,5,0.5,0.06998696708679208,2.2671622314453126,2.1971752643585205,1.0771365804395594
4,4,0,8,16,additive,identity,1,92000,16,8000,500.0,4,0.5,0.0437154483795168,3.1443316650390627,3.100616216659546,0.038736850796117474
4,4,4,12,24,interactive,identity,2,67500,16,8000,333.3,5,0.5,0.05472208976745607,1.5454058837890625,1.4906837940216064,0.8477553433029081
4,4,4,12,16,interactive,relu,3,88000,16,8000,500.0,4,0.75,0.06674069499969493,1.187624755859375,1.1208840608596802,1.6965602855555537
4,4,0,8,16,additive,relu,1,97000,16,8000,500.0,4,0.5,0.04475390052795403,3.1453701171875,3.100616216659546,0.0947576096556511
4,4,4,12,32,interactive,identity,3,48000,16,8000,250.0,5,0.375,0.05579550457000737,1.1766795654296875,1.1208840608596802,1.747345315066547
4,4,0,8,24,additive,relu,2,84000,16,8000,333.3,5,0.333,0.046782148361205866,2.84415234375,2.797370195388794,0.20210792796651342
4,4,0,8,24,additive,relu,0,86500,16,8000,333.3,5,0.333,0.048123184204101666,3.0470302734375,2.9989070892333984,0.1309697288293275
4,4,4,12,16,interactive,identity,1,88000,16,8000,500.0,4,0.75,0.054476469039916875,2.2516517333984374,2.1971752643585205,0.15530453543286563
4,4,4,12,24,interactive,relu,0,79500,16,8000,333.3,4,0.5,0.05650574207305903,1.188046875,1.131541132926941,1.943040993455643
4,4,0,8,24,additive,identity,2,84000,16,8000,333.3,4,0.333,0.04781925773620621,2.845189453125,2.797370195388794,0.1157386810051425
4,4,4,12,24,interactive,relu,2,77500,16,8000,333.3,4,0.5,0.06513786125183096,1.5558216552734374,1.4906837940216064,1.7214906877410034
4,4,4,12,32,interactive,relu,0,64000,16,8000,250.0,4,0.375,0.05750861072540281,1.1890497436523437,1.131541132926941,2.357381839635687
4,4,0,8,48,additive,relu,0,48000,16,8000,166.7,6,0.167,0.06075209045410146,3.0596591796875,2.9989070892333984,0.22199294003501896
4,4,0,8,32,additive,identity,2,70000,16,8000,250.0,4,0.25,0.055021894454955866,2.85239208984375,2.797370195388794,0.15077204697693125
4,4,0,8,48,additive,identity,1,40500,16,8000,166.7,4,0.167,0.07335302162170398,3.17396923828125,3.100616216659546,0.2212155831068161
4,4,0,8,48,additive,identity,3,35000,16,8000,166.7,5,0.167,0.07462663459777819,2.749702880859375,2.6750762462615967,0.23103964849572614
4,4,4,12,32,interactive,relu,3,61500,16,8000,250.0,4,0.375,0.05783102703094478,1.178715087890625,1.1208840608596802,2.7654248235354166
4,4,0,8,48,additive,relu,2,47000,16,8000,166.7,5,0.167,0.058638227462768366,2.8560084228515623,2.797370195388794,0.2806749923801826
4,4,0,8,48,additive,identity,2,44000,16,8000,166.7,4,0.167,0.06784684562683108,2.865217041015625,2.797370195388794,0.22953024820247953
4,4,4,12,16,interactive,identity,2,91500,16,8000,500.0,5,0.75,0.05073112297058113,1.5414149169921876,1.4906837940216064,0.6428363820806686
4,4,4,12,16,interactive,identity,0,95500,16,8000,500.0,4,0.75,0.04406897449493408,1.175610107421875,1.131541132926941,0.6551633967041465
4,4,4,12,32,interactive,relu,2,67500,16,8000,250.0,4,0.375,0.06262766838073741,1.5533114624023439,1.4906837940216064,1.70015690123028
4,4,0,8,48,additive,relu,1,51000,16,8000,166.7,5,0.167,0.06079467201232891,3.161410888671875,3.100616216659546,0.1598044296904634
4,4,0,8,48,additive,relu,3,50000,16,8000,166.7,6,0.167,0.05948686408996595,2.7345631103515626,2.6750762462615967,0.21309065039787747
4,4,4,12,24,interactive,identity,1,88000,16,8000,333.3,5,0.5,0.05680630302429179,2.2539815673828123,2.1971752643585205,0.6536882180971991
4,4,4,12,32,interactive,relu,1,71000,16,8000,250.0,5,0.375,0.0672513713836671,2.2644266357421876,2.1971752643585205,1.2693373320611667
4,4,0,8,48,additive,identity,0,54000,16,8000,166.7,4,0.167,0.06746766662597636,3.066374755859375,2.9989070892333984,0.3104588878942123
4,4,4,12,32,interactive,identity,1,69500,16,8000,250.0,5,0.375,0.0648476848602293,2.26202294921875,2.1971752643585205,1.0620692907164402
4,4,4,12,16,interactive,relu,0,111500,16,8000,500.0,3,0.75,0.06429083728790275,1.1958319702148437,1.131541132926941,2.4053498094158776
4,4,0,8,64,additive,relu,0,31500,16,8000,125.0,5,0.125,0.07266969299316406,3.0715767822265625,2.9989070892333984,0.31313366473138954
4,4,4,12,48,interactive,identity,3,33500,16,8000,166.7,5,0.25,0.06546756267547615,1.1863516235351563,1.1208840608596802,2.7093233059812842
4,4,4,12,32,interactive,identity,2,74000,16,8000,250.0,6,0.375,0.056794477462768445,1.547478271484375,1.4906837940216064,1.249855961677238
4,4,4,12,48,interactive,identity,2,37500,16,8000,166.7,5,0.25,0.07391654777526857,1.564600341796875,1.4906837940216064,1.8647034076722968
4,4,4,12,48,interactive,relu,0,45500,16,8000,166.7,5,0.25,0.06100842761993408,1.192549560546875,1.131541132926941,3.1208243399130056
4,4,0,8,64,additive,relu,3,35000,16,8000,125.0,7,0.125,0.06831486701965339,2.74339111328125,2.6750762462615967,0.4500092595768366
4,4,4,12,48,interactive,relu,3,44000,16,8000,166.7,4,0.25,0.061843356132507354,1.1827274169921875,1.1208840608596802,4.128150128101284
4,4,4,12,48,interactive,relu,1,47500,16,8000,166.7,6,0.25,0.07495522880554217,2.2721304931640627,2.1971752643585205,1.4727741619209271
4,4,4,12,48,interactive,identity,0,46500,16,8000,166.7,5,0.25,0.06166821765899666,1.1932093505859376,1.131541132926941,2.4358397717505325
4,4,4,12,64,interactive,identity,0,32500,16,8000,125.0,5,0.188,0.07221692371368404,1.203758056640625,1.131541132926941,3.0349219853257603
4,4,4,12,48,interactive,relu,2,50500,16,8000,166.7,4,0.25,0.06720695304870605,1.5578907470703125,1.4906837940216064,2.4779471949567053
4,4,4,12,48,interactive,identity,1,47000,16,8000,166.7,5,0.25,0.07981399345397966,2.2769892578125,2.1971752643585205,1.5363025423959378
4,4,4,12,16,interactive,relu,2,126500,16,8000,500.0,4,0.75,0.06875224113464351,1.55943603515625,1.4906837940216064,1.3592729523117328
4,4,4,12,64,interactive,relu,2,38500,16,8000,125.0,5,0.188,0.07201164054870612,1.5626954345703126,1.4906837940216064,3.6782183169205735
4,4,4,12,64,interactive,relu,0,39500,16,8000,125.0,5,0.188,0.06364758777618418,1.195188720703125,1.131541132926941,4.03114768502652
4,4,0,8,64,additive,relu,2,47000,16,8000,125.0,5,0.125,0.06467545890808113,2.862045654296875,2.797370195388794,0.31613607858346027
4,4,4,12,64,interactive,identity,2,37500,16,8000,125.0,6,0.188,0.07954142570495604,1.5702252197265625,1.4906837940216064,2.5414736208934605
4,4,0,8,64,additive,identity,1,50500,16,8000,125.0,4,0.125,0.07145995521545423,3.172076171875,3.100616216659546,0.37521661363391057
4,4,4,12,16,interactive,relu,1,134000,16,8000,500.0,5,0.75,0.06960268974304196,2.2667779541015625,2.1971752643585205,0.8974678488058936
4,4,4,12,64,interactive,relu,3,43000,16,8000,125.0,5,0.188,0.06238760662078868,1.1832716674804689,1.1208840608596802,4.1755601076587165
4,4,0,8,96,additive,relu,2,39500,16,8000,83.3,7,0.083,0.072376142501831,2.869746337890625,2.797370195388794,0.556034646089746
4,4,4,12,96,interactive,relu,2,37500,16,8000,83.3,6,0.125,0.07802799797058113,1.5687117919921876,1.4906837940216064,3.079189594497459
4,4,0,8,96,additive,relu,3,40500,16,8000,83.3,7,0.083,0.07303080940246565,2.7481070556640623,2.6750762462615967,0.4760317854490163
4,4,4,12,64,interactive,relu,1,52000,16,8000,125.0,6,0.188,0.07673110771179203,2.2739063720703125,2.1971752643585205,1.8718546579659912
4,4,0,8,64,additive,relu,1,60500,16,8000,125.0,5,0.125,0.0608665714263914,3.1614827880859373,3.100616216659546,0.21693801350240496
4,4,4,12,96,interactive,relu,0,39000,16,8000,83.3,5,0.125,0.06871429920196537,1.2002554321289063,1.131541132926941,5.725041386897876
4,4,0,8,64,additive,identity,3,57500,16,8000,125.0,5,0.125,0.06859037971496562,2.7436666259765623,2.6750762462615967,0.39588392352947877
4,4,4,12,96,interactive,identity,2,37500,16,8000,83.3,6,0.125,0.08882548332214357,1.57950927734375,1.4906837940216064,3.7534050338936815
4,4,4,12,96,interactive,relu,3,38000,16,8000,83.3,6,0.125,0.06890036296844482,1.189784423828125,1.1208840608596802,4.120085240053963
4,4,0,8,64,additive,identity,0,61500,16,8000,125.0,4,0.125,0.06825941467285146,3.06716650390625,2.9989070892333984,0.30508778556419325
4,4,4,12,96,interactive,identity,0,40500,16,8000,83.3,5,0.125,0.07518909168243404,1.206730224609375,1.131541132926941,5.051868656099891
4,4,4,12,96,interactive,relu,1,45000,16,8000,83.3,6,0.125,0.08560366630554217,2.2827789306640627,2.1971752643585205,1.9167019593051466
4,4,0,8,64,additive,identity,2,64000,16,8000,125.0,4,0.125,0.06613712882995593,2.86350732421875,2.797370195388794,0.19024752900323916
4,4,0,8,96,additive,relu,0,48000,16,8000,83.3,6,0.083,0.07364918518066421,3.0725562744140626,2.9989070892333984,0.374191513761271
4,4,0,8,96,additive,identity,1,50500,16,8000,83.3,4,0.083,0.07873998451232911,3.179356201171875,3.100616216659546,0.616402653765303
4,4,0,8,96,additive,relu,1,50500,16,8000,83.3,6,0.083,0.07101171302795395,3.1716279296875,3.100616216659546,0.37522167584340715
4,4,4,12,64,interactive,identity,3,58000,16,8000,125.0,5,0.188,0.06296701335906985,1.18385107421875,1.1208840608596802,3.863968918272269
4,4,0,8,96,additive,identity,0,61500,16,8000,83.3,4,0.083,0.07516566467285157,3.07407275390625,2.9989070892333984,0.45417409670712544
4,4,4,12,64,interactive,identity,1,73000,16,8000,125.0,5,0.188,0.0765838909149168,2.2737591552734373,2.1971752643585205,1.673700964047351
4,4,4,12,96,interactive,identity,1,59000,16,8000,83.3,5,0.125,0.0896955852508543,2.286870849609375,2.1971752643585205,2.4117050197981684
4,4,0,8,96,additive,identity,3,65500,16,8000,83.3,5,0.083,0.07262187385559082,2.7476981201171875,2.6750762462615967,0.3545772497524132
4,8,0,12,16,additive,identity,1,66000,16,8000,500.0,4,0.75,0.06450491333007813,3.041109375,2.976604461669922,0.02405340557022913
4,4,0,8,96,additive,identity,2,70000,16,8000,83.3,4,0.083,0.0709449901580812,2.868315185546875,2.797370195388794,0.2123464247788672
4,4,4,12,96,interactive,identity,3,66000,16,8000,83.3,5,0.125,0.06505667400360116,1.1859407348632813,1.1208840608596802,4.5724013067472224
4,8,4,16,16,interactive,identity,3,57500,16,8000,500.0,3,1.0,0.046144996166229246,0.619429443359375,0.5732844471931458,1.732279766742069
4,8,0,12,16,additive,identity,2,74000,16,8000,500.0,4,0.75,0.05925991630554206,2.7824971923828126,2.7232372760772705,0.044231775558789696
4,8,0,12,24,additive,relu,1,66500,16,8000,333.3,5,0.5,0.07225466918945322,3.048859130859375,2.976604461669922,0.1134987809743626
4,8,0,12,24,additive,identity,0,66000,16,8000,333.3,4,0.5,0.06830558776855478,2.89498291015625,2.8266773223876953,0.05529830965782242
4,8,0,12,24,additive,identity,1,66000,16,8000,333.3,4,0.5,0.06869546508789082,3.0452999267578127,2.976604461669922,0.046084889821393825
4,8,0,12,16,additive,identity,0,85500,16,8000,500.0,4,0.75,0.05705912780761713,2.8837364501953124,2.8266773223876953,0.032687774098998666
4,8,0,12,16,additive,relu,1,92000,16,8000,500.0,4,0.75,0.07297634887695326,3.049580810546875,2.976604461669922,0.18287500367393478
4,8,4,16,24,interactive,identity,2,55000,16,8000,333.3,4,0.667,0.043425189018249544,0.6939170227050782,0.6504918336868286,2.5466696797836543
4,8,4,16,24,interactive,relu,3,57500,16,8000,333.3,3,0.667,0.04989371442794799,0.6231781616210937,0.5732844471931458,3.4833290793376617
4,8,0,12,24,additive,relu,2,74500,16,8000,333.3,5,0.5,0.06830300712585435,2.791540283203125,2.7232372760772705,0.18656315197279202
4,8,4,16,24,interactive,identity,3,57500,16,8000,333.3,4,0.667,0.040179297924041735,0.6134637451171875,0.5732844471931458,2.5064892527713756
4,8,0,12,24,additive,identity,2,75500,16,8000,333.3,4,0.5,0.06379348564147946,2.78703076171875,2.7232372760772705,0.13386551460406274
4,8,0,12,16,additive,relu,2,94500,16,8000,500.0,5,0.75,0.0695271282196046,2.792764404296875,2.7232372760772705,0.2370766930737948
4,8,4,16,32,interactive,relu,2,47000,16,8000,250.0,3,0.5,0.057164965629577624,0.7076567993164062,0.6504918336868286,4.960545567219065
4,8,4,16,16,interactive,relu,3,84500,16,8000,500.0,2,1.0,0.06192136335372922,0.635205810546875,0.5732844471931458,3.857082262633454
4,8,4,16,24,interactive,identity,0,62500,16,8000,333.3,5,0.667,0.053163499832153294,0.9396540832519531,0.8864905834197998,1.4228557690068255
4,8,0,12,16,additive,relu,0,100000,16,8000,500.0,5,0.75,0.07122038269042985,2.897897705078125,2.8266773223876953,0.18693117284049993
4,8,4,16,16,interactive,identity,1,87500,16,8000,500.0,4,1.0,0.060072463035583556,1.3413688354492188,1.2812963724136353,0.7337783647814612
4,8,0,12,24,additive,relu,0,85500,16,8000,333.3,5,0.5,0.06597489929199218,2.8926522216796875,2.8266773223876953,0.13898347135360792
4,8,0,12,32,additive,relu,0,66500,16,8000,250.0,5,0.375,0.07438713073730474,2.901064453125,2.8266773223876953,0.12251719383180307
4,8,0,12,16,additive,relu,3,102000,16,8000,500.0,4,0.75,0.067356939315796,2.7326708984375,2.665313959121704,0.1691898963188093
4,8,0,12,32,additive,relu,1,66500,16,8000,250.0,5,0.375,0.07227505493164044,3.0488795166015623,2.976604461669922,0.1518908016454536
4,8,4,16,32,interactive,relu,3,55000,16,8000,250.0,3,0.5,0.04670627546310424,0.61999072265625,0.5732844471931458,4.172470866470322
4,8,0,12,32,additive,identity,0,66500,16,8000,250.0,4,0.375,0.07340959167480454,2.9000869140625,2.8266773223876953,0.06775937562527175
4,8,4,16,16,interactive,identity,2,91000,16,8000,500.0,4,1.0,0.04127861309051517,0.6917704467773438,0.6504918336868286,1.5470678191914322
4,8,0,12,32,additive,identity,1,66500,16,8000,250.0,4,0.375,0.07280142211914065,3.0494058837890625,2.976604461669922,0.10261103414594952
4,8,0,12,24,additive,relu,3,87500,16,8000,333.3,5,0.5,0.06623254966735859,2.7315465087890627,2.665313959121704,0.17458365250265664
4,8,0,12,16,additive,identity,3,103500,16,8000,500.0,4,0.75,0.05229883384704603,2.71761279296875,2.665313959121704,0.034397721797120896
4,8,4,16,16,interactive,identity,0,98000,16,8000,500.0,5,1.0,0.048587755203247096,0.9350783386230469,0.8864905834197998,0.9240499140072622
4,8,0,12,32,additive,relu,3,67000,16,8000,250.0,5,0.375,0.07032361412048349,2.7356375732421876,2.665313959121704,0.13397309042141145
4,8,0,12,32,additive,identity,2,66000,16,8000,250.0,4,0.375,0.07120083427429202,2.7944381103515625,2.7232372760772705,0.16691811827448005
4,8,0,12,32,additive,identity,3,65000,16,8000,250.0,4,0.375,0.07158789634704599,2.73690185546875,2.665313959121704,0.13198348625967343
4,8,4,16,16,interactive,relu,0,102500,16,8000,500.0,3,1.0,0.07044429206848146,0.9569348754882813,0.8864905834197998,2.639151241148672
4,8,0,12,32,additive,relu,2,69000,16,8000,250.0,5,0.375,0.0686389446258544,2.791876220703125,2.7232372760772705,0.1851594662233375
4,8,4,16,32,interactive,identity,0,49000,16,8000,250.0,5,0.5,0.058656389236450224,0.94514697265625,0.8864905834197998,1.5827492921153596
4,8,4,16,32,interactive,identity,2,47000,16,8000,250.0,3,0.5,0.04543974590301514,0.6959315795898438,0.6504918336868286,3.5075555152835665
4,8,4,16,24,interactive,identity,1,77000,16,8000,333.3,5,0.667,0.05833814907073975,1.339634521484375,1.2812963724136353,0.9711055235008111
4,8,4,16,32,interactive,relu,0,67000,16,8000,250.0,5,0.5,0.06350410652160643,0.9499946899414062,0.8864905834197998,2.8397258090989084
4,8,4,16,16,interactive,relu,2,103000,16,8000,500.0,3,1.0,0.07072120952606198,0.7212130432128906,0.6504918336868286,3.0540326956625794
4,8,4,16,24,interactive,relu,1,87500,16,8000,333.3,5,0.667,0.07170576381683347,1.3530021362304687,1.2812963724136353,1.667261616322663
4,8,4,16,24,interactive,relu,2,87000,16,8000,333.3,3,0.667,0.053814410209655716,0.7043062438964843,0.6504918336868286,3.769784313984662
4,8,4,16,32,interactive,identity,3,57500,16,8000,250.0,4,0.5,0.04000421857833858,0.6132886657714843,0.5732844471931458,2.8494168459565854
4,8,4,16,16,interactive,relu,1,114000,16,8000,500.0,4,1.0,0.09194148159027105,1.3732378540039063,1.2812963724136353,1.8801367336452295
4,8,4,16,32,interactive,relu,1,74000,16,8000,250.0,5,0.5,0.07109010219573975,1.352386474609375,1.2812963724136353,1.8698864907697401
4,8,0,12,48,additive,relu,2,50000,16,8000,166.7,5,0.25,0.08045400810241699,2.8036912841796875,2.7232372760772705,0.16838386969414093
4,8,4,16,24,interactive,relu,0,95500,16,8000,333.3,4,0.667,0.06337544441223142,0.9498660278320312,0.8864905834197998,2.731440859274496
4,8,0,12,48,additive,relu,0,54000,16,8000,166.7,5,0.25,0.08148246765136724,2.9081597900390626,2.8266773223876953,0.14887501949411722
4,8,0,12,24,additive,identity,3,107500,16,8000,333.3,4,0.5,0.05792639732360838,2.7232403564453125,2.665313959121704,0.06566375634873461
4,8,4,16,32,interactive,identity,1,67500,16,8000,250.0,5,0.5,0.06280683803558351,1.3441032104492188,1.2812963724136353,1.0419512614373168
4,8,0,12,48,additive,relu,1,62000,16,8000,166.7,5,0.25,0.080050811767578,3.0566552734375,2.976604461669922,0.12132884666444622
4,8,4,16,48,interactive,relu,2,41000,16,8000,166.7,3,0.333,0.05435457134246824,0.7048464050292969,0.6504918336868286,6.7332354387886335
4,8,4,16,48,interactive,identity,0,43000,16,8000,166.7,5,0.333,0.06493342781066891,0.9514240112304687,0.8864905834197998,2.9197264334512423
4,8,4,16,48,interactive,relu,3,43500,16,8000,166.7,3,0.333,0.04619577741622927,0.619480224609375,0.5732844471931458,5.204536725098465
4,8,4,16,48,interactive,identity,1,43500,16,8000,166.7,5,0.333,0.07744142055511483,1.35873779296875,1.2812963724136353,2.1959402668039365
4,8,0,12,48,additive,relu,3,63500,16,8000,166.7,5,0.25,0.07815601158142105,2.743469970703125,2.665313959121704,0.2388153719327976
4,8,0,12,48,additive,identity,0,64000,16,8000,166.7,4,0.25,0.08322978210449206,2.9099071044921874,2.8266773223876953,0.1626963804088727
4,8,0,12,48,additive,identity,3,52500,16,8000,166.7,4,0.25,0.08609900474548349,2.7514129638671876,2.665313959121704,0.1957868332401849
4,8,4,16,64,interactive,relu,2,34000,16,8000,125.0,3,0.25,0.056755328178405784,0.7072471618652344,0.6504918336868286,8.117351812548756
4,8,0,12,64,additive,relu,0,44000,16,8000,125.0,6,0.188,0.09080302429199216,2.9174803466796875,2.8266773223876953,0.23190893927357983
4,8,4,16,64,interactive,relu,0,37000,16,8000,125.0,5,0.25,0.07017451667785646,0.9566651000976563,0.8864905834197998,4.557240896712653
4,8,4,16,48,interactive,identity,2,47000,16,8000,166.7,4,0.333,0.0498417234420776,0.7003335571289062,0.6504918336868286,5.062769160883105
4,8,0,12,96,additive,relu,3,34500,16,8000,83.3,6,0.125,0.10363660240173322,2.7689505615234373,2.665313959121704,0.3620500903159012
4,8,0,12,64,additive,identity,3,40500,16,8000,125.0,5,0.188,0.09896887779235852,2.7642828369140626,2.665313959121704,0.32138881266091857
4,8,4,16,96,interactive,relu,3,27500,16,8000,83.3,4,0.167,0.050879096508026134,0.6241635437011719,0.5732844471931458,7.388156794844938
4,8,0,12,64,additive,relu,3,45500,16,8000,125.0,6,0.188,0.08753882408142077,2.752852783203125,2.665313959121704,0.32450184660564313
4,8,0,12,64,additive,relu,1,47500,16,8000,125.0,5,0.188,0.09263027954101544,3.0692347412109373,2.976604461669922,0.17575982930413664
4,8,0,12,48,additive,identity,1,63000,16,8000,166.7,4,0.25,0.08150027465820298,3.058104736328125,2.976604461669922,0.11968136808162594
4,8,4,16,48,interactive,relu,1,57000,16,8000,166.7,5,0.333,0.07603236293792714,1.3573287353515624,1.2812963724136353,3.125614497702969
4,8,0,12,64,additive,relu,2,50000,16,8000,125.0,5,0.188,0.08654861259460445,2.809785888671875,2.7232372760772705,0.28377534835577156
4,8,4,16,48,interactive,identity,3,51500,16,8000,166.7,4,0.333,0.046058387279510504,0.6193428344726563,0.5732844471931458,4.106514131416545
4,8,4,16,64,interactive,identity,0,43000,16,8000,125.0,5,0.25,0.07029268074035644,0.9567832641601562,0.8864905834197998,3.8050413552868543
4,8,4,16,64,interactive,identity,1,43500,16,8000,125.0,5,0.25,0.08585725307464598,1.3671536254882812,1.2812963724136353,2.6268575468822535
4,8,4,16,64,interactive,relu,3,43500,16,8000,125.0,4,0.25,0.0468619151115417,0.6201463623046874,0.5732844471931458,4.98334277192349
4,8,4,16,96,interactive,relu,1,34000,16,8000,83.3,6,0.167,0.09105348110198985,1.372349853515625,1.2812963724136353,4.499866167614952
4,8,4,16,48,interactive,relu,0,60500,16,8000,166.7,5,0.333,0.06480977058410642,0.9513003540039062,0.8864905834197998,3.7600770269217203
4,8,4,16,96,interactive,identity,3,27500,16,8000,83.3,4,0.167,0.061940467357635476,0.6352249145507812,0.5732844471931458,8.018275793200182
4,8,4,16,96,interactive,relu,2,34000,16,8000,83.3,4,0.167,0.05887828350067137,0.7093701171875,0.6504918336868286,9.802042453403214
4,8,4,16,64,interactive,identity,2,46000,16,8000,125.0,4,0.25,0.05367482280731206,0.7041666564941407,0.6504918336868286,7.311177538132887
4,8,4,16,96,interactive,relu,0,38500,16,8000,83.3,6,0.167,0.07414631843566899,0.9606369018554688,0.8864905834197998,5.144838202615001
4,8,0,12,96,additive,relu,1,45500,16,8000,83.3,5,0.125,0.10413296508789083,3.0807374267578127,2.976604461669922,0.20451715031995119
4,8,0,12,48,additive,identity,2,74500,16,8000,166.7,4,0.25,0.07702114677429206,2.8002584228515626,2.7232372760772705,0.20477587958737054
4,8,0,12,96,additive,relu,2,49500,16,8000,83.3,6,0.125,0.0984371623992919,2.8216744384765624,2.7232372760772705,0.34206662917961905
4,8,4,16,64,interactive,relu,1,57000,16,8000,125.0,5,0.25,0.07996662807464605,1.3612630004882813,1.2812963724136353,3.057464558819422
4,8,0,12,96,additive,relu,0,51000,16,8000,83.3,6,0.125,0.10189689636230481,2.92857421875,2.8266773223876953,0.2774558192982898
4,8,0,12,64,additive,identity,1,63000,16,8000,125.0,4,0.188,0.0882767639160158,3.0648812255859377,2.976604461669922,0.14911997925724232
4,8,4,16,64,interactive,identity,3,57500,16,8000,125.0,3,0.25,0.04747705793380741,0.6207615051269532,0.5732844471931458,6.910022656867837
4,8,4,16,96,interactive,identity,0,43000,16,8000,83.3,5,0.167,0.07776881599426266,0.9642593994140625,0.8864905834197998,6.069574695071385
4,8,4,16,96,interactive,identity,1,45000,16,8000,83.3,5,0.167,0.0962055196762086,1.3775018920898439,1.2812963724136353,4.6137527113557315
4,8,4,16,96,interactive,identity,2,47000,16,8000,83.3,4,0.167,0.05898054790496832,0.7094723815917969,0.6504918336868286,10.832947140216389
4,8,0,12,96,additive,identity,2,60500,16,8000,83.3,4,0.125,0.09702444267272936,2.82026171875,2.7232372760772705,0.33025801809772143
4,8,0,12,96,additive,identity,1,63000,16,8000,83.3,4,0.125,0.0980566711425781,3.0746611328125,2.976604461669922,0.22626423415541896
4,8,0,12,96,additive,identity,0,66500,16,8000,83.3,4,0.125,0.09814836120605452,2.92482568359375,2.8266773223876953,0.2972415769401954
4,8,0,12,64,additive,identity,0,83000,16,8000,125.0,4,0.188,0.0828010711669922,2.9094783935546875,2.8266773223876953,0.13405210878535134
4,8,0,12,64,additive,identity,2,79000,16,8000,125.0,4,0.188,0.08147195243835448,2.804709228515625,2.7232372760772705,0.18572272272307958
4,16,0,20,24,additive,identity,1,50000,16,8000,333.3,4,0.833,0.09625112533569347,3.031865234375,2.9356141090393066,0.025310198124464254
4,8,0,12,96,additive,identity,3,87500,16,8000,83.3,5,0.125,0.08734912681579576,2.7526630859375,2.665313959121704,0.42789601256453447
4,16,4,24,24,interactive,identity,2,60500,16,8000,333.3,5,1.0,0.06089171695709228,0.7896842651367187,0.7287925481796265,1.5059422018088418
4,16,4,24,24,interactive,identity,3,61000,16,8000,333.3,4,1.0,0.04821050405502314,0.6339888000488281,0.5857782959938049,2.078235222448241
4,16,0,20,32,additive,identity,1,50000,16,8000,250.0,4,0.625,0.10164748764038078,3.0372615966796874,2.9356141090393066,0.042751580216918245
4,16,4,24,24,interactive,relu,0,63000,16,8000,333.3,3,1.0,0.07045118904113767,0.6719381103515625,0.6014869213104248,3.302719870725382
4,16,4,24,16,interactive,identity,3,71500,16,8000,500.0,3,1.5,0.05475600576400752,0.6405343017578125,0.5857782959938049,1.9717000726565506
4,16,4,24,24,interactive,identity,1,67500,16,8000,333.3,5,1.0,0.06036791896820071,0.8137273559570313,0.7533594369888306,2.162362796244212
4,16,4,24,24,interactive,relu,1,70500,16,8000,333.3,3,1.0,0.08292101955413822,0.8362804565429688,0.7533594369888306,4.299241792695282
4,16,0,20,24,additive,relu,1,78000,16,8000,333.3,4,0.833,0.10190493392944333,3.03751904296875,2.9356141090393066,0.08959050373927009
4,16,0,20,16,additive,relu,2,97500,16,8000,500.0,3,1.25,0.3365837421417237,2.9981845703125,2.6616008281707764,0.9645652888832946
4,16,4,24,24,interactive,relu,2,75500,16,8000,333.3,2,1.0,0.081907280921936,0.8106998291015625,0.7287925481796265,3.5813962030968773
4,16,0,20,24,additive,identity,2,79000,16,8000,333.3,3,0.833,0.08101489448547383,2.74261572265625,2.6616008281707764,0.042244995500453554
4,16,4,24,16,interactive,identity,0,83500,16,8000,500.0,3,1.5,0.05790257453918457,0.6593894958496094,0.6014869213104248,1.2677760082719105
4,16,4,24,32,interactive,identity,0,50000,16,8000,250.0,4,0.75,0.05150050544738771,0.6529874267578125,0.6014869213104248,2.3357440988579024
4,16,0,20,16,additive,identity,0,94000,16,8000,500.0,3,1.25,0.2135627498626711,2.924592041015625,2.711029291152954,0.05237581014363988
4,16,4,24,24,interactive,identity,0,78500,16,8000,333.3,4,1.0,0.0474015674591064,0.6488884887695312,0.6014869213104248,1.7928141464245546
4,16,0,20,16,additive,identity,1,95000,16,8000,500.0,3,1.25,0.24677724838256854,3.182391357421875,2.9356141090393066,0.033938131853179836
4,16,4,24,32,interactive,relu,0,63000,16,8000,250.0,3,0.75,0.06257982063293455,0.6640667419433594,0.6014869213104248,4.365586066136585
4,16,0,20,16,additive,relu,1,107000,16,8000,500.0,4,1.25,0.313008815765381,3.2486229248046876,2.9356141090393066,0.7827946799577647
4,16,4,24,32,interactive,relu,2,60500,16,8000,250.0,2,0.75,0.07674630069732669,0.8055388488769532,0.7287925481796265,4.504576891933548
4,16,0,20,24,additive,relu,3,87500,16,8000,333.3,4,0.833,0.10006180763244643,2.7819635009765626,2.681901693344116,0.11848930200499766
4,16,4,24,24,interactive,relu,3,81000,16,8000,333.3,3,1.0,0.06184270620346066,0.6476210021972656,0.5857782959938049,4.3403254700344425
4,16,0,20,32,additive,relu,1,77000,16,8000,250.0,4,0.625,0.10095046615600589,3.0365645751953125,2.9356141090393066,0.06866452418132134
4,16,0,20,24,additive,identity,3,87500,16,8000,333.3,4,0.833,0.07919327735900872,2.761094970703125,2.681901693344116,0.03553567057990634
4,16,0,20,32,additive,relu,2,77500,16,8000,250.0,4,0.625,0.09907373237609862,2.760674560546875,2.6616008281707764,0.11922360405167928
4,16,0,20,16,additive,identity,2,97500,16,8000,500.0,3,1.25,0.2132681903839111,2.8748690185546875,2.6616008281707764,0.0762007439995495
4,16,0,20,32,additive,identity,2,72000,16,8000,250.0,4,0.625,0.08924145698547381,2.75084228515625,2.6616008281707764,0.05813283390703399
4,16,4,24,16,interactive,identity,1,92500,16,8000,500.0,5,1.5,0.07263275051116946,0.8259921875,0.7533594369888306,1.5168340740829307
4,16,0,20,24,additive,relu,0,94000,16,8000,333.3,4,0.833,0.0979776668548582,2.8090069580078123,2.711029291152954,0.14427525124940296
4,16,0,20,24,additive,identity,0,94000,16,8000,333.3,4,0.833,0.07647937583923348,2.7875086669921876,2.711029291152954,0.03823904139355108
4,16,4,24,16,interactive,relu,3,94000,16,8000,500.0,3,1.5,0.08026168203353878,0.6660399780273437,0.5857782959938049,3.1035262692031567
4,16,0,20,16,additive,relu,3,113000,16,8000,500.0,4,1.25,0.3207611484527586,3.002662841796875,2.681901693344116,0.6887071994382392
4,16,0,20,24,additive,relu,2,97500,16,8000,333.3,4,0.833,0.09594482612609845,2.757545654296875,2.6616008281707764,0.10591104998381458
4,16,4,24,32,interactive,relu,3,65500,16,8000,250.0,3,0.75,0.05822786855697637,0.6440061645507813,0.5857782959938049,5.180011167277579
4,16,4,24,16,interactive,relu,2,101000,16,8000,500.0,2,1.5,0.10264717960357661,0.8314397277832031,0.7287925481796265,2.963504810664534
4,16,4,24,16,interactive,identity,2,101500,16,8000,500.0,4,1.5,0.07079329776763921,0.7995858459472657,0.7287925481796265,1.0667782498719143
4,16,4,24,16,interactive,relu,0,103500,16,8000,500.0,2,1.5,0.0843047962188721,0.6857917175292969,0.6014869213104248,3.023078812702289
4,16,4,24,32,interactive,identity,3,61000,16,8000,250.0,3,0.75,0.045869683742523204,0.6316479797363281,0.5857782959938049,3.4138785894878043
4,16,0,20,32,additive,identity,3,83000,16,8000,250.0,4,0.625,0.08670914649963368,2.76861083984375,2.681901693344116,0.045150650302840385
4,16,4,24,32,interactive,identity,2,66000,16,8000,250.0,5,0.75,0.05575655460357665,0.7845491027832031,0.7287925481796265,2.033788366178392
4,16,4,24,32,interactive,relu,1,81000,16,8000,250.0,4,0.75,0.07542895412445072,0.8287883911132813,0.7533594369888306,4.466349359435362
4,16,0,20,32,additive,relu,0,95500,16,8000,250.0,4,0.625,0.0934194393157961,2.80444873046875,2.711029291152954,0.09763924449597611
4,16,0,20,16,additive,identity,3,113500,16,8000,500.0,3,1.25,0.2340168857574465,2.9159185791015627,2.681901693344116,0.06410301024064584
4,16,0,20,48,additive,relu,0,63000,16,8000,166.7,5,0.417,0.11096021080017104,2.821989501953125,2.711029291152954,0.18228933116860613
4,16,0,20,32,additive,relu,3,94500,16,8000,250.0,5,0.625,0.09521817970275892,2.777119873046875,2.681901693344116,0.08419983905699815
4,16,0,20,32,additive,identity,0,94000,16,8000,250.0,4,0.625,0.0839209041595459,2.7949501953125,2.711029291152954,0.05816600346161562
4,16,4,24,32,interactive,identity,1,76500,16,8000,250.0,6,0.75,0.054555083274841265,0.8079145202636718,0.7533594369888306,2.221095357060504
4,16,4,24,16,interactive,relu,1,117000,16,8000,500.0,3,1.5,0.1014811697006226,0.8548406066894532,0.7533594369888306,3.339475899142776
4,16,0,20,48,additive,relu,1,59500,16,8000,166.7,4,0.417,0.11465346908569352,3.050267578125,2.9356141090393066,0.0839355666784772
4,16,0,20,48,additive,identity,1,50000,16,8000,166.7,4,0.417,0.11500332260131829,3.050617431640625,2.9356141090393066,0.07884188028517039
4,16,0,20,16,additive,relu,0,141500,16,8000,500.0,3,1.25,0.2795864315032959,2.99061572265625,2.711029291152954,0.5292373226389151
4,16,4,24,64,interactive,identity,1,30500,16,8000,125.0,5,0.375,0.07465170192718507,0.8280111389160156,0.7533594369888306,5.240132029334175
4,16,4,24,48,interactive,relu,2,44500,16,8000,166.7,3,0.5,0.07227138614654538,0.8010639343261718,0.7287925481796265,5.310725819812909
4,16,4,24,48,interactive,identity,3,40000,16,8000,166.7,3,0.5,0.052669885158538765,0.6384481811523437,0.5857782959938049,6.0685240705764505
4,16,0,20,48,additive,identity,0,58000,16,8000,166.7,4,0.417,0.10827234458923352,2.8193016357421876,2.711029291152954,0.09907374254733824
4,16,4,24,64,interactive,relu,3,33500,16,8000,125.0,3,0.375,0.05661205434799199,0.6423903503417969,0.5857782959938049,9.710142660118683
4,16,4,24,48,interactive,relu,0,50500,16,8000,166.7,3,0.5,0.060005022048950196,0.661491943359375,0.6014869213104248,5.868614029024154
4,16,4,24,64,interactive,identity,3,33000,16,8000,125.0,4,0.375,0.05936617422103885,0.6451444702148438,0.5857782959938049,6.345492253966008
4,16,0,20,64,additive,identity,2,40500,16,8000,125.0,4,0.312,0.12751501655578634,2.7891158447265627,2.6616008281707764,0.1966854004653916
4,16,0,20,48,additive,identity,2,59500,16,8000,166.7,4,0.417,0.10660498237609861,2.768205810546875,2.6616008281707764,0.12141705777476862
4,16,4,24,48,interactive,identity,0,49000,16,8000,166.7,4,0.5,0.05438563728332524,0.65587255859375,0.6014869213104248,4.156744144996653
4,16,4,24,48,interactive,relu,1,53000,16,8000,166.7,3,0.5,0.07259103298187253,0.8259504699707031,0.7533594369888306,7.673217201240542
4,16,0,20,48,additive,identity,3,58500,16,8000,166.7,4,0.417,0.10786893653869623,2.7897706298828124,2.681901693344116,0.1020939657808645
4,16,4,24,48,interactive,identity,1,52500,16,8000,166.7,5,0.5,0.06072323513031008,0.8140826721191406,0.7533594369888306,4.12569048512348
4,16,0,20,64,additive,relu,1,50000,16,8000,125.0,5,0.312,0.12383889389038094,3.0594530029296876,2.9356141090393066,0.18707383759940513
4,16,4,24,64,interactive,relu,0,44500,16,8000,125.0,3,0.375,0.06008433723449702,0.6615712585449218,0.6014869213104248,7.294085169829674
4,16,0,20,64,additive,identity,1,50000,16,8000,125.0,4,0.312,0.12743630599975564,3.0630504150390623,2.9356141090393066,0.13536826873245833
4,16,4,24,64,interactive,relu,2,44500,16,8000,125.0,3,0.375,0.07212752628326413,0.8009200744628906,0.7287925481796265,6.617170755505371
4,16,4,24,48,interactive,relu,3,57000,16,8000,166.7,3,0.5,0.05460476064682007,0.640383056640625,0.5857782959938049,6.558872704311598
4,16,4,24,64,interactive,identity,2,45000,16,8000,125.0,5,0.375,0.06847188663482662,0.7972644348144531,0.7287925481796265,4.307160028976307
4,16,4,24,64,interactive,identity,0,45500,16,8000,125.0,4,0.375,0.05930293464660641,0.6607898559570312,0.6014869213104248,4.907951137933835
4,16,4,24,64,interactive,relu,1,47000,16,8000,125.0,4,0.375,0.07325372219085691,0.8266131591796875,0.7533594369888306,6.807929151401885
4,16,4,24,96,interactive,relu,3,33000,16,8000,83.3,3,0.25,0.05751537466049195,0.6432936706542969,0.5857782959938049,12.367122520365426
4,16,0,20,48,additive,relu,2,79000,16,8000,166.7,5,0.417,0.10525927925109846,2.766860107421875,2.6616008281707764,0.14519409053333715
4,16,0,20,64,additive,identity,0,58000,16,8000,125.0,4,0.312,0.12058106040954586,2.8316103515625,2.711029291152954,0.17783103019560523
4,16,0,20,64,additive,relu,2,57500,16,8000,125.0,5,0.312,0.11802063179016109,2.7796214599609375,2.6616008281707764,0.1572240305772216
4,16,0,20,48,additive,relu,3,77000,16,8000,166.7,5,0.417,0.1061733798980713,2.7880750732421875,2.681901693344116,0.13447161932027704
4,16,4,24,96,interactive,relu,1,38000,16,8000,83.3,4,0.25,0.07785507106781009,0.8312145080566407,0.7533594369888306,9.651268230104039
4,16,4,24,96,interactive,relu,2,38500,16,8000,83.3,3,0.25,0.075261528968811,0.8040540771484375,0.7287925481796265,8.496468851538523
4,16,4,24,96,interactive,identity,3,33000,16,8000,83.3,3,0.25,0.06674166250228886,0.6525199584960938,0.5857782959938049,12.496717757272288
4,16,0,20,64,additive,identity,3,58500,16,8000,125.0,5,0.312,0.12042923927307125,2.8023309326171875,2.681901693344116,0.17039048271991689
4,16,4,24,96,interactive,relu,0,41000,16,8000,83.3,3,0.25,0.06239961433410646,0.6638865356445313,0.6014869213104248,9.009688521223177
4,16,0,20,96,additive,relu,2,47500,16,8000,83.3,5,0.208,0.1358276386260986,2.797428466796875,2.6616008281707764,0.3112547621720244
4,16,0,20,64,additive,relu,0,63000,16,8000,125.0,5,0.312,0.11753955650329573,2.82856884765625,2.711029291152954,0.30561311392481716
4,16,0,20,96,additive,relu,1,50000,16,8000,83.3,5,0.208,0.1398125267028809,3.0754266357421876,2.9356141090393066,0.16672613965371774
4,16,4,24,48,interactive,identity,2,67500,16,8000,166.7,4,0.5,0.059128716468811016,0.7879212646484375,0.7287925481796265,3.438584022173394
4,16,0,20,96,additive,relu,3,50000,16,8000,83.3,6,0.208,0.1343066806793214,2.8162083740234376,2.681901693344116,0.23952695613192473
4,16,0,20,96,additive,relu,0,54000,16,8000,83.3,6,0.208,0.13537866783142105,2.846407958984375,2.711029291152954,0.26675255353349997
4,16,0,20,64,additive,relu,3,70500,16,8000,125.0,5,0.312,0.11496573829650858,2.796867431640625,2.681901693344116,0.2384470068136116
4,16,4,24,96,interactive,identity,0,49000,16,8000,83.3,4,0.25,0.06516731452941893,0.6666542358398437,0.6014869213104248,7.907466044086214
4,16,0,20,96,additive,identity,2,57500,16,8000,83.3,4,0.208,0.13435742378234883,2.795958251953125,2.6616008281707764,0.2431210860994005
4,16,4,24,96,interactive,identity,1,52500,16,8000,83.3,5,0.25,0.0732686758041382,0.8266281127929688,0.7533594369888306,8.54975326023896
4,16,0,20,96,additive,identity,3,72000,16,8000,83.3,4,0.208,0.12622550392150877,2.808127197265625,2.681901693344116,0.29444244606924497
4,16,4,24,96,interactive,identity,2,67500,16,8000,83.3,4,0.25,0.07093489933013919,0.7997274475097657,0.7287925481796265,5.788012717031319
8,1,0,9,16,additive,identity,1,61000,16,8000,500.0,5,0.562,0.03798095130920398,3.2897354736328124,3.2517545223236084,0.18712892197734632
4,16,0,20,96,additive,identity,1,77500,16,8000,83.3,4,0.208,0.1273133811950684,3.062927490234375,2.9356141090393066,0.17621019189634896
8,1,0,9,24,additive,relu,2,51500,16,8000,333.3,7,0.375,0.03381382751464823,3.0354407958984373,3.001626968383789,0.947306847778641
8,1,0,9,16,additive,identity,3,62500,16,8000,500.0,5,0.562,0.04007503890991204,2.8607523193359374,2.8206772804260254,0.31038019717158416
8,1,0,9,16,additive,relu,2,73500,16,8000,500.0,6,0.562,0.03287486267089834,3.0345018310546874,3.001626968383789,0.4956818719559964
8,1,1,10,24,interactive,relu,0,48500,16,8000,333.3,4,0.417,0.03424230289459218,1.9751854248046874,1.9409431219100952,3.1855137533579203
8,1,0,9,16,additive,relu,1,77000,16,8000,500.0,5,0.562,0.029370843887329023,3.2811253662109374,3.2517545223236084,0.48251881352963155
8,1,1,10,24,interactive,relu,1,50000,16,8000,333.3,6,0.417,0.03523153495788556,3.1807176513671873,3.1454861164093018,1.1069851757171336
8,1,1,10,16,interactive,identity,3,59500,16,8000,500.0,3,0.625,0.0320238857269286,1.5439393310546874,1.5119154453277588,3.7135544971043957
8,1,0,9,32,additive,relu,0,44500,16,8000,250.0,7,0.281,0.034247884750366,3.188924560546875,3.154676675796509,0.3639946142701926
8,1,0,9,16,additive,relu,3,72000,16,8000,500.0,6,0.562,0.03311166000366228,2.8537889404296877,2.8206772804260254,0.48919351044798925
8,1,0,9,24,additive,relu,0,60500,16,8000,333.3,7,0.375,0.031962850570678825,3.1866395263671876,3.154676675796509,0.48675855473392304
8,1,1,10,16,interactive,relu,0,66000,16,8000,500.0,3,0.625,0.038961602210998425,1.9799047241210936,1.9409431219100952,3.419727069196316
8,1,1,10,16,interactive,identity,2,62500,16,8000,500.0,6,0.625,0.04045385932922363,2.66305322265625,2.6225993633270264,0.7926442937495862
8,1,0,9,16,additive,identity,2,72000,16,8000,500.0,6,0.562,0.037378646850585895,3.039005615234375,3.001626968383789,0.14265921066487172
8,1,0,9,32,additive,relu,3,47000,16,8000,250.0,7,0.281,0.03411825180053718,2.8547955322265626,2.8206772804260254,0.44134991768952014
8,1,1,10,24,interactive,relu,2,56000,16,8000,333.3,5,0.417,0.0361948261260987,2.658794189453125,2.6225993633270264,1.717264393102357
8,1,0,9,32,additive,relu,2,49500,16,8000,250.0,7,0.281,0.03216050720214847,3.0337874755859375,3.001626968383789,0.2848920317995675
8,1,0,9,16,additive,identity,0,77000,16,8000,500.0,6,0.562,0.03791914939880359,3.1925958251953124,3.154676675796509,0.34298975700737383
8,1,1,10,24,interactive,relu,3,58000,16,8000,333.3,3,0.417,0.030943197250366206,1.542858642578125,1.5119154453277588,5.362557538007135
8,1,1,10,24,interactive,identity,3,53500,16,8000,333.3,3,0.417,0.0330635585784913,1.54497900390625,1.5119154453277588,5.2823597687864465
8,1,0,9,24,additive,identity,3,64000,16,8000,333.3,6,0.375,0.04014229965209948,2.860819580078125,2.8206772804260254,0.3654631112792854
8,1,0,9,24,additive,relu,3,64000,16,8000,333.3,8,0.375,0.03137215805053728,2.8520494384765627,2.8206772804260254,0.3205416219902657
8,1,0,9,16,additive,relu,0,87000,16,8000,500.0,6,0.562,0.03379024314880352,3.1884669189453123,3.154676675796509,0.5933528536875377
8,1,1,10,32,interactive,relu,3,39500,16,8000,250.0,2,0.312,0.030579122543334947,1.5424945678710937,1.5119154453277588,10.079747008268122
8,1,1,10,32,interactive,relu,0,46000,16,8000,250.0,5,0.312,0.033241021156311,1.9741841430664062,1.9409431219100952,3.8341881570867797
8,1,0,9,24,additive,identity,2,66000,16,8000,333.3,6,0.375,0.04082359313964856,3.0424505615234376,3.001626968383789,0.5661232177443165
8,1,1,10,24,interactive,identity,2,59500,16,8000,333.3,6,0.417,0.04180822944641127,2.6644075927734376,2.6225993633270264,0.40055702866211
4,16,0,20,96,additive,identity,0,95500,16,8000,83.3,4,0.208,0.11605103111267079,2.827080322265625,2.711029291152954,0.26679130807098256
8,1,0,9,32,additive,identity,1,53500,16,8000,250.0,5,0.281,0.04359227943420407,3.2953468017578125,3.2517545223236084,0.6151500784186419
8,1,1,10,16,interactive,relu,1,75500,16,8000,500.0,5,0.625,0.03366146659851088,3.1791475830078126,3.1454861164093018,0.40644095218644427
8,1,1,10,32,interactive,relu,1,50000,16,8000,250.0,6,0.312,0.03454415702819835,3.1800302734375,3.1454861164093018,0.6068709922571146
8,1,0,9,24,additive,identity,1,71000,16,8000,333.3,5,0.375,0.037338861465454176,3.2890933837890626,3.2517545223236084,0.39998457742330856
8,1,0,9,32,additive,identity,2,55500,16,8000,250.0,6,0.281,0.04644224548339837,3.0480692138671874,3.001626968383789,0.4732642946626413
8,1,0,9,24,additive,relu,1,74500,16,8000,333.3,7,0.375,0.02791954994201662,3.279674072265625,3.2517545223236084,0.594230405057629
8,1,1,10,16,interactive,relu,3,78500,16,8000,500.0,2,0.625,0.03068703269958495,1.5426024780273437,1.5119154453277588,4.288115654202806
8,1,1,10,16,interactive,relu,2,81000,16,8000,500.0,5,0.625,0.03674707221984885,2.659346435546875,2.6225993633270264,0.7610605926940537
8,1,1,10,16,interactive,identity,1,81500,16,8000,500.0,5,0.625,0.03606307792663577,3.1815491943359375,3.1454861164093018,0.27758662334327455
8,1,1,10,24,interactive,identity,0,71000,16,8000,333.3,5,0.417,0.03514678287506112,1.9760899047851563,1.9409431219100952,1.9535677016129458
8,1,0,9,24,additive,identity,0,80500,16,8000,333.3,6,0.375,0.03861299705505372,3.1932896728515625,3.154676675796509,0.26195832303263894
8,1,0,9,32,additive,identity,0,68000,16,8000,250.0,6,0.281,0.04361128807067871,3.1982879638671875,3.154676675796509,0.3272442548161698
8,1,1,10,32,interactive,identity,1,49500,16,8000,250.0,4,0.312,0.047723966598510525,3.1932100830078123,3.1454861164093018,0.4811244962480457
8,1,0,9,32,additive,relu,1,68500,16,8000,250.0,6,0.281,0.028637567520141793,3.28039208984375,3.2517545223236084,0.42082516862215696
8,1,1,10,24,interactive,identity,1,73000,16,8000,333.3,5,0.417,0.03981027030944828,3.18529638671875,3.1454861164093018,0.49692386198660266
8,1,0,9,32,additive,identity,3,64000,16,8000,250.0,6,0.281,0.04179806137084974,2.862475341796875,2.8206772804260254,0.5660266629595454
8,1,1,10,32,interactive,identity,0,54000,16,8000,250.0,5,0.312,0.04039159488677968,1.981334716796875,1.9409431219100952,2.4224273252442776
8,1,1,10,32,interactive,relu,2,59500,16,8000,250.0,5,0.312,0.03295019721984849,2.655549560546875,2.6225993633270264,1.9172102614169062
8,1,1,10,16,interactive,identity,0,90500,16,8000,500.0,5,0.625,0.031299798011779734,1.972242919921875,1.9409431219100952,1.1161335287172487
8,1,1,10,48,interactive,relu,0,33500,16,8000,166.7,5,0.208,0.03602105045318593,1.9769641723632811,1.9409431219100952,3.7725393245444634
8,1,0,9,48,additive,relu,0,41500,16,8000,166.7,8,0.188,0.03645833396911602,3.191135009765625,3.154676675796509,0.46550882840550994
8,1,0,9,48,additive,identity,3,37500,16,8000,166.7,7,0.188,0.054663051605224666,2.87534033203125,2.8206772804260254,0.601068686727904
8,1,0,9,48,additive,identity,0,41500,16,8000,166.7,6,0.188,0.05485420799255358,3.2095308837890624,3.154676675796509,0.4851141496030131
8,1,0,9,48,additive,relu,3,42500,16,8000,166.7,9,0.188,0.03560470199584964,2.856281982421875,2.8206772804260254,0.480506680461092
8,1,1,10,64,interactive,relu,3,28000,16,8000,125.0,2,0.156,0.033308797836303805,1.5452242431640626,1.5119154453277588,18.806835586254877
8,1,1,10,48,interactive,identity,1,40000,16,8000,166.7,6,0.208,0.05593844413757321,3.201424560546875,3.1454861164093018,0.6839066008692029
8,1,1,10,48,interactive,relu,2,41000,16,8000,166.7,6,0.208,0.03704773139953632,2.6596470947265627,2.6225993633270264,2.558580597675349
8,1,0,9,48,additive,relu,1,47000,16,8000,166.7,8,0.188,0.034412347793578935,3.2861668701171873,3.2517545223236084,0.24528863076879653
8,1,1,10,48,interactive,relu,3,39500,16,8000,166.7,2,0.208,0.029902425765991225,1.54181787109375,1.5119154453277588,17.30129910527469
8,1,1,10,32,interactive,identity,3,53500,16,8000,250.0,3,0.312,0.03360237693786616,1.545517822265625,1.5119154453277588,6.19698862156116
8,1,1,10,64,interactive,relu,0,33500,16,8000,125.0,5,0.156,0.036895073890686136,1.9778381958007814,1.9409431219100952,5.564665186541275
8,1,0,9,64,additive,relu,3,34500,16,8000,125.0,9,0.141,0.03876253890991199,2.8594398193359374,2.8206772804260254,1.1270907737058904
8,1,0,9,48,additive,relu,2,49500,16,8000,166.7,7,0.188,0.03259312438964823,3.0342200927734373,3.001626968383789,0.5872856292390868
8,1,1,10,48,interactive,relu,1,46500,16,8000,166.7,8,0.208,0.03600973320007306,3.181495849609375,3.1454861164093018,0.4511677718962306
8,1,1,10,32,interactive,identity,2,59500,16,8000,250.0,6,0.312,0.04425610542297376,2.66685546875,2.6225993633270264,1.8855692437039748
8,1,0,9,64,additive,relu,2,39500,16,8000,125.0,9,0.141,0.03672850036621078,3.03835546875,3.001626968383789,0.818028046817694
8,1,0,9,64,additive,relu,0,41500,16,8000,125.0,9,0.141,0.03820943260192866,3.1928861083984375,3.154676675796509,0.778401939711655
8,1,1,10,48,interactive,identity,2,44500,16,8000,166.7,5,0.208,0.051207765579223796,2.67380712890625,2.6225993633270264,2.7785602328566696
8,1,1,10,64,interactive,relu,2,39500,16,8000,125.0,7,0.156,0.038587282180786,2.6611866455078124,2.6225993633270264,2.2101359991457583
8,1,0,9,64,additive,identity,1,43000,16,8000,125.0,5,0.141,0.05487157630920425,3.3066260986328126,3.2517545223236084,0.47232427706816305
8,1,0,9,48,additive,identity,1,53500,16,8000,166.7,5,0.188,0.04776964759826674,3.299524169921875,3.2517545223236084,0.3803089052148675
8,1,0,9,96,additive,identity,0,30500,16,8000,83.3,6,0.094,0.06985555076599104,3.2245322265625,3.154676675796509,0.538233640148033
8,1,0,9,64,additive,identity,2,45000,16,8000,125.0,6,0.141,0.054424789428710874,3.0560517578125,3.001626968383789,1.3145275428278023
8,1,1,10,64,interactive,identity,0,44000,16,8000,125.0,5,0.156,0.0481697931289673,1.9891129150390625,1.9409431219100952,4.839416823691017
8,1,0,9,96,additive,relu,1,34500,16,8000,83.3,9,0.094,0.04144225502014143,3.29319677734375,3.2517545223236084,2.204136595147879
8,1,0,9,96,additive,relu,2,34000,16,8000,83.3,9,0.094,0.04203404235839825,3.0436610107421873,3.001626968383789,1.2189628315047323
8,1,1,10,48,interactive,identity,0,54000,16,8000,166.7,5,0.208,0.04334655094146722,1.9842896728515624,1.9409431219100952,2.3481104597926037
8,1,0,9,96,additive,relu,3,34500,16,8000,83.3,10,0.094,0.04214168930053708,2.8628189697265625,2.8206772804260254,1.5975115517384377
8,1,0,9,64,additive,relu,1,48500,16,8000,125.0,8,0.141,0.034905878067016616,3.286660400390625,3.2517545223236084,0.767468982556439
8,1,0,9,64,additive,identity,3,50000,16,8000,125.0,7,0.141,0.053184535980224545,2.87386181640625,2.8206772804260254,0.7718545822174446
8,1,1,10,64,interactive,relu,1,49000,16,8000,125.0,8,0.156,0.038410001754760614,3.1838961181640624,3.1454861164093018,0.654285446414124
8,1,1,10,96,interactive,relu,0,33500,16,8000,83.3,7,0.104,0.039859978675842234,1.9808031005859374,1.9409431219100952,6.4811981809783035
8,1,1,10,64,interactive,identity,3,45500,16,8000,125.0,2,0.156,0.04131239891052241,1.5532278442382812,1.5119154453277588,15.342548234164271
8,1,0,9,96,additive,relu,0,41500,16,8000,83.3,10,0.094,0.03952474021911634,3.194201416015625,3.154676675796509,0.91546896790321
8,1,1,10,96,interactive,relu,3,34500,16,8000,83.3,2,0.104,0.03541939353942869,1.5473348388671875,1.5119154453277588,32.34127498272031
8,1,1,10,64,interactive,identity,1,52000,16,8000,125.0,6,0.156,0.054802457809448146,3.20028857421875,3.1454861164093018,0.33117298570692605
8,1,1,10,48,interactive,identity,3,59500,16,8000,166.7,3,0.208,0.036221700668334966,1.5481371459960938,1.5119154453277588,8.882993336767184
8,1,1,10,96,interactive,identity,3,38500,16,8000,83.3,2,0.104,0.048188192367553784,1.5601036376953126,1.5119154453277588,28.382694319648873
8,1,1,10,96,interactive,relu,2,39500,16,8000,83.3,8,0.104,0.04148840522766095,2.6640877685546873,2.6225993633270264,3.4525562287412095
8,1,0,9,64,additive,identity,0,61000,16,8000,125.0,6,0.141,0.050678060531616165,3.205354736328125,3.154676675796509,1.1603338927577627
8,1,0,9,96,additive,identity,2,45000,16,8000,83.3,6,0.094,0.06106285095214847,3.0626898193359375,3.001626968383789,1.5872373799430175
8,1,0,9,96,additive,identity,1,49500,16,8000,83.3,6,0.094,0.057644037246704194,3.3093985595703126,3.2517545223236084,1.1526012801244065
8,1,1,10,64,interactive,identity,2,59500,16,8000,125.0,6,0.156,0.05209008979797369,2.674689453125,2.6225993633270264,1.870797440214739
8,1,1,10,96,interactive,relu,1,43000,16,8000,83.3,8,0.104,0.04283675956726096,3.1883228759765627,3.1454861164093018,1.441658338467664
8,1,0,9,48,additive,identity,2,77000,16,8000,166.7,6,0.188,0.04446617126464858,3.0460931396484376,3.001626968383789,0.3509658267272714
8,1,0,9,96,additive,identity,3,50000,16,8000,83.3,6,0.094,0.059549282073974474,2.8802265625,2.8206772804260254,1.2290494278035173
8,1,1,10,96,interactive,identity,0,52000,16,8000,83.3,5,0.104,0.05165514469146726,1.9925982666015625,1.9409431219100952,5.385815434802353
8,1,1,10,96,interactive,identity,2,59500,16,8000,83.3,6,0.104,0.05779675483703617,2.6803961181640625,2.6225993633270264,3.7573939311150375
8,2,0,10,24,additive,identity,1,47500,16,8000,333.3,6,0.417,0.054334445953369226,3.1515419921875,3.097207546234131,0.35397307828169866
8,2,0,10,32,additive,relu,2,36000,16,8000,250.0,8,0.312,0.050597881317138604,3.0020181884765624,2.951420307159424,0.31946051820344495
8,2,0,10,24,additive,relu,3,52000,16,8000,333.3,7,0.417,0.048166851043701,2.6869193115234373,2.6387524604797363,0.4707840041912117
8,2,2,12,24,interactive,identity,0,44000,16,8000,333.3,5,0.5,0.042515431404113846,1.270478759765625,1.2279633283615112,1.863256843286144
8,2,0,10,16,additive,relu,1,65500,16,8000,500.0,5,0.625,0.04876974868774431,3.145977294921875,3.097207546234131,0.21472715164195946
8,2,0,10,16,additive,relu,0,70000,16,8000,500.0,6,0.625,0.04703346061706526,3.0797437744140623,3.032710313796997,0.29024999959877545
8,2,0,10,16,additive,identity,2,63500,16,8000,500.0,6,0.625,0.047636333465576275,2.999056640625,2.951420307159424,0.06632509029057497
8,2,0,10,32,additive,identity,2,36000,16,8000,250.0,7,0.312,0.06330491256713877,3.0147252197265626,2.951420307159424,0.25191082764708883
8,2,0,10,16,additive,relu,2,68500,16,8000,500.0,6,0.625,0.04986875534057633,3.0012890625,2.951420307159424,0.4090571377559115
8,2,0,10,16,additive,relu,3,68000,16,8000,500.0,6,0.625,0.051971660614013704,2.69072412109375,2.6387524604797363,0.43499352721078005
8,2,2,12,24,interactive,relu,0,55000,16,8000,333.3,5,0.5,0.0417860612869263,1.2697493896484375,1.2279633283615112,2.41573142260497
8,2,0,10,32,additive,relu,1,47500,16,8000,250.0,7,0.312,0.044221530914306584,3.1414290771484374,3.097207546234131,0.28969608260861335
8,1,1,10,96,interactive,identity,1,77000,16,8000,83.3,5,0.104,0.05489718437194835,3.20038330078125,3.1454861164093018,1.0655125637808036
8,2,0,10,24,additive,relu,2,63500,16,8000,333.3,7,0.417,0.04243345260620135,2.993853759765625,2.951420307159424,0.2772816070240179
8,2,0,10,32,additive,identity,1,47500,16,8000,250.0,6,0.312,0.055944309234619016,3.15315185546875,3.097207546234131,0.17514014575465656
8,2,2,12,24,interactive,relu,3,58000,16,8000,333.3,6,0.5,0.05305887126922615,1.7753681030273438,1.7223092317581177,1.560327552371779
8,2,0,10,24,additive,identity,2,63500,16,8000,333.3,6,0.417,0.04891880416870098,3.000339111328125,2.951420307159424,0.1601651133727077
8,2,0,10,24,additive,relu,1,65500,16,8000,333.3,7,0.417,0.040593967437744016,3.137801513671875,3.097207546234131,0.2904062337398348
8,2,0,10,32,additive,identity,0,50000,16,8000,250.0,6,0.312,0.05786012077331559,3.0905704345703127,3.032710313796997,0.17456897871099
8,2,2,12,32,interactive,relu,0,44000,16,8000,250.0,4,0.375,0.041720631599426294,1.2696839599609375,1.2279633283615112,3.963254549757984
8,2,2,12,16,interactive,identity,2,69500,16,8000,500.0,5,0.75,0.04402257728576653,1.8193214111328124,1.775298833847046,1.5196073179928768
8,2,2,12,16,interactive,identity,3,68000,16,8000,500.0,5,0.75,0.04739993572235113,1.7697091674804688,1.7223092317581177,0.7511220771583684
8,2,2,12,16,interactive,identity,1,72000,16,8000,500.0,4,0.75,0.04253619289398203,1.9503222045898438,1.9077860116958618,1.6149953224736429
8,2,0,10,24,additive,relu,0,68000,16,8000,333.3,8,0.417,0.04215858268737804,3.074868896484375,3.032710313796997,0.44573503476442855
8,2,0,10,24,additive,identity,0,68000,16,8000,333.3,6,0.417,0.048024549484253054,3.08073486328125,3.032710313796997,0.08166012363021534
8,2,2,12,32,interactive,identity,1,42000,16,8000,250.0,4,0.375,0.05351916408538826,1.96130517578125,1.9077860116958618,3.640467231042713
8,2,2,12,16,interactive,relu,2,75500,16,8000,500.0,3,0.75,0.06188451576232912,1.837183349609375,1.775298833847046,3.0520580137172035
8,2,0,10,24,additive,identity,3,67000,16,8000,333.3,6,0.417,0.04911948776245101,2.6878719482421873,2.6387524604797363,0.24848978311680342
8,2,2,12,32,interactive,relu,1,49500,16,8000,250.0,4,0.375,0.048303709983825716,1.9560897216796875,1.9077860116958618,4.411059904237847
8,2,2,12,24,interactive,relu,1,65000,16,8000,333.3,4,0.5,0.04835534572601308,1.956141357421875,1.9077860116958618,2.676470667041366
8,2,0,10,32,additive,relu,0,59000,16,8000,250.0,8,0.312,0.04578529167175294,3.07849560546875,3.032710313796997,0.40738135028728467
8,2,2,12,24,interactive,identity,1,65000,16,8000,333.3,4,0.5,0.04508685207366936,1.9528728637695312,1.9077860116958618,2.6319131012763375
8,2,0,10,16,additive,identity,3,80500,16,8000,500.0,6,0.625,0.04416758346557614,2.6829200439453125,2.6387524604797363,0.134102826271402
8,2,2,12,16,interactive,relu,3,79000,16,8000,500.0,5,0.75,0.057530367851257314,1.779839599609375,1.7223092317581177,1.0484171229438215
8,2,2,12,16,interactive,identity,0,80500,16,8000,500.0,6,0.75,0.033848439216613846,1.261811767578125,1.2279633283615112,1.3460752029181238
8,2,2,12,16,interactive,relu,1,79500,16,8000,500.0,3,0.75,0.051701659202575634,1.9594876708984375,1.9077860116958618,3.0660058735464912
8,2,2,12,24,interactive,relu,2,69500,16,8000,333.3,4,0.5,0.048405145645141534,1.8237039794921874,1.775298833847046,3.2639937788012197
8,2,2,12,16,interactive,relu,0,83000,16,8000,500.0,5,0.75,0.04649040699005136,1.2744537353515626,1.2279633283615112,2.1185698123434458
8,2,0,10,16,additive,identity,0,89500,16,8000,500.0,6,0.625,0.04168897819519035,3.0743992919921874,3.032710313796997,0.13188650128457538
8,2,2,12,24,interactive,identity,2,69500,16,8000,333.3,6,0.5,0.044945856094360304,1.8202446899414062,1.775298833847046,1.5785135190457606
8,2,2,12,32,interactive,relu,2,55000,16,8000,250.0,5,0.375,0.04790453529357919,1.823203369140625,1.775298833847046,3.169582106256973
8,2,2,12,32,interactive,identity,0,55500,16,8000,250.0,5,0.375,0.04183311939239509,1.2697964477539063,1.2279633283615112,2.474395545557422
8,2,0,10,16,additive,identity,1,95000,16,8000,500.0,6,0.625,0.04099618911743175,3.1382037353515626,3.097207546234131,0.09118584581265393
8,2,2,12,32,interactive,relu,3,58000,16,8000,250.0,7,0.375,0.049729769706726046,1.7720390014648437,1.7223092317581177,1.4726943600521825
8,2,2,12,32,interactive,identity,2,59000,16,8000,250.0,5,0.375,0.0508209781646729,1.8261198120117188,1.775298833847046,2.4670247368448424
8,2,0,10,32,additive,relu,3,69000,16,8000,250.0,7,0.312,0.0411025199890136,2.67985498046875,2.6387524604797363,0.43241718153154246
8,2,0,10,48,additive,relu,2,36000,16,8000,166.7,9,0.208,0.051445537567138544,3.0028658447265624,2.951420307159424,0.4214635130347028
8,2,2,12,32,interactive,identity,3,54000,16,8000,250.0,6,0.375,0.053372653007507376,1.775681884765625,1.7223092317581177,1.3057945173966268
8,2,0,10,32,additive,identity,3,68000,16,8000,250.0,6,0.312,0.05154880905151371,2.69030126953125,2.6387524604797363,0.2888514479547238
8,2,2,12,24,interactive,identity,3,79000,16,8000,333.3,6,0.5,0.045911349296569925,1.7682205810546876,1.7223092317581177,1.0940654095414404
8,2,0,10,48,additive,relu,0,46500,16,8000,166.7,9,0.208,0.04743678092956527,3.0801470947265623,3.032710313796997,0.39165221988793203
8,2,0,10,48,additive,identity,2,36000,16,8000,166.7,7,0.208,0.06833787155151372,3.0197581787109375,2.951420307159424,0.6282764919938076
8,2,2,12,48,interactive,relu,0,35500,16,8000,166.7,5,0.25,0.04342009449005135,1.2713834228515626,1.2279633283615112,4.528690407746201
8,2,0,10,64,additive,relu,3,29500,16,8000,125.0,9,0.156,0.0541824760437013,2.6929349365234376,2.6387524604797363,0.9078794276469652
8,2,0,10,48,additive,relu,1,45000,16,8000,166.7,8,0.208,0.046521457672119126,3.14372900390625,3.097207546234131,0.25452639689708545
8,2,2,12,48,interactive,identity,1,34500,16,8000,166.7,4,0.25,0.06188146877288814,1.96966748046875,1.9077860116958618,4.886139315502041
8,2,0,10,48,additive,relu,3,47500,16,8000,166.7,9,0.208,0.04564939498901355,2.68440185546875,2.6387524604797363,0.3680404371638886
8,2,0,10,64,additive,relu,2,36000,16,8000,125.0,9,0.156,0.051884868621826286,3.00330517578125,2.951420307159424,0.3497364186760435
8,2,2,12,64,interactive,relu,0,33500,16,8000,125.0,5,0.188,0.04538634204864511,1.2733496704101563,1.2279633283615112,4.758514420692694
8,2,2,12,48,interactive,identity,2,39000,16,8000,166.7,6,0.25,0.06143358802795418,1.836732421875,1.775298833847046,2.9789418109461874
8,2,0,10,48,additive,identity,0,50000,16,8000,166.7,6,0.208,0.06209205436706533,3.0948023681640624,3.032710313796997,0.2395781866981465
8,2,0,10,48,additive,identity,1,47500,16,8000,166.7,6,0.208,0.0629550514221191,3.16016259765625,3.097207546234131,0.5491262039840592
8,2,2,12,48,interactive,relu,1,43500,16,8000,166.7,5,0.25,0.04776006984710701,1.9555460815429688,1.9077860116958618,4.988946160530447
8,2,0,10,48,additive,identity,3,47500,16,8000,166.7,7,0.208,0.061454448699951314,2.7002069091796876,2.6387524604797363,0.340113155911725
8,2,2,12,48,interactive,relu,3,44000,16,8000,166.7,6,0.25,0.0508687467575073,1.773177978515625,1.7223092317581177,2.148556542546739
8,2,0,10,64,additive,relu,0,40000,16,8000,125.0,10,0.156,0.05170887565612814,3.084419189453125,3.032710313796997,0.3810374709506484
8,2,2,12,48,interactive,identity,0,45000,16,8000,166.7,5,0.25,0.04705907154083255,1.2750223999023438,1.2279633283615112,4.104683706002012
8,2,2,12,64,interactive,relu,3,37500,16,8000,125.0,7,0.188,0.05394278240203865,1.7762520141601563,1.7223092317581177,2.8210848527333883
8,2,0,10,64,additive,relu,1,42000,16,8000,125.0,8,0.156,0.05179269790649421,3.149000244140625,3.097207546234131,0.29363441292104386
8,2,2,12,64,interactive,relu,2,39000,16,8000,125.0,5,0.188,0.052540765762329134,1.827839599609375,1.775298833847046,5.596126405455742
8,2,2,12,48,interactive,relu,2,49500,16,8000,166.7,5,0.25,0.04968956947326664,1.8249884033203125,1.775298833847046,4.152839293373829
8,2,2,12,96,interactive,relu,2,25500,16,8000,83.3,5,0.125,0.05929577064514158,1.8345946044921875,1.775298833847046,7.674081275687665
8,2,2,12,64,interactive,relu,1,43500,16,8000,125.0,5,0.188,0.049401244163513214,1.957187255859375,1.9077860116958618,5.698607276934118
8,2,2,12,96,interactive,relu,0,29000,16,8000,83.3,6,0.125,0.04838280200958245,1.2763461303710937,1.2279633283615112,6.8864247806053145
8,2,0,10,64,additive,identity,1,47500,16,8000,125.0,7,0.156,0.06683737564086911,3.164044921875,3.097207546234131,0.44124875283974613
8,2,0,10,96,additive,relu,2,36000,16,8000,83.3,10,0.104,0.05751816940307597,3.0089384765625,2.951420307159424,0.6415184518788225
8,2,0,10,96,additive,relu,1,37000,16,8000,83.3,9,0.104,0.057637180328369286,3.1548447265625,3.097207546234131,0.4753889347579768
8,2,2,12,64,interactive,identity,1,43500,16,8000,125.0,5,0.188,0.06215258693695058,1.9699385986328124,1.9077860116958618,5.985018209323041
8,2,0,10,64,additive,identity,3,48000,16,8000,125.0,7,0.156,0.06436802291870114,2.7031204833984375,2.6387524604797363,1.0260793267933692
8,2,2,12,64,interactive,identity,0,45000,16,8000,125.0,5,0.188,0.050155934333801167,1.2781192626953124,1.2279633283615112,4.640774378929681
8,2,2,12,96,interactive,relu,1,32500,16,8000,83.3,6,0.125,0.05597766017913819,1.963763671875,1.9077860116958618,7.139228120468498
8,2,2,12,64,interactive,identity,3,44000,16,8000,125.0,6,0.188,0.06427286052703862,1.7865820922851563,1.7223092317581177,3.0857401581819683
8,2,0,10,96,additive,relu,0,40000,16,8000,83.3,9,0.104,0.05645155143737801,3.089161865234375,3.032710313796997,0.46162135675961574
8,2,0,10,96,additive,identity,0,40500,16,8000,83.3,7,0.104,0.07820716667175276,3.11091748046875,3.032710313796997,0.5023490375489965
8,2,0,10,96,additive,relu,3,40000,16,8000,83.3,10,0.104,0.056371562957763466,2.6951240234375,2.6387524604797363,0.8226954215101238
8,2,2,12,96,interactive,relu,3,34000,16,8000,83.3,7,0.125,0.05821982097625722,1.780529052734375,1.7223092317581177,3.611451199069085
8,2,2,12,48,interactive,identity,3,58000,16,8000,166.7,6,0.25,0.05765445232391353,1.7799636840820312,1.7223092317581177,2.1366092551875977
8,2,0,10,64,additive,identity,2,55500,16,8000,125.0,7,0.156,0.06513425827026387,3.0165545654296877,2.951420307159424,0.3960733354609229
8,2,2,12,64,interactive,identity,2,53000,16,8000,125.0,5,0.188,0.06017962074279781,1.8354784545898437,1.775298833847046,5.342882027444082
8,2,2,12,96,interactive,identity,1,43500,16,8000,83.3,5,0.125,0.06887017726898192,1.9766561889648437,1.9077860116958618,8.48498084072612
8,2,0,10,96,additive,identity,3,48000,16,8000,83.3,7,0.104,0.07261521530151382,2.71136767578125,2.6387524604797363,1.094858912095089
8,2,0,10,64,additive,identity,0,64500,16,8000,125.0,7,0.156,0.06050672721862771,3.093217041015625,3.032710313796997,0.4220968336628988
8,2,2,12,96,interactive,identity,0,45000,16,8000,83.3,5,0.125,0.05339195728301993,1.2813552856445312,1.2279633283615112,8.28446640363448
8,2,2,12,96,interactive,identity,3,44000,16,8000,83.3,6,0.125,0.06994064617156992,1.7922498779296876,1.7223092317581177,4.619504984484767
8,2,0,10,96,additive,identity,2,55500,16,8000,83.3,7,0.104,0.07439951705932613,3.02581982421875,2.951420307159424,0.7153147065434798
8,2,0,10,96,additive,identity,1,59000,16,8000,83.3,7,0.104,0.06961557388305684,3.1668231201171877,3.097207546234131,0.4487539729332036
8,2,2,12,96,interactive,identity,2,56000,16,8000,83.3,6,0.125,0.06509441566467289,1.8403932495117188,1.775298833847046,6.831353264941485
8,4,4,16,24,interactive,relu,0,47500,16,8000,333.3,6,0.667,0.06259574556350711,0.918185791015625,0.8555900454521179,1.9240836133318833
8,4,4,16,24,interactive,identity,1,46000,16,8000,333.3,4,0.667,0.05085402345657353,1.033529754638672,0.9826757311820984,2.4231274261471722
8,4,4,16,24,interactive,identity,0,47500,16,8000,333.3,6,0.667,0.051647930622100824,0.9072379760742187,0.8555900454521179,0.9803853200973127
8,4,4,16,24,interactive,identity,2,52000,16,8000,333.3,5,0.667,0.046192748069763145,0.8739082641601562,0.8277155160903931,1.5150714784154116
8,4,0,12,16,additive,relu,1,78000,16,8000,500.0,6,0.75,0.05883247184753415,2.9416328125,2.882800340652466,0.23681966248422218
8,4,4,16,16,interactive,identity,2,62500,16,8000,500.0,5,1.0,0.04653887844085691,0.87425439453125,0.8277155160903931,0.8416115416609344
8,4,4,16,24,interactive,identity,3,55500,16,8000,333.3,5,0.667,0.04349677705764765,0.7852791442871093,0.7417823672294617,1.952534661662444
8,4,0,12,24,additive,relu,1,67000,16,8000,333.3,6,0.5,0.05671699333190938,2.939517333984375,2.882800340652466,0.22049036811807618
8,4,0,12,16,additive,identity,3,74000,16,8000,500.0,6,0.75,0.05490724754333476,2.7512633056640623,2.6963560581207275,0.06487697089972563
8,4,0,12,24,additive,relu,2,67000,16,8000,333.3,7,0.5,0.056595554351806854,2.8277838134765627,2.771188259124756,0.2970592177094347
8,4,0,12,32,additive,identity,2,53000,16,8000,250.0,6,0.375,0.06920370864868186,2.8403919677734377,2.771188259124756,0.16557367673260256
8,4,0,12,16,additive,relu,2,82000,16,8000,500.0,6,0.75,0.05946921157836904,2.830657470703125,2.771188259124756,0.22575310719068165
8,4,4,16,32,interactive,relu,1,46000,16,8000,250.0,3,0.5,0.05685527467727658,1.039531005859375,0.9826757311820984,4.6977819559843175
8,4,0,12,32,additive,identity,3,51500,16,8000,250.0,7,0.375,0.07004091453552252,2.76639697265625,2.6963560581207275,0.08656503152247515
8,4,0,12,24,additive,identity,2,69500,16,8000,333.3,6,0.5,0.05875143814086936,2.829939697265625,2.771188259124756,0.08147798772141075
8,4,0,12,16,additive,relu,3,85000,16,8000,500.0,6,0.75,0.0615254116058348,2.7578814697265623,2.6963560581207275,0.15039489981361961
8,4,0,12,16,additive,identity,0,86500,16,8000,500.0,6,0.75,0.05159335708618151,2.735241943359375,2.6836485862731934,0.07963719701789769
8,4,0,12,32,additive,relu,2,59500,16,8000,250.0,8,0.375,0.060127292633056495,2.8313155517578124,2.771188259124756,0.21026662708682833
8,4,4,16,32,interactive,relu,2,45000,16,8000,250.0,5,0.5,0.055923888206481975,0.883639404296875,0.8277155160903931,2.8779079190028645
8,4,0,12,32,additive,relu,3,59500,16,8000,250.0,8,0.375,0.060776510238647496,2.757132568359375,2.6963560581207275,0.2482463589612525
8,4,0,12,32,additive,identity,1,61000,16,8000,250.0,6,0.375,0.06392109489440934,2.946721435546875,2.882800340652466,0.16421233576597946
8,4,4,16,32,interactive,identity,0,47500,16,8000,250.0,7,0.5,0.052194408893585176,0.9077844543457031,0.8555900454521179,1.3563362089267268
8,4,4,16,32,interactive,identity,1,45500,16,8000,250.0,3,0.5,0.05101826906204221,1.0336940002441406,0.9826757311820984,4.084132080125371
8,4,0,12,24,additive,identity,3,74000,16,8000,333.3,7,0.5,0.05774294090271015,2.7540989990234377,2.6963560581207275,0.12377028022759652
8,4,0,12,16,additive,relu,0,94000,16,8000,500.0,6,0.75,0.059144870758056634,2.74279345703125,2.6836485862731934,0.2956216435126888
8,4,4,16,16,interactive,identity,3,78500,16,8000,500.0,5,1.0,0.04254542207717893,0.7843277893066406,0.7417823672294617,1.102438660837913
8,4,0,12,16,additive,identity,1,90500,16,8000,500.0,5,0.75,0.04970686149597148,2.9325072021484373,2.882800340652466,0.07263566054186173
8,4,0,12,24,additive,relu,3,74500,16,8000,333.3,7,0.5,0.05935390281677266,2.7557099609375,2.6963560581207275,0.19507742101941644
8,4,4,16,32,interactive,relu,0,59000,16,8000,250.0,7,0.5,0.05642084932327274,0.9120108947753907,0.8555900454521179,1.7841247871447998
8,4,4,16,16,interactive,identity,1,79500,16,8000,500.0,4,1.0,0.04391798830032356,1.026593719482422,0.9826757311820984,1.3734916109436206
8,4,0,12,24,additive,identity,1,79000,16,8000,333.3,5,0.5,0.055324659347534055,2.938125,2.882800340652466,0.195391715806418
8,4,4,16,32,interactive,relu,3,53000,16,8000,250.0,5,0.5,0.05189530611038207,0.7936776733398437,0.7417823672294617,3.5355830922052056
8,4,0,12,24,additive,relu,0,85000,16,8000,333.3,7,0.5,0.05567233657836912,2.7393209228515625,2.6836485862731934,0.34038615457327137
8,4,4,16,32,interactive,identity,2,52000,16,8000,250.0,7,0.5,0.04672607326507572,0.8744415893554688,0.8277155160903931,1.8735280717969556
8,4,0,12,16,additive,identity,2,90500,16,8000,500.0,6,0.75,0.05040036392211933,2.821588623046875,2.771188259124756,0.05510995993657982
8,4,0,12,48,additive,relu,0,45000,16,8000,166.7,8,0.25,0.0676390113830565,2.75128759765625,2.6836485862731934,0.2740167891898467
8,4,4,16,16,interactive,identity,0,86500,16,8000,500.0,5,1.0,0.04600785493850712,0.901597900390625,0.8555900454521179,0.9106272083246179
8,4,0,12,24,additive,identity,0,86500,16,8000,333.3,6,0.5,0.05517331314086915,2.7388218994140625,2.6836485862731934,0.12706457108957828
8,4,4,16,24,interactive,relu,1,79500,16,8000,333.3,3,0.667,0.05382503175735476,1.0365007629394531,0.9826757311820984,3.8321713903329675
8,4,4,16,24,interactive,relu,3,77000,16,8000,333.3,5,0.667,0.052684765338897654,0.7944671325683593,0.7417823672294617,2.559110093553626
8,4,4,16,32,interactive,identity,3,53000,16,8000,250.0,6,0.5,0.04488062715530394,0.7866629943847656,0.7417823672294617,2.130231281911185
8,4,4,16,24,interactive,relu,2,79000,16,8000,333.3,5,0.667,0.0528259878158569,0.88054150390625,0.8277155160903931,2.135025190068566
8,4,4,16,16,interactive,relu,3,88500,16,8000,500.0,4,1.0,0.058291088581085226,0.8000734558105469,0.7417823672294617,2.258159778906683
8,4,0,12,32,additive,relu,0,76000,16,8000,250.0,7,0.375,0.05668759536743151,2.740336181640625,2.6836485862731934,0.2351502639409348
8,4,0,12,32,additive,relu,1,76500,16,8000,250.0,7,0.375,0.055600782394409354,2.938401123046875,2.882800340652466,0.201437889153649
8,4,0,12,32,additive,identity,0,74500,16,8000,250.0,6,0.375,0.06238437271118169,2.746032958984375,2.6836485862731934,0.19417146661528198
8,4,0,12,48,additive,relu,1,49500,16,8000,166.7,8,0.25,0.06407368278503434,2.9468740234375,2.882800340652466,0.3036395221604221
8,4,4,16,16,interactive,relu,2,104000,16,8000,500.0,4,1.0,0.06504977321624761,0.8927652893066407,0.8277155160903931,1.7153463159755253
8,4,4,16,16,interactive,relu,1,107000,16,8000,500.0,2,1.0,0.05891890382766718,1.0415946350097656,0.9826757311820984,3.9597573485285964
8,4,4,16,48,interactive,identity,0,34500,16,8000,166.7,7,0.333,0.06109724092483515,0.9166872863769531,0.8555900454521179,2.1501498679825035
8,4,0,12,64,additive,identity,0,32500,16,8000,125.0,6,0.188,0.09285287857055646,2.77650146484375,2.6836485862731934,0.26299507674955674
8,4,4,16,48,interactive,relu,0,39000,16,8000,166.7,6,0.333,0.059352581501007085,0.914942626953125,0.8555900454521179,2.957077684183875
8,4,4,16,48,interactive,identity,3,36000,16,8000,166.7,6,0.333,0.053010174274444544,0.7947925415039062,0.7417823672294617,2.8582263641126975
8,4,4,16,16,interactive,relu,0,113000,16,8000,500.0,5,1.0,0.06767869234085078,0.9232687377929687,0.8555900454521179,1.598302006576131
8,4,0,12,48,additive,relu,3,51500,16,8000,166.7,9,0.25,0.06523268699646012,2.7615887451171877,2.6963560581207275,0.32501122110539143
8,4,4,16,48,interactive,relu,2,41000,16,8000,166.7,6,0.333,0.054786314964294425,0.8825018310546875,0.8277155160903931,3.672853891207709
8,4,0,12,48,additive,identity,1,50000,16,8000,166.7,6,0.25,0.07675593376159684,2.9595562744140627,2.882800340652466,0.34189014028494935
8,4,4,16,48,interactive,relu,1,46000,16,8000,166.7,3,0.333,0.055632130146026526,1.038307861328125,0.9826757311820984,7.431574617261808
8,4,4,16,64,interactive,relu,0,34500,16,8000,125.0,7,0.25,0.05927695894241336,0.9148670043945313,0.8555900454521179,3.276081042331949
8,4,0,12,96,additive,identity,1,27500,16,8000,83.3,6,0.125,0.10788825798034685,2.9906885986328127,2.882800340652466,1.0478390080009303
8,4,4,16,64,interactive,relu,1,35000,16,8000,125.0,3,0.25,0.059866383075714014,1.0425421142578124,0.9826757311820984,8.764915190592356
8,4,0,12,96,additive,relu,2,28500,16,8000,83.3,10,0.125,0.08473923110961934,2.855927490234375,2.771188259124756,0.37160672445174314
8,4,0,12,64,additive,relu,2,41000,16,8000,125.0,9,0.188,0.06966818618774395,2.8408564453125,2.771188259124756,0.25664468482006225
8,4,0,12,48,additive,identity,3,51500,16,8000,166.7,7,0.25,0.07699257469177256,2.7733486328125,2.6963560581207275,0.19287567565013358
8,4,4,16,48,interactive,identity,1,45500,16,8000,166.7,4,0.333,0.05519237184524539,1.0378681030273438,0.9826757311820984,4.530223566721547
8,4,4,16,64,interactive,relu,2,35500,16,8000,125.0,6,0.25,0.05677117824554445,0.8844866943359375,0.8277155160903931,4.511798358020579
8,4,4,16,96,interactive,relu,2,26500,16,8000,83.3,6,0.167,0.06087805080413822,0.8885935668945313,0.8277155160903931,5.847200930428042
8,4,0,12,96,additive,relu,0,32500,16,8000,83.3,9,0.125,0.08160409927368173,2.765252685546875,2.6836485862731934,0.4806956340305392
8,4,4,16,64,interactive,identity,3,36000,16,8000,125.0,5,0.25,0.05762247896194461,0.7994048461914063,0.7417823672294617,5.063647755905041
8,4,4,16,48,interactive,relu,3,49500,16,8000,166.7,6,0.333,0.050114758014678906,0.7918971252441406,0.7417823672294617,4.070577535082192
8,4,0,12,64,additive,relu,0,46500,16,8000,125.0,8,0.188,0.0701908912658693,2.7538394775390627,2.6836485862731934,0.3089076914930851
8,4,4,16,96,interactive,relu,1,30000,16,8000,83.3,3,0.167,0.06370494508743296,1.0463806762695314,0.9826757311820984,13.589344426120595
8,4,0,12,64,additive,relu,1,47000,16,8000,125.0,8,0.188,0.06736543083190938,2.950165771484375,2.882800340652466,0.2851523263805387
8,4,4,16,96,interactive,relu,0,31000,16,8000,83.3,7,0.167,0.0631581234931946,0.9187481689453125,0.8555900454521179,3.967587079176291
8,4,4,16,64,interactive,relu,3,40500,16,8000,125.0,6,0.25,0.05215839815139767,0.7939407653808593,0.7417823672294617,4.672908259616023
8,4,4,16,48,interactive,identity,2,52500,16,8000,166.7,7,0.333,0.051204222679138156,0.8789197387695312,0.8277155160903931,2.5741023860480503
8,4,4,16,96,interactive,identity,3,30000,16,8000,83.3,5,0.167,0.0658966183662415,0.8076789855957032,0.7417823672294617,7.070625247842828
8,4,0,12,48,additive,relu,2,67000,16,8000,166.7,8,0.25,0.06057455825805658,2.8317628173828124,2.771188259124756,0.19150179630592012
8,4,4,16,96,interactive,relu,3,31500,16,8000,83.3,5,0.167,0.05494196748733515,0.7967243347167968,0.7417823672294617,8.320000945977048
8,4,4,16,96,interactive,identity,0,32500,16,8000,83.3,7,0.167,0.07304209566116338,0.9286321411132813,0.8555900454521179,3.5724855658295573
8,4,0,12,64,additive,relu,3,51500,16,8000,125.0,10,0.188,0.06549379539489752,2.761849853515625,2.6963560581207275,0.39866572894997176
8,4,4,16,64,interactive,identity,1,45500,16,8000,125.0,3,0.25,0.05865099000930796,1.0413267211914063,0.9826757311820984,8.847981935497142
8,4,4,16,64,interactive,identity,0,47500,16,8000,125.0,6,0.25,0.06064344453811643,0.9162334899902344,0.8555900454521179,2.8045765048806626
8,4,4,16,64,interactive,identity,2,47000,16,8000,125.0,7,0.25,0.05720135402679438,0.8849168701171874,0.8277155160903931,3.505347553623395
8,4,0,12,64,additive,identity,2,53000,16,8000,125.0,7,0.188,0.0820856666564942,2.85327392578125,2.771188259124756,0.23314805900233354
8,4,0,12,96,additive,relu,3,41000,16,8000,83.3,11,0.125,0.07713014793396011,2.7734862060546877,2.6963560581207275,0.44776380674456373
8,4,0,12,48,additive,identity,2,67000,16,8000,166.7,6,0.25,0.06952585220336926,2.840714111328125,2.771188259124756,0.21447845953544745
8,4,0,12,64,additive,identity,1,65000,16,8000,125.0,6,0.188,0.07566084098815917,2.958461181640625,2.882800340652466,0.3794554420815625
8,4,0,12,96,additive,relu,1,50000,16,8000,83.3,8,0.125,0.0749743175506592,2.957774658203125,2.882800340652466,0.7190917654249649
8,4,4,16,96,interactive,identity,1,46000,16,8000,83.3,3,0.167,0.06441170167922983,1.0470874328613282,0.9826757311820984,11.876994988939632
8,4,0,12,48,additive,identity,0,88000,16,8000,166.7,6,0.25,0.06603158950805676,2.74968017578125,2.6836485862731934,0.2618520480256272
8,4,4,16,96,interactive,identity,2,54000,16,8000,83.3,7,0.167,0.05980706691741944,0.8875225830078125,0.8277155160903931,5.90537491244143
8,4,0,12,64,additive,identity,3,74000,16,8000,125.0,7,0.188,0.07240871238708513,2.7687647705078127,2.6963560581207275,0.2724937848853895
8,4,0,12,96,additive,identity,3,65500,16,8000,83.3,7,0.125,0.08508449363708515,2.7814405517578127,2.6963560581207275,0.4887925275546437
8,4,0,12,96,additive,identity,2,67000,16,8000,83.3,6,0.125,0.08001926040649421,2.85120751953125,2.771188259124756,0.3715325240982223
8,4,0,12,96,additive,identity,0,70500,16,8000,83.3,6,0.125,0.08202597427368152,2.765674560546875,2.6836485862731934,0.4434038794884033
8,8,8,24,24,interactive,identity,1,45000,16,8000,333.3,6,1.0,0.06155996799468999,0.6827618408203125,0.6212018728256226,1.370212106787384
8,8,8,24,16,interactive,identity,3,53000,16,8000,500.0,5,1.5,0.041079519271850606,0.4093983154296875,0.3683187961578369,1.2759174723385662
8,8,8,24,16,interactive,identity,0,54000,16,8000,500.0,5,1.5,0.05650027275085445,0.5699139404296875,0.513413667678833,0.9403575145936973
8,8,8,24,24,interactive,relu,3,53500,16,8000,333.3,4,1.0,0.042975530624389635,0.41129432678222655,0.3683187961578369,2.1491710243898727
8,8,8,24,24,interactive,identity,0,54000,16,8000,333.3,6,1.0,0.0493433513641357,0.5627570190429687,0.513413667678833,1.2231828609940416
8,8,8,24,24,interactive,identity,3,53000,16,8000,333.3,6,1.0,0.03743364524841308,0.40575244140625,0.3683187961578369,1.4630671815806244
8,8,0,16,32,additive,identity,0,48000,16,8000,250.0,6,0.5,0.08624227523803718,2.714490966796875,2.628248691558838,0.0692636464752438
8,8,8,24,16,interactive,identity,1,67000,16,8000,500.0,5,1.5,0.06391690158843999,0.6851187744140625,0.6212018728256226,1.2262561171029696
8,8,0,16,24,additive,identity,1,65000,16,8000,333.3,5,0.667,0.07346432685852067,2.8470074462890627,2.773543119430542,0.07987058684736487
8,8,0,16,32,additive,relu,0,61000,16,8000,250.0,7,0.5,0.08175741195678699,2.710006103515625,2.628248691558838,0.19111503045416753
8,8,8,24,24,interactive,relu,1,67000,16,8000,333.3,5,1.0,0.06742007541656492,0.6886219482421875,0.6212018728256226,2.1717760668899677
8,8,0,16,16,additive,relu,0,90500,16,8000,500.0,5,1.0,0.0937721824645994,2.7220208740234373,2.628248691558838,0.21580922999853555
8,8,0,16,32,additive,identity,3,60000,16,8000,250.0,7,0.5,0.08327143287658689,2.6816884765625,2.598417043685913,0.07417128560473628
8,8,0,16,24,additive,relu,2,76000,16,8000,333.3,7,0.667,0.07892584800720215,2.6230010986328125,2.5440752506256104,0.17803464397254148
8,8,0,16,32,additive,identity,1,65000,16,8000,250.0,6,0.5,0.07800387763977046,2.8515469970703125,2.773543119430542,0.1223582118570466
8,8,8,24,32,interactive,relu,3,53000,16,8000,250.0,4,0.75,0.03850540733337404,0.40682420349121096,0.3683187961578369,2.7581740502890164
8,8,8,24,16,interactive,identity,2,79500,16,8000,500.0,4,1.5,0.04301702523231504,0.48770758056640623,0.4446905553340912,1.0688972280176057
8,8,8,24,24,interactive,relu,0,76500,16,8000,333.3,5,1.0,0.05641396903991702,0.56982763671875,0.513413667678833,1.7193074182849502
8,8,8,24,32,interactive,identity,1,45000,16,8000,250.0,6,0.75,0.059820618629455535,0.6810224914550781,0.6212018728256226,1.3451123928771347
8,8,0,16,24,additive,relu,0,82000,16,8000,333.3,7,0.667,0.07910457992553699,2.707353271484375,2.628248691558838,0.17031932817575912
8,8,0,16,16,additive,identity,0,92500,16,8000,500.0,5,1.0,0.0630293846130372,2.691278076171875,2.628248691558838,0.02959813918915627
8,8,0,16,16,additive,relu,2,95500,16,8000,500.0,5,1.0,0.09894721031188958,2.6430224609375,2.5440752506256104,0.29248452311561035
8,8,8,24,24,interactive,relu,2,78500,16,8000,333.3,4,1.0,0.0482955286502838,0.492986083984375,0.4446905553340912,1.8488035330623527
8,8,8,24,32,interactive,relu,2,57000,16,8000,250.0,4,0.75,0.04628211617469785,0.49097267150878904,0.4446905553340912,2.3521967075772356
8,8,0,16,32,additive,relu,2,72500,16,8000,250.0,7,0.5,0.07837372398376452,2.622448974609375,2.5440752506256104,0.12595516577112367
8,8,0,16,32,additive,relu,1,75000,16,8000,250.0,6,0.5,0.07734799385070801,2.85089111328125,2.773543119430542,0.18142943041467882
8,8,0,16,24,additive,relu,3,84000,16,8000,333.3,7,0.667,0.07982160377502456,2.6782386474609376,2.598417043685913,0.161820331054667
8,8,8,24,16,interactive,relu,0,90500,16,8000,500.0,4,1.5,0.0734745769500732,0.5868882446289062,0.513413667678833,1.681867010810477
8,8,0,16,16,additive,identity,1,96000,16,8000,500.0,5,1.0,0.061559053421020415,2.8351021728515624,2.773543119430542,0.036231969073869136
8,8,8,24,32,interactive,identity,0,54000,16,8000,250.0,6,0.75,0.048761259078979546,0.5621749267578126,0.513413667678833,1.4863117578542469
8,8,0,16,24,additive,relu,1,87000,16,8000,333.3,6,0.667,0.0750363483428953,2.8485794677734373,2.773543119430542,0.1305817438640531
8,8,8,24,24,interactive,identity,2,79500,16,8000,333.3,5,1.0,0.03941067147254945,0.48410122680664064,0.4446905553340912,1.1980684839749576
8,8,8,24,32,interactive,relu,0,72000,16,8000,250.0,6,0.75,0.050711973190307624,0.5641256408691406,0.513413667678833,1.868598734459738
8,8,0,16,24,additive,identity,2,91000,16,8000,333.3,6,0.667,0.06750812339782719,2.6115833740234375,2.5440752506256104,0.03975413472208436
8,8,0,16,32,additive,relu,3,79000,16,8000,250.0,8,0.5,0.08017670631408702,2.67859375,2.598417043685913,0.15125754461023666
8,8,0,16,24,additive,identity,0,94000,16,8000,333.3,6,0.667,0.06665072250366233,2.6948994140625,2.628248691558838,0.05041372564472029
8,8,0,16,48,additive,relu,1,43500,16,8000,166.7,7,0.333,0.0898656940460203,2.8634088134765623,2.773543119430542,0.17950553943601982
8,8,8,24,32,interactive,relu,1,67000,16,8000,250.0,5,0.75,0.062079194068908716,0.6832810668945313,0.6212018728256226,2.2794804189496487
8,8,0,16,16,additive,identity,2,105000,16,8000,500.0,6,1.0,0.05982318687438948,2.6038984375,2.5440752506256104,0.024386358729466987
8,8,8,24,16,interactive,relu,2,96500,16,8000,500.0,3,1.5,0.06269041085243221,0.5073809661865234,0.4446905553340912,1.722290699662879
8,8,0,16,24,additive,identity,3,96000,16,8000,333.3,7,0.667,0.06764386940002431,2.6660609130859374,2.598417043685913,0.04367561371732283
8,8,8,24,32,interactive,identity,3,53500,16,8000,250.0,5,0.75,0.03714879417419431,0.4054675903320312,0.3683187961578369,2.023790064278099
8,8,0,16,32,additive,identity,2,85500,16,8000,250.0,7,0.5,0.07396503257751474,2.618040283203125,2.5440752506256104,0.07524474552051386
8,8,0,16,16,additive,identity,3,104000,16,8000,500.0,6,1.0,0.06498078346252445,2.6633978271484375,2.598417043685913,0.029370411437778136
8,8,8,24,32,interactive,identity,2,59500,16,8000,250.0,6,0.75,0.042350963830947885,0.48704151916503907,0.4446905553340912,1.5675442040004646
8,8,0,16,48,additive,identity,0,48000,16,8000,166.7,6,0.333,0.09576498031616199,2.724013671875,2.628248691558838,0.16855835166971145
8,8,0,16,16,additive,relu,1,118500,16,8000,500.0,5,1.0,0.0755551471710203,2.8490982666015623,2.773543119430542,0.12411272268296802
8,8,8,24,16,interactive,relu,3,108000,16,8000,500.0,3,1.5,0.04733992576599122,0.41565872192382813,0.3683187961578369,1.9899764172292078
8,8,8,24,16,interactive,relu,1,108500,16,8000,500.0,4,1.5,0.08341098117828372,0.7046128540039063,0.6212018728256226,2.090430619701187
8,8,8,24,48,interactive,identity,2,33000,16,8000,166.7,5,0.5,0.05150248360633852,0.4961930389404297,0.4446905553340912,2.2183354103749706
8,8,0,16,48,additive,relu,0,60500,16,8000,166.7,8,0.333,0.08438570785522481,2.7126343994140627,2.628248691558838,0.20772304830295152
8,8,0,16,16,additive,relu,3,125000,16,8000,500.0,5,1.0,0.08472260475158677,2.6831396484375,2.598417043685913,0.15237251893983594
8,8,8,24,48,interactive,identity,0,39000,16,8000,166.7,7,0.5,0.05645654106140141,0.5698702087402344,0.513413667678833,1.7350402444146191
8,8,0,16,48,additive,identity,2,51000,16,8000,166.7,7,0.333,0.09567889976501487,2.639754150390625,2.5440752506256104,0.17596287357828772
8,8,0,16,48,additive,relu,3,60000,16,8000,166.7,8,0.333,0.08818500709533694,2.68660205078125,2.598417043685913,0.22751587162469936
8,8,8,24,48,interactive,relu,0,54000,16,8000,166.7,6,0.5,0.050686491012573276,0.5641001586914063,0.513413667678833,2.4736942683185905
8,8,8,24,64,interactive,identity,3,30500,16,8000,125.0,5,0.375,0.04962517356872559,0.4179439697265625,0.3683187961578369,3.970985897893841
8,8,0,16,48,additive,relu,2,62500,16,8000,166.7,8,0.333,0.08236347007751466,2.626438720703125,2.5440752506256104,0.18291424845110194
8,8,8,24,48,interactive,identity,1,45000,16,8000,166.7,6,0.5,0.0627878732681274,0.68398974609375,0.6212018728256226,2.2577734573451007
8,8,8,24,48,interactive,relu,1,51000,16,8000,166.7,5,0.5,0.061619050025939925,0.6828209228515625,0.6212018728256226,3.4885535383090542
8,8,8,24,64,interactive,identity,2,33000,16,8000,125.0,5,0.375,0.05552909493446345,0.5002196502685546,0.4446905553340912,2.9299432076508714
8,8,8,24,48,interactive,identity,3,43000,16,8000,166.7,5,0.5,0.04240193748474119,0.4107207336425781,0.3683187961578369,2.5408397909732936
8,8,8,24,64,interactive,relu,2,37000,16,8000,125.0,5,0.375,0.04607627511024476,0.49076683044433594,0.4446905553340912,3.57824203167783
8,8,8,24,64,interactive,relu,0,39000,16,8000,125.0,6,0.375,0.05317721366882322,0.5665908813476562,0.513413667678833,3.1618579456107594
8,8,0,16,48,additive,identity,1,65000,16,8000,166.7,6,0.333,0.088754976272583,2.862298095703125,2.773543119430542,0.20454988851835137
8,8,8,24,48,interactive,relu,2,55000,16,8000,166.7,4,0.5,0.043972225427627576,0.48866278076171876,0.4446905553340912,2.803333675819105
8,8,8,24,48,interactive,relu,3,53000,16,8000,166.7,4,0.5,0.03646335411071777,0.4047821502685547,0.3683187961578369,3.670721283658863
8,8,0,16,64,additive,relu,2,45500,16,8000,125.0,8,0.25,0.09222223472595203,2.6362974853515624,2.5440752506256104,0.2016336974653667
8,8,0,16,64,additive,relu,0,48000,16,8000,125.0,8,0.25,0.09356454086303723,2.721813232421875,2.628248691558838,0.2522587685980088
8,8,0,16,48,additive,identity,3,65500,16,8000,166.7,7,0.333,0.09259833717346178,2.691015380859375,2.598417043685913,0.14335473713581418
8,8,0,16,64,additive,identity,0,48000,16,8000,125.0,6,0.25,0.10465572738647477,2.7329044189453127,2.628248691558838,0.1866673277996678
8,8,8,24,96,interactive,relu,0,32000,16,8000,83.3,6,0.25,0.05524474906921384,0.5686584167480468,0.513413667678833,4.1407441646018075
8,8,8,24,64,interactive,identity,1,45000,16,8000,125.0,5,0.375,0.06765106296539303,0.6888529357910156,0.6212018728256226,2.9966127199257757
8,8,8,24,64,interactive,relu,1,45500,16,8000,125.0,6,0.375,0.06072570896148677,0.6819275817871093,0.6212018728256226,3.3408698711100207
8,8,8,24,96,interactive,identity,0,32500,16,8000,83.3,6,0.25,0.07243935966491699,0.58585302734375,0.513413667678833,3.323585467661045
8,8,8,24,96,interactive,identity,2,33000,16,8000,83.3,5,0.25,0.06271352791786189,0.5074040832519531,0.4446905553340912,4.405933310256469
8,8,8,24,96,interactive,relu,3,34500,16,8000,83.3,5,0.25,0.03847630882263181,0.4067951049804687,0.3683187961578369,5.450533852294493
8,8,0,16,96,additive,relu,1,43000,16,8000,83.3,8,0.167,0.10653915596008279,2.880082275390625,2.773543119430542,0.3002364007903715
8,8,0,16,96,additive,relu,3,40000,16,8000,83.3,10,0.167,0.10542377662658708,2.7038408203125,2.598417043685913,0.2485342885736594
8,8,8,24,64,interactive,identity,0,49000,16,8000,125.0,7,0.375,0.057907590866088876,0.5713212585449219,0.513413667678833,2.538458910451335
8,8,8,24,96,interactive,relu,2,37000,16,8000,83.3,6,0.25,0.04614046883583067,0.49083102416992186,0.4446905553340912,3.9543513841159728
8,8,8,24,96,interactive,identity,3,30500,16,8000,83.3,5,0.25,0.056663961410522434,0.42498275756835935,0.3683187961578369,5.3239286474694465
8,8,0,16,96,additive,relu,2,45500,16,8000,83.3,8,0.167,0.10267609214782736,2.6467513427734377,2.5440752506256104,0.24279552350408684
8,8,0,16,96,additive,relu,0,48000,16,8000,83.3,10,0.167,0.102180263519287,2.730428955078125,2.628248691558838,0.30469714370099943
8,8,0,16,64,additive,relu,1,59000,16,8000,125.0,8,0.25,0.0907425251007079,2.86428564453125,2.773543119430542,0.24577701220489678
8,8,8,24,64,interactive,relu,3,53000,16,8000,125.0,5,0.375,0.03485793113708496,0.4031767272949219,0.3683187961578369,3.884839601358634
8,8,8,24,96,interactive,relu,1,43500,16,8000,83.3,6,0.25,0.06334408664703373,0.6845459594726563,0.6212018728256226,4.054541211392353
8,8,8,24,96,interactive,identity,1,45000,16,8000,83.3,7,0.25,0.07565142917633061,0.6968533020019532,0.6212018728256226,3.527227152020957
8,8,0,16,64,additive,identity,2,65000,16,8000,125.0,7,0.25,0.09800324058532706,2.6420784912109374,2.5440752506256104,0.16460300569290215
8,8,0,16,64,additive,identity,1,65000,16,8000,125.0,6,0.25,0.09594296455383322,2.869486083984375,2.773543119430542,0.25870769154404044
8,8,0,16,64,additive,relu,3,66000,16,8000,125.0,9,0.25,0.0911331272125242,2.6895501708984373,2.598417043685913,0.20451818445785025
8,8,0,16,64,additive,identity,3,71000,16,8000,125.0,7,0.25,0.09891108131408677,2.697328125,2.598417043685913,0.1660030298323664
8,8,0,16,96,additive,identity,0,60500,16,8000,83.3,6,0.167,0.11061227035522458,2.7388609619140625,2.628248691558838,0.32679180108404576
8,8,0,16,96,additive,identity,1,65000,16,8000,83.3,6,0.167,0.10484152412414538,2.8783846435546874,2.773543119430542,0.3428966220418539
8,16,8,32,16,interactive,identity,2,56500,16,8000,500.0,3,2.0,0.03564976143836973,0.3432820587158203,0.30763229727745056,1.3584866004952698
8,16,8,32,16,interactive,identity,3,56500,16,8000,500.0,4,2.0,0.027603220343589807,0.2693174743652344,0.2417142540216446,1.6571752372973785
8,8,0,16,96,additive,identity,3,80500,16,8000,83.3,7,0.167,0.10349189186096197,2.701908935546875,2.598417043685913,0.2576077391904125
8,16,8,32,16,interactive,identity,0,62500,16,8000,500.0,4,2.0,0.05409539270401004,0.4968333892822266,0.44273799657821655,1.4519551821098635
8,16,8,32,24,interactive,identity,2,51000,16,8000,333.3,3,1.333,0.032705196619033816,0.3403374938964844,0.30763229727745056,2.408774876561402
8,16,8,32,24,interactive,relu,2,57000,16,8000,333.3,4,1.333,0.038645550012588514,0.3462778472900391,0.30763229727745056,2.476629139711559
8,16,8,32,24,interactive,relu,3,56500,16,8000,333.3,3,1.333,0.028434168219566347,0.27014842224121094,0.2417142540216446,2.936411606563438
8,16,8,32,16,interactive,relu,2,71500,16,8000,500.0,3,2.0,0.05394268441200256,0.3615749816894531,0.30763229727745056,2.1902742124003667
8,16,8,32,16,interactive,relu,1,72500,16,8000,500.0,3,2.0,0.07241632485389704,0.5101879730224609,0.43777164816856384,2.38242996214919
8,16,8,32,24,interactive,identity,3,56500,16,8000,333.3,4,1.333,0.025325952887535086,0.2670402069091797,0.2417142540216446,2.2556319443394752
8,16,8,32,16,interactive,identity,1,76000,16,8000,500.0,5,2.0,0.0468598520755768,0.48463150024414064,0.43777164816856384,1.2155619552965096
8,16,8,32,24,interactive,identity,1,66000,16,8000,333.3,5,1.333,0.04256126809120181,0.48033291625976565,0.43777164816856384,1.76205641614866
8,16,8,32,32,interactive,relu,2,51000,16,8000,250.0,4,1.0,0.03543917489051818,0.34307147216796874,0.30763229727745056,3.1276553530313507
8,16,8,32,24,interactive,relu,0,70500,16,8000,333.3,4,1.333,0.05621219873428346,0.4989501953125,0.44273799657821655,2.0925285686264945
8,16,8,32,24,interactive,relu,1,70500,16,8000,333.3,4,1.333,0.05328816628456118,0.491059814453125,0.43777164816856384,2.3660523751324147
8,16,8,32,32,interactive,identity,1,49500,16,8000,250.0,5,1.0,0.04604140114784239,0.48381304931640623,0.43777164816856384,1.9760447322660526
8,16,8,32,32,interactive,relu,3,56500,16,8000,250.0,3,1.0,0.025317072272300734,0.2670313262939453,0.2417142540216446,3.5519845024294345
8,16,0,24,32,additive,identity,1,64500,16,8000,250.0,6,0.75,0.0994309253692629,2.847081787109375,2.7476508617401123,0.049155972655583934
8,16,0,24,16,additive,identity,3,93500,16,8000,500.0,4,1.5,0.30287840270996114,2.833344482421875,2.530466079711914,0.10134718845084721
8,16,8,32,32,interactive,identity,0,57000,16,8000,250.0,6,1.0,0.04648198938369752,0.4892199859619141,0.44273799657821655,1.5831177992607943
8,16,8,32,32,interactive,identity,3,42500,16,8000,250.0,4,1.0,0.0285097144842148,0.2702239685058594,0.2417142540216446,2.7898770261925345
8,16,0,24,16,additive,identity,0,100500,16,8000,500.0,4,1.5,0.2997312240600585,2.9000892333984374,2.600358009338379,0.13468785808880784
8,16,8,32,16,interactive,relu,3,87000,16,8000,500.0,2,2.0,0.033569864630699164,0.27528411865234376,0.2417142540216446,2.77993356274579
8,16,8,32,32,interactive,relu,0,63000,16,8000,250.0,5,1.0,0.04928174829483034,0.4920197448730469,0.44273799657821655,2.2519229322682905
8,16,0,24,24,additive,relu,1,86000,16,8000,333.3,5,1.0,0.11905470466613766,2.86670556640625,2.7476508617401123,0.10541498351708982
8,8,0,16,96,additive,identity,2,105000,16,8000,83.3,6,0.167,0.09123737144470212,2.6353126220703125,2.5440752506256104,0.25196480937872234
8,16,8,32,32,interactive,identity,2,51000,16,8000,250.0,4,1.0,0.03275625252723696,0.3403885498046875,0.30763229727745056,2.3943131208077517
8,16,0,24,32,additive,identity,2,71000,16,8000,250.0,6,0.75,0.09667820167541485,2.696296875,2.599618673324585,0.05140712542767126
8,16,0,24,24,additive,identity,1,86500,16,8000,333.3,5,1.0,0.08591700935363766,2.83356787109375,2.7476508617401123,0.03227935618603599
8,16,0,24,24,additive,identity,0,86500,16,8000,333.3,6,1.0,0.08622975921630838,2.6865877685546873,2.600358009338379,0.03696559800803502
8,16,8,32,24,interactive,identity,0,82000,16,8000,333.3,5,1.333,0.04204160547256469,0.48477960205078124,0.44273799657821655,1.4278344434611185
8,16,0,24,24,additive,relu,2,93000,16,8000,333.3,6,1.0,0.1144963169097899,2.714114990234375,2.599618673324585,0.15418302841656695
8,16,8,32,32,interactive,relu,1,66000,16,8000,250.0,5,1.0,0.04750011086463929,0.48527175903320313,0.43777164816856384,2.3307907068268734
8,16,0,24,24,additive,relu,3,93500,16,8000,333.3,5,1.0,0.12467308044433612,2.65513916015625,2.530466079711914,0.18650401766155153
8,16,0,24,24,additive,identity,3,93500,16,8000,333.3,6,1.0,0.08583470153808603,2.61630078125,2.530466079711914,0.03168108628453599
8,16,0,24,16,additive,identity,1,111000,16,8000,500.0,4,1.5,0.30287770271301273,3.050528564453125,2.7476508617401123,0.13316454003569028
8,16,0,24,32,additive,identity,3,79500,16,8000,250.0,7,0.75,0.09493833923339823,2.6254044189453123,2.530466079711914,0.05627787272401458
8,16,0,24,16,additive,relu,3,113000,16,8000,500.0,4,1.5,0.39432835388183607,2.92479443359375,2.530466079711914,0.5465884337548983
8,16,0,24,32,additive,identity,0,86500,16,8000,250.0,6,0.75,0.091841209411621,2.69219921875,2.600358009338379,0.05846224987917319
8,16,0,24,24,additive,identity,2,101000,16,8000,333.3,6,1.0,0.0836772251129152,2.6832958984375,2.599618673324585,0.034938495276940845
8,16,8,32,16,interactive,relu,0,109000,16,8000,500.0,4,2.0,0.07104026269912722,0.5137782592773438,0.44273799657821655,1.7548972063673693
8,16,0,24,32,additive,relu,2,93000,16,8000,250.0,7,0.75,0.10541208839416516,2.70503076171875,2.599618673324585,0.13096355661703604
8,16,0,24,16,additive,identity,2,122000,16,8000,500.0,4,1.5,0.28692307472228995,2.886541748046875,2.599618673324585,0.06250318783497431
8,16,0,24,24,additive,relu,0,111500,16,8000,333.3,5,1.0,0.10772121429443349,2.7080792236328124,2.600358009338379,0.11116674587948913
8,16,0,24,32,additive,relu,3,93500,16,8000,250.0,6,0.75,0.10757957458496081,2.638045654296875,2.530466079711914,0.1071369952554568
8,16,0,24,32,additive,relu,0,100500,16,8000,250.0,6,0.75,0.10519606781005875,2.7055540771484377,2.600358009338379,0.12180081220636169
8,16,0,24,32,additive,relu,1,100000,16,8000,250.0,6,0.75,0.10306349372863766,2.85071435546875,2.7476508617401123,0.10735880196495418
8,16,0,24,16,additive,relu,1,133000,16,8000,500.0,4,1.5,0.3938012866973879,3.1414521484375,2.7476508617401123,0.8729219663322635
8,16,8,32,48,interactive,relu,1,44000,16,8000,166.7,5,0.667,0.04740695595741273,0.4851786041259766,0.43777164816856384,3.3078793364898216
8,16,8,32,64,interactive,identity,2,27500,16,8000,125.0,4,0.5,0.04444988656044008,0.35208218383789064,0.30763229727745056,4.623846258449558
8,16,8,32,48,interactive,relu,3,39500,16,8000,166.7,3,0.667,0.025427835822105394,0.26714208984375,0.2417142540216446,4.275731097267998
8,16,8,32,48,interactive,identity,3,36000,16,8000,166.7,4,0.667,0.0319358619451523,0.2736501159667969,0.2417142540216446,4.072498084179458
8,16,8,32,48,interactive,identity,2,40000,16,8000,166.7,4,0.667,0.03753167366981508,0.34516397094726564,0.30763229727745056,3.4031699068111454
8,16,0,24,48,additive,identity,0,58500,16,8000,166.7,6,0.5,0.11609462738037113,2.71645263671875,2.600358009338379,0.08545914189632729
8,16,0,24,48,additive,identity,2,54000,16,8000,166.7,7,0.5,0.11781589698791484,2.7174345703125,2.599618673324585,0.10375468610412274
8,16,8,32,64,interactive,identity,0,31500,16,8000,125.0,6,0.5,0.05996473169326777,0.5027027282714843,0.44273799657821655,3.0884488485579666
8,16,0,24,16,additive,relu,0,142500,16,8000,500.0,4,1.5,0.3843243637084961,2.984682373046875,2.600358009338379,0.6274731992735083
8,16,8,32,48,interactive,identity,0,48500,16,8000,166.7,6,0.667,0.051540812015533455,0.49427880859375,0.44273799657821655,2.1126858003512328
8,16,8,32,64,interactive,relu,1,38500,16,8000,125.0,5,0.5,0.04707728981971743,0.48484893798828127,0.43777164816856384,4.336238398537202
8,16,0,24,48,additive,relu,2,65500,16,8000,166.7,7,0.5,0.11856406593322744,2.7181827392578124,2.599618673324585,0.13279517947572214
8,16,8,32,48,interactive,relu,2,51000,16,8000,166.7,4,0.667,0.03271137642860411,0.3403436737060547,0.30763229727745056,4.523967084076731
8,16,8,32,48,interactive,relu,0,55000,16,8000,166.7,5,0.667,0.04775869226455687,0.4904966888427734,0.44273799657821655,3.18346007101925
8,16,0,24,64,additive,identity,3,42500,16,8000,125.0,7,0.375,0.1391434173583983,2.6696094970703124,2.530466079711914,0.12276472458122997
8,16,0,24,16,additive,relu,2,142000,16,8000,500.0,5,1.5,0.36419931983947773,2.9638179931640627,2.599618673324585,0.7538801793360544
8,16,0,24,48,additive,identity,1,61500,16,8000,166.7,6,0.5,0.1141372241973877,2.8617880859375,2.7476508617401123,0.11528477318017628
8,16,0,24,48,additive,relu,3,65500,16,8000,166.7,7,0.5,0.12228819274902358,2.6527542724609376,2.530466079711914,0.1620879540450268
8,16,8,32,64,interactive,relu,2,37500,16,8000,125.0,4,0.5,0.033274090051650995,0.34090638732910156,0.30763229727745056,5.571928358853654
8,16,8,32,64,interactive,identity,1,37500,16,8000,125.0,5,0.5,0.05582019448280334,0.4935918426513672,0.43777164816856384,4.003167308563646
8,16,8,32,64,interactive,relu,3,39500,16,8000,125.0,3,0.5,0.024630457282066365,0.26634471130371096,0.2417142540216446,6.843895483357804
8,16,0,24,64,additive,identity,1,46500,16,8000,125.0,6,0.375,0.13545961189270006,2.8831104736328124,2.7476508617401123,0.13271196443458874
8,16,0,24,48,additive,relu,1,73000,16,8000,166.7,7,0.5,0.11562538337707506,2.8632762451171874,2.7476508617401123,0.163121426320327
8,16,0,24,96,additive,identity,2,29000,16,8000,83.3,7,0.25,0.17103391456604022,2.770652587890625,2.599618673324585,0.24269423347279853
8,16,0,24,48,additive,relu,0,78500,16,8000,166.7,7,0.5,0.11314492034912105,2.7135029296875,2.600358009338379,0.14686204962537167
8,16,8,32,48,interactive,identity,1,54500,16,8000,166.7,6,0.667,0.04899507546424864,0.4867667236328125,0.43777164816856384,2.7672962679446704
8,16,8,32,64,interactive,relu,0,49000,16,8000,125.0,5,0.5,0.04698348474502562,0.48972148132324217,0.44273799657821655,3.497241420637169
8,16,8,32,64,interactive,identity,3,44000,16,8000,125.0,4,0.5,0.03395589673519134,0.27567015075683593,0.2417142540216446,5.308862064392872
8,16,8,32,96,interactive,relu,0,31500,16,8000,83.3,6,0.333,0.04914686059951784,0.4918848571777344,0.44273799657821655,4.4699087495943015
8,16,8,32,96,interactive,identity,3,22000,16,8000,83.3,4,0.333,0.04364701306819918,0.2853612670898438,0.2417142540216446,7.800870580415571
8,16,8,32,96,interactive,relu,3,28500,16,8000,83.3,3,0.333,0.026583841681480425,0.268298095703125,0.2417142540216446,9.097580744717888
8,16,8,32,96,interactive,identity,2,27500,16,8000,83.3,3,0.333,0.049605388879776,0.35723768615722656,0.30763229727745056,8.353519438312045
8,16,0,24,96,additive,identity,1,43500,16,8000,83.3,6,0.25,0.15830385017395,2.9059547119140623,2.7476508617401123,0.2892741378773841
8,16,0,24,64,additive,identity,0,61000,16,8000,125.0,6,0.375,0.13019875335693376,2.7305567626953127,2.600358009338379,0.16221723045745878
8,16,0,24,64,additive,relu,2,59500,16,8000,125.0,8,0.375,0.12549118995666486,2.72510986328125,2.599618673324585,0.1706344568903102
8,16,0,24,96,additive,relu,1,45500,16,8000,83.3,8,0.25,0.14269813728332537,2.8903489990234377,2.7476508617401123,0.20810548989825145
8,16,0,24,64,additive,relu,1,61000,16,8000,125.0,7,0.375,0.12293409919738751,2.8705849609375,2.7476508617401123,0.1270358220083098
8,16,8,32,96,interactive,relu,2,37000,16,8000,83.3,4,0.333,0.03415180611610413,0.3417841033935547,0.30763229727745056,7.028717870814679
8,16,8,32,96,interactive,relu,1,38500,16,8000,83.3,6,0.333,0.04692573952674867,0.4846973876953125,0.43777164816856384,4.643335884896602
8,16,0,24,96,additive,relu,0,57000,16,8000,83.3,8,0.25,0.14030825042724615,2.740666259765625,2.600358009338379,0.2258434184298614
8,16,0,24,64,additive,identity,2,70500,16,8000,125.0,7,0.375,0.12377402687072747,2.7233927001953124,2.599618673324585,0.15842946680141884
8,16,0,24,64,additive,relu,0,74500,16,8000,125.0,7,0.375,0.12126650238037096,2.72162451171875,2.600358009338379,0.16775205891646247
8,16,0,24,48,additive,identity,3,93500,16,8000,166.7,7,0.5,0.10681297302246096,2.637279052734375,2.530466079711914,0.0942091785063277
8,16,8,32,96,interactive,identity,0,48500,16,8000,83.3,6,0.333,0.06374502038955687,0.5064830169677734,0.44273799657821655,4.336155667612995
8,16,0,24,96,additive,identity,0,63000,16,8000,83.3,7,0.25,0.14718593597412122,2.7475439453125,2.600358009338379,0.23540762521547257
8,16,0,24,96,additive,relu,3,64500,16,8000,83.3,9,0.25,0.1408093109130859,2.671275390625,2.530466079711914,0.23551602165728083
8,16,0,24,64,additive,relu,3,86500,16,8000,125.0,8,0.375,0.12323558044433591,2.65370166015625,2.530466079711914,0.18336357394036978
8,16,8,32,96,interactive,identity,1,55000,16,8000,83.3,5,0.333,0.05953992104530337,0.4973115692138672,0.43777164816856384,5.251415192220448
8,16,0,24,96,additive,relu,2,71000,16,8000,83.3,9,0.25,0.1373823032379149,2.7370009765625,2.599618673324585,0.22750332632475734
8,16,0,24,96,additive,identity,3,81000,16,8000,83.3,7,0.25,0.13774375915527326,2.6682098388671873,2.530466079711914,0.1778234571391904
