model,init,construction,classes,layer,d,n_points,min_cell,size_item,size_class,size_interaction,obs_size_item,obs_size_class,obs_size_interaction,size_total,leak_item_into_class,leak_class_into_item,leak_int_into_margins,overlap_item_class,overlap_item_int,overlap_class_int,n_items,n_classes,k_item,k_class,k_int,k_margin,leak_item_into_class_null_lo,leak_item_into_class_null_med,leak_item_into_class_null_hi,leak_item_into_class_p,leak_item_into_class_outside,leak_item_into_class_ratio,leak_int_into_margins_null_lo,leak_int_into_margins_null_med,leak_int_into_margins_null_hi,leak_int_into_margins_p,leak_int_into_margins_outside,leak_int_into_margins_ratio,size_item_ci_lo,size_item_ci_med,size_item_ci_hi,size_item_excludes_zero,size_item_n_resplit,size_interaction_ci_lo,size_interaction_ci_med,size_interaction_ci_hi,size_interaction_excludes_zero,size_interaction_n_resplit,size_class_ci_lo,size_class_ci_med,size_class_ci_hi,size_class_excludes_zero,size_class_n_resplit,between_share,between_share_adj,between_ss,within_ss,between_n_obs,between_n_groups,between_n0,between_var,within_var
EleutherAI/pythia-160m,pretrained,metaphor,lit+met,0,768,88509,10,0.9992782041122887,9.617051883061544e-06,0.0007121788358280813,259661.29098890655,2.4989798608500897,185.05885064347515,259848.8488194109,0.0015412259684231342,0.15526912808320012,0.2331101631753565,0.1552691280832001,0.26119447069737367,0.8052312895187672,180,2,104,1,20,104,0.0010062547018017674,0.0013041882137439537,0.0016616315665400302,0.08,False,1.1817511860490693,0.12883702607093123,0.1354602820078599,0.14270993725755124,0.0,True,1.7208746336570493,259314.30759868957,259384.64928485377,259455.47649668838,True,200,81.89300230829271,151.49639528454586,198.5312537328811,True,200,1.8386111205852982,2.267508453415199,2.5830634561642634,True,200,0.9610594142897718,0.9604192054924092,10183566.41400074,412621.7743501868,14871,360,41.07132930949902,689.9714627120799,28.435102635944236
EleutherAI/pythia-160m,pretrained,metaphor,lit+met,1,768,88509,10,0.9933255680938703,0.00045596865855166563,0.006218463247578013,203558.5695361503,93.43998671674498,1274.3268914532587,204926.3364143203,0.0022621426682914755,0.14986889958062113,0.12288363979022646,0.14986889958062108,0.10397340049868224,0.8663082713584068,180,2,86,1,28,86,0.001019855945317386,0.0013026653208472062,0.0017529364760575422,0.0,True,1.7365493900000808,0.10576629303856502,0.11191993382540691,0.11777350817619202,0.0,True,1.0979602613232664,203269.31781088578,203354.63905617426,203431.29066832876,True,200,1144.2629003292798,1219.3294156942197,1311.2012919979977,True,200,88.85725465656438,92.44444477988259,94.29200197203404,True,200,0.8027342191086838,0.7992162507722337,8217830.229786879,2019468.784214978,14871,360,41.07132930949902,553.9563548113475,139.16813343084405
EleutherAI/pythia-160m,pretrained,metaphor,lit+met,2,768,88509,10,0.9840154183672192,0.0006899508968022197,0.015294630735978669,180258.84884452051,126.39004643156906,2801.7777755395596,183187.01666649163,0.0038944033656426744,0.24646853206747962,0.15397246514852256,0.24646853206747962,0.1342303190015239,0.7509675555174723,180,2,79,1,42,79,0.0010101534864686594,0.0012968931122823793,0.0018109828856495921,0.0,True,3.0028715001724255,0.09819750277135661,0.10258772491557003,0.10701514498794393,0.0,True,1.500885854279762,179917.14655732238,180012.62598916382,180129.32106575833,True,200,2616.650710849067,2742.3095729558077,2847.538514643717,True,200,123.33104391653652,126.43187784671704,128.88695361337292,True,200,0.6866692435662458,0.6807606877741893,7363449.16594428,3359980.25067251,14871,360,41.07132930949902,493.761796457781,231.54711947298668
EleutherAI/pythia-160m,pretrained,metaphor,lit+met,3,768,88509,10,0.974911603319373,0.001105623913502856,0.023982772767124145,147824.3176084729,167.64402022572705,3636.470226211682,151628.4318549103,0.00470440051080313,0.2576140130460968,0.20592315363422367,0.2576140130460968,0.18107682902804795,0.729610686166113,180,2,68,1,39,68,0.0009834990205912716,0.0013002364506786272,0.0018110491784324037,0.0,True,3.618111542979572,0.0839789947649474,0.08867729252476335,0.09281966893722259,0.0,True,2.3221632931194773,147326.75656869865,147528.31826146087,147674.71137085848,True,200,3366.9148527264706,3557.5669802308576,3709.9355181327223,True,200,160.03295233436216,167.2632329599909,169.83708797600133,True,200,0.5571164909891618,0.5482578311024628,6076479.221799154,4830538.107754938,14871,360,41.07132930949902,404.0102480628267,332.888023413613
EleutherAI/pythia-160m,pretrained,metaphor,lit+met,4,768,88509,10,0.9631755124807928,0.002308294706141982,0.03451619281306525,101980.46470094923,244.40090487017505,3654.5544785682573,105879.42008438766,0.013190657056897946,0.464024742984151,0.2874971979495802,0.4640247429841509,0.22931922238665292,0.7267784886665514,180,2,59,1,24,59,0.0009307217503822231,0.001306150907747107,0.0019091392461289781,0.0,True,10.098876767348143,0.07201733726487503,0.07683007018892246,0.08202052361881049,0.0,True,3.7419879643821043,101301.41011760027,101668.31844209993,101928.31533434457,True,200,3202.911144082637,3587.2727861037943,3816.6894960917566,True,200,225.49892925987965,241.21568629156695,246.13382464980393,True,200,0.37845458840492685,0.3650382348632255,4363833.687393152,7166832.926494154,14871,360,41.07132930949902,283.9361696551468,493.889664840063
EleutherAI/pythia-160m,pretrained,metaphor,lit+met,5,768,88509,10,0.961752358741456,0.0024093840171953208,0.03583825724134856,99801.67084177845,250.0233541722057,3718.959376844706,103770.65357279537,0.01158778663543518,0.4111581905821314,0.29288477758701154,0.4111581905821317,0.25315920526208474,0.747467065237703,180,2,61,1,25,61,0.0009581135461454953,0.0012792304947667253,0.0018234299645378945,0.0,True,9.058404003688386,0.07438285068440656,0.07943014293601265,0.0848517203802312,0.0,True,3.6873253246308986,99091.66561428018,99493.46947774314,99763.00483217981,True,200,3357.107390132237,3677.286954586628,3922.3100335206627,True,200,232.1317720646487,246.2378531299072,250.72977461099092,True,200,0.3773204944978077,0.36387339332238977,4320903.755089249,7130644.24746526,14871,360,41.07132930949902,281.0853219459859,491.39578578080494
EleutherAI/pythia-160m,pretrained,metaphor,lit+met,6,768,88509,10,0.9574592901861909,0.0024954038214864923,0.040045305992322554,101474.0947391901,264.4695668938734,4244.108565007063,105982.67287109104,0.014298408347487072,0.4127235382637549,0.3415372290990721,0.41272353826375463,0.2678455679424412,0.7034278024577094,180,2,47,1,22,47,0.0009289246639561069,0.0013099649144802262,0.001997399698340134,0.0,True,10.915107870015328,0.05725843517392676,0.06142895995002602,0.06660029131498597,0.0,True,5.559873215775117,100803.40469970828,101122.0153830442,101394.79141488762,True,200,3945.584900559657,4250.877308458974,4505.236673476918,True,200,246.7221864224613,260.4724072108843,266.51511292074383,True,200,0.37181309566912474,0.35821635109531236,4289385.349755759,7247016.675128457,14871,360,41.07132930949902,278.75243904759634,499.4153866121189
EleutherAI/pythia-160m,pretrained,metaphor,lit+met,7,768,88509,10,0.9554379752388732,0.002911187363977905,0.04165083739714887,101111.5069180352,308.0833595911401,4407.799399611337,105827.38967723768,0.015495876593477698,0.459321738547217,0.33026544027322063,0.45932173854721675,0.27538892229204504,0.7395064528100881,180,2,50,1,27,50,0.0008941192011098441,0.0012892972606733527,0.0018436650299149557,0.0,True,12.018854818154791,0.06105096235650646,0.06510432683598914,0.06937540631476535,0.0,True,5.072864682330954,100462.98378765966,100770.94586181056,101025.42063423841,True,200,4095.4924129197025,4374.152442845981,4590.347805808614,True,200,291.80399410289874,304.04006592561507,309.2241356761999,True,200,0.37104196600713774,0.35742422559957576,4349266.99500286,7372498.717394194,14871,360,41.07132930949902,282.6031511874007,508.06276048474905
EleutherAI/pythia-160m,pretrained,metaphor,lit+met,8,768,88509,10,0.9520872918412493,0.0035578693527163778,0.04435483880603428,97659.57094238681,364.94552278225797,4549.661112101367,102574.17757727044,0.011958237329314702,0.44305442170259746,0.31627067023452865,0.4430544217025976,0.2767202574074512,0.7705497317941031,180,2,49,1,32,49,0.0008528236231374898,0.0012925834391023878,0.0019239952653590546,0.0,True,9.251423906234551,0.05964201544113357,0.06385160682445777,0.06756704562484436,0.0,True,4.95321395911033,97072.81722553489,97386.2731048876,97613.36183204164,True,200,4179.3975708307125,4457.423833828876,4699.961552833846,True,200,345.9328150564753,359.6434021018274,365.31774517022876,True,200,0.3576619399449274,0.343678206515017,4296760.5544547485,7716708.239894356,14871,360,41.07132930949902,278.46454427482115,531.7833533108922
EleutherAI/pythia-160m,pretrained,metaphor,lit+met,9,768,88509,10,0.949706342703473,0.0038264577952446125,0.046467199501282384,102744.5663716852,413.96769636476455,5027.082634486007,108185.61670253598,0.011990959684785365,0.4320565907067825,0.3097442664854021,0.43205659070678226,0.25257504010494075,0.7748733702480537,180,2,41,1,38,41,0.0008977873740873176,0.0012719455301689947,0.0019401630159325213,0.0,True,9.427258794008425,0.04979797570245031,0.053481798693168055,0.05713693144709997,0.0,True,5.7915828198382915,102212.6564299311,102444.85748508267,102662.94109560449,True,200,4766.960574998108,5005.0178410389835,5231.980797943206,True,200,396.87192576689364,410.08923951984343,415.6155821844346,True,200,0.37493009040656156,0.36141810524544055,4505965.400227228,7512182.82399535,14871,360,41.07132930949902,292.9962826366456,517.6888446003273
EleutherAI/pythia-160m,pretrained,metaphor,lit+met,10,768,88509,10,0.9452988118266509,0.0034995722123060046,0.05120161596104315,99821.10327248582,369.5457508711857,5406.757874464252,105597.40689782126,0.009572699770990655,0.36093869667554973,0.31390589585575235,0.36093869667554973,0.2800468580707211,0.7218277479182462,180,2,39,1,42,39,0.0008532478268333818,0.0012357755268160718,0.0019019233827879641,0.0,True,7.746309554822103,0.04796034149764245,0.05073625738840142,0.05386802965436571,0.0,True,6.187013233016137,99301.50779922039,99534.09387633263,99750.1874576268,True,200,5188.238930075614,5395.723464471044,5584.994403477561,True,200,354.9094363852267,365.08983244872616,370.73959497724195,True,200,0.37088553561368026,0.3572635347226806,4448436.69579228,7545659.2411973905,14871,360,41.07132930949902,289.0384351890645,519.995812914161
EleutherAI/pythia-160m,pretrained,metaphor,lit+met,11,768,88509,10,0.9421886459900174,0.0032001378853071345,0.05461121612467546,94703.40133812356,321.6595145562671,5489.206370963784,100514.2672236436,0.009738002451981278,0.3296265179383123,0.28410794926653854,0.3296265179383123,0.30659241452811503,0.6959167109432118,180,2,33,1,45,33,0.0007762353583054843,0.0012408722387684166,0.002027079050784787,0.0,True,7.847707562259902,0.03993470156134737,0.0427932873987363,0.045584096696135216,0.0,True,6.639077447341153,94122.49789322693,94347.12364374628,94561.4675180192,True,200,5297.798275921836,5501.977093531756,5690.1955114919665,True,200,309.52182394411534,317.25499695212284,322.2467856786114,True,200,0.3588129461065454,0.34486082259129025,4213638.035570789,7529633.998765446,14871,360,41.07132930949902,273.14094842959753,518.8914615647059
EleutherAI/pythia-160m,pretrained,metaphor,lit+met,12,768,88509,10,0.9402419582143351,0.002903385412077777,0.05685465637358719,80060.54625196944,247.22000548922355,4841.110106256061,85148.87636371472,0.00961700139947116,0.2880866364942865,0.22963073039144635,0.28808663649428645,0.28455886168990735,0.6413995518231999,180,2,42,1,62,42,0.0008417073387079956,0.001231080516035708,0.0018533725030278592,0.0,True,7.811837872667797,0.052067683264690884,0.05473961527644856,0.057102874069836294,0.0,True,4.194964272798677,79585.54241579391,79768.1173036938,79939.8669567748,True,200,4691.395117483164,4838.5174198781115,5021.70978786287,True,200,240.03647350091126,245.71437509490607,249.05658020032772,True,200,0.33093081041770295,0.31620630802939304,3398695.222989527,6871412.956722336,14871,360,41.07132930949902,218.97480422236487,473.53131808437297
znhoughton/opt-babylm-125m-20eps-seed964,pretrained,metaphor,lit+met,0,768,88509,10,0.9975614053790886,0.00015388923503224181,0.0022847053858792224,157314.5964024802,24.26820320958963,360.2961218628727,157699.16072755266,0.003951190839237069,0.2530956686641607,0.20735925495234456,0.2530956686641608,0.18634062445987268,0.8121906677000486,180,2,81,1,25,81,0.0009993192077931295,0.0012957080321324733,0.001769150678682835,0.0,True,3.0494453543937734,0.09984860345911425,0.10567457572903347,0.11169468477049567,0.0,True,1.9622435531139193,157002.6579222492,157146.64823116994,157266.26443512665,True,200,245.90523733564584,399.9981197324753,510.6657919511067,True,200,13.795509391510205,19.826420457116647,23.758696601134165,True,200,0.6285904496902165,0.6213961612344739,6138329.48451782,3626899.191073619,14871,360,41.07132930949902,410.224595493806,249.94136800176548
znhoughton/opt-babylm-125m-20eps-seed964,pretrained,metaphor,lit+met,1,768,88509,10,0.9961110104438226,0.00020561457146257945,0.00368337498471475,211074.64576176667,43.56946402548478,780.5024359283149,211898.7176617205,0.006189378266235119,0.3271446976658358,0.255436757942313,0.32714469766583587,0.27978949542759146,0.6756532412264654,180,2,51,1,55,51,0.0008470961371488853,0.0012835703216294721,0.0018089387762932683,0.0,True,4.822001694755455,0.06308882682113953,0.06626508061903313,0.07004254274002705,0.0,True,3.854771707150759,210617.44164078165,210766.67272366222,210888.9929227413,True,200,626.2558215458064,722.5992448349198,824.5814875192982,True,200,40.189061225081474,42.45209033936955,44.07656857740021,True,200,0.7269792717344358,0.7219279753581994,7844214.19356275,2945934.1621777527,14871,360,41.07132930949902,527.0626812755448,203.01386273707897
znhoughton/opt-babylm-125m-20eps-seed964,pretrained,metaphor,lit+met,2,768,88509,10,0.9958208337481842,0.0002806638188193092,0.0038985024329964315,215630.96215092303,60.77379307798634,844.1657395443779,216535.9016835454,0.007676977826446843,0.2678242426373068,0.2452130173479315,0.2678242426373068,0.28010621452550183,0.734134152107067,180,2,44,1,46,44,0.0008217042836443735,0.0012799513675019055,0.001828764587591868,0.0,True,5.997866810697722,0.05439542481837655,0.0573167484202867,0.061065135788228836,0.0,True,4.278208797712272,215155.5133399334,215295.31765778875,215402.6294094207,True,200,679.2517594320311,788.7310541981359,887.4710873343718,True,200,57.277449910106164,59.50135123835293,61.25003968545156,True,200,0.7473372040538387,0.7427079294076695,8289090.068874463,2802409.2220899276,14871,360,41.07132930949902,557.4756081448892,193.12309434842035
znhoughton/opt-babylm-125m-20eps-seed964,pretrained,metaphor,lit+met,3,768,88509,10,0.995133020693959,0.0003920662671173772,0.004474913038923523,213487.48584559304,84.11060623170383,960.0102842444495,214531.6067360692,0.0066888152525722165,0.2346733598088348,0.2233983515938666,0.23467335980883483,0.25557896682309705,0.8011875036895667,180,2,42,1,41,42,0.0008595607678280779,0.0012858862240729594,0.0018779649588904932,0.0,True,5.201716238459914,0.05105690178772465,0.054570273653978346,0.05808490678490371,0.0,True,4.093773709298233,212995.38061956957,213130.61574156972,213225.43024441483,True,200,767.9788252883176,892.767385758116,1004.435706055269,True,200,78.55881498678856,82.26792273390761,84.03331512534683,True,200,0.742230659473686,0.7374962141881272,8380808.007560206,2910571.431687179,14871,360,41.07132930949902,563.5145632849036,200.57690246621038
znhoughton/opt-babylm-125m-20eps-seed964,pretrained,metaphor,lit+met,4,768,88509,10,0.9938793087557937,0.0005164163409563659,0.005604274903250001,204547.75346648856,106.28232368399536,1153.4014554578862,205807.43724563043,0.007109864934353816,0.23659434605818697,0.20266262731999746,0.23659434605818683,0.2374607927769839,0.824144164013533,180,2,41,1,36,41,0.000799996872430469,0.0012823621330750377,0.001838508298751111,0.0,True,5.5443503445510585,0.05006290868076904,0.05323554817534355,0.05684465912270149,0.0,True,3.806904113253072,204053.85573198597,204202.8817120687,204300.5997802917,True,200,965.2369057652029,1084.9530222956464,1197.5267506078806,True,200,99.28978265680097,104.40399619943328,106.97609100244642,True,200,0.7170693500210426,0.7118099679267549,8156685.03892499,3218344.501363728,14871,360,41.07132930949902,547.7978184778336,221.786541338552
znhoughton/opt-babylm-125m-20eps-seed964,pretrained,metaphor,lit+met,5,768,88509,10,0.9914229092099603,0.0006450422805705877,0.007932048509469042,191381.41730354226,124.51710035093063,1531.1797536253503,193037.11415751855,0.006742472500503301,0.23621252953091984,0.19033096279395512,0.23621252953091987,0.20841904868619007,0.8228668708549809,180,2,41,1,41,41,0.0008269970873327988,0.0012854375792550519,0.0018092264193011749,0.0,True,5.245274145797697,0.05022488112736888,0.05302585415827471,0.05638482941343136,0.0,True,3.5893992810722857,190874.79652489166,191018.5724678971,191128.30535102024,True,200,1328.969782009842,1457.3990215866152,1570.1392883715548,True,200,116.46500452658849,121.60055283234713,124.35336569925423,True,200,0.6736224686116363,0.6674302908186035,7708549.760909447,3734877.5594367497,14871,360,41.07132930949902,516.5379671468505,257.3825070247915
znhoughton/opt-babylm-125m-20eps-seed964,pretrained,metaphor,lit+met,6,768,88509,10,0.9876686417059263,0.0008511769643223052,0.011480181329751513,171072.3938764004,147.4309042024033,1988.4625463288764,173208.28732693166,0.006457051149303568,0.2420986064087228,0.17280387490491514,0.24209860640872263,0.1779257291121897,0.7934426240708967,180,2,41,1,42,41,0.0008457839536698472,0.0012722842703217635,0.0018531251332291833,0.0,True,5.075163860723174,0.05034838003739172,0.053261739449879025,0.05585391663730284,0.0,True,3.2444279268710146,170535.0040180813,170692.55923525133,170817.3349819046,True,200,1759.0384804787557,1895.3809186234027,2018.9553924278634,True,200,138.76972219437218,143.6359151145389,146.89303233565624,True,200,0.609565732046455,0.6019372794860962,6917268.45085169,4430594.605079617,14871,360,41.07132930949902,461.7048179833931,305.3266215339823
znhoughton/opt-babylm-125m-20eps-seed964,pretrained,metaphor,lit+met,7,768,88509,10,0.9861650497040927,0.0008949701680033898,0.012939980127903905,165485.97644499337,150.1827834860107,2171.426828893935,167807.58605737332,0.0063946767848726,0.24090854995823063,0.17125489107869304,0.2409085499582306,0.18431676145227974,0.774026600309375,180,2,42,1,46,42,0.0008514834114613197,0.001269980406918318,0.0018283001112265355,0.0,True,5.035256252802875,0.05199049799246393,0.05456241135291205,0.05798837055581912,0.0,True,3.1386972612153987,164955.19679052223,165114.3730342565,165239.87365588913,True,200,1930.2447936035396,2073.6117844736664,2198.615302634999,True,200,141.60512741249073,146.68368883101368,149.93742119837583,True,200,0.587115910306068,0.5789668702684911,6724429.832730388,4728896.017739056,14871,360,41.07132930949902,448.12571424311454,325.8835378498419
znhoughton/opt-babylm-125m-20eps-seed964,pretrained,metaphor,lit+met,8,768,88509,10,0.9833404580585295,0.0011530624906745343,0.015506479450795951,154130.04964894167,180.7324995931573,2430.505556895552,156741.28770543038,0.0072383493712185115,0.27413593357114163,0.1802419970469651,0.2741359335711419,0.18565268088304948,0.7784713505108543,180,2,44,1,48,44,0.0008769800032052201,0.0012815208986893798,0.0018401103267519329,0.0,True,5.6482491847157705,0.05441139184611596,0.05737047130175914,0.06045656727765431,0.0,True,3.1417206963303856,153611.36368247506,153773.92533503487,153909.29664213053,True,200,2204.923958233224,2327.6629179100373,2467.4155510748215,True,200,171.32544192496093,176.44753163183145,179.99229577272916,True,200,0.5480047899173556,0.5389274330615693,6346274.335544924,5234417.023926594,14871,360,41.07132930949902,421.63046710344446,360.72062738106223
znhoughton/opt-babylm-125m-20eps-seed964,pretrained,metaphor,lit+met,9,768,88509,10,0.9814141715333303,0.0013265057521924524,0.017259322714477263,148610.54699210357,200.8660065642808,2613.49129012918,151424.90428879703,0.008667104344049091,0.29144449717264675,0.19165676409083937,0.29144449717264687,0.19929562879912557,0.7646531150144423,180,2,44,1,50,44,0.0008942719185281243,0.001282396253354919,0.0018826154077961764,0.0,True,6.758522821144241,0.0543515157617028,0.057402267337047466,0.06058559113424029,0.0,True,3.338836129337768,148101.67390329356,148257.77140038882,148398.25795866328,True,200,2399.6256949364947,2530.5240051920964,2668.972770983059,True,200,191.2220402693811,196.3121899234623,199.43204002576388,True,200,0.5304762311824736,0.520974009026197,6153616.455879028,5446557.301505216,14871,360,41.07132930949902,408.20819034376404,375.3399008686663
znhoughton/opt-babylm-125m-20eps-seed964,pretrained,metaphor,lit+met,10,768,88509,10,0.9794845740469654,0.001504280384528315,0.019011145568506305,139784.2989152856,214.6790102620077,2713.120477120112,142712.0984026677,0.009750031253945293,0.2943753250866816,0.20031133272391266,0.2943753250866816,0.21594448196280203,0.7542218591881015,180,2,43,1,52,43,0.0009161541404864562,0.0012584297872415696,0.0018464259923608812,0.0,True,7.747775325087458,0.05305951661521239,0.055870187411181604,0.05888700258848799,0.0,True,3.5852991014636055,139256.51217190255,139426.88500566073,139576.18191130055,True,200,2493.8499976842245,2642.428180061323,2786.3904612273063,True,200,204.72622278904677,209.9431614560521,213.99527269357304,True,200,0.503837964160752,0.49367961348928396,5835128.748467789,5746231.060707015,14871,360,41.07132930949902,386.1050859944666,395.99139002873784
znhoughton/opt-babylm-125m-20eps-seed964,pretrained,metaphor,lit+met,11,768,88509,10,0.9772029180810277,0.0016661792534235957,0.021130902665548547,130289.08687825546,222.14932997780247,2817.3534506160067,133328.5896588493,0.011308815560177295,0.3294762182384153,0.2107334798290807,0.3294762182384152,0.2294256954056434,0.7471138536084908,180,2,42,1,53,42,0.0009343932830675216,0.0012597343762280999,0.001818350059484292,0.0,True,8.97714293868695,0.051595547468280885,0.054449035900920574,0.05779422666485464,0.0,True,3.87028854307993,129768.41573314599,129939.4642549148,130084.88399428967,True,200,2590.0018951390934,2762.3131904860397,2902.002461630499,True,200,211.73246224648562,217.22991355659295,221.44721497265775,True,200,0.4769075747158345,0.46607306915505153,5477784.698730931,6008266.245196454,14871,360,41.07132930949902,361.42984330559455,414.0490831229036
znhoughton/opt-babylm-125m-20eps-seed964,pretrained,metaphor,lit+met,12,768,88509,10,0.9748956885963758,0.0016762712827974556,0.023428040120826835,120844.46783713262,207.78439528435845,2904.053299224772,123956.30553164174,0.010426153991884226,0.333729218368845,0.21903873402838286,0.3337292183688452,0.23271426457636096,0.7290541282553261,180,2,44,1,55,44,0.0009432114775854648,0.0012537457384183379,0.001762855547616578,0.0,True,8.316003534366812,0.054333933624082356,0.05730807676634871,0.060561249045315166,0.0,True,3.8221267644598806,120371.69657685133,120521.65097321899,120683.14210113173,True,200,2693.9490535504397,2830.8967895764426,2986.1525780898205,True,200,198.06458788975175,203.5529166938407,207.1592534867587,True,200,0.4474281977548795,0.43583873742370366,5048328.349098963,6234662.6971306605,14871,360,41.07132930949902,331.9236409421454,429.65079575016614
znhoughton/opt-babylm-350m-20eps-seed964,pretrained,metaphor,lit+met,0,1024,88509,10,0.9975046428134823,0.00019059111409858704,0.0023047660724192054,183212.97856182358,35.006118470716494,423.3193900984326,183671.3040703927,0.005078684465449219,0.31469804297465426,0.23463671563137703,0.31469804297465437,0.20096261551896424,0.795143454167976,180,2,96,1,21,96,0.0007638292825179671,0.0009863247447883619,0.0012985888329504914,0.0,True,5.149099718205858,0.08875100477522854,0.09345156747577825,0.09871296069315011,0.0,True,2.5107841630606424,182765.59637762583,182992.21777137535,183204.12948921393,True,200,391.74423718505557,602.9892781296451,802.4728742262446,True,200,15.331965662540814,29.288636986466273,36.701076559074906,True,200,0.5192641831948217,0.5094873342949209,7296722.010143062,6755319.794953708,14871,360,41.07132930949902,483.5392552173951,465.5309623701818
znhoughton/opt-babylm-350m-20eps-seed964,pretrained,metaphor,lit+met,1,1024,88509,10,0.9960176111752547,0.0001674570908085045,0.0038149317339370298,263935.90745978773,44.374656358703525,1010.9233589812926,264991.2054751277,0.006709573917575967,0.18836062664502543,0.254794078145553,0.18836062664502534,0.4167677845390351,0.5952716728549986,180,2,34,1,51,34,0.0005805742873294717,0.0009510234387014374,0.0015199936166549024,0.0,True,7.055108890625732,0.031129212446184714,0.03310903161448095,0.03539273855996999,0.0,True,7.695606477179879,263285.8626925543,263455.06869205507,263596.0415009374,True,200,849.9375675276466,971.2614422398216,1119.1866717585,True,200,40.000626369185646,43.55623688037426,46.20390891898681,True,200,0.7015949900597694,0.696007207203296,9963161.806845943,4237569.310115388,14871,360,41.07132930949902,668.6054649365916,292.0246233971048
znhoughton/opt-babylm-350m-20eps-seed964,pretrained,metaphor,lit+met,2,1024,88509,10,0.9954836954769742,0.0002745846921654986,0.004241719830860235,266353.58995640854,73.46842428224134,1134.922962246594,267561.9813429374,0.007470100010721564,0.16862737937733485,0.24334201376960138,0.16862737937733482,0.354804334436195,0.699777942984259,180,2,33,1,39,33,0.0005728216168148181,0.0009432788694218354,0.001528699103322091,0.0,True,7.919291158615922,0.03019033361264541,0.032157590544602675,0.034474857116263496,0.0,True,7.567171844920573,265651.46292151755,265823.9985170887,265962.83952738985,True,200,954.2684804236353,1087.1527768958538,1227.3519178345837,True,200,67.43432950252613,72.38453066923068,75.09847221537969,True,200,0.7116519280825685,0.706278058085529,10426228.843688942,4224513.228746295,14871,360,41.07132930949902,700.033229365322,291.12488655132626
znhoughton/opt-babylm-350m-20eps-seed964,pretrained,metaphor,lit+met,3,1024,88509,10,0.9936166839933528,0.00046347713731440275,0.005919838869332799,251909.03849385385,117.5041461215401,1500.8412616611665,253527.38390163655,0.007604842110637662,0.18683840494702578,0.20026419236416085,0.18683840494702592,0.3137979723823642,0.7849179549533661,180,2,32,1,40,32,0.0005714685746675528,0.0009422986656174724,0.0015666133898999174,0.0,True,8.070521999152293,0.028740763062080576,0.03120940621960494,0.033948888287861946,0.0,True,6.4167895715478265,251174.2393047509,251372.70144089265,251518.2350797911,True,200,1264.5139213980653,1426.9356642706136,1576.147980689985,True,200,105.26408172340071,114.2461466265169,117.97528972425256,True,200,0.6755489674422115,0.6693988592143699,10039098.101917045,4821553.880022103,14871,360,41.07132930949902,672.7757084709286,332.26889118752
znhoughton/opt-babylm-350m-20eps-seed964,pretrained,metaphor,lit+met,4,1024,88509,10,0.9904014757142597,0.0006385822476409805,0.0089599420380993,230242.96883254545,148.45401197992396,2082.956968467498,232474.37981299288,0.007550123408981967,0.2009362968667385,0.1737740392119818,0.20093629686673822,0.28614163466515574,0.8068828826933943,180,2,32,1,45,32,0.0005872861621251467,0.0009357053971117359,0.00151433749626153,0.0,True,8.068910826299723,0.029179268837552463,0.03144091413790144,0.033429405998686365,0.0,True,5.527003395950897,229517.14046568598,229720.57431370605,229868.38630553032,True,200,1811.5931188493032,1975.7499433734465,2123.8205665101873,True,200,137.00587649750125,143.6208089349153,147.78190842022644,True,200,0.6253608487742836,0.618093309751692,9222352.271611704,5524896.920095211,14871,360,41.07132930949902,616.2027241366378,380.73853766764597
znhoughton/opt-babylm-350m-20eps-seed964,pretrained,metaphor,lit+met,5,1024,88509,10,0.9865448821182522,0.0008346933775092746,0.012620424504238413,205842.89824601184,174.15903431007496,2633.255520488356,208650.3128008103,0.006850864352522505,0.19138503469682003,0.15637673704347588,0.19138503469681994,0.23562772555845007,0.7997930035774683,180,2,33,1,45,33,0.000589912572678452,0.0009753760275222109,0.001480964906569382,0.0,True,7.023818670145141,0.030018577062327686,0.03216383920981236,0.034829410105131554,0.0,True,4.861880325398759,205134.3710093922,205329.157448848,205482.51667490337,True,200,2362.098716868126,2524.148931367099,2711.2819613829633,True,200,162.02311923397608,169.63117861866033,174.1381649473352,True,200,0.5630416448335018,0.5543244077742684,8273643.187565013,6420906.07621392,14871,360,41.07132930949902,550.3565334714265,442.4854301022617
znhoughton/opt-babylm-350m-20eps-seed964,pretrained,metaphor,lit+met,6,1024,88509,10,0.984852194270648,0.0009132970144849746,0.014234508714867077,197405.36024319983,183.06272474415562,2853.1878560968034,200441.61082404078,0.0070622521909598545,0.20847379963857735,0.1602013861745111,0.20847379963857726,0.22236343374892611,0.7983508607639547,180,2,34,1,46,34,0.0006187343239875617,0.0009827026414898892,0.001474896392834558,0.0,True,7.186560707980468,0.031092973068862943,0.03312095572972548,0.035756284645347275,0.0,True,4.836858799661181,196692.81986197963,196896.64506532642,197049.11152557825,True,200,2586.118478037526,2744.687473081784,2934.9738518725494,True,200,171.06638374044564,178.03203377475606,183.07792518671826,True,200,0.5396482519770601,0.5303690265769945,7956105.644024033,6787026.785064682,14871,360,41.07132930949902,528.2063797938977,467.7159937333528
znhoughton/opt-babylm-350m-20eps-seed964,pretrained,metaphor,lit+met,7,1024,88509,10,0.9842007338031563,0.0009392333838595749,0.014860032812984189,196358.3742385843,187.38691605381007,2964.73248197474,199510.49363661284,0.007129032635811784,0.21444803463226084,0.15630901393813407,0.2144480346322608,0.21423336939804608,0.7943119928166646,180,2,35,1,47,35,0.0006224581026659083,0.0009890976780143226,0.0014784089660392673,0.0,True,7.207612346359741,0.032003491152015624,0.034052695532949845,0.036006424849304594,0.0,True,4.590209717374279,195691.7343217089,195858.94691250508,196016.7759497114,True,200,2636.9962481735442,2849.761410946631,3021.295902646629,True,200,175.99601772867513,182.5246466619579,186.62970908207626,True,200,0.5354699470882899,0.5260893211685932,7921218.366936919,6871802.9968387885,14871,360,41.07132930949902,525.6980302999464,473.5581970118385
znhoughton/opt-babylm-350m-20eps-seed964,pretrained,metaphor,lit+met,8,1024,88509,10,0.9830357531945392,0.001044156746550016,0.015920090058910773,191632.78456734258,203.54769825605572,3103.45903354768,194939.7912991463,0.006593302146875966,0.21178004878856693,0.15402607365864374,0.211780048788567,0.20689487552097713,0.7729412213672664,180,2,36,1,48,36,0.0006263638546482226,0.0009585882184198036,0.0015074050676263195,0.0,True,6.878138099532221,0.03289682872469656,0.03517650734853395,0.03717244974359651,0.0,True,4.378663070000981,190973.71174699967,191138.7366470331,191293.60875585495,True,200,2770.518864015186,2982.8101373497275,3152.3737494016896,True,200,191.8634451749082,198.40927255680566,202.42352885830778,True,200,0.5240948283160244,0.514436574766407,7732242.437881181,7021275.475519616,14871,360,41.07132930949902,512.6306183823182,483.858829544457
znhoughton/opt-babylm-350m-20eps-seed964,pretrained,metaphor,lit+met,9,1024,88509,10,0.9832110937951383,0.00100658085770975,0.01578232534715193,196054.06283974514,200.71403585264113,3147.024097769722,199401.8009733675,0.00635313016972898,0.21299456759878457,0.15153733601322597,0.21299456759878455,0.20860849578601764,0.761982874861949,180,2,37,1,51,37,0.0006247555510617079,0.0009581903281683015,0.0014828088440200767,0.0,True,6.63034261875067,0.03429415325649878,0.03608796401747964,0.03809581657575872,0.0,True,4.1991101504043575,195317.63388083497,195549.37793806716,195733.00655528685,True,200,2873.2087758280777,3022.1234579720985,3178.3044291003553,True,200,190.9511851786763,196.9940894517659,200.98184685079062,True,200,0.5312563041434908,0.5217731058605244,7897657.968712597,6968345.327842097,14871,360,41.07132930949902,523.9381433890954,480.2112416678449
znhoughton/opt-babylm-350m-20eps-seed964,pretrained,metaphor,lit+met,10,1024,88509,10,0.9823170748980695,0.001118133117250839,0.016564791984679764,195099.53025496905,222.0741667967026,3289.959237772229,198611.56365953796,0.00616638202315871,0.21674824734692305,0.15056463721240512,0.21674824734692305,0.20368483688822522,0.7631948261807038,180,2,38,1,52,38,0.0006297656227705491,0.0009594519862870263,0.0015188711957735308,0.0,True,6.4269834356401,0.03502025158621635,0.03721486089478616,0.03921488161623192,0.0,True,4.045820233967324,194393.96063046664,194617.28268054122,194794.4679829884,True,200,3005.898486581597,3158.810577019847,3324.9539525352334,True,200,211.75641431169947,217.89214791453887,222.18476034296074,True,200,0.5245332694082308,0.5148857593235618,7876854.326005696,7140027.89176521,14871,360,41.07132930949902,522.2391463495526,492.0424430959417
znhoughton/opt-babylm-350m-20eps-seed964,pretrained,metaphor,lit+met,11,1024,88509,10,0.9819686968055032,0.001105716135164445,0.016925587059332347,195965.776601736,220.66133251851355,3377.7408824869253,199564.17881674142,0.006225441068403299,0.22334715616586812,0.15591046998315428,0.22334715616586803,0.20576907408994263,0.7570092329970197,180,2,40,1,55,40,0.0006510177745244504,0.0009602426000131608,0.0015162916919025187,0.0,True,6.483196088486362,0.0367728445836173,0.038974953933955,0.04122500599340703,0.0,True,4.000273361383629,195286.97279196524,195501.9821782477,195713.60003546928,True,200,3031.6933924201426,3256.550010081878,3417.7645500765525,True,200,209.8736526246703,216.2791388573213,220.60560155105873,True,200,0.5237984017406413,0.5141328826823903,7924041.750186727,7203995.532581302,14871,360,41.07132930949902,525.3321330594624,496.4506603667082
znhoughton/opt-babylm-350m-20eps-seed964,pretrained,metaphor,lit+met,12,1024,88509,10,0.9815421356852705,0.0011073383290925681,0.01735052598563697,195197.36066604577,220.21420308391774,3450.4650951122717,198868.03996424197,0.00585424384916704,0.23005624501640373,0.1544935842269471,0.2300562450164035,0.20312645171628418,0.7481164629768347,180,2,41,1,56,41,0.0006508212889324473,0.0009619762557445038,0.0015043040924250298,0.0,True,6.085642773621534,0.03813605750410491,0.040126879606081946,0.04217392008602026,0.0,True,3.8501270406167047,194523.61864214748,194735.50124836288,194959.7749542443,True,200,3108.859237697045,3335.160257320586,3497.631189507511,True,200,210.03801002725163,216.4477464852233,220.8692719210442,True,200,0.5195163447497261,0.5097456968372412,7918967.99479602,7323994.184980894,14871,360,41.07132930949902,524.7866791024188,504.720156087168
znhoughton/opt-babylm-350m-20eps-seed964,pretrained,metaphor,lit+met,13,1024,88509,10,0.9810723000104405,0.001123556705225521,0.01780414328433394,193985.28934979366,222.15842049740274,3520.3744786189054,197727.82224890997,0.006025716144745866,0.23778414542214021,0.15513485515886297,0.23778414542214024,0.20741880219671383,0.7329363824077081,180,2,42,1,59,42,0.0006654504721748613,0.0009746005726611007,0.0014957761601176345,0.0,True,6.182754570206063,0.0391040195869094,0.0410597752128026,0.043353752708258635,0.0,True,3.7782684964746545,193345.96455806,193527.57922974587,193730.0159097867,True,200,3216.465670671014,3391.391930576538,3554.7036016484467,True,200,213.95928698358853,218.39752139972282,222.43204575461496,True,200,0.5145395502956587,0.5046463073409198,7891179.458835873,7445211.017467718,14871,360,41.07132930949902,522.6986328048321,513.0736005421899
znhoughton/opt-babylm-350m-20eps-seed964,pretrained,metaphor,lit+met,14,1024,88509,10,0.9801105822490808,0.0012362435620965377,0.01865317418882265,190890.27349092576,240.7757613722323,3632.9671231662414,194764.01637546424,0.006715962034367084,0.25455277976268376,0.15715866907872075,0.2545527797626838,0.2025894851133916,0.7486731253477178,180,2,43,1,59,43,0.0006394036961605541,0.0009556500057566798,0.0014432463971536067,0.0,True,7.027637727108485,0.03989290485103203,0.04190621235138677,0.04355746080196112,0.0,True,3.7502475232295724,190226.58297537346,190424.73862952756,190626.24501374704,True,200,3313.803365914736,3500.265507635846,3674.327054302196,True,200,232.44901736775347,237.02147404929963,240.96031083809328,True,200,0.5058221266881717,0.49571308300364797,7804237.934043059,7624580.858722409,14871,360,41.07132930949902,516.5011731616901,525.4345571444014
znhoughton/opt-babylm-350m-20eps-seed964,pretrained,metaphor,lit+met,15,1024,88509,10,0.979500744897933,0.001250801865447036,0.0192484532366199,187953.9816472251,240.01328440750143,3693.5382083350178,191887.53313996762,0.007008485015205458,0.26105099347895666,0.15950380011406176,0.26105099347895666,0.20718564491974065,0.7422166669020679,180,2,44,1,61,44,0.0006521480742562554,0.0009714037934042258,0.0014516886984540659,0.0,True,7.214800953828527,0.04086290206149326,0.042973112075633875,0.04501860477452142,0.0,True,3.7117116357160875,187272.37960928303,187471.98716644756,187646.72303148443,True,200,3382.490449020759,3587.9824267490417,3734.7812956028224,True,200,231.8716581898913,236.43493789672945,240.78537865928152,True,200,0.4987695628492831,0.4884849430697491,7730778.522758621,7768921.335820536,14871,360,41.07132930949902,511.27686489488036,535.3815268293389
znhoughton/opt-babylm-350m-20eps-seed964,pretrained,metaphor,lit+met,16,1024,88509,10,0.9785154238700574,0.0013513724303703101,0.02013320369957238,182974.78343907458,252.69614740930174,3764.7527029203306,186992.2322894042,0.007913078987102667,0.26808522720025724,0.16240272566544617,0.26808522720025724,0.21020056983961588,0.737773532589309,180,2,44,1,62,44,0.0006511679224910766,0.0009628400956094112,0.0014348466501465297,0.0,True,8.218476799197104,0.04113331397109685,0.042891994458349236,0.04503450288190673,0.0,True,3.7863178832392417,182290.07662949737,182496.45811312651,182681.97926703957,True,200,3470.377822117191,3669.8606711171014,3812.3932773960814,True,200,243.92203553941337,248.99873597787644,253.873766736009,True,200,0.48770624644459065,0.47714441855560913,7574791.828049562,7956671.800456886,14871,360,41.07132930949902,500.3826029388946,548.3200193271922
znhoughton/opt-babylm-350m-20eps-seed964,pretrained,metaphor,lit+met,17,1024,88509,10,0.9774543783719524,0.0013929029662693357,0.021152718661778157,178465.85697068277,254.3194107599243,3862.1117739752667,182582.28815541798,0.008271153332215678,0.2735944663244484,0.16882747899590939,0.2735944663244485,0.2149071166229854,0.7368384827525533,180,2,45,1,63,45,0.0006633073660002503,0.0009635764080308726,0.0014196510763745474,0.0,True,8.583806393847153,0.04211215983282788,0.04409557398282844,0.04607447639124584,0.0,True,3.8286717633305702,177778.27303544377,177999.0937092972,178182.91652042855,True,200,3573.0364781743774,3764.04616954866,3912.665471008302,True,200,244.86531665903013,250.26101654938378,255.01665658153135,True,200,0.4775807348719953,0.4667632879644668,7430816.39158162,8128472.015588493,14871,360,41.07132930949902,490.3297242001578,560.1593284810484
znhoughton/opt-babylm-350m-20eps-seed964,pretrained,metaphor,lit+met,18,1024,88509,10,0.9765160533492276,0.0014393486787864685,0.022044597971985866,173217.44238167146,255.3161271437558,3910.3390732215385,177383.09758203675,0.008251565743047555,0.2675883895652413,0.17100862996289878,0.2675883895652413,0.21714211069233735,0.7242511993884526,180,2,45,1,64,45,0.0006553201683204798,0.0009660731677015221,0.0014344191802245227,0.0,True,8.541346575932392,0.04196011779888458,0.04408457031599451,0.04620464392686581,0.0,True,3.8791039299492596,172534.62337643703,172753.05514989235,172931.7340907469,True,200,3622.534579338037,3821.0846783276274,3981.6735079285872,True,200,246.39069013089932,251.27272394693347,255.95851400130456,True,200,0.46558341585599794,0.4544607337465205,7254730.812304355,8327290.7229047045,14871,360,41.07132930949902,478.05375631244164,573.8605694235204
znhoughton/opt-babylm-350m-20eps-seed964,pretrained,metaphor,lit+met,19,1024,88509,10,0.9753514093321181,0.001478769026958158,0.02316982164092385,168458.25820111972,255.4062588925946,4001.78618610226,172715.45064611456,0.008329070204035463,0.2666322677586583,0.17565495485146904,0.2666322677586581,0.22035760691864512,0.717330188605572,180,2,45,1,64,45,0.0006262005097246728,0.0009584602566031504,0.0014485266568666486,0.0,True,8.690052766041928,0.041907623389186105,0.04414173565724971,0.046064913329360066,0.0,True,3.9793395578141473,167758.97551909028,167988.48926353766,168169.75253076857,True,200,3712.41592441541,3914.7292038691426,4084.7584305525484,True,200,246.19671067120873,251.5741667151553,255.84877898088496,True,200,0.4546010811837309,0.4431967401940203,7092090.983913077,8508599.989909636,14871,360,41.07132930949902,466.71907710390315,586.3551781344936
znhoughton/opt-babylm-350m-20eps-seed964,pretrained,metaphor,lit+met,20,1024,88509,10,0.9741135002036648,0.0014931092926973163,0.024393390503637896,163204.52710397515,250.15790868134766,4086.9074915566425,167541.59250421313,0.008746111785661398,0.2710831746343197,0.18030621919457357,0.2710831746343196,0.22478177059400153,0.7156745621870971,180,2,45,1,65,45,0.0006465751475528774,0.0009604531649547091,0.0014414694621871396,0.0,True,9.106234540935505,0.042049414918038146,0.044142110546676314,0.04595521657444741,0.0,True,4.084675992189271,162520.16488134747,162743.81927547313,162918.55421230788,True,200,3784.672573998647,3999.5867295920716,4166.933695225437,True,200,240.48074225800627,246.43073569592568,250.63426291056936,True,200,0.44315680916570266,0.43145667650033453,6912853.247071574,8686259.98800626,14871,360,41.07132930949902,454.2648274770458,598.598303907812
znhoughton/opt-babylm-350m-20eps-seed964,pretrained,metaphor,lit+met,21,1024,88509,10,0.9727854866595871,0.0015365500505995135,0.025677963289813515,157447.4618237074,248.69399137802023,4156.034603956053,161852.19041904144,0.009004326695086624,0.2738610985606844,0.1861353462768672,0.2738610985606845,0.22510504878240778,0.698891955559932,180,2,45,1,64,45,0.0006267915243739144,0.000964892809668742,0.0014933419192786227,0.0,True,9.331945066704254,0.04205560798099849,0.044148089234299276,0.04599909164666573,0.0,True,4.2161586040343515,156773.7516810501,157015.99580795885,157185.75201811205,True,200,3826.6710852189085,4062.061152591627,4247.339610457984,True,200,238.4295583475796,244.6596160827085,248.9284745300485,True,200,0.4305808503598862,0.4185529851170124,6710347.261443947,8874059.838489398,14871,360,41.07132930949902,440.215478917778,611.5401997442905
znhoughton/opt-babylm-350m-20eps-seed964,pretrained,metaphor,lit+met,22,1024,88509,10,0.9714099310843433,0.001602483182160542,0.026987585733496196,151727.6985495221,250.29709642985188,4215.279401334186,156193.27504728612,0.009700777583804011,0.2842321864944708,0.19309390403133542,0.28423218649447085,0.22795221579160238,0.7048369741768349,180,2,45,1,64,45,0.0006157338461741892,0.000955729034539462,0.001458080679306432,0.0,True,10.150133806993248,0.04207130772679251,0.04411294767853144,0.04599053815664014,0.0,True,4.3772614208075,151029.35350091616,151288.20112486315,151454.65428942075,True,200,3890.448412117745,4118.431342729942,4307.06698450279,True,200,239.83143666520093,246.31404157653844,251.02943129563496,True,200,0.4182340227466061,0.4058816540066158,6508531.427705814,9053405.367783237,14871,360,41.07132930949902,426.2271228648127,623.8994809305518
znhoughton/opt-babylm-350m-20eps-seed964,pretrained,metaphor,lit+met,23,1024,88509,10,0.9703320458915177,0.0016374005345579843,0.028030553573924307,147350.07710499724,248.64797163038,4256.588502772449,151855.31357940007,0.010167188420419958,0.2961954936245963,0.20040262318958996,0.2961954936245963,0.23369959805709364,0.7023147927870599,180,2,45,1,64,45,0.0006121600709778563,0.0009547156252561178,0.0014951997855107448,0.0,True,10.649441730559763,0.04202495797441414,0.04409261143879768,0.046191005874135285,0.0,True,4.545038650472242,146629.8065024648,146903.58305805683,147063.91600001487,True,200,3924.1868861476773,4157.96824416013,4353.692807434578,True,200,237.77787059843433,244.35112815629824,249.43941086805276,True,200,0.40836291326064134,0.39574915372482805,6350783.591049684,9201029.232354872,14871,360,41.07132930949902,415.2807458699154,634.0727194786625
znhoughton/opt-babylm-350m-20eps-seed964,pretrained,metaphor,lit+met,24,1024,88509,10,0.9687571705732204,0.001652111575077022,0.029590717851702447,139260.74321280455,237.49427906641108,4253.7237249972195,143751.9612168682,0.010200791175771799,0.3127285320306475,0.20035194095271774,0.3127285320306474,0.22921741094244402,0.7084357717426835,180,2,48,1,67,48,0.0006186959653956577,0.0009529211657943547,0.001446688153679335,0.0,True,10.704758737590243,0.04460083501175783,0.04693817543324439,0.04898182582530108,0.0,True,4.2684220062549905,138610.68094062674,138834.3388801256,139063.54729438978,True,200,3947.361426533516,4145.197552490708,4316.857009489981,True,200,224.46842550493693,232.4195916188085,238.26563103153717,True,200,0.3904499705816556,0.3773574314524126,5874707.017927809,9171284.685378568,14871,360,41.07132930949902,383.0424712074717,632.0229264267499
EleutherAI/pythia-410m,pretrained,metaphor,lit+met,0,1024,88509,10,0.999295461480479,9.537015587176175e-06,0.0006950015039338603,343733.3977904657,3.2805020125919366,239.0636579723286,343975.7419504506,0.001260528044358631,0.12401104836524823,0.21336018319403244,0.1240110483652482,0.25301047269189364,0.8179337777571507,180,2,113,1,20,113,0.0007732826693187821,0.0009708127022919511,0.001175673789783382,0.01,True,1.2984255782631429,0.10542881759731576,0.11033508435868247,0.11683197152240005,0.0,True,1.9337474062233109,343334.18842464016,343444.9656186425,343522.58859442116,True,200,117.26712941785199,205.95210224110087,261.40263622686973,True,200,2.571423518953299,3.0550126079903137,3.446560410930178,True,200,0.9612051216872621,0.9605673580811438,13503708.79128454,545018.6724025588,14871,360,41.07132930949902,914.9260408562403,37.559001612746115
EleutherAI/pythia-410m,pretrained,metaphor,lit+met,1,1024,88509,10,0.9965230954469013,0.0002955901519964384,0.0031813144011024006,274721.9913602249,81.4884427204528,877.0263643732899,275680.5061673186,0.0012222336546213817,0.09603095502132003,0.09172921009418455,0.09603095502132006,0.0909770940368755,0.8670404947578082,180,2,96,1,27,96,0.0007488829430944813,0.0009653108087000048,0.001273163623521565,0.035,False,1.2661555673114009,0.08980450803899291,0.09349832761760687,0.09774386117460758,0.77,False,0.9810786185325396,274347.5472216734,274440.70617991337,274512.4190681227,True,200,785.5228611833095,861.1790249194753,927.0830573787738,True,200,78.66338884085606,80.79035002354736,82.26660861303141,True,200,0.8798167201171946,0.8777549787675406,10977862.745112164,1499579.992791107,14871,360,41.07132930949902,742.017959002254,103.3409132927508
EleutherAI/pythia-410m,pretrained,metaphor,lit+met,2,1024,88509,10,0.9895389460409098,0.0005010594787733906,0.00995999448031689,250001.54931542164,126.58990987035543,2516.33759460876,252644.47681990074,0.002313052999321715,0.1550830193625365,0.10939123582240902,0.15508301936253657,0.09548482463416728,0.7987644215110479,180,2,93,1,42,93,0.0007429775679683408,0.000968018921504067,0.0012869510555853962,0.0,True,2.389470854276062,0.08733733620127103,0.09120659282738042,0.09458186403815379,0.0,True,1.1993786022622865,249586.7108579223,249701.92486825364,249832.319039873,True,200,2356.3444956864164,2478.9882537266317,2586.172106461625,True,200,122.32506506128213,125.72836266599828,128.00621327105682,True,200,0.7513723277694687,0.7468258315452987,10005258.390823888,3310720.9459792078,14871,360,41.07132930949902,673.0156655503334,228.15250127346204
EleutherAI/pythia-410m,pretrained,metaphor,lit+met,3,1024,88509,10,0.9818143722718862,0.0006699170867947177,0.0175157106413191,234389.60856810224,159.93003176716024,4181.544573961505,238731.0831738309,0.0028709299449595836,0.19621638189259552,0.13131081168877118,0.19621638189259547,0.1175509946611123,0.7255914398073816,180,2,88,1,47,88,0.0007479232063308839,0.0009836722910422776,0.001267452156453907,0.0,True,2.9185837306829177,0.08301124525071674,0.08597604476586534,0.08913889735973424,0.0,True,1.527295330302341,233924.84606453546,234096.97277193755,234234.09717544416,True,200,3939.724482857601,4116.916851483575,4259.545924825165,True,200,155.57270450107427,159.08245088003002,161.37048851560675,True,200,0.68903554559928,0.683178107631923,9484122.549083127,4280221.844549613,14871,360,41.07132930949902,636.04478238042,294.96394766381457
EleutherAI/pythia-410m,pretrained,metaphor,lit+met,4,1024,88509,10,0.9767665060037388,0.0009518288303001673,0.022281665165961032,213548.5175364351,208.09644312093332,4871.396116868888,218628.01009642493,0.00274100309303261,0.18580582615353525,0.13632680285136287,0.18580582615353536,0.12431042239006043,0.7767126298382915,180,2,81,1,50,81,0.0007396397120772364,0.0009800502220468407,0.0013490601040096828,0.0,True,2.796798604165416,0.0756210849620439,0.07899356285225344,0.0822510034451804,0.0,True,1.7257963551579936,213044.144803211,213197.93871215606,213339.6042557588,True,200,4626.094717499502,4782.630648073813,4903.461312542503,True,200,201.92375615512654,206.39515620001794,209.02890063912196,True,200,0.619340234634277,0.6119356482977168,8645335.365348697,5313608.171484178,14871,360,41.07132930949902,577.4231455986206,366.1779457986478
EleutherAI/pythia-410m,pretrained,metaphor,lit+met,5,1024,88509,10,0.9706633009186695,0.001162715687797926,0.028173983393532616,197250.56811980225,236.277944950516,5725.295501862003,203212.14156661477,0.003022468374504013,0.20758438640420263,0.15970025540613286,0.20758438640420243,0.14260739138196651,0.7359798968867206,180,2,75,1,53,75,0.0007024031282329625,0.0009654622184650443,0.0013002801303581848,0.0,True,3.1305920798323243,0.0702865138163504,0.07321456732136275,0.07615190511281007,0.0,True,2.181263391275073,196670.48024573323,196890.05033931794,197116.9173134242,True,200,5435.197573370594,5647.38061169004,5818.461858882265,True,200,227.6242936779327,234.73301484537825,237.63739569266573,True,200,0.5653441351780587,0.5566816862071985,8047412.903974461,6187125.677450598,14871,360,41.07132930949902,535.4055356129562,426.3748657880641
EleutherAI/pythia-410m,pretrained,metaphor,lit+met,6,1024,88509,10,0.9610310036102213,0.0020855359177517742,0.03688346047202697,134544.6904561155,291.9757879141526,5163.697896859881,140000.36414088952,0.012793036676415242,0.4279960175702105,0.30191106226746095,0.4279960175702104,0.23594925516563792,0.6592848413509308,180,2,67,1,18,67,0.000677783095929132,0.0009610498962961977,0.0013020207369442262,0.0,True,13.311521832236274,0.061183453378347644,0.06530817648488055,0.07019036276052676,0.0,True,4.622867740570833,133426.90355629072,134050.70028205588,134447.3911310182,True,200,4567.5839610240555,5108.147851422091,5533.358238129711,True,200,256.1961030384649,287.93068118010825,293.6191493589227,True,200,0.37231336714865365,0.35873023797559445,5763734.576332612,9717134.725981006,14871,360,41.07132930949902,374.6002869413372,669.6392203143138
EleutherAI/pythia-410m,pretrained,metaphor,lit+met,7,1024,88509,10,0.9547144203820342,0.0024238763054139807,0.04286170331255177,122093.89817335176,309.9780421244632,5481.379905925203,127885.25612140143,0.014756481463986513,0.4346179682777333,0.31035183842048775,0.43461796827773325,0.24286755995418227,0.6277233410311892,180,2,66,1,18,66,0.0006825928230187621,0.000966308642921412,0.0013807613935649895,0.0,True,15.270981556548728,0.06008406407450375,0.06430934214204191,0.06957932341915268,0.0,True,4.825921523734524,121075.58611226478,121643.97741769199,122074.98637947995,True,200,4855.524991109387,5444.0335709916435,5887.914421172302,True,200,275.31749530245287,304.4298548522397,311.54292158916076,True,200,0.33989468866556205,0.32542001437839674,5385601.633157173,10459310.961097317,14871,360,41.07132930949902,347.7094876268791,720.7849880158029
EleutherAI/pythia-410m,pretrained,metaphor,lit+met,8,1024,88509,10,0.9510601439618304,0.002577980564003291,0.046361875474166314,117322.61282338295,318.0192309571782,5719.192840279308,123359.82489461944,0.013238008880529816,0.4108680784995011,0.29894638335770574,0.41086807849950124,0.23326916420349375,0.6683670887538244,180,2,64,1,21,64,0.0006796300563080562,0.0009665769650387167,0.001394466996584681,0.0,True,13.695762840778604,0.05796815042446206,0.06240494513425594,0.06694354484366774,0.0,True,4.790427789249111,116222.69733398849,116821.72643674233,117247.87987256452,True,200,5120.047393124966,5631.373722418819,6004.52027653191,True,200,285.0843298198404,312.91912687646334,320.24699378299346,True,200,0.33172734070087095,0.31702509615755586,5187399.714810007,10450140.753968086,14871,360,41.07132930949902,334.282541368298,720.1530393472598
EleutherAI/pythia-410m,pretrained,metaphor,lit+met,9,1024,88509,10,0.9483461223839909,0.0028637127040272237,0.048790164911981945,114135.04051539752,344.6526091939482,5871.977875528445,120351.67100011991,0.013427337519777007,0.40840109048255596,0.30299095043559965,0.4084010904825559,0.24829424747346976,0.72079641043833,180,2,62,1,21,62,0.0006964523110265765,0.0009671862862086962,0.0013442534014994332,0.0,True,13.882886586834527,0.055862911041658206,0.06021085177039074,0.0656301779307219,0.0,True,5.032165158384262,113096.2289819225,113684.76942516529,114055.95601214832,True,200,5163.636870513377,5816.830811495161,6186.996280803719,True,200,307.21744560512246,339.6699185942438,346.5668521960712,True,200,0.325847980606275,0.3109811791527792,5058534.8639551,10465682.455247417,14871,360,41.07132930949902,325.51666864577874,721.2240683100694
EleutherAI/pythia-410m,pretrained,metaphor,lit+met,10,1024,88509,10,0.9477082719589046,0.0028859984073629098,0.04940572963373244,112535.97924461476,342.69897866320093,5866.702158391477,118745.38038166944,0.01335351719658384,0.3976411023121267,0.29763437851561614,0.39764110231212674,0.24636832726138774,0.7236720333940614,180,2,61,1,22,61,0.0006604355369396771,0.0009487374552244949,0.0013494225135674486,0.0,True,14.075039541286019,0.05563814982593143,0.05961007824785362,0.06435411879361026,0.0,True,4.993021100862807,111545.48456009114,112094.0225581865,112475.59275918537,True,200,5185.151864483631,5830.430179612473,6190.012636265366,True,200,305.8183657380012,337.7358939596071,344.92250311588236,True,200,0.32290598004463955,0.3079566032928857,5001094.98186406,10486679.450720597,14871,360,41.07132930949902,321.5857843713156,722.6710392612912
EleutherAI/pythia-410m,pretrained,metaphor,lit+met,11,1024,88509,10,0.946375060434842,0.0032280404945904378,0.050396899070567554,114423.22922804627,390.2922138504179,6093.330409705247,120906.85185160194,0.01336423807640888,0.3926779355529149,0.2980640511456235,0.39267793555291486,0.24899536212459733,0.7347234761112379,180,2,60,1,23,60,0.0006712718824967316,0.0009773879714950796,0.0013461562820566199,0.0,True,13.673421881759017,0.054661621949141426,0.05824037054959709,0.06233559690376067,0.0,True,5.117825459091032,113392.71762436653,113930.39167890325,114331.63090326542,True,200,5449.574706170105,6030.0034634429685,6409.023361373816,True,200,343.9118768529394,383.88547385494354,390.67636910799223,True,200,0.32697490021361814,0.3121396878699604,5059190.996622566,10413528.754395977,14871,360,41.07132930949902,325.6486767424258,717.629987898558
EleutherAI/pythia-410m,pretrained,metaphor,lit+met,12,1024,88509,10,0.9479811925698639,0.0030749255863925773,0.04894388184374355,118105.76797636779,383.094570543723,6097.75256957318,124586.61511648468,0.013261329546890585,0.38931127101484764,0.30815942487656045,0.3893112710148477,0.2580920549045315,0.690733961125728,180,2,59,1,22,59,0.0006992221349258537,0.0009385331357603183,0.001305575332110058,0.0,True,14.129846929855496,0.053641372228158936,0.057448209980355325,0.06248268193375651,0.0,True,5.3641257922907775,117032.48270200258,117603.23529175523,118014.66152150441,True,200,5446.482781564554,6038.643469615225,6445.845495732999,True,200,335.4125492595017,377.0788344224138,383.6000862974576,True,200,0.33407847372153543,0.3194418619493478,5197969.631423746,10361158.059504379,14871,360,41.07132930949902,335.14871129468,714.0209537250622
EleutherAI/pythia-410m,pretrained,metaphor,lit+met,13,1024,88509,10,0.947957188860742,0.003247535775889303,0.0487952753633687,119372.44213098777,408.94913929769007,6144.593081866514,125925.98435215197,0.013061276394132442,0.39252839494313885,0.30416862530865235,0.39252839494313896,0.25380218907034807,0.7293143861351453,180,2,59,1,23,59,0.0007056815472928333,0.0009700018532921781,0.0013377996243086575,0.0,True,13.465207669245766,0.05398005830047507,0.05755908335306117,0.0624128407482249,0.0,True,5.284459160736022,118325.62985184096,118870.73698282345,119270.13082185375,True,200,5507.510134229734,6086.303161601244,6499.182915189693,True,200,362.18586146200283,403.27051157672616,409.80823538904843,True,200,0.33774524571734454,0.3232107961472021,5217057.105978722,10229665.452315474,14871,360,41.07132930949902,336.6638810057826,704.9593723599666
EleutherAI/pythia-410m,pretrained,metaphor,lit+met,14,1024,88509,10,0.9452660228930317,0.0032476021749498394,0.05148637493201852,119893.9829285025,411.91363096953853,6530.337923558738,126836.23448303077,0.01206275421502104,0.3565517364133957,0.3097990838330075,0.35655173641339577,0.25450975152098604,0.7211610475346026,180,2,56,1,26,56,0.0006697781071591279,0.000965235297148882,0.0013958891474047316,0.0,True,12.497216223497086,0.05089860962309126,0.054656913092891356,0.05828750252772207,0.0,True,5.668067702734932,118853.3686204222,119367.97672037213,119737.40824935476,True,200,5998.093988256273,6442.2855480219605,6762.219273268956,True,200,370.44715990105664,406.6947429298447,412.3798770165886,True,200,0.3378011157771937,0.32326822097939434,5219298.16249851,10231503.858952023,14871,360,41.07132930949902,336.81278796394326,705.0860629144803
EleutherAI/pythia-410m,pretrained,metaphor,lit+met,15,1024,88509,10,0.9469560645010586,0.0033308884563947017,0.04971304704254675,125837.22164506467,442.62850693413435,6606.16891728823,132886.01906928702,0.009539767066938576,0.35801412167163377,0.29549788972696983,0.358014121671634,0.24543722753612757,0.7254701967454961,180,2,58,1,29,58,0.0006790518392099894,0.0009606354425676579,0.001336308566530813,0.0,True,9.93068404954951,0.0536689912114782,0.056544889483213144,0.06053405746874117,0.0,True,5.225899147166894,124815.57196118205,125378.27205801582,125740.16761120065,True,200,6086.034641204397,6563.627611791965,6887.473609491472,True,200,410.70617443504926,437.6845965874467,443.7743789085622,True,200,0.3511212564785354,0.3369574480227289,5480274.47672635,10127651.205954067,14871,360,41.07132930949902,354.68682214996153,697.9292402972964
EleutherAI/pythia-410m,pretrained,metaphor,lit+met,16,1024,88509,10,0.9472885188936726,0.0034300039225220224,0.04928147718380541,130029.75781647538,470.82020995670933,6764.632332430539,137265.21035886262,0.009390831488850712,0.35332066410905066,0.2805472969316213,0.3533206641090507,0.23485295736746467,0.7432471738688226,180,2,57,1,34,57,0.0006850636529127349,0.0009641893147490502,0.0013613421730394434,0.0,True,9.739613730623914,0.05272838298479352,0.055682844990655164,0.05924095943933219,0.0,True,5.0383075250322324,129036.04136220024,129563.61041726788,129891.67943171888,True,200,6290.851578927308,6725.189823178329,7038.61441012225,True,200,441.93271079606745,465.74442039162363,471.24553649181814,True,200,0.35839754521856176,0.34443401633734233,5688002.170790637,10182648.30289472,14871,360,41.07132930949902,368.68292736239334,701.7192683408946
EleutherAI/pythia-410m,pretrained,metaphor,lit+met,17,1024,88509,10,0.9455552659499861,0.0035745260671936766,0.05087020798282038,129961.21893998726,491.29837414476503,6991.822133776468,137444.33944790848,0.013906286586497334,0.40600698790517786,0.2937322629232066,0.40600698790517786,0.23565457346569407,0.7435430129196708,180,2,50,1,35,50,0.0006932669864466331,0.0009841138463992853,0.0014571093058645408,0.0,True,14.130770171945255,0.04616708914038092,0.049048016509795234,0.05177685875965008,0.0,True,5.9886675104292175,129028.49419292228,129499.22283401703,129845.06147815772,True,200,6568.585062747513,6911.271608085413,7269.2714869470165,True,200,461.8151061820737,484.64787317588343,491.4420330712711,True,200,0.35912359683733597,0.3451800006239964,5639511.3525041845,10064027.490861168,14871,360,41.07132930949902,365.59324472764985,693.5447240618267
EleutherAI/pythia-410m,pretrained,metaphor,lit+met,18,1024,88509,10,0.9431728678094604,0.004072900694865734,0.05275423149567383,129683.14723928734,560.0103634554222,7253.532203951189,137496.68980669396,0.02152218507075318,0.43321850260604994,0.2868912626199471,0.4332185026060496,0.2186607105384365,0.7568012120967547,180,2,41,1,36,41,0.000683786374476825,0.0009860783727269268,0.001450073689421614,0.0,True,21.826039051272534,0.037576315053631085,0.04012753429350561,0.04314012844027778,0.0,True,7.149486447922086,128779.2305946956,129160.82146052818,129492.59033005688,True,200,6819.435539543847,7188.587349567256,7558.827932448607,True,200,536.3231799756891,553.0371328304936,560.6531040930746,True,200,0.35630099795891046,0.3422798586552878,5677537.737970855,10257129.216359716,14871,360,41.07132930949902,367.8482439117261,706.8519892743241
EleutherAI/pythia-410m,pretrained,metaphor,lit+met,19,1024,88509,10,0.9379362541526223,0.00428142500096195,0.05778232084641577,122892.39672803225,560.970511002249,7570.885404935728,131024.25264397023,0.018518752962980063,0.4386100495779436,0.3024393597988139,0.43861004957794325,0.24017999847078253,0.7248457389207871,180,2,43,1,37,43,0.0006754227944259979,0.0009819359232477024,0.001490554508166125,0.0,True,18.859431175234167,0.03906523961131754,0.04195852692906379,0.04505156920204131,0.0,True,7.208054761076957,122056.44310398745,122403.3148844174,122668.8340899371,True,200,7196.765751695138,7482.440420568147,7779.706495688084,True,200,538.5906565951511,554.1187909441787,561.0270177844853,True,200,0.34461092196383775,0.3302671153098818,5427975.020751842,10323049.322351929,14871,360,41.07132930949902,350.8119426297862,711.3947572429142
EleutherAI/pythia-410m,pretrained,metaphor,lit+met,20,1024,88509,10,0.9314282417890221,0.0043036143451548785,0.06426814386582304,118432.75312274505,547.2121977923465,8171.80849219102,127151.77381272842,0.01600598657349305,0.38223599964081006,0.3295847375442766,0.3822359996408098,0.2552816965986232,0.6799414315597468,180,2,35,1,31,35,0.0006340272922210445,0.0009616403061234017,0.0015845362242772876,0.0,True,16.644463082061264,0.0315861574670357,0.03407502033895224,0.036862764814399034,0.0,True,9.672326949942207,117434.13929751195,117859.67597017976,118141.45274223597,True,200,7682.497419991952,8035.607055599385,8396.68801452813,True,200,525.9388478550113,539.1712034083965,548.4617852138873,True,200,0.3336594876478605,0.3190111869526764,5216707.613136002,10418117.129631814,14871,360,41.07132930949902,336.3239764242468,717.946187694288
EleutherAI/pythia-410m,pretrained,metaphor,lit+met,21,1024,88509,10,0.9290772196592576,0.004090773298129346,0.06683200704261305,112936.73687919583,497.26608060922393,8123.962825445587,121557.96578525064,0.012165672852683473,0.34212498891256277,0.3349371661872932,0.3421249889125624,0.25833149736295746,0.6534614718629541,180,2,27,1,28,27,0.0006060268666710373,0.0009627327691100415,0.0016831508255947358,0.0,True,12.636604095162904,0.023918594352278763,0.026345793228483398,0.028749599893723807,0.0,True,12.71311754717563,111908.22808296156,112411.47811875804,112798.99880504962,True,200,7575.427655003267,8001.947645360096,8341.526265130375,True,200,474.2314406997278,490.55127454028826,497.5049260761927,True,200,0.3258884982416673,0.31102283294666416,5086510.313810672,10521620.507789224,14871,360,41.07132930949902,327.3201450140905,725.0789406511766
EleutherAI/pythia-410m,pretrained,metaphor,lit+met,22,1024,88509,10,0.9267877708180713,0.004599252910652559,0.0686129762712761,104856.50311602106,520.3581578677058,7762.852496249466,113139.71377013825,0.012565262998620517,0.36766807958791936,0.30839044880567595,0.36766807958791925,0.2813096187375427,0.6746728008759505,180,2,29,1,35,29,0.0006476896873431062,0.0009457156853857184,0.001666501873883277,0.0,True,13.286512207414287,0.026008556149031935,0.028387682959932287,0.030612977172486813,0.0,True,10.86353011765535,104046.63070825442,104332.79240703773,104679.31368557762,True,200,7315.117517138682,7665.666547487621,7971.657990507502,True,200,495.10536992003784,512.5059088611401,520.5618127384595,True,200,0.3132424525063433,0.2980207537785926,4786531.970080562,10494065.955845945,14871,360,41.07132930949902,307.0214253757799,723.1800672487041
EleutherAI/pythia-410m,pretrained,metaphor,lit+met,23,1024,88509,10,0.9249123291005459,0.004605270483467544,0.07048240041598665,102133.65200111091,508.53802909824816,7783.034921039292,110425.22495124844,0.014672621991878115,0.3648004529833505,0.3038856190494312,0.3648004529833506,0.3068192546749599,0.6887801784723577,180,2,29,1,39,29,0.0006128817583526254,0.000942582498107977,0.0015604730626946949,0.0,True,15.566406146231351,0.026285770614953862,0.028348659001121816,0.030429679266950452,0.0,True,10.719576507566224,101353.37242068369,101630.65288218133,101903.9793741238,True,200,7498.503449986194,7772.017370914064,8054.3189689547135,True,200,487.4932924467428,502.3331256889996,509.9736467956505,True,200,0.3140416540527182,0.2988425404545201,4677561.765944744,10217155.879248656,14871,360,41.07132930949902,300.09553795540864,704.097297171019
EleutherAI/pythia-410m,pretrained,metaphor,lit+met,24,1024,88509,10,0.9212189176899095,0.005940705272301114,0.07284037703778935,102463.30657189917,660.7596673063352,8101.72885067478,111225.7950898803,0.019461449061024316,0.4692958948894447,0.26717595065169547,0.46929589488944456,0.289829472980848,0.7431267580400991,180,2,35,1,49,35,0.0006249524220522438,0.0009575258008767201,0.0014314491551642775,0.0,True,20.32472549899462,0.032218380871414064,0.03400733027384084,0.036820553250339644,0.0,True,7.856422380124701,101803.69471061435,102043.81729493922,102304.72712670144,True,200,7837.650017632313,8088.571949571911,8334.90412445908,True,200,649.5593953811467,658.4269730549015,665.1077036721792,True,200,0.3164010919323819,0.3012685885317459,4447624.725437904,9609294.921313522,14871,360,41.07132930949902,285.52080925533426,662.2076301642562
znhoughton/opt-babylm-1.3B-20eps-seed964,pretrained,metaphor,lit+met,0,2048,88509,10,0.9984892635686701,0.00014945888555016384,0.0013612775457796972,417054.5595495404,62.426820155389585,568.5859908505527,417685.5723605464,0.004316428214643497,0.3174064258716352,0.225315674048913,0.3174064258716352,0.1688045681887636,0.7518781766863903,180,2,136,1,18,136,0.0003920141172428774,0.00048223492058918193,0.0006053600134349205,0.0,True,8.95088271369854,0.06307612337037456,0.0660994076976594,0.06948101105978151,0.0,True,3.408739683107501,416239.26764938975,416760.8525067918,417093.82675666275,True,200,632.2850304353791,1069.5227712186484,1467.7439040323086,True,200,23.63925294633214,58.50975464636704,70.7167595161665,True,200,0.5675697442853076,0.5589601645118192,16324023.507542845,12437240.939522251,14871,360,41.07132930949902,1086.2498918828908,857.0905478273207
znhoughton/opt-babylm-1.3B-20eps-seed964,pretrained,metaphor,lit+met,1,2048,88509,10,0.9952935530755244,0.0002035386516744778,0.004502908272801144,523592.29046196997,107.0752126329649,2368.836861256349,526068.2025358593,0.010580896417936404,0.2535242778488053,0.302497304468153,0.25352427784880527,0.49554174348913865,0.7048227026749654,180,2,34,1,51,34,0.00028397794974724497,0.00047655119274234566,0.0007327060744949041,0.0,True,22.203063551363556,0.015591590716573572,0.01653144098642709,0.017543670310686637,0.0,True,18.29830229055738,521870.5117548258,522239.91317329067,522653.42841411853,True,200,1931.7627773480394,2273.7086854475847,2579.243519803807,True,200,96.34862968493674,105.83570720126176,111.27643722483732,True,200,0.6874701430999637,0.681578899765093,20733639.792325575,9425691.489805084,14871,360,41.07132930949902,1390.3693239229906,649.554923148307
znhoughton/opt-babylm-1.3B-20eps-seed964,pretrained,metaphor,lit+met,2,2048,88509,10,0.9948747037144668,0.0002801126735317621,0.0048451836120012364,524633.0611174387,147.71344454138938,2555.038841122053,527335.8134031022,0.008660678016358885,0.207794851031861,0.2851906306272924,0.2077948510318608,0.41919903591816143,0.7526250708754654,180,2,35,1,41,35,0.00029975751207603625,0.0004731502331511341,0.0007415543313206664,0.0,True,18.30428774953701,0.016090044225380535,0.01717768050949698,0.01842323193100963,0.0,True,16.602394628868534,522770.19894489704,523240.2303236689,523669.26978182106,True,200,2067.271843146756,2473.9464971442676,2780.6101504711337,True,200,133.01147666885888,145.238990417347,150.47125500972956,True,200,0.6901681462189994,0.6843351400760229,21139024.44890212,9489778.929969601,14871,360,41.07132930949902,1417.7555497257786,653.9713961801117
znhoughton/opt-babylm-1.3B-20eps-seed964,pretrained,metaphor,lit+met,3,2048,88509,10,0.9925813722434449,0.0004933469375924451,0.006925280818962686,483341.5991726259,240.23732908052753,3372.294100373233,486954.1306020797,0.006845879973615983,0.1808589706723365,0.2151742453739128,0.18085897067233642,0.34329739934667847,0.8031227538879896,180,2,36,1,47,36,0.00030964250157478605,0.0004808119616081731,0.0007489535652951851,0.0,True,14.2381648549644,0.016332747138864206,0.017499022892580977,0.018545021802094306,0.0,True,12.296357727787177,481616.5579869271,482034.68617302855,482400.71538862743,True,200,2831.0194491248276,3185.7682296446665,3523.4435423022587,True,200,219.42564330785163,234.575988995202,242.80352953424898,True,200,0.6408667059524567,0.6339491677865642,19849326.326991722,11123302.056771226,14871,360,41.07132930949902,1327.5455344213233,766.5427645766126
znhoughton/opt-babylm-1.3B-20eps-seed964,pretrained,metaphor,lit+met,4,2048,88509,10,0.9879470065007073,0.000718410757815023,0.011334582741477642,405509.65487881325,294.8766447450014,4652.357571254669,410456.8890948129,0.006396719084334714,0.1861813349560879,0.16172076736357047,0.18618133495608796,0.27345091230515933,0.7832105907181149,180,2,38,1,56,38,0.000321417145851879,0.000485354737970332,0.0007288246722069651,0.0,True,13.179471804652955,0.017293213797752307,0.01858387724011764,0.019676046938410345,0.0,True,8.702208116961643,404091.5581270912,404435.0651659359,404766.3156220539,True,200,4036.776942490278,4398.983529412445,4654.71966144602,True,200,277.5013286275941,288.26000714807606,297.0557281804455,True,200,0.5513153163015659,0.5423175885431302,16646644.993162876,13547772.794528821,14871,360,41.07132930949902,1106.2671827375107,933.6208941167956
znhoughton/opt-babylm-1.3B-20eps-seed964,pretrained,metaphor,lit+met,5,2048,88509,10,0.986182889288946,0.0008459229491933994,0.012971187761860504,384030.7509692957,329.41194677909306,5051.1269575389315,389411.28987361374,0.006200414864538448,0.18353849500936692,0.1486934603656146,0.18353849500936703,0.2540102383848847,0.7668702666617143,180,2,39,1,60,39,0.00031497673409164756,0.00047455142528014154,0.0007691131899976585,0.0,True,13.065843940681798,0.018108827102993545,0.019031014272236135,0.0200726354608607,0.0,True,7.8132178473818765,382688.8366852701,383065.282445973,383398.6932707964,True,200,4410.726696673114,4771.132460793171,5124.353919230328,True,200,310.5423760701781,322.4392153216108,332.27259777392544,True,200,0.5224445222624372,0.512745799329767,15735538.164981863,14383522.317917602,14871,360,41.07132930949902,1043.0723390837031,991.2151001252569
znhoughton/opt-babylm-1.3B-20eps-seed964,pretrained,metaphor,lit+met,6,2048,88509,10,0.9843219799178464,0.0009931721509750613,0.014684847931178555,370469.12148911407,373.80005909234467,5526.934096015017,376369.8556442214,0.005921932412722025,0.18615601193621462,0.14561812437151855,0.18615601193621475,0.23938808105225828,0.7652564614561187,180,2,40,1,60,40,0.0003272350359262658,0.00047522638751944896,0.000773222083709727,0.0,True,12.461287016558327,0.01860437259183359,0.019507573446513403,0.02064926996960604,0.0,True,7.464696968630148,369170.925523568,369551.0301592192,369869.36858082307,True,200,4919.025384223649,5226.5047134015895,5554.979301599346,True,200,351.7623287167736,364.0243406064395,372.6370923850515,True,200,0.5025517017810152,0.4923613497195487,15188626.352755878,15034386.12323064,14871,360,41.07132930949902,1004.8879318422908,1036.068232598073
znhoughton/opt-babylm-1.3B-20eps-seed964,pretrained,metaphor,lit+met,7,2048,88509,10,0.983409876648037,0.0010390577961151492,0.015551065555847895,362397.7389319998,382.9046309919919,5730.744757853992,368511.3883208457,0.005388635012176051,0.17427481874455653,0.1409979583124346,0.17427481874455644,0.23308924388846217,0.7518649021962507,180,2,41,1,63,41,0.00033526562200096555,0.00048484873289039596,0.0007580887378902538,0.0,True,11.114054026813754,0.01912790132557844,0.020036155536464755,0.02098029120146875,0.0,True,7.0371762714571515,361144.3480599743,361524.0274587943,361838.2238934025,True,200,5124.356005419446,5436.0211320884355,5767.677847979429,True,200,361.9302649789865,373.72170819757116,381.9376758921441,True,200,0.4891941740358734,0.47866975518103944,14869161.10521352,15526051.868281826,14871,360,41.07132930949902,982.3963876070833,1069.9505112178229
znhoughton/opt-babylm-1.3B-20eps-seed964,pretrained,metaphor,lit+met,8,2048,88509,10,0.9827454460039826,0.0010488743205999496,0.016205679675417594,358599.0401621506,382.7291453216721,5913.373804386442,364895.14311185863,0.005114175508993451,0.17185716667619444,0.13690940526277393,0.1718571666761944,0.22344004174235765,0.743013292350442,180,2,42,1,65,42,0.0003344211718402304,0.00048578273694114594,0.0007483256086482458,0.0,True,10.527701213089935,0.01953112557313203,0.020447671681105443,0.021510934979550023,0.0,True,6.69559876537358,357450.4108433111,357753.1048126059,358069.1015826935,True,200,5243.113691020064,5587.890402321576,5950.755696613932,True,200,363.5115097528275,374.4848544992443,382.49077830807283,True,200,0.4826013954321568,0.47191092342089663,14723098.285247726,15784683.964456672,14871,360,41.07132930949902,972.056245100273,1087.7736864762367
znhoughton/opt-babylm-1.3B-20eps-seed964,pretrained,metaphor,lit+met,9,2048,88509,10,0.9821890318269677,0.0010636531202723658,0.016747315052759976,353342.23521671584,382.64891872513056,6024.842003797955,359749.7261392389,0.004671995660922633,0.1647201579332607,0.1324494725390961,0.1647201579332607,0.2179496499073682,0.7281376839522175,180,2,43,1,68,43,0.00032668472727503554,0.00048642501697091926,0.0007423869459983591,0.0,True,9.604760236256407,0.019971830353017014,0.020958418541623745,0.02198511930507951,0.0,True,6.319631048308793,352137.2397902238,352522.4203496629,352826.1582155157,True,200,5336.031347048133,5724.7996275163,6052.515326787876,True,200,362.59527365464294,376.33476358418034,384.5219325897118,True,200,0.47502363890660443,0.4641413493660685,14546319.427627124,16075986.992974214,14871,360,41.07132930949902,959.5780794350314,1107.8483214784794
znhoughton/opt-babylm-1.3B-20eps-seed964,pretrained,metaphor,lit+met,10,2048,88509,10,0.9814509206667273,0.0010863936568364044,0.01746268567643622,347604.8545682428,384.772891987244,6184.837353665071,354174.4648138951,0.004458662581715582,0.16360289963645677,0.1332084947744632,0.1636028996364569,0.21058126155656942,0.7146953887346688,180,2,45,1,70,45,0.0003290131170621722,0.0004877321081622117,0.000725609503004729,0.0,True,9.14162202385229,0.021024299552661177,0.021999629591836732,0.023194047123294485,0.0,True,6.055033527650487,346443.2548762763,346820.7803050714,347182.28261549945,True,200,5506.278102793958,5882.876992280101,6200.190877675324,True,200,367.17661569412934,378.18417767814515,386.6131127266528,True,200,0.4670306574804021,0.45594493194270924,14358182.804634904,16385372.408841448,14871,360,41.07132930949902,946.299273861915,1129.1690723479737
znhoughton/opt-babylm-1.3B-20eps-seed964,pretrained,metaphor,lit+met,11,2048,88509,10,0.9807759288110767,0.0011106153411439613,0.018113455847779212,340799.3932089682,385.9159092630441,6294.052066840321,347479.36118507164,0.004480607174573512,0.17292715131152284,0.13128748391495584,0.17292715131152267,0.20383155777070186,0.6992900455463226,180,2,46,1,72,46,0.00032852089748755547,0.0004899429917377667,0.0007185017085303152,0.0,True,9.145160253606969,0.021514306814401855,0.02248049015702963,0.0234866268578156,0.0,True,5.840063228065441,339589.5841061234,340063.699272605,340444.53123381524,True,200,5629.489942825588,6005.818007511079,6336.768853835433,True,200,366.4324784677686,379.2224647857636,387.0772455533467,True,200,0.4577745528098097,0.4464518210513651,14111819.206663292,16715187.49356779,14871,360,41.07132930949902,929.0371541801636,1151.8976978545786
znhoughton/opt-babylm-1.3B-20eps-seed964,pretrained,metaphor,lit+met,12,2048,88509,10,0.9801127838029386,0.0011237267071004234,0.018763489489960945,334336.9030658861,383.32660623669665,6400.617429395921,341120.8471015187,0.004551271549370061,0.17344471052365523,0.13144842079485936,0.17344471052365532,0.20086166476352044,0.685472395021445,180,2,47,1,74,47,0.00032997726368072186,0.0004887567442843001,0.0007042608544150189,0.0,True,9.311936055295998,0.02199472534164418,0.022965353650935345,0.024201209159132975,0.0,True,5.7237708067911965,333210.9413128311,333597.0796724156,334008.90708536183,True,200,5733.654442678442,6114.410315801337,6442.64292169533,True,200,366.32618584813446,374.9407393974481,383.1624904724888,True,200,0.4493668121725975,0.43782747440301306,13886598.675179929,17015992.034714818,14871,360,41.07132930949902,913.2576635524642,1172.6271128602314
znhoughton/opt-babylm-1.3B-20eps-seed964,pretrained,metaphor,lit+met,13,2048,88509,10,0.9795902891781956,0.0011420980284568857,0.01926761279334744,328114.4167467342,382.54649174718185,6453.699677948816,334950.6629164302,0.004664465282074076,0.1761698553177794,0.12990904141323148,0.1761698553177794,0.19738626724856262,0.6814259054106917,180,2,48,1,76,48,0.0003350494741443644,0.0004939880271948183,0.0007165340894448603,0.0,True,9.442466264945548,0.022478518081319634,0.023423770987703506,0.02437106738858969,0.0,True,5.546034474185572,327050.0243069209,327398.3721097152,327708.7509172224,True,200,5800.675622435132,6191.810296507092,6482.9942623249235,True,200,363.8888007940403,373.01741139002195,381.1029103679419,True,200,0.4409922671193463,0.4292359267391884,13668554.55424732,17326443.710763484,14871,360,41.07132930949902,897.9487003353285,1194.0213431716272
znhoughton/opt-babylm-1.3B-20eps-seed964,pretrained,metaphor,lit+met,14,2048,88509,10,0.9788034964152748,0.0011711779752418543,0.020025325609483467,319874.64874862775,382.7429558891499,6544.310496304906,326801.7022008218,0.004822695166834565,0.1790304342605171,0.12848958453585876,0.1790304342605171,0.19338660404319055,0.67339348513393,180,2,49,1,78,49,0.0003291789400747985,0.0004945113381854924,0.0006862684071633536,0.0,True,9.752446090579951,0.022976532777010134,0.02393690046377652,0.02504594730277125,0.0,True,5.3678455458467065,318823.65897251345,319193.5775891626,319510.64443673147,True,200,5899.785491961009,6267.513091748004,6622.318058782822,True,200,363.76209503211527,374.31669136010066,381.9931666406029,True,200,0.43098396200137257,0.41896664566958264,13372562.279223517,17655418.941063583,14871,360,41.07132930949902,877.3221031581605,1216.6920915900753
znhoughton/opt-babylm-1.3B-20eps-seed964,pretrained,metaphor,lit+met,15,2048,88509,10,0.9781528612429262,0.0012031098287398393,0.02064402892833402,312104.280689137,383.8824610825559,6586.996833006524,319075.15998322604,0.004922181456453848,0.18358749368411195,0.12894683863087078,0.18358749368411187,0.19178184165574133,0.6652952838410605,180,2,50,1,80,50,0.00033371763129385446,0.0004978277755167821,0.0006933445226257115,0.0,True,9.887317860768734,0.02350188217303703,0.024375612349528473,0.025315002047957336,0.0,True,5.289993817667729,311054.1075748118,311427.37845863996,311770.22941501514,True,200,5958.446138600473,6325.126034469202,6637.776551154935,True,200,367.0867599162405,376.13260769756994,383.1375850882539,True,200,0.4215559446686982,0.40929115101219077,13103582.779821398,17980269.661447182,14871,360,41.07132930949902,858.5344708974741,1239.078606674053
znhoughton/opt-babylm-1.3B-20eps-seed964,pretrained,metaphor,lit+met,16,2048,88509,10,0.9774624555790983,0.001209819774297734,0.021327724646603916,304058.68097163155,376.3379377762692,6634.40297594916,311069.421885357,0.005190428894044801,0.19593140665978215,0.12962972437709108,0.19593140665978212,0.19134040178766618,0.6552648817273848,180,2,51,1,82,51,0.00034103091431483373,0.000497637568877914,0.0006834357531505757,0.0,True,10.430138756903572,0.024128457898473902,0.024969636743595175,0.02588792014531682,0.0,True,5.191494201866661,303109.19139959535,303426.0055476439,303747.2926596097,True,200,6055.818000269672,6388.232948639505,6696.032656212679,True,200,357.40593933523616,367.9025466568037,375.1617822162439,True,200,0.41184776970859854,0.3993264889317514,12834883.205455828,18329260.804689243,14871,360,41.07132930949902,839.7253185338717,1263.1287164695227
znhoughton/opt-babylm-1.3B-20eps-seed964,pretrained,metaphor,lit+met,17,2048,88509,10,0.9768616207950583,0.0012326497820344126,0.02190572942290715,295176.96516235603,372.4681306169278,6619.224865706968,302168.65815867996,0.005602185856923413,0.2022684239246708,0.12866045440816973,0.20226842392467076,0.18799213382016267,0.6514037079814002,180,2,52,1,84,52,0.000334129912258484,0.0004989706991963111,0.0007117706610042907,0.0,True,11.22748463175657,0.024347846573270538,0.02544104746513129,0.02638523747897678,0.0,True,5.057199574212019,294181.1224844029,294609.923160141,294906.22498758975,True,200,6086.028633359598,6420.832035421741,6725.016791517957,True,200,354.9315426107412,364.1925558209472,370.7738408334173,True,200,0.4014017180143346,0.38860257860340525,12533654.515334338,18691061.156875975,14871,360,41.07132930949902,818.6885033236842,1288.0615503325737
znhoughton/opt-babylm-1.3B-20eps-seed964,pretrained,metaphor,lit+met,18,2048,88509,10,0.9760658954953578,0.0012619805127249784,0.022672123991917016,285661.54354893946,369.3391018551512,6635.365465542752,292666.2481163374,0.005826100268409883,0.21483185031557211,0.12943881224779677,0.21483185031557211,0.1851070813789166,0.6359224798134521,180,2,53,1,86,53,0.0003380064101159866,0.0004960545265056187,0.0006951714275405739,0.0,True,11.74487875244475,0.024883663956433023,0.025845521923467587,0.02675072883496402,0.0,True,5.0081717301389475,284591.11824829236,285097.36729465285,285410.0832576448,True,200,6078.081367337897,6441.922415261839,6831.398414762842,True,200,348.05374667645054,360.78803435459895,368.13766154735276,True,200,0.390143136524288,0.377042346429931,12188625.989558982,19052795.039002903,14871,360,41.07132930949902,794.6812331848155,1312.9898035285578
znhoughton/opt-babylm-1.3B-20eps-seed964,pretrained,metaphor,lit+met,19,2048,88509,10,0.9752905211493591,0.0012707901040425792,0.023438688746598445,276156.1669884232,359.8276785932944,6636.728547169034,283152.7232141855,0.006077946583069734,0.2220017718749526,0.12936454635315234,0.22200177187495249,0.18123070063976143,0.6233192707744158,180,2,54,1,87,54,0.0003437076177904228,0.0004952530704865716,0.0006545232972218324,0.0,True,12.272405655351777,0.025216436716884182,0.02630924023019585,0.02728955615927487,0.0,True,4.917076480402389,275090.48164560844,275602.9704957071,275903.899665644,True,200,6123.317801898566,6468.263213264842,6859.327060454644,True,200,339.7400606318566,351.4241423846712,359.16312683850526,True,200,0.37899662278489366,0.3655949568103278,11854363.013470111,19423918.376911215,14871,360,41.07132930949902,771.3883432784266,1338.5651145276836
znhoughton/opt-babylm-1.3B-20eps-seed964,pretrained,metaphor,lit+met,20,2048,88509,10,0.9742764896739678,0.0012819791855495928,0.02444153114048263,265346.9424225732,349.15063715516675,6656.719755624485,272352.81281535287,0.006315280100767835,0.22773938523319234,0.12866232795287924,0.2277393852331924,0.17773427211362908,0.6070055075105678,180,2,55,1,89,55,0.0003512986488158017,0.0004950186200527948,0.0006651771457133533,0.0,True,12.757661722086935,0.02595315145565195,0.02685475100675179,0.02798402254837612,0.0,True,4.791045276142427,264364.9644101522,264759.8695450234,265087.0645617591,True,200,6159.731538482178,6501.6923130152745,6841.974023480206,True,200,330.24600239382596,341.29890857535554,349.31064669921244,True,200,0.366292279259465,0.35254498332398837,11455905.069137726,19819406.254098978,14871,360,41.07132930949902,743.7007792802806,1365.8194648266128
znhoughton/opt-babylm-1.3B-20eps-seed964,pretrained,metaphor,lit+met,21,2048,88509,10,0.9733682298309387,0.0012997545785661403,0.025332015590495093,254271.37430459802,339.53274087043906,6617.440574590608,261228.34762005907,0.006878480357181388,0.2508191709137951,0.1292629503275857,0.2508191709137951,0.17449757598344132,0.5946933647731796,180,2,56,1,91,56,0.0003541424339263732,0.0004869165147705475,0.0006747982628392438,0.0,True,14.126611335872997,0.02629996357224963,0.027282789846607113,0.028349214367052136,0.0,True,4.737893413919355,253343.630132663,253685.45644868363,254017.60605289566,True,200,6119.07667526938,6499.06346831782,6850.145254205078,True,200,321.39168114390566,330.3088388574607,337.23158562248074,True,200,0.3537567076020121,0.3396655490466233,11067292.118860787,20217746.10382601,14871,360,41.07132930949902,716.6761313251446,1393.2703537885748
znhoughton/opt-babylm-1.3B-20eps-seed964,pretrained,metaphor,lit+met,22,2048,88509,10,0.9722992973140038,0.001329040672782337,0.02637166201321384,243111.98072858213,332.310957460884,6593.9232958908615,250038.21498193388,0.007297314224431091,0.25148349862337627,0.12944111785690354,0.2514834986233761,0.17384863048353058,0.5768938772655382,180,2,56,1,93,56,0.0003505679077413008,0.0004788640647346027,0.0006649881584145308,0.0,True,15.23880107494687,0.02638927566924765,0.02728180246872222,0.02849940717686984,0.0,True,4.744595523162516,242188.2666660343,242546.40404656355,242878.32012638001,True,200,6133.564579844796,6499.440331539576,6831.966429357377,True,200,314.8944924175866,323.3224088892465,330.23241386291966,True,200,0.3413160856405744,0.32688089458659314,10680816.617787283,20612219.565203518,14871,360,41.07132930949902,689.8029355618079,1420.4547974091047
znhoughton/opt-babylm-1.3B-20eps-seed964,pretrained,metaphor,lit+met,23,2048,88509,10,0.9711716429851454,0.0013430639100090178,0.027485293104845623,232674.16436739467,321.77244384197263,6584.950921657714,239580.88773289436,0.007766663926857936,0.2537878062602409,0.13020637052674883,0.25378780626024094,0.17249364848605625,0.5729774692726876,180,2,56,1,94,56,0.00036079765003606235,0.00047710930291774685,0.0006767195971372544,0.0,True,16.278584130221624,0.02632860664882995,0.027325576686376293,0.028447863926457324,0.0,True,4.764999912761797,231744.86853320597,232100.40609858214,232426.72484830942,True,200,6126.190260089412,6510.069512715261,6832.653167769224,True,200,306.85161744502943,315.7652183567925,322.16983353585454,True,200,0.32955686284100755,0.3147939409031904,10313144.001406534,20980830.31458894,14871,360,41.07132930949902,664.2483727115405,1445.8569577967708
znhoughton/opt-babylm-1.3B-20eps-seed964,pretrained,metaphor,lit+met,24,2048,88509,10,0.9699587728513865,0.00135919455745504,0.02868203259115847,216846.63632445817,303.8652529820403,6412.23365819708,223562.7352356373,0.007410101128172396,0.25866228913669975,0.12917815516729672,0.2586622891366999,0.16612566714423863,0.5607344158956796,180,2,59,1,97,59,0.0003574874391097572,0.00047939711541308816,0.0006578227472540465,0.0,True,15.457124980377158,0.027874714355661634,0.028780461953621387,0.029833891678004106,0.0,True,4.488397558575063,215886.14626011284,216302.12921464053,216639.51637682924,True,200,5981.071755396607,6379.486837232245,6698.073000080169,True,200,288.8700024341288,298.33211180016224,304.6685227432575,True,200,0.31306474202844103,0.297838019718873,9388049.482533732,20599516.098009527,14871,360,41.07132930949902,602.146965220969,1419.5793603479792
EleutherAI/pythia-1.4b,pretrained,metaphor,lit+met,0,2048,88509,10,0.9991638188716399,9.72046630425867e-06,0.0008264606620559338,689660.6893843359,6.709433794453146,570.4544331741396,690237.8532513045,0.0009694474160169625,0.12141167033274154,0.18743256360513114,0.12141167033274147,0.225254433618501,0.7580542993010966,180,2,128,1,19,128,0.0003907513358977571,0.0004885260591572778,0.0006013129432530744,0.0,True,1.9844333743204787,0.05914827420939319,0.062458324494549536,0.06642251622103644,0.0,True,3.0009220567786374,688990.826305771,689205.4328637822,689376.0699126124,True,200,308.9705163269974,490.8843812286033,634.1265136500774,True,200,5.064720885714933,6.198293376153143,7.078677336070929,True,200,0.9550194179401728,0.9542775204425371,27010022.355994318,1272148.507348653,14871,360,41.07132930949902,1829.7231783208376,87.66787315475521
EleutherAI/pythia-1.4b,pretrained,metaphor,lit+met,1,2048,88509,10,0.994862868437601,0.00032211715606813153,0.004815014406330935,528014.5511843495,170.9607936792359,2555.5257426561275,530741.0377206848,0.000984112135426182,0.07398876423073356,0.08060920553502911,0.07398876423073353,0.07512918885631963,0.7959526719868669,180,2,106,1,38,106,0.0003587265137062332,0.0004809522537104535,0.0006240264796427325,0.0,True,2.0461742882665535,0.049573621801544496,0.05177674376982673,0.05389528382481463,0.0,True,1.556861240509387,527317.8523021296,527543.7874709578,527718.938880888,True,200,2341.6502619392327,2499.6086761863526,2668.6292766868064,True,200,164.2813069893485,169.56526938780578,172.41517366930358,True,200,0.8234580530707599,0.8203418942539337,21097338.08523675,4523078.166158937,14871,360,41.07132930949902,1423.2619073755568,311.69996321128366
EleutherAI/pythia-1.4b,pretrained,metaphor,lit+met,2,2048,88509,10,0.9874416360250047,0.0005013039064219298,0.012057060068573511,444608.4888650253,225.71862899524754,5428.848715376187,450263.0562093967,0.0014409404310013257,0.10717695653357162,0.07734955371430922,0.10717695653357166,0.06855860502536683,0.6914786235388607,180,2,106,1,60,106,0.0003537503127561602,0.0004764854627139477,0.0006153739262481166,0.0,True,3.024101559770727,0.05000638186753774,0.05184650386752275,0.053549946250712924,0.0,True,1.491895266688597,443841.55163068575,444136.09119566996,444355.0302187801,True,200,5168.530252801013,5374.8221876412335,5607.81425687477,True,200,218.63306748387163,224.33380238494044,228.4614478178817,True,200,0.6648250644318858,0.6584399394802699,17565734.136855986,8855854.152488168,14871,360,41.07132930949902,1176.4736320084933,610.2855869676913
EleutherAI/pythia-1.4b,pretrained,metaphor,lit+met,3,2048,88509,10,0.9765507554956232,0.0008778426585757064,0.022571401845801094,387364.6493886848,348.21048649440473,8953.311553962583,396666.1714291418,0.0020567762189110067,0.15352146360081084,0.10200041837918913,0.1535214636008108,0.0871986013849087,0.699974876234358,180,2,101,1,61,101,0.0003636837370143384,0.00048229541084363005,0.0006145276380351382,0.0,True,4.264556893281025,0.047407742490959366,0.04940250099420673,0.05112087245464253,0.0,True,2.064681267678136,386446.0970907784,386802.1691671566,387109.1913494836,True,200,8455.820604302005,8850.005619266212,9149.440780048115,True,200,337.1377952607903,347.33754237625203,352.96005667564896,True,200,0.5603739466781837,0.5515931136110261,15625219.41986481,12258338.537261615,14871,360,41.07132930949902,1039.1561946300826,844.7618039598659
EleutherAI/pythia-1.4b,pretrained,metaphor,lit+met,4,2048,88509,10,0.963875675019714,0.0017085893121887607,0.03441573566809712,279953.08305965253,496.2515996891732,9995.885938145271,290445.220597487,0.00960010536944516,0.359328232636381,0.23294290708836896,0.3593282326363809,0.1688596637269137,0.6649911868248893,180,2,93,1,23,93,0.0003661357663309406,0.0004814972954348594,0.0006294109975238288,0.0,True,19.9380255309117,0.04306522566465568,0.04523555574620737,0.04791686119766329,0.0,True,5.149553337982352,278197.0221648725,279254.1717827347,279881.37809750997,True,200,9066.956764521337,9944.782878446953,10549.504447555812,True,200,436.5957427811902,491.7059231124259,501.17661611107116,True,200,0.38848780784252857,0.3753424759207048,11925258.001015272,18771350.129989732,14871,360,41.07132930949902,777.2914798235911,1293.59452346425
EleutherAI/pythia-1.4b,pretrained,metaphor,lit+met,5,2048,88509,10,0.9575487053263452,0.0019710668623016663,0.04048022781135325,262395.2692734536,540.127742027868,11092.72062896344,274028.1176444449,0.008261445460758392,0.33607331948412855,0.21155170160920733,0.3360733194841289,0.15716263574350242,0.6725218215546882,180,2,90,1,31,90,0.00037518852889467755,0.0004848257839573174,0.0006625063333519878,0.0,True,17.040029086996135,0.04207226519883554,0.043864241860322284,0.045880857028588,0.0,True,4.822873772282565,260882.451557239,261600.1298046259,262277.9427602305,True,200,10157.190338678773,11033.447339116039,11630.330667766664,True,200,487.1618786564721,533.8762120035985,543.8541097195657,True,200,0.369038463693704,0.35536612356962166,11159781.024737118,19080375.8224352,14871,360,41.07132930949902,724.8572430419853,1314.8904846278824
EleutherAI/pythia-1.4b,pretrained,metaphor,lit+met,6,2048,88509,10,0.9504270810961818,0.002409655078154418,0.047163263825663826,244788.33434125414,620.6214707582307,12147.188378371802,257556.14419038416,0.007956610185952064,0.33946936559714747,0.20110562164996776,0.3394693655971475,0.15186217242460046,0.6806261446169481,180,2,88,1,38,88,0.0003662828523807957,0.0004797014756031591,0.0006486929280804569,0.0,True,16.586586847471573,0.041052567948610896,0.04293695357584154,0.04482439183764244,0.0,True,4.683742205760955,243226.54213605114,244045.86075753783,244604.30117185388,True,200,11176.769481151612,11996.7060369658,12575.361769651412,True,200,579.5202715815469,614.6487653014617,624.4816437612099,True,200,0.3456735041586963,0.3313591275504968,10514304.783743182,19902561.586541705,14871,360,41.07132930949902,679.7005979366335,1371.549968061588
EleutherAI/pythia-1.4b,pretrained,metaphor,lit+met,7,2048,88509,10,0.9451857026261965,0.002602047332015309,0.05221225004178817,234771.32810209616,646.3133183504619,12968.815812015222,248386.45723246183,0.007050157490867545,0.30938536354287927,0.19712438592406958,0.3093853635428793,0.15131319892505107,0.6738135385783549,180,2,84,1,44,84,0.0003644232523873265,0.00048252761783495893,0.0006584573086599353,0.0,True,14.61088905646628,0.03906456469808708,0.04092878200969144,0.042640143235211744,0.0,True,4.81627784275117,233365.42289700467,234072.25270688516,234672.34454022523,True,200,12168.76903560127,12900.86567447282,13460.64087474678,True,200,600.3978868900883,639.6617614430617,649.7002939383008,True,200,0.33372197167447043,0.31907541436504966,10160833.599016918,20286168.580774583,14871,360,41.07132930949902,655.0840340822145,1397.9855682430282
EleutherAI/pythia-1.4b,pretrained,metaphor,lit+met,8,2048,88509,10,0.9406511710921149,0.002676003196391533,0.056672825711493575,224130.27086526004,637.6150263515719,13503.513489138953,238271.39938075055,0.006677082068081944,0.3032440220907425,0.19242658583322036,0.30324402209074264,0.14943281450717447,0.6631766068266246,180,2,82,1,48,82,0.0003616422978419539,0.0004715044451540701,0.0006950449566791812,0.0,True,14.161228248654414,0.038526471368382546,0.03997171103144882,0.041926478062870996,0.0,True,4.814069272186611,222727.91145027356,223491.17629883983,224036.40508514692,True,200,12745.877444836362,13420.827896135062,14042.89378105086,True,200,599.0074005310046,632.4700197687503,641.0773700013353,True,200,0.324488327803397,0.30958338319764195,9824216.906328816,20451808.653151937,14871,360,41.07132930949902,631.9762904496719,1409.400362011711
EleutherAI/pythia-1.4b,pretrained,metaphor,lit+met,9,2048,88509,10,0.9420232448131215,0.002628400423691576,0.05534835476318702,227062.0105536945,633.540507656992,13340.975164430833,241036.52622578232,0.006391045148504798,0.30090230782201455,0.18886882458951945,0.30090230782201494,0.1508471626956005,0.6638204388688165,180,2,79,1,51,79,0.0003643910020439545,0.0004735205538652623,0.0006643373953716871,0.0,True,13.496869557901672,0.03710234326883725,0.03853412923474725,0.040134751013732387,0.0,True,4.901338847932534,225825.4632222007,226373.05106088426,226898.38018165214,True,200,12661.198068361015,13302.46188350635,13877.594883296637,True,200,589.1413192775673,626.2131174854188,637.8616378831907,True,200,0.3295690023592919,0.3148064200252338,9892616.012562657,20124211.849718682,14871,360,41.07132930949902,637.164885960303,1386.8246054523247
EleutherAI/pythia-1.4b,pretrained,metaphor,lit+met,10,2048,88509,10,0.9434203635581513,0.0027426344248588,0.05383700201698985,230424.11269191702,669.8701111378346,13149.327594509976,244243.31039756484,0.006275685304967975,0.29665867954273945,0.1874680172843946,0.2966586795427396,0.14799565467879766,0.6872238872516883,180,2,78,1,53,78,0.00035860136312148867,0.0004680682726137758,0.0006610946444042109,0.0,True,13.40762805802547,0.03684617621663803,0.038021780042169426,0.039910790149603276,0.0,True,4.9305428908503615,229109.14119569407,229758.69894783606,230258.08963315006,True,200,12416.942358022823,13105.455116389518,13604.291512398224,True,200,639.2458259876404,665.1327218062619,674.1642390291435,True,200,0.33456107154153675,0.31993791945330186,10115614.348944966,20119864.938396696,14871,360,41.07132930949902,652.2962404254663,1386.5250457168145
EleutherAI/pythia-1.4b,pretrained,metaphor,lit+met,11,2048,88509,10,0.9430190492350295,0.0028953923508085555,0.05408555841416187,231445.66470328683,710.6176781405422,13274.247246827674,245430.52962825506,0.006214654124198335,0.30112037679240583,0.19011365660931234,0.3011203767924058,0.15222774575951706,0.689990838147015,180,2,78,1,55,78,0.000357630386208726,0.0004684174367647412,0.0006526415184374088,0.0,True,13.267341555689342,0.03672984446983441,0.03814385365261305,0.03972271974153432,0.0,True,4.984122955712121,230180.4323081208,230772.6510926494,231268.7374392976,True,200,12588.05788248131,13230.711788495639,13746.071163256966,True,200,679.6667160631853,705.1713372622485,713.3827452584478,True,200,0.3360653733105831,0.3214841495932993,10079900.40059348,19913967.46296023,14871,360,41.07132930949902,650.2195438602392,1372.3359839404748
EleutherAI/pythia-1.4b,pretrained,metaphor,lit+met,12,2048,88509,10,0.9451044840589969,0.0027387396993581907,0.05215677624164492,242508.2648377635,702.744536224413,13383.12273323553,256594.13210722344,0.006257082168648134,0.2916563741002393,0.1922766086171593,0.29165637410023915,0.15440065597465988,0.6906713295517529,180,2,76,1,56,76,0.0003523766758500164,0.00047037830235460763,0.0006472744389498615,0.0,True,13.302233834610552,0.03563358475054977,0.03709695166524372,0.038696786334343924,0.0,True,5.183083784140249,241209.82791961366,241839.4942252905,242300.67080798885,True,200,12654.884326107778,13290.487206965128,13790.265169932634,True,200,675.436003475255,696.9901555501372,706.7444471977319,True,200,0.3508214931497701,0.3366494134412579,10464583.616113156,19364214.848197848,14871,360,41.07132930949902,677.2317258827793,1334.4507510301046
EleutherAI/pythia-1.4b,pretrained,metaphor,lit+met,13,2048,88509,10,0.9459670017703697,0.002893691643564735,0.05113930658606562,253625.64020857448,775.8350918074235,13711.090712931596,268112.5660133135,0.006409063475813579,0.3099090761581194,0.19597641074680539,0.3099090761581195,0.15717188510430158,0.6973899371798546,180,2,75,1,58,75,0.0003269586249850682,0.00046188961332285707,0.0006402346278582654,0.0,True,13.875747128640661,0.035360238273005336,0.036527082301127556,0.038095129042900966,0.0,True,5.365235830532125,252281.16359806262,252922.45526151714,253374.48616803513,True,200,13074.355726199308,13651.921874665488,14095.680799577578,True,200,749.8773384865858,769.7714772702966,779.1116366614849,True,200,0.359029747379891,0.34508357519891836,10903221.431396222,19465352.51258807,14871,360,41.07132930949902,706.8110614195889,1341.4204749905637
EleutherAI/pythia-1.4b,pretrained,metaphor,lit+met,14,2048,88509,10,0.9456690784840288,0.003137348721428656,0.05119357279454236,261785.14646126045,868.4975677283073,14171.677235527595,276825.3212645164,0.007609456474646041,0.31971376408485724,0.1985998012426096,0.3197137640848576,0.1590439325420141,0.7102084528121072,180,2,72,1,58,72,0.00034862429414987445,0.0004673675837819961,0.0006332103684670227,0.0,True,16.281523876922275,0.03384348304860061,0.03511405308396272,0.036567472572237476,0.0,True,5.655849547408529,260451.52825033202,261043.21315447387,261530.56257729867,True,200,13600.822804196829,14111.288481149095,14594.414733713342,True,200,840.0616875382734,860.6746046718174,870.2589692091278,True,200,0.36250150645726553,0.34865052196899987,11251125.735761577,19786333.51708141,14871,360,41.07132930949902,729.8678493373341,1363.5403154215016
EleutherAI/pythia-1.4b,pretrained,metaphor,lit+met,15,2048,88509,10,0.9451802183559849,0.0032071199844295887,0.05161266165958549,264551.9413614119,897.6593051593845,14446.165477968598,279895.76614453987,0.008016434374754175,0.3349649089293405,0.20590021321445595,0.3349649089293404,0.16323356549862864,0.7049614186069745,180,2,68,1,59,68,0.00034284189196091076,0.000466857738877242,0.0006457140900129656,0.0,True,17.171043140535918,0.03159938963856035,0.03316929321495743,0.034946176333071594,0.0,True,6.207555038333071,263314.9453536507,263768.68414499145,264242.7406465762,True,200,13840.62208061836,14434.96497645884,14833.206817037322,True,200,862.1199236620593,887.9845968861163,897.6351832613611,True,200,0.3653746085265365,0.3516022351891768,11423424.807994194,19841541.45241996,14871,360,41.07132930949902,741.4607818230345,1367.3448730218427
EleutherAI/pythia-1.4b,pretrained,metaphor,lit+met,16,2048,88509,10,0.9432545487269716,0.003253581221796299,0.05349187005123215,266450.15266489354,919.0702705067866,15110.36120707541,282479.58414247574,0.009163990498053214,0.3461087254183385,0.20463619413198303,0.3461087254183384,0.16071181828863007,0.6943519003575571,180,2,64,1,61,64,0.00033578232698315216,0.0004750215914717841,0.0006450572562750471,0.0,True,19.29173465496578,0.030064706401584648,0.03138798464534072,0.03275645123424206,0.0,True,6.519570990116422,265162.28340147366,265704.2346303053,266172.786989545,True,200,14514.023326115019,15076.958919093528,15617.3612881191,True,200,881.9198408708703,910.2967303681696,922.4622042408016,True,200,0.3663982551446975,0.3526538542685883,11550189.746983083,19973404.005999446,14871,360,41.07132930949902,749.8369072090318,1376.431948590686
EleutherAI/pythia-1.4b,pretrained,metaphor,lit+met,17,2048,88509,10,0.9389509680958812,0.003553455268056129,0.05749557663606271,257743.7375129537,975.4298925014326,15782.639686386694,274501.8070918418,0.009293092655018063,0.3507832879757459,0.21137874443823207,0.3507832879757459,0.16693320312516008,0.6915850435766473,180,2,61,1,61,61,0.00034511262827908323,0.00047437296427284785,0.0006456373467763188,0.0,True,19.59026621439771,0.028494929709158102,0.02972490744350159,0.030906626734989104,0.0,True,7.1111657736866505,256444.9251890458,257026.71013114866,257482.41206793443,True,200,15225.387098931842,15774.528833773771,16217.414877149691,True,200,952.4258927368552,967.8408152079743,978.7919444330706,True,200,0.35860213453235656,0.34464422329909705,11320557.527966682,20248015.098433096,14871,360,41.07132930949902,733.8021594952647,1395.3562882250083
EleutherAI/pythia-1.4b,pretrained,metaphor,lit+met,18,2048,88509,10,0.9363318709607413,0.0036915054314056333,0.0599766236078531,252832.0950252536,996.7951331846972,16195.128959730115,270024.0191181684,0.009878639646104559,0.34307919999945086,0.2121496532652772,0.34307919999945097,0.1788864921858834,0.6882638701925358,180,2,57,1,62,57,0.00033510645999147324,0.000472753121454435,0.0006559845271973621,0.0,True,20.895979736131014,0.026604728210011412,0.027735706083140868,0.029095048303765136,0.0,True,7.648972506030133,251576.77322639307,252143.83280624164,252571.12306856437,True,200,15611.219845870743,16171.616510207225,16659.65840756725,True,200,974.3882486841695,989.8268914942709,1002.8603508971624,True,200,0.3537719000831433,0.3396811599701882,11223100.215074033,20501014.14346147,14871,360,41.07132930949902,726.7679624906636,1412.7912716877865
EleutherAI/pythia-1.4b,pretrained,metaphor,lit+met,19,2048,88509,10,0.9318950813215112,0.004201831276781213,0.06390308740170753,240866.58936176836,1086.0458317653888,16517.008213316105,258469.64340684988,0.01209764782685846,0.37254510523687845,0.2269646533898957,0.3725451052368784,0.1919183795161696,0.6966104825819208,180,2,53,1,59,53,0.0003272431984131388,0.00047574243730149674,0.0006635405760799603,0.0,True,25.428986103234056,0.024723616863705496,0.025864657736125722,0.0273139309403167,0.0,True,8.775088219044527,239518.59049704435,240152.9271486092,240645.70158438067,True,200,15880.027260931274,16448.805638699137,16903.517989450836,True,200,1061.3449871277028,1078.6824686599489,1087.581450632035,True,200,0.3405144982161714,0.3260570452917155,10772881.97390409,20864190.838969387,14871,360,41.07132930949902,695.6241570206222,1437.8189538260208
EleutherAI/pythia-1.4b,pretrained,metaphor,lit+met,20,2048,88509,10,0.9269491128325132,0.004836980326840132,0.06821390684064664,226451.8409006216,1181.6647583446702,16664.522965975397,244298.02862494168,0.01545755302963891,0.4133621068750982,0.24138102431819186,0.41336210687509833,0.1985743495616081,0.720616905152179,180,2,49,1,54,49,0.00033342213138854517,0.00047682822476584005,0.0006334054367002636,0.0,True,32.41744558479058,0.02257591863268457,0.023927041437471874,0.025213983833178796,0.0,True,10.088210234808543,225186.18788500372,225674.26967427542,226143.4801491149,True,200,16088.318646573123,16599.40843840704,17129.320352218878,True,200,1149.076872879518,1169.5602560532147,1181.8330121247634,True,200,0.32503057216949366,0.31014084342948883,10212235.108298356,21207071.205364294,14871,360,41.07132930949902,657.0249819642085,1461.4479502008335
EleutherAI/pythia-1.4b,pretrained,metaphor,lit+met,21,2048,88509,10,0.9236491279470824,0.005056082509180636,0.07129478954373691,215540.22044860848,1179.8735100387426,16637.15602617296,233357.2499848202,0.016156506039350208,0.4267733796243751,0.24261179211954034,0.4267733796243751,0.2073145638037086,0.7156973859023555,180,2,47,1,54,47,0.000329893779175305,0.00047918729449013985,0.0006728225409679814,0.0,True,33.71647417434324,0.021698005531456507,0.022923213811028652,0.02420828182804475,0.0,True,10.583672696138999,214212.35141052262,214722.27061916725,215293.511347092,True,200,16079.000373585211,16628.860291532437,17180.953988627825,True,200,1149.5892845758258,1168.1586404890586,1180.440025829602,True,200,0.3150853843780716,0.299915749005974,9812515.85567929,21329886.623723663,14871,360,41.07132930949902,629.7093890908218,1469.9115583849261
EleutherAI/pythia-1.4b,pretrained,metaphor,lit+met,22,2048,88509,10,0.920847915591006,0.005160543770288155,0.0739915406387058,206709.61016159586,1158.425808341522,16609.433829110076,224477.46979904748,0.017273802895417998,0.43642339850528045,0.24553586601129643,0.4364233985052804,0.22144836414659871,0.7094084032993119,180,2,44,1,54,44,0.00032368558370274314,0.0004691752570586366,0.0007151859771897501,0.0,True,36.817378230282834,0.020486289264537046,0.021451992080522668,0.022812042631069916,0.0,True,11.445830535907696,205411.4719937919,205919.63828291988,206374.3194764795,True,200,15954.218065874533,16596.27114325781,17052.262062400125,True,200,1129.1002992134374,1146.0731570227022,1159.632137898751,True,200,0.306362466078203,0.2909458692979443,9507306.565259857,21525563.377864942,14871,360,41.07132930949902,608.6813413585868,1483.3962771597369
EleutherAI/pythia-1.4b,pretrained,metaphor,lit+met,23,2048,88509,10,0.9182861955314706,0.005327787731165316,0.07638601673736412,197221.1193652548,1144.2535727902973,16405.49079154675,214770.86372959183,0.018105387246384694,0.44840219611787696,0.24563349640592091,0.4484021961178771,0.23456381599689913,0.7099662354089109,180,2,42,1,55,42,0.0003265815681860168,0.0004647598927067382,0.0007362698625039457,0.0,True,38.9564321932769,0.019210809571580285,0.020577953468232116,0.02178182290616689,0.0,True,11.936731064394989,196013.1715358436,196446.60775327196,196879.48731047215,True,200,15821.42745536987,16326.450121036161,16815.676687026742,True,200,1118.1306450452955,1132.2360906373879,1145.8538049439803,True,200,0.2974053006930183,0.28173369475824267,9145760.67138867,21606080.83942866,14871,360,41.07132930949902,584.0256907522503,1488.944996170399
EleutherAI/pythia-1.4b,pretrained,metaphor,lit+met,24,2048,88509,10,0.9164149998026925,0.005745823612895242,0.07783917658441235,190097.98449445565,1191.8939435814632,16146.691822581122,207436.57026061823,0.019065707976108726,0.446716384943594,0.2489795019166384,0.44671638494359417,0.24535313114904506,0.7225948786481999,180,2,39,1,52,39,0.000332941906629455,0.000454861477129714,0.0007436983417046261,0.0,True,41.91541586774496,0.01804911324196716,0.019094059952882547,0.020083567874285186,0.0,True,13.03963130581095,188938.7738022905,189424.06609797478,189857.05277580832,True,200,15604.469120625401,16118.723671815183,16542.92949807049,True,200,1170.0343426576853,1185.8246625883244,1197.6672169576257,True,200,0.29773410217728974,0.28207188253863275,8403284.243006658,19820839.838025924,14871,360,41.07132930949902,536.66533596183,1365.9182577372974
