model,feature,regularity,classes,layer,d,n_points,n_items,min_cell,size_item,size_class,size_interaction,sig_interaction,leak_item_into_class,leak_int_into_margins,k_class,k_int
EleutherAI/pythia-160m,Number,regular,Sing+Plur,0,768,36903,200,10,0.8139936829901745,0.017923078620051564,0.1680832383897739,True,,0.1660791081153332,1,131
EleutherAI/pythia-160m,Number,zero,Sing+Plur,0,768,787,3,10,0.9993822822751649,0.0006177177248351088,0.0,False,,,1,2
EleutherAI/pythia-160m,Tense,regular,Pres+Past,0,768,11573,81,10,0.8335395847576078,0.02007215658352908,0.1463882586588632,True,0.0008036839817240372,0.1088615629190659,1,59
EleutherAI/pythia-160m,Tense,zero,Pres+Past,0,768,352,4,10,0.9373428245889258,0.024563208177031084,0.03809396723404313,True,0.0003284038909456645,0.05024458578043359,1,3
EleutherAI/pythia-160m,Number,regular,Sing+Plur,1,768,36903,200,10,0.865688710650707,0.024558318739106928,0.10975297061018607,True,0.0013793779358163203,0.17976200017536106,1,110
EleutherAI/pythia-160m,Number,zero,Sing+Plur,1,768,787,3,10,0.9940704505054513,0.003356623707233047,0.00257292578731563,False,,,1,2
EleutherAI/pythia-160m,Tense,regular,Pres+Past,1,768,11573,81,10,0.8881217454254857,0.02768756535814945,0.0841906892163649,True,0.0005914444139446629,0.11750491866404242,1,46
EleutherAI/pythia-160m,Tense,zero,Pres+Past,1,768,352,4,10,0.9573966162556566,0.025442130206714816,0.017161253537628585,False,0.00030541280386523563,,1,3
EleutherAI/pythia-160m,Number,regular,Sing+Plur,2,768,36903,200,10,0.8569872575486823,0.03762691846289234,0.1053858239884254,True,0.001434361676963293,0.17719511324486378,1,109
EleutherAI/pythia-160m,Number,zero,Sing+Plur,2,768,787,3,10,0.991851116247743,0.006243439670136512,0.0019054440821205472,False,,,1,2
EleutherAI/pythia-160m,Tense,regular,Pres+Past,2,768,11573,81,10,0.8936132615114122,0.025181819776921518,0.0812049187116663,True,0.0005535087001466384,0.11536862775799327,1,41
EleutherAI/pythia-160m,Tense,zero,Pres+Past,2,768,352,4,10,0.9417979537349411,0.037787262465690606,0.020414783799368272,True,0.0006689261193303023,0.024758251759235905,1,3
EleutherAI/pythia-160m,Number,regular,Sing+Plur,3,768,36903,200,10,0.8511694654680719,0.05105888024685847,0.09777165428506963,True,0.0020678015498883017,0.20931801513688958,1,84
EleutherAI/pythia-160m,Number,zero,Sing+Plur,3,768,787,3,10,0.9897873291208571,0.008891622065153667,0.0013210488139892913,False,,,1,2
EleutherAI/pythia-160m,Tense,regular,Pres+Past,3,768,11573,81,10,0.8921976886319851,0.036965333109310515,0.07083697825870419,True,0.0007537598559589466,0.1218037751332243,1,36
EleutherAI/pythia-160m,Tense,zero,Pres+Past,3,768,352,4,10,0.9279599171187469,0.05217943601243843,0.019860646868814735,False,0.0008764167784033819,,1,3
EleutherAI/pythia-160m,Number,regular,Sing+Plur,4,768,36903,200,10,0.8399583589348165,0.054140907442948576,0.10590073362223491,True,0.006532657916588132,0.2907925190761837,1,34
EleutherAI/pythia-160m,Number,zero,Sing+Plur,4,768,787,3,10,0.9767654630085317,0.02005959245093865,0.003174944540529656,False,,,1,2
EleutherAI/pythia-160m,Tense,regular,Pres+Past,4,768,11573,81,10,0.8911454328473152,0.03679289323192228,0.07206167392076245,True,0.001578027595705537,0.15035015776264798,1,30
EleutherAI/pythia-160m,Tense,zero,Pres+Past,4,768,352,4,10,0.9029654940557479,0.06388300944145262,0.03315149650279944,True,0.002128790384786142,0.022590705239161273,1,3
EleutherAI/pythia-160m,Number,regular,Sing+Plur,5,768,36903,200,10,0.8409599466126131,0.05631121088799337,0.10272884249939358,True,0.002226194255919695,0.3060767733848334,1,32
EleutherAI/pythia-160m,Number,zero,Sing+Plur,5,768,787,3,10,0.9690898814116361,0.02316823209353166,0.007741886494832288,False,,,1,2
EleutherAI/pythia-160m,Tense,regular,Pres+Past,5,768,11573,81,10,0.8898757598009556,0.03993536192114165,0.07018887827790288,True,0.0013274328381868985,0.16456620627830743,1,27
EleutherAI/pythia-160m,Tense,zero,Pres+Past,5,768,352,4,10,0.9068555180580471,0.06241498881948896,0.030729493122464074,True,0.0008141290489285381,0.021841428610143272,1,2
EleutherAI/pythia-160m,Number,regular,Sing+Plur,6,768,36903,200,10,0.8320284575633079,0.06530489653923013,0.10266664589746197,True,0.010446136326884082,0.3528734843620604,1,30
EleutherAI/pythia-160m,Number,zero,Sing+Plur,6,768,787,3,10,0.971541896547223,0.022344376818524428,0.0061137266342526225,False,,,1,2
EleutherAI/pythia-160m,Tense,regular,Pres+Past,6,768,11573,81,10,0.8919746898373484,0.032700888257383154,0.07532442190526832,True,0.005387661187711698,0.26251639880722094,1,16
EleutherAI/pythia-160m,Tense,zero,Pres+Past,6,768,352,4,10,0.9066737931072664,0.0616638487286566,0.031662358164077004,True,0.0014128066956759766,0.022231880663246533,1,2
EleutherAI/pythia-160m,Number,regular,Sing+Plur,7,768,36903,200,10,0.8490003346167664,0.046123464164069955,0.10487620121916358,True,0.0033545627527779053,0.33228121789858217,1,35
EleutherAI/pythia-160m,Number,zero,Sing+Plur,7,768,787,3,10,0.9644238979437189,0.02328927573072181,0.012286826325559337,False,,,1,2
EleutherAI/pythia-160m,Tense,regular,Pres+Past,7,768,11573,81,10,0.9048195378782321,0.024779775245737226,0.07040068687603075,True,0.0029703718138476406,0.23135641711695978,1,23
EleutherAI/pythia-160m,Tense,zero,Pres+Past,7,768,352,4,10,0.9010589540555896,0.06243950545121444,0.036501540493196025,True,0.005334444437157749,0.043759719269504296,1,2
EleutherAI/pythia-160m,Number,regular,Sing+Plur,8,768,36903,200,10,0.8529825219198005,0.04435656074577495,0.10266091733442448,True,0.002493184298812537,0.3218191564890897,1,35
EleutherAI/pythia-160m,Number,zero,Sing+Plur,8,768,787,3,10,0.9572038315415305,0.026232925278397608,0.01656324318007175,False,,,1,2
EleutherAI/pythia-160m,Tense,regular,Pres+Past,8,768,11573,81,10,0.9047180116076708,0.02498938939444066,0.07029259899788841,True,0.0025623483686830002,0.21234429557290188,1,23
EleutherAI/pythia-160m,Tense,zero,Pres+Past,8,768,352,4,10,0.898984078962477,0.06015409521121649,0.04086182582630648,True,0.0038549838863967782,0.02674522563685771,1,2
EleutherAI/pythia-160m,Number,regular,Sing+Plur,9,768,36903,200,10,0.8502389706866876,0.04324517237885108,0.10651585693446125,True,0.0029298644623867017,0.3073362880217213,1,46
EleutherAI/pythia-160m,Number,zero,Sing+Plur,9,768,787,3,10,0.9497819644289639,0.030976522496319683,0.01924151307471641,False,,,1,2
EleutherAI/pythia-160m,Tense,regular,Pres+Past,9,768,11573,81,10,0.9055887276517514,0.021992923193469235,0.07241834915477931,True,0.0075722567286771285,0.2177630388641595,1,26
EleutherAI/pythia-160m,Tense,zero,Pres+Past,9,768,352,4,10,0.8993402662902124,0.06339148400382148,0.03726824970596615,True,0.004406651145255804,0.03787226022547679,1,3
EleutherAI/pythia-160m,Number,regular,Sing+Plur,10,768,36903,200,10,0.8265997846392131,0.05364412722388872,0.11975608813689809,True,0.005159513281233231,0.33353493267950024,1,45
EleutherAI/pythia-160m,Number,zero,Sing+Plur,10,768,787,3,10,0.9501167239755123,0.031044184070852354,0.018839091953635367,False,,,1,2
EleutherAI/pythia-160m,Tense,regular,Pres+Past,10,768,11573,81,10,0.9019099124563907,0.021515638129212932,0.07657444941439645,True,0.011995649606213231,0.26620982129898696,1,23
EleutherAI/pythia-160m,Tense,zero,Pres+Past,10,768,352,4,10,0.8875395406024086,0.06937588680741669,0.04308457259017476,True,0.007478374688961562,0.02453772805860155,1,3
EleutherAI/pythia-160m,Number,regular,Sing+Plur,11,768,36903,200,10,0.8083510046709356,0.061693457148275774,0.1299555381807888,True,0.0067230149977370686,0.327524431155178,1,47
EleutherAI/pythia-160m,Number,zero,Sing+Plur,11,768,787,3,10,0.9412420266644044,0.034225650897097545,0.024532322438498056,False,,,1,2
EleutherAI/pythia-160m,Tense,regular,Pres+Past,11,768,11573,81,10,0.8898012985999247,0.0237517720247346,0.08644692937534068,True,0.022521010994371853,0.29679886824141927,1,20
EleutherAI/pythia-160m,Tense,zero,Pres+Past,11,768,352,4,10,0.8796817791006097,0.07635872812021441,0.043959492779175914,True,0.011088811834584173,0.030293030920363045,1,3
EleutherAI/pythia-160m,Number,regular,Sing+Plur,12,768,36903,200,10,0.7959885408693418,0.06261746767588804,0.14139399145477025,True,0.007067025534524218,0.2738523755307906,1,72
EleutherAI/pythia-160m,Number,zero,Sing+Plur,12,768,787,3,10,0.938708430718621,0.040057803510667414,0.021233765770711656,False,,,1,2
EleutherAI/pythia-160m,Tense,regular,Pres+Past,12,768,11573,81,10,0.8931633880314161,0.022573112582678766,0.08426349938590509,True,0.015765631550628146,0.23303889315193155,1,30
EleutherAI/pythia-160m,Tense,zero,Pres+Past,12,768,352,4,10,0.83825342561833,0.09621362550563843,0.06553294887603157,True,0.01024206490920386,0.03825355635004947,1,2
znhoughton/opt-babylm-125m-20eps-seed964,Number,regular,Sing+Plur,0,768,36897,200,10,0.6175768877516865,0.03866792592586593,0.3437551863224475,True,0.007120012015010458,0.33280161505969474,1,64
znhoughton/opt-babylm-125m-20eps-seed964,Number,zero,Sing+Plur,0,768,787,3,10,0.992200386677161,0.007799613322838921,0.0,False,,,1,2
znhoughton/opt-babylm-125m-20eps-seed964,Tense,regular,Pres+Past,0,768,11573,81,10,0.6245372750735021,0.0709555966349556,0.3045071282915423,True,0.0036483821314225126,0.19359793383734386,1,47
znhoughton/opt-babylm-125m-20eps-seed964,Tense,zero,Pres+Past,0,768,352,4,10,0.8628378672233008,0.07693711318472805,0.0602250195919712,True,0.0005668056793274229,0.11264367426764732,1,3
znhoughton/opt-babylm-125m-20eps-seed964,Number,regular,Sing+Plur,1,768,36897,200,10,0.6898180662673014,0.0580186061684788,0.2521633275642198,True,0.0033959034256728455,0.38849273490163116,1,60
znhoughton/opt-babylm-125m-20eps-seed964,Number,zero,Sing+Plur,1,768,787,3,10,0.9944396303893042,0.004093107968189471,0.0014672616425062766,False,,,1,2
znhoughton/opt-babylm-125m-20eps-seed964,Tense,regular,Pres+Past,1,768,11573,81,10,0.7665533004453909,0.05500985831911808,0.17843684123549108,True,0.0028541499955658124,0.223598606187765,1,44
znhoughton/opt-babylm-125m-20eps-seed964,Tense,zero,Pres+Past,1,768,352,4,10,0.9173342840294092,0.05062260411800503,0.03204311185258581,True,0.0005654998178198493,0.07309743766456557,1,3
znhoughton/opt-babylm-125m-20eps-seed964,Number,regular,Sing+Plur,2,768,36897,200,10,0.6952651566861789,0.06667670069700304,0.238058142616818,True,0.0044923238470136375,0.4111720619018967,1,50
znhoughton/opt-babylm-125m-20eps-seed964,Number,zero,Sing+Plur,2,768,787,3,10,0.9948637470891175,0.0033769077969566293,0.0017593451139258042,False,,,1,2
znhoughton/opt-babylm-125m-20eps-seed964,Tense,regular,Pres+Past,2,768,11573,81,10,0.7788774970437293,0.06139893312643755,0.15972356982983296,True,0.0031820498213321075,0.24325483014778945,1,40
znhoughton/opt-babylm-125m-20eps-seed964,Tense,zero,Pres+Past,2,768,352,4,10,0.921869838573551,0.049819698464047,0.028310462962401986,True,0.0008606563142992394,0.07479560582265701,1,3
znhoughton/opt-babylm-125m-20eps-seed964,Number,regular,Sing+Plur,3,768,36897,200,10,0.6949698515226336,0.0727288862943884,0.2323012621829779,True,0.004895061270205013,0.4162879715722706,1,47
znhoughton/opt-babylm-125m-20eps-seed964,Number,zero,Sing+Plur,3,768,787,3,10,0.9955364824314117,0.003492700432720034,0.0009708171358681584,False,,,1,2
znhoughton/opt-babylm-125m-20eps-seed964,Tense,regular,Pres+Past,3,768,11573,81,10,0.7832104693953663,0.06431049344255771,0.15247903716207611,True,0.003201412014215448,0.2529267602559788,1,38
znhoughton/opt-babylm-125m-20eps-seed964,Tense,zero,Pres+Past,3,768,352,4,10,0.9230467275089951,0.05126643534144685,0.025686837149558023,True,0.00042463851035899543,0.0749747326552348,1,3
znhoughton/opt-babylm-125m-20eps-seed964,Number,regular,Sing+Plur,4,768,36897,200,10,0.6973060374052251,0.07813167998224209,0.2245622826125328,True,0.0054809592505283555,0.40696280909117494,1,46
znhoughton/opt-babylm-125m-20eps-seed964,Number,zero,Sing+Plur,4,768,787,3,10,0.9960891732955222,0.00391082670447777,0.0,False,,,1,2
znhoughton/opt-babylm-125m-20eps-seed964,Tense,regular,Pres+Past,4,768,11573,81,10,0.7898365805113591,0.06536234516572512,0.14480107432291575,True,0.003195966618939207,0.251565664223367,1,37
znhoughton/opt-babylm-125m-20eps-seed964,Tense,zero,Pres+Past,4,768,352,4,10,0.9229439111552837,0.05305626729245206,0.023999821552264287,True,0.00030427698144387823,0.06429397150854331,1,3
znhoughton/opt-babylm-125m-20eps-seed964,Number,regular,Sing+Plur,5,768,36897,200,10,0.699004214155941,0.08187436427485269,0.21912142156920614,True,0.005817893512770341,0.387112849655889,1,47
znhoughton/opt-babylm-125m-20eps-seed964,Number,zero,Sing+Plur,5,768,787,3,10,0.995068007336592,0.004931992663407924,0.0,False,,,1,2
znhoughton/opt-babylm-125m-20eps-seed964,Tense,regular,Pres+Past,5,768,11573,81,10,0.7917536536528226,0.06776277962568934,0.14048356672148807,True,0.003017744887010735,0.2380745953286944,1,36
znhoughton/opt-babylm-125m-20eps-seed964,Tense,zero,Pres+Past,5,768,352,4,10,0.9128956564452598,0.06162857770305663,0.02547576585168367,True,2.587400029750192e-05,0.0693076807663994,1,3
znhoughton/opt-babylm-125m-20eps-seed964,Number,regular,Sing+Plur,6,768,36897,200,10,0.7007882112670376,0.08113275212195604,0.21807903661100642,True,0.005925103280542349,0.3625292367443889,1,50
znhoughton/opt-babylm-125m-20eps-seed964,Number,zero,Sing+Plur,6,768,787,3,10,0.9927833675353046,0.007216632464695443,0.0,False,,,1,2
znhoughton/opt-babylm-125m-20eps-seed964,Tense,regular,Pres+Past,6,768,11573,81,10,0.7915996868738322,0.06709688822412874,0.14130342490203915,True,0.0029299277902189893,0.22574902181842532,1,35
znhoughton/opt-babylm-125m-20eps-seed964,Tense,zero,Pres+Past,6,768,352,4,10,0.9053745891898699,0.06703286068135753,0.027592550128772576,True,0.0007799923369322206,0.05437426124884706,1,3
znhoughton/opt-babylm-125m-20eps-seed964,Number,regular,Sing+Plur,7,768,36897,200,10,0.7004154926005163,0.08163762342117473,0.21794688397830903,True,0.006012280865489952,0.3511111929346504,1,52
znhoughton/opt-babylm-125m-20eps-seed964,Number,zero,Sing+Plur,7,768,787,3,10,0.9923378399830982,0.00766216001690184,0.0,False,,,1,2
znhoughton/opt-babylm-125m-20eps-seed964,Tense,regular,Pres+Past,7,768,11573,81,10,0.7981216180255929,0.06617959311518107,0.13569878885922598,True,0.0032254518492083545,0.22187303550315202,1,35
znhoughton/opt-babylm-125m-20eps-seed964,Tense,zero,Pres+Past,7,768,352,4,10,0.9025395235460011,0.06875352282295441,0.0287069536310445,True,0.0017039911936572781,0.050069935917654254,1,3
znhoughton/opt-babylm-125m-20eps-seed964,Number,regular,Sing+Plur,8,768,36897,200,10,0.7032610912644834,0.07923818420867666,0.21750072452684,True,0.005888519772998764,0.3353624368469227,1,56
znhoughton/opt-babylm-125m-20eps-seed964,Number,zero,Sing+Plur,8,768,787,3,10,0.9895842500789415,0.010415749921058473,0.0,False,,,1,2
znhoughton/opt-babylm-125m-20eps-seed964,Tense,regular,Pres+Past,8,768,11573,81,10,0.8030762706430379,0.06270094011499233,0.13422278924196987,True,0.0028087873326242494,0.20777906151503794,1,35
znhoughton/opt-babylm-125m-20eps-seed964,Tense,zero,Pres+Past,8,768,352,4,10,0.8978499845045431,0.07379503447761197,0.02835498101784503,True,0.0028964052856052264,0.03946936158368781,1,3
znhoughton/opt-babylm-125m-20eps-seed964,Number,regular,Sing+Plur,9,768,36897,200,10,0.7008617711488292,0.08449479211517008,0.21464343673600078,True,0.006263700131794315,0.3145748445200563,1,61
znhoughton/opt-babylm-125m-20eps-seed964,Number,zero,Sing+Plur,9,768,787,3,10,0.9872170909260647,0.012782909073935231,0.0,False,,,1,2
znhoughton/opt-babylm-125m-20eps-seed964,Tense,regular,Pres+Past,9,768,11573,81,10,0.8104137076628097,0.057571257869526674,0.13201503446766355,True,0.00356380254955379,0.20368246507181803,1,35
znhoughton/opt-babylm-125m-20eps-seed964,Tense,zero,Pres+Past,9,768,352,4,10,0.8929831763660838,0.07727699979471478,0.02973982383920128,True,0.004799029256638872,0.030389810442295814,1,3
znhoughton/opt-babylm-125m-20eps-seed964,Number,regular,Sing+Plur,10,768,36897,200,10,0.6948168376868775,0.0909545109161301,0.21422865139699254,True,0.008206634646709215,0.2989438611066003,1,63
znhoughton/opt-babylm-125m-20eps-seed964,Number,zero,Sing+Plur,10,768,787,3,10,0.9848772814440049,0.015122718555995103,0.0,False,,,1,2
znhoughton/opt-babylm-125m-20eps-seed964,Tense,regular,Pres+Past,10,768,11573,81,10,0.8128110693095629,0.053525449811178995,0.1336634808792581,True,0.004611026322753666,0.20467728199880547,1,34
znhoughton/opt-babylm-125m-20eps-seed964,Tense,zero,Pres+Past,10,768,352,4,10,0.8836189135400198,0.0824181514342066,0.03396293502577377,True,0.008146624269173,0.030956834010937594,1,3
znhoughton/opt-babylm-125m-20eps-seed964,Number,regular,Sing+Plur,11,768,36897,200,10,0.6868307223004039,0.09948705080607032,0.2136822268935258,True,0.010221564397894211,0.2824086956268784,1,64
znhoughton/opt-babylm-125m-20eps-seed964,Number,zero,Sing+Plur,11,768,787,3,10,0.9832279522981391,0.01677204770186095,0.0,False,,,1,2
znhoughton/opt-babylm-125m-20eps-seed964,Tense,regular,Pres+Past,11,768,11573,81,10,0.8144564801053682,0.04978960202339936,0.13575391787123248,True,0.005659630680267643,0.21055100283573364,1,33
znhoughton/opt-babylm-125m-20eps-seed964,Tense,zero,Pres+Past,11,768,352,4,10,0.8765995940835701,0.0885008988934725,0.034899507022957445,True,0.012723055729880505,0.0329033887159949,1,3
znhoughton/opt-babylm-125m-20eps-seed964,Number,regular,Sing+Plur,12,768,36897,200,10,0.683996177706115,0.09543282119519764,0.22057100109868735,True,0.0073398836050299916,0.2911569824191548,1,66
znhoughton/opt-babylm-125m-20eps-seed964,Number,zero,Sing+Plur,12,768,787,3,10,0.9827683376933412,0.017231662306658863,0.0,False,,,1,2
znhoughton/opt-babylm-125m-20eps-seed964,Tense,regular,Pres+Past,12,768,11573,81,10,0.8176202281859368,0.04572459423842899,0.13665517757563406,True,0.00699853106134692,0.20317417684882266,1,33
znhoughton/opt-babylm-125m-20eps-seed964,Tense,zero,Pres+Past,12,768,352,4,10,0.8708755228927799,0.08956341178235759,0.039561065324862525,True,0.013142461642564912,0.07214123666159089,1,3
EleutherAI/pythia-410m,Number,regular,Sing+Plur,0,1024,36832,199,10,0.8208026135824809,0.014835609030102085,0.16436177738741703,True,,0.13541717910238898,1,142
EleutherAI/pythia-410m,Number,zero,Sing+Plur,0,1024,784,3,10,0.9994137903071846,0.0005862096928154531,0.0,False,,,1,2
EleutherAI/pythia-410m,Tense,regular,Pres+Past,0,1024,11551,81,10,0.826900952603342,0.019523688827731873,0.15357535856892618,True,,0.09018922196280545,1,63
EleutherAI/pythia-410m,Tense,zero,Pres+Past,0,1024,352,4,10,0.928009524590726,0.029895314223448436,0.042095161185825444,True,0.0021660206817973415,0.045207512720239325,1,3
EleutherAI/pythia-410m,Number,regular,Sing+Plur,1,1024,36832,199,10,0.8809969996804499,0.020181226907328164,0.0988217734122221,True,0.0010479882334443577,0.14763043127447428,1,116
EleutherAI/pythia-410m,Number,zero,Sing+Plur,1,1024,784,3,10,0.9966745625260854,0.0026126926837916407,0.0007127447901228814,False,,,1,2
EleutherAI/pythia-410m,Tense,regular,Pres+Past,1,1024,11551,81,10,0.8944769601195637,0.026090467376106517,0.07943257250432978,True,0.0005824674382775301,0.09325527913954548,1,52
EleutherAI/pythia-410m,Tense,zero,Pres+Past,1,1024,352,4,10,0.9634505295317055,0.02027889621751955,0.01627057425077503,False,0.0008854837610961237,,1,3
EleutherAI/pythia-410m,Number,regular,Sing+Plur,2,1024,36832,199,10,0.888818790847194,0.017762666894494964,0.09341854225831105,True,,0.14687746504471288,1,116
EleutherAI/pythia-410m,Number,zero,Sing+Plur,2,1024,784,3,10,0.992727468380707,0.005144214080841025,0.002128317538452072,False,,,1,2
EleutherAI/pythia-410m,Tense,regular,Pres+Past,2,1024,11551,81,10,0.9008854166910488,0.024287229910227675,0.07482735339872353,True,0.0004029872173609265,0.09283664403878646,1,46
EleutherAI/pythia-410m,Tense,zero,Pres+Past,2,1024,352,4,10,0.9538195404712925,0.02898352064995955,0.017196938878747993,False,0.0010128462749489618,,1,3
EleutherAI/pythia-410m,Number,regular,Sing+Plur,3,1024,36832,199,10,0.8865890675832344,0.020824486203712224,0.09258644621305345,True,0.0009802527767047919,0.14987362921608943,1,113
EleutherAI/pythia-410m,Number,zero,Sing+Plur,3,1024,784,3,10,0.9886047031482429,0.006858138656678027,0.004537158195079009,False,,,1,2
EleutherAI/pythia-410m,Tense,regular,Pres+Past,3,1024,11551,81,10,0.9073574573523405,0.021676141967362592,0.07096640068029673,True,0.0004464785808633097,0.09063785311999534,1,43
EleutherAI/pythia-410m,Tense,zero,Pres+Past,3,1024,352,4,10,0.9503770697479135,0.03047927909620061,0.01914365115588596,False,0.0013529770884260555,,1,3
EleutherAI/pythia-410m,Number,regular,Sing+Plur,4,1024,36832,199,10,0.883605797801494,0.028783089497171246,0.08761111270133476,True,0.0009434734914964778,0.15750101367986896,1,106
EleutherAI/pythia-410m,Number,zero,Sing+Plur,4,1024,784,3,10,0.98370939514962,0.008906828499834957,0.007383776350544968,False,,,1,2
EleutherAI/pythia-410m,Tense,regular,Pres+Past,4,1024,11551,81,10,0.9043814001091443,0.02944152870370491,0.06617707118715095,True,0.0006323744085590228,0.09833593100663568,1,37
EleutherAI/pythia-410m,Tense,zero,Pres+Past,4,1024,352,4,10,0.936091342035831,0.045091315621535254,0.018817342342633773,False,0.0016872709944948498,,1,3
EleutherAI/pythia-410m,Number,regular,Sing+Plur,5,1024,36832,199,10,0.8755243557955463,0.03589340459893495,0.08858223960551878,True,0.0013855303060263985,0.17379885275483273,1,94
EleutherAI/pythia-410m,Number,zero,Sing+Plur,5,1024,784,3,10,0.9832119108267234,0.011572155688910925,0.005215933484365572,False,,,1,2
EleutherAI/pythia-410m,Tense,regular,Pres+Past,5,1024,11551,81,10,0.9009700361741687,0.034014408993202815,0.06501555483262861,True,0.0006263876167405154,0.10262828867160699,1,32
EleutherAI/pythia-410m,Tense,zero,Pres+Past,5,1024,352,4,10,0.9212182783691532,0.05806660368757957,0.020715117943267254,True,0.0022947158374658,0.006783061901178362,1,3
EleutherAI/pythia-410m,Number,regular,Sing+Plur,6,1024,36832,199,10,0.8660184555441647,0.03822904285819048,0.095752501597645,True,0.0015562772750176126,0.34442589981636074,1,17
EleutherAI/pythia-410m,Number,zero,Sing+Plur,6,1024,784,3,10,0.9649191887063729,0.017863408789873268,0.017217402503753757,False,,,1,2
EleutherAI/pythia-410m,Tense,regular,Pres+Past,6,1024,11551,81,10,0.8939667625496202,0.04162188254431191,0.06441135490606797,True,0.001323241588374945,0.16275587642755607,1,24
EleutherAI/pythia-410m,Tense,zero,Pres+Past,6,1024,352,4,10,0.9102595530018533,0.06686972055600687,0.022870726442139905,True,0.0011635029691128417,0.009982989521049113,1,3
EleutherAI/pythia-410m,Number,regular,Sing+Plur,7,1024,36832,199,10,0.8633094888663689,0.035180358235067793,0.10151015289856347,True,0.001500774349806355,0.3665450966511069,1,14
EleutherAI/pythia-410m,Number,zero,Sing+Plur,7,1024,784,3,10,0.956865892580043,0.019814976305282585,0.023319131114674475,False,,,1,2
EleutherAI/pythia-410m,Tense,regular,Pres+Past,7,1024,11551,81,10,0.8976270871867994,0.03495024252022427,0.06742267029297631,True,0.0015054887782192845,0.17198571675563323,1,23
EleutherAI/pythia-410m,Tense,zero,Pres+Past,7,1024,352,4,10,0.9061002498657399,0.06908263429888897,0.024817115835371217,True,0.00045007022491870866,0.014963106300520135,1,3
EleutherAI/pythia-410m,Number,regular,Sing+Plur,8,1024,36832,199,10,0.8621551172454416,0.03538067504963555,0.10246420770492291,True,0.0016294089858078203,0.35966371942786907,1,16
EleutherAI/pythia-410m,Number,zero,Sing+Plur,8,1024,784,3,10,0.9588656011116128,0.022993433766695787,0.01814096512169141,False,,,1,2
EleutherAI/pythia-410m,Tense,regular,Pres+Past,8,1024,11551,81,10,0.8938988067210712,0.03656739744350167,0.06953379583542707,True,0.0013937503599111922,0.16983759876482915,1,24
EleutherAI/pythia-410m,Tense,zero,Pres+Past,8,1024,352,4,10,0.9050446642120692,0.0689281908211453,0.026027144966785497,True,0.000794210309867868,0.011629045378072802,1,3
EleutherAI/pythia-410m,Number,regular,Sing+Plur,9,1024,36832,199,10,0.86115478532266,0.03644021412104679,0.10240500055629316,True,0.0014598818484538837,0.3633872695424535,1,16
EleutherAI/pythia-410m,Number,zero,Sing+Plur,9,1024,784,3,10,0.9567443237106349,0.021898366331764618,0.02135730995760052,False,,,1,2
EleutherAI/pythia-410m,Tense,regular,Pres+Past,9,1024,11551,81,10,0.8994830286709101,0.033002368518194596,0.06751460281089533,True,0.0016415521994155662,0.1736791260157762,1,24
EleutherAI/pythia-410m,Tense,zero,Pres+Past,9,1024,352,4,10,0.9080055414072061,0.06552679383317636,0.026467664759617447,True,0.0015525089623841793,0.016358149075004068,1,3
EleutherAI/pythia-410m,Number,regular,Sing+Plur,10,1024,36832,199,10,0.8613241707866536,0.035688385999818426,0.10298744321352793,True,0.0016319123126152637,0.36090505863666705,1,16
EleutherAI/pythia-410m,Number,zero,Sing+Plur,10,1024,784,3,10,0.9495597443467149,0.024507252725369303,0.025933002927915824,False,,,1,2
EleutherAI/pythia-410m,Tense,regular,Pres+Past,10,1024,11551,81,10,0.8995320233714058,0.03389425998724901,0.06657371664134513,True,0.001617905966680013,0.17605467754941298,1,24
EleutherAI/pythia-410m,Tense,zero,Pres+Past,10,1024,352,4,10,0.8963943104687105,0.0726174711097695,0.030988218421519984,True,0.000714832206163951,0.009685564531415294,1,2
EleutherAI/pythia-410m,Number,regular,Sing+Plur,11,1024,36832,199,10,0.8648625013969234,0.034218602602687664,0.1009188960003889,True,0.0016313124073054704,0.361694642235337,1,16
EleutherAI/pythia-410m,Number,zero,Sing+Plur,11,1024,784,3,10,0.9485335242089497,0.024537395696798157,0.026929080094252263,False,,,1,2
EleutherAI/pythia-410m,Tense,regular,Pres+Past,11,1024,11551,81,10,0.9058913023378976,0.02947412981340572,0.06463456784869663,True,0.0018265957343643335,0.17360562524252238,1,24
EleutherAI/pythia-410m,Tense,zero,Pres+Past,11,1024,352,4,10,0.8936721126354247,0.07024297350110621,0.036084913863469015,True,0.0006085998167195638,0.010022640150163268,1,2
EleutherAI/pythia-410m,Number,regular,Sing+Plur,12,1024,36832,199,10,0.8679781272130431,0.03309533644008544,0.09892653634687137,True,0.0014595671218817143,0.37179298300648167,1,15
EleutherAI/pythia-410m,Number,zero,Sing+Plur,12,1024,784,3,10,0.9506012661109904,0.02406546646267943,0.02533326742633014,False,,,1,2
EleutherAI/pythia-410m,Tense,regular,Pres+Past,12,1024,11551,81,10,0.9087388798602859,0.029985643468950888,0.061275476670763177,True,0.001913458424184333,0.17669417710387653,1,23
EleutherAI/pythia-410m,Tense,zero,Pres+Past,12,1024,352,4,10,0.9014524065096952,0.06380270541871781,0.034744888071586925,True,0.0008667417169121733,0.0099749784629335,1,3
EleutherAI/pythia-410m,Number,regular,Sing+Plur,13,1024,36832,199,10,0.8564388409341894,0.04648641898949749,0.09707474007631299,True,0.001345888532078109,0.3657757380348679,1,16
EleutherAI/pythia-410m,Number,zero,Sing+Plur,13,1024,784,3,10,0.9526039647078213,0.023200338221951243,0.024195697070227572,False,,,1,2
EleutherAI/pythia-410m,Tense,regular,Pres+Past,13,1024,11551,81,10,0.9111362625085871,0.028986082412029286,0.05987765507938361,True,0.002148755059673333,0.17483323918074845,1,23
EleutherAI/pythia-410m,Tense,zero,Pres+Past,13,1024,352,4,10,0.9076654206344493,0.06017884959898528,0.0321557297665653,True,0.0009149559347330588,0.011713379520863395,1,3
EleutherAI/pythia-410m,Number,regular,Sing+Plur,14,1024,36832,199,10,0.8581796588072437,0.044586926533983065,0.09723341465877323,True,0.001349805964995094,0.3611183144998092,1,18
EleutherAI/pythia-410m,Number,zero,Sing+Plur,14,1024,784,3,10,0.9530559832639994,0.023192626174350292,0.02375139056165016,False,,,1,2
EleutherAI/pythia-410m,Tense,regular,Pres+Past,14,1024,11551,81,10,0.9067292355900052,0.02925534249774315,0.06401542191225155,True,0.0047908658520578315,0.21156976085496998,1,19
EleutherAI/pythia-410m,Tense,zero,Pres+Past,14,1024,352,4,10,0.9014716104322368,0.0632725590109732,0.03525583055679003,True,0.005255245379438192,0.01400617483465843,1,2
EleutherAI/pythia-410m,Number,regular,Sing+Plur,15,1024,36832,199,10,0.8634315301474278,0.04144299606798265,0.09512547378458946,True,0.0014546494706319277,0.3480846359310096,1,20
EleutherAI/pythia-410m,Number,zero,Sing+Plur,15,1024,784,3,10,0.9552672427195351,0.0216915233456181,0.023041233934846698,False,,,1,2
EleutherAI/pythia-410m,Tense,regular,Pres+Past,15,1024,11551,81,10,0.9168579587144179,0.024226748434929446,0.058915292850652654,True,0.003317355717585507,0.17006586538130936,1,25
EleutherAI/pythia-410m,Tense,zero,Pres+Past,15,1024,352,4,10,0.9131181315596358,0.05417721354875719,0.032704654891606955,True,0.0029230932565013847,0.018444976960863006,1,3
EleutherAI/pythia-410m,Number,regular,Sing+Plur,16,1024,36832,199,10,0.86769600219057,0.03622324130067032,0.09608075650875975,True,0.0014087049925884938,0.331765922103438,1,23
EleutherAI/pythia-410m,Number,zero,Sing+Plur,16,1024,784,3,10,0.9525074456361732,0.02413569310729743,0.023356861256529325,False,,,1,2
EleutherAI/pythia-410m,Tense,regular,Pres+Past,16,1024,11551,81,10,0.9206398919400233,0.02211070434274062,0.05724940371723618,True,0.0028233260948081727,0.16475919014244328,1,27
EleutherAI/pythia-410m,Tense,zero,Pres+Past,16,1024,352,4,10,0.9188805764010811,0.049709108587197896,0.031410315011721014,True,0.002374631054434191,0.01741704127719183,1,3
EleutherAI/pythia-410m,Number,regular,Sing+Plur,17,1024,36832,199,10,0.8570707848941856,0.04663065686191545,0.09629855824389881,True,0.0033156277864595293,0.3285781200608185,1,26
EleutherAI/pythia-410m,Number,zero,Sing+Plur,17,1024,784,3,10,0.9492830089643347,0.023627821291721366,0.02708916974394397,False,,,1,2
EleutherAI/pythia-410m,Tense,regular,Pres+Past,17,1024,11551,81,10,0.9187214257394581,0.01957729278731391,0.06170128147322792,True,,0.19685594837522985,1,25
EleutherAI/pythia-410m,Tense,zero,Pres+Past,17,1024,352,4,10,0.917007390089296,0.05152924988711941,0.03146336002358467,True,0.0010323862306306007,0.014387557686242294,1,3
EleutherAI/pythia-410m,Number,regular,Sing+Plur,18,1024,36832,199,10,0.8560342745962312,0.04155034424704845,0.10241538115672036,True,0.003929181511552462,0.32366352425621364,1,29
EleutherAI/pythia-410m,Number,zero,Sing+Plur,18,1024,784,3,10,0.943920789206928,0.02856845105041014,0.027510759742661865,False,,,1,2
EleutherAI/pythia-410m,Tense,regular,Pres+Past,18,1024,11551,81,10,0.9146323618938724,0.019031747311970982,0.06633589079415649,True,,0.21631754059270525,1,23
EleutherAI/pythia-410m,Tense,zero,Pres+Past,18,1024,352,4,10,0.9177929080717518,0.049920402655913854,0.032286689272334274,True,0.001102796107539109,0.019071971863255266,1,3
EleutherAI/pythia-410m,Number,regular,Sing+Plur,19,1024,36832,199,10,0.854138804117797,0.039853097752006544,0.1060080981301965,True,0.002738234349145664,0.3303312987869578,1,31
EleutherAI/pythia-410m,Number,zero,Sing+Plur,19,1024,784,3,10,0.9504891816299715,0.029254418645713688,0.020256399724314846,False,,,1,2
EleutherAI/pythia-410m,Tense,regular,Pres+Past,19,1024,11551,81,10,0.91340702047833,0.01816736930810405,0.06842561021356595,True,,0.20535765605176848,1,27
EleutherAI/pythia-410m,Tense,zero,Pres+Past,19,1024,352,4,10,0.9201022481085608,0.048719088733825085,0.031178663157614195,True,0.00383617710207951,0.023824402103010577,1,3
EleutherAI/pythia-410m,Number,regular,Sing+Plur,20,1024,36832,199,10,0.8444527338849124,0.0422768657359427,0.11327040037914493,True,0.005584841207431621,0.3571213772369261,1,31
EleutherAI/pythia-410m,Number,zero,Sing+Plur,20,1024,784,3,10,0.9426990817250458,0.031087233313914334,0.02621368496103992,False,,,1,2
EleutherAI/pythia-410m,Tense,regular,Pres+Past,20,1024,11551,81,10,0.9008263637914012,0.019871852048509275,0.07930178416008948,True,,0.2929386693462672,1,17
EleutherAI/pythia-410m,Tense,zero,Pres+Past,20,1024,352,4,10,0.9117623364820993,0.05481178419946053,0.0334258793184403,True,0.011430342840573154,0.03570009770040457,1,3
EleutherAI/pythia-410m,Number,regular,Sing+Plur,21,1024,36832,199,10,0.8317725079945477,0.04595397477911643,0.12227351722633589,True,0.007571583797286952,0.38154922569763555,1,29
EleutherAI/pythia-410m,Number,zero,Sing+Plur,21,1024,784,3,10,0.9423812031167162,0.03530991562424827,0.022308881259035365,False,,,1,2
EleutherAI/pythia-410m,Tense,regular,Pres+Past,21,1024,11551,81,10,0.8899856191027035,0.02493214648689115,0.0850822344104053,True,0.05464270041366972,0.3011406448493693,1,15
EleutherAI/pythia-410m,Tense,zero,Pres+Past,21,1024,352,4,10,0.8937620339557025,0.06963262742024617,0.03660533862405129,True,0.037149720781374275,0.05275427005581359,1,3
EleutherAI/pythia-410m,Number,regular,Sing+Plur,22,1024,36832,199,10,0.8202779930242207,0.0530514872953724,0.12667051968040707,True,0.012385248725010524,0.3812920250172893,1,31
EleutherAI/pythia-410m,Number,zero,Sing+Plur,22,1024,784,3,10,0.9430230077152876,0.037984942117585525,0.01899205016712699,False,,,1,2
EleutherAI/pythia-410m,Tense,regular,Pres+Past,22,1024,11551,81,10,0.8918190293228137,0.02355200146149687,0.08462896921568949,True,0.04241448175610501,0.2784563928673218,1,21
EleutherAI/pythia-410m,Tense,zero,Pres+Past,22,1024,352,4,10,0.8916673509407228,0.07273840853530163,0.03559424052397557,True,0.02305490548623658,0.04224103054053265,1,3
EleutherAI/pythia-410m,Number,regular,Sing+Plur,23,1024,36832,199,10,0.8129069877727736,0.06128160346442123,0.12581140876280517,True,0.01758320137084716,0.34759945739606,1,39
EleutherAI/pythia-410m,Number,zero,Sing+Plur,23,1024,784,3,10,0.9313671668925114,0.04333568555664589,0.025297147550842565,False,,,1,2
EleutherAI/pythia-410m,Tense,regular,Pres+Past,23,1024,11551,81,10,0.8861101558103599,0.02645160312731838,0.08743824106232173,True,0.05324310318992678,0.2738857754418634,1,20
EleutherAI/pythia-410m,Tense,zero,Pres+Past,23,1024,352,4,10,0.8640247076039473,0.09073261704172603,0.04524267535432663,True,0.005983162558182858,0.029972654017309006,1,3
EleutherAI/pythia-410m,Number,regular,Sing+Plur,24,1024,36832,199,10,0.8135843900627032,0.06366590551283804,0.1227497044244586,True,0.008031272326830803,0.26473229036868384,1,63
EleutherAI/pythia-410m,Number,zero,Sing+Plur,24,1024,784,3,10,0.9306575006174194,0.04150418294515766,0.02783831643742305,False,,,1,2
EleutherAI/pythia-410m,Tense,regular,Pres+Past,24,1024,11551,81,10,0.8906408070323153,0.02539946650258775,0.08395972646509696,True,0.029453656191134863,0.2396345905477422,1,27
EleutherAI/pythia-410m,Tense,zero,Pres+Past,24,1024,352,4,10,0.8531939540487645,0.09623728004596203,0.05056876590527347,True,0.008005006384663444,0.031999290892299075,1,2
znhoughton/opt-babylm-350m-20eps-seed964,Number,regular,Sing+Plur,0,1024,36828,199,10,0.5927544781576795,0.03458854364300988,0.37265697819931065,True,0.006517342787777993,0.2902932271163134,1,73
znhoughton/opt-babylm-350m-20eps-seed964,Number,zero,Sing+Plur,0,1024,784,3,10,0.9936590536724476,0.006340946327552556,0.0,False,,,1,2
znhoughton/opt-babylm-350m-20eps-seed964,Tense,regular,Pres+Past,0,1024,11551,81,10,0.5756231893854389,0.06396452578615915,0.3604122848284018,True,0.004227048580412979,0.1686921273641873,1,55
znhoughton/opt-babylm-350m-20eps-seed964,Tense,zero,Pres+Past,0,1024,352,4,10,0.8240890883395292,0.08660306866913918,0.08930784299133161,True,0.00029252361924934965,0.1304953994279764,1,3
znhoughton/opt-babylm-350m-20eps-seed964,Number,regular,Sing+Plur,1,1024,36828,199,10,0.6215920818148214,0.04193247237741978,0.3364754458077589,True,0.0042669976454114324,0.2911427406544333,1,70
znhoughton/opt-babylm-350m-20eps-seed964,Number,zero,Sing+Plur,1,1024,784,3,10,0.9955851726773267,0.004414827322673257,0.0,False,,,1,2
znhoughton/opt-babylm-350m-20eps-seed964,Tense,regular,Pres+Past,1,1024,11551,81,10,0.6329894372515599,0.062404310239627565,0.3046062525088127,True,0.004824463653700501,0.17636500442519568,1,56
znhoughton/opt-babylm-350m-20eps-seed964,Tense,zero,Pres+Past,1,1024,352,4,10,0.8546211581264354,0.07267193964597939,0.07270690222758522,True,0.0005306227057056501,0.11502237117821688,1,3
znhoughton/opt-babylm-350m-20eps-seed964,Number,regular,Sing+Plur,2,1024,36828,199,10,0.6441231349441865,0.0469078916911935,0.3089689733646201,True,0.0050466424622512464,0.3411804431104335,1,60
znhoughton/opt-babylm-350m-20eps-seed964,Number,zero,Sing+Plur,2,1024,784,3,10,0.9962026030546115,0.003467420473439019,0.00032997647194951316,False,,,1,2
znhoughton/opt-babylm-350m-20eps-seed964,Tense,regular,Pres+Past,2,1024,11551,81,10,0.6759725900962942,0.059308781335903685,0.26471862856780215,True,0.005723296729327295,0.2035280340899551,1,51
znhoughton/opt-babylm-350m-20eps-seed964,Tense,zero,Pres+Past,2,1024,352,4,10,0.8783375985685834,0.06374276867812396,0.057919632753292684,True,0.0015220638558157687,0.09679296952567286,1,3
znhoughton/opt-babylm-350m-20eps-seed964,Number,regular,Sing+Plur,3,1024,36828,199,10,0.6601372856750496,0.050540718427219494,0.28932199589773105,True,0.005856278038124718,0.3847119298546749,1,54
znhoughton/opt-babylm-350m-20eps-seed964,Number,zero,Sing+Plur,3,1024,784,3,10,0.9960288641293858,0.0030725571916144943,0.0008985786789996684,False,,,1,2
znhoughton/opt-babylm-350m-20eps-seed964,Tense,regular,Pres+Past,3,1024,11551,81,10,0.7009670934496736,0.05973523888069054,0.23929766766963584,True,0.0065531619523597085,0.23498032488921702,1,47
znhoughton/opt-babylm-350m-20eps-seed964,Tense,zero,Pres+Past,3,1024,352,4,10,0.8951959888361176,0.05705054948156669,0.047753461682315625,True,0.002493022536602099,0.08591256634378534,1,3
znhoughton/opt-babylm-350m-20eps-seed964,Number,regular,Sing+Plur,4,1024,36828,199,10,0.6693820172825675,0.053108639673135054,0.27750934304429736,True,0.006220015121291045,0.4137107617860317,1,48
znhoughton/opt-babylm-350m-20eps-seed964,Number,zero,Sing+Plur,4,1024,784,3,10,0.9956279217554849,0.002975099148558382,0.001396979095956742,False,,,1,2
znhoughton/opt-babylm-350m-20eps-seed964,Tense,regular,Pres+Past,4,1024,11551,81,10,0.717398811180582,0.060847749685289644,0.2217534391341282,True,0.006767465274675953,0.25577465959040596,1,43
znhoughton/opt-babylm-350m-20eps-seed964,Tense,zero,Pres+Past,4,1024,352,4,10,0.9065954139322291,0.0542609307006965,0.03914365536707439,True,0.0020028991050374738,0.07763832498293316,1,3
znhoughton/opt-babylm-350m-20eps-seed964,Number,regular,Sing+Plur,5,1024,36828,199,10,0.6757798691124988,0.05511606371378849,0.2691040671737128,True,0.006645946370727711,0.43587722557079,1,45
znhoughton/opt-babylm-350m-20eps-seed964,Number,zero,Sing+Plur,5,1024,784,3,10,0.9954173640579016,0.0029982842784924877,0.0015843516636058568,False,,,1,2
znhoughton/opt-babylm-350m-20eps-seed964,Tense,regular,Pres+Past,5,1024,11551,81,10,0.7291088558780816,0.061467861300652855,0.2094232828212655,True,0.006475908547950901,0.27500121657765164,1,40
znhoughton/opt-babylm-350m-20eps-seed964,Tense,zero,Pres+Past,5,1024,352,4,10,0.9128798022501045,0.05202872501697828,0.03509147273291733,True,0.0031572068805872226,0.07803425764884137,1,3
znhoughton/opt-babylm-350m-20eps-seed964,Number,regular,Sing+Plur,6,1024,36828,199,10,0.681399067155498,0.05624789650805254,0.26235303633644935,True,0.006434613252831961,0.45023546364795425,1,42
znhoughton/opt-babylm-350m-20eps-seed964,Number,zero,Sing+Plur,6,1024,784,3,10,0.9956961230741133,0.0028951893404145683,0.0014086875854722666,False,,,1,2
znhoughton/opt-babylm-350m-20eps-seed964,Tense,regular,Pres+Past,6,1024,11551,81,10,0.7395483368146898,0.060720901785347545,0.19973076139996276,True,0.006420804821187346,0.2989212544887656,1,38
znhoughton/opt-babylm-350m-20eps-seed964,Tense,zero,Pres+Past,6,1024,352,4,10,0.918956215263748,0.04916774586626842,0.031876038869983477,True,0.004211681650998119,0.07226691310159035,1,3
znhoughton/opt-babylm-350m-20eps-seed964,Number,regular,Sing+Plur,7,1024,36828,199,10,0.6827005200143081,0.05860116727960847,0.2586983127060833,True,0.006881729650872518,0.4692742443257534,1,39
znhoughton/opt-babylm-350m-20eps-seed964,Number,zero,Sing+Plur,7,1024,784,3,10,0.9958230539472923,0.002800081756634878,0.0013768642960726844,False,,,1,2
znhoughton/opt-babylm-350m-20eps-seed964,Tense,regular,Pres+Past,7,1024,11551,81,10,0.7474603826719347,0.05975564410679348,0.19278397322127183,True,0.006638481894857294,0.3058274527217241,1,36
znhoughton/opt-babylm-350m-20eps-seed964,Tense,zero,Pres+Past,7,1024,352,4,10,0.9238938827574785,0.0469804909657137,0.02912562627680786,True,0.003321303502733797,0.07445516468142681,1,3
znhoughton/opt-babylm-350m-20eps-seed964,Number,regular,Sing+Plur,8,1024,36828,199,10,0.6855299207918537,0.05850252136688391,0.25596755784126235,True,0.007033444423800901,0.48287883162361317,1,37
znhoughton/opt-babylm-350m-20eps-seed964,Number,zero,Sing+Plur,8,1024,784,3,10,0.9965454310856736,0.002584294141785991,0.000870274772540292,False,,,1,2
znhoughton/opt-babylm-350m-20eps-seed964,Tense,regular,Pres+Past,8,1024,11551,81,10,0.7537501597549033,0.059739011218142575,0.18651082902695426,True,0.007195695902572592,0.31802611513129847,1,35
znhoughton/opt-babylm-350m-20eps-seed964,Tense,zero,Pres+Past,8,1024,352,4,10,0.9250373539801092,0.04613301629851238,0.028829629721378314,True,0.002957007099237154,0.06975858095720089,1,3
znhoughton/opt-babylm-350m-20eps-seed964,Number,regular,Sing+Plur,9,1024,36828,199,10,0.6867276218001975,0.060978397224025496,0.2522939809757771,True,0.007170997510983301,0.4990515382732625,1,36
znhoughton/opt-babylm-350m-20eps-seed964,Number,zero,Sing+Plur,9,1024,784,3,10,0.9962765695281702,0.0024295892019432835,0.0012938412698865838,False,,,1,2
znhoughton/opt-babylm-350m-20eps-seed964,Tense,regular,Pres+Past,9,1024,11551,81,10,0.7589091348761452,0.061023046669269276,0.18006781845458555,True,0.007259700695724694,0.328792675933303,1,33
znhoughton/opt-babylm-350m-20eps-seed964,Tense,zero,Pres+Past,9,1024,352,4,10,0.929534819195151,0.04394690723263547,0.026518273572213542,True,0.0019310745430282936,0.06535142515939137,1,3
znhoughton/opt-babylm-350m-20eps-seed964,Number,regular,Sing+Plur,10,1024,36828,199,10,0.6882020614673587,0.061544669240535456,0.2502532692921058,True,0.007286961014245562,0.5063512620764421,1,35
znhoughton/opt-babylm-350m-20eps-seed964,Number,zero,Sing+Plur,10,1024,784,3,10,0.9962547232498675,0.0024465206927464615,0.0012987560573860528,False,,,1,2
znhoughton/opt-babylm-350m-20eps-seed964,Tense,regular,Pres+Past,10,1024,11551,81,10,0.762436415846239,0.061187928178118224,0.17637565597564278,True,0.006955288849047681,0.33660257787523057,1,32
znhoughton/opt-babylm-350m-20eps-seed964,Tense,zero,Pres+Past,10,1024,352,4,10,0.9318710092147577,0.04230645024480374,0.025822540540438532,True,0.0020311968210999323,0.061243511371316804,1,3
znhoughton/opt-babylm-350m-20eps-seed964,Number,regular,Sing+Plur,11,1024,36828,199,10,0.6896659391900417,0.062218268118568495,0.24811579269138978,True,0.007294529475304022,0.5007893172442823,1,34
znhoughton/opt-babylm-350m-20eps-seed964,Number,zero,Sing+Plur,11,1024,784,3,10,0.9961744568861177,0.0023960891755327213,0.0014294539383495537,False,,,1,2
znhoughton/opt-babylm-350m-20eps-seed964,Tense,regular,Pres+Past,11,1024,11551,81,10,0.7651792097528525,0.06212547390158809,0.17269531634555943,True,0.0067641845350561065,0.34285340453545,1,31
znhoughton/opt-babylm-350m-20eps-seed964,Tense,zero,Pres+Past,11,1024,352,4,10,0.9328984862691565,0.042240011155677756,0.024861502575165742,True,0.0019878954256279152,0.06522863306774988,1,3
znhoughton/opt-babylm-350m-20eps-seed964,Number,regular,Sing+Plur,12,1024,36828,199,10,0.688780424915821,0.06489736001038011,0.2463222150737989,True,0.007241202324328437,0.4961053519410583,1,34
znhoughton/opt-babylm-350m-20eps-seed964,Number,zero,Sing+Plur,12,1024,784,3,10,0.9963445840079459,0.0024884308340898443,0.0011669851579642772,False,,,1,2
znhoughton/opt-babylm-350m-20eps-seed964,Tense,regular,Pres+Past,12,1024,11551,81,10,0.7679383700678137,0.06271081820284746,0.16935081172933883,True,0.006621238012599437,0.3368299848472753,1,31
znhoughton/opt-babylm-350m-20eps-seed964,Tense,zero,Pres+Past,12,1024,352,4,10,0.934261937242048,0.04169451373600513,0.024043549021946928,True,0.0013698101691353704,0.0605824539437956,1,3
znhoughton/opt-babylm-350m-20eps-seed964,Number,regular,Sing+Plur,13,1024,36828,199,10,0.6890325808699551,0.06911533218629078,0.2418520869437541,True,0.007812200403199402,0.49541406689783823,1,32
znhoughton/opt-babylm-350m-20eps-seed964,Number,zero,Sing+Plur,13,1024,784,3,10,0.9964405458816673,0.002446557675624507,0.0011128964427081969,False,,,1,2
znhoughton/opt-babylm-350m-20eps-seed964,Tense,regular,Pres+Past,13,1024,11551,81,10,0.7741942151581228,0.06213469455641003,0.16367109028546709,True,0.0070292776573098615,0.33319019223058816,1,30
znhoughton/opt-babylm-350m-20eps-seed964,Tense,zero,Pres+Past,13,1024,352,4,10,0.9342191085595452,0.042780843521493576,0.0230000479189612,True,0.0017014401049294653,0.06884993586295154,1,3
znhoughton/opt-babylm-350m-20eps-seed964,Number,regular,Sing+Plur,14,1024,36828,199,10,0.6875722029045286,0.07511625514313462,0.23731154195233684,True,0.008724885202035168,0.48876666766221316,1,32
znhoughton/opt-babylm-350m-20eps-seed964,Number,zero,Sing+Plur,14,1024,784,3,10,0.9966833030454975,0.0026463111234197845,0.0006703858310827537,False,,,1,2
znhoughton/opt-babylm-350m-20eps-seed964,Tense,regular,Pres+Past,14,1024,11551,81,10,0.7757206066718778,0.06465659372150133,0.15962279960662082,True,0.006779553953977262,0.3269494137422509,1,30
znhoughton/opt-babylm-350m-20eps-seed964,Tense,zero,Pres+Past,14,1024,352,4,10,0.9355138234434768,0.04265642028640902,0.02182975627011409,True,0.0022138587079778738,0.0720391256023466,1,3
znhoughton/opt-babylm-350m-20eps-seed964,Number,regular,Sing+Plur,15,1024,36828,199,10,0.6855756852655058,0.08119651824736085,0.23322779648713335,True,0.009277109266363857,0.48592680562243856,1,33
znhoughton/opt-babylm-350m-20eps-seed964,Number,zero,Sing+Plur,15,1024,784,3,10,0.9967404969943296,0.0027019299628353766,0.0005575730428349059,False,,,1,2
znhoughton/opt-babylm-350m-20eps-seed964,Tense,regular,Pres+Past,15,1024,11551,81,10,0.7804427512106766,0.06363502432940338,0.15592222445992007,True,0.006191594200183946,0.33572849506047636,1,30
znhoughton/opt-babylm-350m-20eps-seed964,Tense,zero,Pres+Past,15,1024,352,4,10,0.9383840162702098,0.04095472904053277,0.02066125468925744,True,0.002273791918802036,0.07874261785644901,1,3
znhoughton/opt-babylm-350m-20eps-seed964,Number,regular,Sing+Plur,16,1024,36828,199,10,0.6834947771314517,0.0871013750653684,0.22940384780317993,True,0.009284471156369739,0.48387341385428706,1,34
znhoughton/opt-babylm-350m-20eps-seed964,Number,zero,Sing+Plur,16,1024,784,3,10,0.9973338009259629,0.002484836297961804,0.0001813627760753954,False,,,1,2
znhoughton/opt-babylm-350m-20eps-seed964,Tense,regular,Pres+Past,16,1024,11551,81,10,0.7864022282606387,0.06199440476926629,0.15160336697009505,True,0.005717563416224639,0.3251565357610103,1,30
znhoughton/opt-babylm-350m-20eps-seed964,Tense,zero,Pres+Past,16,1024,352,4,10,0.9382050713943431,0.04139950267600131,0.020395425929655518,True,0.0030615912083061083,0.08188424046685007,1,3
znhoughton/opt-babylm-350m-20eps-seed964,Number,regular,Sing+Plur,17,1024,36828,199,10,0.6823752668325707,0.09209793287443299,0.22552680029299632,True,0.009265449274193533,0.47350195728878114,1,34
znhoughton/opt-babylm-350m-20eps-seed964,Number,zero,Sing+Plur,17,1024,784,3,10,0.9975704868490962,0.0024295131509037226,0.0,False,,,1,2
znhoughton/opt-babylm-350m-20eps-seed964,Tense,regular,Pres+Past,17,1024,11551,81,10,0.7879078470646836,0.06344370757335066,0.1486484453619657,True,0.005034902735444877,0.325120393023653,1,30
znhoughton/opt-babylm-350m-20eps-seed964,Tense,zero,Pres+Past,17,1024,352,4,10,0.9389107492792323,0.04078534436790708,0.020303906352860543,True,0.0034487225798342973,0.08727006541964713,1,3
znhoughton/opt-babylm-350m-20eps-seed964,Number,regular,Sing+Plur,18,1024,36828,199,10,0.6798013876863929,0.0979996270080535,0.22219898530555363,True,0.009036239331532721,0.4651848703638093,1,36
znhoughton/opt-babylm-350m-20eps-seed964,Number,zero,Sing+Plur,18,1024,784,3,10,0.9974997807867712,0.002500219213228801,0.0,False,,,1,2
znhoughton/opt-babylm-350m-20eps-seed964,Tense,regular,Pres+Past,18,1024,11551,81,10,0.7892586198275552,0.06456509540663052,0.1461762847658142,True,0.004904328959559969,0.3290728134821854,1,30
znhoughton/opt-babylm-350m-20eps-seed964,Tense,zero,Pres+Past,18,1024,352,4,10,0.9381387484096811,0.04157395184532556,0.020287299744993312,True,0.002842753436823027,0.08673155018710767,1,3
znhoughton/opt-babylm-350m-20eps-seed964,Number,regular,Sing+Plur,19,1024,36828,199,10,0.6773761356018684,0.10046755506680838,0.22215630933132333,True,0.009104695158275885,0.4521324342698834,1,37
znhoughton/opt-babylm-350m-20eps-seed964,Number,zero,Sing+Plur,19,1024,784,3,10,0.99737683613541,0.0026231638645900423,0.0,False,,,1,2
znhoughton/opt-babylm-350m-20eps-seed964,Tense,regular,Pres+Past,19,1024,11551,81,10,0.7880912845730738,0.06503223391531181,0.14687648151161442,True,0.0051126118158738324,0.31754473672851014,1,30
znhoughton/opt-babylm-350m-20eps-seed964,Tense,zero,Pres+Past,19,1024,352,4,10,0.9357662259245775,0.04359147496477076,0.020642299110651765,True,0.0024683374136391886,0.0901666983132493,1,3
znhoughton/opt-babylm-350m-20eps-seed964,Number,regular,Sing+Plur,20,1024,36828,199,10,0.6790528158278448,0.10199445926399936,0.21895272490815576,True,0.008827718522293769,0.4290738809681064,1,39
znhoughton/opt-babylm-350m-20eps-seed964,Number,zero,Sing+Plur,20,1024,784,3,10,0.995676710058853,0.004323289941146929,0.0,False,,,1,2
znhoughton/opt-babylm-350m-20eps-seed964,Tense,regular,Pres+Past,20,1024,11551,81,10,0.788831753258776,0.0661588911276926,0.1450093556135315,True,0.0049836942782283435,0.2970972418426741,1,30
znhoughton/opt-babylm-350m-20eps-seed964,Tense,zero,Pres+Past,20,1024,352,4,10,0.9276319256780655,0.052341858587199815,0.020026215734734704,True,0.002683799184848265,0.09169904182293058,1,3
znhoughton/opt-babylm-350m-20eps-seed964,Number,regular,Sing+Plur,21,1024,36828,199,10,0.6843418224341205,0.09563697390240782,0.22002120366347175,True,0.007372897438064743,0.38140344860274894,1,47
znhoughton/opt-babylm-350m-20eps-seed964,Number,zero,Sing+Plur,21,1024,784,3,10,0.9923288708724598,0.007671129127540169,0.0,False,,,1,2
znhoughton/opt-babylm-350m-20eps-seed964,Tense,regular,Pres+Past,21,1024,11551,81,10,0.7875071905273396,0.06650758930336917,0.1459852201692911,True,0.0045616556562658025,0.2574315186268322,1,32
znhoughton/opt-babylm-350m-20eps-seed964,Tense,zero,Pres+Past,21,1024,352,4,10,0.9120929499802506,0.06155576605156626,0.026351283968183124,True,0.0040266216983218936,0.07121684164636767,1,3
znhoughton/opt-babylm-350m-20eps-seed964,Number,regular,Sing+Plur,22,1024,36828,199,10,0.6907083811540267,0.0926632607889671,0.21662835805700625,True,0.00684108897411037,0.35630324940652053,1,54
znhoughton/opt-babylm-350m-20eps-seed964,Number,zero,Sing+Plur,22,1024,784,3,10,0.9889447427781107,0.011055257221889362,0.0,False,,,1,2
znhoughton/opt-babylm-350m-20eps-seed964,Tense,regular,Pres+Past,22,1024,11551,81,10,0.8024881605543406,0.05912160522113947,0.13839023422452007,True,0.004067697691522613,0.23528414854074556,1,32
znhoughton/opt-babylm-350m-20eps-seed964,Tense,zero,Pres+Past,22,1024,352,4,10,0.894834430919452,0.07099642957519722,0.034169139505350825,True,0.005597588446688173,0.058979649847823314,1,3
znhoughton/opt-babylm-350m-20eps-seed964,Number,regular,Sing+Plur,23,1024,36828,199,10,0.6874360212360792,0.09692241043497885,0.21564156832894188,True,0.007245768214969013,0.32206944290396383,1,61
znhoughton/opt-babylm-350m-20eps-seed964,Number,zero,Sing+Plur,23,1024,784,3,10,0.9863509164952504,0.013649083504749686,0.0,False,,,1,2
znhoughton/opt-babylm-350m-20eps-seed964,Tense,regular,Pres+Past,23,1024,11551,81,10,0.8112008916654122,0.05220307676142101,0.13659603157316674,True,0.006667575804439115,0.22913206102900618,1,33
znhoughton/opt-babylm-350m-20eps-seed964,Tense,zero,Pres+Past,23,1024,352,4,10,0.87876847272631,0.08288912827000251,0.03834239900368749,True,0.008638594538531403,0.0747817398798691,1,3
znhoughton/opt-babylm-350m-20eps-seed964,Number,regular,Sing+Plur,24,1024,36828,199,10,0.6802138096074223,0.10033732103075568,0.219448869361822,True,0.008128383179293527,0.3106451154634008,1,64
znhoughton/opt-babylm-350m-20eps-seed964,Number,zero,Sing+Plur,24,1024,784,3,10,0.9849882551489402,0.015011744851059827,0.0,False,,,1,2
znhoughton/opt-babylm-350m-20eps-seed964,Tense,regular,Pres+Past,24,1024,11551,81,10,0.815749707982052,0.04580671645446075,0.13844357556348727,True,0.009229553149617858,0.22832653349690565,1,34
znhoughton/opt-babylm-350m-20eps-seed964,Tense,zero,Pres+Past,24,1024,352,4,10,0.8654039867615029,0.09296997926221756,0.041626033976279585,True,0.010267226323025114,0.08426896506828942,1,3
EleutherAI/pythia-1.4b,Number,regular,Sing+Plur,0,2048,36832,199,10,0.7905539732184652,0.012650845244549975,0.19679518153698486,True,,0.08644089602072644,1,158
EleutherAI/pythia-1.4b,Number,zero,Sing+Plur,0,2048,784,3,10,0.9992517012540146,0.0007482987459854501,0.0,False,,,1,2
EleutherAI/pythia-1.4b,Tense,regular,Pres+Past,0,2048,11551,81,10,0.7954558303319388,0.019196932249836828,0.18534723741822431,True,,0.07161849393858283,1,68
EleutherAI/pythia-1.4b,Tense,zero,Pres+Past,0,2048,352,4,10,0.9124313175792171,0.03287014871284462,0.054698533707938216,True,0.0005649233628178185,0.07181132179211173,1,3
EleutherAI/pythia-1.4b,Number,regular,Sing+Plur,1,2048,36832,199,10,0.8907367708286755,0.015768138302078606,0.09349509086924566,True,,0.10791656360223734,1,118
EleutherAI/pythia-1.4b,Number,zero,Sing+Plur,1,2048,784,3,10,0.99385277873389,0.003643340272663993,0.002503880993445999,False,,,1,2
EleutherAI/pythia-1.4b,Tense,regular,Pres+Past,1,2048,11551,81,10,0.9042643306050695,0.02122453644448421,0.07451113295044622,True,0.00043519774497060307,0.06917456295808168,1,51
EleutherAI/pythia-1.4b,Tense,zero,Pres+Past,1,2048,352,4,10,0.9590911410454853,0.022736717381096002,0.018172141573418735,False,0.00043521766084787995,,1,3
EleutherAI/pythia-1.4b,Number,regular,Sing+Plur,2,2048,36832,199,10,0.8964165537865267,0.01498267473088668,0.08860077148258647,True,,0.10430280642045003,1,120
EleutherAI/pythia-1.4b,Number,zero,Sing+Plur,2,2048,784,3,10,0.9898462448602239,0.007616173794234894,0.0025375813455411423,False,,,1,2
EleutherAI/pythia-1.4b,Tense,regular,Pres+Past,2,2048,11551,81,10,0.9030004589874672,0.024261816456515827,0.0727377245560169,True,0.0004874258180867504,0.07267927315780522,1,44
EleutherAI/pythia-1.4b,Tense,zero,Pres+Past,2,2048,352,4,10,0.9449417504111298,0.03540763233587717,0.01965061725299305,False,0.0003521421431351836,,1,3
EleutherAI/pythia-1.4b,Number,regular,Sing+Plur,3,2048,36832,199,10,0.8876705694730816,0.020422232924640748,0.09190719760227753,True,0.0006126648712256967,0.11587534304217259,1,117
EleutherAI/pythia-1.4b,Number,zero,Sing+Plur,3,2048,784,3,10,0.9842605431488164,0.011066598990625794,0.004672857860557814,False,,,1,2
EleutherAI/pythia-1.4b,Tense,regular,Pres+Past,3,2048,11551,81,10,0.899676156412987,0.025197329683412633,0.07512651390360041,True,0.00031225050244839563,0.07084126458084901,1,42
EleutherAI/pythia-1.4b,Tense,zero,Pres+Past,3,2048,352,4,10,0.932832516993111,0.04400754544062413,0.023159937566264895,True,0.001212470495764876,0.010893269173005645,1,3
EleutherAI/pythia-1.4b,Number,regular,Sing+Plur,4,2048,36832,199,10,0.8785228656671011,0.01924880765482695,0.10222832667807197,True,,0.24307608975107847,1,29
EleutherAI/pythia-1.4b,Number,zero,Sing+Plur,4,2048,784,3,10,0.9676613355524526,0.017051592652061284,0.015287071795486135,False,,,1,2
EleutherAI/pythia-1.4b,Tense,regular,Pres+Past,4,2048,11551,81,10,0.8971400063003248,0.028490077330145913,0.07436991636952928,True,0.00108777955284548,0.10172086558129935,1,34
EleutherAI/pythia-1.4b,Tense,zero,Pres+Past,4,2048,352,4,10,0.9297827436521251,0.04540477712963364,0.024812479218241198,True,0.0012887212411272133,0.011702678291866607,1,3
EleutherAI/pythia-1.4b,Number,regular,Sing+Plur,5,2048,36832,199,10,0.8785700625895299,0.020981717008671987,0.10044822040179811,True,0.0008947276253882492,0.23607875027052985,1,35
EleutherAI/pythia-1.4b,Number,zero,Sing+Plur,5,2048,784,3,10,0.9658709700592156,0.019314192151001344,0.01481483778978297,False,,,1,2
EleutherAI/pythia-1.4b,Tense,regular,Pres+Past,5,2048,11551,81,10,0.9001726504762733,0.025142326798778182,0.07468502272494855,True,0.000711291937918693,0.09692694505153748,1,34
EleutherAI/pythia-1.4b,Tense,zero,Pres+Past,5,2048,352,4,10,0.9174971872183603,0.054741371586642315,0.027761441194997426,True,0.0006876414463935508,0.011981614666004078,1,3
EleutherAI/pythia-1.4b,Number,regular,Sing+Plur,6,2048,36832,199,10,0.8720976620481373,0.024747442446655516,0.10315489550520715,True,0.001049457971289802,0.239297129151444,1,37
EleutherAI/pythia-1.4b,Number,zero,Sing+Plur,6,2048,784,3,10,0.961768159213088,0.020814265311561306,0.017417575475350534,False,,,1,2
EleutherAI/pythia-1.4b,Tense,regular,Pres+Past,6,2048,11551,81,10,0.9023217872314311,0.02423646652095889,0.07344174624760995,True,0.0008441125072365455,0.10004426938602458,1,36
EleutherAI/pythia-1.4b,Tense,zero,Pres+Past,6,2048,352,4,10,0.9127670245815258,0.058806137537458135,0.028426837881016166,True,0.0013193126061197577,0.011459164419216848,1,3
EleutherAI/pythia-1.4b,Number,regular,Sing+Plur,7,2048,36832,199,10,0.8760351713211204,0.020163012348164026,0.1038018163307156,True,0.0011879478969834534,0.23974410388890205,1,39
EleutherAI/pythia-1.4b,Number,zero,Sing+Plur,7,2048,784,3,10,0.960937763661218,0.023056640079603147,0.016005596259178904,False,,,1,2
EleutherAI/pythia-1.4b,Tense,regular,Pres+Past,7,2048,11551,81,10,0.907645031397239,0.02147288121188344,0.07088208739087769,True,0.0008688234623359475,0.09913349611651684,1,36
EleutherAI/pythia-1.4b,Tense,zero,Pres+Past,7,2048,352,4,10,0.908651570872119,0.06035898692364245,0.030989442204238497,True,0.0014602461123831931,0.012801993620456344,1,3
EleutherAI/pythia-1.4b,Number,regular,Sing+Plur,8,2048,36832,199,10,0.8672144171903573,0.028189464089178547,0.10459611872046429,True,0.0011511474691854122,0.23458485678679375,1,43
EleutherAI/pythia-1.4b,Number,zero,Sing+Plur,8,2048,784,3,10,0.9619193553627595,0.02466933449600161,0.013411310141238893,False,,,1,2
EleutherAI/pythia-1.4b,Tense,regular,Pres+Past,8,2048,11551,81,10,0.8983729863618283,0.027079151224182134,0.07454786241398964,True,0.000830150714724478,0.10055642059670053,1,36
EleutherAI/pythia-1.4b,Tense,zero,Pres+Past,8,2048,352,4,10,0.9030900336987665,0.06740882680490329,0.02950113949633015,True,0.0010294873535364076,0.01386059559045436,1,3
EleutherAI/pythia-1.4b,Number,regular,Sing+Plur,9,2048,36832,199,10,0.8632078792003047,0.03728694288414526,0.09950517791555004,True,0.0011019246015661368,0.23450621464118093,1,46
EleutherAI/pythia-1.4b,Number,zero,Sing+Plur,9,2048,784,3,10,0.9586978629755335,0.027735698836276735,0.013566438188189811,False,,,1,2
EleutherAI/pythia-1.4b,Tense,regular,Pres+Past,9,2048,11551,81,10,0.904461688390874,0.02557928835443606,0.06995902325468986,True,0.0008932345141815136,0.0991601429178295,1,36
EleutherAI/pythia-1.4b,Tense,zero,Pres+Past,9,2048,352,4,10,0.9054621289483316,0.06668809283320593,0.02784977821846255,True,0.0008918528959960867,0.013035142815968126,1,3
EleutherAI/pythia-1.4b,Number,regular,Sing+Plur,10,2048,36832,199,10,0.8706991033249846,0.03178251123437108,0.09751838544064423,True,0.0009940581497075768,0.22829201155183285,1,47
EleutherAI/pythia-1.4b,Number,zero,Sing+Plur,10,2048,784,3,10,0.9609748162906876,0.026683325030943388,0.012341858678369105,False,,,1,2
EleutherAI/pythia-1.4b,Tense,regular,Pres+Past,10,2048,11551,81,10,0.9022983167366927,0.02942167519902334,0.06828000806428403,True,0.0010276331694341633,0.1024185329636371,1,35
EleutherAI/pythia-1.4b,Tense,zero,Pres+Past,10,2048,352,4,10,0.8999997884912131,0.07065811545983895,0.029342096048948003,True,0.0009444577862267706,0.012187823632768248,1,3
EleutherAI/pythia-1.4b,Number,regular,Sing+Plur,11,2048,36832,199,10,0.875421069035304,0.031118832831194067,0.09346009813350185,True,0.0011752602292138617,0.22612052638372598,1,50
EleutherAI/pythia-1.4b,Number,zero,Sing+Plur,11,2048,784,3,10,0.9602085904637853,0.02584165086462224,0.013949758671592422,False,,,1,2
EleutherAI/pythia-1.4b,Tense,regular,Pres+Past,11,2048,11551,81,10,0.9090792833739842,0.025881354409647034,0.0650393622163687,True,0.0009879866217048637,0.10471109895411052,1,35
EleutherAI/pythia-1.4b,Tense,zero,Pres+Past,11,2048,352,4,10,0.9078777022669058,0.06442800397074912,0.027694293762345074,True,0.0007096544851138254,0.009799297687902083,1,3
EleutherAI/pythia-1.4b,Number,regular,Sing+Plur,12,2048,36832,199,10,0.878764371534434,0.031253889552238845,0.08998173891332727,True,0.0011229112498194944,0.22228454059120836,1,53
EleutherAI/pythia-1.4b,Number,zero,Sing+Plur,12,2048,784,3,10,0.9615971844805973,0.02556306489085768,0.012839750628545126,False,,,1,2
EleutherAI/pythia-1.4b,Tense,regular,Pres+Past,12,2048,11551,81,10,0.915366276572312,0.02397037685917654,0.06066334656851151,True,0.00103243553434314,0.10756357905067784,1,35
EleutherAI/pythia-1.4b,Tense,zero,Pres+Past,12,2048,352,4,10,0.9188036901812578,0.05636357847229104,0.024832731346451142,True,0.001006490015073525,0.011549957299169631,1,3
EleutherAI/pythia-1.4b,Number,regular,Sing+Plur,13,2048,36832,199,10,0.8731168529995258,0.03817809794619775,0.08870504905427638,True,0.00114099246308212,0.220992605000692,1,56
EleutherAI/pythia-1.4b,Number,zero,Sing+Plur,13,2048,784,3,10,0.9589386435884139,0.02680652917967294,0.014254827231913191,False,,,1,2
EleutherAI/pythia-1.4b,Tense,regular,Pres+Past,13,2048,11551,81,10,0.9175791631619028,0.023068242807418197,0.05935259403067908,True,0.0011183022499428297,0.11387147064709244,1,34
EleutherAI/pythia-1.4b,Tense,zero,Pres+Past,13,2048,352,4,10,0.9213701264488507,0.05400279622147912,0.024627077329670198,True,0.0013664798318704303,0.011265112173708718,1,3
EleutherAI/pythia-1.4b,Number,regular,Sing+Plur,14,2048,36832,199,10,0.8787807359530805,0.03068129816382715,0.09053796588309233,True,0.001230165117454157,0.220548545479988,1,56
EleutherAI/pythia-1.4b,Number,zero,Sing+Plur,14,2048,784,3,10,0.9562964604886356,0.026470080083818,0.017233459427546446,False,,,1,2
EleutherAI/pythia-1.4b,Tense,regular,Pres+Past,14,2048,11551,81,10,0.9172268075917609,0.02280765845691499,0.05996553395132402,True,0.0017861449585653423,0.1245718654698899,1,33
EleutherAI/pythia-1.4b,Tense,zero,Pres+Past,14,2048,352,4,10,0.927224134352057,0.04926589713373513,0.023509968514207877,True,0.0006612368890992793,0.012719301629773184,1,3
EleutherAI/pythia-1.4b,Number,regular,Sing+Plur,15,2048,36832,199,10,0.8685271715735502,0.03837168478821954,0.0931011436382301,True,0.0016777386320776626,0.2256271325138525,1,57
EleutherAI/pythia-1.4b,Number,zero,Sing+Plur,15,2048,784,3,10,0.9513296522938385,0.027291269928211015,0.021379077777950416,False,,,1,2
EleutherAI/pythia-1.4b,Tense,regular,Pres+Past,15,2048,11551,81,10,0.9195157143156063,0.020390029058746217,0.06009425662564755,True,0.0024564104924295342,0.13596576845818986,1,32
EleutherAI/pythia-1.4b,Tense,zero,Pres+Past,15,2048,352,4,10,0.9294944275058578,0.047389574502472186,0.023115997991670054,True,0.0007131346810674442,0.017599704351830225,1,3
EleutherAI/pythia-1.4b,Number,regular,Sing+Plur,16,2048,36832,199,10,0.8651841416321777,0.0391064630298894,0.09570939533793286,True,0.0015273993052105827,0.21964422678934875,1,62
EleutherAI/pythia-1.4b,Number,zero,Sing+Plur,16,2048,784,3,10,0.9512148801853517,0.028560761228627555,0.020224358586020733,False,,,1,2
EleutherAI/pythia-1.4b,Tense,regular,Pres+Past,16,2048,11551,81,10,0.9169130661842361,0.019838435734901017,0.06324849808086294,True,,0.14516605838314742,1,31
EleutherAI/pythia-1.4b,Tense,zero,Pres+Past,16,2048,352,4,10,0.9272439988185912,0.04827580823895015,0.02448019294245866,True,0.0007749468820033174,0.015444789246317727,1,3
EleutherAI/pythia-1.4b,Number,regular,Sing+Plur,17,2048,36832,199,10,0.8629554745130423,0.038244127840657845,0.09880039764629976,True,0.0021640010385341247,0.22604933968807897,1,65
EleutherAI/pythia-1.4b,Number,zero,Sing+Plur,17,2048,784,3,10,0.9487302174585767,0.030198184797215123,0.02107159774420819,False,,,1,2
EleutherAI/pythia-1.4b,Tense,regular,Pres+Past,17,2048,11551,81,10,0.9148706727729872,0.019063307434567082,0.06606601979244572,True,,0.15602844548130756,1,31
EleutherAI/pythia-1.4b,Tense,zero,Pres+Past,17,2048,352,4,10,0.9247550292502409,0.049798581053657684,0.02544638969610157,True,0.0007841491897660128,0.01690208057065001,1,3
EleutherAI/pythia-1.4b,Number,regular,Sing+Plur,18,2048,36832,199,10,0.8595813331162507,0.03743581488821156,0.10298285199553776,True,0.002517614127900445,0.22607312245124397,1,66
EleutherAI/pythia-1.4b,Number,zero,Sing+Plur,18,2048,784,3,10,0.9472346787267585,0.03125516371978037,0.02151015755346111,False,,,1,2
EleutherAI/pythia-1.4b,Tense,regular,Pres+Past,18,2048,11551,81,10,0.9124636842786911,0.018864567570392052,0.06867174815091678,True,,0.1687673827403709,1,29
EleutherAI/pythia-1.4b,Tense,zero,Pres+Past,18,2048,352,4,10,0.9221737191275331,0.05250805003910783,0.025318230833359205,True,0.0012007798437010757,0.01849344810234811,1,3
EleutherAI/pythia-1.4b,Number,regular,Sing+Plur,19,2048,36832,199,10,0.8522576928416478,0.04008281567166382,0.10765949148668849,True,0.002733456999215672,0.23882124494002782,1,64
EleutherAI/pythia-1.4b,Number,zero,Sing+Plur,19,2048,784,3,10,0.942306203673462,0.032787965059354836,0.02490583126718324,False,,,1,2
EleutherAI/pythia-1.4b,Tense,regular,Pres+Past,19,2048,11551,81,10,0.9085926873304567,0.018625545729260833,0.07278176694028238,True,,0.1863250970030153,1,28
EleutherAI/pythia-1.4b,Tense,zero,Pres+Past,19,2048,352,4,10,0.9188622471682201,0.05417699146060382,0.02696076137117618,True,0.002004612779628723,0.01986449351771089,1,3
EleutherAI/pythia-1.4b,Number,regular,Sing+Plur,20,2048,36832,199,10,0.8476241800835382,0.040411973409557884,0.11196384650690397,True,0.0032616520722529305,0.24798990545721544,1,60
EleutherAI/pythia-1.4b,Number,zero,Sing+Plur,20,2048,784,3,10,0.9375002166955734,0.03483749625256766,0.027662287051858914,False,,,1,2
EleutherAI/pythia-1.4b,Tense,regular,Pres+Past,20,2048,11551,81,10,0.9018831331596534,0.0202437837649886,0.07787308307535802,True,0.01397734410807907,0.2073355578421373,1,25
EleutherAI/pythia-1.4b,Tense,zero,Pres+Past,20,2048,352,4,10,0.9125658143281663,0.0593545728638405,0.028079612807993256,True,0.003346023226963467,0.024607093954901623,1,3
EleutherAI/pythia-1.4b,Number,regular,Sing+Plur,21,2048,36832,199,10,0.8407518833307822,0.04264110436128764,0.11660701230793018,True,0.003780271089370139,0.2507282218882846,1,61
EleutherAI/pythia-1.4b,Number,zero,Sing+Plur,21,2048,784,3,10,0.9333974575195259,0.03778788303356804,0.028814659446906143,False,,,1,2
EleutherAI/pythia-1.4b,Tense,regular,Pres+Past,21,2048,11551,81,10,0.8993568862781118,0.020067622333427536,0.08057549138846075,True,0.015327857653266696,0.2117378997227624,1,26
EleutherAI/pythia-1.4b,Tense,zero,Pres+Past,21,2048,352,4,10,0.904897740839033,0.06271223317820163,0.03239002598276537,True,0.0032343476924487358,0.026366535660372253,1,3
EleutherAI/pythia-1.4b,Number,regular,Sing+Plur,22,2048,36832,199,10,0.8352098224079317,0.04382922530503361,0.12096095228703475,True,0.004136219185416565,0.25140841312168855,1,62
EleutherAI/pythia-1.4b,Number,zero,Sing+Plur,22,2048,784,3,10,0.9295081064820215,0.04040475579894149,0.030087137719036976,False,,,1,2
EleutherAI/pythia-1.4b,Tense,regular,Pres+Past,22,2048,11551,81,10,0.8953557999362882,0.020559996504833276,0.08408420355887866,True,0.01666619724927801,0.22045670953773314,1,25
EleutherAI/pythia-1.4b,Tense,zero,Pres+Past,22,2048,352,4,10,0.8954947280100894,0.06833728835709549,0.03616798363281515,True,0.00398066213965793,0.03113598179420417,1,3
EleutherAI/pythia-1.4b,Number,regular,Sing+Plur,23,2048,36832,199,10,0.826491902741469,0.04928646612721334,0.12422163113131762,True,0.0044874718955729065,0.24924611828354698,1,65
EleutherAI/pythia-1.4b,Number,zero,Sing+Plur,23,2048,784,3,10,0.930607241444394,0.042204621684961224,0.02718813687064476,False,,,1,2
EleutherAI/pythia-1.4b,Tense,regular,Pres+Past,23,2048,11551,81,10,0.891741847924107,0.021243657275019857,0.0870144948008731,True,0.019547308236347635,0.2215321220457408,1,25
EleutherAI/pythia-1.4b,Tense,zero,Pres+Past,23,2048,352,4,10,0.8864496879258419,0.07569086148099821,0.0378594505931599,True,0.00489074466039774,0.03356812785451346,1,3
EleutherAI/pythia-1.4b,Number,regular,Sing+Plur,24,2048,36832,199,10,0.8146850134793453,0.06125463919950392,0.12406034732115077,True,0.006876931470937884,0.23796395275689589,1,69
EleutherAI/pythia-1.4b,Number,zero,Sing+Plur,24,2048,784,3,10,0.9321470507032662,0.04612177904375778,0.02173117025297594,False,,,1,2
EleutherAI/pythia-1.4b,Tense,regular,Pres+Past,24,2048,11551,81,10,0.8937243503092831,0.0238890575877128,0.0823865921030042,True,0.024619821670288127,0.2164542878330358,1,30
EleutherAI/pythia-1.4b,Tense,zero,Pres+Past,24,2048,352,4,10,0.8504681843589119,0.10302382388090743,0.04650799176018074,True,0.0036782612502648045,0.03230195354915106,1,3
znhoughton/opt-babylm-1.3B-20eps-seed964,Number,regular,Sing+Plur,0,2048,36828,199,10,0.5786125781126442,0.021912151209992767,0.399475270677363,True,0.0034667521211051346,0.1772809614883326,1,112
znhoughton/opt-babylm-1.3B-20eps-seed964,Number,zero,Sing+Plur,0,2048,784,3,10,0.9887565122487224,0.01124348775127758,0.0,False,,,1,2
znhoughton/opt-babylm-1.3B-20eps-seed964,Tense,regular,Pres+Past,0,2048,11551,81,10,0.5708830230509646,0.03829263670034904,0.39082434024868645,True,0.0021040313543872306,0.1263903544790296,1,65
znhoughton/opt-babylm-1.3B-20eps-seed964,Tense,zero,Pres+Past,0,2048,352,4,10,0.8283830027984533,0.06711876643291194,0.10449823076863482,True,0.0004400509497330915,0.15951456953284093,1,3
znhoughton/opt-babylm-1.3B-20eps-seed964,Number,regular,Sing+Plur,1,2048,36828,199,10,0.697263633961243,0.06977640362639928,0.23295996241235767,True,0.008721674767313399,0.5885248474398629,1,35
znhoughton/opt-babylm-1.3B-20eps-seed964,Number,zero,Sing+Plur,1,2048,784,3,10,0.9946857884559549,0.004968087963708419,0.0003461235803366658,False,,,1,2
znhoughton/opt-babylm-1.3B-20eps-seed964,Tense,regular,Pres+Past,1,2048,11551,81,10,0.8077122399486728,0.05194741225555267,0.14034034779577462,True,0.008690787210324047,0.38385091751990835,1,32
znhoughton/opt-babylm-1.3B-20eps-seed964,Tense,zero,Pres+Past,1,2048,352,4,10,0.9399067818498112,0.04086006648700374,0.019233151663185052,False,0.0015134442527343721,,1,2
znhoughton/opt-babylm-1.3B-20eps-seed964,Number,regular,Sing+Plur,2,2048,36828,199,10,0.6965988615546821,0.07533107858326302,0.22807005986205484,True,0.008331797727056903,0.5782773297245069,1,34
znhoughton/opt-babylm-1.3B-20eps-seed964,Number,zero,Sing+Plur,2,2048,784,3,10,0.993410388838333,0.005167000009710099,0.001422611151956874,False,,,1,2
znhoughton/opt-babylm-1.3B-20eps-seed964,Tense,regular,Pres+Past,2,2048,11551,81,10,0.8108569738351621,0.054561267655418605,0.13458175850941928,True,0.007903005355848387,0.3819427246279109,1,31
znhoughton/opt-babylm-1.3B-20eps-seed964,Tense,zero,Pres+Past,2,2048,352,4,10,0.9415604093245132,0.04063216094851734,0.017807429726969328,False,0.0013930192214862767,,1,2
znhoughton/opt-babylm-1.3B-20eps-seed964,Number,regular,Sing+Plur,3,2048,36828,199,10,0.6975416840540021,0.07916850787949435,0.22328980806650353,True,0.007991903897062228,0.5559026995114391,1,35
znhoughton/opt-babylm-1.3B-20eps-seed964,Number,zero,Sing+Plur,3,2048,784,3,10,0.9928173623509745,0.007182637649025517,0.0,False,,,1,2
znhoughton/opt-babylm-1.3B-20eps-seed964,Tense,regular,Pres+Past,3,2048,11551,81,10,0.8133324620123561,0.05665009989632211,0.1300174380913218,True,0.006852881248963249,0.3506581327360796,1,31
znhoughton/opt-babylm-1.3B-20eps-seed964,Tense,zero,Pres+Past,3,2048,352,4,10,0.9385338944398092,0.04445887114357868,0.01700723441661215,False,0.002500284936325523,,1,3
znhoughton/opt-babylm-1.3B-20eps-seed964,Number,regular,Sing+Plur,4,2048,36828,199,10,0.7020049332838479,0.07138534796978409,0.22660971874636796,True,0.007246486464683116,0.4835310092513238,1,41
znhoughton/opt-babylm-1.3B-20eps-seed964,Number,zero,Sing+Plur,4,2048,784,3,10,0.9898346796595602,0.010165320340439725,0.0,False,,,1,2
znhoughton/opt-babylm-1.3B-20eps-seed964,Tense,regular,Pres+Past,4,2048,11551,81,10,0.8081303540163182,0.0564368863586673,0.1354327596250145,True,0.006538389650494682,0.2957467148770482,1,32
znhoughton/opt-babylm-1.3B-20eps-seed964,Tense,zero,Pres+Past,4,2048,352,4,10,0.9228935879203293,0.05301675999466166,0.024089652085009104,True,0.002863535032103867,0.08666652490528065,1,3
znhoughton/opt-babylm-1.3B-20eps-seed964,Number,regular,Sing+Plur,5,2048,36828,199,10,0.7069752741441001,0.06869986201332479,0.22432486384257513,True,0.00688022853963181,0.461949959827381,1,44
znhoughton/opt-babylm-1.3B-20eps-seed964,Number,zero,Sing+Plur,5,2048,784,3,10,0.9887129964780071,0.011287003521992977,0.0,False,,,1,2
znhoughton/opt-babylm-1.3B-20eps-seed964,Tense,regular,Pres+Past,5,2048,11551,81,10,0.8117715603178057,0.05480295134124892,0.13342548834094548,True,0.006246502662636367,0.27621124242924583,1,33
znhoughton/opt-babylm-1.3B-20eps-seed964,Tense,zero,Pres+Past,5,2048,352,4,10,0.9220592025673896,0.05417432925371949,0.02376646817889091,True,0.003020206510660859,0.0780803382757084,1,3
znhoughton/opt-babylm-1.3B-20eps-seed964,Number,regular,Sing+Plur,6,2048,36828,199,10,0.7065268329945947,0.06911386184139709,0.22435930516400823,True,0.006548233823572766,0.4445426710100932,1,47
znhoughton/opt-babylm-1.3B-20eps-seed964,Number,zero,Sing+Plur,6,2048,784,3,10,0.987549176408076,0.012450823591923888,0.0,False,,,1,2
znhoughton/opt-babylm-1.3B-20eps-seed964,Tense,regular,Pres+Past,6,2048,11551,81,10,0.8115522256715969,0.05475337008890428,0.13369440423949877,True,0.00594231649817381,0.2653129195706231,1,33
znhoughton/opt-babylm-1.3B-20eps-seed964,Tense,zero,Pres+Past,6,2048,352,4,10,0.9169357054831909,0.057764236971987626,0.025300057544821487,True,0.00330892987278576,0.07059608444242517,1,3
znhoughton/opt-babylm-1.3B-20eps-seed964,Number,regular,Sing+Plur,7,2048,36828,199,10,0.7070301217187169,0.06809090683830887,0.22487897144297422,True,0.00663118359319997,0.43505845351323774,1,49
znhoughton/opt-babylm-1.3B-20eps-seed964,Number,zero,Sing+Plur,7,2048,784,3,10,0.9866474536426436,0.013352546357356379,0.0,False,,,1,2
znhoughton/opt-babylm-1.3B-20eps-seed964,Tense,regular,Pres+Past,7,2048,11551,81,10,0.8114339906620515,0.054298778154842534,0.1342672311831061,True,0.005593672150478884,0.25972118427167823,1,34
znhoughton/opt-babylm-1.3B-20eps-seed964,Tense,zero,Pres+Past,7,2048,352,4,10,0.9168389331555412,0.0581916093008645,0.02496945754359418,True,0.0036619786388549505,0.06485080954239561,1,3
znhoughton/opt-babylm-1.3B-20eps-seed964,Number,regular,Sing+Plur,8,2048,36828,199,10,0.7060598612563344,0.06799965928014462,0.22594047946352117,True,0.00665386296854657,0.42626661006504285,1,51
znhoughton/opt-babylm-1.3B-20eps-seed964,Number,zero,Sing+Plur,8,2048,784,3,10,0.9862726762176005,0.013727323782399527,0.0,False,,,1,2
znhoughton/opt-babylm-1.3B-20eps-seed964,Tense,regular,Pres+Past,8,2048,11551,81,10,0.8130941308677707,0.05207688966863441,0.1348289794635949,True,0.0055270426132857705,0.24846773255047563,1,35
znhoughton/opt-babylm-1.3B-20eps-seed964,Tense,zero,Pres+Past,8,2048,352,4,10,0.9155155857357169,0.05821372912266121,0.026270685141621963,True,0.0040345997399404135,0.06548678350210414,1,3
znhoughton/opt-babylm-1.3B-20eps-seed964,Number,regular,Sing+Plur,9,2048,36828,199,10,0.7043863648398745,0.0693852614470538,0.22622837371307158,True,0.006756750254644502,0.4102304128547775,1,53
znhoughton/opt-babylm-1.3B-20eps-seed964,Number,zero,Sing+Plur,9,2048,784,3,10,0.9853418131884399,0.014658186811560099,0.0,False,,,1,2
znhoughton/opt-babylm-1.3B-20eps-seed964,Tense,regular,Pres+Past,9,2048,11551,81,10,0.8146428411981617,0.05019190354114074,0.13516525526069764,True,0.005507549130230336,0.24384909202967775,1,36
znhoughton/opt-babylm-1.3B-20eps-seed964,Tense,zero,Pres+Past,9,2048,352,4,10,0.9141573921820724,0.05843520008910331,0.0274074077288242,True,0.004348496609305003,0.06272154501603876,1,3
znhoughton/opt-babylm-1.3B-20eps-seed964,Number,regular,Sing+Plur,10,2048,36828,199,10,0.7019847787628758,0.07057759205351342,0.22743762918361074,True,0.006743040661089196,0.3992956592955957,1,55
znhoughton/opt-babylm-1.3B-20eps-seed964,Number,zero,Sing+Plur,10,2048,784,3,10,0.9848251345458746,0.01517486545412544,0.0,False,,,1,2
znhoughton/opt-babylm-1.3B-20eps-seed964,Tense,regular,Pres+Past,10,2048,11551,81,10,0.8156867823818543,0.04848149233432818,0.13583172528381765,True,0.005230641908894156,0.23250818690522318,1,36
znhoughton/opt-babylm-1.3B-20eps-seed964,Tense,zero,Pres+Past,10,2048,352,4,10,0.911939760229081,0.06047660693455578,0.027583632836363278,True,0.003981266500139462,0.05973955604964341,1,3
znhoughton/opt-babylm-1.3B-20eps-seed964,Number,regular,Sing+Plur,11,2048,36828,199,10,0.7010332324053591,0.07097430294978277,0.2279924646448582,True,0.007029601821770713,0.38796586839030517,1,58
znhoughton/opt-babylm-1.3B-20eps-seed964,Number,zero,Sing+Plur,11,2048,784,3,10,0.984227045256803,0.01577295474319695,0.0,False,,,1,2
znhoughton/opt-babylm-1.3B-20eps-seed964,Tense,regular,Pres+Past,11,2048,11551,81,10,0.8165209943421129,0.0473303615770534,0.13614864408083374,True,0.0053818727650898745,0.22372270580282397,1,37
znhoughton/opt-babylm-1.3B-20eps-seed964,Tense,zero,Pres+Past,11,2048,352,4,10,0.9104012659219425,0.06198735721693224,0.027611376861125303,True,0.004493203008867414,0.05565415551881135,1,3
znhoughton/opt-babylm-1.3B-20eps-seed964,Number,regular,Sing+Plur,12,2048,36828,199,10,0.6993961189232781,0.0722281408859985,0.22837574019072346,True,0.007226951147717355,0.3718955687340111,1,60
znhoughton/opt-babylm-1.3B-20eps-seed964,Number,zero,Sing+Plur,12,2048,784,3,10,0.9837235979412278,0.016276402058772305,0.0,False,,,1,2
znhoughton/opt-babylm-1.3B-20eps-seed964,Tense,regular,Pres+Past,12,2048,11551,81,10,0.8180460977335581,0.04586318790361255,0.1360907143628293,True,0.0053535484207878166,0.2194138807797921,1,37
znhoughton/opt-babylm-1.3B-20eps-seed964,Tense,zero,Pres+Past,12,2048,352,4,10,0.9096238048007661,0.06221003289324178,0.02816616230599222,True,0.0043930852427786935,0.05120862537991313,1,3
znhoughton/opt-babylm-1.3B-20eps-seed964,Number,regular,Sing+Plur,13,2048,36828,199,10,0.697726089891241,0.07318459217376541,0.2290893179349935,True,0.007356752258411764,0.3623408462803763,1,62
znhoughton/opt-babylm-1.3B-20eps-seed964,Number,zero,Sing+Plur,13,2048,784,3,10,0.9825881924995563,0.017411807500443705,0.0,False,,,1,2
znhoughton/opt-babylm-1.3B-20eps-seed964,Tense,regular,Pres+Past,13,2048,11551,81,10,0.8190426061499836,0.04508680614729173,0.1358705877027247,True,0.0053807807139821424,0.21020769931071798,1,38
znhoughton/opt-babylm-1.3B-20eps-seed964,Tense,zero,Pres+Past,13,2048,352,4,10,0.9086988888663718,0.06147251770626831,0.029828593427359898,True,0.005190295054813787,0.05304957595082167,1,3
znhoughton/opt-babylm-1.3B-20eps-seed964,Number,regular,Sing+Plur,14,2048,36828,199,10,0.6955901226604388,0.07489431351982205,0.22951556381973914,True,0.007677436307555369,0.34799377147374233,1,64
znhoughton/opt-babylm-1.3B-20eps-seed964,Number,zero,Sing+Plur,14,2048,784,3,10,0.9815717195133323,0.018428280486667642,0.0,False,,,1,2
znhoughton/opt-babylm-1.3B-20eps-seed964,Tense,regular,Pres+Past,14,2048,11551,81,10,0.8202969618111765,0.04367348196436757,0.136029556224456,True,0.0051166851552242164,0.20117931246939155,1,39
znhoughton/opt-babylm-1.3B-20eps-seed964,Tense,zero,Pres+Past,14,2048,352,4,10,0.9069192343907112,0.06263218701427452,0.030448578595014292,True,0.006050694962250694,0.055978574601560194,1,3
znhoughton/opt-babylm-1.3B-20eps-seed964,Number,regular,Sing+Plur,15,2048,36828,199,10,0.6934452064227253,0.07623598451337538,0.23031880906389934,True,0.008032208534349715,0.33867565763858953,1,66
znhoughton/opt-babylm-1.3B-20eps-seed964,Number,zero,Sing+Plur,15,2048,784,3,10,0.9806611445111331,0.019179278554486548,0.0001595769343803414,False,,,1,2
znhoughton/opt-babylm-1.3B-20eps-seed964,Tense,regular,Pres+Past,15,2048,11551,81,10,0.821646524671803,0.042013623243637103,0.13633985208455976,True,0.00500095546901558,0.19526278302362168,1,39
znhoughton/opt-babylm-1.3B-20eps-seed964,Tense,zero,Pres+Past,15,2048,352,4,10,0.9066384798227595,0.06273011592970869,0.030631404247531795,True,0.0061446298123207605,0.057019550220285806,1,3
znhoughton/opt-babylm-1.3B-20eps-seed964,Number,regular,Sing+Plur,16,2048,36828,199,10,0.6911121870375921,0.07727786822301506,0.23160994473939275,True,0.008208950444756549,0.3250678710069935,1,68
znhoughton/opt-babylm-1.3B-20eps-seed964,Number,zero,Sing+Plur,16,2048,784,3,10,0.9783641241264751,0.020164620370782718,0.0014712555027422505,False,,,1,2
znhoughton/opt-babylm-1.3B-20eps-seed964,Tense,regular,Pres+Past,16,2048,11551,81,10,0.8217894476790533,0.040837538992843384,0.13737301332810326,True,0.004985314290696576,0.18594423167013277,1,40
znhoughton/opt-babylm-1.3B-20eps-seed964,Tense,zero,Pres+Past,16,2048,352,4,10,0.9068538479180579,0.062791047240479,0.03035510484146322,True,0.0069316139194349115,0.05575336265458388,1,3
znhoughton/opt-babylm-1.3B-20eps-seed964,Number,regular,Sing+Plur,17,2048,36828,199,10,0.6888883479342379,0.07832811536829776,0.23278353669746438,True,0.008476114529023984,0.3150543817964808,1,70
znhoughton/opt-babylm-1.3B-20eps-seed964,Number,zero,Sing+Plur,17,2048,784,3,10,0.9772281887260061,0.020812183122715225,0.0019596281512786486,False,,,1,2
znhoughton/opt-babylm-1.3B-20eps-seed964,Tense,regular,Pres+Past,17,2048,11551,81,10,0.821760373269439,0.03982752437563222,0.13841210235492882,True,0.005206147795057555,0.17886776023734854,1,41
znhoughton/opt-babylm-1.3B-20eps-seed964,Tense,zero,Pres+Past,17,2048,352,4,10,0.9039208075125921,0.06238093972164629,0.03369825276576161,True,0.007290715026019482,0.05425452198919908,1,3
znhoughton/opt-babylm-1.3B-20eps-seed964,Number,regular,Sing+Plur,18,2048,36828,199,10,0.68753074911534,0.07855694134407924,0.23391230954058073,True,0.00854311999564089,0.3018649301717398,1,73
znhoughton/opt-babylm-1.3B-20eps-seed964,Number,zero,Sing+Plur,18,2048,784,3,10,0.9757248743065556,0.02204965921602269,0.0022254664774217503,False,,,1,2
znhoughton/opt-babylm-1.3B-20eps-seed964,Tense,regular,Pres+Past,18,2048,11551,81,10,0.821877444775734,0.03880124886963145,0.13932130635463452,True,0.005239351531894876,0.17514012943984447,1,42
znhoughton/opt-babylm-1.3B-20eps-seed964,Tense,zero,Pres+Past,18,2048,352,4,10,0.9019038788819079,0.06304105666369658,0.03505506445439551,True,0.007738504973075235,0.055881641942122605,1,3
znhoughton/opt-babylm-1.3B-20eps-seed964,Number,regular,Sing+Plur,19,2048,36828,199,10,0.6851386863671747,0.07900217050827868,0.23585914312454667,True,0.008854359594151076,0.29271556484462635,1,75
znhoughton/opt-babylm-1.3B-20eps-seed964,Number,zero,Sing+Plur,19,2048,784,3,10,0.9740578966001828,0.022537294250817675,0.0034048091489996294,False,,,1,2
znhoughton/opt-babylm-1.3B-20eps-seed964,Tense,regular,Pres+Past,19,2048,11551,81,10,0.8218814318463316,0.03757652232372844,0.1405420458299401,True,0.005307319674203289,0.16696003419960403,1,42
znhoughton/opt-babylm-1.3B-20eps-seed964,Tense,zero,Pres+Past,19,2048,352,4,10,0.8982772689365153,0.06453419357012453,0.03718853749336025,True,0.009299713938202505,0.05781617771476167,1,3
znhoughton/opt-babylm-1.3B-20eps-seed964,Number,regular,Sing+Plur,20,2048,36828,199,10,0.682197266981164,0.0795393048898478,0.23826342812898818,True,0.009037440567103365,0.2805535716672635,1,77
znhoughton/opt-babylm-1.3B-20eps-seed964,Number,zero,Sing+Plur,20,2048,784,3,10,0.971320919576204,0.024002843598506247,0.004676236825289792,False,,,1,2
znhoughton/opt-babylm-1.3B-20eps-seed964,Tense,regular,Pres+Past,20,2048,11551,81,10,0.8219271896751733,0.036187825082756205,0.14188498524207044,True,0.005395770592792823,0.1616736774687651,1,43
znhoughton/opt-babylm-1.3B-20eps-seed964,Tense,zero,Pres+Past,20,2048,352,4,10,0.8942562045238103,0.0674129368402005,0.03833085863598927,True,0.010316912651241943,0.05948184373739152,1,3
znhoughton/opt-babylm-1.3B-20eps-seed964,Number,regular,Sing+Plur,21,2048,36828,199,10,0.6790500646458599,0.08005271572704156,0.2408972196270986,True,0.009521187773359694,0.2682130921114486,1,79
znhoughton/opt-babylm-1.3B-20eps-seed964,Number,zero,Sing+Plur,21,2048,784,3,10,0.9683102792809405,0.02593512520479995,0.005754595514259611,False,,,1,2
znhoughton/opt-babylm-1.3B-20eps-seed964,Tense,regular,Pres+Past,21,2048,11551,81,10,0.8210207865119651,0.035473411678114346,0.14350580180992042,True,0.005832956218388122,0.1560283866933856,1,44
znhoughton/opt-babylm-1.3B-20eps-seed964,Tense,zero,Pres+Past,21,2048,352,4,10,0.8892047351975895,0.06995118053852184,0.04084408426388872,True,0.011287475385811622,0.0567711889842575,1,3
znhoughton/opt-babylm-1.3B-20eps-seed964,Number,regular,Sing+Plur,22,2048,36828,199,10,0.6759514368291308,0.07955438599691819,0.24449417717395086,True,0.009574635950115234,0.25712766740528387,1,82
znhoughton/opt-babylm-1.3B-20eps-seed964,Number,zero,Sing+Plur,22,2048,784,3,10,0.9659359551478339,0.027142465116832607,0.006921579735333462,False,,,1,2
znhoughton/opt-babylm-1.3B-20eps-seed964,Tense,regular,Pres+Past,22,2048,11551,81,10,0.8193403108004563,0.0347042074484907,0.14595548175105288,True,0.006024530957653633,0.15374033544416685,1,44
znhoughton/opt-babylm-1.3B-20eps-seed964,Tense,zero,Pres+Past,22,2048,352,4,10,0.8835672526645766,0.07193579075048993,0.044496956584933404,True,0.013125341469039216,0.05811992687606998,1,3
znhoughton/opt-babylm-1.3B-20eps-seed964,Number,regular,Sing+Plur,23,2048,36828,199,10,0.6717992402661397,0.08006113867168496,0.24813962106217538,True,0.010112765952513206,0.24817455109107997,1,84
znhoughton/opt-babylm-1.3B-20eps-seed964,Number,zero,Sing+Plur,23,2048,784,3,10,0.9637476059253677,0.029152922890298513,0.007099471184333794,False,,,1,2
znhoughton/opt-babylm-1.3B-20eps-seed964,Tense,regular,Pres+Past,23,2048,11551,81,10,0.8175934704284695,0.03383705952513493,0.1485694700463956,True,0.007022830452969703,0.15281689063531903,1,45
znhoughton/opt-babylm-1.3B-20eps-seed964,Tense,zero,Pres+Past,23,2048,352,4,10,0.8784097427723153,0.07474569827781294,0.0468445589498717,True,0.015207517515635281,0.056928699229276666,1,3
znhoughton/opt-babylm-1.3B-20eps-seed964,Number,regular,Sing+Plur,24,2048,36828,199,10,0.6694792309098975,0.07616254826213033,0.25435822082797216,True,0.008095455204856017,0.23920423354129772,1,88
znhoughton/opt-babylm-1.3B-20eps-seed964,Number,zero,Sing+Plur,24,2048,784,3,10,0.9613528807684574,0.030649862526871293,0.00799725670467127,False,,,1,2
znhoughton/opt-babylm-1.3B-20eps-seed964,Tense,regular,Pres+Past,24,2048,11551,81,10,0.8134581358751971,0.034111864500311145,0.15242999962449158,True,0.00790879963593569,0.1437891289787695,1,45
znhoughton/opt-babylm-1.3B-20eps-seed964,Tense,zero,Pres+Past,24,2048,352,4,10,0.8723623757291139,0.07904177883074753,0.04859584544013845,True,0.012837641641264268,0.04939133884552655,1,3
EleutherAI/pythia-160m,random,Number,regular,Sing+Plur,0,768,36903,200,10,0.4989152275265372,0.002425585294424768,0.49865918717903795,True,,0.21058449235077112,1,157,0.8957168019149406,0.8933614045346766,10215871.59098933,1189375.6580842156,14909,400,37.16340418421464,686.7431477766917,81.97502640321288,,,,,0.20163296260181085,0.20440480208901024,0.20702843428646445,0.0
EleutherAI/pythia-160m,random,Number,zero,Sing+Plur,0,768,787,3,10,0.9975272064781381,0.0024727935218618576,0.0,False,,,1,2,0.8230990119972597,0.8692438336798567,91615.1523010683,19689.989566084507,219,6,29.66575342465753,614.533159959872,92.44126556847186,,,,,,,,
EleutherAI/pythia-160m,random,Tense,regular,Pres+Past,0,768,11573,81,10,0.4965077880197713,0.006220676436412535,0.4972715355438162,True,,0.22187465240182375,1,72,0.7018065709072315,0.6938611350340608,2531612.440412725,1075667.0370935732,4742,162,29.09840699340635,532.3122697798048,234.86179849204657,,,,,0.09052621293531943,0.0937379355603456,0.09674808559293543,0.0
EleutherAI/pythia-160m,random,Tense,zero,Pres+Past,0,768,352,4,10,0.7901455579229879,0.05957813478922327,0.1502763072877888,True,0.004593489046543801,0.23064003095933316,1,3,0.6552123552034335,0.6823320711225727,90142.11514337297,47434.83136488573,222,8,26.581724581724583,476.108571928129,221.65809049012023,8.845528201613128e-05,0.0010217614388455178,0.004140495473729309,0.015,0.0012735970752797959,0.003478180839219447,0.008177232711746217,0.0
EleutherAI/pythia-160m,random,Number,regular,Sing+Plur,1,768,36903,200,10,0.49923144739009734,0.0025118709809327203,0.49825668162896997,True,,0.31837585178544675,1,133,0.8163842888662787,0.8121550324281273,9351871.263577884,2103360.532424614,14909,400,37.16340418421464,626.7806996908433,144.969366077925,,,,,0.17066420835484605,0.1730780384851249,0.1760420770235815,0.0
EleutherAI/pythia-160m,random,Number,zero,Sing+Plur,1,768,787,3,10,0.9948337986601704,0.0046533526877574555,0.0005128486520720966,False,,,1,2,0.6855885427586472,0.7559519102859156,83680.77138936268,38376.069077444015,219,6,29.66575342465753,558.0840878195867,180.16933839175593,,,,,,,,
EleutherAI/pythia-160m,random,Tense,regular,Pres+Past,1,768,11573,81,10,0.4969830911151294,0.006260771241055706,0.49675613764381493,True,,0.2689144977963938,1,66,0.6345211201661342,0.6244718985201435,2323626.5202678326,1338389.520521238,4742,162,29.09840699340635,485.9454359776657,292.2247861400083,,,,,0.0838233507567179,0.08709104480574259,0.09062994796528119,0.0
EleutherAI/pythia-160m,random,Tense,zero,Pres+Past,1,768,352,4,10,0.7907287907945785,0.05901880738506895,0.15025240182035252,True,0.002541017495256926,0.24341793838806797,1,3,0.5622603972724719,0.5901019411900098,80346.65888187522,62552.71527223074,222,8,26.581724581724583,420.80759973935045,292.30240781416234,0.00012825480461005435,0.0009257327431664325,0.0037649578063685195,0.12,0.0010608968344094942,0.0036081105323263587,0.008000043406669764,0.0
EleutherAI/pythia-160m,random,Number,regular,Sing+Plur,2,768,36903,200,10,0.49939192261714666,0.002609191792749539,0.4979988855901038,True,,0.36166184839965043,1,123,0.7604901162263447,0.7548980113913141,8725096.400459211,2747894.785480622,14909,400,37.16340418421464,583.3162372914586,189.39243128269504,,,,,0.15696995760084104,0.16010893017001251,0.16302132889185975,0.0
EleutherAI/pythia-160m,random,Number,zero,Sing+Plur,2,768,787,3,10,0.9922598185220902,0.006283963795332972,0.0014562176825768216,False,,,1,2,0.6074848591190242,0.6863972505263098,80532.75383812786,52034.754025223054,219,6,29.66575342465753,534.6992513800267,244.29461983672795,,,,,,,,
EleutherAI/pythia-160m,random,Tense,regular,Pres+Past,2,768,11573,81,10,0.4996815012255575,0.0063827488313435874,0.49393574994309897,True,,0.2917999712571314,1,63,0.5863680763189472,0.5747426277364387,2149061.2943482497,1515976.7272293372,4742,162,29.09840699340635,447.35120773870966,330.9992854212527,,,,,0.08008701695364447,0.08347678088304883,0.08687121072362276,0.0
EleutherAI/pythia-160m,random,Tense,zero,Pres+Past,2,768,352,4,10,0.7864966828023083,0.05955186195811078,0.15395145523958087,True,0.0019516687868511551,0.22699759764236394,1,3,0.5023963331332828,0.5290902748359932,73913.85014867358,73208.74067060428,222,8,26.581724581724583,384.36274137808897,342.09691902151536,8.95964703667027e-05,0.0009095766402096768,0.0034548028382813296,0.165,0.0011397058788548912,0.0034763338054190846,0.007492018496638306,0.0
EleutherAI/pythia-160m,random,Number,regular,Sing+Plur,3,768,36903,200,10,0.5004454830589112,0.00265167295390313,0.49690284398718554,True,,0.3837840033683388,1,117,0.7176614466056177,0.7110012053838922,8228037.98521037,3237030.988645196,14909,400,37.16340418421464,548.8879314488405,223.1050374695152,,,,,0.14959416323731958,0.152318447759153,0.15511478219111122,0.0
EleutherAI/pythia-160m,random,Number,zero,Sing+Plur,3,768,787,3,10,0.9914075884829061,0.007858687700512335,0.0007337238165814697,False,,,1,2,0.5561663399515794,0.6384326603250422,75624.76515276302,60350.31949429962,219,6,29.66575342465753,500.29466586579264,283.334833306571,,,,,,,,
EleutherAI/pythia-160m,random,Tense,regular,Pres+Past,3,768,11573,81,10,0.5002917118218382,0.006383548262939119,0.4933247399152227,True,,0.3021396412598519,1,62,0.5512604603159933,0.5384485912235025,2021977.907799376,1645939.6254848696,4742,162,29.09840699340635,419.24953249940546,359.37546407966585,,,,,0.07732960436188645,0.0807366395148612,0.0835941804695915,0.0
EleutherAI/pythia-160m,random,Tense,zero,Pres+Past,3,768,352,4,10,0.7856852661301899,0.062073657033370304,0.15224107683643992,True,0.0025036265753470024,0.2507580262894875,1,3,0.46927559404245306,0.49477373027800414,70622.1416310679,79869.68561848445,222,8,26.581724581724583,365.50128702159583,373.222829992918,8.509564942961395e-05,0.0008627611063885012,0.004213179022342177,0.09,0.0011661218974900439,0.0034511665273189813,0.007283467751538038,0.0
EleutherAI/pythia-160m,random,Number,regular,Sing+Plur,4,768,36903,200,10,0.5000767423116422,0.002609509488943286,0.4973137481994144,True,,0.39913050967289554,1,113,0.6853780079039322,0.6778989322167502,7869144.013444011,3612321.575902722,14909,400,37.16340418421464,523.9884446149971,248.9710921429955,,,,,0.14277524720436446,0.14574749870899567,0.14890123635039246,0.0
EleutherAI/pythia-160m,random,Number,zero,Sing+Plur,4,768,787,3,10,0.9891925691277826,0.00877598472162299,0.0020314461505943206,False,,,1,2,0.5259646385494384,0.6093139780699456,73728.9305402038,66449.5627203723,219,6,29.66575342465753,486.5481123433652,311.9697780299169,,,,,,,,
EleutherAI/pythia-160m,random,Tense,regular,Pres+Past,4,768,11573,81,10,0.5009412481060589,0.006379372373537863,0.4926793795204032,True,,0.30771086577446044,1,61,0.5227005002448674,0.5089002966963551,1916681.5821311516,1750201.4249316915,4742,162,29.09840699340635,395.99124793662287,382.14004911172304,,,,,0.07683090763627538,0.07955996719377248,0.08395992297983434,0.0
EleutherAI/pythia-160m,random,Tense,zero,Pres+Past,4,768,352,4,10,0.7872867798029506,0.0634652429972703,0.1492479771997792,True,0.001070399760885066,0.23983765350958827,1,3,0.4425237718082909,0.46675807749466225,67409.19104317777,84919.78050048117,222,8,26.581724581724583,347.34627552644656,396.82140420785595,8.261795558920421e-05,0.0008856314860049409,0.0034555232828026674,0.39,0.0011134638099113902,0.003559478124874275,0.0070507009351241014,0.0
EleutherAI/pythia-160m,random,Number,regular,Sing+Plur,5,768,36903,200,10,0.49989056745936283,0.002725330407113368,0.4973841021335238,True,,0.4128236450778755,1,109,0.6563579996506881,0.6481328107750128,7527634.4724269835,3941159.198760341,14909,400,37.16340418421464,500.3474987674091,271.6354813398815,,,,,0.14049400401283846,0.1433150253739292,0.14673845826726223,0.0
EleutherAI/pythia-160m,random,Number,zero,Sing+Plur,5,768,787,3,10,0.9879458949795249,0.010071595985253624,0.0019825090352214294,False,,,1,2,0.48935393568602203,0.5730900352577816,70020.59813314458,73067.24284842057,219,6,29.66575342465753,460.5000497460902,343.03869881887596,,,,,,,,
EleutherAI/pythia-160m,random,Tense,regular,Pres+Past,5,768,11573,81,10,0.5022021767501139,0.006534061396304047,0.49126376185358206,True,,0.31201948270745067,1,60,0.4994923435012208,0.4848736727791982,1831858.4724951878,1835582.072548343,4742,162,29.09840699340635,377.2447345770516,400.7821119101186,,,,,0.07462672990882369,0.07820844442411962,0.08109304002831226,0.0
EleutherAI/pythia-160m,random,Tense,zero,Pres+Past,5,768,352,4,10,0.7828303622658948,0.06643292266939588,0.15073671506470931,True,0.0009433392243559761,0.21658682896381407,1,3,0.4201005426522638,0.44306733594742703,64987.927171893956,89708.2004779277,222,8,26.581724581724583,333.49199636146136,419.19719849498927,7.815840491506185e-05,0.0009211298020726429,0.003671896290236898,0.47,0.001265555867873917,0.0036473653248784658,0.00819402046547362,0.0
EleutherAI/pythia-160m,random,Number,regular,Sing+Plur,6,768,36903,200,10,0.49979036549554096,0.00284904827689867,0.4973605862275603,True,,0.42162630393510137,1,107,0.6327605078894266,0.6239216013889861,7259632.810767842,4213322.154424842,14909,400,37.16340418421464,481.7689644891031,290.3936973206177,,,,,0.13635443311285056,0.139327357293183,0.14226528866100815,0.0
EleutherAI/pythia-160m,random,Number,zero,Sing+Plur,6,768,787,3,10,0.9852879913079642,0.0112470060382407,0.0034650026537950815,False,,,1,2,0.4660578498116939,0.5494928065456486,67061.26106889585,76829.16175305918,219,6,29.66575342465753,439.9534957710037,360.7002899204656,,,,,,,,
EleutherAI/pythia-160m,random,Tense,regular,Pres+Past,6,768,11573,81,10,0.5037821739649441,0.006216562184518966,0.4900012638505369,True,,0.32041091459065624,1,60,0.4809355576617202,0.4656525557961688,1762565.7463886407,1902303.1083039287,4742,162,29.09840699340635,361.95326123336963,415.35002364714603,,,,,0.07492597724931807,0.07834399829786758,0.08096689257712307,0.0
EleutherAI/pythia-160m,random,Tense,zero,Pres+Past,6,768,352,4,10,0.7884441262938164,0.06388190732074729,0.14767396638543617,True,0.001226669362849725,0.21371083004011798,1,3,0.40192588801795914,0.4237243277497053,62125.296063928225,92443.73747180734,222,8,26.581724581724583,317.62657788605964,431.9800816439595,7.390664621333624e-05,0.0010142124443577388,0.004196318801369845,0.42,0.0012397749379956665,0.003458355825539665,0.009247294676909823,0.0
EleutherAI/pythia-160m,random,Number,regular,Sing+Plur,7,768,36903,200,10,0.5002116503689293,0.002934664255313887,0.4968536853757568,True,,0.4289479095110712,1,105,0.612261010149367,0.6028838457083667,7028856.750021747,4451307.156392922,14909,400,37.16340418421464,465.7642763271719,306.79627516664976,,,,,0.13366786917830992,0.13644011328045452,0.1398010208043365,0.0
EleutherAI/pythia-160m,random,Number,zero,Sing+Plur,7,768,787,3,10,0.9825623991909503,0.01225338569799338,0.00518421511105623,False,,,1,2,0.4482109053795978,0.5311182957280606,65243.16639066581,80320.37436122689,219,6,29.66575342465753,427.14378891043003,377.09095944237976,,,,,,,,
EleutherAI/pythia-160m,random,Tense,regular,Pres+Past,7,768,11573,81,10,0.5046909583039946,0.006364875360410065,0.48894416633559534,True,,0.32056165488070376,1,59,0.4650334868692954,0.44917418716578017,1703378.30462578,1959537.0610896784,4742,162,29.09840699340635,348.88999085541775,427.8465198885761,,,,,0.073552565541141,0.07657733992904775,0.07996737418401555,0.0
EleutherAI/pythia-160m,random,Tense,zero,Pres+Past,7,768,352,4,10,0.7867530539067338,0.06470475213485523,0.14854219395841112,True,0.0018036026087382732,0.21153253115879678,1,3,0.3879218528897609,0.40873308074289766,60114.7303278146,94851.35338208642,222,8,26.581724581724583,306.39802808648477,443.2306232807777,8.50382952914104e-05,0.0010674742135347234,0.003634027196487869,0.265,0.0014623339757116008,0.0038516371652383007,0.008366594786953953,0.0
EleutherAI/pythia-160m,random,Number,regular,Sing+Plur,8,768,36903,200,10,0.501202159140586,0.002890827068135476,0.4959070137912786,True,,0.43482629829588326,1,104,0.59500371650455,0.585169738990272,6834349.701810736,4651880.572447516,14909,400,37.16340418421464,452.2749198944293,320.6203440931502,,,,,0.13138505321150423,0.13425781859141644,0.13692367688673848,0.0
EleutherAI/pythia-160m,random,Number,zero,Sing+Plur,8,768,787,3,10,0.9817556745001748,0.01271010645729966,0.005534219042525462,False,,,1,2,0.44167339026734664,0.5243218481100431,65398.41750086554,82671.21707974531,219,6,29.66575342465753,427.818418726121,388.12777971711415,,,,,,,,
EleutherAI/pythia-160m,random,Tense,regular,Pres+Past,8,768,11573,81,10,0.5047561991862299,0.006619024864691547,0.4886247759490785,True,,0.3225142365917256,1,59,0.4506962023874505,0.43431176750585715,1649822.3780524905,2010786.1855718947,4742,162,29.09840699340635,337.07369892180446,439.03628505936564,,,,,0.07230922866865415,0.07544194758400216,0.07945231216596974,0.0
EleutherAI/pythia-160m,random,Tense,zero,Pres+Past,8,768,352,4,10,0.7841594963021511,0.06617061437827952,0.14966988931956948,True,0.0014169914664926588,0.19460550525177314,1,3,0.3744838836589809,0.3942760477349676,58150.460389083106,97131.1496522107,222,8,26.581724581724583,295.44075389042615,453.88387687948926,0.0001093853660415818,0.0010011127638305914,0.0035789173030426834,0.36,0.0014308062877260153,0.0036641803329381575,0.007740706370519206,0.0
EleutherAI/pythia-160m,random,Number,regular,Sing+Plur,9,768,36903,200,10,0.5014634153913452,0.0028153496268533596,0.4957212349818015,True,,0.4398646747056294,1,102,0.5791867025083827,0.568931076817567,6659178.134521614,4838285.646469169,14909,400,37.16340418421464,440.1158068540795,333.46789209932933,,,,,0.13001477878724646,0.13282934154137693,0.1359632037960639,0.0
EleutherAI/pythia-160m,random,Number,zero,Sing+Plur,9,768,787,3,10,0.9803068552992299,0.013500188134383584,0.0061929565663866,False,,,1,2,0.42660339567140243,0.5085186826278674,63131.945659507095,84855.49724433562,219,6,29.66575342465753,412.1926836204057,398.38261617058976,,,,,,,,
EleutherAI/pythia-160m,random,Tense,regular,Pres+Past,9,768,11573,81,10,0.5058108775516716,0.006791352094447572,0.4873977703538807,True,,0.32714682545274465,1,58,0.4386834294181783,0.421854948626237,1606685.6204066474,2055831.613347952,4742,162,29.09840699340635,327.5279729988849,448.8715312986795,,,,,0.07242869001481253,0.07553255130543278,0.07929442564644436,0.0
EleutherAI/pythia-160m,random,Tense,zero,Pres+Past,9,768,352,4,10,0.783318173706276,0.06678834011191062,0.14989348618181345,True,0.0010731549659150589,0.1946139341126662,1,3,0.36092164591046055,0.3796135356784637,56277.54987930402,99649.78370396813,222,8,26.581724581724583,284.93248301453775,465.65319487835575,9.703396637333372e-05,0.0010663483060609578,0.0034488472687229993,0.495,0.0014417072448379702,0.003829818980149137,0.007986586677280737,0.0
EleutherAI/pythia-160m,random,Number,regular,Sing+Plur,10,768,36903,200,10,0.5025029173869514,0.002864382706793929,0.4946326999062545,True,,0.4447061522662704,1,102,0.5647555740434962,0.5541127741399758,6490077.105148594,5001756.536583188,14909,400,37.16340418421464,428.4086187073336,344.734753365717,,,,,0.1287370322727108,0.13148817181712874,0.13459770205659413,0.0
EleutherAI/pythia-160m,random,Number,zero,Sing+Plur,10,768,787,3,10,0.979887858244717,0.01381470586522102,0.006297435890062035,False,,,1,2,0.41200083010456356,0.49302167092117943,61159.66646736611,87285.82683866465,219,6,29.66575342465753,398.51139156913786,409.79261426603125,,,,,,,,
EleutherAI/pythia-160m,random,Tense,regular,Pres+Past,10,768,11573,81,10,0.5048688379679527,0.006763953722869132,0.48836720830917807,True,,0.3307723597176547,1,58,0.42838396421458796,0.4111718265832361,1570999.0130894734,2096269.4757527504,4742,162,29.09840699340635,319.60708668641655,457.70075889798045,,,,,0.0709351984716339,0.07400162027971582,0.07726565005276032,0.0
EleutherAI/pythia-160m,random,Tense,zero,Pres+Past,10,768,352,4,10,0.7824734276274102,0.06830359239789716,0.14922297997469258,True,0.0010431077273009616,0.1941003466187069,1,3,0.34996058905735095,0.36771017144204626,54889.76348721165,101955.79342267344,222,8,26.581724581724583,277.0687740750831,476.428941227446,7.899189899549231e-05,0.000982199590567214,0.0034616777876769972,0.44,0.0012456775478728252,0.003742879851242553,0.008026642143451982,0.0
EleutherAI/pythia-160m,random,Number,regular,Sing+Plur,11,768,36903,200,10,0.5032187674583758,0.003046597381382697,0.4937346351602414,True,,0.44792315869324717,1,101,0.5516827956970678,0.5406872292237133,6340064.343280732,5152163.423709664,14909,400,37.16340418421464,418.01295401643,355.1012077820431,,,,,0.12685496750697045,0.13028446781957986,0.1333480219232616,0.0
EleutherAI/pythia-160m,random,Number,zero,Sing+Plur,11,768,787,3,10,0.981224372503926,0.014613123588242842,0.004162503907831174,False,,,1,2,0.4009129359639437,0.4811316334780257,59659.05071658497,89148.94564587325,219,6,29.66575342465753,388.09971645041117,418.5396509195927,,,,,,,,
EleutherAI/pythia-160m,random,Tense,regular,Pres+Past,11,768,11573,81,10,0.505816265572276,0.006804789840258804,0.48737894458746533,True,,0.33420144254964945,1,58,0.4187419104197749,0.4011681417071513,1536802.5220899994,2133244.5495045437,4742,162,29.09840699340635,312.03025523059495,465.7739191057956,,,,,0.07078784478499728,0.0740074826324182,0.07718077255238985,0.0
EleutherAI/pythia-160m,random,Tense,zero,Pres+Past,11,768,352,4,10,0.7809206519035545,0.06739319294473392,0.15168615515171158,True,0.0007816447273211676,0.19656440847051504,1,3,0.3409704304584125,0.35791151752410244,53677.88906267141,103748.92648407553,222,8,26.581724581724583,270.2406225122083,484.80806768259595,6.98736339259932e-05,0.0009899964608541477,0.0035140840091635555,0.595,0.0012654289685640828,0.0037989347996143395,0.00837945251585463,0.0
EleutherAI/pythia-160m,random,Number,regular,Sing+Plur,12,768,36903,200,10,0.5030734462040402,0.002947510350253262,0.49397904344570664,True,,0.4511986975799349,1,101,0.5462206518056854,0.5350771170680572,6256995.603906984,5198074.033652001,14909,400,37.16340418421464,412.32572974783324,358.26549270466614,,,,,0.12548563511832242,0.12885853121076396,0.13196827837314215,0.0
EleutherAI/pythia-160m,random,Number,zero,Sing+Plur,12,768,787,3,10,0.9806327743312219,0.01459751543997543,0.0047697102288027085,False,,,1,2,0.399585216835412,0.47970066662609384,58804.027370355,88358.64255037985,219,6,29.66575342465753,382.460408266328,414.82930774826224,,,,,,,,
EleutherAI/pythia-160m,random,Tense,regular,Pres+Past,12,768,11573,81,10,0.5057211840477545,0.00672484893989784,0.48755396701234777,True,,0.33565904876369373,1,58,0.4165719552625342,0.39891647265369706,1521548.8541878,2130998.6468288763,4742,162,29.09840699340635,308.79114639711963,465.2835473425494,,,,,0.06981943275563778,0.07313144830933929,0.07593681952242688,0.0
EleutherAI/pythia-160m,random,Tense,zero,Pres+Past,12,768,352,4,10,0.782228010911327,0.06758540949108888,0.15018657959758416,True,0.00106103353378624,0.17522980363135449,1,3,0.33759196023392424,0.35422088286560954,53117.59169054237,104224.99328611445,222,8,26.581724581724583,267.1457483363709,487.03267890707684,9.180082436258352e-05,0.0009908284452278967,0.003408684689651012,0.46,0.0012002226241147067,0.0038798310645813297,0.00833925025050146,0.0
znhoughton/opt-babylm-125m-20eps-seed964,random,Number,regular,Sing+Plur,0,768,36897,200,10,0.5017775586599468,0.003830142786625978,0.4943922985534271,True,,0.23939522953410577,1,134,0.5250530530249647,0.5133329000424358,5995608.451780433,5423444.189163566,14909,400,37.16340418421464,394.28005316780644,373.7986207983711,,,,,0.1700947910563614,0.1727293187526951,0.17629377438081162,0.0
znhoughton/opt-babylm-125m-20eps-seed964,random,Number,zero,Sing+Plur,0,768,787,3,10,0.9859989870129099,0.014001012987090113,0.0,False,,,1,2,0.38096455468976287,0.4594678065711276,54012.86364955261,87766.3727246497,219,6,29.66575342465753,350.2531650868625,412.048698237792,,,,,,,,
znhoughton/opt-babylm-125m-20eps-seed964,random,Tense,regular,Pres+Past,0,768,11573,81,10,0.495364732309739,0.008116127949544564,0.49651913974071643,True,,0.21261596864922633,1,70,0.39476128840994873,0.37627777829155623,1441538.6949960906,2210133.1819562726,4742,162,29.09840699340635,291.1188458686769,482.5618301214569,,,,,0.08786152016701962,0.09121177338005504,0.09478151135367,0.0
znhoughton/opt-babylm-125m-20eps-seed964,random,Tense,zero,Pres+Past,0,768,352,4,10,0.7922224573431204,0.061457052377675465,0.1463204902792042,True,0.002600003571065828,0.20634176244574237,1,3,0.31324308214337904,0.327486645053806,48925.082189582914,107263.78511056931,222,8,26.581724581724583,244.07990516205143,501.23264070359494,0.0001299292140033891,0.0010849918538100743,0.004047919068347027,0.12,0.0014069382681158146,0.0033720434380072163,0.008464859248813883,0.0
znhoughton/opt-babylm-125m-20eps-seed964,random,Number,regular,Sing+Plur,1,768,36897,200,10,0.5408396971337591,0.010232581860455147,0.4489277210057856,True,,0.37001217990122104,1,94,0.16698818146376423,0.14474338267262382,1918030.4867415985,9567994.871033816,14909,400,37.16340418421464,111.60553353005496,659.452399960977,,,,,0.09362976415290948,0.09604729528451438,0.09867440667412158,0.0
znhoughton/opt-babylm-125m-20eps-seed964,random,Number,zero,Sing+Plur,1,768,787,3,10,0.9269861743861091,0.07281711261065515,0.00019671300323573207,False,,,1,2,0.10441121988471057,0.1179366900763288,16268.717074372005,139545.1609009615,219,6,29.66575342465753,87.59601609310559,655.1416004739976,,,,,,,,
znhoughton/opt-babylm-125m-20eps-seed964,random,Tense,regular,Pres+Past,1,768,11573,81,10,0.5190776770964485,0.014194249968011621,0.4667280729355399,True,,0.24503856811324143,1,48,0.14434046870473452,0.11547308709931646,527673.5521793733,3128082.570234168,4742,162,29.09840699340635,89.16254485041323,682.9874607498183,,,,,0.045449879183977804,0.04795163339362308,0.051102096393103154,0.0
znhoughton/opt-babylm-125m-20eps-seed964,random,Tense,zero,Pres+Past,1,768,352,4,10,0.7658524240548799,0.11924653222498731,0.11490104372013298,True,0.031144349258494932,0.10242884422540112,1,3,0.11165722631782936,0.09660628045515296,18609.55025654563,148057.22869042584,222,8,26.581724581724583,73.98507815496897,691.8562088337655,0.00014242527723290835,0.0009940020361572947,0.0039003229129919584,0.0,0.0012796002617691626,0.0037814657262953723,0.008022270162779899,0.0
znhoughton/opt-babylm-125m-20eps-seed964,random,Number,regular,Sing+Plur,2,768,36897,200,10,0.5433807779484424,0.010840921106232334,0.4457783009453252,True,,0.3806554341080768,1,86,0.1457039524789427,0.12278761344777618,1669873.2868412288,9790854.156929117,14909,400,37.16340418421464,94.45672933678485,674.8124720469444,,,,,0.08270263725388116,0.08569540762068516,0.08863505561729909,0.0
znhoughton/opt-babylm-125m-20eps-seed964,random,Number,zero,Sing+Plur,2,768,787,3,10,0.9093026038814962,0.09069739611850385,0.0,False,,,1,2,0.09361248977573815,0.10281904480229939,14625.263379091057,141606.7032540786,219,6,29.66575342465753,76.18995682977543,664.8202030707915,,,,,,,,
znhoughton/opt-babylm-125m-20eps-seed964,random,Tense,regular,Pres+Past,2,768,11573,81,10,0.5280226752677629,0.013781508580324934,0.45819581615191207,True,,0.2527673606170639,1,45,0.12835964791829266,0.098774658811685,466927.61098102387,3170723.462027891,4742,162,29.09840699340635,75.8761054563612,692.2976991327273,,,,,0.03890805644763647,0.04190698773089897,0.04463381852531168,0.0
znhoughton/opt-babylm-125m-20eps-seed964,random,Tense,zero,Pres+Past,2,768,352,4,10,0.7441856589840505,0.1379601441076051,0.11785419690834442,True,0.04328211422693477,0.09137143726179192,1,3,0.1003511525015095,0.08312982415505499,16758.539242484163,150240.43211693372,222,8,26.581724581724583,63.65346745784603,702.0580940043632,0.0001581725723043838,0.0010387721478121482,0.0038203174845940656,0.0,0.001392457538388313,0.0037400630041500597,0.008116782119551257,0.0
znhoughton/opt-babylm-125m-20eps-seed964,random,Number,regular,Sing+Plur,3,768,36897,200,10,0.5459707942638186,0.010947274461458198,0.4430819312747233,True,,0.388745098748848,1,82,0.13478101365513387,0.11151803866477217,1544303.0758386669,9913565.016696218,14909,400,37.16340418421464,85.76081237866799,683.2700404367096,,,,,0.07644680042629141,0.07950956167583885,0.08179426930359109,0.0
znhoughton/opt-babylm-125m-20eps-seed964,random,Number,zero,Sing+Plur,3,768,787,3,10,0.8986875670702549,0.09758809061267998,0.0037243423170652237,False,,,1,2,0.0868409161030156,0.09326151717294329,13580.84611763093,142806.79610300806,219,6,29.66575342465753,68.9588008247811,670.4544417981599,,,,,,,,
znhoughton/opt-babylm-125m-20eps-seed964,random,Tense,regular,Pres+Past,3,768,11573,81,10,0.5284229171567686,0.013898282620903025,0.45767880022232843,True,,0.2661038381460342,1,43,0.12139954256874991,0.09149994687662036,441315.2127893591,3193914.405472484,4742,162,29.09840699340635,70.23501509053719,697.3612239022891,,,,,0.03736147138934945,0.040382717006580804,0.04325633240422928,0.0
znhoughton/opt-babylm-125m-20eps-seed964,random,Tense,zero,Pres+Past,3,768,352,4,10,0.7292795372177411,0.14315880088831906,0.1275616618939397,True,0.04261473777018957,0.08829778999840425,1,3,0.09532128496439002,0.07711563808915751,15969.53428056943,151564.23623600832,222,8,26.581724581724583,59.18043205526658,708.2440945607865,0.0001701855671446932,0.001080711481966524,0.0038833863577458173,0.0,0.0013567775269430176,0.003750980303132385,0.008317060016717358,0.0
znhoughton/opt-babylm-125m-20eps-seed964,random,Number,regular,Sing+Plur,4,768,36897,200,10,0.5460655624051167,0.011003371810800041,0.44293106578408326,True,,0.3871236138538939,1,78,0.12825014879126578,0.10477926893320995,1468238.1045315072,9979998.94134628,14909,400,37.16340418421464,80.50785350488069,687.8488483938438,,,,,0.07020400968407214,0.07293104363739752,0.07562919914810864,0.0
znhoughton/opt-babylm-125m-20eps-seed964,random,Number,zero,Sing+Plur,4,768,787,3,10,0.8961646072155135,0.10383539278448654,0.0,False,,,1,2,0.08420556048619178,0.08952558664636097,13230.43950941401,143890.29495305143,219,6,29.66575342465753,66.42496426150196,675.5412908593964,,,,,,,,
znhoughton/opt-babylm-125m-20eps-seed964,random,Tense,regular,Pres+Past,4,768,11573,81,10,0.5324917066260603,0.01378412444489442,0.45372416892904527,True,,0.26653178518543863,1,41,0.1162712114465397,0.08613900477091935,422136.5710125014,3208483.3026489634,4742,162,29.09840699340635,66.03193343874786,700.542205818551,,,,,0.03529563083212138,0.03802808081609762,0.04100569778738036,0.0
znhoughton/opt-babylm-125m-20eps-seed964,random,Tense,zero,Pres+Past,4,768,352,4,10,0.7159480973596953,0.15179884518547743,0.1322530574548274,True,0.04452035362291522,0.08409589039903984,1,3,0.08928615981988293,0.06988416330142568,14904.679938728357,152026.9023893232,222,8,26.581724581724583,53.376292458126116,710.4060859314168,0.00013043252943442248,0.0011292211131131713,0.004245997391633605,0.0,0.0011369815306806958,0.003391013938758013,0.008348687507028798,0.0
znhoughton/opt-babylm-125m-20eps-seed964,random,Number,regular,Sing+Plur,5,768,36897,200,10,0.5476618006559267,0.011114054660612474,0.4412241446834609,True,,0.3954167760909476,1,76,0.12354512000216607,0.09992415783344863,1412174.4844144676,10018260.68283219,14909,400,37.16340418421464,76.65601503046962,690.4859523628224,,,,,0.06880370103551343,0.07163223563597022,0.07454861398196388,0.0
znhoughton/opt-babylm-125m-20eps-seed964,random,Number,zero,Sing+Plur,5,768,787,3,10,0.8851977769689051,0.11480222303109489,0.0,False,,,1,2,0.08256843504798145,0.08720013235983472,12955.825675943031,143954.32610801965,219,6,29.66575342465753,64.5634446279126,675.8419066104209,,,,,,,,
znhoughton/opt-babylm-125m-20eps-seed964,random,Tense,regular,Pres+Past,5,768,11573,81,10,0.5371415635020169,0.014248978020892982,0.44860945847709016,True,,0.2668797625494678,1,41,0.1132278098537842,0.08295723821473171,410240.2513683613,3212900.1405382,4742,162,29.09840699340635,63.45947099339675,701.506580903537,,,,,0.03398504285259627,0.03640657660249878,0.03900811837121415,0.0
znhoughton/opt-babylm-125m-20eps-seed964,random,Tense,zero,Pres+Past,5,768,352,4,10,0.7296279126175684,0.15713741163747946,0.11323467574495212,True,0.042126553991077335,0.09591776161504685,1,3,0.0894261815908741,0.0700521313561403,14947.011141625424,152196.557729605,222,8,26.581724581724583,53.57396709430302,711.1988678953505,0.00011431178544381194,0.0010086176862150371,0.004287132236416463,0.0,0.001041801168925085,0.0035281090105426347,0.008038115759172989,0.0
znhoughton/opt-babylm-125m-20eps-seed964,random,Number,regular,Sing+Plur,6,768,36897,200,10,0.549432564438664,0.011103210994844176,0.43946422456649187,True,,0.391702868524419,1,74,0.12032139941115279,0.0965974603366657,1375287.961933223,10054831.440465827,14909,400,37.16340418421464,74.10059838922486,693.0065090954461,,,,,0.06558913101824691,0.06777418491306707,0.07092009786346827,0.0
znhoughton/opt-babylm-125m-20eps-seed964,random,Number,zero,Sing+Plur,6,768,787,3,10,0.8810747201690867,0.11218463680210347,0.006740643028809909,False,,,1,2,0.08064926242816668,0.08446950945182495,12680.258961814638,144546.95651469132,219,6,29.66575342465753,62.61184594859853,678.6242089891612,,,,,,,,
znhoughton/opt-babylm-125m-20eps-seed964,random,Tense,regular,Pres+Past,6,768,11573,81,10,0.5366830954411087,0.015295376009980741,0.4480215285489106,True,,0.2631203913971622,1,40,0.11073710248515732,0.08035311488956949,401067.61504483625,3220732.179640901,4742,162,29.09840699340635,61.442764421159374,703.216633109367,,,,,0.0325225742442172,0.035044155473989584,0.038263536313614815,0.0
znhoughton/opt-babylm-125m-20eps-seed964,random,Tense,zero,Pres+Past,6,768,352,4,10,0.7169677937337328,0.16526585480401793,0.1177663514622494,True,0.049193658476417775,0.08604986324715169,1,3,0.08700313084689865,0.06714420261564537,14520.923252349628,152380.23433820216,222,8,26.581724581724583,51.251770120682195,712.057169804683,9.276484712041363e-05,0.0009985398456339883,0.004048235017602709,0.0,0.001090382855769197,0.0035838769531636398,0.007660541839746594,0.0
znhoughton/opt-babylm-125m-20eps-seed964,random,Number,regular,Sing+Plur,7,768,36897,200,10,0.5497127456246778,0.01101936937917151,0.43926788499615077,True,,0.39269053597048925,1,72,0.11780869769899215,0.0940044119373349,1346405.7322809,10082340.689490456,14909,400,37.16340418421464,72.10178921484979,694.90252184785,,,,,0.062392607985606446,0.06505297745652931,0.06755397960416056,0.0
znhoughton/opt-babylm-125m-20eps-seed964,random,Number,zero,Sing+Plur,7,768,787,3,10,0.8731788462908989,0.11799043629269147,0.008830717416409685,False,,,1,2,0.08057811132610716,0.08436818051890198,12696.36163439283,144869.52599245246,219,6,29.66575342465753,62.66935751075241,680.1386196828754,,,,,,,,
znhoughton/opt-babylm-125m-20eps-seed964,random,Tense,regular,Pres+Past,7,768,11573,81,10,0.5372086140312892,0.015734779389108305,0.44705660657960256,True,,0.2623336942885519,1,40,0.10892954263785147,0.0784631459457963,394437.9086601351,3226599.131507089,4742,162,29.09840699340635,59.98360226176826,704.4976269666133,,,,,0.031081437134248987,0.03379308297348639,0.03655846522688774,0.0
znhoughton/opt-babylm-125m-20eps-seed964,random,Tense,zero,Pres+Past,7,768,352,4,10,0.7105825737887833,0.16703592213089488,0.12238150408032186,True,0.046601858570756986,0.08302958153807866,1,3,0.08524773573382524,0.06503584557450143,14238.595980646058,152787.4940155057,222,8,26.581724581724583,49.66287584632483,713.9602524089051,8.520529027516943e-05,0.0009383965158192734,0.004052286917302797,0.0,0.0011871362707905776,0.0034992646018666114,0.008823309697141802,0.0
znhoughton/opt-babylm-125m-20eps-seed964,random,Number,regular,Sing+Plur,8,768,36897,200,10,0.551858872878817,0.010956946210078035,0.4371841809111049,True,,0.4020019811902702,1,72,0.11582549702542111,0.09195774515865873,1322894.406426953,10098549.406903777,14909,400,37.16340418421464,70.48614664383287,696.0196710251414,,,,,0.0649925864003901,0.06775227564098085,0.07043720838269332,0.0
znhoughton/opt-babylm-125m-20eps-seed964,random,Number,zero,Sing+Plur,8,768,787,3,10,0.8666377037211532,0.12559632820382596,0.007765968075020755,False,,,1,2,0.07922371628901173,0.08243804910392946,12486.650760457724,145125.88429035776,219,6,29.66575342465753,61.21496212582947,681.3421797669379,,,,,,,,
znhoughton/opt-babylm-125m-20eps-seed964,random,Tense,regular,Pres+Past,8,768,11573,81,10,0.539858677844191,0.015522802828690847,0.44461851932711827,True,,0.26481636171469836,1,40,0.10743145487747255,0.07689669414938477,388769.3480549086,3229997.1342412387,4742,162,29.09840699340635,58.748126623303186,705.2395489609692,,,,,0.03137224062229978,0.033732914008208034,0.036560433077322686,0.0
znhoughton/opt-babylm-125m-20eps-seed964,random,Tense,zero,Pres+Past,8,768,352,4,10,0.700819922476915,0.1708308283111055,0.12834924921197943,True,0.04804052841417431,0.07794766355756248,1,3,0.08464905593391056,0.06431646284639703,14139.746483912593,152899.87761954046,222,8,26.581724581724583,49.1118764685614,714.485409437105,8.927439526139576e-05,0.0009575184436940787,0.004373373295788136,0.0,0.0012122691057559003,0.0034593080367637564,0.00846329423629994,0.0
znhoughton/opt-babylm-125m-20eps-seed964,random,Number,regular,Sing+Plur,9,768,36897,200,10,0.5525630173893021,0.011269607112473459,0.4361673754982244,True,,0.4029898147128119,1,72,0.11408546712742158,0.0901619941187264,1303013.317431929,10118365.322992086,14909,400,37.16340418421464,69.1086340336945,697.3854382102203,,,,,0.06418302123159125,0.06638106566175378,0.0694881733589233,0.0
znhoughton/opt-babylm-125m-20eps-seed964,random,Number,zero,Sing+Plur,9,768,787,3,10,0.8616475361636254,0.12872858808240173,0.009623875753972812,False,,,1,2,0.07775872300168168,0.08034754849050178,12260.0869944641,145408.230091954,219,6,29.66575342465753,59.642835516578955,682.6677469105822,,,,,,,,
znhoughton/opt-babylm-125m-20eps-seed964,random,Tense,regular,Pres+Past,9,768,11573,81,10,0.5423240588506287,0.015491994616041784,0.4421839465333295,True,,0.2671473991598416,1,40,0.10614036907660748,0.07554664400124708,384301.71890300565,3236391.540846576,4742,162,29.09840699340635,57.74651137870373,706.6357076084226,,,,,0.0314435571933417,0.03376845791888419,0.03692699761796161,0.0
znhoughton/opt-babylm-125m-20eps-seed964,random,Tense,zero,Pres+Past,9,768,352,4,10,0.7080707841413376,0.1737516888609489,0.11817752699771346,True,0.04874712995462374,0.0821993455161459,1,3,0.08330762680619448,0.06270398104918164,13917.594420511869,153145.07383781622,222,8,26.581724581724583,47.87486922785107,715.6311861580198,6.476358261522897e-05,0.000975533501311053,0.004408304246943663,0.0,0.001179899164957845,0.0035244957425892382,0.008025456725013412,0.0
znhoughton/opt-babylm-125m-20eps-seed964,random,Number,regular,Sing+Plur,10,768,36897,200,10,0.5528645331071295,0.011230965328905091,0.4359045015639654,True,,0.4061967730622633,1,71,0.1128134703098483,0.0888492421726763,1288054.3480043563,10129503.719012333,14909,400,37.16340418421464,68.0791578316701,698.1531269565327,,,,,0.06348926679000805,0.06637446892277735,0.06931919634315148,0.0
znhoughton/opt-babylm-125m-20eps-seed964,random,Number,zero,Sing+Plur,10,768,787,3,10,0.8631479254895731,0.12531579695290826,0.011536277557518541,False,,,1,2,0.07755215985160821,0.08005255839209567,12208.15011550028,145210.42002954666,219,6,29.66575342465753,59.323993452520654,681.7390611715806,,,,,,,,
znhoughton/opt-babylm-125m-20eps-seed964,random,Tense,regular,Pres+Past,10,768,11573,81,10,0.5426599713703866,0.015243624403397292,0.44209640422621616,True,,0.26632891437539447,1,40,0.10531526771896346,0.07468383733639741,381042.0362680626,3237066.1879343693,4742,162,29.09840699340635,57.04565586947764,706.7830104660195,,,,,0.03133651349198754,0.03379285727994657,0.036584828147574154,0.0
znhoughton/opt-babylm-125m-20eps-seed964,random,Tense,zero,Pres+Past,10,768,352,4,10,0.7049808458705608,0.17235780470989487,0.12266134941954433,True,0.05092123867333579,0.0795315195160875,1,3,0.0824528655618383,0.061676071348052953,13780.780081710594,153354.46728425554,222,8,26.581724581724583,47.10278314559848,716.6096602068017,9.332884347180673e-05,0.0009223190109090749,0.004360123879640288,0.0,0.0010278948372907967,0.0035938581182595403,0.00797092222721268,0.0
znhoughton/opt-babylm-125m-20eps-seed964,random,Number,regular,Sing+Plur,11,768,36897,200,10,0.5536288908883832,0.011121787360566834,0.4352493217510499,True,,0.4116172470728653,1,71,0.1112824263289107,0.08726911864048462,1270983.1767615688,10150255.725821316,14909,400,37.16340418421464,66.88940741930661,699.5834120767328,,,,,0.06340174587005842,0.0662818070678797,0.06938012392246341,0.0
znhoughton/opt-babylm-125m-20eps-seed964,random,Number,zero,Sing+Plur,11,768,787,3,10,0.8591473280451293,0.1294922466961969,0.011360425258673744,False,,,1,2,0.07579125568409767,0.07753551491651414,11933.343886560426,145516.79701490834,219,6,29.66575342465753,57.42282362267471,683.1774507742176,,,,,,,,
znhoughton/opt-babylm-125m-20eps-seed964,random,Tense,regular,Pres+Past,11,768,11573,81,10,0.5441532881979837,0.014850358424892029,0.44099635337712423,True,,0.26573366435188917,1,39,0.10423970560319182,0.07355909790877212,377091.21991123643,3240447.967571752,4742,162,29.09840699340635,56.17696185921125,707.5213902995092,,,,,0.02980508633117796,0.032710748058514205,0.035279799827659,0.0
znhoughton/opt-babylm-125m-20eps-seed964,random,Tense,zero,Pres+Past,11,768,352,4,10,0.7130685690405106,0.17085390684252355,0.11607752411696574,True,0.05815329004752467,0.07812717115524348,1,3,0.0823320193396667,0.06153071816411214,13756.446600192596,153328.56735336268,222,8,26.581724581724583,46.976561691431336,716.488632492349,8.513001322253517e-05,0.0008959126470031689,0.004241761685403481,0.0,0.0011403853367450195,0.0037106099415425454,0.00828254489234552,0.0
znhoughton/opt-babylm-125m-20eps-seed964,random,Number,regular,Sing+Plur,12,768,36897,200,10,0.5528092392800048,0.011162746902833262,0.4360280138171619,True,,0.4169117714620147,1,70,0.10994723716957447,0.08589110647340997,1254533.2430734963,10155787.519590117,14909,400,37.16340418421464,65.76977989152886,699.9646784471788,,,,,0.06333640881981432,0.0663372714451752,0.06966994214629897,0.0
znhoughton/opt-babylm-125m-20eps-seed964,random,Number,zero,Sing+Plur,12,768,787,3,10,0.8505941211131625,0.135262463159989,0.014143415726848543,False,,,1,2,0.07485323290983283,0.07619300410443965,11748.80727610067,145209.10648900177,219,6,29.66575342465753,56.22741270137917,681.7328943145624,,,,,,,,
znhoughton/opt-babylm-125m-20eps-seed964,random,Tense,regular,Pres+Past,12,768,11573,81,10,0.545317041527528,0.014946934099863156,0.43973602437260895,True,,0.2686948497703737,1,39,0.10323465413534562,0.07250806593695647,373695.32592089876,3246167.878453924,4742,162,29.09840699340635,55.409174189572816,708.7702791384113,,,,,0.029603177822581116,0.03275151921938957,0.035381143337960226,0.0
znhoughton/opt-babylm-125m-20eps-seed964,random,Tense,zero,Pres+Past,12,768,352,4,10,0.7148348518643245,0.17457531359920442,0.110589834536471,True,0.056801287254459425,0.079309117233184,1,3,0.08075051961030343,0.0596278770009703,13469.001288719797,153328.70297027804,222,8,26.581724581724583,45.431731538581836,716.4892662162525,0.00010245630809179636,0.0009120220999853369,0.004316625362325864,0.0,0.0011340980028365618,0.0037939513094730295,0.008416627240425006,0.0
znhoughton/opt-babylm-125m-20eps-seed964,pretrained_noposemb,Number,regular,Sing+Plur,0,768,36787,199,10,0.6176694676721766,0.03769920276064979,0.3446313295671737,True,0.006878552830013454,0.3379952256192613,1,63,0.9943531040096675,0.9942290868475978,9938123.330738261,56438.24971378595,14863,398,37.23481110684978,672.1977040753604,3.9017110068293084,0.0010057567066077736,0.0013077522245848602,0.0017021129725673684,0.0,0.09829916976843023,0.10152159593982936,0.10530174566644764,0.0
znhoughton/opt-babylm-125m-20eps-seed964,pretrained_noposemb,Number,zero,Sing+Plur,0,768,784,3,10,1.0,1.3657368306946767e-31,6.847977417455851e-32,False,,,0,0,1.0,1.0,82522.77386325957,0.0,219,6,29.66575342465753,556.3504333226773,0.0,,,,,,,,
znhoughton/opt-babylm-125m-20eps-seed964,pretrained_noposemb,Tense,regular,Pres+Past,0,768,11548,81,10,0.6267763014716152,0.06808623439672082,0.30513746413166387,True,0.0036173112972945746,0.1949406729489491,1,47,0.7586857546870563,0.7524194568297454,2227167.5290563675,708392.4380278075,4738,162,29.074222160462917,470.4694273339249,154.8060397788041,0.0008562680200124792,0.0012726283254590074,0.0018609429756814668,0.0,0.056725440351985956,0.05979866265551652,0.06315684247537948,0.0
znhoughton/opt-babylm-125m-20eps-seed964,pretrained_noposemb,Tense,zero,Pres+Past,0,768,352,4,10,0.8695624530682371,0.07635259864917517,0.054084948282587704,True,0.0006713482584813147,0.16227328301303826,1,3,0.7245019564419419,0.749177327096003,83566.0198632967,31776.69125054592,222,8,26.581724581724583,443.5195161967846,148.48921145114915,0.00013048518383201887,0.0009742222643471946,0.0036902682989650645,0.635,0.0013415548096318535,0.0035707249064149296,0.009650952120842871,0.0
znhoughton/opt-babylm-125m-20eps-seed964,pretrained_noposemb,Number,regular,Sing+Plur,1,768,36787,199,10,0.6971293832717603,0.04962615172302327,0.2532444650052164,True,0.003120902484834101,0.3722357214379776,1,67,0.7651332045141866,0.7596712170493716,8445637.881694797,2592489.6389338057,14863,398,37.23481110684978,566.5242129379808,179.22500096327727,0.0008921649190329305,0.001239023953087485,0.001906270170190814,0.0,0.07244675778975875,0.07553719476502788,0.07849881114856427,0.0
znhoughton/opt-babylm-125m-20eps-seed964,pretrained_noposemb,Number,zero,Sing+Plur,1,768,784,3,10,0.9925058905953339,0.004816549838599472,0.002677559566066661,False,,,1,2,0.6286736968455522,0.7056666657661362,86927.88101162686,51343.97837711204,219,6,29.66575342465753,577.9231161005549,241.05154167658236,,,,,,,,
znhoughton/opt-babylm-125m-20eps-seed964,pretrained_noposemb,Tense,regular,Pres+Past,1,768,11548,81,10,0.7642037025043591,0.04892091089668668,0.18687538659895422,True,0.0030653085623479934,0.21178759434060163,1,47,0.6432522549759608,0.6334686715121858,2406137.0351205883,1334443.7658134229,4738,162,29.074222160462917,503.9974067753401,291.6179558158704,0.0008163829830052212,0.001226119498569931,0.0018209561142802984,0.0,0.04158371587491295,0.044132602649179974,0.04733959133414974,0.0
znhoughton/opt-babylm-125m-20eps-seed964,pretrained_noposemb,Tense,zero,Pres+Past,1,768,352,4,10,0.9215301332049395,0.05083108084334325,0.027638785951717336,True,0.001823611993948927,0.035140082487194656,1,3,0.4764230700288014,0.502213588908061,66289.67458623604,72850.67934798592,222,8,26.581724581724583,343.4513719747585,340.42373527096225,0.0001294490638030583,0.0011027987996052443,0.0037204773323143278,0.285,0.001367871279136354,0.003746362590645009,0.009011487676018101,0.0
znhoughton/opt-babylm-125m-20eps-seed964,pretrained_noposemb,Number,regular,Sing+Plur,2,768,36787,199,10,0.702145962535255,0.05856487138309001,0.23928916608165504,True,0.00428891695565262,0.3914818541689708,1,58,0.7582122564836351,0.7525798609643043,8371263.484115595,2669528.078578269,14863,398,37.23481110684978,561.3498372005913,184.55085230406286,0.0008827030549033811,0.0012313105726504418,0.001867940611755271,0.0,0.06346015191015844,0.06641184710430398,0.0695152079139173,0.0
znhoughton/opt-babylm-125m-20eps-seed964,pretrained_noposemb,Number,zero,Sing+Plur,2,768,784,3,10,0.9930806565929697,0.004410850170593216,0.0025084932364369938,False,,,1,2,0.6243455540837776,0.7017553428790211,83658.87545961459,50335.63272965787,219,6,29.66575342465753,556.0437765136909,236.31752455238436,,,,,,,,
znhoughton/opt-babylm-125m-20eps-seed964,pretrained_noposemb,Tense,regular,Pres+Past,2,768,11548,81,10,0.7756497283216741,0.05455925381978848,0.16979101785853742,True,0.0035518369617955747,0.2307581182341123,1,43,0.6449631215753442,0.6352341351238724,2429494.0754592386,1337378.7800384792,4738,162,29.074222160462917,508.96515418217393,292.2593487846327,0.0007942700730630849,0.0012165192958373669,0.0018125570163149826,0.0,0.03739417389540208,0.04052069598108813,0.042930853832069515,0.0
znhoughton/opt-babylm-125m-20eps-seed964,pretrained_noposemb,Tense,zero,Pres+Past,2,768,352,4,10,0.9266169773889545,0.050137537228126396,0.02324548538291899,True,0.005729345123315829,0.03132867399932522,1,3,0.4813459825655287,0.5073268548125065,67693.31382738832,72940.06897678373,222,8,26.581724581724583,350.97918238571185,340.8414438167464,0.00014820667412913946,0.0011023011365476295,0.004194950267282486,0.005,0.001141502739936889,0.003932199441482019,0.009509639317295435,0.0
znhoughton/opt-babylm-125m-20eps-seed964,pretrained_noposemb,Number,regular,Sing+Plur,3,768,36787,199,10,0.6992320770457244,0.06399464470311644,0.2367732782511592,True,0.004584833591163229,0.4015394729871942,1,55,0.7508010703847571,0.744985595051779,8296099.682269372,2753564.482457958,14863,398,37.23481110684978,556.1090663411292,190.36048962723527,0.0008885373585824952,0.0012192870844014829,0.0019152710825062688,0.0,0.062428446645245286,0.06511717255092198,0.0673955567897031,0.0
znhoughton/opt-babylm-125m-20eps-seed964,pretrained_noposemb,Number,zero,Sing+Plur,3,768,784,3,10,0.9918332345434162,0.004826771278263862,0.0033399941783199385,False,,,1,2,0.610657561382103,0.689302033224404,79916.84771498531,50953.304018024064,219,6,29.66575342465753,530.7180953022714,239.21738975598151,,,,,,,,
znhoughton/opt-babylm-125m-20eps-seed964,pretrained_noposemb,Tense,regular,Pres+Past,3,768,11548,81,10,0.7774469510659012,0.05525733804277182,0.16729571089132697,True,0.003255352837324834,0.23818952223344728,1,41,0.6384342551696756,0.6284965207925006,2410644.561517236,1365225.1415840853,4738,162,29.074222160462917,504.72899501857137,298.3446550664522,0.0008070848412132479,0.0012407422219745355,0.00187431288800479,0.0,0.03744079850358327,0.0404582742837967,0.04295941636377493,0.0
znhoughton/opt-babylm-125m-20eps-seed964,pretrained_noposemb,Tense,zero,Pres+Past,3,768,352,4,10,0.9266578624106848,0.04975206304150612,0.02359007454780912,True,0.004648892169295185,0.026432485001809215,1,3,0.47571239020607964,0.5014746871163599,67635.25221376351,74541.52015170667,222,8,26.581724581724583,350.3856192070379,348.3248605219938,0.00012165097106927339,0.0010762884095556918,0.00453351860803353,0.025,0.0011789920295352094,0.0036790862871569447,0.009086176218480513,0.0
znhoughton/opt-babylm-125m-20eps-seed964,pretrained_noposemb,Number,regular,Sing+Plur,4,768,36787,199,10,0.6969549721242675,0.0719426827221846,0.23110234515354783,True,0.005499353366643893,0.4015000981785138,1,53,0.7083053705521538,0.7014281111397918,7839205.337004711,3228344.9921615375,14863,398,37.23481110684978,524.3191889683513,223.18320028769702,0.0008568914217349587,0.0012099403729268158,0.0018449301025019375,0.0,0.05838324532993353,0.06118452734311045,0.06434489608854646,0.0
znhoughton/opt-babylm-125m-20eps-seed964,pretrained_noposemb,Number,zero,Sing+Plur,4,768,784,3,10,0.9916026856017426,0.005897739490419208,0.002499574907838088,False,,,1,2,0.5656600815156123,0.6474474317028877,73475.15909437025,56417.61837987392,219,6,29.66575342465753,486.42487397900294,264.87144779283534,,,,,,,,
znhoughton/opt-babylm-125m-20eps-seed964,pretrained_noposemb,Tense,regular,Pres+Past,4,768,11548,81,10,0.7816713205284085,0.05518226204928799,0.16314641742230368,True,0.0033694642921689773,0.24591042535546417,1,41,0.6030569279890997,0.591969240454053,2273057.9490031893,1496168.2110920562,4738,162,29.074222160462917,474.3518998238763,326.9598363400473,0.0007368501967099504,0.0012218196375023355,0.0018652906200160662,0.0,0.03700315188842979,0.040493259015063066,0.04315368139882303,0.0
znhoughton/opt-babylm-125m-20eps-seed964,pretrained_noposemb,Tense,zero,Pres+Past,4,768,352,4,10,0.9256766660200267,0.05057726263510925,0.023746071344863996,True,0.00524504121758131,0.02395862181985257,1,3,0.4454969976960598,0.4698850536152509,64054.42511272648,79727.5205434541,222,8,26.581724581724583,330.22965175794525,372.55850721240233,0.00013484887213295653,0.001101264328901005,0.004364759929988815,0.01,0.0012707520326075373,0.0036975270104973087,0.008648774535253137,0.0
znhoughton/opt-babylm-125m-20eps-seed964,pretrained_noposemb,Number,regular,Sing+Plur,5,768,36787,199,10,0.6952410710572055,0.07723869963728852,0.22752022930550606,True,0.0056754511866971506,0.4048052256845325,1,51,0.6659450104288016,0.6579889904153301,7383213.145143476,3703607.8829012113,14863,398,37.23481110684978,492.5894456069762,256.0392591013627,0.0008318956740936514,0.0012335677256330385,0.001911249332941471,0.0,0.056687629061240453,0.059696619289751014,0.0627399990911583,0.0
znhoughton/opt-babylm-125m-20eps-seed964,pretrained_noposemb,Number,zero,Sing+Plur,5,768,784,3,10,0.9884479411579705,0.008252076915897787,0.003299981926131646,False,,,1,2,0.5090842875586367,0.5927403625287226,66969.33737974589,64579.28632833176,219,6,29.66575342465753,441.2724042726247,303.18913769169836,,,,,,,,
znhoughton/opt-babylm-125m-20eps-seed964,pretrained_noposemb,Tense,regular,Pres+Past,5,768,11548,81,10,0.7823012549653147,0.05819171966223571,0.15950702537244957,True,0.003356247455270713,0.24706593689501202,1,40,0.5724234453541333,0.5603142966542671,2152380.7654293897,1607739.0949613848,4738,162,29.074222160462917,447.73280511906154,351.34158543736555,0.0007706562378490049,0.0012312570930615154,0.001882054376832909,0.0,0.035961057032175274,0.03907579397493179,0.04231789475855224,0.0
znhoughton/opt-babylm-125m-20eps-seed964,pretrained_noposemb,Tense,zero,Pres+Past,5,768,352,4,10,0.9214638210369267,0.054893683894822416,0.023642495068250804,True,0.007196640483043621,0.025003741710355173,1,3,0.41791427385031754,0.440747232675186,61073.083074246046,85064.74206287842,222,8,26.581724581724583,313.2688901796271,397.49879468634776,0.00014213609640001783,0.001153817632803973,0.0043851391583127645,0.0,0.0013781519201833477,0.003748426305411784,0.008631939677054721,0.0
znhoughton/opt-babylm-125m-20eps-seed964,pretrained_noposemb,Number,regular,Sing+Plur,6,768,36787,199,10,0.6918873649673224,0.08104063988187449,0.22707199515080306,True,0.005881088922574724,0.39938559961105724,1,51,0.6060032830467634,0.5964860124368668,6710047.471079197,4362578.138048736,14863,398,37.23481110684978,445.8270864929495,301.5954468059963,0.0008126294749749276,0.001267478069437675,0.0018677523950818105,0.0,0.056776256792254884,0.05966108070306832,0.06256635287926134,0.0
znhoughton/opt-babylm-125m-20eps-seed964,pretrained_noposemb,Number,zero,Sing+Plur,6,768,784,3,10,0.9825473743114518,0.011925181841262978,0.005527443847285213,False,,,1,2,0.4496207412165533,0.5325793245917922,60405.76280885163,73942.4940029,219,6,29.66575342465753,395.540424496643,347.1478591685446,,,,,,,,
znhoughton/opt-babylm-125m-20eps-seed964,pretrained_noposemb,Tense,regular,Pres+Past,6,768,11548,81,10,0.7823135382153591,0.05854230827200404,0.15914415351263692,True,0.0035998911218601444,0.24467110737563955,1,40,0.5239223935787507,0.510147132274145,1948764.3754704518,1770802.4904522838,4738,162,29.074222160462917,403.00821883837506,386.97606871771933,0.0007846389339253273,0.0012156120530954014,0.0018608353683253619,0.0,0.03597363377216292,0.03923708362505521,0.042028619425619,0.0
znhoughton/opt-babylm-125m-20eps-seed964,pretrained_noposemb,Tense,zero,Pres+Past,6,768,352,4,10,0.9191294858749833,0.05970338717386052,0.021167126951156186,True,0.007494403614390584,0.02517591465306659,1,3,0.3703999801252579,0.3898684387867249,54984.23221802501,93461.32709175421,222,8,26.581724581724583,279.0697466121095,436.73517332595424,0.00010489226966468141,0.001174572966978293,0.0044716793658900215,0.0,0.0011739569466670053,0.0037368345409260206,0.00784700912189714,0.0
znhoughton/opt-babylm-125m-20eps-seed964,pretrained_noposemb,Number,regular,Sing+Plur,7,768,36787,199,10,0.6877542523556763,0.08339877533866086,0.22884697230566275,True,0.005926249403063562,0.3994009018470785,1,52,0.575331117144428,0.5649991897997725,6374353.651089991,4705098.617593416,14863,398,37.23481110684978,422.48184568741243,325.27470567531395,0.0008019820931810686,0.001229167074882263,0.0018324297849990937,0.0,0.05829149410250779,0.061188110159598845,0.06410299731321682,0.0
znhoughton/opt-babylm-125m-20eps-seed964,pretrained_noposemb,Number,zero,Sing+Plur,7,768,784,3,10,0.981898916840628,0.012957817778045139,0.005143265381326877,False,,,1,2,0.41970966164808216,0.5012254582449195,56628.95599857723,78295.1622030653,219,6,29.66575342465753,369.3891782120076,367.58292114115164,,,,,,,,
znhoughton/opt-babylm-125m-20eps-seed964,pretrained_noposemb,Tense,regular,Pres+Past,7,768,11548,81,10,0.7825411421167308,0.058407069534975604,0.15905178834829375,True,0.003546278798961893,0.24737601386768493,1,40,0.49912657501901975,0.48447635705353076,1843924.3366412392,1850377.7280624376,4738,162,29.074222160462917,380.0129326620972,404.3657622514068,0.0007839137003930351,0.0012410284840394682,0.001894905266917003,0.0,0.03761692244530408,0.040472986466997214,0.042934547724610674,0.0
znhoughton/opt-babylm-125m-20eps-seed964,pretrained_noposemb,Tense,zero,Pres+Past,7,768,352,4,10,0.9182703555280588,0.059764146131885826,0.021965498340055352,True,0.007977183334540824,0.018985486259147817,1,3,0.3533669351089973,0.371414455937863,52861.007177467036,96731.39076763745,222,8,26.581724581724583,267.08412343179384,452.0158447085862,0.00011232490160073499,0.0012538610076712885,0.0042934500422164255,0.0,0.001208623631965393,0.0036418648662147456,0.007731437359556948,0.0
znhoughton/opt-babylm-125m-20eps-seed964,pretrained_noposemb,Number,regular,Sing+Plur,8,768,36787,199,10,0.6860229356253095,0.08420321756064485,0.22977384681404575,True,0.006033483767080541,0.39178985479572426,1,55,0.5205959388241894,0.5087836997862966,5782760.530601493,5325202.669538627,14863,398,37.23481110684978,381.30993632767405,368.1439799197115,0.0008218396296992037,0.0012522142795169517,0.0017977587286546867,0.0,0.059793602535108986,0.06236739866592693,0.06570836415592614,0.0
znhoughton/opt-babylm-125m-20eps-seed964,pretrained_noposemb,Number,zero,Sing+Plur,8,768,784,3,10,0.9803859829294667,0.015559420138294566,0.004054596932238938,False,,,1,2,0.37897350593527174,0.45728606652826137,52572.716684182924,86151.27288452926,219,6,29.66575342465753,340.79961234198385,404.46606988041907,,,,,,,,
znhoughton/opt-babylm-125m-20eps-seed964,pretrained_noposemb,Tense,regular,Pres+Past,8,768,11548,81,10,0.7825376153127458,0.0562196479779766,0.16124273670927752,True,0.003318370785002683,0.2362572844016139,1,42,0.45306559997782775,0.4367483868743921,1671909.736009421,2018305.8444523078,4738,162,29.074222160462917,342.0029305267412,441.06334013380854,0.0007908274656217125,0.0012279508780855064,0.001903816314671123,0.0,0.03794376864072743,0.040457565118439745,0.04330796220535146,0.0
znhoughton/opt-babylm-125m-20eps-seed964,pretrained_noposemb,Tense,zero,Pres+Past,8,768,352,4,10,0.9198700728085851,0.06093839376921143,0.019191533422203446,False,0.007789481594269723,,1,3,0.315911891797427,0.3304285789985009,48489.08785667933,105000.18910846926,222,8,26.581724581724583,242.13468324351652,490.6550892919124,0.00014476050324545132,0.0011864144356941064,0.004539741677433779,0.0,,,,
znhoughton/opt-babylm-125m-20eps-seed964,pretrained_noposemb,Number,regular,Sing+Plur,9,768,36787,199,10,0.6886834594637199,0.083254810453241,0.2280617300830391,True,0.006982849060487636,0.3644796834522688,1,61,0.4477292452557908,0.43389349865614585,5000439.168847664,6168005.202015086,14863,398,37.23481110684978,326.8220077733776,426.408932043905,0.0008320702626743091,0.0012595664048559198,0.0018079601718572098,0.0,0.06009160328119661,0.062242932115492734,0.06546651259359113,0.0
znhoughton/opt-babylm-125m-20eps-seed964,pretrained_noposemb,Number,zero,Sing+Plur,9,768,784,3,10,0.9807590770454342,0.019240922954565753,0.0,False,,,1,2,0.3212868625108201,0.392488519882753,46580.46329310723,98400.45167206199,219,6,29.66575342465753,298.46262727142016,461.9739515120281,,,,,,,,
znhoughton/opt-babylm-125m-20eps-seed964,pretrained_noposemb,Tense,regular,Pres+Past,9,768,11548,81,10,0.7881953767567802,0.05224569419919976,0.15955892904401997,True,0.0037667544477274282,0.23003484381759715,1,43,0.3959241370988117,0.3774635097343492,1462972.2821723789,2232110.045701109,4738,162,29.074222160462917,295.7602108028779,487.78628621090667,0.000739472183869827,0.001232937249011189,0.0018654139050698355,0.0,0.037490621064888666,0.04042107469562667,0.043095656385581556,0.0
znhoughton/opt-babylm-125m-20eps-seed964,pretrained_noposemb,Tense,zero,Pres+Past,9,768,352,4,10,0.9138664448976829,0.06370648897110644,0.0224270661312107,True,0.012207519057175813,0.011148267687817185,1,3,0.2737144025072414,0.28357216160906273,42924.326437247495,113897.258558127,222,8,26.581724581724583,210.66415147361474,532.2301801781636,0.00018150350673208897,0.001120219171944686,0.0037878506670181466,0.0,0.0009765810171206365,0.0035036222815223584,0.007601615053115994,0.0
znhoughton/opt-babylm-125m-20eps-seed964,pretrained_noposemb,Number,regular,Sing+Plur,10,768,36787,199,10,0.6879819740748832,0.08339833911572736,0.22861968680938957,True,0.007686814793622901,0.34351839816621926,1,66,0.3857280406734588,0.37012295972666376,4319701.302263132,6879124.934795455,14863,398,37.23481110684978,279.4505747827422,475.57033769757726,0.0008830616228514231,0.0012666969952250774,0.0018150280049227922,0.0,0.061354459057127456,0.06379832338701827,0.06663854709186401,0.0
znhoughton/opt-babylm-125m-20eps-seed964,pretrained_noposemb,Number,zero,Sing+Plur,10,768,784,3,10,0.9775464720158605,0.02245352798413949,0.0,False,,,1,2,0.28068516973294155,0.34496458909620387,42433.59481886162,108745.0187831151,219,6,29.66575342465753,268.86824195254627,510.5399942869253,,,,,,,,
znhoughton/opt-babylm-125m-20eps-seed964,pretrained_noposemb,Tense,regular,Pres+Past,10,768,11548,81,10,0.7880199358399782,0.04975682613427083,0.16222323802575098,True,0.003720333418667686,0.22556985277593317,1,45,0.34671781696314835,0.3263443896010249,1273908.9926036105,2400286.3624594687,4738,162,29.074222160462917,254.10620000323004,524.5381036843245,0.0007632739579942102,0.0012538857918368055,0.001989133162639627,0.0,0.03926526500606906,0.041473793144439025,0.04457364651893827,0.0
znhoughton/opt-babylm-125m-20eps-seed964,pretrained_noposemb,Tense,zero,Pres+Past,10,768,352,4,10,0.910198368297346,0.06770665869582211,0.022094973006831956,True,0.014413881528357202,0.012057764646895034,1,3,0.23431874453126314,0.23916115455039708,37289.382076014736,121850.17865613801,222,8,26.581724581724583,178.98241362987204,569.3933582062524,0.00011590250952706717,0.0011051121448160252,0.0035866852310943017,0.0,0.000892214329482401,0.0035431275978075015,0.008173513787265684,0.0
znhoughton/opt-babylm-125m-20eps-seed964,pretrained_noposemb,Number,regular,Sing+Plur,11,768,36787,199,10,0.6864883913993182,0.08553150195351006,0.22798010664717167,True,0.009665520699152972,0.3347204661486969,1,69,0.34916461919365743,0.33249560683234325,3909723.425755965,7287640.828345371,14863,398,37.23481110684978,250.9575728528007,503.8120171687087,0.0008959371780149838,0.0012710355997858965,0.0018095096157487076,0.0,0.06127536827720326,0.06391424681793051,0.06650447612968698,0.0
znhoughton/opt-babylm-125m-20eps-seed964,pretrained_noposemb,Number,zero,Sing+Plur,11,768,784,3,10,0.974229355486991,0.025770644513009096,0.0,False,,,1,2,0.2599037562645209,0.31999574164162187,39881.073414138176,113564.47114947569,219,6,29.66575342465753,250.89698700936884,533.1665312181957,,,,,,,,
znhoughton/opt-babylm-125m-20eps-seed964,pretrained_noposemb,Tense,regular,Pres+Past,11,768,11548,81,10,0.7881465228533457,0.04764383511176494,0.1642096420348893,True,0.0038390004996212493,0.23261500097080529,1,45,0.3166036637284302,0.2950289551069303,1159577.608697331,2502975.107976124,4738,162,29.074222160462917,228.90953136632072,546.9788260437334,0.0008074640609082731,0.0012714003408358207,0.0018481871937348268,0.0,0.04016253243316306,0.0429329865644061,0.04575217777886356,0.0
znhoughton/opt-babylm-125m-20eps-seed964,pretrained_noposemb,Tense,zero,Pres+Past,11,768,352,4,10,0.9044993575158817,0.07181236373630631,0.02368827874781209,True,0.014831693722562163,0.011128608504701203,1,3,0.21291209152460444,0.21475450158015927,34214.72701972191,126484.11715920537,222,8,26.581724581724583,161.64379613592797,591.0472764448849,0.000125670403828948,0.0010751146334191308,0.003562901245178906,0.0,0.0012531500280814315,0.0036736566775901103,0.007681125660588607,0.0
znhoughton/opt-babylm-125m-20eps-seed964,pretrained_noposemb,Number,regular,Sing+Plur,12,768,36787,199,10,0.6823031185716233,0.08645211261870402,0.23124476880967287,True,0.009317050861480524,0.33516075776919885,1,71,0.32305982520311793,0.30562188895352216,3596114.280689592,7535304.732580168,14863,398,37.23481110684978,229.28245105304194,520.9336144196452,0.0009300684445861947,0.001275636023115062,0.001855426320489172,0.0,0.06255236041288263,0.06492122096634387,0.06774511825657319,0.0
znhoughton/opt-babylm-125m-20eps-seed964,pretrained_noposemb,Number,zero,Sing+Plur,12,768,784,3,10,0.9719808088812889,0.028019191118711057,0.0,False,,,1,2,0.24200857065954756,0.29813301237837514,34676.15553118173,108608.66879003373,219,6,29.66575342465753,216.59086694293808,509.89985347433674,,,,,,,,
znhoughton/opt-babylm-125m-20eps-seed964,pretrained_noposemb,Tense,regular,Pres+Past,12,768,11548,81,10,0.7867925548308901,0.04629629372232996,0.16691115144677984,True,0.0042017878672270075,0.22601860785004046,1,45,0.29415822918927026,0.27167299395456146,1056028.508077165,2533973.073682714,4738,162,29.074222160462917,206.5551535592893,553.7528570110826,0.0008014985171851401,0.0012741154468663585,0.0019105271659552907,0.0,0.040153704708649804,0.04295663194998619,0.04563000034580769,0.0
znhoughton/opt-babylm-125m-20eps-seed964,pretrained_noposemb,Tense,zero,Pres+Past,12,768,352,4,10,0.9001153003285917,0.07304175251578228,0.02684294715562594,True,0.014244259613076701,0.021773939922809828,1,3,0.19974375224156718,0.19964325339097663,32349.536401816444,129605.6488732323,222,8,26.581724581724583,151.07102842522556,605.6338732394033,0.00010851455208621439,0.0011507735086683651,0.003918523709517099,0.0,0.001035405286212497,0.0035644627906467937,0.0079334496087609,0.0
EleutherAI/pythia-410m,random,Number,regular,Sing+Plur,0,1024,36832,199,10,0.4985927621022095,0.0024019444109901486,0.4990052934868003,True,,0.1645727169056785,1,164,0.8967416035461862,0.8944174461982213,13579097.33525717,1563611.8705589809,14865,398,37.23979899701851,915.5848055704603,108.08127950224517,,,,,0.15786866893774554,0.16022422410855547,0.16241624081211017,0.0
EleutherAI/pythia-410m,random,Number,zero,Sing+Plur,0,1024,784,3,10,0.9976795231259716,0.0023204768740284374,0.0,False,,,1,2,0.8232570055819213,0.8693677800145277,123365.08076500273,26484.941680663323,219,6,29.66575342465753,827.5088568420186,124.34244920499214,,,,,,,,
EleutherAI/pythia-410m,random,Tense,regular,Pres+Past,0,1024,11551,81,10,0.4933451285882171,0.006232409850261382,0.5004224615615215,True,,0.212779367154974,1,73,0.7004808749090153,0.6924731492290155,3360559.10733499,1436943.9048228925,4735,162,29.056249549082754,707.5522404970101,314.22346486396077,,,,,0.06970951047796294,0.07234382027649058,0.07467878085212741,0.0
EleutherAI/pythia-410m,random,Tense,zero,Pres+Past,0,1024,352,4,10,0.8094528686394954,0.04973607727888997,0.14081105408161462,True,0.0005303830074508475,0.29070439620645755,1,3,0.6737238349532695,0.7003468482407935,127191.3499767771,61597.2060724523,222,8,26.581724581724583,672.731198733668,287.83741155351544,7.012614082211391e-05,0.000811183890471794,0.002809534266643222,0.675,0.0010285501670843056,0.002684627045990204,0.006215585648522272,0.0
EleutherAI/pythia-410m,random,Number,regular,Sing+Plur,1,1024,36832,199,10,0.49600837447642454,0.0028102606294656152,0.5011813648941098,True,,0.25643880139487096,1,144,0.8172322854144571,0.8130364751865,12472711.413307562,2789425.969067218,14865,398,37.23979899701851,838.4738081810548,192.81302060325,,,,,0.13819730846260878,0.14061208704581102,0.1428989401196825,0.0
EleutherAI/pythia-410m,random,Number,zero,Sing+Plur,1,1024,784,3,10,0.9950484512306998,0.004811268831564746,0.0001402799377352945,False,,,1,2,0.6779140234928506,0.7492934106754612,108500.95321988227,51550.24716810696,219,6,29.66575342465753,723.3313914887635,242.0199397563707,,,,,,,,
EleutherAI/pythia-410m,random,Tense,regular,Pres+Past,1,1024,11551,81,10,0.4913314678060231,0.006361581924309953,0.5023069502696669,True,,0.24316858814506664,1,69,0.6303760644963986,0.62016711436455,3078879.9246998257,1805315.5549612134,4735,162,29.056249549082754,644.5670384438495,394.77707302891173,,,,,0.0650085174996775,0.06764904761047749,0.06953537094034076,0.0
EleutherAI/pythia-410m,random,Tense,zero,Pres+Past,1,1024,352,4,10,0.7932464618278988,0.05480209907209462,0.15195143910000644,True,0.0010793015785043097,0.2487963074091037,1,3,0.5740500150403028,0.6019665464641987,109838.1346099511,81500.82842838207,222,8,26.581724581724583,575.9715494534166,380.84499265599095,0.00010062772706200633,0.0007289556440979227,0.002702457765224849,0.345,0.0009571141258149787,0.0027053573698337264,0.006559911644657197,0.0
EleutherAI/pythia-410m,random,Number,regular,Sing+Plur,2,1024,36832,199,10,0.497405770330437,0.002956316114612283,0.4996379135549508,True,,0.2940066374776509,1,136,0.7616680662596258,0.7561218426342607,11610891.042649355,3633139.207519505,14865,398,37.23979899701851,778.614408405399,251.13286842603893,,,,,0.12955219106666147,0.13194163181333965,0.1342875580992815,0.0
EleutherAI/pythia-410m,random,Number,zero,Sing+Plur,2,1024,784,3,10,0.9926223692687571,0.005863911732906099,0.0015137189983368054,False,,,1,2,0.610895195374285,0.6895193220694864,105977.01010639458,67501.20826699478,219,6,29.66575342465753,703.7911574785577,316.9070810657032,,,,,,,,
EleutherAI/pythia-410m,random,Tense,regular,Pres+Past,2,1024,11551,81,10,0.489252163497886,0.006876043085587212,0.5038717934165269,True,,0.2609588813894534,1,67,0.5846955870701048,0.5729852363158514,2859275.5979676703,2030919.6783391507,4735,162,29.056249549082754,595.9256619836603,444.111016474776,,,,,0.06290903478043226,0.06532508352198768,0.06828103075501969,0.0
EleutherAI/pythia-410m,random,Tense,zero,Pres+Past,2,1024,352,4,10,0.8020718519405811,0.051218680590657456,0.14670946746876148,True,0.00074098438741915,0.25636078077985497,1,3,0.5233785611717096,0.5506218900275709,103208.44938497274,93988.1059227488,222,8,26.581724581724583,538.1467029057907,439.19675664835887,9.461789777051328e-05,0.0007321789291851921,0.0028874488041057975,0.485,0.0009674931185448763,0.0026078485203769454,0.005629418498985489,0.0
EleutherAI/pythia-410m,random,Number,regular,Sing+Plur,3,1024,36832,199,10,0.4973703782004043,0.002835760474393171,0.49979386132520265,True,,0.31600081072728176,1,130,0.720683261429115,0.7141185654292648,11012374.02879321,4268089.134671515,14865,398,37.23979899701851,736.9522859023165,295.0224051062083,,,,,0.12425798123385086,0.12685681484045788,0.12940088837929595,0.0
EleutherAI/pythia-410m,random,Number,zero,Sing+Plur,3,1024,784,3,10,0.990487958064305,0.007136402299171724,0.0023756396365233294,False,,,1,2,0.5531820128962014,0.6355853502121313,98258.67672000069,79365.82015321538,219,6,29.66575342465753,649.8781805315065,372.6094842873961,,,,,,,,
EleutherAI/pythia-410m,random,Tense,regular,Pres+Past,3,1024,11551,81,10,0.4868669414521179,0.007053423088410153,0.506079635459472,True,,0.26774996682120816,1,65,0.5518245295966302,0.5390009852677683,2692243.8386434666,2186560.3722012904,4735,162,29.056249549082754,559.048946557191,478.1457188281851,,,,,0.061724398222206475,0.0645187949336627,0.06679110246190863,0.0
EleutherAI/pythia-410m,random,Tense,zero,Pres+Past,3,1024,352,4,10,0.8031525745523165,0.05078366220678931,0.14606376324089423,True,0.0006704512978215368,0.2526280776821732,1,3,0.48063012646723763,0.5065838766746413,95497.01103495545,103194.26064392264,222,8,26.581724581724583,495.08503243109294,482.2161712332834,5.413078028837323e-05,0.0007121918217491471,0.0027704199780596832,0.535,0.0008208605714177349,0.002825507083282163,0.005861574516968153,0.0
EleutherAI/pythia-410m,random,Number,regular,Sing+Plur,4,1024,36832,199,10,0.49837897141405596,0.002903726313389109,0.49871730227255495,True,,0.33299096575758264,1,126,0.6878892685802225,0.6804959407035303,10514886.561134154,4770838.978437765,14865,398,37.23979899701851,702.3691631597497,329.77389772846925,,,,,0.12079178267380503,0.12293225920325451,0.12536994618227543,0.0
EleutherAI/pythia-410m,random,Number,zero,Sing+Plur,4,1024,784,3,10,0.9894562993291052,0.00781013864172016,0.0027335620291746242,False,,,1,2,0.5226623328319796,0.6060887434601485,94967.56116111917,86732.0854281988,219,6,29.66575342465753,626.5244329658933,407.1928893342667,,,,,,,,
EleutherAI/pythia-410m,random,Tense,regular,Pres+Past,4,1024,11551,81,10,0.4907422471687328,0.007088207219304931,0.5021695456119623,True,,0.27199617092916295,1,64,0.5247945838879143,0.5110350598766968,2559636.9167120904,2317770.3494779468,4735,162,29.056249549082754,529.7148855339586,506.83803837261024,,,,,0.061138398419159676,0.06342820539676519,0.06584915962983756,0.0
EleutherAI/pythia-410m,random,Tense,zero,Pres+Past,4,1024,352,4,10,0.8012343609471452,0.053351307491453816,0.14541433156140102,True,0.0006672533986646008,0.2572340806878966,1,3,0.4489820381979644,0.473546065813112,90601.83192416717,111192.05784435663,222,8,26.581724581724583,467.37109749092565,519.5890553474609,7.247444294211949e-05,0.0008531459835343241,0.0025854787721780906,0.625,0.001138058982036384,0.0028577936946253884,0.00633321532196036,0.0
EleutherAI/pythia-410m,random,Number,regular,Sing+Plur,5,1024,36832,199,10,0.49840740066637956,0.0027822755420598326,0.4988103237915605,True,,0.34133709489911707,1,124,0.6614747719501911,0.6534051466720591,10110356.96079418,5174212.291917227,14865,398,37.23979899701851,674.2581480256861,357.65620321540246,,,,,0.11824217461061654,0.12014669941592176,0.12284864596791914,0.0
EleutherAI/pythia-410m,random,Number,zero,Sing+Plur,5,1024,784,3,10,0.9875402251944922,0.008462759805848775,0.003997014999659054,False,,,1,2,0.5008377989241085,0.5845641917238346,92605.66869853929,92295.84811483475,219,6,29.66575342465753,609.7205636368209,433.3138409147171,,,,,,,,
EleutherAI/pythia-410m,random,Tense,regular,Pres+Past,5,1024,11551,81,10,0.4902314584294385,0.0071723391210972275,0.5025962024494643,True,,0.275651935634826,1,64,0.5035743696761322,0.4890670039698384,2457463.644439312,2422577.5022532814,4735,162,29.056249549082754,507.0851485739976,529.7567247437746,,,,,0.060251689781301195,0.06250573548204447,0.06479019001377279,0.0
EleutherAI/pythia-410m,random,Tense,zero,Pres+Past,5,1024,352,4,10,0.7984958354424571,0.054522558036713284,0.14698160652082976,True,0.0005740252175480402,0.23966108035550662,1,3,0.4222946809855309,0.4453939524637164,85753.42310147823,117311.9408793113,222,8,26.581724581724583,440.2386436175584,548.18663962295,6.316513799625697e-05,0.0008350305265115946,0.0026994352736474905,0.635,0.0012316714458490445,0.0028443146215779494,0.006626027151863171,0.0
EleutherAI/pythia-410m,random,Number,regular,Sing+Plur,6,1024,36832,199,10,0.4985735121258424,0.002797993292393042,0.4986284945817645,True,,0.35291835114038245,1,122,0.6392187624528876,0.6305731704497725,9766792.288575573,5512471.810458779,14865,398,37.23979899701851,650.3916482972269,381.037658841417,,,,,0.11556489051514333,0.1180093119345183,0.1204253232051617,0.0
EleutherAI/pythia-410m,random,Number,zero,Sing+Plur,6,1024,784,3,10,0.9862873756934133,0.008989871835284142,0.004722752471302545,False,,,1,2,0.48158221332509205,0.5652659869464451,89652.55022582578,96509.9527595281,219,6,29.66575342465753,589.1443721390627,453.0983697630427,,,,,,,,
EleutherAI/pythia-410m,random,Tense,regular,Pres+Past,6,1024,11551,81,10,0.4893850070584292,0.0072808122941873075,0.5033341806473834,True,,0.28081966670992337,1,63,0.48530452591774703,0.47014410017446256,2370005.9426767677,2513537.9274219293,4735,162,29.056249549082754,487.70528010525413,549.6474803021931,,,,,0.06006313953439873,0.06249833820499158,0.06482910936120771,0.0
EleutherAI/pythia-410m,random,Tense,zero,Pres+Past,6,1024,352,4,10,0.7990838702106678,0.05532490137323927,0.1455912284160928,True,0.0009609346638842956,0.2313185398910424,1,3,0.40825106510490655,0.43047052861344054,84046.29840873419,121822.84828200909,222,8,26.581724581724583,430.27112018444313,569.2656461776126,9.068244313394354e-05,0.00078408115196203,0.002717662173655711,0.37,0.0010188315913906838,0.00293536672812106,0.005957352794031965,0.0
EleutherAI/pythia-410m,random,Number,regular,Sing+Plur,7,1024,36832,199,10,0.4977483461805945,0.002872665415539795,0.4993789884038658,True,,0.3613453115427832,1,120,0.618997799789127,0.6098240356854806,9453721.158007778,5818903.6578289885,14865,398,37.23979899701851,628.6468020004075,402.2190957233005,,,,,0.11503916200913303,0.11706633096233081,0.11980901357769383,0.0
EleutherAI/pythia-410m,random,Number,zero,Sing+Plur,7,1024,784,3,10,0.9860795922084792,0.009849859656867823,0.0040705481346530355,False,,,1,2,0.4572101058064461,0.5404161203158677,85234.03736841255,101187.9954912357,219,6,29.66575342465753,558.6153914504154,475.0610116959423,,,,,,,,
EleutherAI/pythia-410m,random,Tense,regular,Pres+Past,7,1024,11551,81,10,0.489824025027699,0.00735769802890006,0.5028182769434009,True,,0.2822800716586292,1,62,0.4698382463781322,0.45411832025786975,2293873.4321858846,2588388.601330527,4735,162,29.056249549082754,470.86757042171183,566.015438733988,,,,,0.059054377486723646,0.06157730033379078,0.06375390913453523,0.0
EleutherAI/pythia-410m,random,Tense,zero,Pres+Past,7,1024,352,4,10,0.7980665695347141,0.057089693556783734,0.14484373690850216,True,0.0023313280452664387,0.23396380305366532,1,3,0.3961975597142185,0.417601370286213,82267.24676371196,125374.73574383352,222,8,26.581724581724583,420.0856320633634,585.8632511394089,7.384376866174774e-05,0.0007177222912071026,0.002607598871656187,0.05,0.0011602626308467817,0.0029095335472680488,0.006109726692594647,0.0
EleutherAI/pythia-410m,random,Number,regular,Sing+Plur,8,1024,36832,199,10,0.4974983073930631,0.002851422325181112,0.4996502702817558,True,,0.367625057448474,1,118,0.6019781990916051,0.5923562871962903,9190106.378368147,6076403.924224485,14865,398,37.23979899701851,610.3379968240198,420.0182431896374,,,,,0.11274421901926648,0.11512149967368684,0.11759538616778775,0.0
EleutherAI/pythia-410m,random,Number,zero,Sing+Plur,8,1024,784,3,10,0.9851933311581715,0.010698116411556617,0.004108552430271841,False,,,1,2,0.4466390028091458,0.5294873753845397,84652.64706418788,104879.94308526884,219,6,29.66575342465753,554.1115062387959,492.39409899187245,,,,,,,,
EleutherAI/pythia-410m,random,Tense,regular,Pres+Past,8,1024,11551,81,10,0.48968530532252447,0.0075680276035604765,0.5027466670739151,True,,0.28642322769062745,1,62,0.4565188066733612,0.44031215052490263,2227577.228828552,2651908.9966368135,4735,162,29.056249549082754,456.2177797952888,579.9057504125986,,,,,0.05917908102543229,0.06147272429056917,0.06371015038122001,0.0
EleutherAI/pythia-410m,random,Tense,zero,Pres+Past,8,1024,352,4,10,0.7998158500038092,0.05767769673489521,0.14250645326129563,True,0.0029703791783523155,0.23584060953108313,1,3,0.38457059668836124,0.4051342815265536,80165.03445949453,128288.3292396982,222,8,26.581724581724583,408.27560200408954,599.4781740172813,9.004419125654769e-05,0.0007727363906822099,0.0026831627676098765,0.02,0.0009296547983569683,0.002938965935051183,0.00647068558000184,0.0
EleutherAI/pythia-410m,random,Number,regular,Sing+Plur,9,1024,36832,199,10,0.4979387574114035,0.002882289001745311,0.4991789535868512,True,,0.3736638479809087,1,117,0.5862898317893942,0.5762519135574913,8960807.486507382,6323113.537942968,14865,398,37.23979899701851,594.3703397551193,437.07151019167543,,,,,0.11169904363299926,0.11422388325931168,0.11672927028418058,0.0
EleutherAI/pythia-410m,random,Number,zero,Sing+Plur,9,1024,784,3,10,0.9836561107597549,0.011962903040967346,0.004380986199277799,False,,,1,2,0.42720863193175773,0.5091570594893461,80641.07654149139,108121.67428788087,219,6,29.66575342465753,526.5533489200201,507.6134943092999,,,,,,,,
EleutherAI/pythia-410m,random,Tense,regular,Pres+Past,9,1024,11551,81,10,0.4901879043834516,0.0077222083037949436,0.5020898873127535,True,,0.2856807198876808,1,62,0.44426533133277357,0.4276068977708214,2167689.623737262,2711578.3966466435,4735,162,29.056249549082754,442.96689902642777,592.9539463473964,,,,,0.05847540081057601,0.06049764467721924,0.06301214482865944,0.0
EleutherAI/pythia-410m,random,Tense,zero,Pres+Past,9,1024,352,4,10,0.8037935368023279,0.057813959886636505,0.13839250331103556,True,0.0020609495911697263,0.2423600740921325,1,3,0.3725993309955595,0.39224293180923486,77951.69871935985,131258.81840926284,222,8,26.581724581724583,395.85836362979103,613.3589645292656,9.993955628423381e-05,0.000774201137691597,0.00290351580105444,0.075,0.0011074784844147597,0.0027990783409122394,0.006430354880687982,0.0
EleutherAI/pythia-410m,random,Number,regular,Sing+Plur,10,1024,36832,199,10,0.49799849056444107,0.0029380399962490402,0.4990634694393099,True,,0.3763479999221716,1,116,0.5723301477372646,0.5619197134103986,8752674.282238178,6540376.969460348,14865,398,37.23979899701851,579.888981740256,452.08937370984637,,,,,0.10979600070564365,0.11233672048822123,0.11463797284905954,0.0
EleutherAI/pythia-410m,random,Number,zero,Sing+Plur,10,1024,784,3,10,0.9823523817567806,0.012984537436292144,0.0046630808069272785,False,,,1,2,0.41076468576285297,0.4917013903297911,77585.08254889929,111294.54911858912,219,6,29.66575342465753,505.44837593916225,522.5096202750663,,,,,,,,
EleutherAI/pythia-410m,random,Tense,regular,Pres+Past,10,1024,11551,81,10,0.48981458438239733,0.007955943788269273,0.5022294718293334,True,,0.28967261994701954,1,62,0.43372505913893034,0.41667494406340594,2118070.9029222536,2765370.480721193,4735,162,29.056249549082754,431.95536820777187,604.7169212160929,,,,,0.058294060659084296,0.06062557180058644,0.0636331636598657,0.0
EleutherAI/pythia-410m,random,Tense,zero,Pres+Past,10,1024,352,4,10,0.8032663494798179,0.05832754615178839,0.13840610436839373,True,0.0014047444270657732,0.2415519531661829,1,3,0.3627227649996115,0.3815649473883579,76195.2666397939,133869.48250787958,222,8,26.581724581724583,385.95990002005493,625.5583294760728,8.394572840397532e-05,0.0007749903538664226,0.003129487936822272,0.165,0.0009630079737587425,0.0027262441118063446,0.006547164376313333,0.0
EleutherAI/pythia-410m,random,Number,regular,Sing+Plur,11,1024,36832,199,10,0.49779789785166084,0.0029373027137072744,0.49926479943463187,True,,0.3818647136734674,1,114,0.5600811054106479,0.5493419812150775,8575474.423007656,6735655.233330548,14865,398,37.23979899701851,567.5407561499119,465.587560194273,,,,,0.10980898296924384,0.11220526169288007,0.1146998036560029,0.0
EleutherAI/pythia-410m,random,Number,zero,Sing+Plur,11,1024,784,3,10,0.9800030989458486,0.014195362615430083,0.005801538438721366,False,,,1,2,0.3938227630139662,0.47347214037786645,73976.73273563817,113865.9713515675,219,6,29.66575342465753,480.71472576016447,534.5820251247301,,,,,,,,
EleutherAI/pythia-410m,random,Tense,regular,Pres+Past,11,1024,11551,81,10,0.4900256060775933,0.008056744385529542,0.5019176495368771,True,,0.2914042407765091,1,62,0.4243817274223313,0.4069820358068937,2075046.39826084,2814528.868950934,4735,162,29.056249549082754,422.38831620565173,615.4666234312124,,,,,0.05806063034524116,0.06062175257072633,0.06320794889525945,0.0
EleutherAI/pythia-410m,random,Tense,zero,Pres+Past,11,1024,352,4,10,0.8007820256354243,0.05922270162993096,0.13999527273464474,True,0.001189768596772114,0.24201634476922948,1,3,0.35138289681256263,0.369257442504838,74035.60469489472,136662.19922920282,222,8,26.581724581724583,373.86236992436994,638.6084076130973,9.811584870385339e-05,0.0007624522175410881,0.002875407464517732,0.26,0.001084689188078211,0.0027766038741116007,0.0066216218847813734,0.0
EleutherAI/pythia-410m,random,Number,regular,Sing+Plur,12,1024,36832,199,10,0.49809010539566045,0.002938912564037402,0.49897098204030205,True,,0.3839172569435256,1,114,0.5485233519224284,0.5374725254913616,8393746.922225736,6908695.339909298,14865,398,37.23979899701851,554.9275593583252,477.5485822844611,,,,,0.1093681577308055,0.1111233232440555,0.11337129952335105,0.0
EleutherAI/pythia-410m,random,Number,zero,Sing+Plur,12,1024,784,3,10,0.9786533247403372,0.014979250335898607,0.006367424923764094,False,,,1,2,0.38150835181860254,0.460063066120632,71767.58385808874,116347.78377667378,219,6,29.66575342465753,465.42836270898084,546.2337266510506,,,,,,,,
EleutherAI/pythia-410m,random,Tense,regular,Pres+Past,12,1024,11551,81,10,0.4895658460389428,0.007939184082728527,0.5024949698783285,True,,0.29106297061534026,1,61,0.4161529804912641,0.3984435657195932,2035311.6878770005,2855465.942681688,4735,162,29.056249549082754,413.5863766915308,624.4185310915565,,,,,0.057283763928007714,0.059727133663464056,0.062477855162992736,0.0
EleutherAI/pythia-410m,random,Tense,zero,Pres+Past,12,1024,352,4,10,0.7995764982982315,0.06068399559241052,0.139739506109358,True,0.00111397548485125,0.24414864325980504,1,3,0.34188105217991926,0.3589054988397418,72018.28389381812,138634.75883730574,222,8,26.581724581724583,362.6739967540783,647.8259758752605,0.00010396267101353713,0.000769502510516546,0.00288907345134188,0.27,0.0009445154301608559,0.002801999507182587,0.00633112384816209,0.0
EleutherAI/pythia-410m,random,Number,regular,Sing+Plur,13,1024,36832,199,10,0.4984001725642612,0.0029123367375130118,0.49868749069822577,True,,0.3858085372857104,1,113,0.5377892939681689,0.5264476206957698,8228518.6254480155,7072118.106705028,14865,398,37.23979899701851,543.4482163122333,488.84482661954985,,,,,0.10790142497457139,0.11022483886722123,0.11241792492286717,0.0
EleutherAI/pythia-410m,random,Number,zero,Sing+Plur,13,1024,784,3,10,0.9774831426543282,0.015285161760718488,0.007231695584953247,False,,,1,2,0.3720359611167913,0.4496561425450976,70209.79173769841,118507.96427422059,219,6,29.66575342465753,454.58420473497773,556.3754191277962,,,,,,,,
EleutherAI/pythia-410m,random,Tense,regular,Pres+Past,13,1024,11551,81,10,0.48991386768944395,0.008222595183502674,0.5018635371270534,True,,0.2949005153746424,1,61,0.4089290013580759,0.3909462546997677,2001519.5508035691,2893020.9297111696,4735,162,29.056249549082754,406.08019871074123,632.6308615156723,,,,,0.057216597999836714,0.05955469327913607,0.06219704279798478,0.0
EleutherAI/pythia-410m,random,Tense,zero,Pres+Past,13,1024,352,4,10,0.798138408910306,0.06327954212211205,0.13858204896758186,True,0.001067600216522157,0.23750926479761342,1,3,0.3348407846701708,0.35121213084123976,70498.51915848922,140044.88650200277,222,8,26.581724581724583,354.25849200279293,654.4153574859943,9.543636951491957e-05,0.0006910174412022953,0.0025800844264950483,0.3,0.0009863082830766548,0.0028430770296262254,0.006958592416877375,0.0
EleutherAI/pythia-410m,random,Number,regular,Sing+Plur,14,1024,36832,199,10,0.4985217256576937,0.002941695701488095,0.4985365786408183,True,,0.38975850926711425,1,113,0.5279609115663182,0.5163517834173497,8074434.16650545,7219186.989179682,14865,398,37.23979899701851,532.7529953093476,499.01064416808475,,,,,0.10798074347885422,0.11029950811292105,0.11242569165246535,0.0
EleutherAI/pythia-410m,random,Number,zero,Sing+Plur,14,1024,784,3,10,0.9770343964153244,0.01521938031424226,0.00774622327043332,False,,,1,2,0.3633066830545402,0.4399935281524711,68934.43349956421,120807.282562443,219,6,29.66575342465753,445.6221343853062,567.1703406687465,,,,,,,,
EleutherAI/pythia-410m,random,Tense,regular,Pres+Past,14,1024,11551,81,10,0.48993918167721384,0.008344482381693184,0.501716335941093,True,,0.2970789754837497,1,61,0.40175307177207426,0.3834974896414504,1967874.515420785,2930344.4496285105,4735,162,29.056249549082754,398.6072077772709,640.7925759082682,,,,,0.05712170671887495,0.05963908694323111,0.062275720676593135,0.0
EleutherAI/pythia-410m,random,Tense,zero,Pres+Past,14,1024,352,4,10,0.7987863921519958,0.06340741272894479,0.13780619511905937,True,0.00086397917296703,0.23603101711074642,1,3,0.32859604088246935,0.34437146681619474,69414.3246387658,141830.83964364132,222,8,26.581724581724583,348.11778783909466,662.7609329142117,0.00012609084747078876,0.0007240078946958251,0.002655352994829872,0.42,0.0010800064814986876,0.002785193553898071,0.007312451289003251,0.0
EleutherAI/pythia-410m,random,Number,regular,Sing+Plur,15,1024,36832,199,10,0.4986236966772864,0.002951308331259324,0.4984249949914543,True,,0.3912501910816632,1,112,0.5186470104089927,0.5067834148122683,7932949.926952356,7362520.340381528,14865,398,37.23979899701851,522.9169840563114,508.91825121874115,,,,,0.10723411828225989,0.10915059747492017,0.11153530777700867,0.0
EleutherAI/pythia-410m,random,Number,zero,Sing+Plur,15,1024,784,3,10,0.9762719464349502,0.015198086118567183,0.008529967446482736,False,,,1,2,0.3574489610657513,0.433470327183463,68512.65126191807,123158.49266208243,219,6,29.66575342465753,442.406473847972,578.2088857374762,,,,,,,,
EleutherAI/pythia-410m,random,Tense,regular,Pres+Past,15,1024,11551,81,10,0.4903583653179173,0.008469272227855498,0.5011723624542271,True,,0.2957015593073817,1,61,0.3943712789003053,0.37583365937726143,1930558.0496878317,2964722.496783873,4735,162,29.056249549082754,390.3715645811967,648.3101895438166,,,,,0.05588856029955036,0.05878293620644927,0.0610385577280861,0.0
EleutherAI/pythia-410m,random,Tense,zero,Pres+Past,15,1024,352,4,10,0.798386826457657,0.06419726929987853,0.13741590424246444,True,0.0011845878152211254,0.23505959991018954,1,3,0.3220267260849683,0.3371583357093596,68143.43699821421,143464.58022031392,222,8,26.581724581724583,341.0005039924371,670.3952346743641,0.00011576359863061892,0.0007005656932663092,0.002724113047587876,0.245,0.001114294876296669,0.002700037332218805,0.007289129375409261,0.0
EleutherAI/pythia-410m,random,Number,regular,Sing+Plur,16,1024,36832,199,10,0.4990285136060033,0.002938451090478916,0.4980330353035178,True,,0.39220924182101297,1,112,0.5100324974157119,0.4979326649706118,7799113.618005784,7492291.650331393,14865,398,37.23979899701851,513.6234503693685,517.8884115802442,,,,,0.10611213017119574,0.10835495390607947,0.11087900288325239,0.0
EleutherAI/pythia-410m,random,Number,zero,Sing+Plur,16,1024,784,3,10,0.9752404572311398,0.015613232132572126,0.00914631063628808,False,,,1,2,0.35282388874944215,0.4282974108219993,68094.1841024932,124903.47357836264,219,6,29.66575342465753,439.30910331307825,586.4012844054583,,,,,,,,
EleutherAI/pythia-410m,random,Tense,regular,Pres+Past,16,1024,11551,81,10,0.49035634875183265,0.008355095494523783,0.5012885557536436,True,,0.29732444198256713,1,61,0.38780492632195157,0.3690152530353149,1897502.1845029355,2995427.3677319144,4735,162,29.056249549082754,383.0743284076778,655.024571994733,,,,,0.055826912277607235,0.05867063097545564,0.06089669243446402,0.0
EleutherAI/pythia-410m,random,Tense,zero,Pres+Past,16,1024,352,4,10,0.7975459575176147,0.0645006917118711,0.13795335077051415,True,0.001425503013482863,0.23651578491050332,1,3,0.31555516191598276,0.33003550866299236,66898.24026302717,145103.4898206625,222,8,26.581724581724583,334.02038111177865,678.0536907507594,0.00013178189440258078,0.0006858641972509094,0.0025453609722591764,0.195,0.0010145831925202063,0.0027830467306516945,0.007072258155937789,0.0
EleutherAI/pythia-410m,random,Number,regular,Sing+Plur,17,1024,36832,199,10,0.4989124774331231,0.00296449062936166,0.49812303193751517,True,,0.3958441504143463,1,111,0.5021771789340289,0.48986119390071353,7682469.612600613,7615855.231447827,14865,398,37.23979899701851,505.504322760137,526.4294761490169,,,,,0.1061410778255769,0.10831134207857182,0.11100899053031235,0.0
EleutherAI/pythia-410m,random,Number,zero,Sing+Plur,17,1024,784,3,10,0.9747598894111585,0.01617388996185143,0.009066220626989903,False,,,1,2,0.3462521580086222,0.4209130110974441,67107.62697849589,126703.80618179883,219,6,29.66575342465753,432.37303505963325,594.8535501492903,,,,,,,,
EleutherAI/pythia-410m,random,Tense,regular,Pres+Past,17,1024,11551,81,10,0.4913170843699532,0.008412239417023265,0.5002706762130236,True,,0.2952663428594565,1,60,0.38165176403906714,0.36262489578112705,1866949.897116651,3024812.8904006733,4735,162,29.056249549082754,376.322196339794,661.4504461842714,,,,,0.054963961069528125,0.05764192075226439,0.06054291910288205,0.0
EleutherAI/pythia-410m,random,Tense,zero,Pres+Past,17,1024,352,4,10,0.7974557508338216,0.06490485111943779,0.1376393980467407,True,0.0008583719111471688,0.23807081280449788,1,3,0.31178603371119956,0.32587926475258366,66211.50723262448,146150.49771194183,222,8,26.581724581724583,330.1456408347918,682.9462509903824,0.00013747193318325093,0.0007274655321583272,0.0028898070021920784,0.41,0.0009220263652481983,0.0027854980739068355,0.00674632631949421,0.0
EleutherAI/pythia-410m,random,Number,regular,Sing+Plur,18,1024,36832,199,10,0.4989295258400905,0.0029450962426051273,0.4981253779173044,True,,0.3976258363528509,1,111,0.49506690336159387,0.4825546620871384,7579834.721884786,7730893.323994138,14865,398,37.23979899701851,498.34859316637903,534.3812348098527,,,,,0.10482572375293504,0.10744466422553046,0.10957775916732086,0.0
EleutherAI/pythia-410m,random,Number,zero,Sing+Plur,18,1024,784,3,10,0.9747453299975003,0.016859453966949142,0.008395216035550589,False,,,1,2,0.3397222304154139,0.41353547759326453,66042.49093288924,128358.94947956827,219,6,29.66575342465753,424.9301822936243,602.6241759604144,,,,,,,,
EleutherAI/pythia-410m,random,Tense,regular,Pres+Past,18,1024,11551,81,10,0.49182272027001245,0.008536826197110704,0.49964045353287684,True,,0.2962211040318619,1,61,0.37596592718116917,0.3567190168130864,1838769.8784472423,3052018.7423023777,4735,162,29.056249549082754,370.0935739359318,667.3996812382195,,,,,0.055145267541568475,0.05757221353432815,0.06077366575014973,0.0
EleutherAI/pythia-410m,random,Tense,zero,Pres+Past,18,1024,352,4,10,0.7981459370306991,0.06525092857633041,0.1366031343929705,True,0.0008902414270435307,0.23847485135059718,1,3,0.30819622020755383,0.3219153927179909,65635.5377699228,147331.1810487595,222,8,26.581724581724583,326.842673662783,688.4634628446705,0.00014974795907733062,0.0006957699274145499,0.0027946295053703496,0.365,0.0009663179313443795,0.002675001923523071,0.006509307645877248,0.0
EleutherAI/pythia-410m,random,Number,regular,Sing+Plur,19,1024,36832,199,10,0.4991713720800838,0.0029815752819493807,0.49784705263796697,True,,0.4004518538889777,1,110,0.48824423632153635,0.4755431369653858,7478599.441244163,7838733.329723937,14865,398,37.23979899701851,491.30089364886317,541.8354413301954,,,,,0.104943189256594,0.1073675163846414,0.10945929556599256,0.0
EleutherAI/pythia-410m,random,Number,zero,Sing+Plur,19,1024,784,3,10,0.9733525274569813,0.01749937328454544,0.009148099258473371,False,,,1,2,0.3368428834810619,0.4102695965176778,66007.35359809692,129951.52466571539,219,6,29.66575342465753,424.441256711353,610.1010547686169,,,,,,,,
EleutherAI/pythia-410m,random,Tense,regular,Pres+Past,19,1024,11551,81,10,0.49203786928547555,0.008425503007151803,0.4995366277073726,True,,0.2988450973333788,1,60,0.370932157177935,0.3514897487279301,1814308.6558033896,3076905.601829904,4735,162,29.056249549082754,364.6773487819113,672.8418110277507,,,,,0.05514097812542011,0.05756410832159517,0.0606655232858507,0.0
EleutherAI/pythia-410m,random,Tense,zero,Pres+Past,19,1024,352,4,10,0.7995123889264697,0.06475579359073604,0.13573181748279423,True,0.0009364967330704768,0.23225082448778497,1,3,0.30254601140126247,0.3156658145327748,64539.903277298006,148782.70169897337,222,8,26.581724581724583,320.6992791848685,695.2462696213709,0.00014304625417378575,0.0006780631241891913,0.002836608337827321,0.33,0.0008324969500664571,0.0026766931149426153,0.006581866886556778,0.0
EleutherAI/pythia-410m,random,Number,regular,Sing+Plur,20,1024,36832,199,10,0.49907268287409373,0.0029832197370626714,0.4979440973888436,True,,0.40159769448133753,1,109,0.48139482467270245,0.4685035945479823,7375144.982913772,7945221.1799922995,14865,398,37.23979899701851,484.1055992578406,549.196183036725,,,,,0.10388934141493071,0.10648864891135484,0.10906957484204831,0.0
EleutherAI/pythia-410m,random,Number,zero,Sing+Plur,20,1024,784,3,10,0.9723308320650954,0.01761259723750192,0.010056570697402668,False,,,1,2,0.32869106481837723,0.40098069840512773,64564.308880180295,131864.23996356814,219,6,29.66575342465753,414.4098638338186,619.0809387960945,,,,,,,,
EleutherAI/pythia-410m,random,Tense,regular,Pres+Past,20,1024,11551,81,10,0.4918916438559279,0.008403124986064046,0.499705231158008,True,,0.30011651263894723,1,60,0.36551763749593863,0.34586421908869264,1788076.807273612,3103826.1376109007,4735,162,29.056249549082754,358.86732228402366,678.7286546273564,,,,,0.05510596008937696,0.05764931220991858,0.06048547665844683,0.0
EleutherAI/pythia-410m,random,Tense,zero,Pres+Past,20,1024,352,4,10,0.7998785079334954,0.0644774737309612,0.13564401833554351,True,0.0008166366465817619,0.22649914623506795,1,3,0.29677022166060774,0.30926387534308963,63220.485689666275,149807.91498985497,222,8,26.581724581724583,313.4281579104442,700.0369859339017,0.0001399931057393933,0.0006876201774344017,0.0029017970601707883,0.41,0.000939045665894301,0.002728306712894123,0.006340008663791998,0.0
EleutherAI/pythia-410m,random,Number,regular,Sing+Plur,21,1024,36832,199,10,0.4986485295783036,0.0029805234029212325,0.49837094701877516,True,,0.40258074806518995,1,109,0.4753760860614528,0.46231734322584594,7281409.106262288,8035745.710231795,14865,398,37.23979899701851,477.5972979541264,555.4534948663714,,,,,0.10404690929936211,0.10647437603084878,0.10904209768651489,0.0
EleutherAI/pythia-410m,random,Number,zero,Sing+Plur,21,1024,784,3,10,0.9709552058304921,0.01808293625495638,0.010961857914551518,False,,,1,2,0.3242147085790217,0.3958528968587628,64085.566055895746,133578.4027898484,219,6,29.66575342465753,410.91100519468233,627.1286515955323,,,,,,,,
EleutherAI/pythia-410m,random,Tense,regular,Pres+Past,21,1024,11551,81,10,0.4922125358344761,0.008288351133946001,0.4994991130315779,True,,0.30199902134797457,1,60,0.3613196277191944,0.34150209117951613,1768210.490907786,3125546.6018621097,4735,162,29.056249549082754,354.4571526929485,683.4783734664574,,,,,0.055074683409183575,0.05758962281048925,0.06045619862561135,0.0
EleutherAI/pythia-410m,random,Tense,zero,Pres+Past,21,1024,352,4,10,0.8018284598691533,0.06411337382294219,0.13405816630790468,True,0.0013583372760222322,0.21728119519962194,1,3,0.2922480377139934,0.30424191941390855,62325.078101885585,150935.81695630334,222,8,26.581724581724583,308.4177253025013,705.3075558705764,0.00014682223012379007,0.0006866261301187673,0.0029551028126222974,0.175,0.000906679879916055,0.0026962019532689014,0.006572010505611546,0.0
EleutherAI/pythia-410m,random,Number,regular,Sing+Plur,22,1024,36832,199,10,0.49849394274668246,0.003008768748487648,0.49849728850482994,True,,0.4059355474699891,1,108,0.4695353716142623,0.45631367694584496,7192940.663793378,8126332.597907977,14865,398,37.23979899701851,471.4451689771278,561.7151170185924,,,,,0.10392697394613666,0.10642542868849787,0.10894458667299847,0.0
EleutherAI/pythia-410m,random,Number,zero,Sing+Plur,22,1024,784,3,10,0.9691413974621129,0.018579485468201044,0.012279117069686011,False,,,1,2,0.3186484672306715,0.3894496468098784,63265.80729650727,135278.39988685504,219,6,29.66575342465753,405.11533378716,635.1098586237326,,,,,,,,
EleutherAI/pythia-410m,random,Tense,regular,Pres+Past,22,1024,11551,81,10,0.4924207778670826,0.008373187857260267,0.4992060342756571,True,,0.3020533909522368,1,60,0.35726096502821464,0.3372843286682102,1749466.2849149273,3147419.9024040913,4735,162,29.056249549082754,350.2856996707154,688.2615137555415,,,,,0.05431659878830028,0.05657263373555824,0.05876654739297762,0.0
EleutherAI/pythia-410m,random,Tense,zero,Pres+Past,22,1024,352,4,10,0.7995783724557112,0.06613254837929748,0.1342890791649915,True,0.0016978647673586147,0.20941010345514502,1,3,0.2848809348495958,0.29604266290390996,60720.62657308044,152423.2491486774,222,8,26.581724581724583,299.53350192364593,712.2581735919505,8.422675499598601e-05,0.0006725732216157191,0.0029350225540185834,0.1,0.0009402444262399658,0.002699224276465525,0.0061940346993552406,0.0
EleutherAI/pythia-410m,random,Number,regular,Sing+Plur,23,1024,36832,199,10,0.49879824538747214,0.0030489231599657774,0.49815283145256206,True,,0.4064351579389206,1,108,0.4644946144771158,0.45113197430411833,7118483.050334646,8206738.875753694,14865,398,37.23979899701851,466.2596261331361,567.2730265952647,,,,,0.10310565920724879,0.10563971926489701,0.10784557236769277,0.0
EleutherAI/pythia-410m,random,Number,zero,Sing+Plur,23,1024,784,3,10,0.9677279155763082,0.019145149740601837,0.013126934683089916,False,,,1,2,0.3157137626649606,0.3860615494459449,62825.89939324662,136170.491714094,219,6,29.66575342465753,402.0083907787095,639.2980831647606,,,,,,,,
EleutherAI/pythia-410m,random,Tense,regular,Pres+Past,23,1024,11551,81,10,0.49196366185577595,0.008205898586155969,0.49983043955806805,True,,0.3043422779759102,1,60,0.3535595738827025,0.33343747470040785,1732563.687014874,3167780.738645262,4735,162,29.056249549082754,346.51929883656385,692.7139161699677,,,,,0.05426937356466663,0.05661508871781065,0.05881433380935386,0.0
EleutherAI/pythia-410m,random,Tense,zero,Pres+Past,23,1024,352,4,10,0.7996656563207692,0.06739863209265025,0.13293571158658052,True,0.0022049293283980635,0.21391133175825172,1,3,0.28162049807456363,0.2924068120715436,60215.50173715908,153602.39202004904,222,8,26.581724581724583,296.6115431160172,717.768187009575,9.082290378545493e-05,0.0006910588978180433,0.0029101043598442943,0.05,0.0009984816811390575,0.00276765886767463,0.006059447544536726,0.0
EleutherAI/pythia-410m,random,Number,regular,Sing+Plur,24,1024,36832,199,10,0.4991279336413715,0.003086973709977568,0.49778509264865106,True,,0.40903950848493953,1,108,0.46330624393918646,0.449910333428242,7070199.700406277,8190116.3279145295,14865,398,37.23979899701851,463.02460514854675,566.1240290256811,,,,,0.10324207775046457,0.10562110143101028,0.10793763953373339,0.0
EleutherAI/pythia-410m,random,Number,zero,Sing+Plur,24,1024,784,3,10,0.9701607560040736,0.018513083223045262,0.011326160772881143,False,,,1,2,0.3167234386294086,0.3872281590281441,63461.99107728824,136908.37415969622,219,6,29.66575342465753,406.180005711356,642.7623199985738,,,,,,,,
EleutherAI/pythia-410m,random,Tense,regular,Pres+Past,24,1024,11551,81,10,0.49253883558619677,0.00817595815049256,0.49928520626331063,True,,0.3068487355829121,1,60,0.3523882281646541,0.3322200225327241,1718204.1380484127,3157679.9032470263,4735,162,29.056249549082754,343.5257622303519,690.5051177010772,,,,,0.054140477186144634,0.05660834650898661,0.05896701174493649,0.0
EleutherAI/pythia-410m,random,Tense,zero,Pres+Past,24,1024,352,4,10,0.7996645515447013,0.06839446767739434,0.1319409807779044,True,0.0024658062225034576,0.20265427060223953,1,3,0.27935282244392134,0.2898754453650941,59776.87266398032,154206.5485201039,222,8,26.581724581724583,294.1480288627461,720.5913482247846,9.136503938112452e-05,0.0006603656750403138,0.002865663922027429,0.03,0.0009293024016974375,0.0027918079627150586,0.0059239249292413,0.0
znhoughton/opt-babylm-125m-20eps-seed964,random_noposemb,Number,regular,Sing+Plur,0,768,36787,199,10,0.5014475994012876,0.0037294836555925425,0.4948229169431199,True,,0.23449087476824126,1,133,0.9949265136913966,0.994815106154156,11310232.717985773,57674.923777956516,14863,398,37.23481110684978,765.0170130264623,3.987205238711131,,,,,0.16892182772827624,0.17200071926433402,0.17475384911889058,0.0
znhoughton/opt-babylm-125m-20eps-seed964,random_noposemb,Number,zero,Sing+Plur,0,768,784,3,10,1.0,1.3320052023183318e-31,6.49352223291291e-32,False,,,0,0,0.9999999999999999,0.9999999999999999,109500.39176146078,1.4551915228366852e-11,219,6,29.66575342465753,738.2276134638564,6.831885083740306e-14,,,,,,,,
znhoughton/opt-babylm-125m-20eps-seed964,random_noposemb,Tense,regular,Pres+Past,0,768,11548,81,10,0.49407164100073236,0.007826675051450743,0.49810168394781684,True,,0.22108111271686187,1,71,0.7250755721345351,0.7178199930904343,2676052.5742170713,1014669.7133082068,4738,162,29.074222160462917,564.0634926471829,221.7372625236466,,,,,0.08941717816435887,0.09250782940507901,0.09616886498093445,0.0
znhoughton/opt-babylm-125m-20eps-seed964,random_noposemb,Tense,zero,Pres+Past,0,768,352,4,10,0.8024221186818505,0.05533439202205397,0.14224348929609557,True,0.0035428957753648425,0.2623824545553859,1,3,0.6807292793707975,0.7071343677325059,93668.0394334421,43931.50604228662,222,8,26.581724581724583,495.67367378931533,205.28741141255432,0.0001420284430916207,0.0010611222159923831,0.004848243639504504,0.065,0.00113725455265208,0.0035091780204735278,0.008062168585446576,0.0
znhoughton/opt-babylm-125m-20eps-seed964,random_noposemb,Number,regular,Sing+Plur,1,768,36787,199,10,0.5434461501582702,0.011169715272520177,0.4453841345692096,True,,0.4091742218287692,1,100,0.18194615080133206,0.1602170863286694,2079643.6291864358,9350351.564595979,14863,398,37.23481110684978,123.32504925217242,646.4121371998602,,,,,0.11695458981614867,0.11979770801348849,0.1230314212197369,0.0
znhoughton/opt-babylm-125m-20eps-seed964,random_noposemb,Number,zero,Sing+Plur,1,768,784,3,10,0.923965871640193,0.07603412835980708,0.0,False,,,1,2,0.10793060600781688,0.12283106069675678,16933.897541409035,139962.2616461211,219,6,29.66575342465753,92.0145074110309,657.0998199348409,,,,,,,,
znhoughton/opt-babylm-125m-20eps-seed964,random_noposemb,Tense,regular,Pres+Past,1,768,11548,81,10,0.5079864781316672,0.012556488235184972,0.47945703363314773,True,,0.2542252986744843,1,55,0.15924038436560983,0.1310086215283691,579088.3368325315,3057478.725847792,4738,162,29.074222160462917,100.73069662112162,668.1553159632413,,,,,0.060752002520748485,0.06384605443195598,0.06660324972181758,0.0
znhoughton/opt-babylm-125m-20eps-seed964,random_noposemb,Tense,zero,Pres+Past,1,768,352,4,10,0.7490506143562986,0.11187755590224173,0.1390718297414596,True,0.010790093221120447,0.13257859018945858,1,3,0.11817007598774264,0.10434300291070106,19832.39173979948,147996.8287631697,222,8,26.581724581724583,80.5675661563631,691.573966183036,8.552852504754694e-05,0.0011193053828656234,0.003785476601733464,0.0,0.0012428724258892825,0.0034417412032015466,0.008346147867624052,0.0
znhoughton/opt-babylm-125m-20eps-seed964,random_noposemb,Number,regular,Sing+Plur,2,768,36787,199,10,0.5473532003231033,0.011416240646913735,0.44123055902998304,True,,0.4206994114260154,1,95,0.14999348987126904,0.12726120120163462,1708827.948616974,9683852.827619147,14863,398,37.23481110684978,97.6206010254443,669.4678760884304,,,,,0.10641964689820546,0.10957733916846915,0.11246732941577076,0.0
znhoughton/opt-babylm-125m-20eps-seed964,random_noposemb,Number,zero,Sing+Plur,2,768,784,3,10,0.8963191999199583,0.10368080008004159,0.0,False,,,1,2,0.09224473219810479,0.10089341908148577,14598.570436014936,143660.55274798482,219,6,29.66575342465753,75.684961244878,674.4626889576753,,,,,,,,
znhoughton/opt-babylm-125m-20eps-seed964,random_noposemb,Tense,regular,Pres+Past,2,768,11548,81,10,0.5137171804931746,0.012383250211276975,0.4738995692955485,True,,0.2625553639985292,1,53,0.13548699668632436,0.10619486408416766,489839.673529715,3125560.220998746,4738,162,29.074222160462917,81.15261574956543,683.0332650783972,,,,,0.05583377874699049,0.05856004422537181,0.061546351349790654,0.0
znhoughton/opt-babylm-125m-20eps-seed964,random_noposemb,Tense,zero,Pres+Past,2,768,352,4,10,0.7144338004025844,0.129178989327626,0.15638721026978955,True,0.014922262755789797,0.1126965394691477,1,3,0.10145973373031543,0.08445379262389781,17023.350002977608,150760.94606295179,222,8,26.581724581724583,64.98512674782657,704.490402163326,8.177330120877307e-05,0.0009365073711501362,0.0035678714268590375,0.0,0.001185235412176178,0.003527855085581702,0.00733715090224371,0.0
znhoughton/opt-babylm-125m-20eps-seed964,random_noposemb,Number,regular,Sing+Plur,3,768,36787,199,10,0.5506143962167714,0.011567389292443038,0.43781821449078545,True,,0.4309639064287454,1,91,0.13592989155707555,0.11275234623307731,1547672.9735466903,9838144.787492562,14863,398,37.23481110684978,86.43218656968673,680.1344478045324,,,,,0.10113497647772933,0.10408059819171678,0.10679084351391335,0.0
znhoughton/opt-babylm-125m-20eps-seed964,random_noposemb,Number,zero,Sing+Plur,3,768,784,3,10,0.8811400282181582,0.11762047278932107,0.001239498992520656,False,,,1,2,0.08478239810377326,0.09034410855206135,13380.765938984761,144444.04485024023,219,6,29.66575342465753,67.3507968451365,678.1410556349307,,,,,,,,
znhoughton/opt-babylm-125m-20eps-seed964,random_noposemb,Tense,regular,Pres+Past,3,768,11548,81,10,0.5136030021223171,0.012794223921638318,0.4736027739560445,True,,0.26876532376344553,1,51,0.1259889078161957,0.09626868822767931,455651.87752817845,3160951.245922385,4738,162,29.074222160462917,73.58300269334987,690.7673177277939,,,,,0.05145281240432322,0.05456972546330405,0.05736088002594765,0.0
znhoughton/opt-babylm-125m-20eps-seed964,random_noposemb,Tense,zero,Pres+Past,3,768,352,4,10,0.7021022817270223,0.14022876037381155,0.15766895789916613,True,0.01587258220606083,0.1037128310730596,1,3,0.09297411148582738,0.07430516883193068,15673.903401599091,152909.62109907184,222,8,26.581724581724583,57.35512430612567,714.5309397152889,0.00012126547258271988,0.0009858057084520511,0.004060908918987517,0.0,0.0009183688010263511,0.003609972645572683,0.008381295386656516,0.0
znhoughton/opt-babylm-125m-20eps-seed964,random_noposemb,Number,regular,Sing+Plur,4,768,36787,199,10,0.5500768235073614,0.011936692933541743,0.4379864835590968,True,,0.43643748713850616,1,89,0.1279427719215072,0.10451134563545147,1454824.2036595312,9916073.751811255,14863,398,37.23481110684978,80.0063876196144,685.5218632430871,,,,,0.09759860044207717,0.10022230261573713,0.10327834838887336,0.0
znhoughton/opt-babylm-125m-20eps-seed964,random_noposemb,Number,zero,Sing+Plur,4,768,784,3,10,0.8651815079374724,0.1327173296134909,0.0021011624490366353,False,,,1,2,0.08168915743979217,0.08594969337070174,12940.456396078216,145470.48578576266,219,6,29.66575342465753,64.219884281413,682.960027163205,,,,,,,,
znhoughton/opt-babylm-125m-20eps-seed964,random_noposemb,Tense,regular,Pres+Past,4,768,11548,81,10,0.5195297386580666,0.013098839976294564,0.4673714213656388,True,,0.2698692903330922,1,50,0.12008725058114825,0.09009986219138715,434000.69321968366,3180044.0210975143,4738,162,29.074222160462917,68.81411233146996,694.9396899251561,,,,,0.04935652718193548,0.0522233031309986,0.05527256188093762,0.0
znhoughton/opt-babylm-125m-20eps-seed964,random_noposemb,Tense,zero,Pres+Past,4,768,352,4,10,0.6967331826533053,0.15214714754272485,0.15111966980396976,True,0.020332962871842906,0.09788301482722328,1,3,0.08679945094652637,0.0668996410688727,14604.485791578423,153651.02311222392,222,8,26.581724581724583,51.477460530140085,717.9954351038501,0.00016805816207390048,0.0010993087226824458,0.0038288072490472542,0.0,0.0010009672926180836,0.0036023360281343783,0.008345484134422996,0.0
znhoughton/opt-babylm-125m-20eps-seed964,random_noposemb,Number,regular,Sing+Plur,5,768,36787,199,10,0.5522240603928832,0.011577675520612516,0.4361982640865043,True,,0.43875072009115523,1,87,0.12227927175287352,0.09866738167535369,1389603.8963852422,9974578.082009532,14863,398,37.23481110684978,75.48568699185401,689.5664073286921,,,,,0.09471951589479015,0.09779656363249922,0.10043591395945226,0.0
znhoughton/opt-babylm-125m-20eps-seed964,random_noposemb,Number,zero,Sing+Plur,5,768,784,3,10,0.8559964296836037,0.13810293264249013,0.005900637673906238,False,,,1,2,0.08068806512112889,0.084524766969161,12849.812439576732,146403.13804680065,219,6,29.66575342465753,63.46118315924822,687.3386762760595,,,,,,,,
znhoughton/opt-babylm-125m-20eps-seed964,random_noposemb,Tense,regular,Pres+Past,5,768,11548,81,10,0.5223114567832736,0.013699387515536255,0.4639891557011901,True,,0.2748864556105352,1,50,0.11609294487325791,0.08592422211807513,419236.77310816495,3191979.8565144027,4738,162,29.074222160462917,65.57035494825985,697.5480455669586,,,,,0.048250524450614625,0.05087401194425169,0.05346383556976991,0.0
znhoughton/opt-babylm-125m-20eps-seed964,random_noposemb,Tense,zero,Pres+Past,5,768,352,4,10,0.69552437277102,0.15806127841637926,0.1464143488126007,True,0.014875877139717341,0.10553008981760824,1,3,0.085337554568994,0.06514375899272108,14361.23450508296,153926.15757705295,222,8,26.581724581724583,50.121797591734065,719.2811101731446,6.46221753853404e-05,0.001066375032633047,0.004323665438555254,0.0,0.0009551128461936676,0.003729009772639486,0.007939782303436237,0.0
znhoughton/opt-babylm-125m-20eps-seed964,random_noposemb,Number,regular,Sing+Plur,6,768,36787,199,10,0.5532640557413204,0.011573774794933173,0.4351621694637464,True,,0.44479652568577366,1,86,0.11821083268410976,0.09446907797697818,1342921.7583418854,10017473.290481798,14863,398,37.23481110684978,72.24805279649121,692.5318555466158,,,,,0.09299226188469337,0.09629130662615287,0.09907158067599094,0.0
znhoughton/opt-babylm-125m-20eps-seed964,random_noposemb,Number,zero,Sing+Plur,6,768,784,3,10,0.8462635673762319,0.1403647073259493,0.013371725297818788,False,,,1,2,0.07877224803655881,0.08179412340346462,12548.678854732507,146754.61853127793,219,6,29.66575342465753,61.37538209420513,688.988819395671,,,,,,,,
znhoughton/opt-babylm-125m-20eps-seed964,random_noposemb,Tense,regular,Pres+Past,6,768,11548,81,10,0.523144275772573,0.014498435786373547,0.46235728844105356,True,,0.27603634721601833,1,49,0.11302745737837555,0.08271928678872238,407802.08166591474,3200189.207572231,4738,162,29.074222160462917,63.06583636292299,699.3420471093162,,,,,0.046297429405615285,0.049754288320580486,0.053154170896763255,0.0
znhoughton/opt-babylm-125m-20eps-seed964,random_noposemb,Tense,zero,Pres+Past,6,768,352,4,10,0.6930015051582846,0.1641630569919607,0.1428354378497546,True,0.015810072691781415,0.10164519749370718,1,3,0.08176248264167801,0.06084559169888366,13743.635280037288,154348.5609937527,222,8,26.581724581724583,46.72840194559852,721.2549579147322,0.0001103737247693222,0.001066146654111815,0.0040980972888233075,0.0,0.0011173042673466287,0.003661366979084202,0.008349403157725572,0.0
znhoughton/opt-babylm-125m-20eps-seed964,random_noposemb,Number,regular,Sing+Plur,7,768,36787,199,10,0.5540741452502473,0.011788991710162535,0.4341368630395901,True,,0.44523925001102127,1,85,0.11519229221494438,0.09135406330547426,1308316.2053993093,10049355.21725145,14863,398,37.23481110684978,69.84783346556146,694.7359292949499,,,,,0.0904737154272262,0.09357124325968286,0.09697835472314296,0.0
znhoughton/opt-babylm-125m-20eps-seed964,random_noposemb,Number,zero,Sing+Plur,7,768,784,3,10,0.8382750404046638,0.14576129238259833,0.015963667212737773,False,,,1,2,0.07778298943325881,0.08038219931324814,12372.781263237646,146695.1763119084,219,6,29.66575342465753,60.198926322226505,688.709747943232,,,,,,,,
znhoughton/opt-babylm-125m-20eps-seed964,random_noposemb,Tense,regular,Pres+Past,7,768,11548,81,10,0.5231663406618812,0.014601909728531781,0.46223174960958713,True,,0.2819329111769637,1,49,0.11082335419975108,0.08041476943823148,399507.4410507904,3205395.550160856,4738,162,29.074222160462917,61.254704277352886,700.4797968008863,,,,,0.04662521265578448,0.04968469700162593,0.05284785410769813,0.0
znhoughton/opt-babylm-125m-20eps-seed964,random_noposemb,Tense,zero,Pres+Past,7,768,352,4,10,0.684815678679043,0.17248867831265158,0.14269564300830548,True,0.014836499889025708,0.09975090734596812,1,3,0.08120173345841657,0.06017088981486548,13651.621066870255,154468.2020630295,222,8,26.581724581724583,46.21286135415423,721.8140283319135,6.378727901277434e-05,0.0010455648116458733,0.0036298015226199913,0.0,0.0010103501648760893,0.003359159637804651,0.008382764885700092,0.0
znhoughton/opt-babylm-125m-20eps-seed964,random_noposemb,Number,regular,Sing+Plur,8,768,36787,199,10,0.5578526670136705,0.011942979521829138,0.43020435346450037,True,,0.450363527523258,1,84,0.11237403047803703,0.08844563429763991,1275623.4706641084,10075962.52511828,14863,398,37.23481110684978,67.58680723731702,696.5753560399779,,,,,0.09034455453742404,0.0936081641978711,0.09722096473051203,0.0
znhoughton/opt-babylm-125m-20eps-seed964,random_noposemb,Number,zero,Sing+Plur,8,768,784,3,10,0.8433445032782575,0.15298705051678765,0.003668446204954701,False,,,1,2,0.07571561071658767,0.07742729459437626,12062.970564958307,147256.49408429884,219,6,29.66575342465753,58.02141768331783,691.3450426492903,,,,,,,,
znhoughton/opt-babylm-125m-20eps-seed964,random_noposemb,Tense,regular,Pres+Past,8,768,11548,81,10,0.5256869557128754,0.014785797904030475,0.4595272463830941,True,,0.2810875340980696,1,49,0.10846984981624198,0.07795390560071651,390528.35183877975,3209811.7657180447,4738,162,29.074222160462917,59.30329102181655,701.4448788719503,,,,,0.04529625307455802,0.04845953749835915,0.051368740365367455,0.0
znhoughton/opt-babylm-125m-20eps-seed964,random_noposemb,Tense,zero,Pres+Past,8,768,352,4,10,0.6977392745800368,0.17314151859593882,0.12911920682402434,True,0.014211676221628921,0.09451935629792767,1,3,0.08074118835450417,0.05961664631823244,13561.347649395782,154399.36640218605,222,8,26.581724581724583,45.73980925811227,721.4923663653553,0.00012303142062156615,0.0010909520776488163,0.0037405546550685043,0.0,0.0011958831271936489,0.003509600961286479,0.008410306857226007,0.0
znhoughton/opt-babylm-125m-20eps-seed964,random_noposemb,Number,regular,Sing+Plur,9,768,36787,199,10,0.5589294193119155,0.01224183961246465,0.4288287410756198,True,,0.45026999197826906,1,83,0.11015067369739064,0.08615107947774567,1250020.7629619634,10098259.923873048,14863,398,37.23481110684978,65.81341513236558,698.1168284737676,,,,,0.0878472292118419,0.09093872282134263,0.09449753338208196,0.0
znhoughton/opt-babylm-125m-20eps-seed964,random_noposemb,Number,zero,Sing+Plur,9,768,784,3,10,0.8447033730903334,0.15529662690966664,0.0,False,,,1,2,0.07519686060565392,0.07668494577198212,12001.009993510703,147593.55149285498,219,6,29.66575342465753,57.55035115628142,692.9274717974413,,,,,,,,
znhoughton/opt-babylm-125m-20eps-seed964,random_noposemb,Tense,regular,Pres+Past,9,768,11548,81,10,0.5283692277728632,0.014858098281586627,0.4567726739455502,True,,0.2810074022314987,1,48,0.1067916529095837,0.07619906702535387,384411.96445062535,3215232.333368155,4738,162,29.074222160462917,57.955893035724195,702.6294434808032,,,,,0.04417057829786068,0.04689973563534035,0.049792584316278164,0.0
znhoughton/opt-babylm-125m-20eps-seed964,random_noposemb,Tense,zero,Pres+Past,9,768,352,4,10,0.6951724427989451,0.1784044990339189,0.1264230581671361,True,0.014669685919401643,0.08601968274650498,1,3,0.07907465725440883,0.05761023823749509,13298.236670747485,154874.94463009256,222,8,26.581724581724583,44.24217840615468,723.7146945331428,0.00010713352997545631,0.0009694932321360732,0.003468766099786839,0.0,0.0011059982066506729,0.0034763356641713834,0.008774501877073834,0.0
znhoughton/opt-babylm-125m-20eps-seed964,random_noposemb,Number,regular,Sing+Plur,10,768,36787,199,10,0.5596808144272344,0.01207626671936269,0.4282429188534029,True,,0.4539956104838051,1,82,0.10847744760296668,0.08442423475718543,1230892.2292171232,10116095.153102705,14863,398,37.23481110684978,64.48627810186828,699.3498204702872,,,,,0.08802236461440892,0.09109001438892295,0.09462202407362598,0.0
znhoughton/opt-babylm-125m-20eps-seed964,random_noposemb,Number,zero,Sing+Plur,10,768,784,3,10,0.8476830754063839,0.15231692459361607,0.0,False,,,1,2,0.07475572601622851,0.07605338314371568,11938.881782317767,147766.36647820997,219,6,29.66575342465753,57.104147076832774,693.7388097568543,,,,,,,,
znhoughton/opt-babylm-125m-20eps-seed964,random_noposemb,Tense,regular,Pres+Past,10,768,11548,81,10,0.5282977651201097,0.014526869856474922,0.4571753650234154,True,,0.2829342188437317,1,48,0.10557583923145986,0.07492768271854722,379882.7866740434,3218315.3374365782,4738,162,29.074222160462917,56.965143490213975,703.3031768873641,,,,,0.04413236512427166,0.04689508700469405,0.04971928244383963,0.0
znhoughton/opt-babylm-125m-20eps-seed964,random_noposemb,Tense,zero,Pres+Past,10,768,352,4,10,0.6924397608870703,0.1833941633317843,0.12416607578114552,True,0.013955227167630275,0.08120860000492497,1,3,0.07829924042284847,0.056676242778389466,13163.496319959075,154954.30723561463,222,8,26.581724581724583,43.504097068440345,724.0855478299749,0.00013769938195088007,0.0009425482158174327,0.003330346620042768,0.0,0.0010409121275321892,0.0035535226465784934,0.009181930524326223,0.0
znhoughton/opt-babylm-125m-20eps-seed964,random_noposemb,Number,regular,Sing+Plur,11,768,36787,199,10,0.5607778667540678,0.012101108752189055,0.4271210244937431,True,,0.45637376274355596,1,82,0.1068595111147084,0.08275442094140933,1212345.694894105,10132883.964567015,14863,398,37.23481110684978,63.200455497834625,700.5104711072945,,,,,0.08734893352311682,0.08998431666004014,0.09346662663505,0.0
znhoughton/opt-babylm-125m-20eps-seed964,random_noposemb,Number,zero,Sing+Plur,11,768,784,3,10,0.8451110083175394,0.15488899168246054,0.0,False,,,1,2,0.07402586249408612,0.07500787956249706,11812.232502584222,147756.76277292363,219,6,29.66575342465753,56.25182528454527,693.6937219386085,,,,,,,,
znhoughton/opt-babylm-125m-20eps-seed964,random_noposemb,Tense,regular,Pres+Past,11,768,11548,81,10,0.528690195615624,0.014307466905736097,0.4570023374786399,True,,0.2851671013168214,1,48,0.10440568748481954,0.07370401123435709,375709.20941162383,3222841.965937434,4738,162,29.074222160462917,56.03951078490854,704.2923876611526,,,,,0.04399927375838566,0.046840691883112795,0.0498930189147495,0.0
znhoughton/opt-babylm-125m-20eps-seed964,random_noposemb,Tense,zero,Pres+Past,11,768,352,4,10,0.6950795890052583,0.1851680534480078,0.1197523575467337,True,0.015972667073897568,0.07715409585501073,1,3,0.07803536752820014,0.05635834241025811,13109.583882587349,154885.8302205096,222,8,26.581724581724583,43.22639534548396,723.7655617780823,0.0001490522027104859,0.000999292947453041,0.0030362091432741324,0.0,0.0011373211871512753,0.00350463429330794,0.009098310235374881,0.0
znhoughton/opt-babylm-125m-20eps-seed964,random_noposemb,Number,regular,Sing+Plur,12,768,36787,199,10,0.5601424267983184,0.01227133985297869,0.4275862333487028,True,,0.4567476934229319,1,81,0.10531738633790982,0.08116282177803384,1194848.5853027788,10150368.257328678,14863,398,37.23481110684978,61.984333984610146,701.7192020275616,,,,,0.08580508004416774,0.08844223462221742,0.09119594560150696,0.0
znhoughton/opt-babylm-125m-20eps-seed964,random_noposemb,Number,zero,Sing+Plur,12,768,784,3,10,0.8404223239956058,0.15957767600439415,0.0,False,,,1,2,0.07358826072032361,0.07438068710900717,11730.47118982485,147676.35640740802,219,6,29.66575342465753,55.71333338617958,693.3162272648264,,,,,,,,
znhoughton/opt-babylm-125m-20eps-seed964,random_noposemb,Tense,regular,Pres+Past,12,768,11548,81,10,0.5303674584871275,0.014286966455689633,0.4553455750571828,True,,0.2808483769960441,1,47,0.10316534232601787,0.07240689714926432,371736.0878533781,3231567.8848958868,4738,162,29.074222160462917,55.125138548524895,706.1992755454298,,,,,0.04259221852388364,0.045679311359353034,0.048787210550607536,0.0
znhoughton/opt-babylm-125m-20eps-seed964,random_noposemb,Tense,zero,Pres+Past,12,768,352,4,10,0.6885957761565188,0.18999793671381662,0.12140628712966459,True,0.01768098676798421,0.07852840383970652,1,3,0.07756059232214947,0.055786276704027214,13031.776617214038,154988.81511687554,222,8,26.581724581724583,42.79013465733368,724.246799611568,9.469744483616899e-05,0.0009883900908350088,0.0033506042911394026,0.0,0.0010678181172937523,0.0035396192197668383,0.008829385684201708,0.0
znhoughton/opt-babylm-350m-20eps-seed964,pretrained_noposemb,Number,regular,Sing+Plur,0,1024,36776,200,10,0.5927452784814984,0.03457507599428842,0.37267964552421323,True,0.006524158477310115,0.2943388219925665,1,73,0.994355583610539,0.9942310421164727,13462037.639561666,76416.6734121181,14889,400,37.113366060055775,908.9493131563189,5.274116461599704,0.0007231700282419617,0.0009683677269335786,0.0012971178926344336,0.0,0.07753003347794495,0.08019191361808237,0.08279583609364313,0.0
znhoughton/opt-babylm-350m-20eps-seed964,pretrained_noposemb,Number,zero,Sing+Plur,0,1024,786,3,10,1.0,1.4394224228654007e-31,7.49339357570435e-32,False,,,0,0,0.9999999999999998,0.9999999999999999,110569.64549239128,2.9103830456733704e-11,219,6,29.66575342465753,745.4362874902627,1.3663770167480612e-13,,,,,,,,
znhoughton/opt-babylm-350m-20eps-seed964,pretrained_noposemb,Tense,regular,Pres+Past,0,1024,11556,81,10,0.5760640556162202,0.06350836762631559,0.36042757675746406,True,0.004270860310688638,0.17283837771856553,1,55,0.7418501655740298,0.7350914919236333,2905712.9332614304,1011133.17408296,4737,162,29.067850947411486,613.2855756821543,221.01271564654863,0.0006922485964144968,0.0009758832527746299,0.0013810482458533598,0.0,0.045632325027644895,0.04776099707697773,0.05036646131182334,0.0
znhoughton/opt-babylm-350m-20eps-seed964,pretrained_noposemb,Tense,zero,Pres+Past,0,1024,352,4,10,0.8286294087660984,0.0825090031746841,0.08886158805921746,True,0.00022390752902284953,0.17468039077004824,1,3,0.6951660137103259,0.7210704897749044,109322.92577939283,47938.68313600999,222,8,26.581724581724583,579.1026929152728,224.01253801873827,4.3993453689594706e-05,0.0007537587447483456,0.0029110231342663554,0.825,0.001039424105166868,0.00299841697004969,0.007182226601824846,0.0
znhoughton/opt-babylm-350m-20eps-seed964,pretrained_noposemb,Number,regular,Sing+Plur,1,1024,36776,200,10,0.6222503224189324,0.04128692267952197,0.33646275490154554,True,0.0040492098076918325,0.29042000035601234,1,71,0.981461359321774,0.9810509674225473,14390780.686331857,271824.7740363609,14889,400,37.113366060055775,971.3039417614731,18.760768447536815,0.0007236022230332296,0.0009548899435751948,0.0013616343523184637,0.0,0.0642632048301134,0.06652091566077435,0.06901757332635472,0.0
znhoughton/opt-babylm-350m-20eps-seed964,pretrained_noposemb,Number,zero,Sing+Plur,1,1024,786,3,10,0.9993733987743184,0.00025873572377892314,0.0003678655019028252,False,,,1,2,0.9667782223290703,0.976610883453565,129854.05524766099,4462.225620591227,219,6,29.66575342465753,874.7413646303728,20.949416059113744,,,,,,,,
znhoughton/opt-babylm-350m-20eps-seed964,pretrained_noposemb,Tense,regular,Pres+Past,1,1024,11556,81,10,0.634511355999946,0.06098566117006486,0.3045029828299891,True,0.004797241350368953,0.17922919538815885,1,56,0.7687366403332925,0.7627603172063362,3701078.3246751637,1113416.1725176969,4737,162,29.067850947411486,782.4690760376791,243.369655195125,0.0006275660804906799,0.0009747873254192862,0.0014412738203334243,0.0,0.03720559846391454,0.038819634301559304,0.041052317769927585,0.0
znhoughton/opt-babylm-350m-20eps-seed964,pretrained_noposemb,Tense,zero,Pres+Past,1,1024,352,4,10,0.858139717392195,0.0700699892915333,0.07179029331627185,True,0.000884686904625627,0.1468362125907287,1,3,0.7066950432348402,0.7321501983216596,121410.73803694698,50390.01137994294,222,8,26.581724581724583,643.634830864249,235.4673428969296,3.3004116986117365e-05,0.0008096073795801054,0.002938944214707028,0.43,0.0009385370172424772,0.002685874311154433,0.006230662272768057,0.0
znhoughton/opt-babylm-350m-20eps-seed964,pretrained_noposemb,Number,regular,Sing+Plur,2,1024,36776,200,10,0.6463125755966539,0.045689183553012915,0.3079982408503332,True,0.004943248656069262,0.34294150177664207,1,61,0.9411090664591956,0.9397920147094091,13716854.193947036,858347.2176757138,14889,400,37.113366060055775,924.7029582154736,59.24130151671709,0.0006809694437031506,0.0009700075875330162,0.0014030318790404545,0.0,0.050432014124285995,0.05275036386283843,0.05565598632437236,0.0
znhoughton/opt-babylm-350m-20eps-seed964,pretrained_noposemb,Number,zero,Sing+Plur,2,1024,786,3,10,0.9982824998318314,0.0007020518689869763,0.001015448299181732,False,,,1,2,0.9175769692966839,0.9410119905796245,125305.9890017115,11255.839808963254,219,6,29.66575342465753,843.0041578247582,52.84431835194016,,,,,,,,
znhoughton/opt-babylm-350m-20eps-seed964,pretrained_noposemb,Tense,regular,Pres+Past,2,1024,11556,81,10,0.6791952900905723,0.05704216092416504,0.26376254898526263,True,0.005710630795112981,0.20915765001675227,1,51,0.7597660584939759,0.753530739958596,3666119.5270640654,1159207.2772566276,4737,162,29.067850947411486,774.6547944128648,253.3786398375142,0.0006171140327377591,0.0009483790988343759,0.0015180862105939215,0.0,0.030240568195645332,0.03215506204149614,0.03430867227769443,0.0
znhoughton/opt-babylm-350m-20eps-seed964,pretrained_noposemb,Tense,zero,Pres+Past,2,1024,352,4,10,0.8816531664033251,0.061524080269541676,0.056822753327133116,True,0.002556989384088843,0.11557665911106135,1,3,0.6705540426693325,0.6972702713527671,116383.22787933017,57179.558225177345,222,8,26.581724581724583,615.4221169406768,267.1941973139128,8.020797549182669e-05,0.0007526574537954586,0.002998070552806205,0.055,0.0008422182536855358,0.0026929184604152917,0.006603636456728246,0.0
znhoughton/opt-babylm-350m-20eps-seed964,pretrained_noposemb,Number,regular,Sing+Plur,3,1024,36776,200,10,0.6646001437444182,0.048579534188278255,0.2868203220673034,True,0.005656051068112234,0.3768934032346319,1,54,0.9038477641077021,0.9016772150412923,13160615.098223468,1400039.495214522,14889,400,37.113366060055775,886.1327731613873,96.6277517575072,0.0006867286846077766,0.0009559238376764643,0.0014333267307972658,0.0,0.04254708058740675,0.044881773758036037,0.04711839326957954,0.0
znhoughton/opt-babylm-350m-20eps-seed964,pretrained_noposemb,Number,zero,Sing+Plur,3,1024,786,3,10,0.9972790653502754,0.0012695344105212478,0.001451400239203233,False,,,1,2,0.8695061933401623,0.9050750652177276,120478.25502227484,18081.143340908704,219,6,29.66575342465753,809.3764774432483,84.88799690567467,,,,,,,,
znhoughton/opt-babylm-350m-20eps-seed964,pretrained_noposemb,Tense,regular,Pres+Past,3,1024,11556,81,10,0.7059382801509392,0.05690840621574323,0.23715331363331754,True,0.006848662570111651,0.23864758784812845,1,47,0.7424679992355663,0.7357275088544725,3586244.409634926,1243922.5650054202,4737,162,29.067850947411486,756.9501575783917,271.8956426241356,0.0005929283202800177,0.0009574672562670799,0.0016166193117061526,0.0,0.027355510166231285,0.029330283060625472,0.031319797755471196,0.0
znhoughton/opt-babylm-350m-20eps-seed964,pretrained_noposemb,Tense,zero,Pres+Past,3,1024,352,4,10,0.8980416009303375,0.05489179357609243,0.047066605493570036,True,0.0038808128626904854,0.09342768511185695,1,3,0.6252296568955209,0.6529078817865508,111024.34256516681,66549.35590019495,222,8,26.581724581724583,584.9749146277748,310.9782985990418,9.268583912398458e-05,0.000834057420172741,0.0032167219653311267,0.01,0.0008977566485769928,0.002675127251188939,0.006101120214723404,0.0
znhoughton/opt-babylm-350m-20eps-seed964,pretrained_noposemb,Number,regular,Sing+Plur,4,1024,36776,200,10,0.6754374645390099,0.05070583916660552,0.2738566962943847,True,0.005975863965966581,0.40634802224969313,1,49,0.8764850258899733,0.8736777485259143,12750674.567358032,1796835.305284841,14889,400,37.113366060055775,857.7115871385747,124.01375562736152,0.0006613271701172046,0.0009581023522021242,0.001423976584435107,0.0,0.039560128311227294,0.04180763161233287,0.0444053421851623,0.0
znhoughton/opt-babylm-350m-20eps-seed964,pretrained_noposemb,Number,zero,Sing+Plur,4,1024,786,3,10,0.9969465891479611,0.0016475906970293416,0.0014058201550095296,False,,,1,2,0.83729501964477,0.880326622615147,114961.52816861866,22339.572962249324,219,6,29.66575342465753,771.5099860050844,104.88062423591232,,,,,,,,
znhoughton/opt-babylm-350m-20eps-seed964,pretrained_noposemb,Tense,regular,Pres+Past,4,1024,11556,81,10,0.7228700749315998,0.05796809354416773,0.2191618315242324,True,0.007201554620116523,0.258683628438522,1,44,0.7261203155015232,0.7188954460035452,3512673.375895926,1324917.999673509,4737,162,29.067850947411486,740.6205409347999,289.5995627701659,0.0005517433593492921,0.0009387477987684663,0.0016410149326081703,0.0,0.025474005695327973,0.027252254267734803,0.02892022708278706,0.0
znhoughton/opt-babylm-350m-20eps-seed964,pretrained_noposemb,Tense,zero,Pres+Past,4,1024,352,4,10,0.9095990365740145,0.05220664308689386,0.03819432033909169,True,0.0033501954276990865,0.08012994423017172,1,3,0.5985686175344157,0.6264846244799135,107270.34548428611,71941.09718396974,222,8,26.581724581724583,563.8521184649321,336.17335132696144,7.92591625142593e-05,0.0008033453542472606,0.002574122699451837,0.015,0.000778357884170164,0.002668432589127664,0.0065074938067582735,0.0
znhoughton/opt-babylm-350m-20eps-seed964,pretrained_noposemb,Number,regular,Sing+Plur,5,1024,36776,200,10,0.6814710453322176,0.05233506519076613,0.2661938894770163,True,0.006264751162894383,0.42310941023189486,1,46,0.8606871611738877,0.8575084249183231,12509251.871809319,2024776.792854393,14889,400,37.113366060055775,840.9844207414828,139.74579286730574,0.0006509050427090291,0.0009594725202699064,0.0013838239122564869,0.0,0.036814652737134454,0.03907467084126562,0.041612495580186155,0.0
znhoughton/opt-babylm-350m-20eps-seed964,pretrained_noposemb,Number,zero,Sing+Plur,5,1024,786,3,10,0.9965808243952736,0.0018975482617745647,0.0015216273429518893,False,,,1,2,0.8112239895540304,0.8598887706933428,112127.09774659108,26092.55452014334,219,6,29.66575342465753,751.8069396079251,122.50025596311428,,,,,,,,
znhoughton/opt-babylm-350m-20eps-seed964,pretrained_noposemb,Tense,regular,Pres+Past,5,1024,11556,81,10,0.7345224883483964,0.0579067735329429,0.20757073811866067,True,0.0068565977673976965,0.27515709943461275,1,41,0.7159724759526346,0.708443522594376,3470991.7214876465,1376948.4411133402,4737,162,29.067850947411486,731.3228106698546,300.9723368553749,0.0005651255242210797,0.0009113834242868539,0.001694878247343346,0.0,0.024674805094537657,0.02646966966762488,0.02862956026868137,0.0
znhoughton/opt-babylm-350m-20eps-seed964,pretrained_noposemb,Tense,zero,Pres+Past,5,1024,352,4,10,0.9163242236676852,0.04975986769411733,0.03391590863819754,True,0.00430939359691706,0.07490682446606226,1,3,0.5787844457362835,0.6067172919267835,103961.09612348348,75658.61703455147,222,8,26.581724581724583,545.4138303370847,353.5449394137919,8.515949219498083e-05,0.0007200803172304961,0.0028757478863146797,0.01,0.0007271906908932819,0.0026547060789397217,0.006535992530699898,0.0
znhoughton/opt-babylm-350m-20eps-seed964,pretrained_noposemb,Number,regular,Sing+Plur,6,1024,36776,200,10,0.6864519195438007,0.05363475357246133,0.2599133268837379,True,0.00622154894551882,0.43992503218558876,1,43,0.8495029355686973,0.8460595201551794,12358184.608783172,2189363.246963814,14889,400,37.113366060055775,830.4767750299583,151.10520028737758,0.0006459349877316174,0.0009438039448382423,0.00141168804053622,0.0,0.0359953818884334,0.0380423044860067,0.040555788689048605,0.0
znhoughton/opt-babylm-350m-20eps-seed964,pretrained_noposemb,Number,zero,Sing+Plur,6,1024,786,3,10,0.9962864069039453,0.0022360155224474803,0.001477577573607139,False,,,1,2,0.7908415217819138,0.8436497336383983,110329.93271370948,29179.601971717144,219,6,29.66575342465753,739.2022980959607,136.99343648693494,,,,,,,,
znhoughton/opt-babylm-350m-20eps-seed964,pretrained_noposemb,Tense,regular,Pres+Past,6,1024,11556,81,10,0.7445074843478631,0.0567086030032716,0.19878391264886525,True,0.006673020020342847,0.2946964581590855,1,39,0.7097638386073764,0.7020475544802915,3454425.5918105165,1412581.4377226108,4737,162,29.067850947411486,727.5150352438422,308.7609699940133,0.0005936103307287196,0.0009248330620230306,0.001677213563458473,0.0,0.024712252751964404,0.026386492920086053,0.028408211313789077,0.0
znhoughton/opt-babylm-350m-20eps-seed964,pretrained_noposemb,Tense,zero,Pres+Past,6,1024,352,4,10,0.920821266306982,0.0476483334169424,0.03153040027607557,True,0.006061495417774663,0.0690478239795725,1,3,0.5682127163526263,0.5960982595440881,102669.46755503636,78018.9693635786,222,8,26.581724581724583,538.0573456176562,364.5746231942925,7.042699480700944e-05,0.0006662785760807244,0.003051012780458979,0.0,0.0007686748088846443,0.0026155191430078375,0.006031355711237068,0.0
znhoughton/opt-babylm-350m-20eps-seed964,pretrained_noposemb,Number,regular,Sing+Plur,7,1024,36776,200,10,0.6874106552314362,0.05563099380740942,0.2569583509611545,True,0.006631669488539837,0.4555883331164128,1,40,0.8450140328796912,0.8414639889601147,12292281.384957053,2254555.5984083638,14889,400,37.113366060055775,825.9050952647129,155.60463789139098,0.0006069473182630654,0.0009479206750798925,0.0014678684319675726,0.0,0.03481576886883601,0.03707621019969323,0.03966454743944201,0.0
znhoughton/opt-babylm-350m-20eps-seed964,pretrained_noposemb,Number,zero,Sing+Plur,7,1024,786,3,10,0.9961098672753964,0.0024273990356985906,0.0014627336889048736,False,,,1,2,0.7777612108367162,0.8331054331654063,109548.6788699639,31302.622716690603,219,6,29.66575342465753,733.5992716056428,146.96067003141127,,,,,,,,
znhoughton/opt-babylm-350m-20eps-seed964,pretrained_noposemb,Tense,regular,Pres+Past,7,1024,11556,81,10,0.7516281659973214,0.05546518988646809,0.19290664411621056,True,0.006885405810989916,0.30969169167422333,1,37,0.7078256504164394,0.7000506860046136,3451407.682799645,1424662.689571089,4737,162,29.067850947411486,726.7793259789817,311.4016807805659,0.0005072105518272035,0.000941936579376491,0.0016420453978737606,0.0,0.02456949281115853,0.026233688256869794,0.028380087761282913,0.0
znhoughton/opt-babylm-350m-20eps-seed964,pretrained_noposemb,Tense,zero,Pres+Past,7,1024,352,4,10,0.9264576656951562,0.04455206494026038,0.02899026936458341,True,0.0048677409995942725,0.06814900444268943,1,3,0.5693742365545905,0.5972669043548167,102914.03179674238,77835.33336508504,222,8,26.581724581724583,539.4039798756248,363.7165110517993,8.458640734341294e-05,0.0006435815507609315,0.0027610699601587005,0.0,0.0008449019277225134,0.002691398402516784,0.006295002167025476,0.0
znhoughton/opt-babylm-350m-20eps-seed964,pretrained_noposemb,Number,regular,Sing+Plur,8,1024,36776,200,10,0.6892668988164173,0.05565989943519903,0.25507320174838355,True,0.006645836762295462,0.4714714851291538,1,38,0.8431853714714006,0.8395918247220909,12269039.914638579,2281781.683734851,14889,400,37.113366060055775,824.2849677473802,157.48372446234046,0.0006242142142028418,0.0009345155146793527,0.0014565147461282802,0.0,0.03494280529052391,0.03712976420291288,0.039765737707181385,0.0
znhoughton/opt-babylm-350m-20eps-seed964,pretrained_noposemb,Number,zero,Sing+Plur,8,1024,786,3,10,0.9963267749515708,0.0023873363783205983,0.0012858886701085507,False,,,1,2,0.7734690808046264,0.8296242267414596,110617.43236896841,32397.24671024576,219,6,29.66575342465753,740.6313404370906,152.09974981336038,,,,,,,,
znhoughton/opt-babylm-350m-20eps-seed964,pretrained_noposemb,Tense,regular,Pres+Past,8,1024,11556,81,10,0.75796508152786,0.05498617393939118,0.1870487445327488,True,0.007362687932532433,0.320191241537249,1,36,0.7073848148124448,0.6995964904387771,3452351.2523368592,1428091.7258633613,4737,162,29.067850947411486,726.9551616207414,312.15119691002434,0.0005060285840759533,0.0009248678869518911,0.0016135691790084084,0.0,0.02440074759486956,0.02625988726902988,0.028539165434892357,0.0
znhoughton/opt-babylm-350m-20eps-seed964,pretrained_noposemb,Tense,zero,Pres+Past,8,1024,352,4,10,0.9286071361853357,0.043558407863421814,0.027834455951242402,True,0.0036097954670485486,0.06686845965154929,1,3,0.5637623129806181,0.5916161422519313,101495.07759692549,78536.60465639827,222,8,26.581724581724583,531.654869736112,366.99347970279564,8.435675230755278e-05,0.0006566014385240486,0.0029886917685219526,0.015,0.0007782883713343036,0.002560820545244158,0.007184553799410246,0.0
znhoughton/opt-babylm-350m-20eps-seed964,pretrained_noposemb,Number,regular,Sing+Plur,9,1024,36776,200,10,0.6897902592076297,0.05781778111341038,0.25239195967896,True,0.006720712757918939,0.484068477283356,1,37,0.8429826729247941,0.8393843017679149,12238449.545724966,2279582.6022700947,14889,400,37.113366060055775,822.2232896121407,157.33194853130615,0.0006134498111299315,0.0009331915790398741,0.001526616512973097,0.0,0.034943048762678584,0.037243602912591225,0.03965335188481505,0.0
znhoughton/opt-babylm-350m-20eps-seed964,pretrained_noposemb,Number,zero,Sing+Plur,9,1024,786,3,10,0.9962779868531019,0.002363410983419804,0.0013586021634784116,False,,,1,2,0.768162437348612,0.8253055593198052,111205.64759155136,33562.75318496741,219,6,29.66575342465753,744.4125079512684,157.5716111970301,,,,,,,,
znhoughton/opt-babylm-350m-20eps-seed964,pretrained_noposemb,Tense,regular,Pres+Past,9,1024,11556,81,10,0.7622335186371837,0.05578497200335449,0.18198150935946186,True,0.007499495101075212,0.31879755265383125,1,34,0.7087286006467759,0.7009809856626105,3462404.925411368,1422969.9871456036,4737,162,29.067850947411486,729.1419307844296,311.03169117936693,0.0005511839254744119,0.0009555650334075298,0.0016833913436803134,0.0,0.022950612871641737,0.025297463168607842,0.027803845008079902,0.0
znhoughton/opt-babylm-350m-20eps-seed964,pretrained_noposemb,Tense,zero,Pres+Past,9,1024,352,4,10,0.9318436426755952,0.042155054413234166,0.026001302911170764,True,0.0027805065789202076,0.061866474767033,1,3,0.567575786133481,0.5954572200891536,102071.48552079922,77766.14676465264,222,8,26.581724581724583,534.8880783032522,363.3932091806198,9.972660490168168e-05,0.000646423793914823,0.0029399760402881907,0.035,0.000832382177171306,0.0026260869126190356,0.006571089728946362,0.0
znhoughton/opt-babylm-350m-20eps-seed964,pretrained_noposemb,Number,regular,Sing+Plur,10,1024,36776,200,10,0.6901256431042936,0.058534333851864344,0.25134002304384206,True,0.006977613482238503,0.4900667297959878,1,36,0.8453246522585067,0.8417819940512807,12247041.574039139,2240932.414792197,14889,400,37.113366060055775,822.8753851224903,154.6643946988886,0.0006425866786339152,0.0009323327691881263,0.001485534056104477,0.0,0.03470563621774608,0.03721616895645177,0.03975560504192423,0.0
znhoughton/opt-babylm-350m-20eps-seed964,pretrained_noposemb,Number,zero,Sing+Plur,10,1024,786,3,10,0.9962599265995427,0.002451666211703742,0.0012884071887535491,False,,,1,2,0.764449818958715,0.8222744880944427,110033.3993078016,33904.62851158112,219,6,29.66575342465753,736.4553628266311,159.1766596787846,,,,,,,,
znhoughton/opt-babylm-350m-20eps-seed964,pretrained_noposemb,Tense,regular,Pres+Past,10,1024,11556,81,10,0.765486951917687,0.055447231266529465,0.1790658168157836,True,0.006982017516925656,0.3287275632682224,1,33,0.712026158533467,0.7043782476242554,3474026.254191467,1405044.8481213837,4737,162,29.067850947411486,731.7599512789062,307.113628004674,0.0005604298625714022,0.0009483804329983603,0.001634690388632665,0.0,0.02331255894652806,0.025299584455689257,0.027820015748965178,0.0
znhoughton/opt-babylm-350m-20eps-seed964,pretrained_noposemb,Tense,zero,Pres+Past,10,1024,352,4,10,0.9338220215826516,0.041482674424398465,0.024695303992949887,True,0.0028089358815061027,0.0533277712425606,1,3,0.571852297741627,0.5997585732832936,102259.49682502322,76562.02269823289,222,8,26.581724581724583,536.1101775549517,357.76646120669574,8.86951947256797e-05,0.0006797194876206868,0.0028890503661122696,0.04,0.0007637332142873201,0.0026710111814531,0.00724983471020541,0.0
znhoughton/opt-babylm-350m-20eps-seed964,pretrained_noposemb,Number,regular,Sing+Plur,11,1024,36776,200,10,0.6909773030409305,0.05958596021818785,0.2494367367408817,True,0.007255997301322282,0.492117464852598,1,35,0.8470586733258745,0.8435572255818036,12289817.207538486,2218997.3463388626,14889,400,37.113366060055775,825.8048152677547,153.15048287244548,0.0006064525979481269,0.0009318991203385734,0.0014764056718226599,0.0,0.03447890219715628,0.03727952200752323,0.039957613122384474,0.0
znhoughton/opt-babylm-350m-20eps-seed964,pretrained_noposemb,Number,zero,Sing+Plur,11,1024,786,3,10,0.9958823688778424,0.002564204284057612,0.0015534268380999116,False,,,1,2,0.7640548639861472,0.8219515678602047,109125.54317792518,33698.680999651275,219,6,29.66575342465753,730.3673888027588,158.20976995141444,,,,,,,,
znhoughton/opt-babylm-350m-20eps-seed964,pretrained_noposemb,Tense,regular,Pres+Past,11,1024,11556,81,10,0.7672399364182095,0.05665817522623408,0.17610188835555635,True,0.007056185587076339,0.331918990308124,1,32,0.7139150869950887,0.7063241650725456,3479848.35369793,1394468.5182774472,4737,162,29.067850947411486,733.0835398335437,304.8018619185677,0.0005952202627086494,0.0009350258039840364,0.0016253839566109387,0.0,0.02339549360005214,0.02530217873711555,0.027604528143899233,0.0
znhoughton/opt-babylm-350m-20eps-seed964,pretrained_noposemb,Tense,zero,Pres+Past,11,1024,352,4,10,0.9345489372605298,0.04223725954960896,0.023213803189861233,True,0.002584965989098426,0.04848879207607383,1,3,0.5752025576502254,0.6031237872030283,101895.66097695084,75251.77973194898,222,8,26.581724581724583,534.3851608465708,351.64383052312604,4.515209046107699e-05,0.000623594132351611,0.0035308142313087132,0.055,0.0007256614576408507,0.002707510010133994,0.006712831072083022,0.0
znhoughton/opt-babylm-350m-20eps-seed964,pretrained_noposemb,Number,regular,Sing+Plur,12,1024,36776,200,10,0.689484215303466,0.06209283059190716,0.24842295410462692,True,0.00741801167837495,0.4950023516969708,1,34,0.8466443976645602,0.8431331073965057,12282675.398166304,2224803.104080502,14889,400,37.113366060055775,825.3117321923579,153.55118393819464,0.0006439419402166376,0.0009399265691915914,0.0014990463475166669,0.0,0.03467476946287853,0.03718338624944015,0.03993846888472355,0.0
znhoughton/opt-babylm-350m-20eps-seed964,pretrained_noposemb,Number,zero,Sing+Plur,12,1024,786,3,10,0.9961486888478542,0.0024782297233034638,0.0013730814288422666,False,,,1,2,0.7536991091708419,0.8134521872141214,107608.48939829989,35165.31527911566,219,6,29.66575342465753,719.9076388537491,165.0953768972566,,,,,,,,
znhoughton/opt-babylm-350m-20eps-seed964,pretrained_noposemb,Tense,regular,Pres+Past,12,1024,11556,81,10,0.7692983671065335,0.05706364822813896,0.17363798466532762,True,0.00727177760687364,0.33387126841412074,1,32,0.7156939979208853,0.7081566630798594,3503058.9559560013,1391573.339595594,4737,162,29.067850947411486,738.0649214162395,304.169035977179,0.0005566654265167365,0.0009725635309913898,0.0015559086062556524,0.0,0.02348902935534029,0.025393441477165254,0.027738069154361673,0.0
znhoughton/opt-babylm-350m-20eps-seed964,pretrained_noposemb,Tense,zero,Pres+Past,12,1024,352,4,10,0.9354770045763694,0.04205476653382053,0.022468228889810107,True,0.0014312300696995306,0.045496755825973526,1,3,0.5780082109211055,0.6059389226449754,101493.21531172271,74098.08840000932,222,8,26.581724581724583,532.4251241025598,346.25274953275385,5.263314398350504e-05,0.000658555860887061,0.004083454439360486,0.19,0.0007923850871211749,0.0026948785527879803,0.007125058169146869,0.0
znhoughton/opt-babylm-350m-20eps-seed964,pretrained_noposemb,Number,regular,Sing+Plur,13,1024,36776,200,10,0.687653499523334,0.06626095088790943,0.2460855495887565,True,0.007213146656094351,0.4965505934645118,1,33,0.8418309761427655,0.8382051847678911,12224207.859067472,2296768.6855095457,14889,400,37.113366060055775,821.2295883896401,158.51809548688976,0.0006247260329450538,0.0009399038880320569,0.0014914787716217102,0.0,0.03479897633251874,0.03721561586885698,0.03986941713973681,0.0
znhoughton/opt-babylm-350m-20eps-seed964,pretrained_noposemb,Number,zero,Sing+Plur,13,1024,786,3,10,0.9959727890526119,0.00237709288694303,0.001650118060445091,False,,,1,2,0.7433849996988164,0.8049245090583805,107585.77931029718,37138.39370084203,219,6,29.66575342465753,719.4422774527368,174.3586558724978,,,,,,,,
znhoughton/opt-babylm-350m-20eps-seed964,pretrained_noposemb,Tense,regular,Pres+Past,13,1024,11556,81,10,0.7715675511605066,0.05806647448514132,0.17036597435435208,True,0.007592037957133558,0.34390147439530944,1,31,0.7135695934465653,0.7059682547378695,3510318.791853276,1409059.5338098416,4737,162,29.067850947411486,739.484704032815,307.99115493111293,0.0006052191846298217,0.0009814521058011832,0.0015515366748806115,0.0,0.023336325642455052,0.02536080628892117,0.02785761117900813,0.0
znhoughton/opt-babylm-350m-20eps-seed964,pretrained_noposemb,Tense,zero,Pres+Past,13,1024,352,4,10,0.9364709564330232,0.04300776518949978,0.020521278377477043,True,0.0016698425328043147,0.0482266472559273,1,3,0.5775697915428486,0.6054992041051803,101100.13146979368,73943.87697761366,222,8,26.581724581724583,530.3396980698163,345.53213540940965,8.186432416151001e-05,0.0006421940792291309,0.003124116276972632,0.165,0.0009249963122729903,0.0026597657328722335,0.007262000473785091,0.0
znhoughton/opt-babylm-350m-20eps-seed964,pretrained_noposemb,Number,regular,Sing+Plur,14,1024,36776,200,10,0.6838951966912566,0.07297067438324094,0.2431341289255023,True,0.007952494551457263,0.5024379953091367,1,32,0.8407294455473197,0.8370774143362072,12198899.697826859,2310999.7263396233,14889,400,37.113366060055775,819.4940634673721,159.5002916929825,0.0006326967014018239,0.000935380207171913,0.0014527427674245435,0.0,0.03446050305725749,0.03721659005567908,0.04002700655418357,0.0
znhoughton/opt-babylm-350m-20eps-seed964,pretrained_noposemb,Number,zero,Sing+Plur,14,1024,786,3,10,0.996091378901486,0.0026071968726838323,0.0013014242258301975,False,,,1,2,0.7307839767574904,0.7944203852710703,105605.79669330048,38904.482749164104,219,6,29.66575342465753,705.8141718222641,182.65015375194415,,,,,,,,
znhoughton/opt-babylm-350m-20eps-seed964,pretrained_noposemb,Tense,regular,Pres+Past,14,1024,11556,81,10,0.7731652655543195,0.06026861357157853,0.16656612087410202,True,0.0073174477773157625,0.34717686954984034,1,30,0.7147976822219774,0.7072333572091313,3521453.1045690235,1405050.1454449454,4737,162,29.067850947411486,741.8940183988874,307.11478588960557,0.000591007764595167,0.0009636606761748818,0.0015530811086322373,0.0,0.023299162546074552,0.02544659441540309,0.02792033331647684,0.0
znhoughton/opt-babylm-350m-20eps-seed964,pretrained_noposemb,Tense,zero,Pres+Past,14,1024,352,4,10,0.9392721534124715,0.04238208556909184,0.018345761018436504,False,0.0024719350000367638,,1,3,0.5821603845237496,0.6101000517114863,102016.69080851851,73221.42830873425,222,8,26.581724581724583,535.3925296246529,342.15620705016005,5.891790551572744e-05,0.0006470908235263614,0.0029897742084182806,0.07,,,,
znhoughton/opt-babylm-350m-20eps-seed964,pretrained_noposemb,Number,regular,Sing+Plur,15,1024,36776,200,10,0.6787721127156788,0.08026829675549033,0.2409595905288307,True,0.008779240228001056,0.5085317214667071,1,31,0.838164841299489,0.8344516649656057,12151398.543662105,2346225.246930927,14889,400,37.113366060055775,816.2208033137741,161.93148229214762,0.0006179504765186768,0.000953457105333913,0.0014478060935613768,0.0,0.03443953295339175,0.037100301817081294,0.03992405145448174,0.0
znhoughton/opt-babylm-350m-20eps-seed964,pretrained_noposemb,Number,zero,Sing+Plur,15,1024,786,3,10,0.9956674584040178,0.002890634095044408,0.001441907500937879,False,,,1,2,0.7218076883174588,0.7868797172841852,105646.72808110355,40717.36555631277,219,6,29.66575342465753,705.8032194853132,191.16134063996606,,,,,,,,
znhoughton/opt-babylm-350m-20eps-seed964,pretrained_noposemb,Tense,regular,Pres+Past,15,1024,11556,81,10,0.7772198522272322,0.059166489294616376,0.16361365847815149,True,0.006817765056258588,0.34956440158829866,1,30,0.7134150719056792,0.7058090733238953,3529794.7857277514,1417948.7155399462,4737,162,29.067850947411486,743.5794654833908,309.9341454732123,0.0005766107334485218,0.0009593989600016873,0.0015954518216349596,0.0,0.02331117669120085,0.02544448513317935,0.028039747514025822,0.0
znhoughton/opt-babylm-350m-20eps-seed964,pretrained_noposemb,Tense,zero,Pres+Past,15,1024,352,4,10,0.9406570058725292,0.04128186079831988,0.018061133329150825,False,0.001921408673736319,,1,3,0.5836707846035382,0.6116122085075666,101932.4091068423,72707.83638031274,222,8,26.581724581724583,535.0298638847149,339.75624476781655,5.617456329769283e-05,0.0006546049537312975,0.003078450550365499,0.095,,,,
znhoughton/opt-babylm-350m-20eps-seed964,pretrained_noposemb,Number,regular,Sing+Plur,16,1024,36776,200,10,0.6734796818532619,0.08789808046040155,0.23862223768633645,True,0.00932248885603076,0.5084747474764041,1,30,0.8359772681259862,0.8322118771693671,12126606.44460565,2379298.0900833327,14889,400,37.113366060055775,814.4850889116144,164.21409966756386,0.0006234516432413538,0.0009342588311437426,0.001439556202697377,0.0,0.032911858117429874,0.03589614806870262,0.03893731924228527,0.0
znhoughton/opt-babylm-350m-20eps-seed964,pretrained_noposemb,Number,zero,Sing+Plur,16,1024,786,3,10,0.9957265117317451,0.003016754390058214,0.0012567338781967277,False,,,1,2,0.7150320250807282,0.781155376037737,103875.30333166533,41398.33433503589,219,6,29.66575342465753,693.7528939368532,194.35837715979292,,,,,,,,
znhoughton/opt-babylm-350m-20eps-seed964,pretrained_noposemb,Tense,regular,Pres+Past,16,1024,11556,81,10,0.7792145567474223,0.058868149395888816,0.16191729385668888,True,0.006715512185912202,0.3534631727395045,1,29,0.7120100924653365,0.7043616964548989,3545896.6360322516,1434224.6762297368,4737,162,29.067850947411486,746.8976985964274,313.49173250923207,0.0006009253236527099,0.000952696369417601,0.0014702319995942255,0.0,0.02343190293418365,0.025448443614895806,0.027805152774651218,0.0
znhoughton/opt-babylm-350m-20eps-seed964,pretrained_noposemb,Tense,zero,Pres+Past,16,1024,352,4,10,0.9421186601176159,0.04066100163035787,0.017220338252026287,False,0.0027494682432432165,,1,3,0.5884048724981792,0.6163466240921769,103077.96349829494,72104.07240269755,222,8,26.581724581724583,541.2925107583881,336.93491776961474,7.265740949275289e-05,0.0007223083400161818,0.003120268326826795,0.035,,,,
znhoughton/opt-babylm-350m-20eps-seed964,pretrained_noposemb,Number,regular,Sing+Plur,17,1024,36776,200,10,0.6684418044267174,0.09604952531488031,0.23550867025840228,True,0.00973784081025772,0.49939873976468574,1,29,0.8347368127957837,0.8309417897381217,12116801.664535128,2398913.3234648965,14889,400,37.113366060055775,813.7864946280503,165.5679014055419,0.0005996462178601813,0.0009517547767333344,0.0014531432052298896,0.0,0.03247969878235232,0.0352412029773078,0.03821794149677237,0.0
znhoughton/opt-babylm-350m-20eps-seed964,pretrained_noposemb,Number,zero,Sing+Plur,17,1024,786,3,10,0.9957461088126264,0.0031694283112212542,0.001084462876152475,False,,,1,2,0.7088217186811732,0.7758840378299039,104011.75156124182,42727.193959170676,219,6,29.66575342465753,694.4624956124237,200.5971547378905,,,,,,,,
znhoughton/opt-babylm-350m-20eps-seed964,pretrained_noposemb,Tense,regular,Pres+Past,17,1024,11556,81,10,0.779312623856457,0.06096482979587406,0.15972254634766883,True,0.006533139762433958,0.3520361397130478,1,29,0.7081632103669414,0.7003984727153464,3535628.034340506,1457045.9461512049,4737,162,29.067850947411486,744.5319099945699,318.47998822977155,0.0005584815366791141,0.0009526711395379129,0.0014851450425318123,0.0,0.023524728990131936,0.02543499716756361,0.027898643871468357,0.0
znhoughton/opt-babylm-350m-20eps-seed964,pretrained_noposemb,Tense,zero,Pres+Past,17,1024,352,4,10,0.941636605903296,0.041465744517172644,0.016897649579531313,False,0.002687284260956601,,1,3,0.588166103694379,0.6161080265831023,103565.55677996544,72516.60118434296,222,8,26.581724581724583,543.8404447082877,338.8626223567428,8.168145940540374e-05,0.0006900548586079472,0.002969392937771823,0.045,,,,
znhoughton/opt-babylm-350m-20eps-seed964,pretrained_noposemb,Number,regular,Sing+Plur,18,1024,36776,200,10,0.663279344482642,0.10424973895873589,0.232470916558622,True,0.010266905817863983,0.4920692421642818,1,29,0.8157206428627223,0.8114691863998594,11870068.7185551,2681565.8666600194,14889,400,37.113366060055775,796.5989835904536,185.0759794782262,0.0005513506125809523,0.0009289860957265592,0.0014467870597898998,0.0,0.03127656132019308,0.034224342217250556,0.037219594322533724,0.0
znhoughton/opt-babylm-350m-20eps-seed964,pretrained_noposemb,Number,zero,Sing+Plur,18,1024,786,3,10,0.9943665476801921,0.004324094688516234,0.0013093576312917436,False,,,1,2,0.6835128426490641,0.7541546883413578,102679.28800617091,47543.62164424735,219,6,29.66575342465753,684.7170816522463,223.20949128754626,,,,,,,,
znhoughton/opt-babylm-350m-20eps-seed964,pretrained_noposemb,Tense,regular,Pres+Past,18,1024,11556,81,10,0.7798389961246734,0.06255443663415941,0.1576065672411672,True,0.006376571366821965,0.3487543845166308,1,28,0.6909909710539202,0.6827023163930265,3456610.3124625953,1545785.460076183,4737,162,29.067850947411486,726.9802196553669,337.87660329534054,0.0005914124521194524,0.000950651875476338,0.0014986839126555054,0.0,0.02329580714102395,0.025458882534927115,0.02785848584708343,0.0
znhoughton/opt-babylm-350m-20eps-seed964,pretrained_noposemb,Tense,zero,Pres+Past,18,1024,352,4,10,0.9418354802918657,0.04322969342215678,0.014934826285977606,False,0.0027657467831898484,,1,3,0.5697140901798317,0.5976087524768453,102080.39577885042,77097.89301268797,222,8,26.581724581724583,535.0534390975735,360.27052809667276,8.834675279285285e-05,0.0006582340095507827,0.003075376422299046,0.04,,,,
znhoughton/opt-babylm-350m-20eps-seed964,pretrained_noposemb,Number,regular,Sing+Plur,19,1024,36776,200,10,0.6611370470970614,0.1057412699330125,0.2331216829699261,True,0.010257948506847702,0.49079224770163793,1,29,0.7915108841072754,0.7866724293796329,11473426.069664309,3022175.0648733266,14889,400,37.113366060055775,769.180290996238,208.58410275887408,0.0005644129344701587,0.0009362615912134006,0.001444233874916054,0.0,0.03110371248986141,0.03407333512323345,0.03734518316463155,0.0
znhoughton/opt-babylm-350m-20eps-seed964,pretrained_noposemb,Number,zero,Sing+Plur,19,1024,786,3,10,0.9933821994719889,0.004876315985452971,0.0017414845425581201,False,,,1,2,0.6539274057793653,0.7282393155037056,97325.60602823216,51506.82578006211,219,6,29.66575342465753,647.9965247130372,241.81608347447,,,,,,,,
znhoughton/opt-babylm-350m-20eps-seed964,pretrained_noposemb,Tense,regular,Pres+Past,19,1024,11556,81,10,0.7784862276093695,0.06311612644689855,0.158397645943732,True,0.0068456997715717295,0.35353388846746414,1,28,0.6643295820796906,0.6552126784772727,3302353.4055155483,1668603.0212289854,4737,162,29.067850947411486,693.0952652845173,364.72197185333016,0.0005375261094082048,0.0009357916221269245,0.0014723917329844253,0.0,0.024151444959692587,0.02622176146051574,0.028869899832359974,0.0
znhoughton/opt-babylm-350m-20eps-seed964,pretrained_noposemb,Tense,zero,Pres+Past,19,1024,352,4,10,0.9427397209205397,0.044928647693736924,0.012331631385723463,False,0.0024986238986566887,,1,3,0.540084950855184,0.56765169471211,97066.53020820278,82658.02989017658,222,8,26.581724581724583,507.13017716488156,386.25247612232045,7.599607774013658e-05,0.0006956682338806267,0.002982118401077974,0.07,,,,
znhoughton/opt-babylm-350m-20eps-seed964,pretrained_noposemb,Number,regular,Sing+Plur,20,1024,36776,200,10,0.6586484828229997,0.10768209893321566,0.23366941824378468,True,0.010364087604020411,0.48691264364457,1,29,0.7577662137644691,0.7520985316560836,10971013.2977981,3507084.430122163,14889,400,37.113366060055775,734.350594020365,242.0515170213378,0.0005784508380743988,0.000919818012083253,0.00149721752827252,0.0,0.03141699539784183,0.0341590409208985,0.037538127195614085,0.0
znhoughton/opt-babylm-350m-20eps-seed964,pretrained_noposemb,Number,zero,Sing+Plur,20,1024,786,3,10,0.9926780995601907,0.005827612647303768,0.0014942877925053857,False,,,1,2,0.6118653003809643,0.6904059696923406,92717.6545359637,58815.13295539282,219,6,29.66575342465753,615.7741305583079,276.12738476710246,,,,,,,,
znhoughton/opt-babylm-350m-20eps-seed964,pretrained_noposemb,Tense,regular,Pres+Past,20,1024,11556,81,10,0.777310811574958,0.06416035525092642,0.15852883317411565,True,0.006534819555070675,0.3488179331585031,1,28,0.6353498086739595,0.6253121648235629,3144776.0324998335,1804900.4914662396,4737,162,29.067850947411486,658.3994342820689,394.51376862650045,0.0005449310436206301,0.0009502930764445495,0.0015553140808178057,0.0,0.024060573616987446,0.026114041181037276,0.028854070370574966,0.0
znhoughton/opt-babylm-350m-20eps-seed964,pretrained_noposemb,Tense,zero,Pres+Past,20,1024,352,4,10,0.9439323527335152,0.04664868010215422,0.009418967164330713,False,0.0018364808050262364,,1,3,0.5146648911452203,0.5416995115774649,93795.170303842,88449.96029974584,222,8,26.581724581724583,488.5308487787119,413.31757149413943,0.00012996915131709296,0.0007300624619212667,0.0033592818286277784,0.115,,,,
znhoughton/opt-babylm-350m-20eps-seed964,pretrained_noposemb,Number,regular,Sing+Plur,21,1024,36776,200,10,0.6570398291462641,0.10998794009233975,0.23297223076139625,True,0.009632087556891404,0.4857125947718855,1,32,0.6995217528690416,0.6923925240264456,10173508.743215166,4370011.456820359,14889,400,37.113366060055775,678.8903679379806,301.60890722757676,0.0006011047613845361,0.0009256563122721207,0.0014541666926766491,0.0,0.03245969396035258,0.035070930264465124,0.03799065655250847,0.0
znhoughton/opt-babylm-350m-20eps-seed964,pretrained_noposemb,Number,zero,Sing+Plur,21,1024,786,3,10,0.9893053814634473,0.008424181474071656,0.0022704370624809836,False,,,1,2,0.5418411920165191,0.6247055740229954,86602.3741373964,73227.4346947755,219,6,29.66575342465753,572.2653934065845,343.7907732149084,,,,,,,,
znhoughton/opt-babylm-350m-20eps-seed964,pretrained_noposemb,Tense,regular,Pres+Past,21,1024,11556,81,10,0.7779272488123188,0.06391318332228384,0.15815956786539734,True,0.006678646051985963,0.34475952709281277,1,29,0.5885168437950982,0.5769461018692051,2897052.406957894,2025580.5431476948,4737,162,29.067850947411486,603.8067456444426,442.7498454967639,0.0005747199809130989,0.000926792575776507,0.0014407308990575377,0.0,0.024534455592929605,0.02703713133368598,0.02981291148773802,0.0
znhoughton/opt-babylm-350m-20eps-seed964,pretrained_noposemb,Tense,zero,Pres+Past,21,1024,352,4,10,0.9451717987832894,0.048035081329303654,0.0067931198874070725,False,0.001994387881510614,,1,3,0.4614707317318588,0.48662785647621004,86753.68085981473,101240.21538195958,222,8,26.581724581724583,448.4395970892598,473.08511860728777,9.541654318919581e-05,0.0007686019788149736,0.0029248267800269104,0.1,,,,
znhoughton/opt-babylm-350m-20eps-seed964,pretrained_noposemb,Number,regular,Sing+Plur,22,1024,36776,200,10,0.6550532567053032,0.11049922281719284,0.234447520477504,True,0.00810898309195151,0.47779959696779284,1,35,0.6461981337904621,0.6376971985926707,9473011.493423857,5186596.756846331,14889,400,37.113366060055775,630.0672246871922,357.9678899058825,0.0006488546482670992,0.0009122652814423445,0.001417331816254136,0.0,0.03367374300809879,0.03610480084384264,0.03910058601983073,0.0
znhoughton/opt-babylm-350m-20eps-seed964,pretrained_noposemb,Number,zero,Sing+Plur,22,1024,786,3,10,0.9890274849375306,0.009595413407298274,0.0013771016551712251,False,,,1,2,0.48368167076468876,0.5673842981032802,82164.77561064792,87708.88423002258,219,6,29.66575342465753,540.0562761238064,411.77879920198393,,,,,,,,
znhoughton/opt-babylm-350m-20eps-seed964,pretrained_noposemb,Tense,regular,Pres+Past,22,1024,11556,81,10,0.7782721957047154,0.0624407251074284,0.15928707918785603,True,0.006298700921980429,0.3334115098480862,1,30,0.544325123139752,0.5312565410219301,2682906.6339850044,2245961.279569273,4737,162,29.067850947411486,556.3911790778268,490.9204982665077,0.0006016973691726828,0.0009284343551439328,0.0014569123629918684,0.0,0.02455035272234665,0.02730993291002578,0.029734408808176,0.0
znhoughton/opt-babylm-350m-20eps-seed964,pretrained_noposemb,Tense,zero,Pres+Past,22,1024,352,4,10,0.944524777883281,0.050311231112386605,0.005163991004332292,False,0.001784876970807355,,1,3,0.41198706641716887,0.43444797196045504,78740.07938963146,112382.61791830059,222,8,26.581724581724583,403.41364296359194,525.1524201789747,7.980419427234816e-05,0.0007291225504372842,0.0028756692973203575,0.16,,,,
znhoughton/opt-babylm-350m-20eps-seed964,pretrained_noposemb,Number,regular,Sing+Plur,23,1024,36776,200,10,0.6455840979958201,0.11236903900420461,0.2420468629999753,True,0.00740864635254445,0.43648788286333307,1,41,0.5207622190457997,0.5089075917434767,7695232.5050670095,7081631.529284596,14889,400,37.113366060055775,506.4897053697229,488.7591641441505,0.0006614646980050776,0.000920273078146788,0.0014431638658404721,0.0,0.03789110441506958,0.04002005051221939,0.04264206396051967,0.0
znhoughton/opt-babylm-350m-20eps-seed964,pretrained_noposemb,Number,zero,Sing+Plur,23,1024,786,3,10,0.9857329808756223,0.013521643235932749,0.0007453758884449318,False,,,1,2,0.38369092121615395,0.4624495151724316,68758.86076567236,110444.91228095848,219,6,29.66575342465753,446.07838704683644,518.5207149340773,,,,,,,,
znhoughton/opt-babylm-350m-20eps-seed964,pretrained_noposemb,Tense,regular,Pres+Past,23,1024,11556,81,10,0.7791128446241185,0.05602372667912994,0.16486342869675158,True,0.005629907869039341,0.297461763632289,1,34,0.43273293638304144,0.4156601890564148,2115262.144453766,2772884.7161341766,4737,162,29.067850947411486,431.13538706065873,606.0950199200386,0.0005732005123681049,0.000917876618293733,0.0014257888357904435,0.0,0.02695365454068507,0.0292661140207818,0.0318956524964785,0.0
znhoughton/opt-babylm-350m-20eps-seed964,pretrained_noposemb,Tense,zero,Pres+Past,23,1024,352,4,10,0.9392138796493816,0.05639371406312211,0.00439240628749627,False,0.0017166469926965576,,1,3,0.30630727016905035,0.3198275108379396,61607.354155557434,139521.90445314767,222,8,26.581724581724583,306.56698185480025,651.9715161362041,7.206229030508134e-05,0.0007382766599822888,0.002753198670055899,0.165,,,,
znhoughton/opt-babylm-350m-20eps-seed964,pretrained_noposemb,Number,regular,Sing+Plur,24,1024,36776,200,10,0.6352069898057456,0.11360005390635741,0.25119295628789706,True,0.00657521012684688,0.40443887169812526,1,45,0.42055274827464173,0.40589066750178604,6234827.17430364,8590488.317944646,14889,400,37.113366060055775,405.0625855460814,592.8972543270513,0.0006580965450235478,0.0009303645097516379,0.0014134952723742814,0.0,0.0405376804447977,0.04296069690445421,0.04522001129589266,0.0
znhoughton/opt-babylm-350m-20eps-seed964,pretrained_noposemb,Number,zero,Sing+Plur,24,1024,786,3,10,0.9811529939366864,0.018847006063313684,0.0,False,,,1,2,0.30344711084474607,0.37180858565655345,56543.21337276597,129793.09154494804,219,6,29.66575342465753,360.6611733096909,609.3572373002255,,,,,,,,
znhoughton/opt-babylm-350m-20eps-seed964,pretrained_noposemb,Tense,regular,Pres+Past,24,1024,11556,81,10,0.7766232410328332,0.05020106915234083,0.17317568981482598,True,0.005199248775436951,0.2765406065143452,1,38,0.34420801725430517,0.3237320554516372,1666200.7754264183,3174478.964451367,4737,162,29.067850947411486,332.1607081746677,693.8751834866376,0.0005874464043565763,0.0009277991376625694,0.001447616829133768,0.0,0.029871738444923322,0.03204002893918517,0.03460002655406045,0.0
znhoughton/opt-babylm-350m-20eps-seed964,pretrained_noposemb,Tense,zero,Pres+Past,24,1024,352,4,10,0.9314799250814653,0.06537156093615253,0.003148513982382256,False,0.0010437707949841263,,1,3,0.24125780449358808,0.24703090205333622,50084.12148929473,157511.73885778815,222,8,26.581724581724583,241.47561667224872,736.0361628868606,9.348448356808378e-05,0.0007448225641920482,0.0030568976504128276,0.38,,,,
znhoughton/opt-babylm-350m-20eps-seed964,random,Number,regular,Sing+Plur,0,1024,36828,199,10,0.4993336373541784,0.004032013811274379,0.49663434883454716,True,,0.20713150292282148,1,139,0.5237054963724391,0.5119814083525139,7946948.850882242,7227512.570524492,14866,398,37.242262956297076,524.0807150770713,499.5516015015546,,,,,0.13375944062642525,0.13562261326316324,0.13828958675137704,0.0
znhoughton/opt-babylm-350m-20eps-seed964,random,Number,zero,Sing+Plur,0,1024,784,3,10,0.9861918809636169,0.013808119036383147,0.0,False,,,1,2,0.3885939286560356,0.4677949946801496,73693.76389375619,115948.32379564339,219,6,29.66575342465753,478.4774634873789,544.358327679077,,,,,,,,
znhoughton/opt-babylm-350m-20eps-seed964,random,Tense,regular,Pres+Past,0,1024,11551,81,10,0.5005932285648919,0.007542956967276378,0.49186381446783184,True,,0.19619830295187438,1,72,0.3935987585294672,0.37503154258590593,1910650.252903463,2943659.400007752,4735,162,29.056249549082754,386.2745133638616,643.7042204259243,,,,,0.06776977332038493,0.0702629809578055,0.072978503094061,0.0
znhoughton/opt-babylm-350m-20eps-seed964,random,Tense,zero,Pres+Past,0,1024,352,4,10,0.7802745793987226,0.06466673629669513,0.15505868430458236,True,0.00019005512332373296,0.17797185927550016,1,3,0.3150690171485518,0.3294997568422555,65836.62073762665,143122.74103479847,222,8,26.581724581724583,328.6631629856824,668.7978553027966,5.6955590014114896e-05,0.0006950454431365574,0.0028155286776546267,0.875,0.0008955386704228137,0.002678912278245247,0.00635142456544838,0.0
znhoughton/opt-babylm-350m-20eps-seed964,random,Number,regular,Sing+Plur,1,1024,36828,199,10,0.49933762453674047,0.003942545938337662,0.49671982952492183,True,,0.23243675312871093,1,134,0.507884697564525,0.49572704579092153,7703299.678769674,7464118.66580645,14866,398,37.242262956297076,507.16231170661666,515.9053542857652,,,,,0.1277135779732666,0.1297396757062498,0.1320639935216832,0.0
znhoughton/opt-babylm-350m-20eps-seed964,random,Number,zero,Sing+Plur,1,1024,784,3,10,0.9852099017511385,0.01479009824886138,0.0,False,,,1,2,0.3704117178976589,0.4478634968920208,69901.24714791149,118811.05262664508,219,6,29.66575342465753,452.4560987312282,557.7983691391788,,,,,,,,
znhoughton/opt-babylm-350m-20eps-seed964,random,Tense,regular,Pres+Past,1,1024,11551,81,10,0.5001964894114498,0.007730846005099337,0.49207266458345084,True,,0.20582449829465152,1,71,0.3832527286821268,0.36428766845384164,1857016.0060411743,2988392.433519865,4735,162,29.056249549082754,374.4727852698174,653.4862089481445,,,,,0.06530534023969183,0.06824681579343908,0.07053945887867162,0.0
znhoughton/opt-babylm-350m-20eps-seed964,random,Tense,zero,Pres+Past,1,1024,352,4,10,0.786503841518407,0.06331449071464598,0.15018166776694708,True,0.0004712857930966467,0.18258302515065386,1,3,0.3077718641376653,0.3214464726508745,64775.2245367879,145689.83768804942,222,8,26.581724581724583,322.5076629186456,680.7936340563057,6.006088035610836e-05,0.0006430102485361354,0.0029128743843733654,0.675,0.0008491447721464474,0.0026367496373390694,0.00611488005253926,0.0
znhoughton/opt-babylm-350m-20eps-seed964,random,Number,regular,Sing+Plur,2,1024,36828,199,10,0.49915345591003357,0.004156074994065044,0.49669046909590137,True,,0.2597562645924677,1,130,0.4901950812043422,0.4775492817770214,7439752.407802802,7737373.379596673,14866,398,37.242262956297076,488.8300781119944,534.7921882497009,,,,,0.12383583291370084,0.12578596313988935,0.12868337319645426,0.0
znhoughton/opt-babylm-350m-20eps-seed964,random,Number,zero,Sing+Plur,2,1024,784,3,10,0.9835499151726191,0.016450084827381,0.0,False,,,1,2,0.34770204935908433,0.4225456676823156,65161.46490455602,122244.57720726787,219,6,29.66575342465753,419.9581449937169,573.9182028510229,,,,,,,,
znhoughton/opt-babylm-350m-20eps-seed964,random,Tense,regular,Pres+Past,2,1024,11551,81,10,0.4982190560382103,0.007864061280041697,0.49391688268174805,True,,0.21777011850048641,1,70,0.3702439746803082,0.35077478864199513,1792837.592270542,3049476.435442104,4735,162,29.056249549082754,360.2940379029669,666.8437427164015,,,,,0.065254586027761,0.06760838756808123,0.07010935749273808,0.0
znhoughton/opt-babylm-350m-20eps-seed964,random,Tense,zero,Pres+Past,2,1024,352,4,10,0.7933053992694252,0.0627354855756827,0.143959115154892,True,0.0012213323085775232,0.18333844305331864,1,3,0.2949725799559701,0.30726856930683016,62430.953134350784,149219.06919541868,222,8,26.581724581724583,309.2885187066406,697.2853700720499,7.342235046066594e-05,0.0007500204576986597,0.002612711646799587,0.275,0.0008091255221765916,0.00273004052324613,0.005793232695196904,0.0
znhoughton/opt-babylm-350m-20eps-seed964,random,Number,regular,Sing+Plur,3,1024,36828,199,10,0.49801698705433717,0.004324749934420883,0.497658263011242,True,,0.2842685898003082,1,126,0.47374770946268013,0.46064484990214494,7194923.083209732,7992323.080724529,14866,398,37.242262956297076,471.79781080660615,552.4138153666387,,,,,0.11952529174229731,0.12208805419614395,0.12383997644191033,0.0
znhoughton/opt-babylm-350m-20eps-seed964,random,Number,zero,Sing+Plur,3,1024,784,3,10,0.9832477615678047,0.016358976321487476,0.000393262110707742,False,,,1,2,0.3381807224170136,0.41178800839575047,63457.00301688904,124185.28056259797,219,6,29.66575342465753,408.1599055935054,583.0294862093801,,,,,,,,
znhoughton/opt-babylm-350m-20eps-seed964,random,Tense,regular,Pres+Past,3,1024,11551,81,10,0.4998590169011192,0.007722690350789861,0.49241829274809096,True,,0.22790508943817991,1,68,0.35769138688227536,0.3377316430955998,1734930.9563911334,3115426.1391856186,4735,162,29.056249549082754,347.4193520116467,681.2652830058208,,,,,0.0639376429567268,0.066415584552096,0.06848533679733716,0.0
znhoughton/opt-babylm-350m-20eps-seed964,random,Tense,zero,Pres+Past,3,1024,352,4,10,0.7972208202177496,0.062356006638736174,0.14042317314351413,True,0.002590285036196597,0.17878917635603042,1,3,0.2817285201370973,0.2925273422484007,59687.82520247069,152175.08868862153,222,8,26.581724581724583,294.02658215340375,711.0985452739324,7.472974167021237e-05,0.0007447052829868564,0.0027692671773692605,0.035,0.0008213331411626907,0.002754876553689125,0.006538829653708311,0.0
znhoughton/opt-babylm-350m-20eps-seed964,random,Number,regular,Sing+Plur,4,1024,36828,199,10,0.4986762048003952,0.00427652249988038,0.49704727269972426,True,,0.30547379268238206,1,123,0.4589494335366599,0.4454327112263001,6965516.81807989,8211573.094426776,14866,398,37.242262956297076,455.8749419617497,567.5679495733187,,,,,0.11593621306750151,0.11830072618944919,0.12061279842320764,0.0
znhoughton/opt-babylm-350m-20eps-seed964,random,Number,zero,Sing+Plur,4,1024,784,3,10,0.9815188529309548,0.01739190006160273,0.0010892470074424562,False,,,1,2,0.3293865509660525,0.4017756723609146,62846.66031974504,127952.44831241702,219,6,29.66575342465753,403.4489255285304,600.7157197766057,,,,,,,,
znhoughton/opt-babylm-350m-20eps-seed964,random,Tense,regular,Pres+Past,4,1024,11551,81,10,0.5012574923702449,0.00742338023581296,0.4913191273939421,True,,0.24084754741764555,1,67,0.34594768820823607,0.3255253419969584,1674953.3428581336,3166684.2802553643,4735,162,29.056249549082754,334.2125330883076,692.4741483173768,,,,,0.061765998563273805,0.06431345998981383,0.0669058583012809,0.0
znhoughton/opt-babylm-350m-20eps-seed964,random,Tense,zero,Pres+Past,4,1024,352,4,10,0.7929861274187673,0.06364073499656651,0.1433731375846662,True,0.003978672061958977,0.17702557200216532,1,3,0.27291966601603945,0.2826826539540185,58253.532733453365,155192.18037257768,222,8,26.581724581724583,285.78793372625387,725.1971045447556,6.219359124434814e-05,0.0007399902012091863,0.0030592224472631544,0.005,0.0007978214320902975,0.002758846527862232,0.00634191496286936,0.0
znhoughton/opt-babylm-350m-20eps-seed964,random,Number,regular,Sing+Plur,5,1024,36828,199,10,0.49819277308753795,0.004325165997472263,0.49748206091498964,True,,0.3270293906378864,1,119,0.44300127237821063,0.429035738983126,6728360.782292486,8459768.918039784,14866,398,37.242262956297076,439.3741944053397,584.722761821937,,,,,0.11217374701280508,0.11427884657299484,0.1164899450883566,0.0
znhoughton/opt-babylm-350m-20eps-seed964,random,Number,zero,Sing+Plur,5,1024,784,3,10,0.9799633384040679,0.018023828143990478,0.002012833451941641,False,,,1,2,0.3177051875375764,0.38836154968927994,60828.42022871482,130633.42117266418,219,6,29.66575342465753,389.41810894042067,613.3024468200197,,,,,,,,
znhoughton/opt-babylm-350m-20eps-seed964,random,Tense,regular,Pres+Past,5,1024,11551,81,10,0.5014499374975288,0.007529917246809715,0.49102014525566157,True,,0.24999733087962128,1,66,0.33468071778884934,0.31381122456121496,1617263.759604083,3214994.7890477027,4735,162,29.056249549082754,321.51699629571476,703.0384406402148,,,,,0.061567579926711954,0.06343718035510408,0.0659035127129802,0.0
znhoughton/opt-babylm-350m-20eps-seed964,random,Tense,zero,Pres+Past,5,1024,352,4,10,0.7882231569894326,0.06458617540276496,0.1471906676078025,True,0.004984737601079434,0.17469818390395567,1,3,0.26507790119224556,0.2738917119416569,56292.95129498269,156070.85210693383,222,8,26.581724581724583,275.0967912291279,729.3030472286628,9.207388240395662e-05,0.0007280960006894569,0.002909277838208456,0.01,0.0008901806867769965,0.0026540112270320966,0.005674941741669638,0.0
znhoughton/opt-babylm-350m-20eps-seed964,random,Number,regular,Sing+Plur,6,1024,36828,199,10,0.49836497309077743,0.0044138859056181146,0.4972211410036045,True,,0.3481058490428461,1,115,0.4289940255687662,0.4146319144392818,6520730.406531649,8679319.05309981,14866,398,37.242262956297076,424.92358740942547,599.8976398327211,,,,,0.10796399394107861,0.11028685276595371,0.11307770599369257,0.0
znhoughton/opt-babylm-350m-20eps-seed964,random,Number,zero,Sing+Plur,6,1024,784,3,10,0.977921236258281,0.019770080817004904,0.002308682924714051,False,,,1,2,0.3065605209572543,0.3754401516799619,58839.030914082665,133093.80743820788,219,6,29.66575342465753,375.616707496356,624.8535560479243,,,,,,,,
znhoughton/opt-babylm-350m-20eps-seed964,random,Tense,regular,Pres+Past,6,1024,11551,81,10,0.5032261284476731,0.00760517555001151,0.48916869600231544,True,,0.2584555539296612,1,64,0.32393408250625527,0.30263505850285155,1563659.1579750646,3263431.4213092867,4735,162,29.056249549082754,309.6937323202362,713.6303129913157,,,,,0.05940355183594483,0.061453254242109595,0.06384336273772717,0.0
znhoughton/opt-babylm-350m-20eps-seed964,random,Tense,zero,Pres+Past,6,1024,352,4,10,0.7858554521986023,0.06429701447546739,0.14984753332593037,True,0.004949388181253705,0.1743616307430132,1,3,0.25642245361299726,0.2641588627604248,54390.156914609426,157721.36510014036,222,8,26.581724581724583,264.5805267443439,737.0157247670111,6.803067646805542e-05,0.000821619407883026,0.002940460916472839,0.005,0.0008145984358197266,0.002560568567293188,0.0065813056802167995,0.0
znhoughton/opt-babylm-350m-20eps-seed964,random,Number,regular,Sing+Plur,7,1024,36828,199,10,0.4991129364725496,0.004406659705928938,0.4964804038215215,True,,0.3663170559767845,1,112,0.41285298114646835,0.3980311097602259,6280997.697374743,8932644.892616455,14866,398,37.242262956297076,408.2390449570217,617.4070287957185,,,,,0.10497958291254748,0.1072677402207265,0.10961172179614165,0.0
znhoughton/opt-babylm-350m-20eps-seed964,random,Number,zero,Sing+Plur,7,1024,784,3,10,0.9771228801471832,0.020573357411485693,0.0023037624413311288,False,,,1,2,0.2960175529531813,0.3631037221391872,57368.177859010575,136431.74139133212,219,6,29.66575342465753,365.17228500007775,640.5246074710428,,,,,,,,
znhoughton/opt-babylm-350m-20eps-seed964,random,Tense,regular,Pres+Past,7,1024,11551,81,10,0.5038046566923288,0.0074292744123119255,0.48876606889535945,True,,0.2708597702798674,1,63,0.31306216020931804,0.2913255822808646,1513822.1372718178,3321710.0019674106,4735,162,29.056249549082754,298.601771857587,726.3743717400854,,,,,0.058117451508729434,0.06074552574980055,0.06307628026480831,0.0
znhoughton/opt-babylm-350m-20eps-seed964,random,Tense,zero,Pres+Past,7,1024,352,4,10,0.7771766275649962,0.06750345787903578,0.15531991455596805,True,0.00542715511710086,0.17830301350796224,1,3,0.2485268419709929,0.25525309451392764,52773.206673403256,159570.88563821412,222,8,26.581724581724583,255.56547919914328,745.6583441038043,8.548350931100188e-05,0.0007919875150037658,0.002784093481580878,0.0,0.0008860590373024022,0.0025064011440302687,0.005810903989886162,0.0
znhoughton/opt-babylm-350m-20eps-seed964,random,Number,regular,Sing+Plur,8,1024,36828,199,10,0.5005847561771279,0.004355106771632769,0.4950601370512393,True,,0.38304461486428143,1,109,0.3987129365203141,0.38348586353057257,6057341.462991224,9134895.62832424,14866,398,37.242262956297076,392.7366301988905,631.3862059942107,,,,,0.10229037367689577,0.10462444534231916,0.10700629988229253,0.0
znhoughton/opt-babylm-350m-20eps-seed964,random,Number,zero,Sing+Plur,8,1024,784,3,10,0.9766695096441249,0.021241660673489798,0.0020888296823853643,False,,,1,2,0.2865059153120193,0.35187882875388166,55570.481527661716,138388.80014072085,219,6,29.66575342465753,352.74289107107506,649.7126767169993,,,,,,,,
znhoughton/opt-babylm-350m-20eps-seed964,random,Tense,regular,Pres+Past,8,1024,11551,81,10,0.5034261520946176,0.007493617720214274,0.489080230185168,True,,0.27845630708963953,1,62,0.3034872366986187,0.28136279131971753,1468456.5359370194,3370153.9832766308,4735,162,29.056249549082754,288.539654231459,736.9678511429325,,,,,0.057151126550458425,0.05956155422991964,0.06178609761943948,0.0
znhoughton/opt-babylm-350m-20eps-seed964,random,Tense,zero,Pres+Past,8,1024,352,4,10,0.777412109435823,0.06700062568824221,0.15558726487593494,True,0.005915672067831446,0.17854545956915352,1,3,0.2398586096497153,0.24544568104217274,51327.509547387286,162663.181144704,222,8,26.581724581724583,247.25231881023305,760.1083231060934,8.269512231910506e-05,0.0008059021005265648,0.002969843838840893,0.0,0.0007834329511518666,0.002503055616933345,0.006099615745242814,0.0
znhoughton/opt-babylm-350m-20eps-seed964,random,Number,regular,Sing+Plur,9,1024,36828,199,10,0.5013560590303178,0.004561468391345507,0.49408247257833676,True,,0.3980170191587613,1,107,0.38418693158213413,0.3685412255542455,5838905.054748328,9359178.416500738,14866,398,37.242262956297076,377.5463705884216,646.8881957769379,,,,,0.10014480057156742,0.10244052485385877,0.10447382827750208,0.0
znhoughton/opt-babylm-350m-20eps-seed964,random,Number,zero,Sing+Plur,9,1024,784,3,10,0.9747785115278904,0.022065614096217778,0.0031558743758918284,False,,,1,2,0.2791891876990866,0.34318200466639875,55290.377474591005,142748.72973533295,219,6,29.66575342465753,350.1644983181402,670.1818297433472,,,,,,,,
znhoughton/opt-babylm-350m-20eps-seed964,random,Tense,regular,Pres+Past,9,1024,11551,81,10,0.5040815686683292,0.007640658547985712,0.4882777727836851,True,,0.28913821379199545,1,60,0.2931014848893328,0.2705536646417045,1420005.4001976028,3424751.3595088804,4735,162,29.056249549082754,277.77165050933354,748.906923137739,,,,,0.056339251888592894,0.05859724418221911,0.06120366863890363,0.0
znhoughton/opt-babylm-350m-20eps-seed964,random,Tense,zero,Pres+Past,9,1024,352,4,10,0.7803369849816371,0.06945425994833916,0.15020875507002382,True,0.007912700943481867,0.17083522786631558,1,3,0.22682666773096838,0.23064131418467118,48400.72714499035,164981.26902486413,222,8,26.581724581724583,231.11551937842398,770.940509461982,5.159159464435003e-05,0.0007916633569124362,0.002399086974737867,0.0,0.0007513942438754616,0.0026365545953519077,0.006055010667441316,0.0
znhoughton/opt-babylm-350m-20eps-seed964,random,Number,regular,Sing+Plur,10,1024,36828,199,10,0.5018876657903996,0.004397787338446437,0.49371454687115407,True,,0.41041080540661584,1,104,0.37133887896168744,0.35532089448277615,5644216.680777243,9555421.71033122,14866,398,37.242262956297076,364.01435503986863,660.4521502855418,,,,,0.09646146337978484,0.09853343743760652,0.10130711635154649,0.0
znhoughton/opt-babylm-350m-20eps-seed964,random,Number,zero,Sing+Plur,10,1024,784,3,10,0.9731798597946254,0.02419481069576159,0.0026253295096129742,False,,,1,2,0.2655678236031114,0.326845404190453,51881.90281388395,143480.25405426498,219,6,29.66575342465753,327.06954068103516,673.6162162172064,,,,,,,,
znhoughton/opt-babylm-350m-20eps-seed964,random,Tense,regular,Pres+Past,10,1024,11551,81,10,0.5042686052950421,0.007840762658618283,0.48789063204633953,True,,0.2946988755062833,1,59,0.2836384020780851,0.2607024068881272,1372376.5917284174,3466095.8494983697,4735,162,29.056249549082754,267.27917083362956,757.9479224794161,,,,,0.053931776561242956,0.0566132207976517,0.0587696085229987,0.0
znhoughton/opt-babylm-350m-20eps-seed964,random,Tense,zero,Pres+Past,10,1024,352,4,10,0.7772444130775296,0.07343493112318179,0.14932065579928858,True,0.010200727188844126,0.1717966874451525,1,3,0.22127320113959587,0.2243106181155734,47192.74849593718,166085.44449302956,222,8,26.581724581724583,224.42941907145857,776.1002079113531,9.783281732191538e-05,0.0008255535436740264,0.00275216716564396,0.0,0.0008222325299520949,0.0025432885553452952,0.005886938131597862,0.0
znhoughton/opt-babylm-350m-20eps-seed964,random,Number,regular,Sing+Plur,11,1024,36828,199,10,0.5029646669938238,0.004746603670672169,0.4922887293355041,True,,0.4234487542328525,1,101,0.35769331322271597,0.3412778823288227,5438067.443186929,9765089.121836537,14866,398,37.242262956297076,349.68226665405876,674.9439536796059,,,,,0.09366958816437458,0.09576558479008815,0.09813478630727576,0.0
znhoughton/opt-babylm-350m-20eps-seed964,random,Number,zero,Sing+Plur,11,1024,784,3,10,0.9711782331259969,0.02413769732732383,0.004684069546679333,False,,,1,2,0.26130138865061225,0.3216890348228353,50921.30182011759,143954.43949561182,219,6,29.66575342465753,320.5183360411063,675.8424389465343,,,,,,,,
znhoughton/opt-babylm-350m-20eps-seed964,random,Tense,regular,Pres+Past,11,1024,11551,81,10,0.5042314998462216,0.0076528863743012526,0.4881156137794772,True,,0.3031579856112051,1,58,0.2748563205486317,0.2515580261858208,1330537.2055894984,3510309.1061622445,4735,162,29.056249549082754,258.0026711412492,767.616248887436,,,,,0.05324200661876098,0.055691301456687534,0.058022930409718974,0.0
znhoughton/opt-babylm-350m-20eps-seed964,random,Tense,zero,Pres+Past,11,1024,352,4,10,0.776772362712603,0.07533177635938317,0.147895860928014,True,0.014972315443863262,0.18061493454651242,1,3,0.21752967086984304,0.2200357425520515,46480.27564920782,167192.99229325546,222,8,26.581724581724583,220.40570375800644,781.2756649217545,0.00010109656875445278,0.0007954580260289214,0.0027941766003435763,0.0,0.0008844995944407108,0.0025762034768799544,0.005697229784577788,0.0
znhoughton/opt-babylm-350m-20eps-seed964,random,Number,regular,Sing+Plur,12,1024,36828,199,10,0.504183521660594,0.0049464281826659,0.49087005015674,True,,0.4388260132496265,1,98,0.3458976692490924,0.3291369634743825,5258995.5725305565,9944910.206734408,14866,398,37.242262956297076,337.23695605560545,687.3728370703903,,,,,0.09075772039730742,0.09278095101225187,0.09543198489264423,0.0
znhoughton/opt-babylm-350m-20eps-seed964,random,Number,zero,Sing+Plur,12,1024,784,3,10,0.9709583733841924,0.02537121022794443,0.003670416387863054,False,,,1,2,0.2475338283134068,0.30491950518919664,49230.75429831433,149654.2006743144,219,6,29.66575342465753,308.21900417209287,702.6018811000677,,,,,,,,
znhoughton/opt-babylm-350m-20eps-seed964,random,Tense,regular,Pres+Past,12,1024,11551,81,10,0.5050546549130223,0.0072691350727406194,0.487676210014237,True,,0.310275249794061,1,57,0.2658570004641394,0.24218538804553777,1289485.5064871416,3560811.8497454477,4735,162,29.056249549082754,248.84721644380124,778.6599277816417,,,,,0.05154777933306217,0.05373278012279464,0.05610341607636874,0.0
znhoughton/opt-babylm-350m-20eps-seed964,random,Tense,zero,Pres+Past,12,1024,352,4,10,0.7756031545444271,0.0772545972606844,0.14714224819488855,True,0.011078464723057093,0.1660352654242162,1,3,0.2043422666289409,0.20492873341899523,43654.538863102935,169979.86768076656,222,8,26.581724581724583,204.72954006017062,794.2984471063858,0.00010492125991595865,0.0007876004508072961,0.002849741084828711,0.0,0.000965879319524503,0.0025531753744028798,0.005578240036413826,0.0
znhoughton/opt-babylm-350m-20eps-seed964,random,Number,regular,Sing+Plur,13,1024,36828,199,10,0.5058915064367535,0.005145840177231445,0.4889626533860151,True,,0.4488978143581579,1,95,0.3347595461218363,0.31767135613270114,5103316.96627291,10141407.270554528,14866,398,37.242262956297076,326.342906939392,700.9543316667492,,,,,0.08655165399443074,0.08888773330299607,0.09126399893433786,0.0
znhoughton/opt-babylm-350m-20eps-seed964,random,Number,zero,Sing+Plur,13,1024,784,3,10,0.9685279130090704,0.026386068877969435,0.00508601811296016,False,,,1,2,0.23873392281691025,0.294095453755449,47302.75936637343,150837.32398764096,219,6,29.66575342465753,295.03364695783125,708.1564506462017,,,,,,,,
znhoughton/opt-babylm-350m-20eps-seed964,random,Tense,regular,Pres+Past,13,1024,11551,81,10,0.5048209347291635,0.007050095022841801,0.4881289702479949,True,,0.31770603526989366,1,56,0.25783199032795173,0.23382572044503558,1255282.3584048192,3613323.576832897,4735,162,29.056249549082754,241.1406159688134,790.1429208031701,,,,,0.05040977716971942,0.052685905428851466,0.054911668160960825,0.0
znhoughton/opt-babylm-350m-20eps-seed964,random,Tense,zero,Pres+Past,13,1024,352,4,10,0.7739584039873515,0.0790759752288056,0.14696562078384282,True,0.009651948405147768,0.15451494721665013,1,3,0.19669483650264238,0.1961338302794719,42181.60047277976,172270.39645197478,222,8,26.581724581724583,196.41092345426654,805.0018525793214,9.127643360718836e-05,0.0007511131375788137,0.0026442344060090125,0.0,0.0006165955732531639,0.0027015164657597296,0.006356081193177815,0.0
znhoughton/opt-babylm-350m-20eps-seed964,random,Number,regular,Sing+Plur,14,1024,36828,199,10,0.5051338805579508,0.005361630998134657,0.4895044884439145,True,,0.4599554353692013,1,90,0.3216866224778707,0.3042122567633103,4903512.399854752,10339621.934063882,14866,398,37.242262956297076,312.4611974993085,714.6545434105531,,,,,0.08225941741615134,0.08492068634121214,0.08747190189146249,0.0
znhoughton/opt-babylm-350m-20eps-seed964,random,Number,zero,Sing+Plur,14,1024,784,3,10,0.9678014063578282,0.026552322635417402,0.0056462710067544854,False,,,1,2,0.23214747342469255,0.2859395472187373,46447.630255074764,153630.4906474219,219,6,29.66575342465753,288.8265138329633,721.2699091428258,,,,,,,,
znhoughton/opt-babylm-350m-20eps-seed964,random,Tense,regular,Pres+Past,14,1024,11551,81,10,0.5073728626918662,0.00741742115150192,0.4852097161566318,True,,0.3212462057391648,1,55,0.24769778891409258,0.22326653747919845,1205323.1699974164,3660780.7031197185,4735,162,29.056249549082754,230.10398178225867,800.5205998512396,,,,,0.04853341522010263,0.050742600909780416,0.05326868967445167,0.0
znhoughton/opt-babylm-350m-20eps-seed964,random,Tense,zero,Pres+Past,14,1024,352,4,10,0.7701146729339405,0.08270840016532899,0.14717692690073053,True,0.00879648024745593,0.14531346930492814,1,3,0.18407626276853864,0.18156650323443357,39450.795997475456,174866.87540745587,222,8,26.581724581724583,181.2784213083657,817.1349318105414,4.3403597853147974e-05,0.0007694003726344703,0.00266107575938773,0.0,0.0009034046952595614,0.002666945134002306,0.006397804309192801,0.0
znhoughton/opt-babylm-350m-20eps-seed964,random,Number,regular,Sing+Plur,15,1024,36828,199,10,0.5059722972801712,0.005220936180188226,0.4888067665396406,True,,0.47314794324200726,1,88,0.3092188446704569,0.2913743636469923,4716791.90550095,10537103.472472427,14866,398,37.242262956297076,299.4657938291615,728.3040829743177,,,,,0.07987918156469935,0.08192544768021501,0.08404362596778267,0.0
znhoughton/opt-babylm-350m-20eps-seed964,random,Number,zero,Sing+Plur,15,1024,784,3,10,0.9636387053825124,0.027427533803358755,0.008933760814128873,False,,,1,2,0.22428434297325822,0.2761410779470333,45483.13996062368,157309.16982645186,219,6,29.66575342465753,281.74195238092636,738.5407034105722,,,,,,,,
znhoughton/opt-babylm-350m-20eps-seed964,random,Tense,regular,Pres+Past,15,1024,11551,81,10,0.5053578431696011,0.007730577573443363,0.48691157925695566,True,,0.32752175625527696,1,53,0.23995408622251335,0.2151963184943724,1168943.5629845085,3702586.5759126805,4735,162,29.056249549082754,222.01270407773137,809.6624919992742,,,,,0.04635671393695187,0.04874576326449409,0.05097299510984981,0.0
znhoughton/opt-babylm-350m-20eps-seed964,random,Tense,zero,Pres+Past,15,1024,352,4,10,0.7765268194867114,0.08620805509355589,0.13726512541973274,True,0.01432085632834664,0.1484695719820387,1,3,0.17856984540160492,0.17518798397677726,38336.82098991277,176351.27992484678,222,8,26.581724581724583,175.0306793309214,824.0714015179756,6.840833845661012e-05,0.0007047552889466997,0.0028981290535007556,0.0,0.0009116144311837376,0.0025976972554533247,0.006220248972281214,0.0
znhoughton/opt-babylm-350m-20eps-seed964,random,Number,regular,Sing+Plur,16,1024,36828,199,10,0.5059998913639842,0.005200426607458875,0.48879968202855706,True,,0.48441596853860325,1,85,0.2970560739447762,0.2788488234920679,4534316.628862605,10729860.833152704,14866,398,37.242262956297076,286.76628435852376,741.6270965684755,,,,,0.07738783844743756,0.0802321579511541,0.08222541690657637,0.0
znhoughton/opt-babylm-350m-20eps-seed964,random,Number,zero,Sing+Plur,16,1024,784,3,10,0.9602663090411707,0.02826603276855594,0.011467658190273343,False,,,1,2,0.21405530294539948,0.26329284600286207,43506.61053872123,159742.7831463245,219,6,29.66575342465753,268.0314865381909,749.9661180578615,,,,,,,,
znhoughton/opt-babylm-350m-20eps-seed964,random,Tense,regular,Pres+Past,16,1024,11551,81,10,0.506460781712173,0.008139217386409785,0.48540000090141733,True,,0.3322020038323057,1,52,0.23188016539734124,0.20678031393143856,1133118.4083485983,3753536.7585861357,4735,162,29.056249549082754,213.97112904277938,820.804014560712,,,,,0.044331338364066955,0.04705107436129273,0.04909308234472364,0.0
znhoughton/opt-babylm-350m-20eps-seed964,random,Tense,zero,Pres+Past,16,1024,352,4,10,0.7794031167591008,0.08995950122706423,0.1306373820138349,True,0.011609158576543436,0.13873581426642612,1,3,0.17006322071534435,0.16530801867653275,36530.535406290146,178275.083660726,222,8,26.581724581724583,164.9850356059273,833.0611386015233,9.593294474168925e-05,0.0007822876709916973,0.0029059775522940006,0.0,0.0008248940895018696,0.0025177380569459925,0.005762958187557515,0.0
znhoughton/opt-babylm-350m-20eps-seed964,random,Number,regular,Sing+Plur,17,1024,36828,199,10,0.5059998699021929,0.00543001667617764,0.4885701134216295,True,,0.49129224654829423,1,83,0.28500387574480796,0.26643548909736847,4348222.126188247,10908490.137197386,14866,398,37.242262956297076,273.8482077559394,753.9736063863276,,,,,0.07507890905331524,0.07721796165477796,0.07989832392419416,0.0
znhoughton/opt-babylm-350m-20eps-seed964,random,Number,zero,Sing+Plur,17,1024,784,3,10,0.9584394814016698,0.031016880186340995,0.010543638411989242,False,,,1,2,0.20941959325619902,0.25743195621281717,43015.9292005767,162389.5370776049,219,6,29.66575342465753,264.30455127917423,762.3921928526053,,,,,,,,
znhoughton/opt-babylm-350m-20eps-seed964,random,Tense,regular,Pres+Past,17,1024,11551,81,10,0.5069172173400719,0.008572783079893514,0.4845099995800346,True,,0.3336708948399247,1,51,0.22441718811700553,0.19899964520710509,1098916.313296166,3797840.1362286285,4735,162,29.056249549082754,206.32652899833792,830.492048158458,,,,,0.04225460805664349,0.04487212232327302,0.04762990186101092,0.0
znhoughton/opt-babylm-350m-20eps-seed964,random,Tense,zero,Pres+Past,17,1024,352,4,10,0.7822800014045062,0.09074753259611042,0.12697246599938342,True,0.01167390505265587,0.1387427387174149,1,3,0.16717954803531876,0.16195158942316806,36084.85750727499,179760.0704838667,222,8,26.581724581724583,162.3287947802751,840.0003293638631,6.034477605732092e-05,0.0007441600867047016,0.0028032351145770716,0.0,0.000874338582171338,0.0025396361026230963,0.005607344428775732,0.0
znhoughton/opt-babylm-350m-20eps-seed964,random,Number,regular,Sing+Plur,18,1024,36828,199,10,0.5065047183936642,0.005637852351423415,0.48785742925491243,True,,0.49615794292068083,1,81,0.27308891923575,0.25416187949842445,4167250.708313288,11092433.6464218,14866,398,37.242262956297076,261.26676988587354,766.6874237228227,,,,,0.07199874646003,0.07420633457094623,0.07639989688863354,0.0
znhoughton/opt-babylm-350m-20eps-seed964,random,Number,zero,Sing+Plur,18,1024,784,3,10,0.9577382563680168,0.029968705795012374,0.012293037836970687,False,,,1,2,0.20420432160183574,0.25080960846080236,42444.67784461752,165409.2868103399,219,6,29.66575342465753,259.97540115965387,776.5694216447882,,,,,,,,
znhoughton/opt-babylm-350m-20eps-seed964,random,Tense,regular,Pres+Past,18,1024,11551,81,10,0.5114524326351377,0.008760996850439177,0.47978657051442314,True,,0.3364670174025007,1,50,0.21624487583284147,0.19047780032756376,1059724.786361057,3840852.775440825,4735,162,29.056249549082754,197.62508202389344,839.8978297487043,,,,,0.04035346929813766,0.042871937458254364,0.04537934101633039,0.0
znhoughton/opt-babylm-350m-20eps-seed964,random,Tense,zero,Pres+Past,18,1024,352,4,10,0.7906574769535694,0.09628586608217184,0.11305665696425894,True,0.014059891174900769,0.14027798269010439,1,3,0.1632282530697567,0.15734656707850833,35246.78376588883,180688.77336358608,222,8,26.581724581724583,157.66150718953241,844.3400624466639,7.89263956366933e-05,0.0007484541516193529,0.0033231742267947843,0.0,0.0007657118809569781,0.0023849189317406965,0.006070506080354574,0.0
znhoughton/opt-babylm-350m-20eps-seed964,random,Number,regular,Sing+Plur,19,1024,36828,199,10,0.5064951115129384,0.005558234928540222,0.48794665355852135,True,,0.5010297525492842,1,79,0.2588800599048214,0.2395231999189646,3955222.8284549844,11322982.95498443,14866,398,37.242262956297076,246.49832296719356,782.6225431977074,,,,,0.06858098141588471,0.07137389322309948,0.07399441823569582,0.0
znhoughton/opt-babylm-350m-20eps-seed964,random,Number,zero,Sing+Plur,19,1024,784,3,10,0.9604427701311175,0.030693013179917326,0.00886421668896518,False,,,1,2,0.19235254054321113,0.2356460495728689,40315.4245665901,169275.9042130442,219,6,29.66575342465753,245.00852057530747,794.7225549908179,,,,,,,,
znhoughton/opt-babylm-350m-20eps-seed964,random,Tense,regular,Pres+Past,19,1024,11551,81,10,0.5142873380553242,0.00889310121193916,0.4768195607327366,True,,0.3363939162163032,1,49,0.20743862982100894,0.1812929821296315,1015789.5120985652,3881029.913362604,4735,162,29.056249549082754,187.9309323848703,848.6835585748096,,,,,0.03905301718958151,0.04093267631545787,0.0436537079586552,0.0
znhoughton/opt-babylm-350m-20eps-seed964,random,Tense,zero,Pres+Past,19,1024,352,4,10,0.782519257781247,0.09870686991511009,0.11877387230364289,True,0.018810749570473177,0.13194511685317054,1,3,0.1560404677261122,0.1489519259438087,33754.33251683449,182563.47919391547,222,8,26.581724581724583,149.31112238927588,853.1003700650256,6.73550746154835e-05,0.0006845043602716335,0.003093005350039122,0.0,0.0007627623663665577,0.0025749928066957873,0.006566617777571649,0.0
znhoughton/opt-babylm-350m-20eps-seed964,random,Number,regular,Sing+Plur,20,1024,36828,199,10,0.5055812607108247,0.005644538896124615,0.48877420039305064,True,,0.5062964539023711,1,76,0.24715596166349893,0.22744271046949796,3783384.356062654,11524295.58254107,14866,398,37.242262956297076,234.50235920843815,796.5368801866928,,,,,0.06606957346446718,0.06828656115030834,0.07077233547975657,0.0
znhoughton/opt-babylm-350m-20eps-seed964,random,Number,zero,Sing+Plur,20,1024,784,3,10,0.9552165007774649,0.03209704132751127,0.012686457895023833,False,,,1,2,0.1826906779212802,0.2231656138908607,38494.550254077105,172214.3413658011,219,6,29.66575342465753,232.26755503560042,808.5180345812258,,,,,,,,
znhoughton/opt-babylm-350m-20eps-seed964,random,Tense,regular,Pres+Past,20,1024,11551,81,10,0.5169605228039171,0.009656316735112127,0.47338316046097073,True,,0.3310545923625822,1,48,0.19860188606338353,0.1720743461444787,974146.0688483783,3930873.15406817,4735,162,29.056249549082754,178.65394745332705,859.583020789016,,,,,0.03570827081784869,0.037903197305397346,0.0404111970024887,0.0
znhoughton/opt-babylm-350m-20eps-seed964,random,Tense,zero,Pres+Past,20,1024,352,4,10,0.7838672427207714,0.10069707981690248,0.11543567746232618,True,0.02841427028845331,0.12528850665776065,1,3,0.15158258394736976,0.14373406037602904,32913.42073937373,184218.52069000207,222,8,26.581724581724583,144.50089676615605,860.8342088317854,6.689800173748732e-05,0.0006799610625219595,0.0028256356971388947,0.0,0.000836512432440192,0.0025701350470238482,0.006572574372082377,0.0
znhoughton/opt-babylm-350m-20eps-seed964,random,Number,regular,Sing+Plur,21,1024,36828,199,10,0.5059767421116197,0.005945262155094475,0.48807799573328575,True,,0.5050795032739451,1,74,0.23644812946663962,0.21640800844286134,3617377.69193267,11681443.660946943,14866,398,37.242262956297076,222.98279671063338,807.3986494986829,,,,,0.06258831836480205,0.0646824226286215,0.06710543343127472,0.0
znhoughton/opt-babylm-350m-20eps-seed964,random,Number,zero,Sing+Plur,21,1024,784,3,10,0.9531376869282484,0.03293230568046029,0.013930007391291355,False,,,1,2,0.17265849562752653,0.2100923775276645,36531.029475486335,175048.65180642492,219,6,29.66575342465753,218.58137718286963,821.8246563681921,,,,,,,,
znhoughton/opt-babylm-350m-20eps-seed964,random,Tense,regular,Pres+Past,21,1024,11551,81,10,0.5184422654914678,0.010308408867526613,0.4712493256410056,True,,0.3300824581715137,1,47,0.1919012466268721,0.1650827872696374,941332.6291725538,3963964.4739924767,4735,162,29.056249549082754,171.39057291692146,866.8192595653787,,,,,0.03310302000861043,0.03514328554951961,0.037581619643998844,0.0
znhoughton/opt-babylm-350m-20eps-seed964,random,Tense,zero,Pres+Past,21,1024,352,4,10,0.7816369827956945,0.10629315299763062,0.11206986420667493,True,0.03235439276288095,0.1189236398498954,1,3,0.14212467458106703,0.13263452561035632,30834.456917911593,186119.1228091879,222,8,26.581724581724583,132.99388754216852,869.7155271457378,9.998841039275741e-05,0.0007133383283177968,0.003093581026940674,0.0,0.001011784367956447,0.002514201191589687,0.006619666031991448,0.0
znhoughton/opt-babylm-350m-20eps-seed964,random,Number,regular,Sing+Plur,22,1024,36828,199,10,0.5070105689652558,0.0057547068849664726,0.48723472414977786,True,,0.5092642511118749,1,73,0.22595755462405584,0.205595926029399,3459379.7774916515,11850485.755649323,14866,398,37.242262956297076,211.9828342646956,819.0825100669977,,,,,0.06041574330075152,0.062457590711959096,0.06478825944059276,0.0
znhoughton/opt-babylm-350m-20eps-seed964,random,Number,zero,Sing+Plur,22,1024,784,3,10,0.9460907211468184,0.03504248349394198,0.018866795359239654,False,,,1,2,0.16228392630175575,0.1964486648483907,34467.23283169437,177921.22496051437,219,6,29.66575342465753,204.21310607927805,835.3109153075792,,,,,,,,
znhoughton/opt-babylm-350m-20eps-seed964,random,Tense,regular,Pres+Past,22,1024,11551,81,10,0.519010760812176,0.010871014450278787,0.4701182247375452,True,,0.3387465077696255,1,45,0.18521926862532104,0.1581095471105142,908227.9589481518,3995300.522126897,4735,162,29.056249549082754,164.0781537978246,873.6716645805591,,,,,0.03177689034250303,0.03418610387740959,0.03667480650901241,0.0
znhoughton/opt-babylm-350m-20eps-seed964,random,Tense,zero,Pres+Past,22,1024,352,4,10,0.7700440357546046,0.11073236704318215,0.11922359720221326,True,0.03336911180587615,0.12303225403211954,1,3,0.13595867850315266,0.12537680482580696,29548.311829384416,187784.72019695467,222,8,26.581724581724583,125.78900595439492,877.498692509134,4.73702534667125e-05,0.0006540294642852801,0.003170178998219012,0.0,0.0010334949818670896,0.0026389106817892825,0.005683708546940084,0.0
znhoughton/opt-babylm-350m-20eps-seed964,random,Number,regular,Sing+Plur,23,1024,36828,199,10,0.5088376418782834,0.006190121347388426,0.4849722367743282,True,,0.5091367205136398,1,71,0.21582285839696727,0.19514943518691863,3304017.9147795034,12004916.17737471,14866,398,37.242262956297076,201.1882798304459,829.7564402387828,,,,,0.05706096253157743,0.05932524269124825,0.061794813683344205,0.0
znhoughton/opt-babylm-350m-20eps-seed964,random,Number,zero,Sing+Plur,23,1024,784,3,10,0.9419622007871665,0.03685261374312707,0.021185185469706536,False,,,1,2,0.15472130755280422,0.18642232775641146,32889.52551477669,179683.1707413738,219,6,29.66575342465753,193.29770795445182,843.582961227107,,,,,,,,
znhoughton/opt-babylm-350m-20eps-seed964,random,Tense,regular,Pres+Past,23,1024,11551,81,10,0.5272741463836617,0.011319791235108375,0.46140606238122994,True,,0.33733742715352516,1,45,0.17816424655916457,0.1507457523359338,873594.6504626566,4029716.0155892684,4735,162,29.056249549082754,156.41579120951087,881.1974667809466,,,,,0.029982863184404716,0.03219463116910748,0.03453864290406565,0.0
znhoughton/opt-babylm-350m-20eps-seed964,random,Tense,zero,Pres+Past,23,1024,352,4,10,0.7690485362985665,0.12287820531861104,0.10807325838282245,True,0.03182458682528955,0.11894647867361495,1,3,0.1266979548608898,0.11444440934675602,27520.651795458587,189693.99721505906,222,8,26.581724581724583,114.55619171621218,886.4205477339209,4.52705187798428e-05,0.0007336207533267043,0.003643337654088455,0.0,0.0011328416083120664,0.002558999238393988,0.00551060817726668,0.0
znhoughton/opt-babylm-350m-20eps-seed964,random,Number,regular,Sing+Plur,24,1024,36828,199,10,0.5094733089387038,0.006657270994865874,0.48386942006643047,True,,0.5047464901784653,1,69,0.20580437345703087,0.1848215776271399,3151067.322753877,12159915.966003962,14866,398,37.242262956297076,190.55575572619662,840.4697239427676,,,,,0.054181545080854855,0.056651907882164135,0.059471808231061386,0.0
znhoughton/opt-babylm-350m-20eps-seed964,random,Number,zero,Sing+Plur,24,1024,784,3,10,0.9424823921013374,0.037289850677000164,0.020227757221662385,False,,,1,2,0.146994467490836,0.17610721232682877,31469.625335500175,182617.51598811508,219,6,29.66575342465753,183.2606696107077,857.3592299911506,,,,,,,,
znhoughton/opt-babylm-350m-20eps-seed964,random,Tense,regular,Pres+Past,24,1024,11551,81,10,0.528909802906776,0.011764005778977677,0.4593261913142462,True,,0.33516900667630584,1,44,0.1721388860712906,0.14445566702306517,845614.6702311855,4066783.0426306124,4735,162,29.056249549082754,150.15571546783517,889.3030926373524,,,,,0.02811780426811794,0.030306852739266192,0.032311338337054206,0.0
znhoughton/opt-babylm-350m-20eps-seed964,random,Tense,zero,Pres+Past,24,1024,352,4,10,0.7723722833426311,0.12640955493501985,0.10121816172234906,True,0.04030791498370546,0.11051019268826702,1,3,0.11956995721455674,0.10600343705530967,25952.914966834447,191099.22397693424,222,8,26.581724581724583,105.88373393131235,892.9870279295992,9.365702114602715e-05,0.0007331613763251875,0.003467143592171497,0.0,0.0009156113348545276,0.0026185486523286217,0.005723173970075948,0.0
EleutherAI/pythia-1.4b,random,Number,regular,Sing+Plur,0,2048,36832,199,10,0.500372916880625,0.0025796781608760405,0.497047404958499,True,,0.09387379865328918,1,179,0.8966387812996915,0.8943122496346263,27193045.082483742,3134714.155263044,14865,398,37.23979899701851,1833.512981855543,216.68031763759203,,,,,0.08608758822981957,0.08736863996687345,0.08845823580896144,0.0
EleutherAI/pythia-1.4b,random,Number,zero,Sing+Plur,0,2048,784,3,10,0.9977768337134546,0.002223166286545383,0.0,False,,,1,2,0.8287361107473267,0.8736577548005853,250394.9806494294,51745.806269619585,219,6,29.66575342465753,1679.9188397102832,242.93805760384782,,,,,,,,
EleutherAI/pythia-1.4b,random,Tense,regular,Pres+Past,0,2048,11551,81,10,0.4972759185564258,0.006057953625123846,0.4966661278184504,True,,0.18194556467497952,1,76,0.7008917768025903,0.6928965861128105,6747583.076153085,2879556.661361022,4735,162,29.056249549082754,1420.7190523505367,629.6865649160336,,,,,0.03647178362356414,0.03750492794860076,0.0388517302154727,0.0
EleutherAI/pythia-1.4b,random,Tense,zero,Pres+Past,0,2048,352,4,10,0.7982433229820632,0.056392241323993016,0.14536443569394367,True,0.00019002336687771285,0.2553924104307926,1,3,0.6635967603446238,0.6905057748575723,244484.0896862878,123938.5794649609,222,8,26.581724581724583,1292.1338561206958,579.1522404904715,5.182278854156965e-05,0.0004211887024101615,0.0015455969976559368,0.81,0.00047088569453954213,0.001308565333148467,0.0030900285424579014,0.0
EleutherAI/pythia-1.4b,random,Number,regular,Sing+Plur,1,2048,36832,199,10,0.5004074679966506,0.0027094604518177945,0.4968830715515318,True,,0.14791639003385595,1,168,0.8025157243148537,0.7979656480764206,24456965.673507057,6018406.873725142,14865,398,37.23979899701851,1643.0926016105823,416.0093228537459,,,,,0.08036586417966254,0.0815285470589155,0.08262845155598207,0.0
EleutherAI/pythia-1.4b,random,Number,zero,Sing+Plur,1,2048,784,3,10,0.9946280554024165,0.00483641266437936,0.0005355319332041625,False,,,1,2,0.665223292028977,0.7382004235586546,222186.81025148765,111816.54307939549,219,6,29.66575342465753,1480.2388843983008,524.9602961473967,,,,,,,,
EleutherAI/pythia-1.4b,random,Tense,regular,Pres+Past,1,2048,11551,81,10,0.5002780974083353,0.006209640009379984,0.49351226258228464,True,,0.19856880726098755,1,74,0.6219089834095997,0.6114257417820504,6069840.024998951,3690173.396452549,4735,162,29.056249549082754,1269.7413551629727,806.9480420845285,,,,,0.03487724350912314,0.03619959464971528,0.03742355006548675,0.0
EleutherAI/pythia-1.4b,random,Tense,zero,Pres+Past,1,2048,352,4,10,0.8004694463536004,0.05358664549379387,0.1459439081526058,True,0.0006955994155870998,0.268666890951078,1,3,0.5652938002525207,0.5931593339528289,220902.79704930773,169872.40152996004,222,8,26.581724581724583,1157.3269473995842,793.796268831589,4.0957617951844996e-05,0.00043817808816518745,0.0014887914350856582,0.275,0.0004334110575455884,0.0013696775406190976,0.0032117372755520626,0.0
EleutherAI/pythia-1.4b,random,Number,regular,Sing+Plur,2,2048,36832,199,10,0.5002573495198778,0.0028662954669093263,0.4968763550132129,True,,0.17419254509889748,1,162,0.7460206955604087,0.7400878791633422,22723132.603883605,7735985.674080588,14865,398,37.23979899701851,1522.6284278691733,534.733232465652,,,,,0.07797008697109922,0.07920874179797141,0.08026317083117053,0.0
EleutherAI/pythia-1.4b,random,Number,zero,Sing+Plur,2,2048,784,3,10,0.992322727580115,0.0064821091375843205,0.0011951632823007457,False,,,1,2,0.5915124019248813,0.6716678904706063,203663.69229765283,140646.40438822692,219,6,29.66575342465753,1350.7975384347403,660.3117576912061,,,,,,,,
EleutherAI/pythia-1.4b,random,Tense,regular,Pres+Past,2,2048,11551,81,10,0.5024951585531343,0.006448122659855023,0.49105671878701057,True,,0.20459461398139325,1,73,0.5747639581569978,0.5627201647575265,5608757.857240863,4149609.5171254,4735,162,29.056249549082754,1167.7209100662426,907.4151579106494,,,,,0.03440773054366532,0.03566356263293005,0.03679345329403675,0.0
EleutherAI/pythia-1.4b,random,Tense,zero,Pres+Past,2,2048,352,4,10,0.7961824023685211,0.05670468161493388,0.14711291601654505,True,0.0002656473212556511,0.24583645754940528,1,3,0.5093247906359065,0.5362178715237005,203038.8666718697,195604.33783103677,222,8,26.581724581724583,1056.798001706098,914.0389618272746,3.348767138689874e-05,0.0003476352803105957,0.0013535333915337558,0.585,0.00047466397178971516,0.001473896511857812,0.003644346259673739,0.0
EleutherAI/pythia-1.4b,random,Number,regular,Sing+Plur,3,2048,36832,199,10,0.4999762886961969,0.002832670744481171,0.497191040559322,True,,0.18854890154572534,1,159,0.7047986033752238,0.6978340586005387,21458660.021431766,8987853.235927101,14865,398,37.23979899701851,1434.7761248070124,621.2658627170181,,,,,0.07607447296869324,0.07716431453335336,0.07820972254745479,0.0
EleutherAI/pythia-1.4b,random,Number,zero,Sing+Plur,3,2048,784,3,10,0.989827946971637,0.007507373365314057,0.0026646796630489357,False,,,1,2,0.5495782848366799,0.632138387720455,193674.06358930358,158730.80562211073,219,6,29.66575342465753,1280.5876568911112,745.2150498690644,,,,,,,,
EleutherAI/pythia-1.4b,random,Tense,regular,Pres+Past,3,2048,11551,81,10,0.5013494707676018,0.006695939902186566,0.4919545893302116,True,,0.21009495022657423,1,73,0.5427052666926148,0.5295680239536238,5302584.68274707,4468068.023578009,4735,162,29.056249549082754,1099.8754163598144,977.0540178390572,,,,,0.03398085103306817,0.03515927084574118,0.03635117536084539,0.0
EleutherAI/pythia-1.4b,random,Tense,zero,Pres+Past,3,2048,352,4,10,0.7966900825152124,0.05841035843873839,0.14489955904604912,True,0.00018317564729360665,0.2577484648996279,1,3,0.47176725770131045,0.49736947752692556,190417.0012789645,213207.87554435042,222,8,26.581724581724583,985.8702052876913,996.2984838521047,4.418771201974142e-05,0.000374902069591364,0.0013873524827583254,0.795,0.0005193070332421561,0.0015078153956366198,0.0030108458139987727,0.0
EleutherAI/pythia-1.4b,random,Number,regular,Sing+Plur,4,2048,36832,199,10,0.4995749968712178,0.002827890618678676,0.4975971125101036,True,,0.19987040350234403,1,156,0.6751907014752595,0.6674732358992449,20576934.284484804,9898802.77694863,14865,398,37.23979899701851,1373.4455295158625,684.2332741375981,,,,,0.0745753643637049,0.07565346294614311,0.07696573403842948,0.0
EleutherAI/pythia-1.4b,random,Number,zero,Sing+Plur,4,2048,784,3,10,0.9877867261217252,0.008764791907721281,0.0034484819705534555,False,,,1,2,0.510130258347873,0.5937736607335776,180707.3332854348,173530.29588535853,219,6,29.66575342465753,1190.8266723106458,814.6962248138898,,,,,,,,
EleutherAI/pythia-1.4b,random,Tense,regular,Pres+Past,4,2048,11551,81,10,0.5010859245963081,0.007044460291839841,0.49186961511185207,True,,0.2133390250048166,1,72,0.517396162306563,0.5033772062738884,5046073.631384392,4706750.218117871,4735,162,29.056249549082754,1043.2462863845617,1029.2478062798757,,,,,0.03384741319418212,0.03517691688480183,0.03646152515531145,0.0
EleutherAI/pythia-1.4b,random,Tense,zero,Pres+Past,4,2048,352,4,10,0.7963747001928404,0.05836476160381688,0.14526053820334267,True,0.0009704880968410353,0.26941994539878517,1,3,0.44741633974101536,0.47190187616967455,182779.7332606232,225742.9714899997,222,8,26.581724581724583,942.6219390023598,1054.8736985514006,2.9599344923095052e-05,0.000337987680442159,0.0013032339400229622,0.08,0.0005107935773666681,0.0014707114410223408,0.003406090188736749,0.0
EleutherAI/pythia-1.4b,random,Number,regular,Sing+Plur,5,2048,36832,199,10,0.49986413338043084,0.0029154261171857364,0.4972204405023833,True,,0.20952668128464136,1,154,0.6504474816597087,0.6420931814558946,19826881.35274054,10655028.273766816,14865,398,37.23979899701851,1321.308445138778,736.5057215571172,,,,,0.07414011946856759,0.07522430498659982,0.0764192464041766,0.0
EleutherAI/pythia-1.4b,random,Number,zero,Sing+Plur,5,2048,784,3,10,0.9866390195524452,0.009720690511519359,0.0036402899360354966,False,,,1,2,0.4825615703352721,0.5662545746553158,172281.0966229076,184732.61357206476,219,6,29.66575342465753,1132.245980008267,867.2892655965481,,,,,,,,
EleutherAI/pythia-1.4b,random,Tense,regular,Pres+Past,5,2048,11551,81,10,0.50093763186718,0.007185949239460312,0.4918764188933596,True,,0.21504381092979902,1,71,0.49775737666053427,0.4830430046383312,4855700.038352777,4899454.312005184,4735,162,29.056249549082754,1001.1009912658968,1071.387341352544,,,,,0.03341334722893198,0.034679537833620766,0.03590823791145914,0.0
EleutherAI/pythia-1.4b,random,Tense,zero,Pres+Past,5,2048,352,4,10,0.7927455864898976,0.06000354068229121,0.14725087282781119,True,0.0006760328908021137,0.2627195786038971,1,3,0.4243868127586334,0.44761069053067704,174679.8319146548,236925.39865126894,222,8,26.581724581724583,897.1251506912453,1107.128031080696,3.219354846313811e-05,0.00037623021067280957,0.001246987479177248,0.195,0.0003948590633697088,0.0014163473024892516,0.003018034925909101,0.0
EleutherAI/pythia-1.4b,random,Number,regular,Sing+Plur,6,2048,36832,199,10,0.5003996621292117,0.002966206413107463,0.49663413145768087,True,,0.21504737228443596,1,153,0.6303571574605055,0.6214806710098422,19221280.01740719,11271401.456764035,14865,398,37.23979899701851,1279.201622025706,779.1111810855074,,,,,0.07300363271336802,0.07416152577279408,0.0754011583035946,0.0
EleutherAI/pythia-1.4b,random,Number,zero,Sing+Plur,6,2048,784,3,10,0.9857958550237413,0.010480269983824484,0.003723874992434146,False,,,1,2,0.4625085504819969,0.5458593228920914,166901.3042183066,193959.7091497116,219,6,29.66575342465753,1094.5163406343513,910.6089631441859,,,,,,,,
EleutherAI/pythia-1.4b,random,Tense,regular,Pres+Past,6,2048,11551,81,10,0.5010716434898763,0.007299714654417253,0.49162864185570654,True,,0.21819460358228251,1,71,0.4823341272873854,0.4670667193974118,4708458.589320223,5053360.703459819,4735,162,29.056249549082754,968.4677839361096,1105.0427954209094,,,,,0.03344079459911922,0.03459131957238509,0.03608045721225052,0.0
EleutherAI/pythia-1.4b,random,Tense,zero,Pres+Past,6,2048,352,4,10,0.7906632995978022,0.06026261615604595,0.14907408424615173,True,0.0009251600078499744,0.26465854185875237,1,3,0.4097019591574493,0.432015825362663,170296.17729994684,245362.5070035414,222,8,26.581724581724583,872.0830541392687,1146.553771044586,6.155352761271076e-05,0.0003601717266314481,0.0011776341739070828,0.075,0.0004474460154697716,0.0014134504379821225,0.003154312149957332,0.0
EleutherAI/pythia-1.4b,random,Number,regular,Sing+Plur,7,2048,36832,199,10,0.5005212961862756,0.0030153507464197524,0.4964633530673047,True,,0.22036760619055074,1,152,0.6126316056973423,0.6032905963605838,18689727.583373226,11817558.377002921,14865,398,37.23979899701851,1242.2337823121325,816.8630937307611,,,,,0.07259613773792349,0.07371517254472779,0.07508529995094052,0.0
EleutherAI/pythia-1.4b,random,Number,zero,Sing+Plur,7,2048,784,3,10,0.9850302558849301,0.011184798153473603,0.0037849459615963707,False,,,1,2,0.45127810894423537,0.5342947734669535,165605.4686318161,201364.40061189682,219,6,29.66575342465753,1084.6082515738049,945.3727728258067,,,,,,,,
EleutherAI/pythia-1.4b,random,Tense,regular,Pres+Past,7,2048,11551,81,10,0.5013562212594275,0.007375319929855474,0.491268458810717,True,,0.2180042363540212,1,71,0.46830272420193547,0.45252691670503853,4572673.804466834,5191680.678542888,4735,162,29.056249549082754,938.4009009928252,1135.2898925306993,,,,,0.0327128384798368,0.034248282759843124,0.03577091349143501,0.0
EleutherAI/pythia-1.4b,random,Tense,zero,Pres+Past,7,2048,352,4,10,0.788710171514171,0.06120622381309822,0.15008360467273074,True,0.0009766627153316415,0.2610023702114546,1,3,0.39633965242572405,0.4177534054931201,165621.61417231208,252256.36790355493,222,8,26.581724581724583,845.7488321576141,1178.7680743156773,3.560712215800098e-05,0.0003762217696411226,0.0011435306138802028,0.06,0.0004502444404094678,0.0014342944232736037,0.00314770934500141,0.0
EleutherAI/pythia-1.4b,random,Number,regular,Sing+Plur,8,2048,36832,199,10,0.5004852004434158,0.003091367662918101,0.49642343189366617,True,,0.2250078505893687,1,150,0.5974499527401025,0.5877082527254137,18239675.568644404,12289535.263143659,14865,398,37.23979899701851,1210.9163023850285,849.487472395359,,,,,0.07166698664585237,0.07270187193485095,0.07406349044316007,0.0
EleutherAI/pythia-1.4b,random,Number,zero,Sing+Plur,8,2048,784,3,10,0.9842191972436882,0.011764644696598292,0.0040161580597134995,False,,,1,2,0.43930599053844915,0.5218519035635065,163584.13855362986,208785.3307384411,219,6,29.66575342465753,1069.8064679516588,980.212820368268,,,,,,,,
EleutherAI/pythia-1.4b,random,Tense,regular,Pres+Past,8,2048,11551,81,10,0.5013885890363633,0.007535946273355301,0.49107546469028146,True,,0.21809926184772724,1,71,0.456247491055486,0.44003087319518946,4456030.764850711,5310665.71504028,4735,162,29.056249549082754,912.5713471573854,1161.3089252220161,,,,,0.03273518230897692,0.034248918203753365,0.03582396920328878,0.0
EleutherAI/pythia-1.4b,random,Tense,zero,Pres+Past,8,2048,352,4,10,0.7883362134309916,0.06246575674793894,0.14919802982106942,True,0.001548088117084393,0.2593282387571109,1,3,0.38727117777807535,0.4080346852420734,162847.03150131,257651.68063013873,222,8,26.581724581724583,829.8890374547846,1203.9798160286857,4.3587491409305874e-05,0.00037139476041635715,0.0010512379239156072,0.01,0.0004314360764985589,0.001431373188816332,0.0032346705078305778,0.0
EleutherAI/pythia-1.4b,random,Number,regular,Sing+Plur,9,2048,36832,199,10,0.5005372768012828,0.0030833168707581214,0.49637940632795896,True,,0.229289302317542,1,149,0.5840536031327013,0.5739561596398349,17845666.065487575,12709176.794428673,14865,398,37.23979899701851,1183.4866679446563,878.494283156748,,,,,0.07103791965029833,0.07223303476153559,0.07339659652701884,0.0
EleutherAI/pythia-1.4b,random,Number,zero,Sing+Plur,9,2048,784,3,10,0.9837022743639474,0.012519139508720504,0.003778586127332097,False,,,1,2,0.42652653718944644,0.50843759338383,159474.23969063174,214416.30588121276,219,6,29.66575342465753,1041.2072861452011,1006.6493233859754,,,,,,,,
EleutherAI/pythia-1.4b,random,Tense,regular,Pres+Past,9,2048,11551,81,10,0.5018409880197287,0.007551861309119901,0.49060715067115146,True,,0.2201860576389981,1,71,0.4461904520646575,0.4296032503437213,4360879.088899665,5412703.175625639,4735,162,29.056249549082754,891.4634191772591,1183.6219496229257,,,,,0.03278666847188925,0.03424080216733211,0.03573166450297493,0.0
EleutherAI/pythia-1.4b,random,Tense,zero,Pres+Past,9,2048,352,4,10,0.7887895580689587,0.06280594909142312,0.14840449283961826,True,0.0012375929463929816,0.26137523239578664,1,3,0.3794953277987734,0.39967578369140067,160614.28397488993,262616.97135180363,222,8,26.581724581724583,817.0168017055337,1227.1821091205777,3.0035889595328198e-05,0.00035345560684168993,0.0011670955027848287,0.015,0.00046338402353550157,0.0013899993658485403,0.002980632864199334,0.0
EleutherAI/pythia-1.4b,random,Number,regular,Sing+Plur,10,2048,36832,199,10,0.5010834464868781,0.0031581680264071406,0.49575838548671486,True,,0.23297025052796905,1,149,0.5718477877450976,0.5614244420306684,17470147.427679412,13080197.965047315,14865,398,37.23979899701851,1157.3979984223556,904.1403169314519,,,,,0.07046749113422252,0.0718121816903056,0.07295993238949347,0.0
EleutherAI/pythia-1.4b,random,Number,zero,Sing+Plur,10,2048,784,3,10,0.982722671981944,0.013140336845426844,0.004136991172629169,False,,,1,2,0.4157782362704188,0.4970480011442139,156378.01740495657,219731.1767839609,219,6,29.66575342465753,1019.4921153397834,1031.6017689387836,,,,,,,,
EleutherAI/pythia-1.4b,random,Tense,regular,Pres+Past,10,2048,11551,81,10,0.5021060529294171,0.0075557551724139745,0.490338191898169,True,,0.22117615197901452,1,71,0.436273371378117,0.4193182129945459,4264622.99175259,5510493.418128985,4735,162,29.056249549082754,870.151369902083,1205.0062143295397,,,,,0.03270011501778195,0.03424886964656776,0.035655261331126745,0.0
EleutherAI/pythia-1.4b,random,Tense,zero,Pres+Past,10,2048,352,4,10,0.7902671918995768,0.06320189370617928,0.14653091439424387,True,0.0011789047392672955,0.25955084404770834,1,3,0.37129142266911136,0.39083109902184415,157148.57420436468,266100.0240925392,222,8,26.581724581724583,797.7788722174103,1243.4580565071926,4.449905456625457e-05,0.0003324528863704214,0.001188358888576655,0.03,0.0004480472045154758,0.0013946901027685702,0.002976011687973196,0.0
EleutherAI/pythia-1.4b,random,Number,regular,Sing+Plur,11,2048,36832,199,10,0.5012074824661829,0.003176040186343965,0.4956164773474732,True,,0.2368588190588277,1,148,0.5608956194091352,0.550178404700404,17141018.190554056,13419067.496353135,14865,398,37.23979899701851,1134.506776021726,927.5639383668441,,,,,0.06984372661615271,0.07122676908713664,0.07256436876217753,0.0
EleutherAI/pythia-1.4b,random,Number,zero,Sing+Plur,11,2048,784,3,10,0.9817782719999776,0.013614554526547827,0.0046071734734745885,False,,,1,2,0.40107337798949944,0.4813044473144268,150963.57335233994,225435.31432524693,219,6,29.66575342465753,982.0863976054166,1058.3817573955255,,,,,,,,
EleutherAI/pythia-1.4b,random,Tense,regular,Pres+Past,11,2048,11551,81,10,0.5022553744787704,0.007445351207349953,0.49029927431387976,True,,0.2231149367048982,1,70,0.4274111488753577,0.4101250461601351,4177918.3567608166,5597021.692777263,4735,162,29.056249549082754,850.9658359813412,1223.9277701240462,,,,,0.03275225763292156,0.0342881098315313,0.035498959566461846,0.0
EleutherAI/pythia-1.4b,random,Tense,zero,Pres+Past,11,2048,352,4,10,0.7896316525166956,0.06462985441942469,0.14573849306387945,True,0.0010751987428879173,0.2592152433730781,1,3,0.36252610558233933,0.381351940194677,153843.04003478127,270520.9924192606,222,8,26.581724581724583,779.2368887555507,1264.1167870058907,1.9214729305275607e-05,0.00034321164514374176,0.001197956231920548,0.035,0.00047199368164708164,0.0013773628617154386,0.003048527512696553,0.0
EleutherAI/pythia-1.4b,random,Number,regular,Sing+Plur,12,2048,36832,199,10,0.5010664684220303,0.0031792980075995617,0.49575423357037024,True,,0.24122359332168453,1,147,0.551079256592788,0.5400974912734321,16849230.689744275,13725737.408165403,14865,398,37.23979899701851,1114.2011078041621,948.7618309369878,,,,,0.06990290314156297,0.07125153801794501,0.07238938260935161,0.0
EleutherAI/pythia-1.4b,random,Number,zero,Sing+Plur,12,2048,784,3,10,0.9812258632566928,0.014036273146478937,0.004737863596828324,False,,,1,2,0.3933473642330345,0.47295698292566946,148965.15346004712,229746.30365243598,219,6,29.66575342465753,967.9312416934767,1078.62114390815,,,,,,,,
EleutherAI/pythia-1.4b,random,Tense,regular,Pres+Past,12,2048,11551,81,10,0.5023271329024208,0.007425268538031387,0.4902475985595478,True,,0.22200588487874137,1,70,0.4201965981638929,0.40263959813681427,4109950.7372892597,5671067.850791315,4735,162,29.056249549082754,835.8795407777241,1240.1198011789447,,,,,0.032438111907796476,0.03364537135262777,0.034951239883241364,0.0
EleutherAI/pythia-1.4b,random,Tense,zero,Pres+Past,12,2048,352,4,10,0.7883569175923015,0.06494748750593274,0.14669559490176562,True,0.0007259847519055438,0.26150244829738006,1,3,0.3546798625974723,0.3728409903406135,150599.24942056992,274006.8962953645,222,8,26.581724581724583,761.1911096659603,1280.4060574549742,3.198160216741309e-05,0.0003202535716765821,0.001130973186441599,0.165,0.0004847969713577909,0.0013156053854339067,0.003135579558964695,0.0
EleutherAI/pythia-1.4b,random,Number,regular,Sing+Plur,13,2048,36832,199,10,0.5009034016676852,0.00317834447508454,0.49591825385723026,True,,0.24439897183768813,1,146,0.5420313555040849,0.5308047802876386,16582504.58376383,14010752.45824296,14865,398,37.23979899701851,1095.6307815113964,968.4628781532426,,,,,0.06950337703375226,0.07081268663517876,0.07201703087013496,0.0
EleutherAI/pythia-1.4b,random,Number,zero,Sing+Plur,13,2048,784,3,10,0.9809737026902701,0.014493129762218714,0.004533167547511115,False,,,1,2,0.3857545630688499,0.46470200539095974,146605.2855754473,233442.8061674909,219,6,29.66575342465753,951.4365300366708,1095.9756158098164,,,,,,,,
EleutherAI/pythia-1.4b,random,Tense,regular,Pres+Past,13,2048,11551,81,10,0.5025830733017291,0.007340571463736042,0.4900763552345348,True,,0.22382170456989067,1,70,0.4130644573714156,0.3952383462618095,4039204.865433073,5739426.031877797,4735,162,29.056249549082754,820.2421624560411,1255.0680148431659,,,,,0.03245243872138891,0.03372113607255621,0.03510737586429046,0.0
EleutherAI/pythia-1.4b,random,Tense,zero,Pres+Past,13,2048,352,4,10,0.78505954068483,0.06613512145165618,0.14880533786351371,True,0.0007714495553515128,0.25700287870988453,1,3,0.3467842472225182,0.36425185464632764,147365.67364055474,277583.48371259286,222,8,26.581724581724583,743.1842861813676,1297.1190827691255,3.593188627843206e-05,0.0003349588148894305,0.001154554211467161,0.16,0.0004236937041252298,0.0013706459771484002,0.0032236053738179267,0.0
EleutherAI/pythia-1.4b,random,Number,regular,Sing+Plur,14,2048,36832,199,10,0.5010535275665912,0.0031777411267721986,0.4957687313066367,True,,0.247346726083121,1,145,0.5334256136035588,0.5219653291336177,16322185.479051806,14276617.920708507,14865,398,37.23979899701851,1077.529367952361,986.8402516560799,,,,,0.0695117273345931,0.07080502759490051,0.07225344923863362,0.0
EleutherAI/pythia-1.4b,random,Number,zero,Sing+Plur,14,2048,784,3,10,0.9803774465060253,0.014839673354727228,0.004782880139247414,False,,,1,2,0.37852985366660125,0.4567994378426283,144743.59393883322,237639.96851148654,219,6,29.66575342465753,938.2211800254537,1115.6806033403125,,,,,,,,
EleutherAI/pythia-1.4b,random,Tense,regular,Pres+Past,14,2048,11551,81,10,0.5029646463404075,0.007337347961674434,0.489698005697918,True,,0.22505066924811315,1,70,0.40640044959883415,0.38832171538158455,3974784.2863104846,5805678.03904883,4735,162,29.056249549082754,805.9727548927212,1269.5556612833655,,,,,0.032519419277877624,0.03370027422515235,0.03506056116826793,0.0
EleutherAI/pythia-1.4b,random,Tense,zero,Pres+Past,14,2048,352,4,10,0.7849768525282299,0.06637206732935592,0.14865108014241427,True,0.0008426277098892193,0.25711078269173937,1,3,0.3404524087094528,0.3573459275826062,144815.4214994765,280546.2965991731,222,8,26.581724581724583,728.957720357625,1310.9640027998744,4.03309657910904e-05,0.0003504684274330723,0.0012400836933083937,0.145,0.000429861693499879,0.0013559592311754485,0.003255288206191897,0.0
EleutherAI/pythia-1.4b,random,Number,regular,Sing+Plur,15,2048,36832,199,10,0.500878794201836,0.0032041809174941076,0.4959170248806699,True,,0.24981028506030753,1,145,0.5257302629841358,0.5140602804913958,16086325.669516465,14511733.453440813,14865,398,37.23979899701851,1061.1394522861087,1003.092102954366,,,,,0.06956864872550574,0.07082449785985802,0.07216869991750864,0.0
EleutherAI/pythia-1.4b,random,Number,zero,Sing+Plur,15,2048,784,3,10,0.9797415109323985,0.015266163422015044,0.00499232564558645,False,,,1,2,0.37237321424376263,0.45002806175589766,142697.3341865459,240513.18882688836,219,6,29.66575342465753,923.9710363779473,1129.16990059572,,,,,,,,
EleutherAI/pythia-1.4b,random,Tense,regular,Pres+Past,15,2048,11551,81,10,0.5027989282247021,0.007352396927843009,0.48984867484745487,True,,0.22612955919669173,1,70,0.4005033255197954,0.3822000921780955,3916630.8256839863,5862640.846032511,4735,162,29.056249549082754,793.112941366876,1282.0119934468646,,,,,0.0324939756154977,0.03369208991542136,0.03523513275014116,0.0
EleutherAI/pythia-1.4b,random,Tense,zero,Pres+Past,15,2048,352,4,10,0.7831085605656916,0.06680181548134057,0.1500896239529679,True,0.0010345144758168669,0.2543057311824371,1,3,0.3340707347406391,0.35036944263155,142203.6567304696,283465.64603222697,222,8,26.581724581724583,714.4082101741589,1324.6058225804998,4.0553559205340436e-05,0.0003352599782573732,0.0012587054090165666,0.07,0.00047397751048590755,0.0013603694753720552,0.003302702994158416,0.0
EleutherAI/pythia-1.4b,random,Number,regular,Sing+Plur,16,2048,36832,199,10,0.500405623255157,0.0033187280325482535,0.4962756487122947,True,,0.2509706356788115,1,144,0.5180053301890541,0.5061241667878194,15851986.57688193,14749989.219576571,14865,398,37.23979899701851,1044.846568812144,1019.561016076351,,,,,0.06893168544796568,0.07035769667576847,0.07147111513968402,0.0
EleutherAI/pythia-1.4b,random,Number,zero,Sing+Plur,16,2048,784,3,10,0.9800483878939913,0.01574044185119851,0.0042111702548103345,False,,,1,2,0.36463683176064915,0.44147039496107604,140313.10999546765,244489.2406556328,219,6,29.66575342465753,907.2678789992475,1147.8368105898253,,,,,,,,
EleutherAI/pythia-1.4b,random,Tense,regular,Pres+Past,16,2048,11551,81,10,0.502646404401279,0.007406480987470704,0.4899471146112503,True,,0.22710039774699736,1,70,0.39479927588211383,0.3762780469936525,3863081.582174957,5921844.121003041,4735,162,29.056249549082754,781.2204821392114,1294.9582595676889,,,,,0.03246506219579535,0.03365634715889149,0.03525539851575397,0.0
EleutherAI/pythia-1.4b,random,Tense,zero,Pres+Past,16,2048,352,4,10,0.7836811399024988,0.06648675319942848,0.14983210689807283,True,0.0013634773190997233,0.2522789481254821,1,3,0.3284674166223967,0.34423040365743085,139949.01726777724,286117.6492736454,222,8,26.581724581724583,701.824982577464,1336.9983610918011,3.520331959239624e-05,0.00034526141762879214,0.001383233629015845,0.03,0.00040943205894312853,0.00134936399861958,0.0034324288910997204,0.0
EleutherAI/pythia-1.4b,random,Number,regular,Sing+Plur,17,2048,36832,199,10,0.5001599089511878,0.003360850291397419,0.4964792407574148,True,,0.25408823706327904,1,144,0.5111812677435367,0.49911298690447486,15645494.16915625,14961054.146314703,14865,398,37.23979899701851,1030.4876992933914,1034.1504213945325,,,,,0.06885457289009826,0.07031257098981565,0.07154557700289846,0.0
EleutherAI/pythia-1.4b,random,Number,zero,Sing+Plur,17,2048,784,3,10,0.9798642844442755,0.015633589304641465,0.0045021262510829795,False,,,1,2,0.35981874171718836,0.43611314007089363,138869.86316688787,247074.07767440748,219,6,29.66575342465753,897.1287550580831,1159.9721956544952,,,,,,,,
EleutherAI/pythia-1.4b,random,Tense,regular,Pres+Past,17,2048,11551,81,10,0.5023206451849049,0.007366052838680016,0.4903133019764151,True,,0.2269390300589181,1,70,0.3893480491971314,0.3706177089059358,3808943.3184681656,5973931.7372115245,4735,162,29.056249549082754,769.2556634328165,1306.3485102146346,,,,,0.03195453255238339,0.03318568081862586,0.03437670468566509,0.0
EleutherAI/pythia-1.4b,random,Tense,zero,Pres+Past,17,2048,352,4,10,0.7844889350609361,0.06727898036183373,0.14823208457723017,True,0.0014038340413975283,0.2517373286126998,1,3,0.3239642553799569,0.33928755752987416,138184.42273897474,288357.76654331846,222,8,26.581724581724583,691.9477915928229,1347.4661988005535,3.827076737143984e-05,0.00032080481372858945,0.001293275012646316,0.015,0.00040185269187234464,0.001401427316833518,0.003064171675154385,0.0
EleutherAI/pythia-1.4b,random,Number,regular,Sing+Plur,18,2048,36832,199,10,0.49999840610912866,0.0033720759609270176,0.49662951792994425,True,,0.2558755264106158,1,143,0.5049727214726282,0.4927337409857826,15464334.281680709,15159764.058884693,14865,398,37.23979899701851,1017.8652486057489,1047.8858131530167,,,,,0.0685840118952917,0.06988369404439511,0.07114116383806408,0.0
EleutherAI/pythia-1.4b,random,Number,zero,Sing+Plur,18,2048,784,3,10,0.9795239212605101,0.01590242191909566,0.004573656820394322,False,,,1,2,0.35270528744682433,0.428164499979733,136271.7388018161,250089.74669862774,219,6,29.66575342465753,879.135517673897,1174.1302661907405,,,,,,,,
EleutherAI/pythia-1.4b,random,Tense,regular,Pres+Past,18,2048,11551,81,10,0.5029815306096416,0.007351413209913062,0.4896670561804453,True,,0.22862386477715085,1,69,0.38472520578668845,0.36581693516563163,3765781.9862428866,6022456.2929272875,4735,162,29.056249549082754,759.6641327922418,1316.9596092121774,,,,,0.031904651617640015,0.033214520421872666,0.03439481181414855,0.0
EleutherAI/pythia-1.4b,random,Tense,zero,Pres+Past,18,2048,352,4,10,0.7853426054710304,0.06757847087147745,0.14707892365749212,True,0.001841120017268292,0.2497704179533152,1,3,0.3189122097912522,0.333732504644734,136249.72198160624,290982.9702718203,222,8,26.581724581724583,681.0887094916488,1359.7335059430857,3.0843551737319416e-05,0.00034961703831097157,0.001282057691890418,0.0,0.00041078836656219345,0.0014029998654426562,0.0031028329584472307,0.0
EleutherAI/pythia-1.4b,random,Number,regular,Sing+Plur,19,2048,36832,199,10,0.49995753903092494,0.0033815207940375274,0.4966609401750376,True,,0.25861640244313044,1,143,0.49889172501746265,0.48648512704370406,15279385.989114348,15347271.505714867,14865,398,37.23979899701851,1005.0073445542394,1060.8468587623465,,,,,0.06864418218193499,0.06983746407943439,0.07113255747129582,0.0
EleutherAI/pythia-1.4b,random,Number,zero,Sing+Plur,19,2048,784,3,10,0.9788661568979624,0.016270031395980357,0.004863811706057401,False,,,1,2,0.3485037688416323,0.42344760251264313,135243.74198965443,252825.9263504665,219,6,29.66575342465753,871.7719670785776,1186.9761800491385,,,,,,,,
EleutherAI/pythia-1.4b,random,Tense,regular,Pres+Past,19,2048,11551,81,10,0.5026857424611623,0.007456080908128676,0.4898581766307092,True,,0.22934783156688407,1,69,0.3798907093147035,0.3607957766682839,3718929.7754597855,6070543.049944336,4735,162,29.056249549082754,749.2869200234747,1327.4749726534737,,,,,0.0319099055465431,0.033187456799604095,0.034339434020869815,0.0
EleutherAI/pythia-1.4b,random,Tense,zero,Pres+Past,19,2048,352,4,10,0.784893682635877,0.06854376138022286,0.14656255598390014,True,0.0017041039818236853,0.24537695226280332,1,3,0.31388931009181226,0.32819927237792135,134268.05431070275,293488.0048919171,222,8,26.581724581724583,669.9983398693139,1371.4392751958744,3.25212889306523e-05,0.00035361630193597564,0.0012506365401913817,0.005,0.000364665558491664,0.0013521124696810874,0.0028928791289311463,0.0
EleutherAI/pythia-1.4b,random,Number,regular,Sing+Plur,20,2048,36832,199,10,0.4999402948269383,0.003363317897507451,0.4966963872755541,True,,0.2604154491367732,1,142,0.49328154276493824,0.4807199320905011,15111129.954523176,15522754.844454657,14865,398,37.23979899701851,993.3008197102299,1072.9767639769584,,,,,0.06821127394085547,0.0693150978454929,0.07043845922028273,0.0
EleutherAI/pythia-1.4b,random,Number,zero,Sing+Plur,20,2048,784,3,10,0.9784534315024046,0.01664376929686353,0.004902799200731938,False,,,1,2,0.34344855473643876,0.41775040761328025,133479.2191585702,255164.7780799731,219,6,29.66575342465753,859.5057999073077,1197.9567046008126,,,,,,,,
EleutherAI/pythia-1.4b,random,Tense,regular,Pres+Past,20,2048,11551,81,10,0.5030891797966228,0.007482903487184849,0.48942791671619235,True,,0.23052241963675768,1,69,0.3751918640500243,0.3559149333794736,3670602.951742,6112666.099243068,4735,162,29.056249549082754,738.6393704459961,1336.6862233201548,,,,,0.0319338505291889,0.03317658705576414,0.03435028757091399,0.0
EleutherAI/pythia-1.4b,random,Tense,zero,Pres+Past,20,2048,352,4,10,0.7834400803149388,0.06907348463097251,0.1474864350540886,True,0.0016867613884699597,0.24634189737786658,1,3,0.31002654583208017,0.3239370923008316,132709.40494094222,295348.79434893944,222,8,26.581724581724583,661.2946354574605,1380.1345530324272,2.4167859478928624e-05,0.00036856143467797986,0.0012449369849098398,0.0,0.0003662144753919678,0.001352909878622477,0.003121087071171249,0.0
EleutherAI/pythia-1.4b,random,Number,regular,Sing+Plur,21,2048,36832,199,10,0.5001542230924593,0.0034072616212020026,0.4964385152863387,True,,0.262818025925046,1,142,0.48775499719860177,0.4750403348902481,14938795.176213548,15688866.789350774,14865,398,37.23979899701851,981.3358043095487,1084.4588919161383,,,,,0.06817681387385545,0.06929263799813748,0.0705315043567466,0.0
EleutherAI/pythia-1.4b,random,Number,zero,Sing+Plur,21,2048,784,3,10,0.9781128714855574,0.01683383804264636,0.00505329047179626,False,,,1,2,0.3388219898286649,0.4125152288065064,132074.53414529178,257730.54967491445,219,6,29.66575342465753,849.6296685145096,1210.002580633401,,,,,,,,
EleutherAI/pythia-1.4b,random,Tense,regular,Pres+Past,21,2048,11551,81,10,0.5027432912098789,0.007481517729974883,0.48977519106014616,True,,0.23138068802285497,1,69,0.3710920123087329,0.351655822180182,3631591.8722803444,6154638.366647605,4735,162,29.056249549082754,729.9843263938222,1345.8645017816762,,,,,0.032076922905517974,0.03320876520770794,0.03445947912869913,0.0
EleutherAI/pythia-1.4b,random,Tense,zero,Pres+Past,21,2048,352,4,10,0.7843847402879718,0.06901405712987783,0.1466012025821504,True,0.0016418475646363428,0.24698133473681846,1,3,0.3065299079557683,0.3200736708462498,131462.36631764137,297410.5198367862,222,8,26.581724581724583,654.2302854589663,1389.7687842840476,2.964328645609428e-05,0.0003721952165826207,0.0012851743231138393,0.0,0.0003992383901696432,0.00133941903298053,0.003194918278109951,0.0
EleutherAI/pythia-1.4b,random,Number,regular,Sing+Plur,22,2048,36832,199,10,0.5004554146335722,0.0034306553189506453,0.49611393004747717,True,,0.2644878825541303,1,142,0.48283341741468794,0.4699821650098106,14791359.532479225,15843138.824488202,14865,398,37.23979899701851,971.0769375162007,1095.1226117708027,,,,,0.068235647652497,0.0693147853154864,0.07071183405498038,0.0
EleutherAI/pythia-1.4b,random,Number,zero,Sing+Plur,22,2048,784,3,10,0.9779069401387235,0.01702131024760948,0.005071749613667085,False,,,1,2,0.33703637986731466,0.4104893147735123,132233.3222527023,260108.06921595827,219,6,29.66575342465753,850.3239221750962,1221.1646442063768,,,,,,,,
EleutherAI/pythia-1.4b,random,Tense,regular,Pres+Past,22,2048,11551,81,10,0.5027828157508395,0.007594894090644164,0.4896222901585164,True,,0.2315946475280118,1,69,0.36720271633922125,0.3476150478603135,3593885.698554705,6193312.322155685,4735,162,29.056249549082754,721.633047022345,1354.3215224482146,,,,,0.03197239532710969,0.03312909738076382,0.034438387982601244,0.0
EleutherAI/pythia-1.4b,random,Tense,zero,Pres+Past,22,2048,352,4,10,0.7840314309099298,0.06968366658883213,0.1462849025012381,True,0.0018197142343102442,0.24302947859688104,1,3,0.30397280762377255,0.31724519136864343,130620.58223610351,299090.82273197756,222,8,26.581724581724583,649.410931053082,1397.6206669718579,4.170384425337005e-05,0.0003869603606061063,0.0012596275299628376,0.0,0.00041454391686062287,0.0013676298607875092,0.0031615613101137526,0.0
EleutherAI/pythia-1.4b,random,Number,regular,Sing+Plur,23,2048,36832,199,10,0.5006941841010525,0.0034046012733703517,0.49590121462557724,True,,0.265010220537275,1,141,0.4774916813913901,0.4644918664671458,14622159.833881851,16000697.911563076,14865,398,37.23979899701851,959.3398536351309,1106.0135419619187,,,,,0.06760485096815555,0.06885302807095466,0.0700233498327222,0.0
EleutherAI/pythia-1.4b,random,Number,zero,Sing+Plur,23,2048,784,3,10,0.9773197075507796,0.017844831582387165,0.004835460866833173,False,,,1,2,0.33170569554793605,0.4044232204040223,130331.83893340862,262582.24328672583,219,6,29.66575342465753,837.1129816351261,1232.7804849142058,,,,,,,,
EleutherAI/pythia-1.4b,random,Tense,regular,Pres+Past,23,2048,11551,81,10,0.5026339575899452,0.007573508333526324,0.48979253407652845,True,,0.2298494592444036,1,69,0.36334335351664815,0.34360498943479195,3556931.845144775,6232518.851334799,4735,162,29.056249549082754,713.4385785471616,1362.8950035720095,,,,,0.03152257289962159,0.03266301520044908,0.03383197303572915,0.0
EleutherAI/pythia-1.4b,random,Tense,zero,Pres+Past,23,2048,352,4,10,0.7842604159007001,0.07006673792930647,0.14567284616999354,True,0.0016462881932209719,0.24441228624879044,1,3,0.30038958633839324,0.31327720687427163,129373.08114697061,301311.2269343021,222,8,26.581724581724583,642.3162009389205,1407.9963875434676,3.959037982580656e-05,0.00038859009481275397,0.0012758679616643315,0.01,0.0004059948718273434,0.0013688026939535623,0.003211302314942832,0.0
EleutherAI/pythia-1.4b,random,Number,regular,Sing+Plur,24,2048,36832,199,10,0.5010192477970205,0.0033861936179258355,0.49559455858505375,True,,0.2666981689197298,1,141,0.47604562593483857,0.46300553800573996,14553518.439440653,16018169.748768322,14865,398,37.23979899701851,954.6645346100142,1107.2212448170542,,,,,0.06761342167234996,0.06886123646334838,0.07002183546589984,0.0
EleutherAI/pythia-1.4b,random,Number,zero,Sing+Plur,24,2048,784,3,10,0.977117685636217,0.017844555020858292,0.005037759342924679,False,,,1,2,0.3306285225111696,0.4031941534163355,129868.08990962197,262923.4603270478,219,6,29.66575342465753,833.9324872332986,1234.3824428499897,,,,,,,,
EleutherAI/pythia-1.4b,random,Tense,regular,Pres+Past,24,2048,11551,81,10,0.5023702082424412,0.007489601031158181,0.4901401907264007,True,,0.23221804976146238,1,69,0.3618001927762147,0.3420014664651083,3522791.642675587,6214051.269551796,4735,162,29.056249549082754,706.279617740965,1358.8566082553675,,,,,0.03145320462993589,0.03268809785155879,0.033948375329119325,0.0
EleutherAI/pythia-1.4b,random,Tense,zero,Pres+Past,24,2048,352,4,10,0.783468888306916,0.06996633759324392,0.14656477409984003,True,0.0012495979197468985,0.2338828571038425,1,3,0.29898403290142955,0.31171929523250147,127785.69302977403,299614.03059326985,222,8,26.581724581724583,634.083518129656,1400.0655635199525,2.9364589737878562e-05,0.00037151794503752624,0.0013476154568776973,0.035,0.00036945108787537063,0.0014264630705169805,0.003089940969336836,0.0
znhoughton/opt-babylm-350m-20eps-seed964,random_noposemb,Number,regular,Sing+Plur,0,1024,36776,200,10,0.4983016429696612,0.0037965680496476317,0.4979017889806911,True,,0.20329476260130297,1,139,0.9950043990414912,0.9948941916046538,15094948.623075599,75786.94112580828,14889,400,37.113366060055775,1019.2209653361167,5.23065367698311,,,,,0.1344101522183932,0.13669650367139136,0.13912156459416364,0.0
znhoughton/opt-babylm-350m-20eps-seed964,random_noposemb,Number,zero,Sing+Plur,0,1024,786,3,10,1.0,1.1524877323626081e-31,5.872120701021568e-32,False,,,0,0,1.0000000000000004,1.0,148245.77350973463,0.0,219,6,29.66575342465753,999.4404752688058,0.0,,,,,,,,
znhoughton/opt-babylm-350m-20eps-seed964,random_noposemb,Tense,regular,Pres+Past,0,1024,11556,81,10,0.4990587218502942,0.007094870899506125,0.4938464072501997,True,,0.20619025170676938,1,73,0.7256946802887179,0.7184571088873386,3570594.8115535323,1349649.0713601056,4737,162,29.067850947411486,752.8111487590521,295.00526149947666,,,,,0.06861688082861628,0.07111066511652007,0.07386910768775667,0.0
znhoughton/opt-babylm-350m-20eps-seed964,random_noposemb,Tense,zero,Pres+Past,0,1024,352,4,10,0.7899620770800599,0.05855041749097478,0.1514875054289653,True,0.0005186712732882618,0.24556970082167767,1,3,0.6717579853573779,0.6984392053542654,124950.09210071221,61054.532815265935,222,8,26.581724581724583,660.7814909838143,285.30155521152307,6.454133083691939e-05,0.0007281320592170905,0.0024317184697696358,0.615,0.00072070813036471,0.002600289668270156,0.0057280134162398565,0.0
znhoughton/opt-babylm-350m-20eps-seed964,random_noposemb,Number,regular,Sing+Plur,1,1024,36776,200,10,0.49859491915042564,0.0037382444379019265,0.49766683641167236,True,,0.22810024385682257,1,134,0.9814397029932869,0.9810288294234886,14891222.239594048,281612.3157814909,14889,400,37.113366060055775,1005.080559179919,19.436283786423555,,,,,0.1287660319762831,0.1309036063429444,0.13332853748037973,0.0
znhoughton/opt-babylm-350m-20eps-seed964,random_noposemb,Number,zero,Sing+Plur,1,1024,786,3,10,0.9996446428800568,0.00022641331434326004,0.00012894380559997458,False,,,1,2,0.9692682187026629,0.9783817155107126,141697.79463793282,4492.694128521485,219,6,29.66575342465753,954.5844348369586,21.09246069728397,,,,,,,,
znhoughton/opt-babylm-350m-20eps-seed964,random_noposemb,Tense,regular,Pres+Past,1,1024,11556,81,10,0.4986326438941201,0.007295415706743678,0.4940719403991363,True,,0.21841596356064402,1,72,0.7146311902729362,0.7070618495542651,3502653.9791300213,1398690.9758701473,4737,162,29.067850947411486,737.9248645709167,305.72480346888466,,,,,0.06774090625042073,0.07025292742644251,0.07265306135842646,0.0
znhoughton/opt-babylm-350m-20eps-seed964,random_noposemb,Tense,zero,Pres+Past,1,1024,352,4,10,0.7944534409222124,0.056693969391555805,0.14885258968623175,True,0.0013298822127151791,0.25219078163175246,1,3,0.6635535527381968,0.6904637137417963,124394.91825392436,63072.87201047955,222,8,26.581724581724583,657.4430303495275,294.7330467779418,6.114231795431809e-05,0.000721764790378302,0.0031241721289440617,0.22,0.000929354625429405,0.0027442516268143266,0.006090227367564491,0.0
znhoughton/opt-babylm-350m-20eps-seed964,random_noposemb,Number,regular,Sing+Plur,2,1024,36776,200,10,0.4982617845863877,0.003967868358493309,0.49777034705511897,True,,0.25391059520313014,1,130,0.9640415420779124,0.9632420002659107,14638001.596278248,545993.0319275428,14889,400,37.113366060055775,987.4889131371322,37.68327917230608,,,,,0.12474434078253006,0.12693493616974072,0.1293044050491632,0.0
znhoughton/opt-babylm-350m-20eps-seed964,random_noposemb,Number,zero,Sing+Plur,2,1024,786,3,10,0.9991822268530633,0.0005402899279974693,0.00027748321893924973,False,,,1,2,0.9308492145514405,0.9507304094198965,135559.88012093934,10070.451840250753,219,6,29.66575342465753,912.3212385723999,47.27911662089555,,,,,,,,
znhoughton/opt-babylm-350m-20eps-seed964,random_noposemb,Tense,regular,Pres+Past,2,1024,11556,81,10,0.49724422811371666,0.00753083302108777,0.49522493886519553,True,,0.22433713015937937,1,71,0.7008041311004488,0.6928157868898805,3433326.846636207,1465797.8791912096,4737,162,29.067850947411486,722.606515656514,320.3929790581879,,,,,0.06564058908716706,0.0684179382294029,0.07053220003578956,0.0
znhoughton/opt-babylm-350m-20eps-seed964,random_noposemb,Tense,zero,Pres+Past,2,1024,352,4,10,0.8013142339672302,0.052345827219052954,0.1463399388137168,True,0.0007479139239966014,0.2528638369287464,1,3,0.6503661188578452,0.6775968018909639,121791.85993095476,65474.75251934049,222,8,26.581724581724583,643.0312786128123,305.9567874735537,6.096527283880679e-05,0.0007680902313135262,0.0027241624993150746,0.53,0.0009744458501054393,0.0027012134990424133,0.005712969290137869,0.0
znhoughton/opt-babylm-350m-20eps-seed964,random_noposemb,Number,regular,Sing+Plur,3,1024,36776,200,10,0.4972115263136034,0.004069054693690726,0.4987194189927059,True,,0.2747475939623813,1,126,0.9455407452116914,0.9443241634628454,14368256.371804237,827552.4228632152,14889,400,37.113366060055775,968.7494157800064,57.11591019830321,,,,,0.11960347779931003,0.12203878072818779,0.12398450897319684,0.0
znhoughton/opt-babylm-350m-20eps-seed964,random_noposemb,Number,zero,Sing+Plur,3,1024,786,3,10,0.9985758098690719,0.0008599287643464234,0.0005642613665817086,False,,,1,2,0.8963178044107968,0.9252632604785681,130715.2294180021,15120.576559241686,219,6,29.66575342465753,878.8604451753458,70.98862234385768,,,,,,,,
znhoughton/opt-babylm-350m-20eps-seed964,random_noposemb,Tense,regular,Pres+Past,3,1024,11556,81,10,0.49757196626645533,0.007332660093709855,0.49509537363983486,True,,0.23611492935090553,1,70,0.6860965123656799,0.6776571605787878,3364826.357589442,1539478.3531099712,4737,162,29.067850947411486,707.4153720632938,336.4980006797751,,,,,0.06519285919633942,0.06750155238597146,0.06985883269907163,0.0
znhoughton/opt-babylm-350m-20eps-seed964,random_noposemb,Tense,zero,Pres+Past,3,1024,352,4,10,0.8033195659585385,0.05314327092273056,0.14353716311873102,True,0.001048358558087808,0.24726192976989592,1,3,0.6296929333226242,0.6573074350736581,118133.6275327922,69471.50709917968,222,8,26.581724581724583,622.6683766530443,324.63321074383026,6.197165107582447e-05,0.0006874443065625948,0.002684895213000919,0.39,0.0009496215216707735,0.002742532421060982,0.00567267460241637,0.0
znhoughton/opt-babylm-350m-20eps-seed964,random_noposemb,Number,regular,Sing+Plur,4,1024,36776,200,10,0.49775143987644677,0.003940072996822615,0.49830848712673054,True,,0.29431922541537925,1,123,0.9258762243502574,0.9242121436761204,14062977.979665644,1125853.5399410669,14889,400,37.113366060055775,947.5792298056499,77.70401959700924,,,,,0.11605406502040154,0.11831866569241303,0.12057215001608103,0.0
znhoughton/opt-babylm-350m-20eps-seed964,random_noposemb,Number,zero,Sing+Plur,4,1024,786,3,10,0.9979632246010617,0.0013585263562964113,0.0006782490426418607,False,,,1,2,0.8611002463186149,0.8986693027952666,130828.35150574335,21103.263965349746,219,6,29.66575342465753,878.6762827617198,99.07635664483449,,,,,,,,
znhoughton/opt-babylm-350m-20eps-seed964,random_noposemb,Tense,regular,Pres+Past,4,1024,11556,81,10,0.49779044649130494,0.00724288649388065,0.4949666670148143,True,,0.2482925408762577,1,68,0.670348660559505,0.6614203191309656,3281650.278034203,1613787.6800206113,4737,162,29.067850947411486,689.0836388733915,352.7404765072374,,,,,0.06420288159811412,0.06649461164020533,0.06919343694753859,0.0
znhoughton/opt-babylm-350m-20eps-seed964,random_noposemb,Tense,zero,Pres+Past,4,1024,352,4,10,0.8023336570097547,0.05393159241845852,0.14373475057178675,True,0.0011348429574270216,0.23917369955462042,1,3,0.6083157807948774,0.6361733448579423,115743.82871774651,74525.48924488423,222,8,26.581724581724583,608.9365148019745,348.24994974244964,6.340988898622544e-05,0.0007790796897809156,0.002822416721918034,0.315,0.0009705378554706567,0.0026760521133130004,0.005690358889196772,0.0
znhoughton/opt-babylm-350m-20eps-seed964,random_noposemb,Number,regular,Sing+Plur,5,1024,36776,200,10,0.4970233299773557,0.004053353230570996,0.4989233167920733,True,,0.3130250832825635,1,120,0.9050451079469775,0.9029022282133468,13744397.922028117,1442025.1648898218,14889,400,37.113366060055775,925.4775494486535,99.52551348539042,,,,,0.11270018344014361,0.11504980133776407,0.11714835605723152,0.0
znhoughton/opt-babylm-350m-20eps-seed964,random_noposemb,Number,zero,Sing+Plur,5,1024,786,3,10,0.9974798871571586,0.0017972688936548826,0.0007228439491863766,False,,,1,2,0.8245513935326972,0.8703827185960471,127012.90978013503,27025.893351301784,219,6,29.66575342465753,852.0161098153175,126.88212840986753,,,,,,,,
znhoughton/opt-babylm-350m-20eps-seed964,random_noposemb,Tense,regular,Pres+Past,5,1024,11556,81,10,0.49749820333021544,0.007214861491959783,0.49528693517782474,True,,0.2565230829665102,1,67,0.6544316247408621,0.6450026436970493,3195063.0184567645,1687132.3059545923,4737,162,29.067850947411486,670.0302634131149,368.77208873324423,,,,,0.06319029415445657,0.06542057160014644,0.06811457250155697,0.0
znhoughton/opt-babylm-350m-20eps-seed964,random_noposemb,Tense,zero,Pres+Past,5,1024,352,4,10,0.797944924044049,0.05484049399066864,0.14721458196528225,True,0.0025157133177222623,0.2283511351019483,1,3,0.5856885043749411,0.6136310274471907,111235.9119706671,78687.41952681611,222,8,26.581724581724583,583.9781500039571,367.6982220879258,9.586955578156338e-05,0.000779045592823716,0.0026214786952409646,0.035,0.0009290848735360417,0.0027512546400691,0.005550997661979738,0.0
znhoughton/opt-babylm-350m-20eps-seed964,random_noposemb,Number,regular,Sing+Plur,6,1024,36776,200,10,0.49721065888728383,0.004078039768048568,0.4987113013446675,True,,0.3313080781605858,1,117,0.8817155529756144,0.8790306420470702,13421464.038264044,1800524.496438872,14889,400,37.113366060055775,903.003140482343,124.26837576360495,,,,,0.11008201139877381,0.11228170717092098,0.11497456753099239,0.0
znhoughton/opt-babylm-350m-20eps-seed964,random_noposemb,Number,zero,Sing+Plur,6,1024,786,3,10,0.9968328340040649,0.002261915433713256,0.0009052505622218017,False,,,1,2,0.7896562877233214,0.8426982848553547,123776.15908812576,32970.7205511006,219,6,29.66575342465753,829.2538318583345,154.79211526338312,,,,,,,,
znhoughton/opt-babylm-350m-20eps-seed964,random_noposemb,Tense,regular,Pres+Past,6,1024,11556,81,10,0.49819985717575904,0.007087010072016182,0.4947131327522247,True,,0.2686687897924129,1,66,0.6372050065764282,0.6272269449781754,3112498.6075339816,1772112.428805482,4737,162,29.067850947411486,651.7489904255165,387.3469789738759,,,,,0.06191961236817225,0.06452985016878295,0.06698210055350098,0.0
znhoughton/opt-babylm-350m-20eps-seed964,random_noposemb,Tense,zero,Pres+Past,6,1024,352,4,10,0.7981268342994259,0.054032275465647824,0.1478408902349264,True,0.0016402114946032441,0.2310285648110731,1,3,0.5645466888201143,0.5924066164542221,107848.00026410197,83186.68721143894,222,8,26.581724581724583,564.979683578341,388.7228374366306,8.8798600243774e-05,0.0008442547139420026,0.0025565381320453886,0.165,0.0007322210418170612,0.0025680878202830213,0.005772375054180442,0.0
znhoughton/opt-babylm-350m-20eps-seed964,random_noposemb,Number,regular,Sing+Plur,7,1024,36776,200,10,0.49781009799237913,0.004009548674195694,0.49818035333342514,True,,0.34649131601257077,1,114,0.8578826738685371,0.8546377008487144,13079292.470990375,2166722.9450928047,14889,400,37.113366060055775,879.2152930565295,149.5426147486234,,,,,0.10734424136435584,0.10947310919928208,0.11190111733321229,0.0
znhoughton/opt-babylm-350m-20eps-seed964,random_noposemb,Number,zero,Sing+Plur,7,1024,786,3,10,0.9962950376952995,0.002618038006232151,0.001086924298468324,False,,,1,2,0.7602518690633634,0.8188375577109899,122555.20633741385,38648.220217002745,219,6,29.66575342465753,820.1239279494661,181.44704327231335,,,,,,,,
znhoughton/opt-babylm-350m-20eps-seed964,random_noposemb,Tense,regular,Pres+Past,7,1024,11556,81,10,0.49884995867748366,0.007012086185244837,0.49413795513727155,True,,0.2815012860499503,1,65,0.6205099658576384,0.6099925710051443,3032788.8457533205,1854785.9115054915,4737,162,29.067850947411486,634.0950401693337,405.4176855749708,,,,,0.06147260502216302,0.0635076871616353,0.06596885848713135,0.0
znhoughton/opt-babylm-350m-20eps-seed964,random_noposemb,Tense,zero,Pres+Past,7,1024,352,4,10,0.7934918966892764,0.0550111802712282,0.1514969230394954,True,0.0013661177970201604,0.23414426588990445,1,3,0.5444935901933008,0.572128948403155,105054.76702392875,87885.55204692244,222,8,26.581724581724583,549.1420869225723,410.68014975197406,7.191365668594057e-05,0.0008216429323024889,0.0027128108151230576,0.24,0.0008391169155271246,0.0026562133397584316,0.005257915937820664,0.0
znhoughton/opt-babylm-350m-20eps-seed964,random_noposemb,Number,regular,Sing+Plur,8,1024,36776,200,10,0.49846719067602685,0.003977758357597039,0.49755505096637614,True,,0.36533719089996763,1,111,0.8323415764142428,0.8284892866158349,12662815.296978923,2550668.7530799285,14889,400,37.113366060055775,850.3765840204439,176.04173877285723,,,,,0.10486112665206065,0.10742222153603041,0.10954150555730188,0.0
znhoughton/opt-babylm-350m-20eps-seed964,random_noposemb,Number,zero,Sing+Plur,8,1024,786,3,10,0.9955630959182171,0.003165656430296665,0.00127124765148621,False,,,1,2,0.7265244270407574,0.7908481486073643,118758.2654319945,44702.53645145307,219,6,29.66575342465753,793.5676430074794,209.8710631523618,,,,,,,,
znhoughton/opt-babylm-350m-20eps-seed964,random_noposemb,Tense,regular,Pres+Past,8,1024,11556,81,10,0.49894185944856057,0.007368059931287781,0.4936900806201517,True,,0.2838825806704636,1,64,0.6022900224550107,0.5911759437385943,2945422.1819471843,1944949.6856478802,4737,162,29.067850947411486,614.7486490121722,425.12561434926346,,,,,0.059239343196140035,0.06145182116904609,0.06424276313891326,0.0
znhoughton/opt-babylm-350m-20eps-seed964,random_noposemb,Tense,zero,Pres+Past,8,1024,352,4,10,0.7956097165966718,0.053758932978003375,0.15063135042532488,True,0.003104416245725389,0.23379077311652524,1,3,0.5204566732602426,0.5476330859119858,101902.5812853712,93891.97092400574,222,8,26.581724581724583,531.1455259836873,438.74752768226983,8.854222892401987e-05,0.0008581311858861774,0.002718441613985332,0.01,0.000733872539128786,0.002500591781488641,0.0060491832611589144,0.0
znhoughton/opt-babylm-350m-20eps-seed964,random_noposemb,Number,regular,Sing+Plur,9,1024,36776,200,10,0.4985789979428381,0.00421291217918524,0.49720808987797666,True,,0.379951380504151,1,109,0.8054143119006053,0.8009137734114338,12248000.595721398,2959080.300095737,14889,400,37.113366060055775,821.604644057346,204.22943613056367,,,,,0.1029548193522866,0.10529589074647025,0.10789344830499686,0.0
znhoughton/opt-babylm-350m-20eps-seed964,random_noposemb,Number,zero,Sing+Plur,9,1024,786,3,10,0.9947967733295612,0.0036041840802903,0.0015990425901485595,False,,,1,2,0.6901825397503556,0.7599199153533398,116006.40650807875,52074.35448891659,219,6,29.66575342465753,773.8485665773757,244.48053750665068,,,,,,,,
znhoughton/opt-babylm-350m-20eps-seed964,random_noposemb,Tense,regular,Pres+Past,9,1024,11556,81,10,0.4995223686929231,0.007233823748781403,0.4932438075582955,True,,0.2949853171541294,1,63,0.5823012337570488,0.5705228257665199,2848843.251900429,2043544.204535977,4737,162,29.067850947411486,593.3703969232753,446.6763288603228,,,,,0.059011070497377055,0.06148065735291301,0.06372672046001876,0.0
znhoughton/opt-babylm-350m-20eps-seed964,random_noposemb,Tense,zero,Pres+Past,9,1024,352,4,10,0.7967373050557695,0.054048032568420425,0.1492146623758101,True,0.0044863068623782545,0.22768610215452467,1,3,0.49460022341057297,0.5210490801725431,96974.20950089052,99091.63299346514,222,8,26.581724581724583,503.74509919289494,463.0450139881549,9.129225044544756e-05,0.0007496616375662619,0.002633955706964542,0.0,0.0006716422703823976,0.0025519722304559447,0.006002706479361072,0.0
znhoughton/opt-babylm-350m-20eps-seed964,random_noposemb,Number,regular,Sing+Plur,10,1024,36776,200,10,0.4988115130111602,0.0040825490337182595,0.49710593795512154,True,,0.3931086106958903,1,106,0.7779525970268079,0.7727825123265655,11831835.086019764,3377105.8330527693,14889,400,37.113366060055775,792.7236053479429,233.080670374268,,,,,0.10006332642388915,0.10261177628826157,0.10456293559604878,0.0
znhoughton/opt-babylm-350m-20eps-seed964,random_noposemb,Number,zero,Sing+Plur,10,1024,786,3,10,0.9935437242778937,0.004293635746187758,0.002162639975918398,False,,,1,2,0.651275938536178,0.725889118523398,108619.27377266299,58159.91665282399,219,6,29.66575342465753,723.0830512065121,273.0512518911924,,,,,,,,
znhoughton/opt-babylm-350m-20eps-seed964,random_noposemb,Tense,regular,Pres+Past,10,1024,11556,81,10,0.4994382048778585,0.007401107467377645,0.49316068765476373,True,,0.3036934264244295,1,62,0.5621963278104787,0.5497394677724288,2748806.12220183,2140599.920180711,4737,162,29.067850947411486,571.2647725031497,467.8906929356745,,,,,0.058128100298605496,0.06044408504934726,0.06293412363243546,0.0
znhoughton/opt-babylm-350m-20eps-seed964,random_noposemb,Tense,zero,Pres+Past,10,1024,352,4,10,0.7953327020185349,0.05679204449206842,0.14787525348939662,True,0.003846618755630629,0.2370215547560759,1,3,0.47277957680941196,0.49842342404993556,93618.57673820524,104398.8109205366,222,8,26.581724581724583,484.7780828031027,487.844910843629,8.118089149416552e-05,0.0007660789809546475,0.002841666533306422,0.01,0.0007001526211872454,0.002563457180913045,0.006116601296672536,0.0
znhoughton/opt-babylm-350m-20eps-seed964,random_noposemb,Number,regular,Sing+Plur,11,1024,36776,200,10,0.4987649981956835,0.004355856238758308,0.49687914556555823,True,,0.4097038106500416,1,104,0.7500477605442688,0.7441886007373493,11417589.516526256,3804893.793391412,14889,400,37.113366060055775,763.9540655043473,262.6056866168412,,,,,0.09813393839153746,0.10060242204237667,0.1031733757186782,0.0
znhoughton/opt-babylm-350m-20eps-seed964,random_noposemb,Number,zero,Sing+Plur,11,1024,786,3,10,0.9932646938358913,0.004666781989304043,0.0020685241748045454,False,,,1,2,0.6238087825015012,0.701269384637216,104010.53488330157,62724.10848964784,219,6,29.66575342465753,691.2896261395576,294.4793825805063,,,,,,,,
znhoughton/opt-babylm-350m-20eps-seed964,random_noposemb,Tense,regular,Pres+Past,11,1024,11556,81,10,0.49959258380122873,0.007147386333737752,0.4932600298650335,True,,0.309373266192523,1,61,0.5420309447285504,0.5288832443039491,2648677.4610959906,2237902.3308058362,4737,162,29.067850947411486,549.1377347195593,489.1589794111118,,,,,0.056311946082146375,0.05858835727837139,0.06114988758954298,0.0
znhoughton/opt-babylm-350m-20eps-seed964,random_noposemb,Tense,zero,Pres+Past,11,1024,352,4,10,0.7923122408468168,0.057419378547183667,0.15026838060599942,True,0.004483365217143967,0.24329834515937313,1,3,0.4567998860084634,0.4817420392131124,91195.99849226973,108445.02876179594,222,8,26.581724581724583,471.04721423413713,506.7524708495137,7.36861162826127e-05,0.0007924139306671591,0.002881481612777767,0.0,0.0006965538147131993,0.002777413747893101,0.005508845174311752,0.0
znhoughton/opt-babylm-350m-20eps-seed964,random_noposemb,Number,regular,Sing+Plur,12,1024,36776,200,10,0.4992324973573991,0.004463342070320228,0.4963041605722808,True,,0.424871537378342,1,100,0.7216390854153846,0.7150693700875945,10979099.457445782,4235014.743597075,14889,400,37.113366060055775,733.5429566987015,292.29172086390196,,,,,0.09548803938414885,0.0976369603682265,0.10028049372806368,0.0
znhoughton/opt-babylm-350m-20eps-seed964,random_noposemb,Number,zero,Sing+Plur,12,1024,786,3,10,0.9921091540749906,0.005874602672611223,0.0020162432523982703,False,,,1,2,0.5806357989732858,0.6615356966108508,98969.1058696784,71480.4358993296,219,6,29.66575342465753,655.9156612158248,335.58890093581977,,,,,,,,
znhoughton/opt-babylm-350m-20eps-seed964,random_noposemb,Tense,regular,Pres+Past,12,1024,11556,81,10,0.5000324743049105,0.006975220149280192,0.4929923055458094,True,,0.31801472123884783,1,60,0.5210854979206303,0.5072092527263201,2548170.164938158,2341948.971185422,4737,162,29.067850947411486,526.8790766419056,511.9014144667589,,,,,0.055056710672640306,0.05753421386881542,0.06031541722349808,0.0
znhoughton/opt-babylm-350m-20eps-seed964,random_noposemb,Tense,zero,Pres+Past,12,1024,352,4,10,0.7911930011380912,0.06001198992528273,0.14879500893662598,True,0.0030760410187887785,0.21791371777615495,1,3,0.42861847106703543,0.45208928049368335,85672.22339739576,114207.69121318277,222,8,26.581724581724583,440.3479624025886,533.6808000616018,6.387425850063415e-05,0.0007986153230817394,0.002824676528185479,0.015,0.0008840324852919402,0.0025949897914679513,0.005747540703709111,0.0
znhoughton/opt-babylm-350m-20eps-seed964,random_noposemb,Number,regular,Sing+Plur,13,1024,36776,200,10,0.500950893646582,0.00455125406811387,0.4944978522853042,True,,0.43343989219138496,1,98,0.6926582500420567,0.6853542669713558,10548855.775356563,4680668.704740308,14889,400,37.113366060055775,703.6598397776546,323.04981052800804,,,,,0.09134322195940492,0.09386786118457657,0.09647983660589454,0.0
znhoughton/opt-babylm-350m-20eps-seed964,random_noposemb,Number,zero,Sing+Plur,13,1024,786,3,10,0.9908566431901715,0.006747902122230333,0.0023954546875980557,False,,,1,2,0.5494853801239391,0.6320493984309207,95135.37890420484,78000.03533146888,219,6,29.66575342465753,629.0377380524042,366.1973489740323,,,,,,,,
znhoughton/opt-babylm-350m-20eps-seed964,random_noposemb,Tense,regular,Pres+Past,13,1024,11556,81,10,0.500869006021629,0.0070186500295670124,0.4921123439488041,True,,0.326136049485055,1,59,0.5020312137707365,0.48748247784051474,2459241.386359094,2439341.249345626,4737,162,29.067850947411486,507.14453924276745,533.1893441192626,,,,,0.05390741201704511,0.05676830410169631,0.05928652806756037,0.0
znhoughton/opt-babylm-350m-20eps-seed964,random_noposemb,Tense,zero,Pres+Past,13,1024,352,4,10,0.7916281638381595,0.06067871685654197,0.14769311930529855,True,0.002876699923630205,0.20805732836656118,1,3,0.4075698618476522,0.4297447232358365,82072.47796753561,119297.85298744048,222,8,26.581724581724583,420.1071707206134,557.4666027450489,0.00010862095083805413,0.0007099605570276083,0.002804654033890766,0.025,0.0008029668761326721,0.0025872434678097227,0.005961382572724349,0.0
znhoughton/opt-babylm-350m-20eps-seed964,random_noposemb,Number,regular,Sing+Plur,14,1024,36776,200,10,0.5004814082989175,0.004734147123094077,0.49478444457798837,True,,0.44515866713609253,1,94,0.6641799570889215,0.6561451848932116,10113236.762761328,5113414.771692235,14889,400,37.113366060055775,673.437730946673,352.9170247561761,,,,,0.08831353797562184,0.0907735765348863,0.09323522976128538,0.0
znhoughton/opt-babylm-350m-20eps-seed964,random_noposemb,Number,zero,Sing+Plur,14,1024,786,3,10,0.9897641440883814,0.007622493208065876,0.0026133627035527323,False,,,1,2,0.5220715692096866,0.6055108965549354,91907.38995205118,84136.27029012759,219,6,29.66575342465753,606.3042380597979,395.0059638034159,,,,,,,,
znhoughton/opt-babylm-350m-20eps-seed964,random_noposemb,Tense,regular,Pres+Past,14,1024,11556,81,10,0.5012057034581817,0.007485843643842779,0.4913084528979755,True,,0.33449565079682464,1,58,0.4806200938322109,0.4653046215179153,2356998.9026272916,2547080.0838208753,4737,162,29.067850947411486,484.48734466673284,556.7388161357104,,,,,0.053111728752526684,0.05576795423651631,0.058332322337475574,0.0
znhoughton/opt-babylm-350m-20eps-seed964,random_noposemb,Tense,zero,Pres+Past,14,1024,352,4,10,0.7933745283106717,0.06251247455409444,0.14411299713523393,True,0.004783555588667836,0.1931668320571053,1,3,0.3842577301026506,0.40479808144354423,77599.79136182132,124347.45727541839,222,8,26.581724581724583,395.18209450630354,581.0628844645719,5.8040898622564835e-05,0.000703477185672306,0.0028929964521019536,0.0,0.0008567324112497313,0.002568836887758022,0.006047805878075146,0.0
znhoughton/opt-babylm-350m-20eps-seed964,random_noposemb,Number,regular,Sing+Plur,15,1024,36776,200,10,0.5012896429418827,0.004760606412994162,0.4939497506451231,True,,0.45704423849851583,1,92,0.6321985871946656,0.6233321921171123,9623714.187961778,5598898.426005451,14889,400,37.113366060055775,639.4774410207829,386.42407522986065,,,,,0.08551833329997767,0.08810725208993488,0.09045963798370844,0.0
znhoughton/opt-babylm-350m-20eps-seed964,random_noposemb,Number,zero,Sing+Plur,15,1024,786,3,10,0.9882195177570339,0.00879530152861956,0.0029851807143464293,False,,,1,2,0.49304604283783127,0.5767902925187353,89153.99020401757,91668.8588971999,219,6,29.66575342465753,586.5493305414026,430.3702295643188,,,,,,,,
znhoughton/opt-babylm-350m-20eps-seed964,random_noposemb,Tense,regular,Pres+Past,15,1024,11556,81,10,0.4997603586092429,0.007167282440493209,0.493072358950264,True,,0.34460900849039056,1,56,0.4587807077212461,0.4426710904751615,2247394.8471627054,2651230.5948822913,4737,162,29.067850947411486,460.28412196758774,579.5039551655282,,,,,0.05235224436189845,0.054556952652894106,0.05749869372123319,0.0
znhoughton/opt-babylm-350m-20eps-seed964,random_noposemb,Tense,zero,Pres+Past,15,1024,352,4,10,0.796619539992969,0.062376462819798126,0.14100399718723286,True,0.00854768304728538,0.18950116818943308,1,3,0.36590574590347147,0.3850103998239812,74193.54679227744,128573.27942709062,222,8,26.581724581724583,376.13317245441107,600.8097169490215,6.18803632489172e-05,0.0006738988458597782,0.0030082610003604885,0.0,0.0009393299079970807,0.0026660373628699155,0.005587160813220916,0.0
znhoughton/opt-babylm-350m-20eps-seed964,random_noposemb,Number,regular,Sing+Plur,16,1024,36776,200,10,0.5020514791731135,0.004796850504743752,0.49315167032214274,True,,0.4676957453556606,1,89,0.6017287687356392,0.5920592841627113,9156627.522523118,6060573.3132673185,14889,400,37.113366060055775,607.0765240632462,418.2878951802967,,,,,0.08373764083678832,0.08595669106815279,0.08831867747177846,0.0
znhoughton/opt-babylm-350m-20eps-seed964,random_noposemb,Number,zero,Sing+Plur,16,1024,786,3,10,0.9858552713931914,0.009708967383333534,0.004435761223475116,False,,,1,2,0.4664185428400414,0.5498614826042628,84944.57580643996,97176.34779408628,219,6,29.66575342465753,557.2987794942575,456.22698494876187,,,,,,,,
znhoughton/opt-babylm-350m-20eps-seed964,random_noposemb,Tense,regular,Pres+Past,16,1024,11556,81,10,0.4999960783306435,0.007277136966003906,0.49272678470335257,True,,0.3518990724257131,1,55,0.43751140031489316,0.42061663998235604,2143974.1169292754,2756410.4567896673,4737,162,29.067850947411486,437.39440373514765,602.4940889157742,,,,,0.051134782937378595,0.0536797625563529,0.056031401435483526,0.0
znhoughton/opt-babylm-350m-20eps-seed964,random_noposemb,Tense,zero,Pres+Past,16,1024,352,4,10,0.803568387705892,0.06261917524176941,0.1338124370523387,True,0.006878462214164527,0.18205405618078027,1,3,0.34611602485497633,0.3635238007767631,70290.75770080548,132793.62052253023,222,8,26.581724581724583,354.4166537583015,620.5309370211693,7.993025280443799e-05,0.0007119659825584449,0.0032594098232327125,0.0,0.0010632598948237442,0.0026018048556535533,0.0060118512034465525,0.0
znhoughton/opt-babylm-350m-20eps-seed964,random_noposemb,Number,regular,Sing+Plur,17,1024,36776,200,10,0.5029327656298692,0.005075428798603909,0.4919918055715269,True,,0.47664528781698373,1,87,0.5715050874308921,0.5610286111864876,8692697.354595194,6517486.326659152,14889,400,37.113366060055775,574.8976208065244,449.823060712206,,,,,0.08080969337209223,0.08301119930971132,0.0854012637116766,0.0
znhoughton/opt-babylm-350m-20eps-seed964,random_noposemb,Number,zero,Sing+Plur,17,1024,786,3,10,0.984612418746661,0.011172787279226909,0.004214793974112169,False,,,1,2,0.4464178447140538,0.5292577494749926,83002.25704257752,102927.26621772887,219,6,29.66575342465753,543.2939651267392,483.2266019611684,,,,,,,,
znhoughton/opt-babylm-350m-20eps-seed964,random_noposemb,Tense,regular,Pres+Past,17,1024,11556,81,10,0.4991762905510065,0.007230954645372376,0.4935927548036211,True,,0.35861124107140113,1,54,0.41671565596077575,0.3990420358155967,2045336.5085076692,2862894.030112149,4737,162,29.067850947411486,415.51693325844394,625.7691869097594,,,,,0.05006397222661742,0.05281143898817612,0.05529897553416121,0.0
znhoughton/opt-babylm-350m-20eps-seed964,random_noposemb,Tense,zero,Pres+Past,17,1024,352,4,10,0.8072035525521063,0.06220859183100787,0.1305878556168858,True,0.00792776745629632,0.18449070961457792,1,3,0.3283067586021868,0.34405419949825555,67274.98285389345,137640.02754773936,222,8,26.581724581724583,337.35712330774146,643.177698821212,5.176319152629004e-05,0.000772315274323968,0.0034546707430468514,0.0,0.0009527329591077444,0.00260687100606561,0.0056497698182465805,0.0
znhoughton/opt-babylm-350m-20eps-seed964,random_noposemb,Number,regular,Sing+Plur,18,1024,36776,200,10,0.5033643540101783,0.005071343716839785,0.49156430227298187,True,,0.48512643011438733,1,85,0.5421340026271603,0.5308633809341659,8248325.703724024,6966225.797847466,14889,400,37.113366060055775,544.0547041639046,480.79410572485784,,,,,0.07842955025461584,0.08100601169064481,0.0830935931493462,0.0
znhoughton/opt-babylm-350m-20eps-seed964,random_noposemb,Number,zero,Sing+Plur,18,1024,786,3,10,0.9831718187456522,0.012158683679034865,0.004669497575312862,False,,,1,2,0.4217145960809304,0.5033507613309103,79750.91642928797,109360.19608715699,219,6,29.66575342465753,520.3560790869033,513.4281506439295,,,,,,,,
znhoughton/opt-babylm-350m-20eps-seed964,random_noposemb,Tense,regular,Pres+Past,18,1024,11556,81,10,0.5016339996236528,0.0074092890700603814,0.49095671130628676,True,,0.35940218800312634,1,53,0.3967960200306819,0.3783659627908094,1946710.0944804603,2959362.537825511,4737,162,29.067850947411486,393.71716428719776,646.8551995247018,,,,,0.04839128237295928,0.05058678362893999,0.05333656063385289,0.0
znhoughton/opt-babylm-350m-20eps-seed964,random_noposemb,Tense,zero,Pres+Past,18,1024,352,4,10,0.8046495655612269,0.06650316137279068,0.12884727306598248,True,0.009097084656187488,0.17688777274664366,1,3,0.31600473776623855,0.33053087483515015,65177.672242133536,141077.6918478444,222,8,26.581724581724583,325.48130793018413,659.2415506908617,7.083003528864836e-05,0.0006929522335971875,0.0032137277903221775,0.0,0.0006602481289633493,0.00274298775159256,0.00631266995326539,0.0
znhoughton/opt-babylm-350m-20eps-seed964,random_noposemb,Number,regular,Sing+Plur,19,1024,36776,200,10,0.5028503501394526,0.004885473008333218,0.49226417685221413,True,,0.49728433574062925,1,84,0.5105143571314258,0.4983778590170388,7774250.709252707,7454019.760820123,14889,400,37.113366060055775,511.13329299433343,514.4606087942662,,,,,0.07786872647189222,0.08008212407308929,0.08258617873248869,0.0
znhoughton/opt-babylm-350m-20eps-seed964,random_noposemb,Number,zero,Sing+Plur,19,1024,786,3,10,0.9815442338961213,0.013845894371654172,0.004609871732224344,False,,,1,2,0.3885597535553105,0.4677578096186991,74567.67013732277,117340.1881908513,219,6,29.66575342465753,484.14887427811533,550.8929023044662,,,,,,,,
znhoughton/opt-babylm-350m-20eps-seed964,random_noposemb,Tense,regular,Pres+Past,19,1024,11556,81,10,0.5019834782443762,0.007493666275654139,0.49052285547996977,True,,0.3597525402795563,1,52,0.3772120559723542,0.3580283902782775,1849178.4545184567,3053046.7666552337,4737,162,29.067850947411486,372.1722619201618,667.3326265913079,,,,,0.046848369492491174,0.048727304799529636,0.05128199814742505,0.0
znhoughton/opt-babylm-350m-20eps-seed964,random_noposemb,Tense,zero,Pres+Past,19,1024,352,4,10,0.8078236235100765,0.06265229406669474,0.12952408242322877,True,0.013145631505424284,0.1880005882229311,1,3,0.3000155960015847,0.31286275578775397,62609.490142881004,146077.9613673075,222,8,26.581724581724583,310.8002099730399,682.6072961089135,6.230120616801849e-05,0.0006923642480711788,0.0026903303402953725,0.0,0.0008385244833884476,0.002559986454875827,0.006293306307762719,0.0
znhoughton/opt-babylm-350m-20eps-seed964,random_noposemb,Number,regular,Sing+Plur,20,1024,36776,200,10,0.5020698081441957,0.005152577196737528,0.4927776146590669,True,,0.502027850795238,1,82,0.48373694592707217,0.47085830197126854,7378984.855740953,7875142.243439525,14889,400,37.113366060055775,483.6578488551023,543.5255879245997,,,,,0.07495854802489219,0.0772903936145195,0.07957602134642876,0.0
znhoughton/opt-babylm-350m-20eps-seed964,random_noposemb,Number,zero,Sing+Plur,20,1024,786,3,10,0.977529432852871,0.015603432968547154,0.006867134178581886,False,,,1,2,0.35687932442438425,0.43283428684241243,68268.06857702376,123023.67601236734,219,6,29.66575342465753,440.7788868364354,577.5759437200345,,,,,,,,
znhoughton/opt-babylm-350m-20eps-seed964,random_noposemb,Tense,regular,Pres+Past,20,1024,11556,81,10,0.5033967289480424,0.008134721689783396,0.48846854936217415,True,,0.360957594579646,1,52,0.3576425808423646,0.33769603394890924,1751670.055017755,3146152.9360030633,4737,162,29.067850947411486,350.63667233277107,687.683701858593,,,,,0.04429270318588634,0.046906488059428084,0.04936894603279234,0.0
znhoughton/opt-babylm-350m-20eps-seed964,random_noposemb,Tense,zero,Pres+Past,20,1024,352,4,10,0.8137415654341684,0.06381109512213547,0.12244733944369614,True,0.015236162351183824,0.1794186367702646,1,3,0.28254089281913736,0.29343362713903326,59176.550399934706,150267.64654261316,222,8,26.581724581724583,291.6141737240005,702.1852642178185,7.570099904807262e-05,0.0006866090698302669,0.0024318614090747094,0.0,0.0009439650850179776,0.0026773882390249987,0.005688472191456562,0.0
znhoughton/opt-babylm-350m-20eps-seed964,random_noposemb,Number,regular,Sing+Plur,21,1024,36776,200,10,0.5017731474006681,0.005142125450756967,0.4930847271485749,True,,0.5132446754893284,1,80,0.4578372548299074,0.4442330490328098,6984809.302789635,8271287.113795302,14889,400,37.113366060055775,456.30248233393917,570.8666653181932,,,,,0.07382519067751113,0.07631160471139128,0.07856874150668687,0.0
znhoughton/opt-babylm-350m-20eps-seed964,random_noposemb,Number,zero,Sing+Plur,21,1024,786,3,10,0.9757070380559125,0.016688423713513954,0.0076045382305735066,False,,,1,2,0.336138179549148,0.4094690935717439,65047.06105045878,128465.80064738358,219,6,29.66575342465753,418.2023024281027,603.1258246356036,,,,,,,,
znhoughton/opt-babylm-350m-20eps-seed964,random_noposemb,Tense,regular,Pres+Past,21,1024,11556,81,10,0.5057055926538944,0.00819719415255078,0.4860972131935549,True,,0.3673566675236416,1,51,0.34098678049941994,0.32038319054535486,1668715.6125048096,3225068.2757173567,4737,162,29.067850947411486,332.3176627816975,704.9329564409522,,,,,0.043250432013274775,0.045916180419773016,0.04834849162683941,0.0
znhoughton/opt-babylm-350m-20eps-seed964,random_noposemb,Tense,zero,Pres+Past,21,1024,352,4,10,0.8121815259693754,0.06635685809241262,0.12146161593821202,True,0.01507170951100449,0.16248508684593338,1,3,0.26397513120672267,0.2726534100893644,55341.73292108078,154305.7920866514,222,8,26.581724581724583,270.29498107131036,721.0551032086514,6.915499257176582e-05,0.0007146171669804898,0.0027662621578068976,0.0,0.000984239344764867,0.002577348766864748,0.006091726210485308,0.0
znhoughton/opt-babylm-350m-20eps-seed964,random_noposemb,Number,regular,Sing+Plur,22,1024,36776,200,10,0.5029383736214507,0.005038137335756551,0.49202348904279286,True,,0.5190975556508243,1,79,0.4314086712088951,0.4170562354606252,6590010.802999619,8685553.279968545,14889,400,37.113366060055775,428.8713489419173,599.4584360527673,,,,,0.07166678599765294,0.07420209582508691,0.07654518234639238,0.0
znhoughton/opt-babylm-350m-20eps-seed964,random_noposemb,Number,zero,Sing+Plur,22,1024,786,3,10,0.9725368073446877,0.018515366935304572,0.008947825720007695,False,,,1,2,0.3138187379596626,0.38386929925664104,61084.706867868714,133564.94109458145,219,6,29.66575342465753,390.68200144858685,627.0654511482697,,,,,,,,
znhoughton/opt-babylm-350m-20eps-seed964,random_noposemb,Tense,regular,Pres+Past,22,1024,11556,81,10,0.5057012717942967,0.008490530696041677,0.4858081975096617,True,,0.37209135399161586,1,50,0.32344313282310294,0.3021397676927397,1581308.0903680394,3307675.257542105,4737,162,29.067850947411486,313.0193652877043,722.9891273316076,,,,,0.04274539947161061,0.04487958161599376,0.047500298472942466,0.0
znhoughton/opt-babylm-350m-20eps-seed964,random_noposemb,Tense,zero,Pres+Past,22,1024,352,4,10,0.807623383603455,0.06863020661918928,0.12374640977735571,True,0.012954889849680268,0.170714448272466,1,3,0.2489024169751112,0.2556773128020308,52378.69868029049,158059.9917785814,222,8,26.581724581724583,253.71089550205082,738.5980924232775,0.00010493066474901582,0.0007049125568861494,0.0027127774371092975,0.0,0.0007371179522141307,0.00278466497377881,0.005514462391005627,0.0
znhoughton/opt-babylm-350m-20eps-seed964,random_noposemb,Number,regular,Sing+Plur,23,1024,36776,200,10,0.5040661410171534,0.0052704436522617885,0.4906634153305847,True,,0.5263439986805315,1,77,0.4054756868737388,0.39038133972691486,6184984.409851554,9068666.080362666,14889,400,37.113366060055775,400.80746025690524,625.9000676625486,,,,,0.06991812686013578,0.07225659989600605,0.07510435453197965,0.0
znhoughton/opt-babylm-350m-20eps-seed964,random_noposemb,Number,zero,Sing+Plur,23,1024,786,3,10,0.9710203038795132,0.019133292544511363,0.009846403575975458,False,,,1,2,0.29927295417799943,0.3669246788980802,58695.75505836615,137432.07486727257,219,6,29.66575342465753,373.9642086314133,645.2210087665379,,,,,,,,
znhoughton/opt-babylm-350m-20eps-seed964,random_noposemb,Tense,regular,Pres+Past,23,1024,11556,81,10,0.5088228836281148,0.008487516275470612,0.48268960009641454,True,,0.37244261420970814,1,50,0.30536930586944305,0.28333674235677514,1489912.2249735086,3389138.1456308723,4737,162,29.067850947411486,292.87744700860395,740.7952230887153,,,,,0.040501606794635936,0.04302266608106708,0.04527637824650114,0.0
znhoughton/opt-babylm-350m-20eps-seed964,random_noposemb,Tense,zero,Pres+Past,23,1024,352,4,10,0.8034405024944076,0.07452054150577336,0.12203895599981905,True,0.011890769329453868,0.15659511751499855,1,3,0.22946879787792696,0.2336486124173241,48187.1247416579,161807.11058480482,222,8,26.581724581724583,230.52556093068534,756.1079933869383,3.7684531586912923e-05,0.0007562116282929681,0.002816948264088876,0.0,0.0007628017490525959,0.0026898474620041814,0.005850190246259325,0.0
znhoughton/opt-babylm-350m-20eps-seed964,random_noposemb,Number,regular,Sing+Plur,24,1024,36776,200,10,0.5054039474856358,0.005311898618202414,0.4892841538961617,True,,0.5326798260355693,1,76,0.38227379060663136,0.36650918739516897,5829891.3120163195,9420673.741802434,14889,400,37.113366060055775,376.17341175256416,650.194888660531,,,,,0.06814337299668585,0.07043976143225304,0.07263850290386956,0.0
znhoughton/opt-babylm-350m-20eps-seed964,random_noposemb,Number,zero,Sing+Plur,24,1024,786,3,10,0.9701282991830125,0.019902581566575893,0.009969119250411522,False,,,1,2,0.28107966460264106,0.34543428181530095,55585.286529388075,142171.0563493055,219,6,29.66575342465753,352.2441317493504,667.4697481188051,,,,,,,,
znhoughton/opt-babylm-350m-20eps-seed964,random_noposemb,Tense,regular,Pres+Past,24,1024,11556,81,10,0.5111846497404559,0.008424160907619719,0.4803911893519245,True,,0.3739066876906174,1,48,0.28993378736848097,0.2672718160114229,1417130.0387596223,3470641.2404068573,4737,162,29.067850947411486,276.71257285387685,758.6101071927557,,,,,0.039541139579194716,0.04196435728753458,0.044350924479668034,0.0
znhoughton/opt-babylm-350m-20eps-seed964,random_noposemb,Tense,zero,Pres+Past,24,1024,352,4,10,0.8058496133760162,0.07551470238821724,0.11863568423576665,True,0.009820451303299591,0.1561954331586732,1,3,0.21440181435349331,0.2164593325952053,45191.93007711274,165589.54214775798,222,8,26.581724581724583,213.7636738471894,773.7829072325139,0.00011011956056670552,0.0008193518969982177,0.002878215577731991,0.0,0.000631322900059221,0.0025222094645166613,0.006051988500126859,0.0
znhoughton/opt-babylm-1.3B-20eps-seed964,random,Number,regular,Sing+Plur,0,2048,36828,199,10,0.49936623037078554,0.0038402943252107045,0.49679347530400375,True,,0.1377237709428696,1,150,0.5246049955688472,0.5129054725516596,15928817.852064084,14434632.718573198,14866,398,37.242262956297076,1050.561111424229,997.6937184526678,,,,,0.07163123827162782,0.0727145777817421,0.07396824757543154,0.0
znhoughton/opt-babylm-1.3B-20eps-seed964,random,Number,zero,Sing+Plur,0,2048,784,3,10,0.9835281681874388,0.01647183181256109,0.0,False,,,1,2,0.3771847834040828,0.45532298711043023,140684.72025404483,232301.482912395,219,6,29.66575342465753,911.7020010575604,1090.617290668521,,,,,,,,
znhoughton/opt-babylm-1.3B-20eps-seed964,random,Tense,regular,Pres+Past,0,2048,11551,81,10,0.497089724929822,0.007765613045289253,0.4951446620248887,True,,0.16546613602771698,1,74,0.3942394714771666,0.375696803293669,3825090.3007023656,5877363.607249126,4735,162,29.056249549082754,773.4340703661684,1285.2314907607972,,,,,0.034879387286042,0.03600539696792518,0.03736257837038953,0.0
znhoughton/opt-babylm-1.3B-20eps-seed964,random,Tense,zero,Pres+Past,0,2048,352,4,10,0.7892471039286343,0.061485243729493794,0.14926765234187186,True,0.00011455340143455914,0.1917004328824252,1,3,0.3185842120357404,0.33337149344761713,133404.94609242206,285338.171276671,222,8,26.581724581724583,666.7924591098689,1333.3559405451915,3.0006724243558704e-05,0.0003943010119017567,0.0011259681834385256,0.835,0.0005458371515675013,0.001379512960630408,0.002836510081771797,0.0
znhoughton/opt-babylm-1.3B-20eps-seed964,random,Number,regular,Sing+Plur,1,2048,36828,199,10,0.5338590980548729,0.010421039524300228,0.45571986242082696,True,,0.27552176239664994,1,111,0.12321292350355209,0.09963597500088098,3762974.7338242326,26777447.70583771,14866,398,37.242262956297076,204.8135667826878,1850.8050667568227,,,,,0.04293929473501086,0.04400711839862836,0.04504613005602071,0.0
znhoughton/opt-babylm-1.3B-20eps-seed964,random,Number,zero,Sing+Plur,1,2048,784,3,10,0.893707993930981,0.10629200606901912,0.0,False,,,1,2,0.08351475265798797,0.08854476266405563,36023.20555746818,395316.2214416329,219,6,29.66575342465753,180.29868762557723,1855.9447016039103,,,,,,,,
znhoughton/opt-babylm-1.3B-20eps-seed964,random,Tense,regular,Pres+Past,1,2048,11551,81,10,0.5274711038167579,0.013392024956118038,0.45913687122712404,True,,0.1813424225379246,1,55,0.11605442275482088,0.0858621543864844,1129417.414496303,8602373.823501883,4735,162,29.056249549082754,176.68805983424946,1881.1226379842299,,,,,0.019371334093567227,0.020472732814583054,0.021513447359749055,0.0
znhoughton/opt-babylm-1.3B-20eps-seed964,random,Tense,zero,Pres+Past,1,2048,352,4,10,0.7727630683472253,0.1438934097779895,0.08334352187478526,True,0.020753489633072626,0.07720653659146287,1,3,0.09006117808739185,0.07081375064233073,40110.54328248816,405259.4167192171,222,8,26.581724581724583,144.32254039211972,1893.7355921458743,5.043441779931709e-05,0.00032985901329228096,0.0014388164018604903,0.0,0.00037827880735804604,0.0013285140567544308,0.0029826932681022078,0.0
znhoughton/opt-babylm-1.3B-20eps-seed964,random,Number,regular,Sing+Plur,2,2048,36828,199,10,0.535825132704507,0.012055946460435448,0.4521189208350576,True,,0.2716800054726125,1,105,0.11126268892491638,0.08730392936228373,3393719.7682161243,27108147.488527194,14866,398,37.242262956297076,179.22514886264895,1873.6623920740387,,,,,0.03748775275792171,0.038538659982426525,0.03976672498862278,0.0
znhoughton/opt-babylm-1.3B-20eps-seed964,random,Number,zero,Sing+Plur,2,2048,784,3,10,0.8760247226860995,0.12397527731390055,0.0,False,,,1,2,0.07579248922651073,0.07753727960159847,32820.41363003599,400209.4810861815,219,6,29.66575342465753,157.93177093337107,1878.9177515783167,,,,,,,,
znhoughton/opt-babylm-1.3B-20eps-seed964,random,Tense,regular,Pres+Past,2,2048,11551,81,10,0.5351667187605464,0.014502678301222772,0.4503306029382307,True,,0.17911394667117989,1,53,0.10654878091285047,0.0759232022894411,1033820.2569108736,8668967.968854629,4735,162,29.056249549082754,155.7516472546295,1895.6851014333322,,,,,0.016586521539880612,0.017641062635385493,0.018645847070801976,0.0
znhoughton/opt-babylm-1.3B-20eps-seed964,random,Tense,zero,Pres+Past,2,2048,352,4,10,0.7673502839407733,0.15793041209515074,0.07471930396407597,False,0.023034475738232904,,1,3,0.08285291722824083,0.062157203222891186,36882.272018753334,408271.2995465195,222,8,26.581724581724583,126.44349622164133,1907.8098109650446,3.618768594816676e-05,0.00036335583399873736,0.0014135708884354236,0.0,,,,
znhoughton/opt-babylm-1.3B-20eps-seed964,random,Number,regular,Sing+Plur,3,2048,36828,199,10,0.5401111854522449,0.012447487835821855,0.44744132671193326,True,,0.2691899581682273,1,101,0.10572107115276172,0.08158470179405397,3223426.6327535403,27266489.87684981,14866,398,37.242262956297076,167.41345305923056,1884.606709762912,,,,,0.03467598817482524,0.03561054507037953,0.036702041750693845,0.0
znhoughton/opt-babylm-1.3B-20eps-seed964,random,Number,zero,Sing+Plur,3,2048,784,3,10,0.8721090620528295,0.12789093794717055,0.0,False,,,1,2,0.07357914764237604,0.07436762305778667,31917.41930170429,401866.0686076102,219,6,29.66575342465753,151.58181348669262,1886.6951577822074,,,,,,,,
znhoughton/opt-babylm-1.3B-20eps-seed964,random,Tense,regular,Pres+Past,3,2048,11551,81,10,0.5394016788524039,0.015383941142906497,0.44521438000468966,True,,0.17449435704301142,1,51,0.10212881959395796,0.07130096304482125,989857.1930272676,8702384.399137659,4735,162,29.056249549082754,146.1024376982077,1902.9924336622914,,,,,0.015072304606957855,0.01603904788195683,0.017141056538135007,0.0
znhoughton/opt-babylm-1.3B-20eps-seed964,random,Tense,zero,Pres+Past,3,2048,352,4,10,0.762426816753699,0.16882475844671105,0.06874842479958994,False,0.02970272636182002,,1,3,0.07873127080925839,0.05719666098477975,35036.18665398033,409973.60797847534,222,8,26.581724581724583,116.22289551737018,1915.7645232639034,3.975542743987998e-05,0.00033514834189316483,0.0012440988185743968,0.0,,,,
znhoughton/opt-babylm-1.3B-20eps-seed964,random,Number,regular,Sing+Plur,4,2048,36828,199,10,0.5412664714247379,0.012463575115925649,0.4462699534593364,True,,0.2708422288409553,1,100,0.1021055863478245,0.07785315063381798,3111840.283205979,27364849.52890126,14866,398,37.242262956297076,159.68373060989197,1891.405137468984,,,,,0.03358561912167665,0.03468164740361608,0.03576916345445004,0.0
znhoughton/opt-babylm-1.3B-20eps-seed964,random,Number,zero,Sing+Plur,4,2048,784,3,10,0.860081249220157,0.13536783973091057,0.004550911048932307,False,,,1,2,0.07099336965577736,0.07065626180745145,30811.597492341436,403195.0941428967,219,6,29.66575342465753,143.91627689569367,1892.9347142859,,,,,,,,
znhoughton/opt-babylm-1.3B-20eps-seed964,random,Tense,regular,Pres+Past,4,2048,11551,81,10,0.5418102813927145,0.01608182895938888,0.4421078896478966,True,,0.1742352411331151,1,51,0.09925905314672763,0.06829959216069863,961455.3829860064,8724868.96230827,4735,162,29.056249549082754,139.86193629575513,1907.9092417030988,,,,,0.014491682940647552,0.015488735303339548,0.016791620286753434,0.0
znhoughton/opt-babylm-1.3B-20eps-seed964,random,Tense,zero,Pres+Past,4,2048,352,4,10,0.7596496691864304,0.17474864070439997,0.06560169010916955,False,0.03039574868325302,,1,3,0.07689561040101998,0.05498485180402479,34229.926563509995,410918.06543495075,222,8,26.581724581724583,111.72381325666129,1920.1778758642558,2.7761486180582725e-05,0.00036034875369291746,0.0013703049026120879,0.0,,,,
znhoughton/opt-babylm-1.3B-20eps-seed964,random,Number,regular,Sing+Plur,5,2048,36828,199,10,0.5425117385248327,0.012790631623439843,0.44469762985172745,True,,0.27222215111721487,1,98,0.09939008147158349,0.07505037268819781,3028033.6604987956,27438121.670750607,14866,398,37.242262956297076,153.87945836704333,1896.4695652993232,,,,,0.03269467720741177,0.033644217352966896,0.03470277244505755,0.0
znhoughton/opt-babylm-1.3B-20eps-seed964,random,Number,zero,Sing+Plur,5,2048,784,3,10,0.850080198137447,0.1413670619029961,0.008552739959556887,False,,,1,2,0.06842466794862007,0.06696046983124467,29614.93363369786,403195.84238549526,219,6,29.66575342465753,135.84851333079354,1892.9382271619495,,,,,,,,
znhoughton/opt-babylm-1.3B-20eps-seed964,random,Tense,regular,Pres+Past,5,2048,11551,81,10,0.5429187977134594,0.01624611622150527,0.4408350860650352,True,,0.17740995811178534,1,50,0.09722454548620849,0.0661716550562284,941176.2251639502,8739262.19146468,4735,162,29.056249549082754,135.41866020367812,1911.0566786496129,,,,,0.014038704960593144,0.015084002563333362,0.01613236384515752,0.0
znhoughton/opt-babylm-1.3B-20eps-seed964,random,Tense,zero,Pres+Past,5,2048,352,4,10,0.7486954984572026,0.17606711635363206,0.07523738518916524,False,0.029003918336448286,,1,3,0.07524495580727086,0.052994625448176874,33485.82589445317,411538.36921866913,222,8,26.581724581724583,107.6157761330508,1923.076491676024,4.8368315282994694e-05,0.0003770716536351099,0.0014607715728862675,0.0,,,,
znhoughton/opt-babylm-1.3B-20eps-seed964,random,Number,regular,Sing+Plur,6,2048,36828,199,10,0.5436513709576902,0.012899692477520453,0.4434489365647894,True,,0.27202701610243085,1,96,0.0972283430097929,0.07281909820660054,2962287.8201997736,27505040.208844293,14866,398,37.242262956297076,149.30852426639004,1901.094844404499,,,,,0.03158183276525047,0.03271333796156495,0.03379794533027723,0.0
znhoughton/opt-babylm-1.3B-20eps-seed964,random,Number,zero,Sing+Plur,6,2048,784,3,10,0.838784923771655,0.1495038821377042,0.011711194090640791,False,,,1,2,0.06611920476584968,0.06363580533557159,28586.00485502226,403754.4166042937,219,6,29.66575342465753,128.8233025793734,1895.560641334712,,,,,,,,
znhoughton/opt-babylm-1.3B-20eps-seed964,random,Tense,regular,Pres+Past,6,2048,11551,81,10,0.5437669555682763,0.016455908350654327,0.4397771360810695,True,,0.18027280034065982,1,49,0.0954543631084123,0.06432009454131783,923849.902775068,8754596.138772612,4735,162,29.056249549082754,131.5995142609392,1914.4098269784852,,,,,0.014000392547952573,0.015098248747508619,0.016170995832385904,0.0
znhoughton/opt-babylm-1.3B-20eps-seed964,random,Tense,zero,Pres+Past,6,2048,352,4,10,0.7502213210095853,0.17616388953964185,0.07361478945077278,False,0.02966831364643308,,1,3,0.07447820370164793,0.05206970785053563,33205.82914937309,412640.43860424036,222,8,26.581724581724583,105.91726361500285,1928.2263486179456,4.8065849202723835e-05,0.0004025517397996792,0.0015601715727710198,0.0,,,,
znhoughton/opt-babylm-1.3B-20eps-seed964,random,Number,regular,Sing+Plur,7,2048,36828,199,10,0.5442851275422543,0.013037526703365939,0.44267734575437967,True,,0.2717075981740918,1,95,0.0956103715478363,0.07114904692200359,2913057.307550041,27554947.99763345,14866,398,37.242262956297076,145.88617964505337,1904.5443736268628,,,,,0.03081736983432815,0.03185075697289211,0.03315724155276073,0.0
znhoughton/opt-babylm-1.3B-20eps-seed964,random,Number,zero,Sing+Plur,7,2048,784,3,10,0.8298517352877401,0.15618828883264524,0.013959975879614712,False,,,1,2,0.06518700839716664,0.06228945203547956,28163.743305345146,403881.59821042366,219,6,29.66575342465753,125.95638039269043,1896.1577380771064,,,,,,,,
znhoughton/opt-babylm-1.3B-20eps-seed964,random,Tense,regular,Pres+Past,7,2048,11551,81,10,0.5456550723419018,0.016754406461734875,0.4375905211963634,True,,0.17931997760013602,1,49,0.09414576357376304,0.06295128444582977,911209.934938967,8767504.224355472,4735,162,29.056249549082754,128.8003990384365,1917.232500405745,,,,,0.013667905239834835,0.014624040529639594,0.015768566184677126,0.0
znhoughton/opt-babylm-1.3B-20eps-seed964,random,Tense,zero,Pres+Past,7,2048,352,4,10,0.7493002705453248,0.17897364842756136,0.0717260810271138,False,0.032908077330520535,,1,3,0.07300486622937838,0.050291684946721,32530.970014219012,413069.0522090668,222,8,26.581724581724583,102.2150465188598,1930.2292159302187,3.630761792132013e-05,0.0003638434600303744,0.001396293423770621,0.0,,,,
znhoughton/opt-babylm-1.3B-20eps-seed964,random,Number,regular,Sing+Plur,8,2048,36828,199,10,0.5445652695519273,0.013248611452332375,0.44218611899574034,True,,0.2721739421622502,1,94,0.09431221481655656,0.06980908300870604,2873211.7687319717,27591683.7309714,14866,398,37.242262956297076,143.12303662587055,1907.0834760140585,,,,,0.030171833296851504,0.03127451515748214,0.032259546474533045,0.0
znhoughton/opt-babylm-1.3B-20eps-seed964,random,Number,zero,Sing+Plur,8,2048,784,3,10,0.8209552026473826,0.1586792007153326,0.020365596637284766,False,,,1,2,0.06471586856389643,0.06160854380882147,27942.409817508098,403828.1966438655,219,6,29.66575342465753,124.47264979743983,1895.907026497021,,,,,,,,
znhoughton/opt-babylm-1.3B-20eps-seed964,random,Tense,regular,Pres+Past,8,2048,11551,81,10,0.5473751894686678,0.01714154295434199,0.43548326757699013,True,,0.17677070529975225,1,48,0.09322839934941035,0.06199168454060224,901956.1802692056,8772737.223923733,4735,162,29.056249549082754,126.78289632274786,1918.3768256994824,,,,,0.013093295382712188,0.01414479788774536,0.015151467348371795,0.0
znhoughton/opt-babylm-1.3B-20eps-seed964,random,Tense,zero,Pres+Past,8,2048,352,4,10,0.7428912423271589,0.1820575946258633,0.07505116304697781,False,0.036088963953981465,,1,3,0.07200163492232707,0.049080409188326145,32036.62253029549,412906.36473458423,222,8,26.581724581724583,99.58689321474404,1929.4689940868423,2.9436016484089844e-05,0.00036191235301458446,0.001438394507543653,0.0,,,,
znhoughton/opt-babylm-1.3B-20eps-seed964,random,Number,regular,Sing+Plur,9,2048,36828,199,10,0.5447827074773328,0.013413653320945,0.4418036392017223,True,,0.2726554835624859,1,94,0.09311721086631862,0.06857557686327458,2836441.8607860003,27624542.03678871,14866,398,37.242262956297076,140.57511096044462,1909.3545781579146,,,,,0.02968423192574687,0.030718532268795107,0.031680514384221384,0.0
znhoughton/opt-babylm-1.3B-20eps-seed964,random,Number,zero,Sing+Plur,9,2048,784,3,10,0.8193564788945485,0.16359129159048094,0.01705222951497049,False,,,1,2,0.06399181975006862,0.06056153282698832,27625.27829539454,404074.87343165354,219,6,29.66575342465753,122.29558014803222,1897.0651334819415,,,,,,,,
znhoughton/opt-babylm-1.3B-20eps-seed964,random,Tense,regular,Pres+Past,9,2048,11551,81,10,0.5485446776498744,0.017193222762954395,0.4342620995871713,True,,0.17901270606570238,1,48,0.09238439731240332,0.061108805199190055,893418.3058372199,8777243.96861669,4735,162,29.056249549082754,124.92388876171415,1919.3623373314433,,,,,0.013129076826374167,0.014149055058386189,0.015012070884518402,0.0
znhoughton/opt-babylm-1.3B-20eps-seed964,random,Tense,zero,Pres+Past,9,2048,352,4,10,0.740767899885711,0.18280047091592647,0.0764316291983626,False,0.03249585363681768,,1,3,0.07096107235897224,0.047823566633395355,31537.31464667418,412893.8868314505,222,8,26.581724581724583,96.90567554271159,1929.4106861282735,2.7161313772407247e-05,0.0003579887667978793,0.0013469920770719714,0.0,,,,
znhoughton/opt-babylm-1.3B-20eps-seed964,random,Number,regular,Sing+Plur,10,2048,36828,199,10,0.5454314734840313,0.013441613525622603,0.44112691299034607,True,,0.2736222592222511,1,93,0.0921407275532087,0.06756761980142933,2806935.729245291,27656636.718935825,14866,398,37.242262956297076,138.51989021500546,1911.5729001199768,,,,,0.029226224227982895,0.030286170098447515,0.031260038806634916,0.0
znhoughton/opt-babylm-1.3B-20eps-seed964,random,Number,zero,Sing+Plur,10,2048,784,3,10,0.8116855834173339,0.16870778847685583,0.01960662810581018,False,,,1,2,0.06236979585292952,0.058213408576532004,26910.799656674102,404560.86525194364,219,6,29.66575342465753,117.40180996783951,1899.3467852203928,,,,,,,,
znhoughton/opt-babylm-1.3B-20eps-seed964,random,Tense,regular,Pres+Past,10,2048,11551,81,10,0.5478511255520829,0.017244711373559714,0.4349041630743572,True,,0.17723265144801975,1,48,0.0915311124277745,0.06021619667210107,885094.3348847985,8784779.781232933,4735,162,29.056249549082754,123.08780955985726,1921.0102298781833,,,,,0.01278982138797549,0.013718087603671818,0.014818535245514918,0.0
znhoughton/opt-babylm-1.3B-20eps-seed964,random,Tense,zero,Pres+Past,10,2048,352,4,10,0.7421125899419493,0.1861900032963605,0.07169740676169033,False,0.032914557904662106,,1,3,0.06997253384037147,0.04662909507896168,31090.132111222334,413228.95146160264,222,8,26.581724581724583,94.44349737515714,1930.9764086990779,3.237515984389016e-05,0.00036849690889187675,0.0014911432964744057,0.0,,,,
znhoughton/opt-babylm-1.3B-20eps-seed964,random,Number,regular,Sing+Plur,11,2048,36828,199,10,0.5461148789613839,0.01353758611303794,0.4403475349255781,True,,0.27214883413454083,1,92,0.09131758188280689,0.06671793424139721,2782030.485058767,27683411.41230889,14866,398,37.242262956297076,136.78572526028884,1913.4235148126133,,,,,0.028249093336111183,0.029348413722526872,0.030354947538801268,0.0
znhoughton/opt-babylm-1.3B-20eps-seed964,random,Number,zero,Sing+Plur,11,2048,784,3,10,0.8027853526886903,0.173712209139417,0.023502438171892612,False,,,1,2,0.06207823274949229,0.057790945893485234,26781.09652262129,404627.7135621072,219,6,29.66575342465753,116.51680063514233,1899.6606270521463,,,,,,,,
znhoughton/opt-babylm-1.3B-20eps-seed964,random,Tense,regular,Pres+Past,11,2048,11551,81,10,0.5487356623467271,0.017588310235638446,0.43367602741763434,True,,0.17959678429423176,1,47,0.09087884753896516,0.059533859440856214,878704.7362753402,8790264.006958198,4735,162,29.056249549082754,121.68066959339971,1922.2094920092277,,,,,0.012787493699268862,0.013726737171841506,0.014794312416552227,0.0
znhoughton/opt-babylm-1.3B-20eps-seed964,random,Tense,zero,Pres+Past,11,2048,352,4,10,0.743675077040996,0.18920296823729035,0.06712195472171356,False,0.034032171033114886,,1,3,0.06906516586780609,0.04553230352377179,30663.021634227247,413309.29420611524,222,8,26.581724581724583,92.1339701800838,1931.3518420846506,3.2154457943933795e-05,0.00037787896238577286,0.0015671232028130599,0.0,,,,
znhoughton/opt-babylm-1.3B-20eps-seed964,random,Number,regular,Sing+Plur,12,2048,36828,199,10,0.5473859777010917,0.013826289897517186,0.43878773240139113,True,,0.2727150198255992,1,91,0.09051834075531355,0.06589291653350852,2757734.299037301,27708293.64652486,14866,398,37.242262956297076,135.09626636021616,1915.1433264117268,,,,,0.027700340943332926,0.028750386412567053,0.029912289666293147,0.0
znhoughton/opt-babylm-1.3B-20eps-seed964,random,Number,zero,Sing+Plur,12,2048,784,3,10,0.7977811851251954,0.17532832793200043,0.026890486942804253,False,,,1,2,0.06132893413511021,0.05670471027674582,26481.680744500132,405315.8242661019,219,6,29.66575342465753,114.38930630165291,1902.8911937375674,,,,,,,,
znhoughton/opt-babylm-1.3B-20eps-seed964,random,Tense,regular,Pres+Past,12,2048,11551,81,10,0.5497589281601838,0.017782563419700016,0.4324585084201162,True,,0.18058931640872566,1,47,0.09019535785414419,0.05881884599486996,871927.8381294871,8795175.423875308,4735,162,29.056249549082754,120.19504983863789,1923.283495271224,,,,,0.012672947176173916,0.013703019948574447,0.014872012356860429,0.0
znhoughton/opt-babylm-1.3B-20eps-seed964,random,Tense,zero,Pres+Past,12,2048,352,4,10,0.7420246472137304,0.18924895928441365,0.06872639350185578,False,0.034454199471789564,,1,3,0.06950460375015252,0.04606352698980787,30871.98641118964,413299.83452551905,222,8,26.581724581724583,93.25866451726452,1931.3076379697152,2.7529071119040592e-05,0.0003652944526018528,0.0017082232159018594,0.0,,,,
znhoughton/opt-babylm-1.3B-20eps-seed964,random,Number,regular,Sing+Plur,13,2048,36828,199,10,0.5474934637752106,0.013962257784201262,0.4385442784405881,True,,0.2737960055277675,1,91,0.08993972814338701,0.0652956383385249,2739691.0632273722,27721720.37065646,14866,398,37.242262956297076,133.85098795720475,1916.071355450405,,,,,0.027670119005566086,0.02876460658228682,0.029803860312444592,0.0
znhoughton/opt-babylm-1.3B-20eps-seed964,random,Number,zero,Sing+Plur,13,2048,784,3,10,0.8007260714342694,0.17613458941198584,0.023139339153744814,False,,,1,2,0.06121161356224225,0.0565345646026429,26444.91401822337,405579.5414608533,219,6,29.66575342465753,114.09969780838748,1904.129302633114,,,,,,,,
znhoughton/opt-babylm-1.3B-20eps-seed964,random,Tense,regular,Pres+Past,13,2048,11551,81,10,0.548922152412739,0.01769915301706192,0.4333786945701992,True,,0.1827600815816801,1,47,0.08981217414135909,0.05841798387727858,868194.5747726224,8798585.937701501,4735,162,29.056249549082754,119.37134529778952,1924.029288804177,,,,,0.01258077496762744,0.013663101104980698,0.014905891256063453,0.0
znhoughton/opt-babylm-1.3B-20eps-seed964,random,Tense,zero,Pres+Past,13,2048,352,4,10,0.7476941322196056,0.18932620371260328,0.06297966406779107,False,0.035329734068764246,,1,3,0.06869025928190596,0.04507901899886825,30525.04846265065,413861.80903013225,222,8,26.581724581724583,91.2953376833142,1933.9336870566929,2.0935906014469237e-05,0.0003477834400373822,0.0015550392085176591,0.0,,,,
znhoughton/opt-babylm-1.3B-20eps-seed964,random,Number,regular,Sing+Plur,14,2048,36828,199,10,0.5484888947531443,0.014024202818819397,0.4374869024280363,True,,0.2713886347147054,1,91,0.08928272015922376,0.0646174311521996,2719318.434467079,27738069.396207653,14866,398,37.242262956297076,132.44273684941047,1917.2013682753422,,,,,0.027264337724907096,0.028268198784505462,0.029387360458729295,0.0
znhoughton/opt-babylm-1.3B-20eps-seed964,random,Number,zero,Sing+Plur,14,2048,784,3,10,0.7990726420783808,0.17695283558648592,0.02397452233513334,False,,,1,2,0.06142877731548324,0.056849494294878566,26504.309641012245,404959.7500275136,219,6,29.66575342465753,114.59821686778713,1901.219483697247,,,,,,,,
znhoughton/opt-babylm-1.3B-20eps-seed964,random,Tense,regular,Pres+Past,14,2048,11551,81,10,0.5491048774483546,0.018086335892892855,0.43280878665875244,True,,0.18254964671093799,1,47,0.08929449370587787,0.05787641391631753,862892.4723800318,8800553.016456772,4735,162,29.056249549082754,118.22314261751782,1924.459439417619,,,,,0.012640923608610811,0.013687532883584397,0.014851754060879177,0.0
znhoughton/opt-babylm-1.3B-20eps-seed964,random,Tense,zero,Pres+Past,14,2048,352,4,10,0.7476104013414138,0.19591047122568261,0.056479127432903495,False,0.03593245841438005,,1,3,0.06822556751926018,0.04451708801531683,30303.671132167034,413865.1681173161,222,8,26.581724581724583,90.10500748114713,1933.9493837257762,1.8513010264457745e-05,0.0003805462188896641,0.0016702493398763722,0.0,,,,
znhoughton/opt-babylm-1.3B-20eps-seed964,random,Number,regular,Sing+Plur,15,2048,36828,199,10,0.5486631036525806,0.0140581461758803,0.4372787501715391,True,,0.2729014729203028,1,90,0.08863250609361584,0.06394623223371664,2699409.760571551,27756795.073807925,14866,398,37.242262956297076,131.06145463149494,1918.495650664081,,,,,0.027281721235667564,0.02824977800075365,0.029349387456538298,0.0
znhoughton/opt-babylm-1.3B-20eps-seed964,random,Number,zero,Sing+Plur,15,2048,784,3,10,0.7986734197325814,0.1768149084262865,0.02451167184113197,False,,,1,2,0.06148612323036836,0.056932646253347166,26568.16313778022,405531.9879522148,219,6,29.66575342465753,114.93814203949864,1903.906046724013,,,,,,,,
znhoughton/opt-babylm-1.3B-20eps-seed964,random,Tense,regular,Pres+Past,15,2048,11551,81,10,0.5496529978616296,0.018150323156067738,0.43219667898230274,True,,0.1835706884245008,1,47,0.08866118219905042,0.057213867394578406,856312.5862305413,8801945.571302945,4735,162,29.056249549082754,116.80611958786618,1924.7639561126055,,,,,0.012580341595038616,0.013651182840480777,0.014848863651793769,0.0
znhoughton/opt-babylm-1.3B-20eps-seed964,random,Tense,zero,Pres+Past,15,2048,352,4,10,0.7401436602748747,0.1972329654158686,0.0626233743092566,False,0.03552339048212555,,1,3,0.0679722124635192,0.04421067472046712,30155.186599779845,413484.7289902002,222,8,26.581724581724583,89.3738915196859,1932.1716307953282,2.3975989020672668e-05,0.0003386634171217474,0.0015198776008772679,0.0,,,,
znhoughton/opt-babylm-1.3B-20eps-seed964,random,Number,regular,Sing+Plur,16,2048,36828,199,10,0.5481720048342973,0.014163620153856214,0.4376643750118466,True,,0.27310059782066193,1,90,0.08817424948532727,0.06347318305394244,2685645.0068898206,27772737.37306713,14866,398,37.242262956297076,130.1008839924654,1919.5975513593537,,,,,0.02687963763475673,0.02783121869692128,0.02894888249595732,0.0
znhoughton/opt-babylm-1.3B-20eps-seed964,random,Number,zero,Sing+Plur,16,2048,784,3,10,0.7953917298608041,0.18074535249745335,0.023862917641742455,False,,,1,2,0.06054565061663256,0.05556838602817101,26138.24691170119,405573.1418584895,219,6,29.66575342465753,112.03322825525076,1904.0992575515938,,,,,,,,
znhoughton/opt-babylm-1.3B-20eps-seed964,random,Tense,regular,Pres+Past,16,2048,11551,81,10,0.5511705769953974,0.018289005268015673,0.430540417736587,True,,0.18399528396854486,1,47,0.08844069033309183,0.05698319471554725,854080.1849121241,8803015.227792418,4735,162,29.056249549082754,116.32086241019827,1924.997863064163,,,,,0.012629065268727264,0.013656188048468257,0.01489051839663502,0.0
znhoughton/opt-babylm-1.3B-20eps-seed964,random,Tense,zero,Pres+Past,16,2048,352,4,10,0.7383269054335988,0.20197621403494084,0.05969688053146027,False,0.03518843869429583,,1,3,0.06781401544082966,0.044019332530160805,30107.83856198116,413868.79910300724,222,8,26.581724581724583,89.05191370644049,1933.966350948632,2.446593294599138e-05,0.00037700188238243987,0.001592276364578701,0.0,,,,
znhoughton/opt-babylm-1.3B-20eps-seed964,random,Number,regular,Sing+Plur,17,2048,36828,199,10,0.5488068288834741,0.014287549730213745,0.43690562138631217,True,,0.2750950389407972,1,89,0.08770007675330062,0.06298370144550824,2671140.731474468,27786537.64648589,14866,398,37.242262956297076,129.0942709716197,1920.5513993976977,,,,,0.02688126350824392,0.027804849019602968,0.028903598987296948,0.0
znhoughton/opt-babylm-1.3B-20eps-seed964,random,Number,zero,Sing+Plur,17,2048,784,3,10,0.7975667134286107,0.17992024651122235,0.02251304006016701,False,,,1,2,0.06030491248397032,0.05521897376335032,26036.948044994337,405718.06116615795,219,6,29.66575342465753,111.32735891904717,1904.7796298880655,,,,,,,,
znhoughton/opt-babylm-1.3B-20eps-seed964,random,Tense,regular,Pres+Past,17,2048,11551,81,10,0.5503739011695035,0.018472661146498467,0.4311534376839979,True,,0.18478790080754787,1,47,0.08796132253023409,0.0564816886293262,849474.7965101025,8807892.46531251,4735,162,29.056249549082754,115.29969049518596,1926.0643921523094,,,,,0.012662291812546222,0.013660803227792817,0.014867746203410187,0.0
znhoughton/opt-babylm-1.3B-20eps-seed964,random,Tense,zero,Pres+Past,17,2048,352,4,10,0.7374865061651187,0.19944825660013799,0.06306523723474354,False,0.033977655807181095,,1,3,0.06763604464455181,0.043804059668677224,30026.3761571644,413914.0747512562,222,8,26.581724581724583,88.60615425935394,1934.1779193983934,2.734070962620965e-05,0.000374811444206017,0.0016606125713901606,0.0,,,,
znhoughton/opt-babylm-1.3B-20eps-seed964,random,Number,regular,Sing+Plur,18,2048,36828,199,10,0.5480094307872363,0.014596073602453814,0.4373944956103098,True,,0.27599039760093613,1,89,0.08728637437774417,0.06255664040321329,2657929.6836767984,27792752.941474184,14866,398,37.242262956297076,128.18920278028259,1920.9809884900596,,,,,0.026947206813560776,0.027814787880450956,0.028823818073223085,0.0
znhoughton/opt-babylm-1.3B-20eps-seed964,random,Number,zero,Sing+Plur,18,2048,784,3,10,0.7935138583251603,0.18674864836786717,0.019737493306972557,False,,,1,2,0.059980247672362215,0.05474762275288246,25884.69082436156,405668.89271125203,219,6,29.66575342465753,110.30865543703896,1904.5487920716057,,,,,,,,
znhoughton/opt-babylm-1.3B-20eps-seed964,random,Tense,regular,Pres+Past,18,2048,11551,81,10,0.5508008878667714,0.01843735886938069,0.43076175326384797,True,,0.18496655312458074,1,47,0.08751319992737489,0.056012865337244526,844994.6181993469,8810630.120703902,4735,162,29.056249549082754,114.32138630085153,1926.6630484810632,,,,,0.012593825040303382,0.013637954926321047,0.014878328728428872,0.0
znhoughton/opt-babylm-1.3B-20eps-seed964,random,Tense,zero,Pres+Past,18,2048,352,4,10,0.7374676439095604,0.19953605906175617,0.06299629702868358,False,0.03357899603161493,,1,3,0.06752726379597025,0.0436724714655878,29984.41830724631,414049.8372171965,222,8,26.581724581724583,88.35679562252818,1934.8123234448433,4.0905173677728614e-05,0.0003924307354367671,0.001640077512398192,0.0,,,,
znhoughton/opt-babylm-1.3B-20eps-seed964,random,Number,regular,Sing+Plur,19,2048,36828,199,10,0.5474689965539273,0.014802381634364948,0.43772862181170774,True,,0.27498929252556986,1,88,0.08681267461412243,0.06206764221952058,2643331.9414220233,27805354.879615214,14866,398,37.242262956297076,127.17849209643843,1921.852009926404,,,,,0.02647240701886152,0.02729466837118474,0.028443994692025312,0.0
znhoughton/opt-babylm-1.3B-20eps-seed964,random,Number,zero,Sing+Plur,19,2048,784,3,10,0.7910068294229426,0.193493067449448,0.015500103127609379,False,,,1,2,0.05880220577800051,0.05303611738611226,25367.177758415466,406031.22682160477,219,6,29.66575342465753,106.76235372027847,1906.2498911812431,,,,,,,,
znhoughton/opt-babylm-1.3B-20eps-seed964,random,Tense,regular,Pres+Past,19,2048,11551,81,10,0.5505342312561745,0.018681146058263518,0.4307846226855621,True,,0.18656432351281999,1,46,0.08717938130089131,0.05566362282991817,841807.6733454199,8814233.248073844,4735,162,29.056249549082754,113.61301539544857,1927.4509617480526,,,,,0.012723427292251184,0.013652971904217139,0.014868101807224485,0.0
znhoughton/opt-babylm-1.3B-20eps-seed964,random,Tense,zero,Pres+Past,19,2048,352,4,10,0.7302048237697596,0.204087592738438,0.0657075834918026,False,0.03297285333135399,,1,3,0.06712071709881734,0.04318063804312182,29800.685398250153,414185.7123390773,222,8,26.581724581724583,87.34548091939628,1935.447253920922,2.652012305210926e-05,0.00038339274451760374,0.0014757186073223552,0.0,,,,
znhoughton/opt-babylm-1.3B-20eps-seed964,random,Number,regular,Sing+Plur,20,2048,36828,199,10,0.547142028631109,0.014952607410090586,0.43790536395880036,True,,0.27649300472193894,1,88,0.08637856189601781,0.06161950731305276,2629670.6577352886,27813886.169488534,14866,398,37.242262956297076,126.23867380147165,1922.441676077449,,,,,0.026446249711006998,0.02729334997226162,0.028339001375311423,0.0
znhoughton/opt-babylm-1.3B-20eps-seed964,random,Number,zero,Sing+Plur,20,2048,784,3,10,0.7878934324924347,0.19811445567834662,0.013992111829218664,False,,,1,2,0.05833161463727698,0.05235189136240935,25150.602245206253,406015.282697291,219,6,29.66575342465753,105.30477241502247,1906.1750361375164,,,,,,,,
znhoughton/opt-babylm-1.3B-20eps-seed964,random,Tense,regular,Pres+Past,20,2048,11551,81,10,0.551504012323002,0.018853614193127585,0.4296423734838706,True,,0.18703901251088378,1,46,0.08691510605531258,0.05538713486607349,839282.6798197834,8817067.26797486,4735,162,29.056249549082754,113.05193409022878,1928.0706905696172,,,,,0.012682134675467778,0.013674769045669301,0.014816746432832564,0.0
znhoughton/opt-babylm-1.3B-20eps-seed964,random,Tense,zero,Pres+Past,20,2048,352,4,10,0.7274989133985837,0.20518698246939743,0.06731410413201891,False,0.032311699341905746,,1,3,0.06662633216527726,0.042582435632022714,29566.58110439286,414200.62239479163,222,8,26.581724581724583,86.0847220997211,1935.5169270784656,3.492772632295747e-05,0.0003883495733373302,0.00148448235191381,0.0,,,,
znhoughton/opt-babylm-1.3B-20eps-seed964,random,Number,regular,Sing+Plur,21,2048,36828,199,10,0.5476172375473168,0.015129251766858335,0.4372535106858248,True,,0.27558084969903784,1,87,0.08603880203598124,0.06126877143244656,2618949.87375243,27820221.892693028,14866,398,37.242262956297076,125.50181185116361,1922.8795889337177,,,,,0.025900843712626197,0.026900621344296882,0.02809053527561185,0.0
znhoughton/opt-babylm-1.3B-20eps-seed964,random,Number,zero,Sing+Plur,21,2048,784,3,10,0.7818188113839623,0.1989980994795301,0.019183089136507722,False,,,1,2,0.057563326439598404,0.05123416795376645,24831.035247397456,406537.9766434083,219,6,29.66575342465753,103.06760146574396,1908.6289983258605,,,,,,,,
znhoughton/opt-babylm-1.3B-20eps-seed964,random,Tense,regular,Pres+Past,21,2048,11551,81,10,0.5516723968494216,0.019121985493703603,0.4292056176568748,True,,0.1854666099092615,1,46,0.08663075122406887,0.05508963737717103,836472.6956323656,8819136.701876426,4735,162,29.056249549082754,112.43568624957967,1928.523223677329,,,,,0.012223919998819317,0.013144062726871988,0.014222713538268787,0.0
znhoughton/opt-babylm-1.3B-20eps-seed964,random,Tense,zero,Pres+Past,21,2048,352,4,10,0.7306656656116557,0.20599876243591336,0.06333557195243096,False,0.03135733296323404,,1,3,0.06628150547972866,0.04216513025990564,29406.051937701464,414247.90137654427,222,8,26.581724581724583,85.21368501373898,1935.7378568997397,4.427545018378296e-05,0.0003899592687678634,0.0015790155091015977,0.0,,,,
znhoughton/opt-babylm-1.3B-20eps-seed964,random,Number,regular,Sing+Plur,22,2048,36828,199,10,0.5485566555335505,0.015230535513706239,0.43621280895274334,True,,0.27720649511365714,1,87,0.0857532986299646,0.060974043751252066,2609821.052359206,27824239.141883418,14866,398,37.242262956297076,124.87692563525833,1923.1572533787266,,,,,0.02577154625082071,0.026857271639032385,0.028086598862389532,0.0
znhoughton/opt-babylm-1.3B-20eps-seed964,random,Number,zero,Sing+Plur,22,2048,784,3,10,0.7788129230188293,0.19977699624648898,0.02141008073468161,False,,,1,2,0.05729483770250975,0.05084337282111104,24721.000573620644,406748.9461950349,219,6,29.66575342465753,102.29238427153724,1909.619465704389,,,,,,,,
znhoughton/opt-babylm-1.3B-20eps-seed964,random,Tense,regular,Pres+Past,22,2048,11551,81,10,0.5515536018871765,0.018973392744206743,0.4294730053686167,True,,0.18718887543353277,1,46,0.08653524174576367,0.054989713055958546,835480.8719429953,8819323.980831293,4735,162,29.056249549082754,112.22226060531709,1928.564176871046,,,,,0.012254782313333922,0.01313668681014307,0.014269155947380624,0.0
znhoughton/opt-babylm-1.3B-20eps-seed964,random,Tense,zero,Pres+Past,22,2048,352,4,10,0.7376693291992615,0.2037639397353994,0.05856673106533887,False,0.03164481238603838,,1,3,0.06641013090798371,0.04232079778514213,29476.54347644871,414379.58319330146,222,8,26.581724581724583,85.56937616536622,1936.3531924920628,2.760332063272501e-05,0.0003929055246179692,0.0016194017488036685,0.0,,,,
znhoughton/opt-babylm-1.3B-20eps-seed964,random,Number,regular,Sing+Plur,23,2048,36828,199,10,0.5487443890285153,0.015129606788428606,0.43612600418305614,True,,0.27570478557691896,1,87,0.08542029580776771,0.06063028082529398,2600112.7789006573,27838938.670324314,14866,398,37.242262956297076,124.19302272255594,1924.1732561739227,,,,,0.02537040364518338,0.02638213220287388,0.027440509724848135,0.0
znhoughton/opt-babylm-1.3B-20eps-seed964,random,Number,zero,Sing+Plur,23,2048,784,3,10,0.7817000751464454,0.20198033084957054,0.01631959400398399,False,,,1,2,0.056895159850181114,0.05026144329334447,24527.973224986472,406580.28430649126,219,6,29.66575342465753,101.01772829590011,1908.8276258520716,,,,,,,,
znhoughton/opt-babylm-1.3B-20eps-seed964,random,Tense,regular,Pres+Past,23,2048,11551,81,10,0.5519937728639835,0.019052939913347017,0.4289532872226695,True,,0.18848841441703007,1,46,0.08623308081435198,0.054673583441896136,832558.670639704,8822189.40025537,4735,162,29.056249549082754,111.57603426666954,1929.190771977995,,,,,0.012168824459678143,0.013116184450735976,0.014206347945718813,0.0
znhoughton/opt-babylm-1.3B-20eps-seed964,random,Tense,zero,Pres+Past,23,2048,352,4,10,0.7377898331429447,0.2066770047426613,0.05553316211439407,False,0.03336750313640683,,1,3,0.06611253385679566,0.041960622472390526,29353.378708935517,414637.7527233731,222,8,26.581724581724583,84.86207192695888,1937.559592165295,3.2349986016411496e-05,0.0003875904685065518,0.00161810346100794,0.0,,,,
znhoughton/opt-babylm-1.3B-20eps-seed964,random,Number,regular,Sing+Plur,24,2048,36828,199,10,0.5500252776048328,0.015439021760546017,0.43453570063462116,True,,0.2741969318431052,1,86,0.08484148155283162,0.06003276070041113,2579363.1689982214,27822783.537881553,14866,398,37.242262956297076,122.81959896861451,1923.0566448632535,,,,,0.024864787572370105,0.025871252211730228,0.026895524129371313,0.0
znhoughton/opt-babylm-1.3B-20eps-seed964,random,Number,zero,Sing+Plur,24,2048,784,3,10,0.7825020283558326,0.20684777209907868,0.01065019954508865,False,,,1,2,0.056573739773639706,0.04979329715921117,24251.322230278005,404416.15365714434,219,6,29.66575342465753,99.49509846396106,1898.6673880617104,,,,,,,,
znhoughton/opt-babylm-1.3B-20eps-seed964,random,Tense,regular,Pres+Past,24,2048,11551,81,10,0.553579664089728,0.019330819267432377,0.42708951664283956,True,,0.18646999848637644,1,45,0.0859212803417659,0.05434736617972489,829759.0187436917,8827441.333057282,4735,162,29.056249549082754,110.9380438854492,1930.3392374933921,,,,,0.01169739133763837,0.012652932683991019,0.013514457590004931,0.0
znhoughton/opt-babylm-1.3B-20eps-seed964,random,Tense,zero,Pres+Past,24,2048,352,4,10,0.7394000443934663,0.20667462535499773,0.05392533025153607,False,0.03321826866611594,,1,3,0.06569045373376549,0.04144971717408932,29127.322024831603,414275.3395381513,222,8,26.581724581724583,83.71089408055336,1935.8660726081835,4.096776164356453e-05,0.00038702547792436365,0.0016461961168163757,0.0,,,,
znhoughton/opt-babylm-1.3B-20eps-seed964,pretrained_noposemb,Number,regular,Sing+Plur,0,2048,36786,200,10,0.5790287269651857,0.021671589916314127,0.39929968311850006,True,0.0033203566865511584,0.17399806049867725,1,112,0.9949148886905729,0.9948026527355356,28797252.8482767,147185.69176498428,14888,400,37.11117227512629,1944.5197353471178,10.15914493132139,0.0003711863674715548,0.00048337013025420304,0.0006150609080849676,0.0,0.058954766541151796,0.060005823341761105,0.061313519587356674,0.0
znhoughton/opt-babylm-1.3B-20eps-seed964,pretrained_noposemb,Number,zero,Sing+Plur,0,2048,784,3,10,1.0,1.2450360731496642e-31,6.763813319901293e-32,False,,,0,0,1.0,1.0,258672.31568275543,0.0,219,6,29.66575342465753,1743.911991581192,0.0,,,,,,,,
znhoughton/opt-babylm-1.3B-20eps-seed964,pretrained_noposemb,Tense,regular,Pres+Past,0,2048,11558,81,10,0.5729356960865996,0.03786463416942756,0.3891996697439729,True,0.0021571277490696106,0.11590776136332503,1,69,0.7415188924213802,0.734750514641952,6447205.517595016,2247388.21897466,4739,162,29.080708643357156,1360.1366289841815,491.017745023959,0.00033365819251877287,0.000466938301767384,0.0006500643536547655,0.0,0.030081069954902555,0.03121664327232459,0.032357087544593106,0.0
znhoughton/opt-babylm-1.3B-20eps-seed964,pretrained_noposemb,Tense,zero,Pres+Past,0,2048,352,4,10,0.8363511689419051,0.06387537030271151,0.09977346075538339,True,0.002121258266463963,0.1937269787481535,1,3,0.7132699883909182,0.7384493107131997,244748.4625610882,98387.3296979157,222,8,26.581724581724583,1298.046411435048,459.75387709306403,3.935009155456894e-05,0.0003779987733466306,0.0013573110922322081,0.0,0.00039992339923436323,0.0013046684775108153,0.0030798018362362535,0.0
znhoughton/opt-babylm-1.3B-20eps-seed964,pretrained_noposemb,Number,regular,Sing+Plur,1,2048,36786,200,10,0.7034455729648305,0.06053559869181259,0.2360188283433569,True,0.007595080020623079,0.6150489453107829,1,36,0.7151494654428897,0.7084139474547189,21319225.98007003,8491641.552169684,14888,400,37.11117227512629,1423.9789612562995,586.1155129879683,0.0002882072639915554,0.0004704489814274615,0.0007563822731165589,0.0,0.01628951187582167,0.017592325105843583,0.018952722985803073,0.0
znhoughton/opt-babylm-1.3B-20eps-seed964,pretrained_noposemb,Number,zero,Sing+Plur,1,2048,784,3,10,0.9906765055592411,0.007912889489869204,0.0014106049508896092,False,,,1,2,0.5191065825115065,0.6026067349389929,179902.09566297173,166658.90302939992,219,6,29.66575342465753,1186.4853881944987,782.4361644572766,,,,,,,,
znhoughton/opt-babylm-1.3B-20eps-seed964,pretrained_noposemb,Tense,regular,Pres+Past,1,2048,11558,81,10,0.8044191926316084,0.04611468554779088,0.14946612182060082,True,0.011868823939053228,0.4085293367237994,1,33,0.6205673896377899,0.6100529172200578,6428855.861869112,3930785.9259816464,4739,162,29.080708643357156,1343.570044548668,858.8127432776156,0.0002918290228271499,0.0004735398199054194,0.0008240777434024894,0.0,0.01098021921102175,0.012212583281181586,0.013207841199047951,0.0
znhoughton/opt-babylm-1.3B-20eps-seed964,pretrained_noposemb,Tense,zero,Pres+Past,1,2048,352,4,10,0.9486174093336667,0.03483958259483199,0.016543008071501365,False,0.0014183712974272923,,1,3,0.5458886864355913,0.5735443078692379,203938.01394569624,169650.99607266515,222,8,26.581724581724583,1066.192685926649,792.7616638909586,3.361477226366939e-05,0.0004057408273763036,0.0015987890038047512,0.04,,,,
znhoughton/opt-babylm-1.3B-20eps-seed964,pretrained_noposemb,Number,regular,Sing+Plur,2,2048,36786,200,10,0.7032119009706612,0.06278106070527839,0.2340070383240603,True,0.007360295638316307,0.6003501226326831,1,36,0.7061464047812903,0.6991830911987693,21132860.794715695,8794163.759436108,14888,400,37.11117227512629,1410.8303185063116,606.9963942183952,0.0002724933822404656,0.00047655939844776815,0.0007511064687120356,0.0,0.0163314177574263,0.01760817606540495,0.018827041815675988,0.0
znhoughton/opt-babylm-1.3B-20eps-seed964,pretrained_noposemb,Number,zero,Sing+Plur,2,2048,784,3,10,0.9893046433267393,0.008518965689641165,0.0021763909836195754,False,,,1,2,0.5072885754613325,0.5909644409066392,180472.1699718906,175286.22613976573,219,6,29.66575342465753,1188.9633632643906,822.9400288251912,,,,,,,,
znhoughton/opt-babylm-1.3B-20eps-seed964,pretrained_noposemb,Tense,regular,Pres+Past,2,2048,11558,81,10,0.8076255307771747,0.04612899650013007,0.14624547272269528,True,0.010754642033078032,0.3974253423459551,1,33,0.6128967432277438,0.6021321907769257,6364238.285590624,4019628.74570434,4739,162,29.080708643357156,1329.1012734940098,878.2234532891282,0.00026303026547052147,0.0004630934746772196,0.0008484312067102116,0.0,0.011014237315331821,0.012212599569694994,0.01327161159928312,0.0
znhoughton/opt-babylm-1.3B-20eps-seed964,pretrained_noposemb,Tense,zero,Pres+Past,2,2048,352,4,10,0.9498646548720321,0.03450339986780375,0.015631945260164155,False,0.0013746540217610703,,1,3,0.5396283762638565,0.5671876160604638,203342.52673473366,173477.03220430063,222,8,26.581724581724583,1062.319789163992,810.640337403274,4.49231002648901e-05,0.0004070134436354747,0.001493986928604697,0.04,,,,
znhoughton/opt-babylm-1.3B-20eps-seed964,pretrained_noposemb,Number,regular,Sing+Plur,3,2048,36786,200,10,0.7024954726524637,0.06497116194301109,0.23253336540452507,True,0.007248352288332857,0.594142648089833,1,36,0.7149158444286827,0.7081744269227928,21388665.401658196,8529073.264143396,14888,400,37.11117227512629,1428.598863889282,588.6991485466176,0.00028160581680416444,0.00048101409406709736,0.0007866756842674789,0.0,0.016318843782571823,0.017615469157192747,0.018861739046690352,0.0
znhoughton/opt-babylm-1.3B-20eps-seed964,pretrained_noposemb,Number,zero,Sing+Plur,3,2048,784,3,10,0.9891901012192803,0.0082195666391732,0.0025903321415465903,False,,,1,2,0.5159159319945552,0.5994740625478902,186018.96674194778,174541.6502228932,219,6,29.66575342465753,1226.476484865004,819.44436724363,,,,,,,,
znhoughton/opt-babylm-1.3B-20eps-seed964,pretrained_noposemb,Tense,regular,Pres+Past,3,2048,11558,81,10,0.8109278670393445,0.04644125833775971,0.14263087462289586,True,0.009729666978226982,0.4039740668640102,1,33,0.6226065939156709,0.6121583527216234,6488872.39276277,3933234.3696363075,4739,162,29.080708643357156,1356.3702325802424,859.3476883627502,0.00026906710257731763,0.00047830456363718037,0.0008417840669873935,0.0,0.011679303640213088,0.012640069622890444,0.01394053260583995,0.0
znhoughton/opt-babylm-1.3B-20eps-seed964,pretrained_noposemb,Tense,zero,Pres+Past,3,2048,352,4,10,0.95162027069739,0.03381605005220969,0.014563679250400289,False,0.0009231340345048438,,1,3,0.5493949685231638,0.577098445739024,206399.80509649502,169285.84352042113,222,8,26.581724581724583,1079.487187168102,791.0553435533698,4.581294413982144e-05,0.0004272470435064973,0.0012945221115747436,0.165,,,,
znhoughton/opt-babylm-1.3B-20eps-seed964,pretrained_noposemb,Number,regular,Sing+Plur,4,2048,36786,200,10,0.7046625535344507,0.062876933194297,0.23246051327125225,True,0.006836649871763495,0.578495812080042,1,38,0.6614944592085252,0.6533878329362162,19730094.724621512,10096450.985570028,14888,400,37.11117227512629,1313.673815035224,696.8836958565729,0.0003014656850325647,0.0004768671218663305,0.0008051823397871383,0.0,0.016926366995279163,0.018110323987981562,0.01955965666072581,0.0
znhoughton/opt-babylm-1.3B-20eps-seed964,pretrained_noposemb,Number,zero,Sing+Plur,4,2048,784,3,10,0.9847505549278553,0.010985324980501263,0.004264120091643295,False,,,1,2,0.4729871897355665,0.5565571225591894,172327.55434493453,192011.18058206822,219,6,29.66575342465753,1131.4072980661044,901.4609416998508,,,,,,,,
znhoughton/opt-babylm-1.3B-20eps-seed964,pretrained_noposemb,Tense,regular,Pres+Past,4,2048,11558,81,10,0.8113034640224801,0.0474414454007599,0.14125509057675995,True,0.009090688459073898,0.3846064035802193,1,34,0.5811100201260265,0.5692932211049361,5942494.802186907,4283614.87821087,4739,162,29.080708643357156,1237.0401945323015,935.9001263296634,0.00026512729946350736,0.0004690435160853494,0.0008577971379816637,0.0,0.011632645311947949,0.01264980033430426,0.01390294375449297,0.0
znhoughton/opt-babylm-1.3B-20eps-seed964,pretrained_noposemb,Tense,zero,Pres+Past,4,2048,352,4,10,0.9477759485062889,0.035818552452955836,0.016405499040755382,False,0.00137150482233553,,1,3,0.4945121927921017,0.5209581548049355,191074.04543452535,195314.90153094404,222,8,26.581724581724583,992.5468029007917,912.686455752075,6.661243416892272e-05,0.0004170694018769106,0.0016047164980276148,0.055,,,,
znhoughton/opt-babylm-1.3B-20eps-seed964,pretrained_noposemb,Number,regular,Sing+Plur,5,2048,36786,200,10,0.7053835658616023,0.06354265046134729,0.23107378367705034,True,0.006598696497078319,0.5619239123308384,1,40,0.6081412880630219,0.5986390108724613,18137449.352266874,11686951.174847614,14888,400,37.11117227512629,1203.1579600635287,806.6642169276377,0.0002863350576958527,0.0004860262421404218,0.0007446147056166246,0.0,0.01737815050991421,0.01851810120708588,0.019917945847492513,0.0
znhoughton/opt-babylm-1.3B-20eps-seed964,pretrained_noposemb,Number,zero,Sing+Plur,5,2048,784,3,10,0.9828082514736444,0.012563120170924225,0.004628628355431315,False,,,1,2,0.42999279263162987,0.5120896691887737,158430.2154148751,210018.321699561,219,6,29.66575342465753,1034.86471869382,986.0015103265774,,,,,,,,
znhoughton/opt-babylm-1.3B-20eps-seed964,pretrained_noposemb,Tense,regular,Pres+Past,5,2048,11558,81,10,0.8113114689965937,0.04779442539618387,0.14089410560722238,True,0.008766995147673921,0.3728019872074006,1,35,0.5384238775452524,0.5251536099082585,5454904.014165947,4676340.608631235,4739,162,29.080708643357156,1129.9479489756527,1021.7043060151267,0.00026818776969702484,0.00046694978592894836,0.0008476710708694549,0.0,0.011965927758998126,0.013163713150219615,0.014519100223035528,0.0
znhoughton/opt-babylm-1.3B-20eps-seed964,pretrained_noposemb,Tense,zero,Pres+Past,5,2048,352,4,10,0.9466874371506238,0.036297013210088075,0.017015549639288228,False,0.0017230678770510962,,1,3,0.4500739284784336,0.4746921480508438,177314.34867531748,216652.81417449407,222,8,26.581724581724583,914.8475237807592,1012.3963279181966,4.5058561815608136e-05,0.00039490106539336734,0.0015036313204487817,0.01,,,,
znhoughton/opt-babylm-1.3B-20eps-seed964,pretrained_noposemb,Number,regular,Sing+Plur,6,2048,36786,200,10,0.7044356947070196,0.06418890747110935,0.23137539782187094,True,0.006420915721428977,0.5404641652169958,1,43,0.562457600187113,0.5517347128582388,16767016.744773569,13043260.046215972,14888,400,37.11117227512629,1108.0845902107126,900.2802351060168,0.00027545696284569433,0.0004784340739402555,0.0007521735896842049,0.0,0.017918353596177095,0.019079393738793117,0.020221048711614856,0.0
znhoughton/opt-babylm-1.3B-20eps-seed964,pretrained_noposemb,Number,zero,Sing+Plur,6,2048,784,3,10,0.9805817085531924,0.01460340057917898,0.004814890867628692,False,,,1,2,0.39287538611449013,0.47244533445089376,145799.26295356505,225308.9003638407,219,6,29.66575342465753,947.2897560975549,1057.7882646189703,,,,,,,,
znhoughton/opt-babylm-1.3B-20eps-seed964,pretrained_noposemb,Tense,regular,Pres+Past,6,2048,11558,81,10,0.8110788984692814,0.047976590073880214,0.14094451145683834,True,0.008648033669368562,0.34959645256542043,1,37,0.4996078099464326,0.48497557456913004,5014332.053687724,5022204.513315412,4739,162,29.080708643357156,1033.2502559368445,1097.2699395489212,0.00027148436409317646,0.0004702276656383579,0.0008232241203841221,0.0,0.011944144595320678,0.013164189751887516,0.014560149139899203,0.0
znhoughton/opt-babylm-1.3B-20eps-seed964,pretrained_noposemb,Tense,zero,Pres+Past,6,2048,352,4,10,0.9447326147402746,0.03790919874465614,0.01735818651506931,False,0.0019140188783303088,,1,3,0.407273854531819,0.4294292790040283,162437.09919682788,236402.88866234166,222,8,26.581724581724583,831.4213557399236,1104.686395618419,4.050163705164006e-05,0.00040719324906178175,0.0014365520990790596,0.005,,,,
znhoughton/opt-babylm-1.3B-20eps-seed964,pretrained_noposemb,Number,regular,Sing+Plur,7,2048,36786,200,10,0.7036420958666314,0.06382076539711044,0.23253713873625817,True,0.006382891097955701,0.5250131898240079,1,45,0.5399713479522819,0.5286389829753055,16116886.517689373,13730783.324069802,14888,400,37.11117227512629,1062.8999831536637,947.7349064101188,0.00029273991974637257,0.00047293761546785565,0.0007634492761333856,0.0,0.01838537367315498,0.01941999170537908,0.020685818200279864,0.0
znhoughton/opt-babylm-1.3B-20eps-seed964,pretrained_noposemb,Number,zero,Sing+Plur,7,2048,784,3,10,0.9800895072306904,0.01511334601495812,0.004797146754351431,False,,,1,2,0.37495810025636295,0.4528752220964716,139369.06918365596,232323.3121473989,219,6,29.66575342465753,902.8287155899355,1090.719775339901,,,,,,,,
znhoughton/opt-babylm-1.3B-20eps-seed964,pretrained_noposemb,Tense,regular,Pres+Past,7,2048,11558,81,10,0.8099002345674396,0.04811019140707013,0.14198957402549006,True,0.008272201169483302,0.3411027832670851,1,38,0.4815033266123409,0.4662227104057656,4822911.638791217,5193450.392855037,4739,162,29.080708643357156,991.0793058159372,1134.6843768527501,0.00028086674639977397,0.0004796422173930361,0.0008339451697282652,0.0,0.012644491508361944,0.013647887545156459,0.01462442700322183,0.0
znhoughton/opt-babylm-1.3B-20eps-seed964,pretrained_noposemb,Tense,zero,Pres+Past,7,2048,352,4,10,0.9438787451552515,0.03801179883393939,0.0181094560108091,False,0.0018311644299732845,,1,3,0.38945772889080693,0.4103809441661805,156751.51346491434,245735.0770858745,222,8,26.581724581724583,799.2249913686585,1148.2947527377314,5.91748210466668e-05,0.00037105194859329615,0.0015806479696770044,0.005,,,,
znhoughton/opt-babylm-1.3B-20eps-seed964,pretrained_noposemb,Number,regular,Sing+Plur,8,2048,36786,200,10,0.7021561173997268,0.06400474324211781,0.2338391393581553,True,0.0063065022894809464,0.5053614642366178,1,47,0.5197314376392982,0.5078455853544586,15499453.44189381,14322589.866270812,14888,400,37.11117227512629,1020.1015677444032,988.5829559822482,0.0002955780208832374,0.00047512185308381855,0.0007691087782744844,0.0,0.01886748365883342,0.020009502972273253,0.021388532784932225,0.0
znhoughton/opt-babylm-1.3B-20eps-seed964,pretrained_noposemb,Number,zero,Sing+Plur,8,2048,784,3,10,0.979623732724672,0.01626525369382774,0.004111013581500396,False,,,1,2,0.3618575359552064,0.43838268860171437,135709.98017384732,239327.0625551635,219,6,29.66575342465753,877.051542553785,1123.6012326533496,,,,,,,,
znhoughton/opt-babylm-1.3B-20eps-seed964,pretrained_noposemb,Tense,regular,Pres+Past,8,2048,11558,81,10,0.8102605519986656,0.04647791255973195,0.14326153544160233,True,0.008252742593223835,0.3218158580377018,1,39,0.46326845207442374,0.44732633103216857,4621818.847234211,5354726.774507628,4739,162,29.080708643357156,946.9173897470083,1169.9206411421517,0.00028858313658470207,0.00048623883755894955,0.0008600556219359434,0.0,0.012701612856844532,0.013601305701175893,0.014828913780189634,0.0
znhoughton/opt-babylm-1.3B-20eps-seed964,pretrained_noposemb,Tense,zero,Pres+Past,8,2048,352,4,10,0.9438514063891005,0.0379886316551817,0.01815996195571782,False,0.0019936222801695083,,1,3,0.37383157895954117,0.393572478125498,151808.25159534445,254279.03513912985,222,8,26.581724581724583,771.1566355168937,1188.2197903697656,4.677626154072598e-05,0.00040945566370109547,0.0014612603587187095,0.005,,,,
znhoughton/opt-babylm-1.3B-20eps-seed964,pretrained_noposemb,Number,regular,Sing+Plur,9,2048,36786,200,10,0.7005498743014522,0.06397340171389175,0.235476723984656,True,0.00636512371063297,0.4873798797270598,1,49,0.4983324400642621,0.4858563577229308,14870987.783143474,14970512.76461496,14888,400,37.11117227512629,976.4537077897423,1033.3043045703314,0.00030133438883074993,0.0004813776659773024,0.0007279429382134139,0.0,0.01939676660512214,0.020497960491437095,0.02170945090787111,0.0
znhoughton/opt-babylm-1.3B-20eps-seed964,pretrained_noposemb,Number,zero,Sing+Plur,9,2048,784,3,10,0.9782586872776984,0.017551471302464552,0.004189841419837153,False,,,1,2,0.3454976545143391,0.4200626196063048,130932.79113799223,248035.89194045728,219,6,29.66575342465753,843.4665425086303,1164.4877555890014,,,,,,,,
znhoughton/opt-babylm-1.3B-20eps-seed964,pretrained_noposemb,Tense,regular,Pres+Past,9,2048,11558,81,10,0.8097805115481674,0.04527693373228265,0.14494255471954995,True,0.008051958837801684,0.30935559466718665,1,40,0.44480872812997846,0.42818829739376046,4426274.879762142,5524687.409963277,4739,162,29.080708643357156,903.8753699696908,1207.0542735335978,0.00028550079717584075,0.0004958643516807329,0.0008036108134240133,0.0,0.013240603098587583,0.014177696223868504,0.01525925373432072,0.0
znhoughton/opt-babylm-1.3B-20eps-seed964,pretrained_noposemb,Tense,zero,Pres+Past,9,2048,352,4,10,0.9421833929724618,0.0391330160452274,0.018683590982310868,False,0.0025508747131157625,,1,3,0.355926093920542,0.3741944253715714,145328.49888594227,262982.38747010514,222,8,26.581724581724583,734.8027553831761,1228.8896610752577,3.214338341512483e-05,0.0003528569514140284,0.0015173740583960217,0.0,,,,
znhoughton/opt-babylm-1.3B-20eps-seed964,pretrained_noposemb,Number,regular,Sing+Plur,10,2048,36786,200,10,0.6983222022051097,0.06398835095680894,0.23768944683808158,True,0.006238801027106184,0.4749556715938379,1,52,0.48581449589919884,0.4729907368359401,14502001.582504425,15348901.807404779,14888,400,37.11117227512629,950.8308347469764,1059.4217150334607,0.0003064378112076756,0.00047253631327372344,0.0007434109511735971,0.0,0.020380376101905035,0.021502273136954755,0.022586194555831867,0.0
znhoughton/opt-babylm-1.3B-20eps-seed964,pretrained_noposemb,Number,zero,Sing+Plur,10,2048,784,3,10,0.9778904197900964,0.018513830009049208,0.0035957502008543405,False,,,1,2,0.3362128384833093,0.40955392413172576,128266.23092031153,253236.84165399498,219,6,29.66575342465753,824.6660879966112,1188.9053598779108,,,,,,,,
znhoughton/opt-babylm-1.3B-20eps-seed964,pretrained_noposemb,Tense,regular,Pres+Past,10,2048,11558,81,10,0.8092832728375375,0.04441741445262245,0.14629931270984006,True,0.007714400024374373,0.2935305375335755,1,41,0.4333892463887632,0.4163448436295903,4314432.370086887,5640665.514867811,4739,162,29.080708643357156,879.1162311842473,1232.393601675292,0.00029485776046573274,0.0004870729125993398,0.0007876172196083504,0.0,0.013195338647711635,0.014201695096027938,0.015294604023898062,0.0
znhoughton/opt-babylm-1.3B-20eps-seed964,pretrained_noposemb,Tense,zero,Pres+Past,10,2048,352,4,10,0.9414562677881406,0.03979315161510429,0.018750580596755096,False,0.002277081147149567,,1,3,0.34651368898350704,0.36395709249675284,142287.5660503047,268338.53783523943,222,8,26.581724581724583,717.5184096993175,1253.9184010992496,3.1035671656308015e-05,0.0003712357720390318,0.0015146935604417352,0.0,,,,
znhoughton/opt-babylm-1.3B-20eps-seed964,pretrained_noposemb,Number,regular,Sing+Plur,11,2048,36786,200,10,0.6976550792791532,0.06267905771321827,0.23966586300762846,True,0.006179508287868621,0.45711293375772294,1,54,0.47057766142085194,0.45732831420574643,14048011.947908172,15804684.21597668,14888,400,37.11117227512629,919.3233973303343,1090.8810198769106,0.0003093472202641878,0.0004779710215245304,0.0007337080882398083,0.0,0.020831253003773132,0.021943944396412462,0.023122716878507144,0.0
znhoughton/opt-babylm-1.3B-20eps-seed964,pretrained_noposemb,Number,zero,Sing+Plur,11,2048,784,3,10,0.9759058865512912,0.01953020899688319,0.004563904451825631,False,,,1,2,0.3236253455517744,0.3951763271925056,124089.87804044962,259346.95639190602,219,6,29.66575342465753,795.5430602315618,1217.591344562939,,,,,,,,
znhoughton/opt-babylm-1.3B-20eps-seed964,pretrained_noposemb,Tense,regular,Pres+Past,11,2048,11558,81,10,0.8085221115531701,0.043411019456246994,0.14806686899058294,True,0.007510891614909761,0.2834030956357901,1,42,0.4187850785246844,0.4011936079547215,4159503.3811121904,5772806.995765332,4739,162,29.080708643357156,845.0330651979746,1261.2643643795789,0.00029647272866794336,0.00048383762665092883,0.0007750703401149957,0.0,0.013632991242438232,0.01466577792433222,0.015968451156322186,0.0
znhoughton/opt-babylm-1.3B-20eps-seed964,pretrained_noposemb,Tense,zero,Pres+Past,11,2048,352,4,10,0.9408043188865679,0.040809230148597456,0.018386450964834607,False,0.0025889490987474786,,1,3,0.33543295379886917,0.3518599972686822,138217.4087533226,273839.32922657166,222,8,26.581724581724583,694.6773155020953,1279.6230337690265,1.8290014462142024e-05,0.00036384954612067924,0.001484332169354153,0.0,,,,
znhoughton/opt-babylm-1.3B-20eps-seed964,pretrained_noposemb,Number,regular,Sing+Plur,12,2048,36786,200,10,0.6962117651454003,0.06256425209641574,0.241223982758184,True,0.006143833847962563,0.4398987212060862,1,56,0.45633189630932114,0.4426822626249828,13627844.65267268,16236043.370256903,14888,400,37.11117227512629,890.1455420852039,1120.6545672457828,0.0003141452787976703,0.00048131057685750717,0.0007068000782510242,0.0,0.02123176680536224,0.02246900643663504,0.023521939269971724,0.0
znhoughton/opt-babylm-1.3B-20eps-seed964,pretrained_noposemb,Number,zero,Sing+Plur,12,2048,784,3,10,0.9746310448654677,0.020445721824167224,0.004923233310365057,False,,,1,2,0.3141155010711253,0.3842128396186087,121478.76032341512,265254.0176171063,219,6,29.66575342465753,777.0046392670619,1245.3240263713913,,,,,,,,
znhoughton/opt-babylm-1.3B-20eps-seed964,pretrained_noposemb,Tense,regular,Pres+Past,12,2048,11558,81,10,0.8089605103121779,0.04198889588309736,0.1490505938047248,True,0.0073910450932751495,0.27060001620498514,1,43,0.40588631984038714,0.3878071290953669,4027808.475535204,5895680.636192238,4739,162,29.080708643357156,815.9819619130928,1288.1102547940218,0.00029722789187346186,0.0004867745415748394,0.0007489517875745594,0.0,0.014073259636703464,0.01508989656380304,0.016546827281815113,0.0
znhoughton/opt-babylm-1.3B-20eps-seed964,pretrained_noposemb,Tense,zero,Pres+Past,12,2048,352,4,10,0.9411250120226256,0.04036794691000304,0.018507041067371395,False,0.0025903454085267727,,1,3,0.325825550857485,0.34133157819161836,134992.4267753009,279316.47693110653,222,8,26.581724581724583,676.3825710131566,1305.2171819210585,2.014026638297754e-05,0.0003865929633879089,0.001476865333022096,0.0,,,,
znhoughton/opt-babylm-1.3B-20eps-seed964,pretrained_noposemb,Number,regular,Sing+Plur,13,2048,36786,200,10,0.6942599792347349,0.06220001163303828,0.24354000913222676,True,0.006125733175209474,0.4276166714434498,1,58,0.4428907481449722,0.4288613269623977,13229863.649195751,16641755.264968598,14888,400,37.11117227512629,862.5137167626432,1148.6578730651986,0.0003199925230887522,0.0004750062012859206,0.0007005524664143089,0.0,0.022461484793620968,0.02347431540827718,0.024559907988925312,0.0
znhoughton/opt-babylm-1.3B-20eps-seed964,pretrained_noposemb,Number,zero,Sing+Plur,13,2048,784,3,10,0.9737717439011477,0.0213512869530969,0.004876969145755352,False,,,1,2,0.3039776005491447,0.3724280401238245,118211.46582114224,270670.69394191157,219,6,29.66575342465753,754.1200256178743,1270.7544316521669,,,,,,,,
znhoughton/opt-babylm-1.3B-20eps-seed964,pretrained_noposemb,Tense,regular,Pres+Past,13,2048,11558,81,10,0.8090976247219364,0.04075563386567425,0.1501467414123893,True,0.00707897183398471,0.2572963941184826,1,44,0.39389827821641044,0.37536198579171487,3904347.297739317,6007722.6798660215,4739,162,29.080708643357156,788.7708307754752,1312.5896176242127,0.0002929362163397579,0.0004875537244629694,0.0007496552877042273,0.0,0.014133395407253212,0.015036798422311717,0.016416394801703083,0.0
znhoughton/opt-babylm-1.3B-20eps-seed964,pretrained_noposemb,Tense,zero,Pres+Past,13,2048,352,4,10,0.9407597241047552,0.03993753307271548,0.019302742822529348,False,0.0018754003250243576,,1,3,0.3174935420184343,0.33217073313311696,132052.46332870112,283869.2668872599,222,8,26.581724581724583,659.7820868666035,1326.491901342336,2.629821256797608e-05,0.000379863600146824,0.0015472611566501487,0.005,,,,
znhoughton/opt-babylm-1.3B-20eps-seed964,pretrained_noposemb,Number,regular,Sing+Plur,14,2048,36786,200,10,0.6927319901146947,0.06177082361739985,0.24549718626790548,True,0.006282034319118856,0.41304994461172334,1,60,0.4276264153551623,0.4131632069784092,12785677.083062088,17113498.047274582,14888,400,37.11117227512629,831.6386351928032,1181.218805029996,0.0003164923938209221,0.0004790594510868276,0.0007121755940120525,0.0,0.02261054114882494,0.02386514649613279,0.025337581956378055,0.0
znhoughton/opt-babylm-1.3B-20eps-seed964,pretrained_noposemb,Number,zero,Sing+Plur,14,2048,784,3,10,0.9736993489427554,0.02206556639056948,0.004235084666675006,False,,,1,2,0.29558872603299097,0.36259960766647126,115921.59650802014,276250.3177045741,219,6,29.66575342465753,737.7992104199666,1296.949848378282,,,,,,,,
znhoughton/opt-babylm-1.3B-20eps-seed964,pretrained_noposemb,Tense,regular,Pres+Past,14,2048,11558,81,10,0.8091547435041822,0.03946427384117718,0.15138098265464062,True,0.006746288160305957,0.24820882886545872,1,45,0.3816040719092991,0.3625951826672684,3781982.783603524,6128767.813686847,4739,162,29.080708643357156,761.7262893497677,1339.0360091078974,0.0002992285085547046,0.0004862322534322117,0.0007564803475801392,0.0,0.014635006843713279,0.015624923282102122,0.016754518909700068,0.0
znhoughton/opt-babylm-1.3B-20eps-seed964,pretrained_noposemb,Tense,zero,Pres+Past,14,2048,352,4,10,0.9408212249983735,0.040580271135211864,0.018598503866414554,False,0.0027091727190910486,,1,3,0.3077840620099469,0.32145995251195747,128199.42334456106,288324.4944547236,222,8,26.581724581724583,638.2916413501363,1347.3107217510449,3.81416437741258e-05,0.00036227553280806433,0.0015823336168773088,0.0,,,,
znhoughton/opt-babylm-1.3B-20eps-seed964,pretrained_noposemb,Number,regular,Sing+Plur,15,2048,36786,200,10,0.6910476129857455,0.061654048107185215,0.24729833890706945,True,0.006509878937445632,0.3972031705903508,1,63,0.4122606985311689,0.3973581524098294,12329944.926368626,17578181.097525023,14888,400,37.11117227512629,799.996964099963,1213.2924556546814,0.0003213208558019565,0.00047552360724073485,0.000670247106875705,0.0,0.023383635132019364,0.02436068130956368,0.02567103085003592,0.0
znhoughton/opt-babylm-1.3B-20eps-seed964,pretrained_noposemb,Number,zero,Sing+Plur,15,2048,784,3,10,0.9734087181544783,0.02278154367317939,0.0038097381723424468,False,,,1,2,0.2854629579647978,0.3506424665183314,112540.5644467493,281698.2021137351,219,6,29.66575342465753,714.1428641840541,1322.5267704870191,,,,,,,,
znhoughton/opt-babylm-1.3B-20eps-seed964,pretrained_noposemb,Tense,regular,Pres+Past,15,2048,11558,81,10,0.8087466366217548,0.038223772850921156,0.15302959052732393,True,0.006474293824231642,0.23881280076478367,1,46,0.36802845895024655,0.3484932174616327,3644230.1201450354,6257803.354493663,4739,162,29.080708643357156,731.3350502117873,1367.2281744578681,0.00031065538875854734,0.00047764740144425825,0.0007427122538207588,0.0,0.015129110630760249,0.016070200991685414,0.0170599409608483,0.0
znhoughton/opt-babylm-1.3B-20eps-seed964,pretrained_noposemb,Tense,zero,Pres+Past,15,2048,352,4,10,0.9400391041657775,0.040681428805136005,0.019279467029086433,False,0.003553554621186983,,1,3,0.2977995902996075,0.31040583543917133,124487.95177666555,293537.9818769767,222,8,26.581724581724583,617.4287243095864,1371.6728125092368,4.4661376659348905e-05,0.0003801734793293257,0.001690432145457772,0.0,,,,
znhoughton/opt-babylm-1.3B-20eps-seed964,pretrained_noposemb,Number,regular,Sing+Plur,16,2048,36786,200,10,0.6891142177507728,0.061552111786198654,0.24933367046302862,True,0.006590716135994233,0.38627626658229247,1,65,0.3983782702247975,0.38307649319654613,11924193.169971535,18007643.130344078,14888,400,37.11117227512629,771.7961761940909,1242.9350586929927,0.0003201234056725145,0.00047728899897253824,0.0007060959396520891,0.0,0.024290591699875994,0.02531592268294483,0.026551255107348504,0.0
znhoughton/opt-babylm-1.3B-20eps-seed964,pretrained_noposemb,Number,zero,Sing+Plur,16,2048,784,3,10,0.9719952555998146,0.024142233076041412,0.0038625113241440613,False,,,1,2,0.2749207186934898,0.3380832043430101,108577.32538380552,286363.17200685793,219,6,29.66575342465753,686.6853083946373,1344.4280375908822,,,,,,,,
znhoughton/opt-babylm-1.3B-20eps-seed964,pretrained_noposemb,Tense,regular,Pres+Past,16,2048,11558,81,10,0.8073937870223694,0.03775116337196934,0.1548550496056613,True,0.006402590089813991,0.22622905150044917,1,47,0.35561655494381617,0.3355959478971134,3520190.977396939,6378647.894019196,4739,162,29.080708643357156,703.9343416276115,1393.6307393531124,0.0003121161821595541,0.000476707369411581,0.0007255124533123286,0.0,0.015079730769883377,0.016130657570614333,0.01704017555552966,0.0
znhoughton/opt-babylm-1.3B-20eps-seed964,pretrained_noposemb,Tense,zero,Pres+Past,16,2048,352,4,10,0.9381674754160434,0.04191711118405836,0.01991541339989808,False,0.004372819322499322,,1,3,0.2891226354806367,0.3007662105183536,121551.51249409842,298863.5556379125,222,8,26.581724581724583,600.7113294915506,1396.5586712051984,3.20250895763359e-05,0.00038953882416902224,0.0015584853713097497,0.0,,,,
znhoughton/opt-babylm-1.3B-20eps-seed964,pretrained_noposemb,Number,regular,Sing+Plur,17,2048,36786,200,10,0.6878858632637165,0.06017927798689888,0.25193485874938476,True,0.006594751380044876,0.37406651101665106,1,68,0.3833104757081858,0.3675729037263361,11482201.551706588,18473153.909144387,14888,400,37.11117227512629,741.0809190502993,1275.065841326918,0.0003210688544066718,0.00047397992022235727,0.0006660913992860644,0.0,0.025081246997870815,0.02634936294992684,0.027570938632825635,0.0
znhoughton/opt-babylm-1.3B-20eps-seed964,pretrained_noposemb,Number,zero,Sing+Plur,17,2048,784,3,10,0.970931974638311,0.02552618395828323,0.0035418414034055685,False,,,1,2,0.2632779379887524,0.32408022933506647,104675.48068615879,292909.9816043833,219,6,29.66575342465753,659.3438442082357,1375.1642328844287,,,,,,,,
znhoughton/opt-babylm-1.3B-20eps-seed964,pretrained_noposemb,Tense,regular,Pres+Past,17,2048,11558,81,10,0.806687240240855,0.03647855766846098,0.15683420209068397,True,0.005981578615888129,0.21642444891494417,1,48,0.34225465820330575,0.32170712191504597,3385895.236630488,6507016.825998627,4739,162,29.080708643357156,674.2864548253408,1421.6772615247164,0.0003161274505287586,0.00047097312425075657,0.0007219498235975568,0.0,0.01568854486640494,0.016612850005285833,0.017734757642281735,0.0
znhoughton/opt-babylm-1.3B-20eps-seed964,pretrained_noposemb,Tense,zero,Pres+Past,17,2048,352,4,10,0.9365593156612143,0.04240960374991947,0.02103108058886621,True,0.0051035711213681945,0.02245192118327728,1,3,0.27957158089701967,0.29011973415036024,117918.84184418693,303865.2374454115,222,8,26.581724581724583,580.3091432746687,1419.9310161000537,3.871934697924205e-05,0.00038369041731176035,0.0015699649892893883,0.0,0.00037918986740750264,0.0012810528462129924,0.0029779757075227868,0.0
znhoughton/opt-babylm-1.3B-20eps-seed964,pretrained_noposemb,Number,regular,Sing+Plur,18,2048,36786,200,10,0.6861414102861139,0.05956105076434549,0.25429753894954044,True,0.006593433509553389,0.3599598509760879,1,71,0.36846376523336793,0.35229427174220274,11047469.474991571,18935043.101230446,14888,400,37.11117227512629,710.862663484936,1306.9466524869165,0.0003305654247930244,0.0004706207321362323,0.0006784239678577227,0.0,0.02563130233888949,0.02682844635111041,0.027991911449519045,0.0
znhoughton/opt-babylm-1.3B-20eps-seed964,pretrained_noposemb,Number,zero,Sing+Plur,18,2048,784,3,10,0.9689271351474351,0.02716917642867208,0.0039036884238927505,False,,,1,2,0.2534895559927839,0.31219838374560127,101570.93860468833,299119.88357490377,219,6,29.66575342465753,637.4309375534214,1404.3187022295951,,,,,,,,
znhoughton/opt-babylm-1.3B-20eps-seed964,pretrained_noposemb,Tense,regular,Pres+Past,18,2048,11558,81,10,0.8055094278397132,0.03558705346949058,0.15890351869079616,True,0.006052491750130818,0.2102643673968744,1,49,0.32982160804633787,0.3087796589675502,3261864.945852284,6627920.520823425,4739,162,29.080708643357156,646.8871924476501,1448.092750889977,0.00030769164811810906,0.000473657560638525,0.0007216953438950042,0.0,0.01599313795135812,0.017023273815154297,0.018271273326068316,0.0
znhoughton/opt-babylm-1.3B-20eps-seed964,pretrained_noposemb,Tense,zero,Pres+Past,18,2048,352,4,10,0.935317109972938,0.043505506920497566,0.02117738310656436,True,0.006565426278842714,0.02029082098430447,1,3,0.2693822818168762,0.2787202634211096,114007.32246836141,309210.27632628626,222,8,26.581724581724583,558.347991067769,1444.9078333004031,3.141334348634022e-05,0.0003730735094875403,0.001551537359241828,0.0,0.00040752652412577817,0.0013389629847935644,0.0030561577836753393,0.0
znhoughton/opt-babylm-1.3B-20eps-seed964,pretrained_noposemb,Number,regular,Sing+Plur,19,2048,36786,200,10,0.6846518779313091,0.05804556613980991,0.25730255592888096,True,0.006537791814181295,0.34788631425576066,1,74,0.3530979649302298,0.33647881293909304,10595787.954594847,19412280.646674253,14888,400,37.11117227512629,679.471198076917,1339.8868475065055,0.0003467264457926073,0.0004693533669152993,0.0006586339715118924,0.0,0.02672883891767175,0.02785608786583833,0.029225109770840384,0.0
znhoughton/opt-babylm-1.3B-20eps-seed964,pretrained_noposemb,Number,zero,Sing+Plur,19,2048,784,3,10,0.9652820024815473,0.028277918494954334,0.006440079023498435,False,,,1,2,0.24474796433959792,0.3015017918235959,99006.60606484317,305518.13158513955,219,6,29.66575342465753,619.1301978671497,1434.3574252823453,,,,,,,,
znhoughton/opt-babylm-1.3B-20eps-seed964,pretrained_noposemb,Tense,regular,Pres+Past,19,2048,11558,81,10,0.8047189877104607,0.034628667634458106,0.16065234465508113,True,0.005405703893674162,0.20068213305238214,1,50,0.3168524844970989,0.29529057828929156,3131109.4660655297,6750805.997009207,4739,162,29.080708643357156,618.0366467539652,1474.9412272250834,0.0003161473634382383,0.00047902669706665095,0.0007116396679069921,0.0,0.016557988879905974,0.01760043898530502,0.01871544144598911,0.0
znhoughton/opt-babylm-1.3B-20eps-seed964,pretrained_noposemb,Tense,zero,Pres+Past,19,2048,352,4,10,0.9312707286504821,0.04488439075222895,0.02384488059728902,True,0.007120669587722885,0.02054714415837366,1,3,0.25833745724616386,0.2663149350152256,109614.81971742725,314693.83798131987,222,8,26.581724581724583,533.7775569386395,1470.5319531837376,3.6484283656757125e-05,0.0003604817387601446,0.0016700630908387062,0.0,0.0004482262560214594,0.0013240223831638412,0.0026587023717703924,0.0
znhoughton/opt-babylm-1.3B-20eps-seed964,pretrained_noposemb,Number,regular,Sing+Plur,20,2048,36786,200,10,0.6820390889584192,0.05714749452006551,0.2608134165215153,True,0.006425787389921745,0.33465997041022877,1,76,0.33662520174276284,0.31952101924323206,10112176.241203068,19927690.61621196,14888,400,37.11117227512629,645.8523627759462,1375.461803990334,0.0003353023091667943,0.0004716779104043565,0.0006429790963167323,0.0,0.027802222983361657,0.028807104746424367,0.030022558005364523,0.0
znhoughton/opt-babylm-1.3B-20eps-seed964,pretrained_noposemb,Number,zero,Sing+Plur,20,2048,784,3,10,0.9638084590311443,0.030124258467942158,0.0060672825009135635,False,,,1,2,0.23461155700850037,0.2889962751879822,95600.97072988088,311885.22453209036,219,6,29.66575342465753,595.1625098747228,1464.249880432349,,,,,,,,
znhoughton/opt-babylm-1.3B-20eps-seed964,pretrained_noposemb,Tense,regular,Pres+Past,20,2048,11558,81,10,0.8037602060806149,0.03326976574718934,0.1629700281721958,True,0.005312353793766782,0.1881539710004905,1,51,0.30344069350511543,0.28133654107466255,2994113.9573916444,6873099.048240276,4739,162,29.080708643357156,587.8577803284032,1501.6602683505082,0.0003359142851281335,0.0004786534813954025,0.0007410504770760508,0.0,0.016505980605185464,0.017532501082404485,0.01875464618756825,0.0
znhoughton/opt-babylm-1.3B-20eps-seed964,pretrained_noposemb,Tense,zero,Pres+Past,20,2048,352,4,10,0.9281284199635151,0.04688853143979946,0.024983048596685375,True,0.008636407372121945,0.0208755123360939,1,3,0.24679298266405936,0.2532939024702819,105066.6970673705,320661.3602428726,222,8,26.581724581724583,508.28570357478816,1498.4175712283768,3.42743474384497e-05,0.00039610661770076144,0.0017337932796888517,0.0,0.0004698222081392304,0.0013662290484109333,0.0027930942721334493,0.0
znhoughton/opt-babylm-1.3B-20eps-seed964,pretrained_noposemb,Number,regular,Sing+Plur,21,2048,36786,200,10,0.6793018868140012,0.05662100699708516,0.26407710618891367,True,0.006651402305184731,0.3199892490464907,1,80,0.32053514687254797,0.3029542264115007,9640336.566939503,20435418.497676607,14888,400,37.11117227512629,613.0428281145951,1410.506522479059,0.000332701830322668,0.0004728812310001967,0.0006536606168441244,0.0,0.02877627121471203,0.029809507994782485,0.031047399018632946,0.0
znhoughton/opt-babylm-1.3B-20eps-seed964,pretrained_noposemb,Number,zero,Sing+Plur,21,2048,784,3,10,0.9614148233214086,0.032977941631992747,0.005607235046598565,False,,,1,2,0.22307562252840046,0.27462886490249444,91378.92121714618,318253.1137915758,219,6,29.66575342465753,565.6906106197811,1494.1460741388535,,,,,,,,
znhoughton/opt-babylm-1.3B-20eps-seed964,pretrained_noposemb,Tense,regular,Pres+Past,21,2048,11558,81,10,0.8022558205479255,0.032117413628157176,0.1656267658239173,True,0.0051450924550889635,0.18022361394954636,1,52,0.29034177090589225,0.267703561944678,2860554.2906157034,6991814.804229032,4739,162,29.080708643357156,558.4396317368002,1527.597728693256,0.00032824366268004266,0.00048357827785231925,0.0007001857111709472,0.0,0.017093274464698528,0.018038689583285486,0.018981356136990684,0.0
znhoughton/opt-babylm-1.3B-20eps-seed964,pretrained_noposemb,Tense,zero,Pres+Past,21,2048,352,4,10,0.923990679230535,0.04972983142491317,0.026279489344551803,True,0.010567296905266173,0.019092500491861765,1,3,0.2349001830427324,0.23982135923332157,100157.3879667429,326225.3703154102,222,8,26.581724581724583,480.92367458566036,1524.4176182963092,3.415084973160053e-05,0.00037719446950232446,0.0014803306882019169,0.0,0.0004642427535983987,0.0013255065836064945,0.0028771523311312626,0.0
znhoughton/opt-babylm-1.3B-20eps-seed964,pretrained_noposemb,Number,regular,Sing+Plur,22,2048,36786,200,10,0.6763936887396813,0.05564082422504149,0.26796548703527723,True,0.0066085515826052,0.30695278998649544,1,83,0.30390719573064856,0.28583050873361165,9145983.176732907,20948675.01240371,14888,400,37.11117227512629,578.7025696679718,1445.9328418279756,0.00033906712147352934,0.0004782418274523392,0.0006586579107628958,0.0,0.029961151549223887,0.031170067742096012,0.03244567870333362,0.0
znhoughton/opt-babylm-1.3B-20eps-seed964,pretrained_noposemb,Number,zero,Sing+Plur,22,2048,784,3,10,0.9579740117266085,0.03514807307392484,0.0068779151994666984,False,,,1,2,0.210818334669665,0.25920289743354996,86614.89024379355,324235.9514513179,219,6,29.66575342465753,532.6257286885395,1522.2345138559524,,,,,,,,
znhoughton/opt-babylm-1.3B-20eps-seed964,pretrained_noposemb,Tense,regular,Pres+Past,22,2048,11558,81,10,0.7998896403956702,0.031027802276523568,0.16908255732780625,True,0.004857636764893935,0.1724198459999132,1,53,0.27671445737422823,0.2535159691524163,2721877.9402943137,7114535.979392035,4739,162,29.080708643357156,527.8985475787656,1554.410307929219,0.0003254796064030306,0.00048586437688583333,0.0007109225523020721,0.0,0.01738605963147052,0.018527801786015714,0.019657592310451968,0.0
znhoughton/opt-babylm-1.3B-20eps-seed964,pretrained_noposemb,Tense,zero,Pres+Past,22,2048,352,4,10,0.9208704352641016,0.05203494199009224,0.02709462274580611,True,0.012051701294481297,0.019059145220137352,1,3,0.22346976618634334,0.22681617210983587,95583.47307448089,332140.9332542808,222,8,26.581724581724583,455.30234108046386,1552.0604357676675,2.2850489959074085e-05,0.00038554769387271837,0.0014167641323037203,0.0,0.0005501607244656986,0.001335514744748594,0.003029750679993255,0.0
znhoughton/opt-babylm-1.3B-20eps-seed964,pretrained_noposemb,Number,regular,Sing+Plur,23,2048,36786,200,10,0.6727308559533809,0.055234918522733524,0.2720342255238857,True,0.006925550084599355,0.29506867785586,1,87,0.28878188896717,0.27025150762118283,8696997.229190357,21419147.728151724,14888,400,37.11117227512629,547.5057288877327,1478.4061104466955,0.0003452557327375626,0.00048063777821615586,0.0006571355937020544,0.0,0.03150470098521844,0.03265501888583085,0.03381866969731166,0.0
znhoughton/opt-babylm-1.3B-20eps-seed964,pretrained_noposemb,Number,zero,Sing+Plur,23,2048,784,3,10,0.9561722674397426,0.0374910245610692,0.006336707999188228,False,,,1,2,0.1998313903180915,0.24523327512005477,82439.10217023833,330104.20265795616,219,6,29.66575342465753,503.54478550431844,1549.784989004489,,,,,,,,
znhoughton/opt-babylm-1.3B-20eps-seed964,pretrained_noposemb,Tense,regular,Pres+Past,23,2048,11558,81,10,0.7972215504463331,0.030588677436640434,0.17218977211702632,True,0.00484670645294393,0.16486430552562922,1,54,0.26450319774266284,0.24079859443119203,2595408.910863207,7216982.519611293,4739,162,29.080708643357156,500.11707796768616,1576.7932094409643,0.000324172425090005,0.00047007746911690933,0.0007143350618157061,0.0,0.017881548811792096,0.018980122948064785,0.02009771760372738,0.0
znhoughton/opt-babylm-1.3B-20eps-seed964,pretrained_noposemb,Tense,zero,Pres+Past,23,2048,352,4,10,0.9183918441449492,0.05412790163927051,0.02748025421578032,True,0.013210011343374965,0.02047249192449761,1,3,0.21268463607160773,0.21449411903869983,91084.79508771448,337177.428127354,222,8,26.581724581724583,430.23988493519295,1575.5954585390375,4.087804673714327e-05,0.0003954955222174167,0.0014462054139327699,0.0,0.00053284122341566,0.001291997671940656,0.003209720055372259,0.0
znhoughton/opt-babylm-1.3B-20eps-seed964,pretrained_noposemb,Number,regular,Sing+Plur,24,2048,36786,200,10,0.6696697104039996,0.054578691848381974,0.2757515977476186,True,0.00689733480757029,0.28463477173072427,1,89,0.27395661528022436,0.2549790151401092,8237370.126427703,21830785.439014196,14888,400,37.11117227512629,515.699674944953,1506.8184317375894,0.00034101339883944556,0.000483682087557116,0.0006610263240111241,0.0,0.03307265777751896,0.03413983728608941,0.035333835558031795,0.0
znhoughton/opt-babylm-1.3B-20eps-seed964,pretrained_noposemb,Number,zero,Sing+Plur,24,2048,784,3,10,0.951693869984537,0.039104174566678924,0.009201955448783973,False,,,1,2,0.1911962213963154,0.23415805758586097,77366.04098071679,327276.0613354733,219,6,29.66575342465753,469.7908954621724,1536.5073302134897,,,,,,,,
znhoughton/opt-babylm-1.3B-20eps-seed964,pretrained_noposemb,Tense,regular,Pres+Past,24,2048,11558,81,10,0.7929884818484767,0.03010158746019701,0.17690993069132616,True,0.004790261104800797,0.16009091983562368,1,55,0.25192761831480964,0.22769779113001395,2425088.423367707,7201043.239327997,4739,162,29.080708643357156,463.8590635460417,1573.3107361433247,0.0003319626824147866,0.0004700323309969141,0.0006694104356280733,0.0,0.018353509848000712,0.01950978788233647,0.02074620483931639,0.0
znhoughton/opt-babylm-1.3B-20eps-seed964,pretrained_noposemb,Tense,zero,Pres+Past,24,2048,352,4,10,0.9170730286598643,0.056401697594541604,0.026525273745594234,True,0.013973306224677136,0.020396346795940577,1,3,0.2023002823423966,0.2025828258734661,86981.77417171039,342981.907364296,222,8,26.581724581724583,407.1687866695394,1602.719193291103,3.887900432258299e-05,0.0003806605197742316,0.001487246610961658,0.0,0.0005120312873123317,0.0013282355919125785,0.00294426049158371,0.0
znhoughton/opt-babylm-1.3B-20eps-seed964,random_noposemb,Number,regular,Sing+Plur,0,2048,36786,200,10,0.4988340348791868,0.003614524517465472,0.4975514406033477,True,,0.13231102279062903,1,150,0.9949878901030996,0.9948772674533987,30269589.346896756,152478.74858554453,14888,400,37.11117227512629,2043.9426542588503,10.524485683706828,,,,,0.07192712171410545,0.07319320128344141,0.07426541385609466,0.0
znhoughton/opt-babylm-1.3B-20eps-seed964,random_noposemb,Number,zero,Sing+Plur,0,2048,784,3,10,1.0,1.261545868351232e-31,6.495526565060507e-32,False,,,0,0,0.9999999999999993,0.9999999999999996,283343.4019638495,1.7462298274040222e-10,219,6,29.66575342465753,1910.2390416846154,8.198262100488367e-13,,,,,,,,
znhoughton/opt-babylm-1.3B-20eps-seed964,random_noposemb,Tense,regular,Pres+Past,0,2048,11558,81,10,0.496874205020308,0.007304185447241851,0.49582160953245025,True,,0.17819297090951147,1,76,0.7242221959208883,0.7169408015335057,7114752.824278297,2709238.851690013,4739,162,29.080708643357156,1499.244302293441,591.9245907122597,,,,,0.03578871312463609,0.03711579311011691,0.03815867378292368,0.0
znhoughton/opt-babylm-1.3B-20eps-seed964,random_noposemb,Tense,zero,Pres+Past,0,2048,352,4,10,0.7997483908890932,0.054885768798394366,0.14536584031251235,True,0.00044510883443704013,0.25467908473580636,1,3,0.6801222736612216,0.7065468927386717,252306.19385614846,118665.62051766767,222,8,26.581724581724583,1335.0988430013153,554.512245409662,2.303297349927193e-05,0.0003467077817527238,0.0011020711192180244,0.41,0.0005566977473011307,0.001414674376024758,0.00289529363209184,0.0
znhoughton/opt-babylm-1.3B-20eps-seed964,random_noposemb,Number,regular,Sing+Plur,1,2048,36786,200,10,0.5305289013542637,0.00853584154978403,0.4609352570959523,True,,0.2867612539783392,1,122,0.1671904867285528,0.14491832894971504,5104487.801296821,25426482.597661152,14888,400,37.11117227512629,297.43602512689074,1755.0029402030061,,,,,0.054471892794869636,0.05567818547419722,0.05667627931630401,0.0
znhoughton/opt-babylm-1.3B-20eps-seed964,random_noposemb,Number,zero,Sing+Plur,1,2048,784,3,10,0.9279085210047923,0.07209147899520776,0.0,False,,,1,2,0.12397505894331057,0.14494376917959925,51657.30031443043,365017.64023188944,219,6,29.66575342465753,290.49530945871476,1713.6978414642697,,,,,,,,
znhoughton/opt-babylm-1.3B-20eps-seed964,random_noposemb,Tense,regular,Pres+Past,1,2048,11558,81,10,0.5132405519877075,0.01143142860845598,0.4753280194038366,True,,0.16796809858864584,1,62,0.15375188193026443,0.1252816533408553,1499287.7811215138,8252058.103552141,4739,162,29.080708643357156,258.2263789414403,1802.9403765680886,,,,,0.025247890083109358,0.026312376955636298,0.02775302349365116,0.0
znhoughton/opt-babylm-1.3B-20eps-seed964,random_noposemb,Tense,zero,Pres+Past,1,2048,352,4,10,0.7320680152426327,0.11703405946267227,0.150897925294695,True,0.01836801415550756,0.08907611438310564,1,3,0.11883758393879897,0.10513486132907486,53059.767639566955,393430.0201946639,222,8,26.581724581724583,215.99459243915996,1838.458038292822,3.260804364761866e-05,0.00035943160330328375,0.0013065437673412707,0.0,0.000416162792035491,0.0014018474954633161,0.003003891976342323,0.0
znhoughton/opt-babylm-1.3B-20eps-seed964,random_noposemb,Number,regular,Sing+Plur,2,2048,36786,200,10,0.5329256743398015,0.009376971626879949,0.45769735403331857,True,,0.293454962098993,1,120,0.14461290859956819,0.12162743198717321,4412032.737327829,26097226.63691453,14888,400,37.11117227512629,249.4242603257542,1801.2994641713508,,,,,0.05090482754138457,0.05219367531204372,0.053446979405527326,0.0
znhoughton/opt-babylm-1.3B-20eps-seed964,random_noposemb,Number,zero,Sing+Plur,2,2048,784,3,10,0.9148817498106507,0.08511825018934933,0.0,False,,,1,2,0.10838191845933716,0.12345754504634997,45767.26672217298,376510.4284207119,219,6,29.66575342465753,248.96717252329117,1767.654593524469,,,,,,,,
znhoughton/opt-babylm-1.3B-20eps-seed964,random_noposemb,Tense,regular,Pres+Past,2,2048,11558,81,10,0.516629996669435,0.012030234543613202,0.47133976878695166,True,,0.16384412199887774,1,60,0.13586300523194406,0.10659333464653503,1319658.7533123777,8393498.63680621,4739,162,29.080708643357156,218.79781082754735,1833.8428308512587,,,,,0.02277015640668141,0.02391902226020773,0.02508941447916841,0.0
znhoughton/opt-babylm-1.3B-20eps-seed964,random_noposemb,Tense,zero,Pres+Past,2,2048,352,4,10,0.7278456200470755,0.12655769164841968,0.14559668830450476,True,0.020542050817809736,0.07158246576057396,1,3,0.10331640978656402,0.08666994677946101,46056.46212942661,399724.2441937243,222,8,26.581724581724583,177.250511924525,1867.8702999706743,5.154266970659559e-05,0.00035753200303968323,0.0016231122127060966,0.0,0.00043563414824064264,0.001435113878434117,0.0031216582191314944,0.0
znhoughton/opt-babylm-1.3B-20eps-seed964,random_noposemb,Number,regular,Sing+Plur,3,2048,36786,200,10,0.5339628171217163,0.009572994313645933,0.45646418856463766,True,,0.29928425139730735,1,119,0.13424582952404612,0.11093086805133584,4090375.530978532,26378917.597012933,14888,400,37.11117227512629,227.17755091569555,1820.742517739711,,,,,0.0496047934736449,0.050658936860239034,0.05183336784818689,0.0
znhoughton/opt-babylm-1.3B-20eps-seed964,random_noposemb,Number,zero,Sing+Plur,3,2048,784,3,10,0.9071130335487148,0.09288696645128523,0.0,False,,,1,2,0.10064719223233866,0.11268443097572527,42547.48889727161,380191.4663937315,219,6,29.66575342465753,226.67758412373948,1784.9364619424014,,,,,,,,
znhoughton/opt-babylm-1.3B-20eps-seed964,random_noposemb,Tense,regular,Pres+Past,3,2048,11558,81,10,0.520717837889552,0.012466600539924903,0.46681556157052323,True,,0.1659659318845826,1,60,0.12791132194671403,0.09828364095148209,1241029.3444292373,8461234.110765383,4739,162,29.080708643357156,201.49491335236522,1848.6419293784975,,,,,0.021943393785413944,0.02289516853661051,0.024129353929920695,0.0
znhoughton/opt-babylm-1.3B-20eps-seed964,random_noposemb,Tense,zero,Pres+Past,3,2048,352,4,10,0.7197151887452061,0.13617204756340084,0.14411276369139303,True,0.01922857213217815,0.06359562594824791,1,3,0.09627045384294808,0.07825144098135874,42886.74558665357,402595.1637083556,222,8,26.581724581724583,159.71093659393364,1881.285811721288,3.4727802047419495e-05,0.0003547024242328257,0.0013481149243115217,0.0,0.0005759268442673552,0.0013476247276734943,0.0033719810489883702,0.0
znhoughton/opt-babylm-1.3B-20eps-seed964,random_noposemb,Number,regular,Sing+Plur,4,2048,36786,200,10,0.5350560022063138,0.009611292441547611,0.45533270535213854,True,,0.3001289087913756,1,118,0.12796878920430055,0.1044537364102459,3897311.558546014,26557861.009540144,14888,400,37.11117227512629,213.80635509208375,1833.0936643801867,,,,,0.04825594822535815,0.04937505495923465,0.05055542965962855,0.0
znhoughton/opt-babylm-1.3B-20eps-seed964,random_noposemb,Number,zero,Sing+Plur,4,2048,784,3,10,0.903419007007034,0.09658099299296594,0.0,False,,,1,2,0.09535931716920944,0.10527479338449475,40381.84882824484,383088.5579133392,219,6,29.66575342465753,211.61882677322845,1798.537830579057,,,,,,,,
znhoughton/opt-babylm-1.3B-20eps-seed964,random_noposemb,Tense,regular,Pres+Past,4,2048,11558,81,10,0.5242834465619955,0.013056525722524831,0.4626600277154797,True,,0.16862064269006233,1,59,0.12301278033753911,0.09316373755271322,1191868.230435806,8497110.647737639,4739,162,29.080708643357156,190.72533488967062,1856.4803687432027,,,,,0.021381464577939307,0.022510256509941706,0.023648053250537527,0.0
znhoughton/opt-babylm-1.3B-20eps-seed964,random_noposemb,Tense,zero,Pres+Past,4,2048,352,4,10,0.7170537436152649,0.13928026339218563,0.14366599299254942,True,0.02092011932580226,0.05981110941625192,1,3,0.09294705930811846,0.07427276223902736,41464.22858867321,404641.63960474386,222,8,26.581724581724583,151.70620067766683,1890.8487831997377,2.1031501727353964e-05,0.0003627806513377625,0.0014543644152326105,0.0,0.0004823612254553134,0.0013927903041027318,0.0030383183886860936,0.0
znhoughton/opt-babylm-1.3B-20eps-seed964,random_noposemb,Number,regular,Sing+Plur,5,2048,36786,200,10,0.5355184954941404,0.010134380192032139,0.4543471243138274,True,,0.3030546328225799,1,117,0.12342221348250228,0.09976195037514846,3756609.756017392,26680453.80021166,14888,400,37.11117227512629,204.07619157494528,1841.555342366901,,,,,0.04722794867633529,0.04839867152987543,0.049663915677599174,0.0
znhoughton/opt-babylm-1.3B-20eps-seed964,random_noposemb,Number,zero,Sing+Plur,5,2048,784,3,10,0.8971342954263595,0.10286570457364051,0.0,False,,,1,2,0.09082670981917394,0.09889443791772759,38398.74493866325,384370.55954358605,219,6,29.66575342465753,198.04628879824088,1804.5566175755214,,,,,,,,
znhoughton/opt-babylm-1.3B-20eps-seed964,random_noposemb,Tense,regular,Pres+Past,5,2048,11558,81,10,0.523000861666186,0.013554480446225856,0.46344465788758815,True,,0.17176828403363212,1,59,0.1193262195757743,0.08931017441245098,1155402.1186556746,8527315.751426294,4739,162,29.080708643357156,182.70981796876214,1863.0796922495726,,,,,0.020941702902161533,0.02191471178409546,0.022884816315989154,0.0
znhoughton/opt-babylm-1.3B-20eps-seed964,random_noposemb,Tense,zero,Pres+Past,5,2048,352,4,10,0.7078097436468151,0.14349058876229784,0.14869966759088696,True,0.019688579936393412,0.05661150679004501,1,3,0.09053930351678582,0.07138709531474545,40335.542365959685,405167.5794741763,222,8,26.581724581724583,145.5478887368045,1893.3064461410106,2.199518809521941e-05,0.00038698535638859947,0.0012576492443941872,0.0,0.0005311410289838805,0.0013357825702484073,0.0033286105528351827,0.0
znhoughton/opt-babylm-1.3B-20eps-seed964,random_noposemb,Number,regular,Sing+Plur,6,2048,36786,200,10,0.5373585081221645,0.010244437203021985,0.4523970546748136,True,,0.30380386970363027,1,116,0.11998770535599486,0.09621759333458638,3651869.9616558226,26783497.98559334,14888,400,37.11117227512629,196.8110443051876,1848.667724019419,,,,,0.04620881229468388,0.04739287046091412,0.04870035756029233,0.0
znhoughton/opt-babylm-1.3B-20eps-seed964,random_noposemb,Number,zero,Sing+Plur,6,2048,784,3,10,0.8915603355402272,0.10843966445977281,0.0,False,,,1,2,0.0875671450218274,0.09428941958604592,37063.47067036044,386194.25528521143,219,6,29.66575342465753,188.75554867936384,1813.1185694141382,,,,,,,,
znhoughton/opt-babylm-1.3B-20eps-seed964,random_noposemb,Tense,regular,Pres+Past,6,2048,11558,81,10,0.5228325830639119,0.014132098798334334,0.46303531813775384,True,,0.17440223609072383,1,58,0.11649615075231194,0.08635166409797901,1127512.5909073702,8551026.859761938,4739,162,29.080708643357156,176.57491342303862,1868.2601834743148,,,,,0.021016628213992826,0.021906153484194828,0.022959738327213885,0.0
znhoughton/opt-babylm-1.3B-20eps-seed964,random_noposemb,Tense,zero,Pres+Past,6,2048,352,4,10,0.7050737557632227,0.1484485908285521,0.1464776534082252,True,0.021169809007942502,0.05487814969622675,1,3,0.08813880193059653,0.06850746990659926,39268.67924082963,406263.5764818102,222,8,26.581724581724583,139.62161789852672,1898.4279274850944,3.074345230910944e-05,0.00037293157574143295,0.001363188267553446,0.0,0.0005000998208973115,0.0013505232717415509,0.003401187926016345,0.0
znhoughton/opt-babylm-1.3B-20eps-seed964,random_noposemb,Number,regular,Sing+Plur,7,2048,36786,200,10,0.5372594262909122,0.01041358346485797,0.45232699024422984,True,,0.30503626963057967,1,115,0.11729843310960786,0.09344221383267763,3568770.311474964,26855935.43152654,14888,400,37.11117227512629,191.06426751025083,1853.667547730987,,,,,0.04574086585570287,0.046893558811663454,0.04803943658111654,0.0
znhoughton/opt-babylm-1.3B-20eps-seed964,random_noposemb,Number,zero,Sing+Plur,7,2048,784,3,10,0.8872251471751933,0.11277485282480666,0.0,False,,,1,2,0.08542990471343702,0.0912623834320066,36172.60803053193,387245.96128507267,219,6,29.66575342465753,182.5831076090719,1818.0561562679468,,,,,,,,
znhoughton/opt-babylm-1.3B-20eps-seed964,random_noposemb,Tense,regular,Pres+Past,7,2048,11558,81,10,0.5251909729926257,0.014349612795465361,0.46045941421190884,True,,0.17321878686226935,1,58,0.11437309543246602,0.08413211881123424,1106110.184786744,8564959.576893963,4739,162,29.080708643357156,171.89902078628728,1871.3042553843047,,,,,0.020334422393312197,0.021443569564674636,0.02250176894972633,0.0
znhoughton/opt-babylm-1.3B-20eps-seed964,random_noposemb,Tense,zero,Pres+Past,7,2048,352,4,10,0.7111105594584429,0.15050356854357322,0.13838587199798383,True,0.019951538256688803,0.046861244280206,1,3,0.08602441946731303,0.06596887429650525,38289.73895243294,406813.3979188599,222,8,26.581724581724583,134.26388156197433,1900.9971865367286,3.4982829330822195e-05,0.0003634531054156245,0.0014457995865798283,0.0,0.000440995743686193,0.001310654200769779,0.0032525725235910867,0.0
znhoughton/opt-babylm-1.3B-20eps-seed964,random_noposemb,Number,regular,Sing+Plur,8,2048,36786,200,10,0.5369038326493678,0.010505444635049321,0.4525907227155829,True,,0.30941605749763584,1,115,0.11513366522360073,0.09120807278459755,3502442.356637883,26918220.008586057,14888,400,37.11117227512629,186.46903348147774,1857.9665936351503,,,,,0.04574665178021681,0.046936124321214204,0.04795447398423737,0.0
znhoughton/opt-babylm-1.3B-20eps-seed964,random_noposemb,Number,zero,Sing+Plur,8,2048,784,3,10,0.886983858052064,0.11301614194793595,0.0,False,,,1,2,0.08444384049466122,0.08986375501915482,35825.14281588166,388423.0037158554,219,6,29.66575342465753,180.0542972782513,1823.5821770697437,,,,,,,,
znhoughton/opt-babylm-1.3B-20eps-seed964,random_noposemb,Tense,regular,Pres+Past,8,2048,11558,81,10,0.5251634482604641,0.014707978625068084,0.4601285731144678,True,,0.17267917606818597,1,58,0.11269307896184969,0.08237566525344897,1089509.3653020747,8578425.660866741,4739,162,29.080708643357156,168.2521770490963,1874.2463755444048,,,,,0.019621904407298548,0.020959241193797697,0.02212951569013811,0.0
znhoughton/opt-babylm-1.3B-20eps-seed964,random_noposemb,Tense,zero,Pres+Past,8,2048,352,4,10,0.7077887396575976,0.15400273570061282,0.13820852464178957,True,0.020944910795424314,0.04360777486539406,1,3,0.08466959479397795,0.06434114539001053,37694.14515045555,407496.8970669393,222,8,26.581724581724583,130.94284985708214,1904.1911077894358,2.5846829379328317e-05,0.0003577148346164163,0.0013966005954419794,0.0,0.0003739412462417761,0.0012447183981914621,0.00327080879030199,0.0
znhoughton/opt-babylm-1.3B-20eps-seed964,random_noposemb,Number,regular,Sing+Plur,9,2048,36786,200,10,0.5372448533442513,0.010798077017842325,0.4519570696379064,True,,0.30979873557617743,1,114,0.1133602678520597,0.08937780447728183,3448555.264228694,26972643.711140838,14888,400,37.11117227512629,182.72860092345587,1861.7230612328021,,,,,0.04440375534487696,0.04589334909818025,0.04708172514240633,0.0
znhoughton/opt-babylm-1.3B-20eps-seed964,random_noposemb,Number,zero,Sing+Plur,9,2048,784,3,10,0.8850583352332282,0.11494166476677184,0.0,False,,,1,2,0.0829973172389522,0.08780968184894686,35262.360818809146,389599.09244103014,219,6,29.66575342465753,176.07401937885237,1829.1037203804233,,,,,,,,
znhoughton/opt-babylm-1.3B-20eps-seed964,random_noposemb,Tense,regular,Pres+Past,9,2048,11558,81,10,0.526129366025996,0.015130536976323673,0.4587400969976804,True,,0.17201029556294645,1,57,0.11129656018580836,0.08091555234825142,1075418.6370986686,8587221.74732354,4739,162,29.080708643357156,165.17653491924585,1876.1681772609872,,,,,0.019470788146204496,0.0205470759398641,0.02163619404592459,0.0
znhoughton/opt-babylm-1.3B-20eps-seed964,random_noposemb,Tense,zero,Pres+Past,9,2048,352,4,10,0.7085370532731663,0.1565611893127265,0.13490175741410712,True,0.019391931066541468,0.04479190551979717,1,3,0.08288720043931232,0.06219843132379216,36855.167445911124,407787.2773534574,222,8,26.581724581724583,126.38291716174017,1905.548025016156,4.585025898440856e-05,0.00034775338795365457,0.0013640105257189537,0.0,0.0003784271673548355,0.001331276714505696,0.0035818583667225215,0.0
znhoughton/opt-babylm-1.3B-20eps-seed964,random_noposemb,Number,regular,Sing+Plur,10,2048,36786,200,10,0.5375974649634383,0.01110330988209561,0.451299225154466,True,,0.3097505994170283,1,113,0.11165809984152489,0.08762101605099053,3396152.668657986,27019488.23404507,14888,400,37.11117227512629,179.1025187935892,1864.9563938462913,,,,,0.04417965429436156,0.045378532403739444,0.04659174340760933,0.0
znhoughton/opt-babylm-1.3B-20eps-seed964,random_noposemb,Number,zero,Sing+Plur,10,2048,784,3,10,0.881117996139185,0.11888200386081511,0.0,False,,,1,2,0.08112803359137163,0.08515116993768412,34486.408284605786,390599.8012284716,219,6,29.66575342465753,170.68434773042907,1833.8018837017448,,,,,,,,
znhoughton/opt-babylm-1.3B-20eps-seed964,random_noposemb,Tense,regular,Pres+Past,10,2048,11558,81,10,0.526484987475444,0.015367717776769632,0.4581472947477864,True,,0.17332865932848937,1,57,0.1100752347404575,0.07963856930501616,1063407.581421942,8597326.587615382,4739,162,29.080708643357156,162.53524531522936,1878.3759203878922,,,,,0.019284829997106137,0.020482255838541644,0.021665927948235936,0.0
znhoughton/opt-babylm-1.3B-20eps-seed964,random_noposemb,Tense,zero,Pres+Past,10,2048,352,4,10,0.7049153361495214,0.15596733744579577,0.13911732640468277,True,0.01835001725031219,0.043147550747009926,1,3,0.081936309759974,0.06105471361665071,36408.45664042455,407942.24388636596,222,8,26.581724581724583,123.95493428824594,1906.2721676932988,5.0401964143282614e-05,0.0003691774616292056,0.0013870024601473998,0.0,0.0004380216684829141,0.001282312182548153,0.003523023488664684,0.0
znhoughton/opt-babylm-1.3B-20eps-seed964,random_noposemb,Number,regular,Sing+Plur,11,2048,36786,200,10,0.5377432554396985,0.011155737700206662,0.45110100686009486,True,,0.310784437086816,1,112,0.110309664096707,0.08622928725789085,3354661.0888169226,27056646.173218943,14888,400,37.11117227512629,176.23131709306398,1867.5211328836929,,,,,0.04373691368214424,0.044897916704292044,0.046025826692209955,0.0
znhoughton/opt-babylm-1.3B-20eps-seed964,random_noposemb,Number,zero,Sing+Plur,11,2048,784,3,10,0.875099834397278,0.12490016560272198,0.0,False,,,1,2,0.07978073234153948,0.08323214189831195,33948.94471274823,391579.1711161912,219,6,29.66575342465753,166.905893380712,1838.3998643952639,,,,,,,,
znhoughton/opt-babylm-1.3B-20eps-seed964,random_noposemb,Tense,regular,Pres+Past,11,2048,11558,81,10,0.5258601476477808,0.015518422050896983,0.45862143030132213,True,,0.17385180150480045,1,57,0.10906194915296802,0.07857907751335676,1053278.4822936861,8604338.041837748,4739,162,29.080708643357156,160.31915255786396,1879.9078090097767,,,,,0.018897746000234434,0.020088181765312817,0.021095687325590688,0.0
znhoughton/opt-babylm-1.3B-20eps-seed964,random_noposemb,Tense,zero,Pres+Past,11,2048,352,4,10,0.707297177529881,0.15675219112666838,0.13595063134345073,True,0.019082692623902674,0.04483945407668466,1,3,0.08165079421830396,0.060711218087661306,36252.55860385633,407742.61561245844,222,8,26.581724581724583,123.15219082387311,1905.3393252918618,4.780683773302773e-05,0.0003859033928273601,0.0015650487287464628,0.0,0.0004373332316791773,0.0013375547879956847,0.0032617030362286333,0.0
znhoughton/opt-babylm-1.3B-20eps-seed964,random_noposemb,Number,regular,Sing+Plur,12,2048,36786,200,10,0.5388062355015768,0.011304364628833448,0.44988939986958987,True,,0.3120994407420772,1,112,0.10906124387386061,0.08494076661355093,3316404.2063485687,27092236.742073916,14888,400,37.11117227512629,173.5814825575163,1869.9776878847265,,,,,0.04316455678776056,0.04420892455148266,0.045398699107544585,0.0
znhoughton/opt-babylm-1.3B-20eps-seed964,random_noposemb,Number,zero,Sing+Plur,12,2048,784,3,10,0.8727513341199679,0.1272486658800322,0.0,False,,,1,2,0.07854473404912067,0.08146951878820925,33478.416661922114,392755.3349347823,219,6,29.66575342465753,163.5475594594051,1843.921760257194,,,,,,,,
znhoughton/opt-babylm-1.3B-20eps-seed964,random_noposemb,Tense,regular,Pres+Past,12,2048,11558,81,10,0.5261810837761961,0.01580780851370679,0.45801110771009707,True,,0.17578709308474752,1,57,0.10800761607482928,0.07747663825105677,1042726.7336340097,8611469.623330235,4739,162,29.080708643357156,158.01188601739736,1881.4659434848668,,,,,0.01895043369380559,0.020071576527774266,0.021052655749410065,0.0
znhoughton/opt-babylm-1.3B-20eps-seed964,random_noposemb,Tense,zero,Pres+Past,12,2048,352,4,10,0.7035265422246632,0.15714427536580786,0.13932918240952896,True,0.018908780265684155,0.046107691686455184,1,3,0.08106734017880843,0.06000916420792965,35985.497576536734,407910.8668183518,222,8,26.581724581724583,121.68735750201908,1906.1255458801486,4.361481746393522e-05,0.0003586081847248313,0.001409184976428888,0.0,0.0004929264373467634,0.0013461560205019034,0.0034168169022715127,0.0
znhoughton/opt-babylm-1.3B-20eps-seed964,random_noposemb,Number,regular,Sing+Plur,13,2048,36786,200,10,0.5389864414828203,0.011373197471424484,0.4496403610457551,True,,0.3129434832062517,1,111,0.10802306834946945,0.08386923038832357,3284281.4365895553,27119237.800287277,14888,400,37.11117227512629,171.36188468064918,1871.8413721899003,,,,,0.042810000271932505,0.04393497825638169,0.04511898460481037,0.0
znhoughton/opt-babylm-1.3B-20eps-seed964,random_noposemb,Number,zero,Sing+Plur,13,2048,784,3,10,0.8715858927950355,0.1284141072049645,0.0,False,,,1,2,0.07798124740830409,0.08066526878629926,33286.791293418675,393569.5671222332,219,6,29.66575342465753,162.12680471155113,1847.7444465832546,,,,,,,,
znhoughton/opt-babylm-1.3B-20eps-seed964,random_noposemb,Tense,regular,Pres+Past,13,2048,11558,81,10,0.5260368403864789,0.015875598772757026,0.45808756084076413,True,,0.1739262405885251,1,57,0.10730620102148729,0.07674320371660315,1035670.349434704,8615872.055158658,4739,162,29.080708643357156,156.47167826204722,1882.4278031808299,,,,,0.018316937918989865,0.019540915811256644,0.020623685227550072,0.0
znhoughton/opt-babylm-1.3B-20eps-seed964,random_noposemb,Tense,zero,Pres+Past,13,2048,352,4,10,0.7055067926853738,0.1564516910893905,0.13804151622523578,True,0.020018303208246834,0.04424616683457506,1,3,0.07990193393312481,0.0586063925579144,35466.805422394056,408412.3809322011,222,8,26.581724581724583,118.81160717872035,1908.4690697766407,3.4444057205493676e-05,0.0003812562044231113,0.0013514645404619373,0.0,0.00045587135143512525,0.001347628174984938,0.0035620752002147407,0.0
znhoughton/opt-babylm-1.3B-20eps-seed964,random_noposemb,Number,regular,Sing+Plur,14,2048,36786,200,10,0.5390713576837868,0.011476127444410364,0.4494525148718029,True,,0.31479431903151484,1,111,0.10703349259644727,0.08284784419683322,3253958.537905246,27147352.855097484,14888,400,37.11117227512629,169.26176737572814,1873.7819474805,,,,,0.042754279643196544,0.04397431064420818,0.045216565444398296,0.0
znhoughton/opt-babylm-1.3B-20eps-seed964,random_noposemb,Number,zero,Sing+Plur,14,2048,784,3,10,0.8694750174656596,0.13052498253434047,0.0,False,,,1,2,0.07738681062702267,0.07981638421322403,33058.729542907786,394129.43437095714,219,6,29.66575342465753,160.50065909686148,1850.3729313190477,,,,,,,,
znhoughton/opt-babylm-1.3B-20eps-seed964,random_noposemb,Tense,regular,Pres+Past,14,2048,11558,81,10,0.5255176505142833,0.016053884596158193,0.45842846488955835,True,,0.17471301237174922,1,56,0.10650858401747125,0.0759091601608921,1027845.4590437663,8622507.78267394,4739,162,29.080708643357156,154.75055094234008,1883.8776016329343,,,,,0.018511478236899633,0.019543859069333563,0.02061303876357105,0.0
znhoughton/opt-babylm-1.3B-20eps-seed964,random_noposemb,Tense,zero,Pres+Past,14,2048,352,4,10,0.7021037907739028,0.15857581636193416,0.139320392864163,True,0.020300371283382263,0.045173561680110885,1,3,0.07902624588219392,0.057551934515439586,35070.275647711576,408709.8287493968,222,8,26.581724581724583,116.62826299570843,1909.8590128476485,4.638683266836547e-05,0.0003817700134836491,0.0015115516597929177,0.0,0.00043218356179395174,0.0014013020572303005,0.003229376881846423,0.0
znhoughton/opt-babylm-1.3B-20eps-seed964,random_noposemb,Number,regular,Sing+Plur,15,2048,36786,200,10,0.5393840805197296,0.011578590854367622,0.4490373286259027,True,,0.31445464498130016,1,110,0.10601466189085153,0.08179625096950176,3222531.5233536907,27174504.753302842,14888,400,37.11117227512629,167.08887608090822,1875.6560431600526,,,,,0.0425041467531457,0.04358679823716283,0.04448544725928773,0.0
znhoughton/opt-babylm-1.3B-20eps-seed964,random_noposemb,Number,zero,Sing+Plur,15,2048,784,3,10,0.8664775833900483,0.13352241660995173,0.0,False,,,1,2,0.0766185688375672,0.07871859704772433,32762.412242836366,394841.6625904236,219,6,29.66575342465753,158.39023723850966,1853.7167257766366,,,,,,,,
znhoughton/opt-babylm-1.3B-20eps-seed964,random_noposemb,Tense,regular,Pres+Past,15,2048,11558,81,10,0.5270782104882524,0.01599815826608328,0.4569236312456644,True,,0.17688614461456625,1,56,0.10563830040437854,0.07499911258992639,1019246.7264438879,8629211.479928786,4739,162,29.080708643357156,152.86363248981246,1885.3422503667873,,,,,0.01853699701775435,0.019527311504066613,0.020558411907238644,0.0
znhoughton/opt-babylm-1.3B-20eps-seed964,random_noposemb,Tense,zero,Pres+Past,15,2048,352,4,10,0.7030539139114392,0.1576665903568638,0.13927949573169698,True,0.022257889940851854,0.045903486281825945,1,3,0.07853685779568774,0.05696248427747289,34835.1232967299,408716.15026393207,222,8,26.581724581724583,115.36338145344587,1909.8885526351967,4.226373690175318e-05,0.0003464676093237703,0.0014307732647075603,0.0,0.00038633580688605197,0.0013844263695280685,0.003350916858878209,0.0
znhoughton/opt-babylm-1.3B-20eps-seed964,random_noposemb,Number,regular,Sing+Plur,16,2048,36786,200,10,0.539328889860591,0.011622559601644454,0.44904855053776443,True,,0.31620603804020664,1,110,0.1051870947663564,0.08094206307034399,3196637.701074307,27193380.27760207,14888,400,37.11117227512629,165.30505648853335,1876.9588816677299,,,,,0.04250963947617637,0.04363819167802075,0.044475021428141595,0.0
znhoughton/opt-babylm-1.3B-20eps-seed964,random_noposemb,Number,zero,Sing+Plur,16,2048,784,3,10,0.8661265625895216,0.13387343741047847,0.0,False,,,1,2,0.07563490727289102,0.0773118289766511,32328.65071881762,395101.64416044665,219,6,29.66575342465753,155.42476812347581,1854.9372965279185,,,,,,,,
znhoughton/opt-babylm-1.3B-20eps-seed964,random_noposemb,Tense,regular,Pres+Past,16,2048,11558,81,10,0.5286360295764532,0.016004854637607868,0.45535911578593896,True,,0.179938381636028,1,56,0.10513927557497146,0.07447727807472997,1014104.6232260779,8631240.731117288,4739,162,29.080708643357156,151.7501146572594,1885.7856087212776,,,,,0.019024846657213188,0.020045164121522536,0.02109067266087864,0.0
znhoughton/opt-babylm-1.3B-20eps-seed964,random_noposemb,Tense,zero,Pres+Past,16,2048,352,4,10,0.7052140004422128,0.16045468310704766,0.13433131645073937,True,0.02168725595939911,0.046044228046372086,1,3,0.07817743214755339,0.05652949849558746,34668.92921425529,408795.74162349454,222,8,26.581724581724583,114.45621931846489,1910.2604748761428,4.2914518503365375e-05,0.0003826675691841492,0.0013523066531506242,0.0,0.0004162760599304206,0.0013505420470240515,0.0032917124816114777,0.0
znhoughton/opt-babylm-1.3B-20eps-seed964,random_noposemb,Number,regular,Sing+Plur,17,2048,36786,200,10,0.5398858620952454,0.011591985458419527,0.44852215244633514,True,,0.3158468007884377,1,109,0.10436411625878698,0.08009260364707987,3171002.5517390617,27213028.52534178,14888,400,37.11117227512629,163.53726893368952,1878.3150555868153,,,,,0.04194014394832491,0.04294787760185584,0.04417142482327521,0.0
znhoughton/opt-babylm-1.3B-20eps-seed964,random_noposemb,Number,zero,Sing+Plur,17,2048,784,3,10,0.8650749095123833,0.13492509048761678,0.0,False,,,1,2,0.07524578303838944,0.07675497084012481,32145.881265925178,395065.85031409917,219,6,29.66575342465753,154.19824123131667,1854.769250300935,,,,,,,,
znhoughton/opt-babylm-1.3B-20eps-seed964,random_noposemb,Tense,regular,Pres+Past,17,2048,11558,81,10,0.5293609557194122,0.016350887051606675,0.4542881572289811,True,,0.17947735547391067,1,56,0.1043847458397506,0.07368824766610267,1006532.8833397836,8635995.58422954,4739,162,29.080708643357156,150.0971873202006,1886.824466731383,,,,,0.018480279460001248,0.019551268282952977,0.02048025666284379,0.0
znhoughton/opt-babylm-1.3B-20eps-seed964,random_noposemb,Tense,zero,Pres+Past,17,2048,352,4,10,0.7016727316777149,0.16048988797761057,0.13783738034467452,True,0.022029585590621667,0.04693496416369125,1,3,0.07779827557748756,0.05607267884026125,34490.12693754038,408837.5262980124,222,8,26.581724581724583,113.48794362223931,1910.455730364544,4.9357230464523735e-05,0.00036825430869220747,0.0014617882384134308,0.0,0.0003573377413639544,0.0013791856845246204,0.003256591296610762,0.0
znhoughton/opt-babylm-1.3B-20eps-seed964,random_noposemb,Number,regular,Sing+Plur,18,2048,36786,200,10,0.5400132983881138,0.011903754214370807,0.44808294739751536,True,,0.31752820948502675,1,109,0.10371131431724283,0.07941879105467162,3150727.373359878,27229057.070621897,14888,400,37.11117227512629,162.13819386478733,1879.4213880882037,,,,,0.04197126778423065,0.0429702624114839,0.04413634743529752,0.0
znhoughton/opt-babylm-1.3B-20eps-seed964,random_noposemb,Number,zero,Sing+Plur,18,2048,784,3,10,0.865244965237505,0.13475503476249492,0.0,False,,,1,2,0.07508682774432825,0.07652743862106859,32104.80181424127,395464.22432118945,219,6,29.66575342465753,153.8582468042353,1856.6395508037062,,,,,,,,
znhoughton/opt-babylm-1.3B-20eps-seed964,random_noposemb,Tense,regular,Pres+Past,18,2048,11558,81,10,0.5302843828584618,0.01621125775591237,0.45350435938562583,True,,0.18129131252840328,1,56,0.1038464581043023,0.07312533786224626,1001266.5297748537,8640531.063063527,4739,162,29.080708643357156,148.93830225642853,1887.8153950324506,,,,,0.018596589570538283,0.019506541184982715,0.02054875553752155,0.0
znhoughton/opt-babylm-1.3B-20eps-seed964,random_noposemb,Tense,zero,Pres+Past,18,2048,352,4,10,0.7051287697503701,0.1622261296137102,0.1326451006359196,True,0.021620789726618916,0.04702226938531698,1,3,0.077131346166647,0.055268979972805,34189.01609226789,409068.07446077943,222,8,26.581724581724583,111.82916626312702,1911.5330582279412,5.503012723175601e-05,0.0003646133310838385,0.0012822956492330186,0.0,0.0003348366375158129,0.0013158651606028399,0.003189851838752806,0.0
znhoughton/opt-babylm-1.3B-20eps-seed964,random_noposemb,Number,regular,Sing+Plur,19,2048,36786,200,10,0.5398165394683577,0.011923095471406076,0.4482603650602361,True,,0.3160615885407869,1,109,0.10294555161791241,0.07862837583018466,3127060.4541623597,27248807.225566063,14888,400,37.11117227512629,160.50313921508058,1880.7845959115173,,,,,0.041319344740451756,0.04248615343611527,0.04356588690002227,0.0
znhoughton/opt-babylm-1.3B-20eps-seed964,random_noposemb,Number,zero,Sing+Plur,19,2048,784,3,10,0.861476825748881,0.13852317425111904,0.0,False,,,1,2,0.07404946279202844,0.07504169735425543,31633.186343459623,395556.7641400838,219,6,29.66575342465753,150.66407364289554,1857.0740100473417,,,,,,,,
znhoughton/opt-babylm-1.3B-20eps-seed964,random_noposemb,Tense,regular,Pres+Past,19,2048,11558,81,10,0.5303320557159993,0.01629660162656834,0.4533713426574325,True,,0.18222617013217415,1,56,0.10318770366061196,0.07243644082429582,994728.8656416208,8645265.342518294,4739,162,29.080708643357156,147.50639174026156,1888.8497580332737,,,,,0.0185394553065064,0.01950421423299243,0.020584097214487757,0.0
znhoughton/opt-babylm-1.3B-20eps-seed964,random_noposemb,Tense,zero,Pres+Past,19,2048,352,4,10,0.6972340296471363,0.16563994417627984,0.13712602617658384,True,0.022172796577354232,0.04774900016415004,1,3,0.07664050124262642,0.05467734422181926,33969.00868927397,409256.2852285699,222,8,26.581724581724583,110.61370266636479,1912.4125477970556,5.026375631978049e-05,0.00034171387449601347,0.0013933721897755947,0.0,0.00035613326686418566,0.0013345370907931545,0.0033577610160881203,0.0
znhoughton/opt-babylm-1.3B-20eps-seed964,random_noposemb,Number,regular,Sing+Plur,20,2048,36786,200,10,0.5401620041155503,0.011911951531930922,0.44792604435251876,True,,0.3170279959480754,1,108,0.10223403850996383,0.0778939506836891,3105088.1351870727,27267263.191660374,14888,400,37.11117227512629,158.98493473247828,1882.0584754044985,,,,,0.041404195339517016,0.042459647288273755,0.04362185842744248,0.0
znhoughton/opt-babylm-1.3B-20eps-seed964,random_noposemb,Number,zero,Sing+Plur,20,2048,784,3,10,0.8602195284193752,0.1397804715806247,0.0,False,,,1,2,0.0738542211283798,0.07476190539009575,31579.089336304525,396007.7006104883,219,6,29.66575342465753,150.22799929558857,1859.191082678349,,,,,,,,
znhoughton/opt-babylm-1.3B-20eps-seed964,random_noposemb,Tense,regular,Pres+Past,20,2048,11558,81,10,0.5310663123127861,0.016575340520946585,0.4523583471662673,True,,0.18020379378762155,1,56,0.10264371116390864,0.07186754842465286,989557.1043194993,8651141.70809294,4739,162,29.080708643357156,146.3576359871222,1890.1336482615118,,,,,0.017904274856634986,0.019093133563112066,0.020101000454388437,0.0
znhoughton/opt-babylm-1.3B-20eps-seed964,random_noposemb,Tense,zero,Pres+Past,20,2048,352,4,10,0.6910691311800592,0.16588428633016727,0.1430465824897736,True,0.021101440903921076,0.04841080376505481,1,3,0.07643683160224854,0.05443181998755078,33898.86500255964,409589.75549597037,222,8,26.581724581724583,110.17811020074242,1913.970820074628,4.085862975280473e-05,0.00033728683667959985,0.0013492530764851896,0.0,0.00037764665587876177,0.0013291605575639631,0.0035667467245901977,0.0
znhoughton/opt-babylm-1.3B-20eps-seed964,random_noposemb,Number,regular,Sing+Plur,21,2048,36786,200,10,0.5406495044407118,0.011880717435499425,0.44746977812378885,True,,0.3166329150547241,1,108,0.10162398866917823,0.0772642515119888,3086430.447294187,27284651.102570992,14888,400,37.11117227512629,157.69256698704174,1883.258634909649,,,,,0.040898192047021956,0.04187022044744979,0.04313327327459594,0.0
znhoughton/opt-babylm-1.3B-20eps-seed964,random_noposemb,Number,zero,Sing+Plur,21,2048,784,3,10,0.8587416865470986,0.14125831345290144,0.0,False,,,1,2,0.0725552888826092,0.0728991586378915,31010.771020002816,396398.05744151265,219,6,29.66575342465753,146.33474491618486,1861.023743856867,,,,,,,,
znhoughton/opt-babylm-1.3B-20eps-seed964,random_noposemb,Tense,regular,Pres+Past,21,2048,11558,81,10,0.5307849587305028,0.016806337509702222,0.45240870375979503,True,,0.18126098181850392,1,55,0.10222877104369829,0.07143361030465413,985529.5037442882,8654902.379399626,4739,162,29.080708643357156,145.46915013810596,1890.9552937294354,,,,,0.01791624247826263,0.01907505449418797,0.020148052519582772,0.0
znhoughton/opt-babylm-1.3B-20eps-seed964,random_noposemb,Tense,zero,Pres+Past,21,2048,352,4,10,0.6883616613939946,0.1681218731929817,0.1435164654130236,True,0.01894981407739665,0.04801535782897536,1,3,0.07583992394725267,0.05371213566937532,33629.19960820349,409794.2356736263,222,8,26.581724581724583,108.69291150745799,1914.9263349234875,3.54887462805505e-05,0.00036750492898525867,0.0013800613127931407,0.0,0.00043805195604600745,0.0013709292791389543,0.0035197307622882134,0.0
znhoughton/opt-babylm-1.3B-20eps-seed964,random_noposemb,Number,regular,Sing+Plur,22,2048,36786,200,10,0.540672558632773,0.011982678894723391,0.4473447624725036,True,,0.31735536457549757,1,108,0.10110390408244702,0.07672741196830642,3070489.886297927,27299157.202641785,14888,400,37.11117227512629,156.5890575181563,1884.2598842243087,,,,,0.04093020476743199,0.04197216297676805,0.04312656122595753,0.0
znhoughton/opt-babylm-1.3B-20eps-seed964,random_noposemb,Number,zero,Sing+Plur,22,2048,784,3,10,0.8570606887361338,0.14293931126386622,0.0,False,,,1,2,0.07204805627466705,0.07217113962913956,30809.83382929766,396819.10472030146,219,6,29.66575342465753,144.91343646919537,1863.0004916446078,,,,,,,,
znhoughton/opt-babylm-1.3B-20eps-seed964,random_noposemb,Tense,regular,Pres+Past,22,2048,11558,81,10,0.5314265478975462,0.01679359510734583,0.4517798569951079,True,,0.18258839846265745,1,55,0.10185003844918497,0.07103753357970688,982032.286720534,8659910.92384084,4739,162,29.080708643357156,144.68457055361256,1892.0495791655756,,,,,0.017885196602113903,0.019036868687116966,0.020064040609929126,0.0
znhoughton/opt-babylm-1.3B-20eps-seed964,random_noposemb,Tense,zero,Pres+Past,22,2048,352,4,10,0.6844546715863766,0.17103444924538697,0.14451087916823624,True,0.017937928993777493,0.046620950641062836,1,3,0.07563970175905643,0.05347069321810887,33541.38537997526,409894.86040029465,222,8,26.581724581724583,108.20328568540126,1915.3965439266105,3.273362782582667e-05,0.00035566267617902236,0.0013650789933169554,0.0,0.0004691204583629532,0.0013505489895393225,0.0034755287426363386,0.0
znhoughton/opt-babylm-1.3B-20eps-seed964,random_noposemb,Number,regular,Sing+Plur,23,2048,36786,200,10,0.5411222699646615,0.011927855436275513,0.446949874599063,True,,0.31684070386647206,1,107,0.10049654278999419,0.07610048012251223,3052098.2016412434,27318082.87035004,14888,400,37.11117227512629,155.3117939774678,1885.5661837624268,,,,,0.04048707603395204,0.04157908056840799,0.04262458379926246,0.0
znhoughton/opt-babylm-1.3B-20eps-seed964,random_noposemb,Number,zero,Sing+Plur,23,2048,784,3,10,0.8534557741245017,0.14654422587549842,0.0,False,,,1,2,0.07132926147592912,0.0711388761592023,30508.764172817024,397208.6065322275,219,6,29.66575342465753,142.8220492250438,1864.8291386489552,,,,,,,,
znhoughton/opt-babylm-1.3B-20eps-seed964,random_noposemb,Tense,regular,Pres+Past,23,2048,11558,81,10,0.5318966682150645,0.016843155817080253,0.4512601759678553,True,,0.18023434342277175,1,55,0.10145040019071735,0.07061958978709416,978231.8732502214,8664232.537055071,4739,162,29.080708643357156,143.84039391899347,1892.9937813098256,,,,,0.0174433598011547,0.018528560941467508,0.019693975159541532,0.0
znhoughton/opt-babylm-1.3B-20eps-seed964,random_noposemb,Tense,zero,Pres+Past,23,2048,352,4,10,0.684166805522281,0.17024335851846029,0.14558983595925873,True,0.01827709239188385,0.04664310658813887,1,3,0.07536221510547941,0.05313604893826012,33421.966388029556,410062.42882581975,222,8,26.581724581724583,107.53203931975615,1916.1795739524287,2.8694585165421906e-05,0.0003481073202617059,0.0013854546236797963,0.0,0.00046151305924864005,0.0012843599074502583,0.0032966770402179163,0.0
znhoughton/opt-babylm-1.3B-20eps-seed964,random_noposemb,Number,regular,Sing+Plur,24,2048,36786,200,10,0.5415570406057626,0.01218870327128753,0.4462542561229499,True,,0.3175172170136285,1,107,0.09944448176748795,0.07501450936097753,3016492.83965351,27316943.32532545,14888,400,37.11117227512629,152.90934112193582,1885.4875293570854,,,,,0.04048079373667736,0.04151351974229046,0.042514464869530595,0.0
znhoughton/opt-babylm-1.3B-20eps-seed964,random_noposemb,Number,zero,Sing+Plur,24,2048,784,3,10,0.849178564362121,0.15082143563787892,0.0,False,,,1,2,0.07021067146379624,0.06953107812522843,29929.338394002985,396349.71249694156,219,6,29.66575342465753,139.05161441427666,1860.7967722861106,,,,,,,,
znhoughton/opt-babylm-1.3B-20eps-seed964,random_noposemb,Tense,regular,Pres+Past,24,2048,11558,81,10,0.5316989547283764,0.016867790690399762,0.4514332545812238,True,,0.1826762638462409,1,55,0.10052546025627564,0.06965226688627908,967713.1376002523,8658834.556219827,4739,162,29.080708643357156,141.63431319247243,1891.8144103604604,,,,,0.01807503422979719,0.019009124490982965,0.020140194383701956,0.0
znhoughton/opt-babylm-1.3B-20eps-seed964,random_noposemb,Tense,zero,Pres+Past,24,2048,352,4,10,0.685643344532854,0.17095511275723338,0.1434015427099126,True,0.017634462343323446,0.04937491437914065,1,3,0.07526502723293434,0.05301883354205397,33309.14412914498,409248.9117665636,222,8,26.581724581724583,107.06871407794328,1912.3780923671197,2.1336434816085058e-05,0.0003425423046837069,0.0013477136448770014,0.0,0.0004208204435938987,0.0013525891500513051,0.003287990307822751,0.0
