grid,component,own,width,r_int,epred,lo,hi
planted,item,0,8,NA,0.5318480334988489,0.5099425999352921,0.5519201178257206
planted,item,0,16,NA,0.5128788188808158,0.4914838256405622,0.5327729128307063
planted,item,0,32,NA,0.49374932037131664,0.47219657330571296,0.5136020581404632
planted,item,0,128,NA,0.4556009723517338,0.43381302377818615,0.4763200747859413
planted,item,0,256,NA,0.43677344839584004,0.41383760927286445,0.45843205938964265
planted,item,0.041666666666666664,8,NA,0.5516693222304243,0.5320667877114322,0.5702885195874864
planted,item,0.041666666666666664,16,NA,0.5315681759908488,0.5126634694003224,0.5502589980025128
planted,item,0.041666666666666664,32,NA,0.511237921677504,0.49266879292063537,0.5297898662461428
planted,item,0.041666666666666664,128,NA,0.47041738922870685,0.450503861536162,0.4897330986609259
planted,item,0.041666666666666664,256,NA,0.45008462255743287,0.4293836058420954,0.4700191310079441
planted,item,0.08333333333333333,8,NA,0.5717810516226248,0.5539819719467922,0.5880914505731413
planted,item,0.08333333333333333,16,NA,0.5502446813428876,0.5322560520828634,0.5670013421870326
planted,item,0.08333333333333333,32,NA,0.528736102297711,0.5114887970391004,0.5461335692214472
planted,item,0.08333333333333333,128,NA,0.4852430144446477,0.46755320031071645,0.5030100622342971
planted,item,0.08333333333333333,256,NA,0.4637288347661084,0.4450350484633165,0.4820350959768314
planted,item,0.125,8,NA,0.5912153790241301,0.5742613895593806,0.6066974734723993
planted,item,0.125,16,NA,0.5688414545522735,0.5519864931773459,0.5840372587898484
planted,item,0.125,32,NA,0.5461790401693019,0.5297196241044724,0.5622524830012965
planted,item,0.125,128,NA,0.5001398255113426,0.48347650104215656,0.5169397781698549
planted,item,0.125,256,NA,0.4771826590762914,0.45954363567738393,0.493946388090015
planted,item,0.16666666666666666,8,NA,0.6102625598535588,0.5939268505246205,0.6250899706860719
planted,item,0.16666666666666666,16,NA,0.587059664520605,0.5712284087149124,0.6018765377113935
planted,item,0.16666666666666666,32,NA,0.5633171358039978,0.5477490744347504,0.5785458096071341
planted,item,0.16666666666666666,128,NA,0.5149280047061806,0.49833365436026933,0.530592690852958
planted,item,0.16666666666666666,256,NA,0.49093175505813624,0.4725729704798992,0.5065912642914344
planted,item,0.20833333333333331,8,NA,0.6291443657964763,0.6125061534765271,0.6444088361971249
planted,item,0.20833333333333331,16,NA,0.6049507704887739,0.5888399632268804,0.620090666410732
planted,item,0.20833333333333331,32,NA,0.580170557300681,0.5646260475726905,0.5959683467973619
planted,item,0.20833333333333331,128,NA,0.5298925726360879,0.51293278739929,0.545596111044714
planted,item,0.20833333333333331,256,NA,0.5044096011845909,0.48598615978923165,0.5208063251315852
planted,item,0.25,8,NA,0.6475786632157053,0.6305000823407497,0.6633012116702621
planted,item,0.25,16,NA,0.6227075476847445,0.6059974331014651,0.6382523384658283
planted,item,0.25,32,NA,0.5972986680366433,0.5802449297455204,0.612981644857151
planted,item,0.25,128,NA,0.544561292013451,0.526444445046195,0.5610613726539293
planted,item,0.25,256,NA,0.5181359929015266,0.49873690507487534,0.5351337338769256
planted,item,0.29166666666666663,8,NA,0.6656103378354079,0.648374233690852,0.6822677016198035
planted,item,0.29166666666666663,16,NA,0.6400142875718153,0.6225817463635729,0.6568491971891572
planted,item,0.29166666666666663,32,NA,0.6136885975629782,0.5955603313663159,0.6306625346589878
planted,item,0.29166666666666663,128,NA,0.5593246759350574,0.5395258431360945,0.5770962286954472
planted,item,0.29166666666666663,256,NA,0.5313930037432228,0.5108363672595805,0.5502959149330493
planted,item,0.3333333333333333,8,NA,0.683027576376505,0.6646921979295715,0.7010649279003178
planted,item,0.3333333333333333,16,NA,0.6569975828150949,0.6384048754594027,0.6752373116045162
planted,item,0.3333333333333333,32,NA,0.6300210313766879,0.6107677231116435,0.6481437443068178
planted,item,0.3333333333333333,128,NA,0.5735981150112754,0.5522384887385321,0.5929298523712532
planted,item,0.3333333333333333,256,NA,0.5444528525747743,0.5227419910376133,0.56508075940753
planted,item,0.375,8,NA,0.699995470125625,0.6803494060515375,0.7191667496000375
planted,item,0.375,16,NA,0.6736555454122664,0.6534939752379694,0.6930400451717461
planted,item,0.375,32,NA,0.6459372821159508,0.625147592045639,0.6658471595176373
planted,item,0.375,128,NA,0.5877899790542157,0.5657687027896692,0.6090716667879671
planted,item,0.375,256,NA,0.5575284985755362,0.5348386178229676,0.5803209692090753
planted,item,0.41666666666666663,8,NA,0.7165696394849022,0.6955669560515892,0.736856339609475
planted,item,0.41666666666666663,16,NA,0.6898764273576552,0.667935288074044,0.7103282284814849
planted,item,0.41666666666666663,32,NA,0.6616529593753775,0.639078010903549,0.6824961927493468
planted,item,0.41666666666666663,128,NA,0.6021117823335279,0.5778716646941761,0.624776674585419
planted,item,0.41666666666666663,256,NA,0.5710237514337109,0.5457618767056699,0.5957151002771499
planted,item,0.4583333333333333,8,NA,0.7324346012462275,0.7104276460708536,0.7539303883103068
planted,item,0.4583333333333333,16,NA,0.7053518529622407,0.6823892245604476,0.7269953906705273
planted,item,0.4583333333333333,32,NA,0.6770938192890741,0.6532040215660393,0.6992340257711239
planted,item,0.4583333333333333,128,NA,0.616141089690035,0.5898821556845378,0.6411887905411436
planted,item,0.4583333333333333,256,NA,0.5840770574367259,0.556394346264744,0.6111108712962312
planted,item,0.5,8,NA,0.747480464591918,0.7243844637378196,0.7699812757119653
planted,item,0.5,16,NA,0.7205349941208457,0.6964567389462664,0.7430073026648981
planted,item,0.5,32,NA,0.6919113972443427,0.6666591310686565,0.7153905905664343
planted,item,0.5,128,NA,0.6301777125230485,0.6012097211569088,0.6574214717550905
planted,item,0.5,256,NA,0.5971776776099512,0.5674577095562493,0.6261585877778805
planted,item,0.5416666666666666,8,NA,0.7622500684773825,0.7377858298294042,0.7852740642130698
planted,item,0.5416666666666666,16,NA,0.7352945618805333,0.7098381383308111,0.758552746042907
planted,item,0.5416666666666666,32,NA,0.706377571504181,0.6798835189643256,0.7313559292370065
planted,item,0.5416666666666666,128,NA,0.6437950354132522,0.6126876155310568,0.6729013849355623
planted,item,0.5416666666666666,256,NA,0.6101279371077035,0.5778977010208313,0.6412301548927511
planted,item,0.5833333333333333,8,NA,0.7764340468276258,0.7506612295739618,0.8001909316651504
planted,item,0.5833333333333333,16,NA,0.7494176434673792,0.7230191119333963,0.774492724258027
planted,item,0.5833333333333333,32,NA,0.7203976911189574,0.6924122543218096,0.746648225386498
planted,item,0.5833333333333333,128,NA,0.6572807433604095,0.6240454416449998,0.6885804904136676
planted,item,0.5833333333333333,256,NA,0.6228810402476413,0.5884884237395079,0.6560369280124085
planted,item,0.625,8,NA,0.7900498318808354,0.7632039241348944,0.8146802543763345
planted,item,0.625,16,NA,0.7631803283686307,0.7358533113721127,0.7892494530089402
planted,item,0.625,32,NA,0.7342137450152405,0.7045611081353929,0.761438616600128
planted,item,0.625,128,NA,0.6705111823693805,0.6356665008653636,0.7030765621156156
planted,item,0.625,256,NA,0.6355538973722302,0.5992482711390855,0.6708012014431834
planted,item,0.6666666666666666,8,NA,0.8029416997793221,0.775299265496847,0.8281080451176369
planted,item,0.6666666666666666,16,NA,0.7763844082209874,0.7480472476586508,0.8032785681587734
planted,item,0.6666666666666666,32,NA,0.7474935478903622,0.7168961798973096,0.7756776224582562
planted,item,0.6666666666666666,128,NA,0.6834203397415761,0.6473658083185092,0.7171639988644737
planted,item,0.6666666666666666,256,NA,0.6479680506695202,0.6099433003380619,0.6850765968637608
planted,item,0.7083333333333333,8,NA,0.8153098836733652,0.7869648672400436,0.8407863188318571
planted,item,0.7083333333333333,16,NA,0.7892597631525134,0.7598317215589425,0.8166740635779045
planted,item,0.7083333333333333,32,NA,0.7603868241453355,0.7285161434783343,0.7894318518840411
planted,item,0.7083333333333333,128,NA,0.6961839294894339,0.6588862442858928,0.7316908609194333
planted,item,0.7083333333333333,256,NA,0.6602362250584148,0.6203672761589947,0.699010092245137
planted,item,0.75,8,NA,0.8269635069158372,0.7983918341488935,0.8529594287892718
planted,item,0.75,16,NA,0.8014710051571778,0.7711751531629056,0.829078544343844
planted,item,0.75,32,NA,0.7728513432871374,0.7401040402263653,0.802625426427958
planted,item,0.75,128,NA,0.7083877258182234,0.6700138129919384,0.7450177522312269
planted,item,0.75,256,NA,0.6719916487282002,0.6299628649881275,0.7125791276484793
planted,item,0.7916666666666666,8,NA,0.8381574386381311,0.8092654867945571,0.8645427735128028
planted,item,0.7916666666666666,16,NA,0.8131711862798732,0.7825681150278224,0.8406380001608249
planted,item,0.7916666666666666,32,NA,0.7849546584143309,0.7511487983766248,0.8151880601574669
planted,item,0.7916666666666666,128,NA,0.7200378403169945,0.6809532606938276,0.758476570209337
planted,item,0.7916666666666666,256,NA,0.68380383882929,0.6403721291947759,0.7261570305368278
planted,item,0.8333333333333333,8,NA,0.8487366347291934,0.8196992431551983,0.8749306020375565
planted,item,0.8333333333333333,16,NA,0.8244869615393484,0.7932650237647781,0.8516114791551023
planted,item,0.8333333333333333,32,NA,0.7965061633953858,0.76246255729963,0.8271557252468761
planted,item,0.8333333333333333,128,NA,0.7317325462285924,0.6916990947255136,0.7709975065746277
planted,item,0.8333333333333333,256,NA,0.69519360771787575,0.6506199014827694,0.7398291333866635
planted,item,0.875,8,NA,0.8589149736182913,0.8296918360196024,0.8850355836946805
planted,item,0.875,16,NA,0.8351260222450305,0.8033067539803609,0.86221503972504
planted,item,0.875,32,NA,0.8077029980917669,0.7731528732517425,0.8384814004509369
planted,item,0.875,128,NA,0.7431568260704806,0.7018707080308944,0.7830058057100087
planted,item,0.875,256,NA,0.7065256372953901,0.6606264563966546,0.7523049840416716
planted,item,0.9166666666666666,8,NA,0.8684053787832741,0.8392469867562022,0.8940803542765339
planted,item,0.9166666666666666,16,NA,0.8452539679589623,0.812807272075188,0.8722353484735236
planted,item,0.9166666666666666,32,NA,0.8183268382499149,0.783256589858481,0.8492185282464042
planted,item,0.9166666666666666,128,NA,0.7540663649291821,0.7115197600771282,0.7946707963659811
planted,item,0.9166666666666666,256,NA,0.7175579356242698,0.670136905704481,0.764271838919289
planted,item,0.9583333333333333,8,NA,0.8773430538335194,0.8483675426978134,0.902464840956801
planted,item,0.9583333333333333,16,NA,0.8549085472774149,0.8226707737558547,0.8817507669692302
planted,item,0.9583333333333333,32,NA,0.8284832360880205,0.79256368339412675,0.8594154344991323
planted,item,0.9583333333333333,128,NA,0.7648255105388921,0.7207329695970551,0.805872856403114
planted,item,0.9583333333333333,256,NA,0.7284292944798092,0.679339501053139,0.7765784560226471
planted,item,1,8,NA,0.8858600575747323,0.8570759042612738,0.910468713558036
planted,item,1,16,NA,0.8638848531077217,0.8314719246686659,0.8904772842518226
planted,item,1,32,NA,0.8382461788615032,0.8015673790181183,0.8689672428611683
planted,item,1,128,NA,0.7755103936979645,0.7297698604654873,0.8169569237157351
planted,item,1,256,NA,0.7387233318750339,0.6884122985767024,0.7878482462680617
planted,class,0,8,NA,0.25166631921729576,0.23493069000486858,0.26930526384225323
planted,class,0,16,NA,0.2769993060288707,0.25946293697688566,0.29574596763114247
planted,class,0,32,NA,0.30375725012463617,0.28554456618281043,0.3234003156079948
planted,class,0,128,NA,0.3615720315724945,0.34178249957520884,0.3820398272596118
planted,class,0,256,NA,0.3919132408760174,0.3712492522070554,0.4138864235151017
planted,class,0.041666666666666664,8,NA,0.28206184076618557,0.2655192434047103,0.2996306284837089
planted,class,0.041666666666666664,16,NA,0.30323962916004776,0.2867045179915248,0.32102822986368185
planted,class,0.041666666666666664,32,NA,0.32510425747778193,0.3078318446558551,0.3444472273924511
planted,class,0.041666666666666664,128,NA,0.3713125846535589,0.3530922614091121,0.3910940560988744
planted,class,0.041666666666666664,256,NA,0.395474957555903,0.37685000498172766,0.41540362802869607
planted,class,0.08333333333333333,8,NA,0.31438184574732786,0.2983453507421108,0.33169558751886924
planted,class,0.08333333333333333,16,NA,0.33052801211169547,0.3144156418738757,0.34736323804940167
planted,class,0.08333333333333333,32,NA,0.3468525093591137,0.33064650106221116,0.3645079191542505
planted,class,0.08333333333333333,128,NA,0.38131577190367527,0.3647507912144384,0.40017439886409223
planted,class,0.08333333333333333,256,NA,0.3988039120513729,0.3817998587589884,0.41829794777475476
planted,class,0.125,8,NA,0.34871122679676186,0.3322389332949702,0.36613940911534487
planted,class,0.125,16,NA,0.3590327617139434,0.3426561865448107,0.37666232005606975
planted,class,0.125,32,NA,0.36962666041742975,0.35385746435647875,0.38720624925137037
planted,class,0.125,128,NA,0.39132233044001097,0.3749120349646438,0.4095873278636243
planted,class,0.125,256,NA,0.40229864938485244,0.3857953972343665,0.4212028312479557
planted,class,0.16666666666666666,8,NA,0.38451914387554914,0.3670424099023143,0.4032481475954159
planted,class,0.16666666666666666,16,NA,0.3888521243588302,0.3716231438303289,0.4068005301308553
planted,class,0.16666666666666666,32,NA,0.3929810585183877,0.3761730724378433,0.41093364720828485
planted,class,0.16666666666666666,128,NA,0.40161532385483556,0.38479732848020215,0.41970979488719085
planted,class,0.16666666666666666,256,NA,0.40601119316342654,0.38872845641054365,0.42505447867988944
planted,class,0.20833333333333331,8,NA,0.4222038417386377,0.4022673441469963,0.44150738984396504
planted,class,0.20833333333333331,16,NA,0.41963442830624675,0.40035160363799716,0.4386137772434843
planted,class,0.20833333333333331,32,NA,0.4172203761980113,0.3982551773406856,0.4362798734124319
planted,class,0.20833333333333331,128,NA,0.41222956003403766,0.3941824179497901,0.4311493665090241
planted,class,0.20833333333333331,256,NA,0.4098157896355821,0.391279678463804,0.4290069213347621
planted,class,0.25,8,NA,0.4606897826232958,0.4386280322278339,0.4815360303919799
planted,class,0.25,16,NA,0.4508560585094054,0.4293540679327757,0.47193789875385767
planted,class,0.25,32,NA,0.4411569057876105,0.42042262228859933,0.4622116582548192
planted,class,0.25,128,NA,0.4226412309587257,0.4022755836314606,0.44236598893219914
planted,class,0.25,256,NA,0.41324174118903023,0.3923122788127712,0.43384452006665736
planted,class,0.29166666666666663,8,NA,0.49911286297473567,0.4750349031299975,0.5230996420195211
planted,class,0.29166666666666663,16,NA,0.4823133318699178,0.4593764251468195,0.5056888120743827
planted,class,0.29166666666666663,32,NA,0.4657808245202512,0.44314527352857497,0.4882710224948605
planted,class,0.29166666666666663,128,NA,0.43327882124838724,0.410514957486174,0.45537561805306925
planted,class,0.29166666666666663,256,NA,0.41685757770720067,0.39411219517424223,0.4395963697931641
planted,class,0.3333333333333333,8,NA,0.5378446007449269,0.5122719473891795,0.5639483622114388
planted,class,0.3333333333333333,16,NA,0.5139002977636721,0.4891101238958784,0.5395350928481013
planted,class,0.3333333333333333,32,NA,0.49037408461177084,0.46610168414801323,0.5148761473052833
planted,class,0.3333333333333333,128,NA,0.4437685477192396,0.41861249452822713,0.4683238182321808
planted,class,0.3333333333333333,256,NA,0.4206641032505549,0.3955016095461042,0.4455126525470689
planted,class,0.375,8,NA,0.5761658206549481,0.5479659885755017,0.603393053019601
planted,class,0.375,16,NA,0.5456263986933632,0.5175146523028348,0.5728782432124483
planted,class,0.375,32,NA,0.5151004013842937,0.488720237403235,0.5418462209229838
planted,class,0.375,128,NA,0.4540405766487621,0.4272827757522621,0.4808874653227356
planted,class,0.375,256,NA,0.42402082152596127,0.39716543035878404,0.45226849683897
planted,class,0.41666666666666663,8,NA,0.6138167099991798,0.5825566203431293,0.6425136398054526
planted,class,0.41666666666666663,16,NA,0.5769341188028693,0.5466324369213266,0.6057178217943674
planted,class,0.41666666666666663,32,NA,0.5398273760857076,0.5104033591659274,0.5684366489720644
planted,class,0.41666666666666663,128,NA,0.4644422880490531,0.4347752223289807,0.4949231141174241
planted,class,0.41666666666666663,256,NA,0.4274126832867767,0.39789143299724916,0.45807604285616343
planted,class,0.4583333333333333,8,NA,0.6497523908902079,0.6179024812841333,0.6795564689379193
planted,class,0.4583333333333333,16,NA,0.607701355708884,0.5757042063878226,0.637913144617426
planted,class,0.4583333333333333,32,NA,0.5642761787723061,0.5318883503666626,0.595608657577579
planted,class,0.4583333333333333,128,NA,0.47530203766123724,0.4425088278215805,0.5076737095652571
planted,class,0.4583333333333333,256,NA,0.43088817334286367,0.3988792198206058,0.4641139063186091
planted,class,0.5,8,NA,0.6843657334762829,0.651137621559568,0.7148007550529463
planted,class,0.5,16,NA,0.6373957675742408,0.6033295949856403,0.669762765685987
planted,class,0.5,32,NA,0.5882176807522421,0.5535853649438801,0.621978254084024
planted,class,0.5,128,NA,0.48569792500846054,0.4500971957437184,0.5206576015050982
planted,class,0.5,256,NA,0.4346008974627349,0.3987283502773407,0.4705970821132668
planted,class,0.5416666666666666,8,NA,0.7167473733681544,0.682806413501319,0.7482141277646246
planted,class,0.5416666666666666,16,NA,0.6664828021826753,0.6305003953284367,0.7000474790594018
planted,class,0.5416666666666666,32,NA,0.6120557689320788,0.5743157469522734,0.6478906376890041
planted,class,0.5416666666666666,128,NA,0.4962246358022193,0.457832344794536,0.5342660977859378
planted,class,0.5416666666666666,256,NA,0.438186725121665,0.3981207501401618,0.47724213905971935
planted,class,0.5833333333333333,8,NA,0.7474425957033756,0.7129356290518423,0.779627693100137
planted,class,0.5833333333333333,16,NA,0.6940512177759754,0.6565168822177341,0.72849839547637385
planted,class,0.5833333333333333,32,NA,0.6353234082002638,0.5950485465006896,0.6730204575792772
planted,class,0.5833333333333333,128,NA,0.5070836961523795,0.4651371922839254,0.5483855916815215
planted,class,0.5833333333333333,256,NA,0.4418683108241994,0.3991878527888266,0.4843968741898371
planted,class,0.625,8,NA,0.7760076417370182,0.7407340431484865,0.807528385467444
planted,class,0.625,16,NA,0.7204084383107979,0.6817645666899499,0.7556898476903802
planted,class,0.625,32,NA,0.6580304822480535,0.6157033767148222,0.6970160613197398
planted,class,0.625,128,NA,0.5178014554821257,0.4721845033552335,0.5621740168962663
planted,class,0.625,256,NA,0.4455333878756176,0.39975663944182444,0.4908299076118295
planted,class,0.6666666666666666,8,NA,0.8024761101714485,0.7673226459762619,0.8327103589609149
planted,class,0.6666666666666666,16,NA,0.7454456689156359,0.7059924872690923,0.7811077556283434
planted,class,0.6666666666666666,32,NA,0.6799335716815536,0.6363455216393201,0.7201167655174131
planted,class,0.6666666666666666,128,NA,0.5285514842178076,0.47917630625527907,0.5756050310744328
planted,class,0.6666666666666666,256,NA,0.4489912255690317,0.40011472972638296,0.49804647506684846
planted,class,0.7083333333333333,8,NA,0.8263037606039645,0.7923955749450201,0.8554998754254165
planted,class,0.7083333333333333,16,NA,0.7691313541869872,0.7295003912802547,0.8048306905813735
planted,class,0.7083333333333333,32,NA,0.7011413955101284,0.6564928165203331,0.7426379076045502
planted,class,0.7083333333333333,128,NA,0.5393106556007004,0.48618659306184703,0.5890560456804821
planted,class,0.7083333333333333,256,NA,0.45246549376967615,0.40021273071767327,0.504155094293767
planted,class,0.75,8,NA,0.8479267051027713,0.8152971306153526,0.8764539440433966
planted,class,0.75,16,NA,0.7916495470148504,0.7518351237952916,0.8265882938054103
planted,class,0.75,32,NA,0.7219213630865803,0.6756257316440973,0.7634892039951238
planted,class,0.75,128,NA,0.549801459080064,0.4935478183862585,0.6024362499851962
planted,class,0.75,256,NA,0.4561055948503364,0.4004061622584721,0.5107014647614728
planted,class,0.7916666666666666,8,NA,0.8676937733596864,0.8364072624478951,0.8948711836912245
planted,class,0.7916666666666666,16,NA,0.8121585271441749,0.7729510599180089,0.8464639129483962
planted,class,0.7916666666666666,32,NA,0.7416842202350725,0.6940113422491534,0.783249880316116
planted,class,0.7916666666666666,128,NA,0.560269237564526,0.5007513611150101,0.6157165853339246
planted,class,0.7916666666666666,256,NA,0.4596473306905794,0.4004100544061178,0.5180796188291052
planted,class,0.8333333333333333,8,NA,0.8852094247934182,0.8554665668528009,0.9105642614462924
planted,class,0.8333333333333333,16,NA,0.831269370072807,0.792654922545091,0.8646249482836342
planted,class,0.8333333333333333,32,NA,0.7604519592634619,0.7122481951739869,0.8021730813864758
planted,class,0.8333333333333333,128,NA,0.5708445905948407,0.5085641143292967,0.6288245653436717
planted,class,0.8333333333333333,256,NA,0.4633585929707954,0.39994324710366475,0.5254242676115293
planted,class,0.875,8,NA,0.9008075896286265,0.8727426532198601,0.9243666780174983
planted,class,0.875,16,NA,0.8489276432542673,0.8110888636926821,0.8810468068035833
planted,class,0.875,32,NA,0.7784174917639345,0.7295378655672743,0.8200053938710936
planted,class,0.875,128,NA,0.5811422257528381,0.51597923168189,0.6414664448911003
planted,class,0.875,256,NA,0.46672011924834766,0.4001869349540356,0.5324322694786043
planted,class,0.9166666666666666,8,NA,0.9146100248119852,0.8882678988340489,0.9361656319309368
planted,class,0.9166666666666666,16,NA,0.865041091620822,0.8284483107826203,0.8955920531196052
planted,class,0.9166666666666666,32,NA,0.7953335934276917,0.746654308483599,0.8363071433714557
planted,class,0.9166666666666666,128,NA,0.5915747656434935,0.5233885047187397,0.6541570058697843
planted,class,0.9166666666666666,256,NA,0.47030850920705297,0.40070106012223994,0.539102184466069
planted,class,0.9583333333333333,8,NA,0.9267359329423974,0.9020137550470329,0.9464506419656106
planted,class,0.9583333333333333,16,NA,0.8795707276159083,0.8444347607337889,0.9085603491590112
planted,class,0.9583333333333333,32,NA,0.8112887386909021,0.7623534831967775,0.8515248986680021
planted,class,0.9583333333333333,128,NA,0.60200814487962,0.5308202790798429,0.6667664834420239
planted,class,0.9583333333333333,256,NA,0.4739306478354621,0.40047717856232057,0.5467434597825969
planted,class,1,8,NA,0.9373919942265339,0.9143326619313593,0.9552536367309318
planted,class,1,16,NA,0.8928428377498288,0.8592714279120125,0.920239176949504
planted,class,1,32,NA,0.826225195700475,0.7777815991864703,0.8658538767304532
planted,class,1,128,NA,0.6120818226904585,0.5380945241326073,0.6791529032134527
planted,class,1,256,NA,0.4774954163028212,0.39997141290298027,0.5538773747679251
planted,interaction,0,8,NA,0.002881299600469454,0.0026021810591200746,0.003188799146998069
planted,interaction,0,16,NA,0.006572384516845042,0.006015194258983382,0.007146346171347408
planted,interaction,0,32,NA,0.013836546775929385,0.012830652836034774,0.014898511388928884
planted,interaction,0,128,NA,0.05110119788599225,0.048010172362676004,0.05432349213109798
planted,interaction,0,256,NA,0.09148994216346737,0.08632201261800622,0.0967479640856347
planted,interaction,0.041666666666666664,8,NA,0.003445090634205987,0.0031454714380298467,0.0037712047337525065
planted,interaction,0.041666666666666664,16,NA,0.007649313463254747,0.0070785405457320415,0.008258205833461848
planted,interaction,0.041666666666666664,32,NA,0.01573893326439059,0.014723374978958103,0.016814800325463442
planted,interaction,0.041666666666666664,128,NA,0.05617321749518417,0.05312074934254462,0.059418947153850946
planted,interaction,0.041666666666666664,256,NA,0.0992325385301115,0.09407120351364927,0.10451249914221489
planted,interaction,0.08333333333333333,8,NA,0.004098828566656689,0.0037755902935401155,0.004462071483627963
planted,interaction,0.08333333333333333,16,NA,0.008865625657524918,0.008255447621643878,0.009514757006670082
planted,interaction,0.08333333333333333,32,NA,0.017867191318933814,0.016797826138361685,0.018966185930068394
planted,interaction,0.08333333333333333,128,NA,0.06166715344497963,0.058602009025271365,0.06498107735879599
planted,interaction,0.08333333333333333,256,NA,0.10737648295733998,0.1024028126002965,0.11277508002230796
planted,interaction,0.125,8,NA,0.004862467290424273,0.0045127178384611905,0.005263512745664105
planted,interaction,0.125,16,NA,0.010248717436096354,0.009616505678735475,0.010959235124441238
planted,interaction,0.125,32,NA,0.02021542343090222,0.01911250719819559,0.021437507288754824
planted,interaction,0.125,128,NA,0.06765752344298645,0.06457306135882235,0.07091142384407735
planted,interaction,0.125,256,NA,0.11622771024880256,0.11128780777263123,0.12159391626712925
planted,interaction,0.16666666666666666,8,NA,0.005748233046896738,0.005362819276908288,0.006203479930518703
planted,interaction,0.16666666666666666,16,NA,0.01183441844974055,0.011146609426541273,0.012613272200188343
planted,interaction,0.16666666666666666,32,NA,0.022860211354380933,0.021681310197442648,0.02419905199361297
planted,interaction,0.16666666666666666,128,NA,0.07413986706082895,0.07090975397332029,0.07751460682318262
planted,interaction,0.16666666666666666,256,NA,0.12559569901515039,0.12045380280016629,0.13098476425942956
planted,interaction,0.20833333333333331,8,NA,0.006771615116734344,0.006316503951210406,0.0072952850523808075
planted,interaction,0.20833333333333331,16,NA,0.01360784861315027,0.012788547958912011,0.01448645870711695
planted,interaction,0.20833333333333331,32,NA,0.025797845523226882,0.024410906140588072,0.027251050831920334
planted,interaction,0.20833333333333331,128,NA,0.08114376436906488,0.07761887517245036,0.08493250419979222
planted,interaction,0.20833333333333331,256,NA,0.13563371989866313,0.13004541736943084,0.14145200974941743
planted,interaction,0.25,8,NA,0.007949385070989893,0.007396915745490204,0.008568339680119243
planted,interaction,0.25,16,NA,0.015620014291853657,0.014665083788398531,0.016633615313171934
planted,interaction,0.25,32,NA,0.02906940279666714,0.02744315949743376,0.030763640767153533
planted,interaction,0.25,128,NA,0.08880968534007232,0.08471320579333064,0.09298303442846
planted,interaction,0.25,256,NA,0.14639529338374496,0.13993018039260724,0.1525275307310685
planted,interaction,0.29166666666666663,8,NA,0.009310102050071139,0.008626641206201347,0.010034059151195101
planted,interaction,0.29166666666666663,16,NA,0.01789066460186437,0.016717408119671758,0.0191180130787122
planted,interaction,0.29166666666666663,32,NA,0.03272535505837702,0.030752473979479018,0.03465703591655428
planted,interaction,0.29166666666666663,128,NA,0.09701007939106329,0.09210139865086721,0.1017705709771588
planted,interaction,0.29166666666666663,256,NA,0.15777197745885135,0.1500479694978383,0.164797179827983
planted,interaction,0.3333333333333333,8,NA,0.010854580271251192,0.010011589163738248,0.011740992098221697
planted,interaction,0.3333333333333333,16,NA,0.02043907057807034,0.01901776824451162,0.021943922390163954
planted,interaction,0.3333333333333333,32,NA,0.036733470143191255,0.03438334424241974,0.03906952325769402
planted,interaction,0.3333333333333333,128,NA,0.10582407131957666,0.10005937890897289,0.11123285728661832
planted,interaction,0.3333333333333333,256,NA,0.1698082985623397,0.16086857601865176,0.17786996625102325
planted,interaction,0.375,8,NA,0.012616734311599816,0.011597793974013802,0.013706649106866779
planted,interaction,0.375,16,NA,0.023283018185417878,0.021575375731828744,0.025073380645663702
planted,interaction,0.375,32,NA,0.04117195081209847,0.03838576149947974,0.04397209723841618
planted,interaction,0.375,128,NA,0.1153619293783539,0.1085690849884101,0.12169133195029903
planted,interaction,0.375,256,NA,0.1825496167472766,0.1721468451822266,0.1917824598535256
planted,interaction,0.41666666666666663,8,NA,0.014627537944512128,0.013354998620806115,0.01593413410513354
planted,interaction,0.41666666666666663,16,NA,0.026505047408549837,0.024389551488506397,0.02862866984717098
planted,interaction,0.41666666666666663,32,NA,0.04607965391358736,0.04274678641466057,0.049343697700084205
planted,interaction,0.41666666666666663,128,NA,0.12559891500383347,0.11757468581564366,0.13314473347418107
planted,interaction,0.41666666666666663,256,NA,0.19606732810368827,0.18396718208446014,0.20667006692168322
planted,interaction,0.4583333333333333,8,NA,0.016915308735503135,0.015352924673593019,0.018554187565431365
planted,interaction,0.4583333333333333,16,NA,0.030106913325935493,0.02752837751073361,0.032737502062617704
planted,interaction,0.4583333333333333,32,NA,0.051520000712758446,0.04758415967097511,0.05553550790580361
planted,interaction,0.4583333333333333,128,NA,0.13657493848491245,0.12718019316718562,0.1455794199325218
planted,interaction,0.4583333333333333,256,NA,0.2101698946597701,0.19612075001064916,0.22268387225272138
planted,interaction,0.5,8,NA,0.01951037928182789,0.017575741008628614,0.021581222668765887
planted,interaction,0.5,16,NA,0.034095773422047844,0.03098451526562102,0.03728471691712795
planted,interaction,0.5,32,NA,0.05750019160030713,0.05280098086837033,0.06245338844366218
planted,interaction,0.5,128,NA,0.14828586175413466,0.13749370975919412,0.15873979838946695
planted,interaction,0.5,256,NA,0.2250684172170982,0.2094577130486513,0.23945600602340827
planted,interaction,0.5416666666666666,8,NA,0.022428985534794936,0.020059773764884735,0.02496699888311879
planted,interaction,0.5416666666666666,16,NA,0.03854694376145486,0.03482136617796992,0.04233959900103292
planted,interaction,0.5416666666666666,32,NA,0.06406019007079133,0.05837318473890184,0.06992012328863893
planted,interaction,0.5416666666666666,128,NA,0.1608034622159701,0.1480394595281016,0.17302862179007758
planted,interaction,0.5416666666666666,256,NA,0.2406287166135353,0.22256971046223722,0.2573422666397606
planted,interaction,0.5833333333333333,8,NA,0.025773352357523073,0.02284197046424024,0.02886154936548914
planted,interaction,0.5833333333333333,16,NA,0.043529698372591956,0.03905080954116226,0.04808694417444599
planted,interaction,0.5833333333333333,32,NA,0.07130881513767777,0.06433951977080106,0.0782561541407003
planted,interaction,0.5833333333333333,128,NA,0.1741236663595639,0.15942781387719684,0.18803790491353126
planted,interaction,0.5833333333333333,256,NA,0.25700926513803657,0.23679822341854007,0.2759301385357158
planted,interaction,0.625,8,NA,0.029518829905968765,0.025998671843638358,0.03331787929039306
planted,interaction,0.625,16,NA,0.049095182826627795,0.04368328559487758,0.05466485836628729
planted,interaction,0.625,32,NA,0.07928296384828562,0.07090327932640537,0.08745165677458988
planted,interaction,0.625,128,NA,0.1882251938336023,0.1714163245986081,0.2043010098531503
planted,interaction,0.625,256,NA,0.274038113322881,0.251122275885666,0.29541145974379884
planted,interaction,0.6666666666666666,8,NA,0.0337716220456528,0.029492835093386613,0.03825981025173559
planted,interaction,0.6666666666666666,16,NA,0.05524446637022378,0.04878679933094586,0.06199831484732234
planted,interaction,0.6666666666666666,32,NA,0.0879950598994095,0.07820396150221402,0.09756241797719603
planted,interaction,0.6666666666666666,128,NA,0.20321988268435068,0.18415070533731764,0.2218492084840657
planted,interaction,0.6666666666666666,256,NA,0.2916817983542539,0.26581551652641644,0.31575108395152507
planted,interaction,0.7083333333333333,8,NA,0.03851163962419042,0.033419339678248686,0.04383601131044181
planted,interaction,0.7083333333333333,16,NA,0.06207217978762902,0.05440505832262011,0.07002022146327624
planted,interaction,0.7083333333333333,32,NA,0.09752754960456854,0.08612845064551887,0.10860690863133565
planted,interaction,0.7083333333333333,128,NA,0.21910329623493155,0.1974506821757721,0.24005238027861017
planted,interaction,0.7083333333333333,256,NA,0.31008751795340384,0.28138450905613216,0.33681270700588045
planted,interaction,0.75,8,NA,0.04380554160393227,0.03775979868383557,0.05017542967291446
planted,interaction,0.75,16,NA,0.06960820045772717,0.06058284830136609,0.07901478866645442
planted,interaction,0.75,32,NA,0.10787710382429358,0.09470748475069551,0.12072807570964969
planted,interaction,0.75,128,NA,0.23580505903951537,0.21131936322081382,0.259524801854711
planted,interaction,0.75,256,NA,0.3289647653413431,0.2978585582352126,0.35852813050410437
planted,interaction,0.7916666666666666,8,NA,0.04973018798779341,0.04259072091872197,0.05728526613201668
planted,interaction,0.7916666666666666,16,NA,0.07789867109377488,0.0673637728687004,0.08888555608107737
planted,interaction,0.7916666666666666,32,NA,0.11927292029592904,0.1039701961443581,0.13364782604402423
planted,interaction,0.7916666666666666,128,NA,0.2533298236890514,0.22587081000176656,0.2801122335290126
planted,interaction,0.7916666666666666,256,NA,0.34837806209265176,0.3141226258835647,0.3806793501281901
planted,interaction,0.8333333333333333,8,NA,0.056341564892445455,0.04795689084572599,0.06526461759393606
planted,interaction,0.8333333333333333,16,NA,0.08706306460095055,0.07474429238976205,0.09964585823578692
planted,interaction,0.8333333333333333,32,NA,0.13155820289776077,0.1138985349220164,0.14814777101449816
planted,interaction,0.8333333333333333,128,NA,0.27160103775319144,0.241092749995484,0.30156035886346516
planted,interaction,0.8333333333333333,256,NA,0.3681822281663234,0.3313063942218764,0.40333969030839484
planted,interaction,0.875,8,NA,0.06375180170499563,0.05384115394668114,0.07426017211133812
planted,interaction,0.875,16,NA,0.09716758326842642,0.08263197063976577,0.11148659986819826
planted,interaction,0.875,32,NA,0.14485111518565796,0.12449927395122919,0.16387650119616787
planted,interaction,0.875,128,NA,0.2908114698649546,0.25699168883533496,0.3237507302332244
planted,interaction,0.875,256,NA,0.3886552820794003,0.3487728321863502,0.4264264983249262
planted,interaction,0.9166666666666666,8,NA,0.07197209892733618,0.060226862028289994,0.08423312608522283
planted,interaction,0.9166666666666666,16,NA,0.10820745069145475,0.09132309221951239,0.12498636952908743
planted,interaction,0.9166666666666666,32,NA,0.1591967179277768,0.13604192540739582,0.18062455306227024
planted,interaction,0.9166666666666666,128,NA,0.3106874380008826,0.27377986957262396,0.34672562596000833
planted,interaction,0.9166666666666666,256,NA,0.4094500566484921,0.3669409228921638,0.45003356057829424
planted,interaction,0.9583333333333333,8,NA,0.08104502212217887,0.06727050730430102,0.09542538281504889
planted,interaction,0.9583333333333333,16,NA,0.12033247268150431,0.10097650966424454,0.13953231781298678
planted,interaction,0.9583333333333333,32,NA,0.1744839863454758,0.1484418707477149,0.19885808278284442
planted,interaction,0.9583333333333333,128,NA,0.331091180145096,0.29160858625859803,0.37030774480811623
planted,interaction,0.9583333333333333,256,NA,0.4306086518172132,0.3851921262828296,0.47419987718280754
planted,interaction,1,8,NA,0.09114906891350587,0.0751805588013025,0.10793797593315846
planted,interaction,1,16,NA,0.13349902950224568,0.11154263446808242,0.15539052043930798
planted,interaction,1,32,NA,0.19091079581962675,0.16163476205199986,0.21842402820402645
planted,interaction,1,128,NA,0.35213844348707846,0.3098994786282757,0.39455403442439035
planted,interaction,1,256,NA,0.4520594854974874,0.4036888669759366,0.49811934455560364
arch,item,NA,8,4,0.607685017892767,0.5811068997069558,0.6335783547534531
arch,item,NA,8,16,0.6089539421987802,0.5895325140175962,0.6289785204564015
arch,item,NA,8,64,0.6124528920755867,0.5940339839712703,0.6295367717792232
arch,item,NA,8,177,0.6149637007406035,0.5862326590969407,0.6416876153665163
arch,item,NA,16,4,0.5809048931848495,0.5559464080309101,0.6071850220952609
arch,item,NA,16,16,0.5839134312865081,0.5642358838329237,0.603610413576209
arch,item,NA,16,64,0.5903142241983061,0.5720819378853084,0.6068263523553322
arch,item,NA,16,177,0.595396641178368,0.5667060466213623,0.6219395032958105
arch,item,NA,32,4,0.5536813591820748,0.5282894722113567,0.5805171447310852
arch,item,NA,32,16,0.5584678059327717,0.538223491070869,0.5781358192785122
arch,item,NA,32,64,0.5677438484953239,0.5496989440337411,0.5840725505214949
arch,item,NA,32,177,0.5755882563412607,0.5464631407243167,0.6033190958609208
arch,item,NA,128,4,0.4980337269978725,0.4718008404132144,0.526082658057094
arch,item,NA,128,16,0.5063514644013803,0.4863744225265096,0.5268486502116504
arch,item,NA,128,64,0.5216024656722902,0.5034460313963965,0.5392627865590052
arch,item,NA,128,177,0.534995191288365,0.505859332327554,0.5631952617834657
arch,item,NA,256,4,0.47032553207695227,0.44308874714751395,0.4991119724147766
arch,item,NA,256,16,0.48059032330280227,0.45963774901710797,0.5018085152035523
arch,item,NA,256,64,0.49828443242504133,0.4795928180848637,0.5169037228794017
arch,item,NA,256,177,0.5146799007861768,0.4853667456581035,0.5441257095102107
arch,class,NA,8,4,0.3717120043969362,0.3455741042218558,0.3977810009613472
arch,class,NA,8,16,0.3702037799587985,0.3502763120820913,0.3906655795228165
arch,class,NA,8,64,0.36675891202024014,0.3486753631065033,0.38602060516427866
arch,class,NA,8,177,0.36392427194776344,0.3355968781960341,0.39387081611402625
arch,class,NA,16,4,0.38509760761929573,0.35826558683481746,0.410084439905356
arch,class,NA,16,16,0.38060378733562994,0.3608809316471251,0.3997514902701524
arch,class,NA,16,64,0.3719574438500693,0.3543836333741837,0.39136190234755486
arch,class,NA,16,177,0.3643010478614017,0.33709918288288676,0.394284235619257
arch,class,NA,32,4,0.39855848922163284,0.3703812367912915,0.42294994639647365
arch,class,NA,32,16,0.39117192737312023,0.37084739206132067,0.40944642637307466
arch,class,NA,32,64,0.3772321452601584,0.36009725233236245,0.39672210573363725
arch,class,NA,32,177,0.3649717322576969,0.33896907815396415,0.39488660073674686
arch,class,NA,128,4,0.42551002570059687,0.39649622526344275,0.4511198724694388
arch,class,NA,128,16,0.4118844606024257,0.3911902038932153,0.430673047648851
arch,class,NA,128,64,0.38777139828224616,0.3700413698603532,0.4070734559331097
arch,class,NA,128,177,0.3666027704447767,0.3398168538516133,0.39626476781058545
arch,class,NA,256,4,0.4393719085690191,0.4086968433372727,0.46521462507938444
arch,class,NA,256,16,0.4224633250103813,0.40144077563905156,0.44208933358089564
arch,class,NA,256,64,0.39308494412747386,0.37471316977446734,0.4129153073208863
arch,class,NA,256,177,0.3670917769933387,0.33921165038854095,0.3975991425166849
arch,interaction,NA,8,4,0.007418862103264546,0.006631801828834982,0.008293143956724525
arch,interaction,NA,8,16,0.00658898064614656,0.006039024406985501,0.00719521308552679
arch,interaction,NA,8,64,0.005307916109250729,0.004855019679230546,0.005757457702972198
arch,interaction,NA,8,177,0.004328706495079099,0.0037531200348919326,0.004928310386945588
arch,interaction,NA,16,4,0.013836006973618168,0.012562449877403738,0.015269221944730918
arch,interaction,NA,16,16,0.012890364245458965,0.011948735457914592,0.0138940795862026
arch,interaction,NA,16,64,0.011297332172107478,0.010468940115080302,0.012136535751245282
arch,interaction,NA,16,177,0.010020743710705889,0.00882674694855844,0.011169031097680106
arch,interaction,NA,32,4,0.02463596318432449,0.02258076395659525,0.02683732018295144
arch,interaction,NA,32,16,0.023843994039419905,0.022338589475839242,0.025485925609831775
arch,interaction,NA,32,64,0.02248188919586253,0.021026675277248497,0.024006514109140842
arch,interaction,NA,32,177,0.021324832539943314,0.019065681793992848,0.023505871069645003
arch,interaction,NA,128,4,0.06989561846030118,0.06499810675969263,0.07531152123269257
arch,interaction,NA,128,16,0.07218981043306516,0.06836868594711952,0.07612325156196369
arch,interaction,NA,128,64,0.0762696592724279,0.07223518035886602,0.08039001053025438
arch,interaction,NA,128,177,0.08026890653491858,0.0732928767333283,0.08712169108107863
arch,interaction,NA,256,4,0.11216943364373205,0.10468491246502472,0.12032994652623699
arch,interaction,NA,256,16,0.11884632354299464,0.11310671950472585,0.12506575894215477
arch,interaction,NA,256,64,0.1314315866119689,0.12514947154893602,0.13806932867325575
arch,interaction,NA,256,177,0.14403219912591755,0.13264407890603247,0.15524123608317636
full,item,0,8,4,0.5245278160867682,0.4919286531252087,0.55826809632761
full,item,0,8,16,0.5276714983345978,0.5019506826784796,0.5538957496594245
full,item,0,8,64,0.5333963236879398,0.5076473625412973,0.5572328148942559
full,item,0,8,177,0.5389324077441859,0.49822917428548236,0.5757848931390306
full,item,0,16,4,0.4989273105410728,0.4675456590249368,0.532229086276375
full,item,0,16,16,0.5054044015074601,0.48141818695789446,0.5308958262022809
full,item,0,16,64,0.5170562256480653,0.4913367133028753,0.5404921538861833
full,item,0,16,177,0.5280099943067251,0.4872801309370502,0.5640703876642679
full,item,0,32,4,0.4730355866928704,0.4428055189950267,0.5059930815836511
full,item,0,32,16,0.4831114211068611,0.45937221795170197,0.5075587275578122
full,item,0,32,64,0.5007599981683187,0.4753460564742768,0.5243433323258572
full,item,0,32,177,0.5163963709578976,0.47772757741807115,0.553061240958595
full,item,0,128,4,0.4219370458458144,0.3920770851271136,0.4542337230755086
full,item,0,128,16,0.4380543971475472,0.4154263146996715,0.4633296143284171
full,item,0,128,64,0.4674942173067357,0.442487889744104,0.49054305578236146
full,item,0,128,177,0.4938655551003658,0.45454395945152065,0.5299990897511194
full,item,0,256,4,0.3967871495526051,0.36657923472049936,0.42984583666470466
full,item,0,256,16,0.4163356264246889,0.3924638078685793,0.4415106708617951
full,item,0,256,64,0.4509587974976267,0.4251875699702048,0.4749599112385084
full,item,0,256,177,0.48284358080880463,0.4417812963821153,0.519188682025889
full,item,0.041666666666666664,8,4,0.5455124048734544,0.5152043468319639,0.5759895592760214
full,item,0.041666666666666664,8,16,0.5479725606132638,0.5253343513833456,0.5720875525917459
full,item,0.041666666666666664,8,64,0.5528885887121209,0.5291800828896115,0.5745259676467163
full,item,0.041666666666666664,8,177,0.55770552615492,0.5208541618056,0.5916481813392002
full,item,0.041666666666666664,16,4,0.5192062776546655,0.4900264914355022,0.550125822719183
full,item,0.041666666666666664,16,16,0.5247849691615791,0.5030485393912222,0.5481347335011857
full,item,0.041666666666666664,16,64,0.5352195879040036,0.511735390404406,0.5561369588009781
full,item,0.041666666666666664,16,177,0.5441275797995682,0.5080342645652028,0.5778151423541911
full,item,0.041666666666666664,32,4,0.49265622061952485,0.46462358648223234,0.5239321237157744
full,item,0.041666666666666664,32,16,0.5014725633361719,0.48075682832957484,0.5243487543673543
full,item,0.041666666666666664,32,64,0.5173040927657675,0.49360310311633987,0.5389624918299762
full,item,0.041666666666666664,32,177,0.5307914705225619,0.4955153137498112,0.5642303500098875
full,item,0.041666666666666664,128,4,0.4408720416905687,0.41147737954964786,0.4706807713049407
full,item,0.041666666666666664,128,16,0.45497408683763013,0.43379792531210565,0.4776860788666496
full,item,0.041666666666666664,128,64,0.48093428823423434,0.4575104744469883,0.5025131816597393
full,item,0.041666666666666664,128,177,0.5039980293603223,0.4685128955699343,0.5380621425161004
full,item,0.041666666666666664,256,4,0.4152051987711478,0.3864379017943138,0.44515073465651195
full,item,0.041666666666666664,256,16,0.43210886849373875,0.40931479659945474,0.4552530102984698
full,item,0.041666666666666664,256,64,0.4624124222612942,0.43838758842496983,0.4847494036352152
full,item,0.041666666666666664,256,177,0.4900867821961745,0.45367324023573663,0.5256659875857083
full,item,0.08333333333333333,8,4,0.5659261716183843,0.5380923719669736,0.594173600490764
full,item,0.08333333333333333,8,16,0.5682794329566201,0.5475012734399867,0.5901839985624383
full,item,0.08333333333333333,8,64,0.5727135842260129,0.5507633268767692,0.5924499143529269
full,item,0.08333333333333333,8,177,0.5764868520816901,0.5429878968593356,0.6071171276287821
full,item,0.08333333333333333,16,4,0.5392819614909252,0.5123409399892334,0.5675245473823183
full,item,0.08333333333333333,16,16,0.5443544307732586,0.5246196559521763,0.5660596095927886
full,item,0.08333333333333333,16,64,0.5532570841531601,0.5316469163038939,0.572871516333177
full,item,0.08333333333333333,16,177,0.5609519460089665,0.528043516585532,0.5915863978384418
full,item,0.08333333333333333,32,4,0.5125502932133608,0.4848574480345308,0.5411828157255502
full,item,0.08333333333333333,32,16,0.5200726913913494,0.5006520500865215,0.5410417361854294
full,item,0.08333333333333333,32,64,0.5336350930540145,0.5124712097258013,0.5536585848665786
full,item,0.08333333333333333,32,177,0.5451659493913037,0.5128415201618323,0.5760985464437484
full,item,0.08333333333333333,128,4,0.4594032920495754,0.4317237490448773,0.48700662079360124
full,item,0.08333333333333333,128,16,0.47182417064319726,0.4516161216091223,0.4929597657607382
full,item,0.08333333333333333,128,64,0.49407166717417295,0.47238247498180863,0.51436047395715
full,item,0.08333333333333333,128,177,0.5141759951618652,0.48106818236621285,0.5460479687639721
full,item,0.08333333333333333,256,4,0.4331525222438848,0.40429715274829797,0.4608282744180785
full,item,0.08333333333333333,256,16,0.44786294657359316,0.42635802793978805,0.46995940237547545
full,item,0.08333333333333333,256,64,0.47424707236330194,0.45239704429381516,0.49448868447976807
full,item,0.08333333333333333,256,177,0.49854741783276035,0.4645846567237861,0.5316421987614459
full,item,0.125,8,4,0.586016683081583,0.5599092855879506,0.6129989573431375
full,item,0.125,8,16,0.5878331089624833,0.5687730117687437,0.6082908496866758
full,item,0.125,8,64,0.5918947043882857,0.5717361735925562,0.6103221354529654
full,item,0.125,8,177,0.5947628961027516,0.5642431874534125,0.6247101902409696
full,item,0.125,16,4,0.5593665784431645,0.5342012558596752,0.5860438949255875
full,item,0.125,16,16,0.5634236100729616,0.5444536517703878,0.5835634907713853
full,item,0.125,16,64,0.5711715371862236,0.5517873573769372,0.5888204271698994
full,item,0.125,16,177,0.577122140725701,0.5468940489102264,0.6062953994590206
full,item,0.125,32,4,0.532408777177414,0.5062226952570348,0.5591218237511417
full,item,0.125,32,16,0.5384563863946439,0.5194980361764403,0.5587107591197805
full,item,0.125,32,64,0.550158515714062,0.5309333828426721,0.5687583197785044
full,item,0.125,32,177,0.5596068004020255,0.529656364050652,0.588765370416395
full,item,0.125,128,4,0.4779465642252554,0.4500468596846622,0.5050976840758922
full,item,0.125,128,16,0.48888466687824905,0.46857327208271315,0.509231748178798
full,item,0.125,128,64,0.5073968391309507,0.486923285225103,0.5268869436352345
full,item,0.125,128,177,0.5243019839954468,0.4931420324032017,0.5551794538211552
full,item,0.125,256,4,0.4507267892700458,0.4219337110086903,0.47858239534895136
full,item,0.125,256,16,0.4637186086379329,0.44247865878481557,0.4849164599584553
full,item,0.125,256,64,0.4859035597240121,0.464784630999745,0.5056150299166788
full,item,0.125,256,177,0.506414906237574,0.4744185253254222,0.5375429459501921
full,item,0.16666666666666666,8,4,0.6062782062043245,0.5809213133859081,0.631912426757229
full,item,0.16666666666666666,8,16,0.6076153035608935,0.5882995081475534,0.6269796009869925
full,item,0.16666666666666666,8,64,0.610596825940922,0.591185007602438,0.6290795042245434
full,item,0.16666666666666666,8,177,0.6126967720674179,0.5832373415803246,0.6419751203032549
full,item,0.16666666666666666,16,4,0.5794062668623297,0.5539019940133892,0.6051760902197674
full,item,0.16666666666666666,16,16,0.5828414432059593,0.5633828096015316,0.6022138975202814
full,item,0.16666666666666666,16,64,0.5887265017730995,0.5696928502969415,0.6065806518860626
full,item,0.16666666666666666,16,177,0.5931095262175032,0.5641666810040368,0.6222877480971062
full,item,0.16666666666666666,32,4,0.551990496765455,0.5266055369289286,0.578755397423647
full,item,0.16666666666666666,32,16,0.5572235524526631,0.5376987243581837,0.5770162853859051
full,item,0.16666666666666666,32,64,0.5666318061782051,0.5471198222632618,0.5847703261855032
full,item,0.16666666666666666,32,177,0.5735791402780801,0.5446863466427724,0.6031188901452248
full,item,0.16666666666666666,128,4,0.49693998137156187,0.46957511345630937,0.5243478349834374
full,item,0.16666666666666666,128,16,0.5058493927308381,0.48499890024230596,0.5256141212404135
full,item,0.16666666666666666,128,64,0.5209989422156796,0.5008154377896046,0.5399595732301345
full,item,0.16666666666666666,128,177,0.5343032620692323,0.5041905781223742,0.5641844148459287
full,item,0.16666666666666666,256,4,0.46911399088599726,0.44053377947838723,0.4972449563441148
full,item,0.16666666666666666,256,16,0.47980469975685863,0.4581493830934251,0.500279171186502
full,item,0.16666666666666666,256,64,0.4976637584180062,0.4770256270370896,0.5173696067492818
full,item,0.16666666666666666,256,177,0.5142365623848393,0.4830907518575202,0.5446143259137278
full,item,0.20833333333333331,8,4,0.6257230949204436,0.6000832153046515,0.6513665831498691
full,item,0.20833333333333331,8,16,0.6269643236120246,0.6070460303526334,0.6464688543538457
full,item,0.20833333333333331,8,64,0.6295067634340825,0.6097238281242883,0.6468793066960573
full,item,0.20833333333333331,8,177,0.630811844182732,0.6012600950641671,0.6598932688361883
full,item,0.20833333333333331,16,4,0.5989201998444229,0.5730903154139962,0.6254882629742642
full,item,0.20833333333333331,16,16,0.6016105342904026,0.5815279995966898,0.6210350547893178
full,item,0.20833333333333331,16,64,0.6064082923332677,0.5865337581459183,0.6247231767525991
full,item,0.20833333333333331,16,177,0.6096431804497144,0.5798597292280651,0.6381517126352528
full,item,0.20833333333333331,32,4,0.5714398714703786,0.5454966183443055,0.5987292339749409
full,item,0.20833333333333331,32,16,0.5756422622382467,0.5557889106128345,0.5951925632728762
full,item,0.20833333333333331,32,64,0.5826779134125282,0.5627166408102816,0.6006278275411411
full,item,0.20833333333333331,32,177,0.5878030401942225,0.5581111171225016,0.6177972764386407
full,item,0.20833333333333331,128,4,0.5159204769517908,0.48776267598399564,0.5449233091711452
full,item,0.20833333333333331,128,16,0.5228867741669332,0.5006744530583148,0.5432313272219753
full,item,0.20833333333333331,128,64,0.5344053893733607,0.5138603344799629,0.5535322957218496
full,item,0.20833333333333331,128,177,0.5439673644037126,0.5117019254834207,0.5739993692470342
full,item,0.20833333333333331,256,4,0.48753068511039166,0.4576900828704103,0.5173999437257862
full,item,0.20833333333333331,256,16,0.4960661447758482,0.4731729029925692,0.5171903024159032
full,item,0.20833333333333331,256,64,0.5096986466252167,0.4883645213334012,0.5299803996969964
full,item,0.20833333333333331,256,177,0.5213650460023695,0.48917392442907764,0.5533730925034221
full,item,0.25,8,4,0.6450115902041984,0.6185095782781489,0.6711501485444488
full,item,0.25,8,16,0.6461155606604012,0.6259609600160249,0.6650280058505982
full,item,0.25,8,64,0.6476946273482577,0.6275718463665517,0.6659731296684318
full,item,0.25,8,177,0.6487871416166084,0.6178282750042128,0.6779520931790132
full,item,0.25,16,4,0.6183194678430144,0.5915142016569569,0.6453839928373708
full,item,0.25,16,16,0.6203369692008114,0.5993956453389834,0.6393686184246595
full,item,0.25,16,64,0.6234080116488226,0.6035632716088772,0.6416988189513623
full,item,0.25,16,177,0.6258544124205618,0.5940848528122683,0.654754618503528
full,item,0.25,32,4,0.5909431419955833,0.5635506396692348,0.619009393209479
full,item,0.25,32,16,0.5937985086799578,0.5725493266120406,0.6136363980248382
full,item,0.25,32,64,0.5987354564411445,0.5784298186954699,0.6169510270824466
full,item,0.25,32,177,0.6025994701140611,0.569935922379864,0.6324177021828478
full,item,0.25,128,4,0.5344333284533918,0.506101903962493,0.5649633365860653
full,item,0.25,128,16,0.5396474402697424,0.5175071007923288,0.5610507178556945
full,item,0.25,128,64,0.5475876155116619,0.5251706398567525,0.5675186271097445
full,item,0.25,128,177,0.5544056966405696,0.5201643699644468,0.5865075406055524
full,item,0.25,256,4,0.505682409517515,0.4758563612981636,0.5378945013160864
full,item,0.25,256,16,0.5116228361902999,0.4886421741588447,0.5341316288002423
full,item,0.25,256,64,0.5215117684891465,0.49784917433253706,0.5422645460652353
full,item,0.25,256,177,0.5293409788939494,0.49485280032102663,0.562290630233385
full,item,0.29166666666666663,8,4,0.6642989058481286,0.6366056109317545,0.6910295311541185
full,item,0.29166666666666663,8,16,0.664866258485593,0.6438982207614237,0.684168859016713
full,item,0.29166666666666663,8,64,0.6656240440571709,0.6440356572703775,0.683535612396204
full,item,0.29166666666666663,8,177,0.6665218943762464,0.6337808108656159,0.6959343185096606
full,item,0.29166666666666663,16,4,0.6374453574834791,0.6094986988061964,0.6653957385298208
full,item,0.29166666666666663,16,16,0.6387417782540465,0.6167906897854651,0.658504943281653
full,item,0.29166666666666663,16,64,0.6408451674049296,0.6182891176617559,0.6590656624136095
full,item,0.29166666666666663,16,177,0.6419151049411475,0.6090989875291991,0.6721582733970582
full,item,0.29166666666666663,32,4,0.6098491610669314,0.5813822367244125,0.6394099777566861
full,item,0.29166666666666663,32,16,0.6117705772312161,0.5895497936247743,0.6322900798231859
full,item,0.29166666666666663,32,64,0.6147327197255587,0.5916351729904858,0.6337411743656651
full,item,0.29166666666666663,32,177,0.6168139353469434,0.5833945733805841,0.6473121094848289
full,item,0.29166666666666663,128,4,0.5530257324298153,0.5231889791436136,0.5847200869296378
full,item,0.29166666666666663,128,16,0.5563217256586357,0.5325770786679953,0.57863687133357
full,item,0.29166666666666663,128,64,0.5607100935025191,0.53664382132893,0.5815175387559663
full,item,0.29166666666666663,128,177,0.5642832432739564,0.5286075331290239,0.5980132533359854
full,item,0.29166666666666663,256,4,0.5239140409173246,0.49369860233160723,0.5574541786823148
full,item,0.29166666666666663,256,16,0.5278022018690304,0.5031348063453908,0.5515973670014274
full,item,0.29166666666666663,256,64,0.5331178497458371,0.5080093382775328,0.5546334890673107
full,item,0.29166666666666663,256,177,0.5375543353406942,0.5005718679525658,0.5739013787825701
full,item,0.3333333333333333,8,4,0.6825699892564401,0.6527941953656611,0.7103964879746378
full,item,0.3333333333333333,8,16,0.6831891839819133,0.6597753915782754,0.7027844060092474
full,item,0.3333333333333333,8,64,0.6833320413337052,0.6607769245166865,0.7021052067433476
full,item,0.3333333333333333,8,177,0.6834763278735454,0.648657760502305,0.7142144606904106
full,item,0.3333333333333333,16,4,0.6561200761502285,0.6261218269990215,0.6850840646783664
full,item,0.3333333333333333,16,16,0.6568060059731049,0.6327569184896099,0.6771104898886059
full,item,0.3333333333333333,16,64,0.6572836973660061,0.6342107515457693,0.676628102614349
full,item,0.3333333333333333,16,177,0.657414288293015,0.6224542868415311,0.6897005757519806
full,item,0.3333333333333333,32,4,0.6286133122591142,0.5976494568940282,0.6596583528494229
full,item,0.3333333333333333,32,16,0.6292632706987256,0.6054366791220307,0.6514591732615482
full,item,0.3333333333333333,32,64,0.6302934209559888,0.6063076042671578,0.6507016193763732
full,item,0.3333333333333333,32,177,0.6302578086524441,0.5953592209152744,0.6641362335996694
full,item,0.3333333333333333,128,4,0.5714864873437089,0.5404693064280177,0.6057575848758283
full,item,0.3333333333333333,128,16,0.5728895898551748,0.5469124861823157,0.5966536693381325
full,item,0.3333333333333333,128,64,0.5740428631585137,0.547904027293125,0.5955126005461958
full,item,0.3333333333333333,128,177,0.5742627611209674,0.5371543862791975,0.61119697776799
full,item,0.3333333333333333,256,4,0.54179555020366,0.5098596759807836,0.5777377410230747
full,item,0.3333333333333333,256,16,0.5437721724101376,0.5160632221443916,0.5688950968607152
full,item,0.3333333333333333,256,64,0.5447526489377688,0.5174343838366189,0.5676778465920317
full,item,0.3333333333333333,256,177,0.5452115112022895,0.5076701257407015,0.5842133888945504
full,item,0.375,8,4,0.6999466827790002,0.6682302410364581,0.7301028660101917
full,item,0.375,8,16,0.700223169211059,0.6770132452900114,0.7211966658590797
full,item,0.375,8,64,0.7000569076127089,0.6767555404014622,0.7201625874740798
full,item,0.375,8,177,0.700127023499715,0.6633203435290734,0.7314271505509309
full,item,0.375,16,4,0.6737568681742736,0.6422352760465272,0.7056790302102862
full,item,0.375,16,16,0.6740922361863846,0.6487512466630614,0.6958877458468163
full,item,0.375,16,64,0.6735512542602742,0.649089756467578,0.693930775979826
full,item,0.375,16,177,0.6724610216294855,0.6349943495815679,0.7055176517115843
full,item,0.375,32,4,0.6468187166553931,0.6145884017816043,0.6798818556553712
full,item,0.375,32,16,0.6463966989676182,0.6214303350565284,0.6699877782269822
full,item,0.375,32,64,0.6455120920836148,0.6200621878790816,0.6670254527141507
full,item,0.375,32,177,0.6440310822264582,0.605630060710028,0.6805109816441778
full,item,0.375,128,4,0.5895086408510768,0.5556997352907423,0.6257325578333653
full,item,0.375,128,16,0.5892263030094427,0.561035134493425,0.6148210325711206
full,item,0.375,128,64,0.5870410241436321,0.5593093705219297,0.6104574732377636
full,item,0.375,128,177,0.584383504497126,0.5438315374993229,0.623615088633336
full,item,0.375,256,4,0.5601405277687915,0.5259974602523699,0.5981530644288215
full,item,0.375,256,16,0.5592148803942106,0.5305193289216504,0.5862946256570475
full,item,0.375,256,64,0.5562923951562884,0.5270986403083971,0.5810762728293318
full,item,0.375,256,177,0.5529238681236484,0.5114246958586057,0.5953255284629794
full,item,0.41666666666666663,8,4,0.7171109712189148,0.6837420440595299,0.7498096167361338
full,item,0.41666666666666663,8,16,0.7171300884794605,0.6918981857374406,0.7393499779182355
full,item,0.41666666666666663,8,64,0.7164715362070664,0.6917537313922716,0.7373329615944731
full,item,0.41666666666666663,8,177,0.7155794892628567,0.677107444812827,0.7479892686280163
full,item,0.41666666666666663,16,4,0.691373021905699,0.6576673694964982,0.7252817388959517
full,item,0.41666666666666663,16,16,0.6909711065673318,0.6649619500812134,0.7146270556422544
full,item,0.41666666666666663,16,64,0.6895023310578909,0.6634938137398804,0.7108527344649856
full,item,0.41666666666666663,16,177,0.6874327126923372,0.6467503843088197,0.7219897177007165
full,item,0.41666666666666663,32,4,0.6645888699558591,0.6302228701168283,0.6993248524153524
full,item,0.41666666666666663,32,16,0.663557140489575,0.6369120991354409,0.6880942029856639
full,item,0.41666666666666663,32,64,0.6605070257740417,0.6334426405567318,0.6838194868102627
full,item,0.41666666666666663,32,177,0.6571759945645006,0.6151995340383551,0.6958941021634467
full,item,0.41666666666666663,128,4,0.6075820758649217,0.5713563197708176,0.6462863978924217
full,item,0.41666666666666663,128,16,0.605266898916198,0.576405008897671,0.6325435598376685
full,item,0.41666666666666663,128,64,0.5999436829247584,0.5704465583378827,0.6262137203468701
full,item,0.41666666666666663,128,177,0.5939540034406774,0.5502477664447246,0.6374342989728622
full,item,0.41666666666666663,256,4,0.5780829175289355,0.5403722945812359,0.6179936544111369
full,item,0.41666666666666663,256,16,0.5749311671739256,0.5441845362267639,0.604198086618809
full,item,0.41666666666666663,256,64,0.5681370312224054,0.537319008753463,0.5947503111315074
full,item,0.41666666666666663,256,177,0.5605947160774305,0.5154420325665581,0.6072526986094999
full,item,0.4583333333333333,8,4,0.7338313767166739,0.6988536850361375,0.7669799951931696
full,item,0.4583333333333333,8,16,0.733315965997966,0.7059134479390742,0.7568176753219007
full,item,0.4583333333333333,8,64,0.7324492573144532,0.7064432968411439,0.7540317471206817
full,item,0.4583333333333333,8,177,0.7313625599246869,0.690049738438273,0.7654318610813919
full,item,0.4583333333333333,16,4,0.7088522016128336,0.6732478806091353,0.7434515381627044
full,item,0.4583333333333333,16,16,0.7073718840340282,0.6798524244902053,0.7324593756183355
full,item,0.4583333333333333,16,64,0.7047766892905449,0.6770159346256689,0.7273098523675651
full,item,0.4583333333333333,16,177,0.7020443379980041,0.658320950216066,0.7386827982422342
full,item,0.4583333333333333,32,4,0.6821504381380066,0.6467693574312139,0.718436810716137
full,item,0.4583333333333333,32,16,0.680024655921428,0.6519981782543698,0.7061354362903552
full,item,0.4583333333333333,32,64,0.6752891997919713,0.6467443817119918,0.7002872211228344
full,item,0.4583333333333333,32,177,0.6704445020000567,0.6251855768064463,0.7111507500279037
full,item,0.4583333333333333,128,4,0.6253973007678659,0.5864980958204377,0.6655415693955735
full,item,0.4583333333333333,128,16,0.6210904620501907,0.5905828619667775,0.6503612509400416
full,item,0.4583333333333333,128,64,0.6128580374682295,0.5805033939278843,0.6411804570616719
full,item,0.4583333333333333,128,177,0.6035802336376734,0.556012760684541,0.6491553633057211
full,item,0.4583333333333333,256,4,0.5956926285279773,0.5544854427975818,0.6379218647198355
full,item,0.4583333333333333,256,16,0.5901306514698741,0.5577704857657221,0.6220013345107391
full,item,0.4583333333333333,256,64,0.5797327963727472,0.546647610766505,0.6088575709114908
full,item,0.4583333333333333,256,177,0.568415215796932,0.5203502430081137,0.6176832038275454
full,item,0.5,8,4,0.7497053428191708,0.7135382236508563,0.7842451319195171
full,item,0.5,8,16,0.7489748837705441,0.7209666049227037,0.7741446761943481
full,item,0.5,8,64,0.7476070465522793,0.7198295996142681,0.7700965655292439
full,item,0.5,8,177,0.7462099273886867,0.7020408265119592,0.7812928328561152
full,item,0.5,16,4,0.7251920182239713,0.688625836777767,0.7612884248692255
full,item,0.5,16,16,0.7230464075778404,0.6941748233789284,0.7492798844349391
full,item,0.5,16,64,0.7196582065487385,0.6902949426805818,0.7437306948527619
full,item,0.5,16,177,0.7160296137054261,0.668643800176334,0.755419481404186
full,item,0.5,32,4,0.6995471578976147,0.6610670040174316,0.7369285735247298
full,item,0.5,32,16,0.6959425138021809,0.6666031943308678,0.7232003426657433
full,item,0.5,32,64,0.6899386567021608,0.6589014974454664,0.7164699963265934
full,item,0.5,32,177,0.6834036263337104,0.6336694006883841,0.7265355862468068
full,item,0.5,128,4,0.6430073395942324,0.6020338934171595,0.6851424588261609
full,item,0.5,128,16,0.6366213366192544,0.6042144914509743,0.6682679257927623
full,item,0.5,128,64,0.6254100787479837,0.5910043840073168,0.6553050226227229
full,item,0.5,128,177,0.6135828891437971,0.5609376006728274,0.6627454974648646
full,item,0.5,256,4,0.6131173566297973,0.5697711719236027,0.658266395737316
full,item,0.5,256,16,0.6053730382650468,0.5707231941621423,0.6393905331797
full,item,0.5,256,64,0.5911126098445667,0.5551333053932446,0.6228678612970691
full,item,0.5,256,177,0.5762645611621076,0.5236868409206885,0.6296106028841129
full,item,0.5416666666666666,8,4,0.7651413848827578,0.7269494105717417,0.8005994949084093
full,item,0.5416666666666666,8,16,0.7639724884520028,0.7353210133587803,0.7895675618514927
full,item,0.5416666666666666,8,64,0.7623541679528554,0.733334583011218,0.7854214987182072
full,item,0.5416666666666666,8,177,0.7606714521304,0.7130088036603665,0.7969383299893873
full,item,0.5416666666666666,16,4,0.7409766118350598,0.7021107601688723,0.7783119306317029
full,item,0.5416666666666666,16,16,0.738576710573819,0.7088093976124544,0.765840580391102
full,item,0.5416666666666666,16,64,0.7341288722479219,0.7031299326505196,0.7594310429855708
full,item,0.5416666666666666,16,177,0.729849364964891,0.6796400948644857,0.7700606423885953
full,item,0.5416666666666666,32,4,0.7161704634594008,0.6752031767125418,0.7549398889715659
full,item,0.5416666666666666,32,16,0.7113793224944132,0.6806640961790629,0.7404627777029366
full,item,0.5416666666666666,32,64,0.7039027355401614,0.670365459886735,0.7315392315960224
full,item,0.5416666666666666,32,177,0.6961896510776446,0.6429153116105397,0.7413810862792375
full,item,0.5416666666666666,128,4,0.6600681719328703,0.6171853056310606,0.703649750004059
full,item,0.5416666666666666,128,16,0.6519086408995691,0.6161088542967746,0.6858744918596079
full,item,0.5416666666666666,128,64,0.637812181422716,0.6010643563348634,0.6690658251658317
full,item,0.5416666666666666,128,177,0.6230824695857411,0.5672375933083348,0.6771702287636507
full,item,0.5416666666666666,256,4,0.6300793960076345,0.5833917793146048,0.6781876042339565
full,item,0.5416666666666666,256,16,0.62052666164388115,0.5836197687549197,0.656598252365574
full,item,0.5416666666666666,256,64,0.6022953893045446,0.5634265942436895,0.6373144609046951
full,item,0.5416666666666666,256,177,0.5843856970784207,0.5263828872795455,0.6421622917342984
full,item,0.5833333333333333,8,4,0.7795942211438589,0.7391221453598176,0.8157410930380001
full,item,0.5833333333333333,8,16,0.7784332452290177,0.748952286021018,0.8049424328344043
full,item,0.5833333333333333,8,64,0.7764732775535876,0.7464094355717571,0.8006616710164444
full,item,0.5833333333333333,8,177,0.7744771594952249,0.7245706198481446,0.8117234693646701
full,item,0.5833333333333333,16,4,0.756282846475681,0.7153997531511942,0.7943314212083729
full,item,0.5833333333333333,16,16,0.7533307363755655,0.7228657623838376,0.781658434067125
full,item,0.5833333333333333,16,64,0.7482521694517703,0.7156528814119688,0.7743062088591068
full,item,0.5833333333333333,16,177,0.7431628455158112,0.689896278331889,0.7844144383835124
full,item,0.5833333333333333,32,4,0.731924653493329,0.6889159880409252,0.7714914951600812
full,item,0.5833333333333333,32,16,0.7262713208454084,0.6938489885627727,0.7569412226572841
full,item,0.5833333333333333,32,64,0.71758717065594535,0.6829848932287405,0.7465181731932259
full,item,0.5833333333333333,32,177,0.7086724549864447,0.6516710475111266,0.7560118657948405
full,item,0.5833333333333333,128,4,0.6767367013379888,0.630976514997016,0.7222322883232939
full,item,0.5833333333333333,128,16,0.6670410287037702,0.6297347567848481,0.7030999228541253
full,item,0.5833333333333333,128,64,0.6498821809350432,0.6109016279314667,0.6839872628176215
full,item,0.5833333333333333,128,177,0.632523982285381,0.57170921289707,0.6902600592009248
full,item,0.5833333333333333,256,4,0.6470256859259288,0.5976062957809364,0.6981206172985809
full,item,0.5833333333333333,256,16,0.6352837140692457,0.5954437241786649,0.6739585400601183
full,item,0.5833333333333333,256,64,0.6134925932358081,0.5723263560193447,0.6506151160246553
full,item,0.5833333333333333,256,177,0.5921074110071737,0.5296765618026611,0.6533163453368582
full,item,0.625,8,4,0.7933955265169561,0.751469542849897,0.8302845225896816
full,item,0.625,8,16,0.792128721522747,0.7619637947016265,0.819876495964785
full,item,0.625,8,64,0.7898686943245231,0.7584937001116635,0.8148122138597508
full,item,0.625,8,177,0.7875245161964273,0.7364991873388421,0.8268562895962385
full,item,0.625,16,4,0.7710900843583575,0.7283843361264413,0.8095643898511076
full,item,0.625,16,16,0.7677905015873361,0.7363604477467968,0.7964626933409381
full,item,0.625,16,64,0.7613565329527479,0.7278886765212716,0.7895547785973412
full,item,0.625,16,177,0.7561597871238981,0.699618964258022,0.7993738778314873
full,item,0.625,32,4,0.7471808788269835,0.7022984121189942,0.7875373100873824
full,item,0.625,32,16,0.7407562027072891,0.7068647918626404,0.772884808619192
full,item,0.625,32,64,0.7307218358601585,0.6947125752200818,0.7615571951149247
full,item,0.625,32,177,0.7208382712161026,0.6605636686837328,0.7700157675063699
full,item,0.625,128,4,0.6929773152338334,0.6441632852763958,0.7404444867502855
full,item,0.625,128,16,0.6816969150274517,0.6418485921930214,0.7197223402114262
full,item,0.625,128,64,0.6617637450625609,0.6200178928654273,0.6980299532450216
full,item,0.625,128,177,0.6422372275966001,0.5762891552295105,0.7028700698689353
full,item,0.625,256,4,0.6639287834428285,0.6119587463664781,0.7168680114650005
full,item,0.625,256,16,0.6496290850373028,0.6077305955996769,0.6907973696642077
full,item,0.625,256,64,0.6242932329537276,0.580714770634493,0.6634351824501598
full,item,0.625,256,177,0.5998131707109184,0.5315017182740035,0.6653865027833407
full,item,0.6666666666666666,8,4,0.8068518753526579,0.7637457687725755,0.8434327274131485
full,item,0.6666666666666666,8,16,0.8053815327500142,0.7736281609627702,0.833534771670186
full,item,0.6666666666666666,8,64,0.8024991176293985,0.7701237173901745,0.8278178303643645
full,item,0.6666666666666666,8,177,0.8004622520757416,0.7464683624055228,0.8396594548740344
full,item,0.6666666666666666,16,4,0.7851820366345112,0.7407061750519792,0.8240151643098572
full,item,0.6666666666666666,16,16,0.781166933301311,0.7489247052684799,0.8106069973902154
full,item,0.6666666666666666,16,64,0.7742671546394109,0.739366644342022,0.8024412915805329
full,item,0.6666666666666666,16,177,0.7683195057375147,0.7103629225764627,0.8132124991539585
full,item,0.6666666666666666,32,4,0.761668847452512,0.7153424557982034,0.802754981913239
full,item,0.6666666666666666,32,16,0.7546999058704499,0.7200287123362171,0.7878382575044796
full,item,0.6666666666666666,32,64,0.7434313006178292,0.7057717143239686,0.7752218284770659
full,item,0.6666666666666666,32,177,0.7323428855967942,0.6693716015187519,0.7832417322762656
full,item,0.6666666666666666,128,4,0.7085679357524708,0.6584704013105703,0.7581298250524691
full,item,0.6666666666666666,128,16,0.6958225868422967,0.6545105711055352,0.7353543793917154
full,item,0.6666666666666666,128,64,0.6736123082704111,0.6308769353822493,0.7112785182015107
full,item,0.6666666666666666,128,177,0.6513854184453506,0.5799325818321064,0.7154835029917441
full,item,0.6666666666666666,256,4,0.679883563903017,0.6254762169191967,0.7347249330791336
full,item,0.6666666666666666,256,16,0.6640139069478367,0.6202780406733909,0.7067468858313114
full,item,0.6666666666666666,256,64,0.6352163933683876,0.5890048099660739,0.6764552983980318
full,item,0.6666666666666666,256,177,0.606864362399393,0.5340320263241489,0.6770291999887356
full,item,0.7083333333333333,8,4,0.8195707971396922,0.7760778234217761,0.8559095044379572
full,item,0.7083333333333333,8,16,0.8180979969227204,0.785072830051421,0.8464244506053449
full,item,0.7083333333333333,8,64,0.8148492416329739,0.7816312164580046,0.8406102233685206
full,item,0.7083333333333333,8,177,0.8124658084188301,0.756808529421688,0.8532164694963503
full,item,0.7083333333333333,16,4,0.7987078948885818,0.7526622214141043,0.8374855393614231
full,item,0.7083333333333333,16,16,0.7943036599994611,0.7607897805041725,0.8243135336206326
full,item,0.7083333333333333,16,64,0.7867368406998682,0.7503848204155618,0.8160095180242236
full,item,0.7083333333333333,16,177,0.77973577481476,0.7200249358673555,0.8259514855751232
full,item,0.7083333333333333,32,4,0.7757803758505933,0.7279131735583446,0.8171660367519916
full,item,0.7083333333333333,32,16,0.7682441809360119,0.7330892956474938,0.8019394426128637
full,item,0.7083333333333333,32,64,0.7558850004401099,0.7170771540230525,0.7886687136571898
full,item,0.7083333333333333,32,177,0.7434244286764615,0.678037338086499,0.7969945829849457
full,item,0.7083333333333333,128,4,0.7235876042579545,0.6715099889041437,0.7752585387180939
full,item,0.7083333333333333,128,16,0.7098605037075998,0.6672424450395641,0.7508129441799857
full,item,0.7083333333333333,128,64,0.6854562071239192,0.6409748365947553,0.7248557833039757
full,item,0.7083333333333333,128,177,0.6605948390271357,0.5840556797544361,0.727263948658705
full,item,0.7083333333333333,256,4,0.6952012147483757,0.637325233791728,0.7516603727664593
full,item,0.7083333333333333,256,16,0.6780694493793997,0.6318549300004672,0.7229536540517988
full,item,0.7083333333333333,256,64,0.6458932171908036,0.5972711033234286,0.6894367504107923
full,item,0.7083333333333333,256,177,0.6142922579350053,0.5359158358177271,0.688385156369661
full,item,0.75,8,4,0.8315791823174306,0.7870288114327977,0.8677359643073835
full,item,0.75,8,16,0.8298876180563171,0.7964547120532163,0.8587463415216608
full,item,0.75,8,64,0.826454112777652,0.79280262940287,0.8525476510837252
full,item,0.75,8,177,0.8237373943991878,0.7673994326364341,0.8650732277866217
full,item,0.75,16,4,0.8113181541810022,0.7643838148264354,0.8501495566724545
full,item,0.75,16,16,0.8068080468234371,0.7721670369119885,0.8371264150321519
full,item,0.75,16,64,0.7986187045378984,0.7613132788746239,0.8279950568176181
full,item,0.75,16,177,0.791035496627007,0.7292448638565097,0.8381640552008426
full,item,0.75,32,4,0.7891990311507904,0.7401271817637347,0.8307617903575365
full,item,0.75,32,16,0.7811088912781285,0.7452910965827569,0.8155838043391967
full,item,0.75,32,64,0.7678322365113575,0.7280999554000741,0.8007077268279086
full,item,0.75,32,177,0.7546179290132464,0.6858744965525168,0.8096173752782838
full,item,0.75,128,4,0.738624709634039,0.6837994941485912,0.7902928867580854
full,item,0.75,128,16,0.7235432152540853,0.6789287629737547,0.7657434163082062
full,item,0.75,128,64,0.6967650530933891,0.6504399925532949,0.7381446899498822
full,item,0.75,128,177,0.6693123356278007,0.5881567863947482,0.738735821021167
full,item,0.75,256,4,0.7106110094718564,0.6492613767160282,0.7679710548308402
full,item,0.75,256,16,0.691727123705925,0.6442500160254568,0.7382478205531914
full,item,0.75,256,64,0.6567396999988129,0.6058802301516691,0.7026592016182232
full,item,0.75,256,177,0.6217796920229899,0.5372585719735811,0.6999527548316071
full,item,0.7916666666666666,8,4,0.8427421845752963,0.7978828354937838,0.8788846866702112
full,item,0.7916666666666666,8,16,0.8412306019458566,0.8071220253842198,0.8697630505825019
full,item,0.7916666666666666,8,64,0.8376012348102049,0.8032685927210027,0.8635145703877917
full,item,0.7916666666666666,8,177,0.8345020671328041,0.7775139416837173,0.8757817989408041
full,item,0.7916666666666666,16,4,0.8234048807701846,0.7754586283859135,0.8619991470076678
full,item,0.7916666666666666,16,16,0.8186351353842847,0.7831501592258467,0.8491603519388536
full,item,0.7916666666666666,16,64,0.8100922570223548,0.7723728075194861,0.8393495964802955
full,item,0.7916666666666666,16,177,0.8021695703774437,0.7383316072302083,0.8500447464596107
full,item,0.7916666666666666,32,4,0.8020526548287749,0.7515373432900112,0.8440124095161387
full,item,0.7916666666666666,32,16,0.7936141396233638,0.7565891062812514,0.8285208035845046
full,item,0.7916666666666666,32,64,0.7794064364262703,0.7380485300176061,0.812899283788524
full,item,0.7916666666666666,32,177,0.7652421581581542,0.6935937212236207,0.8213307305357063
full,item,0.7916666666666666,128,4,0.752880009455952,0.6964814020074711,0.8052614582282335
full,item,0.7916666666666666,128,16,0.7369552866333733,0.6910715424707565,0.7802490844493326
full,item,0.7916666666666666,128,64,0.7080054611980185,0.6596768114130879,0.7510226245422322
full,item,0.7916666666666666,128,177,0.6785729286785585,0.5922587958650949,0.7510576450515779
full,item,0.7916666666666666,256,4,0.7258876762031918,0.6628484598833702,0.7836841523540015
full,item,0.7916666666666666,256,16,0.7051957376333653,0.6553158273131986,0.7530522794022257
full,item,0.7916666666666666,256,64,0.667269791211359,0.6145802399594805,0.7152198644951585
full,item,0.7916666666666666,256,177,0.6287035158696225,0.5381792192741361,0.7104923575354426
full,item,0.8333333333333333,8,4,0.8535667797980863,0.8080973406061156,0.8891819446233468
full,item,0.8333333333333333,8,16,0.8518027137196116,0.8176304110833424,0.8799947749219955
full,item,0.8333333333333333,8,64,0.8481237717161213,0.8133352427965019,0.8742040893142279
full,item,0.8333333333333333,8,177,0.8446906291829515,0.7866566732809455,0.8857715873389638
full,item,0.8333333333333333,16,4,0.8347278126669004,0.7865483773397468,0.8731028088042492
full,item,0.8333333333333333,16,16,0.8298811967375179,0.793681785437314,0.8608582141901073
full,item,0.8333333333333333,16,64,0.8209945993047345,0.7825368314482464,0.8503018564122687
full,item,0.8333333333333333,16,177,0.8127679722432871,0.747347950234494,0.8611040012270842
full,item,0.8333333333333333,32,4,0.814490722669942,0.7631548619182764,0.8568773087596588
full,item,0.8333333333333333,32,16,0.8057053141187529,0.7672464155975549,0.8405913529760138
full,item,0.8333333333333333,32,64,0.7905902121652006,0.7482750535275063,0.8243796714230044
full,item,0.8333333333333333,32,177,0.7754708882085999,0.7008568844057221,0.832523159809026
full,item,0.8333333333333333,128,4,0.7665775586522099,0.7088792768207506,0.8193992981920748
full,item,0.8333333333333333,128,16,0.7497143692831776,0.701983932072744,0.7941982749766383
full,item,0.8333333333333333,128,64,0.7187520073395576,0.6687929583969475,0.7634896085960285
full,item,0.8333333333333333,128,177,0.6871792002667207,0.5970178486602975,0.7623673153964142
full,item,0.8333333333333333,256,4,0.7402663566273996,0.6748684655475118,0.7984527462968256
full,item,0.8333333333333333,256,16,0.7183085382335812,0.6664866023159031,0.7671564876312398
full,item,0.8333333333333333,256,64,0.6775992102962829,0.6229904198862137,0.7277641264191784
full,item,0.8333333333333333,256,177,0.6361269788416478,0.5415170071386213,0.721208254351713
full,item,0.875,8,4,0.8636997875476919,0.8178309106293853,0.8985321304968906
full,item,0.875,8,16,0.8620139922760119,0.8272536302218468,0.8895230596721087
full,item,0.875,8,64,0.8578277106078124,0.8231693363588316,0.883881546774235
full,item,0.875,8,177,0.8545949440550773,0.7955696184906283,0.895422902741031
full,item,0.875,16,4,0.8457051505847892,0.7966027774641061,0.8834512153801757
full,item,0.875,16,16,0.8405433315594495,0.8037932337830028,0.8716960527987027
full,item,0.875,16,64,0.83145604176571,0.792626326892453,0.8608729500006249
full,item,0.875,16,177,0.822887133252749,0.7557393498300403,0.8715434136012199
full,item,0.875,32,4,0.8263448927908277,0.7741452994098691,0.8688683891762539
full,item,0.875,32,16,0.8171199079081645,0.7776377293189904,0.8523152468174896
full,item,0.875,32,64,0.8012511335141812,0.7584031392211862,0.8353725140432355
full,item,0.875,32,177,0.7858169949819127,0.7089507872630243,0.8430707027078673
full,item,0.875,128,4,0.7797511026476106,0.7205865060605104,0.8318292000405472
full,item,0.875,128,16,0.7621062178183577,0.713847704513031,0.8072516924569014
full,item,0.875,128,64,0.7294968560430788,0.6777835672447895,0.7752961200130345
full,item,0.875,128,177,0.6955119992284337,0.6025827069240951,0.7738203437067793
full,item,0.875,256,4,0.7542376078079657,0.6881479467297377,0.8119505167553445
full,item,0.875,256,16,0.7311404303320566,0.6782696552638394,0.7805804799152922
full,item,0.875,256,64,0.6876269082953772,0.631050974681019,0.7399449913858264
full,item,0.875,256,177,0.6437902006100049,0.5455251685520469,0.7317090715400575
full,item,0.9166666666666666,8,4,0.8732024115515535,0.8273384639245634,0.9077051612773498
full,item,0.9166666666666666,8,16,0.8713565923934676,0.8369068172778258,0.8986261882406933
full,item,0.9166666666666666,8,64,0.8672506459470701,0.8326503030750354,0.8932084136819608
full,item,0.9166666666666666,8,177,0.8640384677155921,0.8044432965723581,0.9047083837453311
full,item,0.9166666666666666,16,4,0.8561370571509108,0.8068273085496737,0.8934412411633194
full,item,0.9166666666666666,16,16,0.8506609516118294,0.8135318671693901,0.8818156961816893
full,item,0.9166666666666666,16,64,0.8413811317258053,0.8022679543393424,0.87090117319043725
full,item,0.9166666666666666,16,177,0.8324039565868788,0.7637551044209118,0.8813223987393844
full,item,0.9166666666666666,32,4,0.8374837411603829,0.7847464622978598,0.8795916156651638
full,item,0.9166666666666666,32,16,0.8281180901826168,0.7882261647490211,0.8631017019821582
full,item,0.9166666666666666,32,64,0.8117400918160156,0.7683254352316304,0.8459575463691067
full,item,0.9166666666666666,32,177,0.7956472872700049,0.7168102089243256,0.8530972426301386
full,item,0.9166666666666666,128,4,0.7924652057625792,0.7322398864293188,0.8439069026337909
full,item,0.9166666666666666,128,16,0.7742176304537356,0.724627115633108,0.8192670956249654
full,item,0.9166666666666666,128,64,0.7400107409578003,0.686644104883527,0.7864753029992456
full,item,0.9166666666666666,128,177,0.7040655964121285,0.6077984298952042,0.7843176066987908
full,item,0.9166666666666666,256,4,0.7673623736683681,0.7002658226947772,0.8251831973155355
full,item,0.9166666666666666,256,16,0.7433470671009755,0.6896891264999316,0.7937797255508877
full,item,0.9166666666666666,256,64,0.6974138530071405,0.6390475141203711,0.751769295748721
full,item,0.9166666666666666,256,177,0.6509199267167871,0.5491615268006005,0.7415147142409005
full,item,0.9583333333333333,8,4,0.8822886939455342,0.8363434600335683,0.9158953974271643
full,item,0.9583333333333333,8,16,0.8803897810697667,0.8462122496121451,0.907365717391574
full,item,0.9583333333333333,8,64,0.8762639422478339,0.8419168711056222,0.9019376273562496
full,item,0.9583333333333333,8,177,0.8727815870345346,0.8125815555312644,0.9132645688481796
full,item,0.9583333333333333,16,4,0.8659439922946814,0.8167546016904006,0.9029323669079202
full,item,0.9583333333333333,16,16,0.8603120037348986,0.8230553998769644,0.8913459225249932
full,item,0.9583333333333333,16,64,0.8508921179400941,0.811926900734125,0.8801981260872546
full,item,0.9583333333333333,16,177,0.841384422987855,0.7720580737434778,0.8904684409938887
full,item,0.9583333333333333,32,4,0.8479717758007008,0.7950183786368128,0.8893870445305379
full,item,0.9583333333333333,32,16,0.8385734690649234,0.7980750048606438,0.8732785282218494
full,item,0.9583333333333333,32,64,0.821551522962153,0.77760675793391,0.8559283242321246
full,item,0.9583333333333333,32,177,0.8052175093382856,0.7247847657312187,0.8630354311010394
full,item,0.9583333333333333,128,4,0.8045537920615407,0.7435857440263756,0.8557072799711385
full,item,0.9583333333333333,128,16,0.7856994283859002,0.735079049116731,0.8306968732033206
full,item,0.9583333333333333,128,64,0.7501505765238949,0.695359015251801,0.7975876634638215
full,item,0.9583333333333333,128,177,0.7124555716326655,0.612951837344333,0.7940617280698182
full,item,0.9583333333333333,256,4,0.7802183726574723,0.7118011993147656,0.8376885874571061
full,item,0.9583333333333333,256,16,0.7551215177240843,0.7001929653117658,0.8062335332924253
full,item,0.9583333333333333,256,64,0.707141725283378,0.6470679628599089,0.7633360423714523
full,item,0.9583333333333333,256,177,0.6579676770162726,0.5514891810443581,0.7515659232542067
full,item,1,8,4,0.8907621409990892,0.8449782232084684,0.9235334784470725
full,item,1,8,16,0.8888074361197433,0.8550888881871423,0.915455274365744
full,item,1,8,64,0.8847437836820187,0.8507794429401665,0.9101327564538341
full,item,1,8,177,0.8810483433657577,0.8206774762228916,0.9207590517989931
full,item,1,16,4,0.8750949679326685,0.8260846131884428,0.9118749444371959
full,item,1,16,16,0.8696204626495385,0.8319563400500828,0.9001538139051378
full,item,1,16,64,0.8600108315429043,0.8211204032977443,0.8889479402296173
full,item,1,16,177,0.8503464750067347,0.7801108585244063,0.8990002813277357
full,item,1,32,4,0.8581489634222393,0.805088738146051,0.8984970156164054
full,item,1,32,16,0.8484990597689259,0.8075883042732841,0.8828096161201164
full,item,1,32,64,0.8310345975584585,0.7866267227641277,0.8656427344427078
full,item,1,32,177,0.81422352854606,0.7328152474245202,0.8719520987617465
full,item,1,128,4,0.8161422062535052,0.7546146602601338,0.8667728913079915
full,item,1,128,16,0.7967642675086215,0.7456229145150269,0.841553934406971
full,item,1,128,64,0.759969573977781,0.703510353269389,0.8079475906400831
full,item,1,128,177,0.720623121124538,0.6180475004900816,0.8036796303986251
full,item,1,256,4,0.7923770835191437,0.7230711817823303,0.8499294711482502
full,item,1,256,16,0.7664008285255517,0.7109117995239271,0.8181139222131141
full,item,1,256,64,0.7169317524526562,0.6546598831458293,0.7740705165269351
full,item,1,256,177,0.665706404905152,0.5529506048373958,0.7616537765798457
full,class,0,8,4,0.2544678972195214,0.2291443504559944,0.28127311237167085
full,class,0,8,16,0.25347241961731715,0.23449495493748915,0.27326204331613535
full,class,0,8,64,0.25137783213838494,0.23260923794506208,0.2711971426839493
full,class,0,8,177,0.24955471280849678,0.2224487084430815,0.27869019834281195
full,class,0,16,4,0.2841141646528118,0.2575104796793505,0.31134569522322425
full,class,0,16,16,0.2811374478581835,0.2606429577776528,0.301903719745258
full,class,0,16,64,0.27522082188095515,0.25606889115258,0.2957171186603771
full,class,0,16,177,0.26975944459140566,0.24168898067648534,0.29863324118879314
full,class,0,32,4,0.31614999692690676,0.28741368329232836,0.34404558784925093
full,class,0,32,16,0.3107042203104333,0.28915007525596437,0.3315269328062954
full,class,0,32,64,0.3002586279216103,0.2807884753946845,0.321608614251603
full,class,0,32,177,0.29116703577518155,0.262327279124181,0.3222912893887172
full,class,0,128,4,0.3850207439891361,0.35305946431774343,0.4156930877782012
full,class,0,128,16,0.37416377563137815,0.3491537175974334,0.3963280612573652
full,class,0,128,64,0.3538900330763671,0.33236412027526835,0.3772888130494433
full,class,0,128,177,0.33674162913953665,0.30510764383843625,0.3705115199407857
full,class,0,256,4,0.4212477029617171,0.3880296320793366,0.45285102198665134
full,class,0,256,16,0.40770830055288876,0.3810987551470739,0.43074386039992524
full,class,0,256,64,0.38270690702627896,0.35937038597447607,0.4073622649998856
full,class,0,256,177,0.3604929868261072,0.32691795235001303,0.3969686356441003
full,class,0.041666666666666664,8,4,0.28539983716951695,0.2603186154508339,0.31099726365738195
full,class,0.041666666666666664,8,16,0.28413374829414806,0.2652245914164067,0.3035026480468463
full,class,0.041666666666666664,8,64,0.2816428299027598,0.26335425701050097,0.30074940091658026
full,class,0.041666666666666664,8,177,0.2790359953736641,0.2529334842647522,0.3080402603846191
full,class,0.041666666666666664,16,4,0.311289847689327,0.2855392597978425,0.33770026146837656
full,class,0.041666666666666664,16,16,0.30772583054514424,0.28775345237185596,0.32792909218112914
full,class,0.041666666666666664,16,64,0.3012387262343156,0.28256340691729565,0.3204765079648057
full,class,0.041666666666666664,16,177,0.2947731949229205,0.26807960590274377,0.3241876189198971
full,class,0.041666666666666664,32,4,0.33864386303716104,0.31128131606593257,0.3653574984610945
full,class,0.041666666666666664,32,16,0.3325743479940064,0.3115649046532888,0.3531710301689736
full,class,0.041666666666666664,32,64,0.3212211502751606,0.3021296690153827,0.3412355066618662
full,class,0.041666666666666664,32,177,0.3112577716433469,0.2834036558885576,0.3406636785610934
full,class,0.041666666666666664,128,4,0.3964874361455627,0.3663456228010881,0.42438671066019085
full,class,0.041666666666666664,128,16,0.3846793880774563,0.3617583334956368,0.40443816374109864
full,class,0.041666666666666664,128,64,0.363370099221016,0.343387956166132,0.38479543319165166
full,class,0.041666666666666664,128,177,0.34543398420964205,0.31464211066728337,0.3764099718588762
full,class,0.041666666666666664,256,4,0.4264903338295114,0.3950918180934775,0.4545836765199686
full,class,0.041666666666666664,256,16,0.41146456943663806,0.3883630168976251,0.43265593999404905
full,class,0.041666666666666664,256,64,0.38545046846028286,0.3639066663659739,0.40752550364290757
full,class,0.041666666666666664,256,177,0.3630005971806203,0.33096876167544026,0.39598743438588363
full,class,0.08333333333333333,8,4,0.31842277017666143,0.2932621693531245,0.34377475906302535
full,class,0.08333333333333333,8,16,0.31687657167851513,0.2970353110659105,0.33615908328102173
full,class,0.08333333333333333,8,64,0.31397589392806446,0.29586026768926305,0.33228970644424255
full,class,0.08333333333333333,8,177,0.3114089673989259,0.2846684651499252,0.3400222364133177
full,class,0.08333333333333333,16,4,0.3399592073221752,0.3141276727357989,0.36525905212050286
full,class,0.08333333333333333,16,16,0.3356418390047886,0.31560728651650227,0.35481711089623125
full,class,0.08333333333333333,16,64,0.32844670457614783,0.3097747038404228,0.3468694467328753
full,class,0.08333333333333333,16,177,0.3217364410977747,0.2946725665975756,0.3492365809266119
full,class,0.08333333333333333,32,4,0.36217286128605536,0.33506234960258857,0.3873434173831116
full,class,0.08333333333333333,32,16,0.355216162503761,0.33415592230119584,0.37438022494973616
full,class,0.08333333333333333,32,64,0.34283992058240936,0.3242490908153239,0.3623598716060115
full,class,0.08333333333333333,32,177,0.3320024379046179,0.3046452047959929,0.3591673091609971
full,class,0.08333333333333333,128,4,0.40798775672931215,0.37981023880509335,0.43464767857384695
full,class,0.08333333333333333,128,16,0.39549741343031924,0.3735680943257056,0.414106714265071
full,class,0.08333333333333333,128,64,0.3729791919905988,0.35284172590675394,0.39327930282507934
full,class,0.08333333333333333,128,177,0.3534658019096252,0.32413657744072055,0.38217744685328586
full,class,0.08333333333333333,256,4,0.43134037843519235,0.40197175201888696,0.4589448091251357
full,class,0.08333333333333333,256,16,0.41586714466582253,0.3934573455914961,0.43538755138627017
full,class,0.08333333333333333,256,64,0.38842336284672985,0.3675449599513885,0.40847847845726765
full,class,0.08333333333333333,256,177,0.36476577458732906,0.3338721004737103,0.39531094283651336
full,class,0.125,8,4,0.3532042351218753,0.3269905035506097,0.3787164965571454
full,class,0.125,8,16,0.3513809278385567,0.3312528498322316,0.3711247700119803
full,class,0.125,8,64,0.34804906667435137,0.32919702548544627,0.36662327375102477
full,class,0.125,8,177,0.3455037453793862,0.31646383062680944,0.3733266219511685
full,class,0.125,16,4,0.3695803327336516,0.34228418176954506,0.39568661065312555
full,class,0.125,16,16,0.3648016456954035,0.34447922727830255,0.3838062558582257
full,class,0.125,16,64,0.3565933489237988,0.3379923821593741,0.3752627689026093
full,class,0.125,16,177,0.34966277480068536,0.320960024232867,0.3761545054952705
full,class,0.125,32,4,0.3860890591137729,0.3584204030925153,0.4116982389883255
full,class,0.125,32,16,0.3782889719495417,0.35742019856400015,0.3968581814599811
full,class,0.125,32,64,0.3652643517192973,0.3464486716617845,0.38377368835811315
full,class,0.125,32,177,0.35401757894757646,0.3258126910466591,0.38048611949251765
full,class,0.125,128,4,0.41958455548420825,0.3903157390168196,0.4447464591727605
full,class,0.125,128,16,0.4061233251524571,0.38389869050481285,0.42475647188552573
full,class,0.125,128,64,0.3827973366040217,0.36256208410724844,0.40192832703096787
full,class,0.125,128,177,0.36188420067915783,0.3328806735917218,0.39005129072421424
full,class,0.125,256,4,0.4366444135938754,0.40782052461893603,0.4626133611740424
full,class,0.125,256,16,0.4201132027846616,0.3979098528987607,0.43906449003674486
full,class,0.125,256,64,0.39157930618937054,0.37137058889615615,0.4113207022290886
full,class,0.125,256,177,0.3660445794937205,0.3360901598076191,0.3949265708532087
full,class,0.16666666666666666,8,4,0.3899579041923483,0.3621391954140689,0.41712113410718427
full,class,0.16666666666666666,8,16,0.38702531072264384,0.3667132895512038,0.40775958728697786
full,class,0.16666666666666666,8,64,0.38375078707560983,0.36412828364962047,0.4032215515550414
full,class,0.16666666666666666,8,177,0.38139726080437064,0.35103823084330954,0.40894575722827936
full,class,0.16666666666666666,16,4,0.3999148611300207,0.3720407944564935,0.42648687334205404
full,class,0.16666666666666666,16,16,0.3947417498691443,0.37413483817430426,0.41444533765430563
full,class,0.16666666666666666,16,64,0.38603721657461654,0.36686950336102103,0.40500308171443616
full,class,0.16666666666666666,16,177,0.3786134050659926,0.3488998404816818,0.4053330411362729
full,class,0.16666666666666666,32,4,0.41047828760613453,0.3825040655074485,0.43635835126848566
full,class,0.16666666666666666,32,16,0.4022133813388305,0.3816000647420977,0.4210951104293784
full,class,0.16666666666666666,32,64,0.3884558392134204,0.3688845778015587,0.40734459303084236
full,class,0.16666666666666666,32,177,0.37583401193376614,0.3461246416304263,0.40286171537278115
full,class,0.16666666666666666,128,4,0.4312208674413427,0.4021670066903581,0.4578026634944488
full,class,0.16666666666666666,128,16,0.41708025352343714,0.3957877925320484,0.4360231900616086
full,class,0.16666666666666666,128,64,0.39269776642442045,0.3721939851373222,0.41202595189534674
full,class,0.16666666666666666,128,177,0.3708826318696947,0.3405106977076437,0.3985367933116291
full,class,0.16666666666666666,256,4,0.44159355763418373,0.4124195621282355,0.46828156499940704
full,class,0.16666666666666666,256,16,0.424317748973835,0.4027744681934099,0.44405798258201756
full,class,0.16666666666666666,256,64,0.39475766468791695,0.3738947314370823,0.4148794673269896
full,class,0.16666666666666666,256,177,0.36829487231201974,0.33702243816952204,0.3966397300106258
full,class,0.20833333333333331,8,4,0.4270499180956956,0.39772140808323986,0.45575198867621863
full,class,0.20833333333333331,8,16,0.4247423648812221,0.40274149252650315,0.4466544409058305
full,class,0.20833333333333331,8,64,0.4209129724036561,0.4003871272576692,0.441849796723491
full,class,0.20833333333333331,8,177,0.4180709373182665,0.3847004243825241,0.4487943436614625
full,class,0.20833333333333331,16,4,0.43111119742270115,0.40135036017676723,0.45939338206667574
full,class,0.20833333333333331,16,16,0.42545387809934476,0.4038093900474144,0.4465612623743557
full,class,0.20833333333333331,16,64,0.416082508523326,0.3958727880923468,0.43636427437416786
full,class,0.20833333333333331,16,177,0.4083963676433209,0.3761326017095086,0.43783118302987967
full,class,0.20833333333333331,32,4,0.43523890323414316,0.4055293137923382,0.4628172122490624
full,class,0.20833333333333331,32,16,0.4264814061676012,0.40510739354411424,0.44680634257056195
full,class,0.20833333333333331,32,64,0.41172309123096285,0.39142982345775523,0.43123979114871314
full,class,0.20833333333333331,32,177,0.39904895748054947,0.3667219623510447,0.42765538303359574
full,class,0.20833333333333331,128,4,0.44299543972131905,0.41254898315655497,0.4703446691809373
full,class,0.20833333333333331,128,16,0.4281894040908938,0.4059879062424414,0.4490951346482876
full,class,0.20833333333333331,128,64,0.40243302132016645,0.3811316732671568,0.4222764783116509
full,class,0.20833333333333331,128,177,0.3796812879313742,0.3470814118118012,0.4088443572500322
full,class,0.20833333333333331,256,4,0.4467860770303623,0.4157207104722801,0.47482136373684275
full,class,0.20833333333333331,256,16,0.42875184555776746,0.40614841615757563,0.4500126973416249
full,class,0.20833333333333331,256,64,0.3977993323126011,0.37653613810096304,0.41836950187197414
full,class,0.20833333333333331,256,177,0.3706972193114584,0.33706128953864883,0.39991879681478143
full,class,0.25,8,4,0.46534483466268306,0.4324320867661825,0.4979402304281634
full,class,0.25,8,16,0.46303834134313127,0.43932035989760243,0.48759013058683576
full,class,0.25,8,64,0.4585157044364744,0.4358012692906435,0.4817231093868171
full,class,0.25,8,177,0.4556591917992669,0.4189488424703432,0.4898245604925371
full,class,0.25,16,4,0.4624686866249025,0.4302270646587347,0.4941791075401968
full,class,0.25,16,16,0.4570866707700795,0.43365355245049575,0.4807606225555686
full,class,0.25,16,64,0.4469557009796446,0.4249707248430831,0.46904654525089257
full,class,0.25,16,177,0.4384333486425297,0.40294050598168996,0.47113085830792345
full,class,0.25,32,4,0.4600460868546502,0.42771736112056585,0.49080403937847994
full,class,0.25,32,16,0.4510834314937495,0.42736237405089444,0.47422143868402433
full,class,0.25,32,64,0.4354564613734715,0.4136486049774004,0.4565776517418714
full,class,0.25,32,177,0.42159669891823603,0.3866324826372486,0.45334898189071443
full,class,0.25,128,4,0.4545795972755061,0.42176116303215866,0.48376782533743246
full,class,0.25,128,16,0.43910137270044003,0.41483781450399426,0.4623956626228837
full,class,0.25,128,64,0.4122905941241728,0.38898388846519083,0.4337026864811989
full,class,0.25,128,177,0.3884882868320566,0.3528515056109649,0.41990898228816526
full,class,0.25,256,4,0.4517777932172048,0.41849599547423366,0.48298828958103024
full,class,0.25,256,16,0.4328102869824544,0.4086369576683633,0.45729338324917296
full,class,0.25,256,64,0.4003665192321286,0.37702830470044085,0.42242366286881
full,class,0.25,256,177,0.3716455414564024,0.3362773859049543,0.40343537335061397
full,class,0.29166666666666663,8,4,0.5044412749534708,0.46744047354851864,0.540719009604036
full,class,0.29166666666666663,8,16,0.5019405214753847,0.4755550018144754,0.5289871379069295
full,class,0.29166666666666663,8,64,0.49721708684392335,0.47135948863471827,0.5223797238214456
full,class,0.29166666666666663,8,177,0.49353595770538355,0.45319502118385335,0.5316233420964727
full,class,0.29166666666666663,16,4,0.4946929738521331,0.45931055515941266,0.5301343056318323
full,class,0.29166666666666663,16,16,0.4892312658682677,0.462926589332283,0.5146927564271344
full,class,0.29166666666666663,16,64,0.4782322970547921,0.4536279609764381,0.5025210036684571
full,class,0.29166666666666663,16,177,0.46937823030950754,0.42927554075477725,0.505573599713081
full,class,0.29166666666666663,32,4,0.48551838336537556,0.450061470603045,0.5198856704012351
full,class,0.29166666666666663,32,16,0.4762503971735936,0.45027391647669984,0.5018738756429664
full,class,0.29166666666666663,32,64,0.4593181282558003,0.43502840109885454,0.48325015927515735
full,class,0.29166666666666663,32,177,0.4450369776007228,0.40505679255920035,0.4802025760601704
full,class,0.29166666666666663,128,4,0.4663627819825432,0.4314798976760504,0.499016664404824
full,class,0.29166666666666663,128,16,0.4499271905482233,0.42398250143821237,0.4755713473362763
full,class,0.29166666666666663,128,64,0.4219041416992383,0.3966730986694875,0.44515705919711746
full,class,0.29166666666666663,128,177,0.3971337945081267,0.3583015152958488,0.43284551339863553
full,class,0.29166666666666663,256,4,0.45702185249965077,0.4214434848790271,0.490920393389617
full,class,0.29166666666666663,256,16,0.43734806252104846,0.41109460046434987,0.46366351626521574
full,class,0.29166666666666663,256,64,0.403480428163078,0.37782743599624535,0.42724165771000755
full,class,0.29166666666666663,256,177,0.3733107779354409,0.3345271943423716,0.4100302178844437
full,class,0.3333333333333333,8,4,0.542984005624354,0.5029717105497574,0.5824731034820841
full,class,0.3333333333333333,8,16,0.5409034383923443,0.5112127390052248,0.5696491313820186
full,class,0.3333333333333333,8,64,0.5359074516775595,0.5075928393156722,0.5622378111920557
full,class,0.3333333333333333,8,177,0.5321328701865395,0.4878850477023939,0.5737968760047448
full,class,0.3333333333333333,16,4,0.526902421307922,0.48719612655806716,0.5658624195376779
full,class,0.3333333333333333,16,16,0.5211885110453283,0.49177328004035487,0.5493674569079734
full,class,0.3333333333333333,16,64,0.5097514244458599,0.4817235465172239,0.5356694734961396
full,class,0.3333333333333333,16,177,0.5004429092043183,0.4565916936846389,0.5406788862746253
full,class,0.3333333333333333,32,4,0.5111131530753192,0.47143055901351755,0.5495541486943377
full,class,0.3333333333333333,32,16,0.5010893506633346,0.4728228829651963,0.5304271099558178
full,class,0.3333333333333333,32,64,0.48373029747926544,0.4560905188744021,0.5103514373839423
full,class,0.3333333333333333,32,177,0.46871544374157503,0.4251043337828471,0.5079323431996299
full,class,0.3333333333333333,128,4,0.4784286408287538,0.43956622336401047,0.5163313990309215
full,class,0.3333333333333333,128,16,0.46126634095136587,0.43334925043665745,0.48935199078238023
full,class,0.3333333333333333,128,64,0.4317833640910776,0.4036093051105998,0.4582966468824478
full,class,0.3333333333333333,128,177,0.4059480797010828,0.3633890302680061,0.44645332682144084
full,class,0.3333333333333333,256,4,0.461679418105682,0.423231089048278,0.4997237142094703
full,class,0.3333333333333333,256,16,0.4415054045631096,0.41311226343684,0.4708993201375594
full,class,0.3333333333333333,256,64,0.40612807933104955,0.3783097369303565,0.43287457885762926
full,class,0.3333333333333333,256,177,0.37545816610490074,0.3336327249583094,0.4173114007034178
full,class,0.375,8,4,0.5808175625087344,0.5388643283104619,0.6240684898381349
full,class,0.375,8,16,0.5789731943528025,0.5471453656556745,0.6110642449190715
full,class,0.375,8,64,0.5738302253814657,0.5434032567353999,0.6031965136659051
full,class,0.375,8,177,0.570341344068215,0.5218149344191794,0.6157952426111081
full,class,0.375,16,4,0.558993149501569,0.516971202008715,0.6016464535215855
full,class,0.375,16,16,0.5527618528797205,0.521187077956459,0.5842688410936684
full,class,0.375,16,64,0.5410730767960248,0.5096453775821128,0.5702165758063608
full,class,0.375,16,177,0.5314462516128828,0.48222856776951606,0.5760218502253008
full,class,0.375,32,4,0.5359006111971655,0.4940708008325827,0.5790270455717207
full,class,0.375,32,16,0.5260891759022723,0.4948323793570598,0.5588544626681912
full,class,0.375,32,64,0.5079354160884545,0.4763430317110291,0.5371766450563779
full,class,0.375,32,177,0.49236050193788383,0.4432867562594891,0.5371780766610823
full,class,0.375,128,4,0.4903132532927066,0.4482775589216839,0.5313993611968381
full,class,0.375,128,16,0.4725025238682057,0.44200941285347867,0.5040434585453225
full,class,0.375,128,64,0.4418053596394801,0.41059991650354527,0.4707464793158138
full,class,0.375,128,177,0.4148449496269501,0.3678555028804614,0.4600815435204764
full,class,0.375,256,4,0.46707087000175596,0.4246095532950425,0.5093395056179999
full,class,0.375,256,16,0.4454691492227051,0.4147206383191765,0.4786881782810239
full,class,0.375,256,64,0.4093886419496891,0.37882674792582915,0.4390256670658449
full,class,0.375,256,177,0.3771658407085905,0.3310228959597204,0.4240608038242986
full,class,0.41666666666666663,8,4,0.6184893474227633,0.5733606842510062,0.6640731263672826
full,class,0.41666666666666663,8,16,0.6160570292295834,0.5821890689803348,0.6503020187267019
full,class,0.41666666666666663,8,64,0.6110009912038262,0.5783814398868438,0.6432793032540273
full,class,0.41666666666666663,8,177,0.6079029674594532,0.5557767498361984,0.655912223241103
full,class,0.41666666666666663,16,4,0.5903910771184582,0.5448897190415299,0.6367015128817514
full,class,0.41666666666666663,16,16,0.5836060845521187,0.5500796019169453,0.6185985899970843
full,class,0.41666666666666663,16,64,0.5720559413098001,0.5375109695633983,0.6046426803843786
full,class,0.41666666666666663,16,177,0.562194174992398,0.5091452717383913,0.6109120516667124
full,class,0.41666666666666663,32,4,0.5610340615967626,0.5150300786364189,0.6079593432777189
full,class,0.41666666666666663,32,16,0.5506188228593325,0.5172726006215388,0.5865024058004265
full,class,0.41666666666666663,32,64,0.5322473189602919,0.497094388103332,0.5646256873806633
full,class,0.41666666666666663,32,177,0.5162019885380151,0.4631178402947397,0.5658802139625245
full,class,0.41666666666666663,128,4,0.5017528977662411,0.45581855205788024,0.5484066723660148
full,class,0.41666666666666663,128,16,0.4830828826881616,0.4492381882417219,0.5181010015834145
full,class,0.41666666666666663,128,64,0.45191071644454006,0.41661741533117636,0.4841126989204318
full,class,0.41666666666666663,128,177,0.42349091399258376,0.3712357365799166,0.4746932784817545
full,class,0.41666666666666663,256,4,0.47188619703950524,0.42498321565773195,0.5191062804116665
full,class,0.41666666666666663,256,16,0.4496828934449729,0.41551031158541324,0.4864025899436572
full,class,0.41666666666666663,256,64,0.41237177108721845,0.3780267723436049,0.4452890132111062
full,class,0.41666666666666663,256,177,0.3784677382581265,0.3280494961918559,0.4311307563024583
full,class,0.4583333333333333,8,4,0.6544184457930835,0.6066983449459153,0.7027321785236108
full,class,0.4583333333333333,8,16,0.6517773868073209,0.6165146571587125,0.6876080552742594
full,class,0.4583333333333333,8,64,0.647136728767945,0.6117706299047672,0.6810069472330478
full,class,0.4583333333333333,8,177,0.6437464423243053,0.5885669906725698,0.6950391515451151
full,class,0.4583333333333333,16,4,0.6208360829517285,0.5718301618787155,0.6696577165839406
full,class,0.4583333333333333,16,16,0.6143140665305455,0.5784171342386566,0.6517482592144702
full,class,0.4583333333333333,16,64,0.6024427655450512,0.5650172061003222,0.6372750877102661
full,class,0.4583333333333333,16,177,0.5929722871091798,0.5360252961794254,0.6452347581396943
full,class,0.4583333333333333,32,4,0.5851008776858628,0.5367952721885595,0.6357853966255579
full,class,0.4583333333333333,32,16,0.5750677278605654,0.539082639835635,0.6131874567372374
full,class,0.4583333333333333,32,64,0.5565971760746898,0.5175610599635394,0.5914197539218351
full,class,0.4583333333333333,32,177,0.5400410217145262,0.4820491249990167,0.5939734893353654
full,class,0.4583333333333333,128,4,0.5138468658578479,0.46272374447898185,0.5652547577840279
full,class,0.4583333333333333,128,16,0.49445822650412663,0.45727085919004623,0.5330221215208125
full,class,0.4583333333333333,128,64,0.4619207971118473,0.42456571236163687,0.4972373588075541
full,class,0.4583333333333333,128,177,0.43272238244869343,0.37543032912682645,0.48920921847397364
full,class,0.4583333333333333,256,4,0.4771236260084518,0.42590911470190557,0.5290692047089429
full,class,0.4583333333333333,256,16,0.45397939381207963,0.41630420597929874,0.49387960910618833
full,class,0.4583333333333333,256,64,0.41515362636174835,0.377711483341996,0.4514167311009241
full,class,0.4583333333333333,256,177,0.3804611219078522,0.3252783528896858,0.4376604525275321
full,class,0.5,8,4,0.689216060329553,0.6394807854014698,0.7386486971297338
full,class,0.5,8,16,0.6862061757720987,0.6494191698438312,0.7230008043508516
full,class,0.5,8,64,0.6816307343621033,0.6439614535532647,0.7163509684755794
full,class,0.5,8,177,0.6782011871938041,0.6192907148011243,0.7310423542310974
full,class,0.5,16,4,0.6503883399014627,0.5987708454225507,0.7014658098067917
full,class,0.5,16,16,0.6442838045543391,0.6055602737635811,0.68378596542843
full,class,0.5,16,64,0.6325430941694712,0.592444035617276,0.6689831798014964
full,class,0.5,16,177,0.6222988955287494,0.5615987441080548,0.6778013198126899
full,class,0.5,32,4,0.609500939025553,0.5564435066481876,0.6631661505934728
full,class,0.5,32,16,0.5993136068579353,0.5600838294394106,0.6399617075608567
full,class,0.5,32,64,0.5806984261567136,0.5387910077362223,0.6179349816330016
full,class,0.5,32,177,0.5633974968942784,0.500346093255539,0.6210530386743762
full,class,0.5,128,4,0.5254334539553316,0.4688928367611161,0.580692303811629
full,class,0.5,128,16,0.5057495243022119,0.46488471686050264,0.5480917742190581
full,class,0.5,128,64,0.47206167332997473,0.43151063130364187,0.5112805530675291
full,class,0.5,128,177,0.44137620090817686,0.37925687295821126,0.5031215631184761
full,class,0.5,256,4,0.48238531140132757,0.4250891137687591,0.5392023293143445
full,class,0.5,256,16,0.4585947098490694,0.4173316759552704,0.5014189874369437
full,class,0.5,256,64,0.41803484831434734,0.3768151175028853,0.45803296964296225
full,class,0.5,256,177,0.3820674950590715,0.32151298270834094,0.4447487421762343
full,class,0.5416666666666666,8,4,0.7214872297149995,0.6713807072724611,0.771724444723954
full,class,0.5416666666666666,8,16,0.7190308494155303,0.6801853315428013,0.756438717681142
full,class,0.5416666666666666,8,64,0.7144535243656727,0.6754212694878355,0.7500183369953863
full,class,0.5416666666666666,8,177,0.7104574650803751,0.6490207205400991,0.7641313644347792
full,class,0.5416666666666666,16,4,0.678886358741347,0.6258261010226782,0.7314019976643972
full,class,0.5416666666666666,16,16,0.6729294481563595,0.6320963325207487,0.7140336067065206
full,class,0.5416666666666666,16,64,0.6612825981644151,0.6190436859162535,0.6986405619801097
full,class,0.5416666666666666,16,177,0.6507891298232129,0.5874256577369603,0.7090196487437365
full,class,0.5416666666666666,32,4,0.6331737645982431,0.5764869691745107,0.6892853017804594
full,class,0.5416666666666666,32,16,0.6231780217625635,0.5808471049009233,0.6655642231334087
full,class,0.5416666666666666,32,64,0.6040907923474991,0.5589708139659604,0.6443901661480588
full,class,0.5416666666666666,32,177,0.5859400021155461,0.51992179872806,0.6476265888118928
full,class,0.5416666666666666,128,4,0.5370041941403914,0.4756423457207024,0.5975677126445968
full,class,0.5416666666666666,128,16,0.5171822523372158,0.473279158107211,0.5633635913220262
full,class,0.5416666666666666,128,64,0.4814198745457717,0.43669052117278756,0.5251601706354987
full,class,0.5416666666666666,128,177,0.4497933306078956,0.38321405538495534,0.5176294567065227
full,class,0.5416666666666666,256,4,0.487233468305898,0.4252643028679917,0.5497815685431042
full,class,0.5416666666666666,256,16,0.46297649650222455,0.4180197498914708,0.5096743794500904
full,class,0.5416666666666666,256,64,0.4206406755940503,0.37682620754730406,0.46483437200696565
full,class,0.5416666666666666,256,177,0.38364114457871135,0.3165267347796872,0.45212216485472184
full,class,0.5833333333333333,8,4,0.7520771239349222,0.6991204719916383,0.8010161069169165
full,class,0.5833333333333333,8,16,0.74952589875447,0.7084630046934349,0.7872079991089708
full,class,0.5833333333333333,8,64,0.7451315472432773,0.706056472197838,0.7804032934273872
full,class,0.5833333333333333,8,177,0.7410045426611865,0.6789623809062224,0.795078323075668
full,class,0.5833333333333333,16,4,0.7061729300247455,0.6501269568638983,0.7602817695713474
full,class,0.5833333333333333,16,16,0.7004160457993154,0.6580229755112993,0.7420781327684625
full,class,0.5833333333333333,16,64,0.6890174197859462,0.6451730841155365,0.7273598259686397
full,class,0.5833333333333333,16,177,0.6782236978215168,0.6112116799335303,0.7384661142075725
full,class,0.5833333333333333,32,4,0.6564971809446523,0.5961510690199258,0.7150536745516509
full,class,0.5833333333333333,32,16,0.6464181321892712,0.601793923381164,0.6909740100233152
full,class,0.5833333333333333,32,64,0.6270435433943968,0.5795529494090409,0.6695129415422832
full,class,0.5833333333333333,32,177,0.6082666751138446,0.5394250893295859,0.6740139057021707
full,class,0.5833333333333333,128,4,0.5487999894058309,0.48398281870365395,0.6145689544771964
full,class,0.5833333333333333,128,16,0.5284294872663087,0.4809838948143879,0.5784267725856675
full,class,0.5833333333333333,128,64,0.4917037140243242,0.4435595243326277,0.5381627501454859
full,class,0.5833333333333333,128,177,0.4588805660988836,0.3852543644191765,0.5323425885220601
full,class,0.5833333333333333,256,4,0.4918987105883956,0.42599203005147024,0.5603294657341782
full,class,0.5833333333333333,256,16,0.46763738956187056,0.4197541478374723,0.5185095348188762
full,class,0.5833333333333333,256,64,0.42396470196328323,0.3756490744762435,0.47092569575819343
full,class,0.5833333333333333,256,177,0.3855425705975245,0.313900697389122,0.4595081204371527
full,class,0.625,8,4,0.7802895931210474,0.7259960739784941,0.8281138960434734
full,class,0.625,8,16,0.7776947832796,0.7366131718488454,0.8152771396846056
full,class,0.625,8,64,0.77361972178249,0.735054225821799,0.8080917323828485
full,class,0.625,8,177,0.7698396233821261,0.7054588971998366,0.8226741712506096
full,class,0.625,16,4,0.7322733590959773,0.6743542347451853,0.7862619755496029
full,class,0.625,16,16,0.726798575479404,0.682769395910703,0.7684291618926952
full,class,0.625,16,64,0.7154869961179191,0.6704980048327677,0.7544462841504705
full,class,0.625,16,177,0.7047885760732022,0.6356601718534697,0.7664572308870796
full,class,0.625,32,4,0.6794024485154161,0.6157131243089771,0.7405167004674905
full,class,0.625,32,16,0.6689267376575014,0.6224158921204279,0.715467834044165
full,class,0.625,32,64,0.6498688962905033,0.5999443091967039,0.6939743585274856
full,class,0.625,32,177,0.6309783993236298,0.5560579566768871,0.6991543400570103
full,class,0.625,128,4,0.5600621979981895,0.4893682119660984,0.6313016985421114
full,class,0.625,128,16,0.5398519445742895,0.48871787007076234,0.5933304890132799
full,class,0.625,128,64,0.502229182361105,0.45021366176917743,0.5521057277101508
full,class,0.625,128,177,0.46761308085965536,0.38865093535078094,0.5467355250031477
full,class,0.625,256,4,0.4967779802585873,0.425208510789722,0.5716411476632426
full,class,0.625,256,16,0.4722011397531897,0.41993542158345126,0.5270444416217475
full,class,0.625,256,64,0.4271119437603652,0.37638785135044717,0.4781003490928712
full,class,0.625,256,177,0.3871548145685738,0.3115694817104216,0.46735535930320693
full,class,0.6666666666666666,8,4,0.8062824623267851,0.7527976772327126,0.8533344386777287
full,class,0.6666666666666666,8,16,0.8038368772654891,0.7631074128202956,0.8402359402569521
full,class,0.6666666666666666,8,64,0.7998283143479917,0.7609528719754294,0.8334504074571079
full,class,0.6666666666666666,8,177,0.7964265002700753,0.7328260393808022,0.8471257474260913
full,class,0.6666666666666666,16,4,0.7569437413549209,0.6973912220137058,0.8113458093780964
full,class,0.6666666666666666,16,16,0.7514333503861264,0.7060199488671375,0.7934588483502754
full,class,0.6666666666666666,16,64,0.7408683461117092,0.6940473035337362,0.7799848177252208
full,class,0.6666666666666666,16,177,0.7303136757492068,0.6590428834480295,0.7919791365143842
full,class,0.6666666666666666,32,4,0.7011885977806351,0.6348272006238956,0.7632786816723275
full,class,0.6666666666666666,32,16,0.6910289865240626,0.6424023979367951,0.7378818218001552
full,class,0.6666666666666666,32,64,0.6718317111745848,0.6194984371192761,0.7171937587283468
full,class,0.6666666666666666,32,177,0.6529224643855933,0.5734550550499724,0.7235194915672559
full,class,0.6666666666666666,128,4,0.5718512026731557,0.49550987724185475,0.6477388341412136
full,class,0.6666666666666666,128,16,0.5510858065752209,0.49607141379387665,0.6080795686606171
full,class,0.6666666666666666,128,64,0.5122127572781074,0.45687671099090593,0.5649616976037694
full,class,0.6666666666666666,128,177,0.47592075173478154,0.393897834884176,0.5618807640770559
full,class,0.6666666666666666,256,4,0.5020455147387853,0.4248623563074305,0.5824800404028307
full,class,0.6666666666666666,256,16,0.47679750700418244,0.42092476435904563,0.535916885632076
full,class,0.6666666666666666,256,64,0.43016518465363573,0.37566325818095164,0.4853660993726595
full,class,0.6666666666666666,256,177,0.3889861930412848,0.3085686943870079,0.47487176555608074
full,class,0.7083333333333333,8,4,0.829711979818827,0.776839149196211,0.8747812298500869
full,class,0.7083333333333333,8,16,0.827585797748274,0.7878991506460341,0.8626854462050889
full,class,0.7083333333333333,8,64,0.8238749219020142,0.7858561082398416,0.8560407174194573
full,class,0.7083333333333333,8,177,0.8208500926765658,0.7588790483956604,0.869161876501637
full,class,0.7083333333333333,16,4,0.7801281367132644,0.7192207126548219,0.8335266536845669
full,class,0.7083333333333333,16,16,0.7749538001156875,0.7288391129523599,0.8162983727364916
full,class,0.7083333333333333,16,64,0.7646107078780349,0.7170394827870016,0.8036124120763517
full,class,0.7083333333333333,16,177,0.7540208381901146,0.6809549438467606,0.8151372945720917
full,class,0.7083333333333333,32,4,0.7222815364849675,0.6535439898749243,0.7846695386956609
full,class,0.7083333333333333,32,16,0.7121272207820104,0.6619324599316575,0.7599250524032961
full,class,0.7083333333333333,32,64,0.6931649552401071,0.6387023834784399,0.7390591964559824
full,class,0.7083333333333333,32,177,0.673919201470089,0.5910164603908561,0.746779244302963
full,class,0.7083333333333333,128,4,0.582743047116149,0.5015697440905313,0.663029351920618
full,class,0.7083333333333333,128,16,0.5621224961808379,0.5035005300974496,0.6227323333033167
full,class,0.7083333333333333,128,64,0.5226259696833284,0.463180107497401,0.5785238878558405
full,class,0.7083333333333333,128,177,0.484558814171968,0.3982384663630361,0.5772100121232876
full,class,0.7083333333333333,256,4,0.5068853547710965,0.42495557513805077,0.5920417037242259
full,class,0.7083333333333333,256,16,0.48120534211872223,0.4220918659517471,0.5449479758896227
full,class,0.7083333333333333,256,64,0.4327869758813576,0.3735373109079197,0.49262771637818703
full,class,0.7083333333333333,256,177,0.39023731205065326,0.30592503513565106,0.48244236459637463
full,class,0.75,8,4,0.8509239702534315,0.7998441544557342,0.8935885314054897
full,class,0.75,8,16,0.849146490091973,0.8107697516590049,0.8825669690426716
full,class,0.75,8,64,0.8458061299829263,0.8090547531612564,0.876233912815736
full,class,0.75,8,177,0.8430114340481613,0.7820213654573445,0.8892215317490421
full,class,0.75,16,4,0.8018015069242582,0.7417482208325001,0.8536877720016167
full,class,0.75,16,16,0.7966285450958884,0.7508675226423737,0.8374059143233614
full,class,0.75,16,64,0.7868776054822866,0.738899191507382,0.8248463306195016
full,class,0.75,16,177,0.7766383933545927,0.7024103665881587,0.8370833006253562
full,class,0.75,32,4,0.7425371610117659,0.6718176926793887,0.80505930646709
full,class,0.75,32,16,0.7323306530673179,0.6803357551712557,0.7805824150742379
full,class,0.75,32,64,0.7136184580670762,0.6576743253919273,0.7603349712487134
full,class,0.75,32,177,0.6939516015639375,0.6087630905843072,0.7688753021581591
full,class,0.75,128,4,0.5942402314820161,0.509018330023627,0.6780015933237218
full,class,0.75,128,16,0.5733591869915396,0.5109512391087251,0.637001351963909
full,class,0.75,128,64,0.5327355124483966,0.469246520503078,0.5924658447090794
full,class,0.75,128,177,0.4936744499917367,0.39956898755776626,0.5916813297884864
full,class,0.75,256,4,0.5122867628744809,0.42351380898094876,0.6012280008333928
full,class,0.75,256,16,0.48524838386536173,0.42307942406267496,0.5535712734074862
full,class,0.75,256,64,0.4357253615847884,0.37363199807536557,0.49971196301432075
full,class,0.75,256,177,0.3914699124303842,0.3024681390557152,0.4908673275003062
full,class,0.7916666666666666,8,4,0.8703525835489605,0.8213846056684099,0.9100070602750843
full,class,0.7916666666666666,8,16,0.8685279658030954,0.8313958985304164,0.9000620400539877
full,class,0.7916666666666666,8,64,0.8653443659696005,0.8298937894995057,0.8942921968491312
full,class,0.7916666666666666,8,177,0.8627134695759988,0.803454252824936,0.9067189621653735
full,class,0.7916666666666666,16,4,0.8221814342131706,0.7612940191181795,0.8721525468495378
full,class,0.7916666666666666,16,16,0.8167653394227048,0.7714879927740449,0.856503153107393
full,class,0.7916666666666666,16,64,0.8076955730551636,0.7605014407058212,0.8444630539699003
full,class,0.7916666666666666,16,177,0.7979744093370295,0.7238023320802943,0.8568707254237055
full,class,0.7916666666666666,32,4,0.761929670902092,0.6896206765846075,0.8242904920211828
full,class,0.7916666666666666,32,16,0.751254865058627,0.6983292094841801,0.8003374152269981
full,class,0.7916666666666666,32,64,0.7331954011018533,0.6762978014233424,0.7809301416029778
full,class,0.7916666666666666,32,177,0.7136896384636444,0.625289687244319,0.7894611755598615
full,class,0.7916666666666666,128,4,0.6056001901390924,0.5164637038170103,0.6937968877293772
full,class,0.7916666666666666,128,16,0.5842913534078271,0.5187842230415606,0.651122529738842
full,class,0.7916666666666666,128,64,0.543032905419034,0.47532227986071546,0.60539364951194
full,class,0.7916666666666666,128,177,0.5030243474675592,0.4027078209330074,0.6066969118297479
full,class,0.7916666666666666,256,4,0.5170152508508842,0.422852385827337,0.6103467764155242
full,class,0.7916666666666666,256,16,0.4895012527190426,0.42380794748725475,0.5624408304318408
full,class,0.7916666666666666,256,64,0.43884548535587453,0.3730872447139853,0.5057919098489001
full,class,0.7916666666666666,256,177,0.3927598873940946,0.2982000659409034,0.49983525269076223
full,class,0.8333333333333333,8,4,0.887517583544323,0.8405107134569034,0.9244296363120126
full,class,0.8333333333333333,8,16,0.8859142284024571,0.8505651689753417,0.9153664846578824
full,class,0.8333333333333333,8,64,0.8830757895546102,0.8489131240599129,0.9101253018312302
full,class,0.8333333333333333,8,177,0.8806738956374929,0.8238569289364697,0.9216870363803981
full,class,0.8333333333333333,16,4,0.8407166010778075,0.7798485368247048,0.8887246153181144
full,class,0.8333333333333333,16,16,0.8354915481367204,0.7913117615360352,0.8740447489210145
full,class,0.8333333333333333,16,64,0.8270053341133752,0.7805613594752535,0.8624320939293749
full,class,0.8333333333333333,16,177,0.8174987347070288,0.7445907371080118,0.8747856620029326
full,class,0.8333333333333333,32,4,0.7800421815073764,0.7069121520525331,0.8420636410750917
full,class,0.8333333333333333,32,16,0.7695998363834122,0.7162541197382545,0.8190832234015045
full,class,0.8333333333333333,32,64,0.7519100914259219,0.6943855720323715,0.7997258048881566
full,class,0.8333333333333333,32,177,0.7330485791549504,0.6415686221135053,0.8088307280665213
full,class,0.8333333333333333,128,4,0.6169048140671556,0.5229494693037255,0.708384137491085
full,class,0.8333333333333333,128,16,0.5949767689332524,0.5268386577847124,0.6649941850579856
full,class,0.8333333333333333,128,64,0.5532671633649977,0.48095819258392314,0.6187678871212542
full,class,0.8333333333333333,128,177,0.512068894177171,0.4070621659162676,0.6219542608105305
full,class,0.8333333333333333,256,4,0.5221163737542901,0.4232701548832276,0.6200949168684331
full,class,0.8333333333333333,256,16,0.49396884445867517,0.4240424373931221,0.5708795436234642
full,class,0.8333333333333333,256,64,0.4420620592391745,0.3734351198825626,0.5130238586783322
full,class,0.8333333333333333,256,177,0.394864962953128,0.294887195772723,0.5086508507072882
full,class,0.875,8,4,0.9029044997411367,0.8580544379606027,0.9366227145491514
full,class,0.875,8,16,0.9013884669432255,0.8680021105732211,0.9287834477465717
full,class,0.875,8,64,0.89893093648942,0.8662367401061459,0.9238965040680899
full,class,0.875,8,177,0.8965118882058931,0.8423612906969454,0.9343795024266284
full,class,0.875,16,4,0.8576692875467095,0.7975490354278159,0.9037972939581319
full,class,0.875,16,16,0.8527864026980942,0.8091523721394621,0.8900222723876866
full,class,0.875,16,64,0.8447657528459784,0.7996538707112567,0.8788601984285697
full,class,0.875,16,177,0.8355810145771092,0.7635905384192526,0.8908599447670179
full,class,0.875,32,4,0.7971440180880476,0.7236518248633973,0.8584299921998354
full,class,0.875,32,16,0.7871890849427081,0.7330302275966487,0.8359697059803276
full,class,0.875,32,64,0.7699220760514639,0.7117672556130309,0.8174264455541369
full,class,0.875,32,177,0.7512747967951487,0.6591826735132876,0.8269560039856405
full,class,0.875,128,4,0.6278781891524565,0.5288604658548552,0.721799259780138
full,class,0.875,128,16,0.6059754001035128,0.534575596050094,0.678672072908732
full,class,0.875,128,64,0.5634771339383318,0.48719412764216885,0.6323455726768212
full,class,0.875,128,177,0.5211427784949108,0.4112554697717229,0.6371078202016492
full,class,0.875,256,4,0.5272852541883881,0.42274162715003416,0.6314833509011258
full,class,0.875,256,16,0.4984473732488947,0.4242464431720882,0.5792508956218685
full,class,0.875,256,64,0.44538159264584987,0.3729105409193114,0.5200599776800988
full,class,0.875,256,177,0.39656477931819967,0.291625262907364,0.517457092158007
full,class,0.9166666666666666,8,4,0.9164682222256297,0.8744244721038544,0.9471898988590314
full,class,0.9166666666666666,8,16,0.9151274107313605,0.8837905270811514,0.9401858027394736
full,class,0.9166666666666666,8,64,0.9129258958818316,0.8819234395800092,0.9358176555073766
full,class,0.9166666666666666,8,177,0.9105395894931922,0.8593386334737732,0.9452901780279164
full,class,0.9166666666666666,16,4,0.8732987436909814,0.8146350728290596,0.9168984853931136
full,class,0.9166666666666666,16,16,0.8685742877395398,0.8255511232008331,0.9040434723479467
full,class,0.9166666666666666,16,64,0.8613129810371729,0.8173548126928688,0.8937257181833761
full,class,0.9166666666666666,16,177,0.8525097636349399,0.7817024124148572,0.9052120446715981
full,class,0.9166666666666666,32,4,0.8132007485943378,0.7392294004144447,0.8733380174206162
full,class,0.9166666666666666,32,16,0.8038530330914408,0.7497819186376562,0.8516725972430962
full,class,0.9166666666666666,32,64,0.787203100251636,0.7289814989945286,0.8340729272073362
full,class,0.9166666666666666,32,177,0.7688577262421239,0.6755235353821254,0.8442177173092722
full,class,0.9166666666666666,128,4,0.6391842420658518,0.5352193898203154,0.7348315675834364
full,class,0.9166666666666666,128,16,0.6167137246485702,0.541878495958851,0.6919425453017294
full,class,0.9166666666666666,128,64,0.5734510465711774,0.49359838152334523,0.6457200423108221
full,class,0.9166666666666666,128,177,0.5301186197065894,0.4138076569099824,0.6514559079960842
full,class,0.9166666666666666,256,4,0.5319570143214893,0.42279090804381586,0.6408833434750285
full,class,0.9166666666666666,256,16,0.5029535960391696,0.4249770956888834,0.5878330686746741
full,class,0.9166666666666666,256,64,0.4486358794329626,0.37211602623981277,0.527196679488601
full,class,0.9166666666666666,256,177,0.3979168820514201,0.28696208207385016,0.5254370637999223
full,class,0.9583333333333333,8,4,0.9285171136919688,0.8888757336073346,0.9562378034566542
full,class,0.9583333333333333,8,16,0.9272187142176855,0.8980165717859377,0.9500366293747248
full,class,0.9583333333333333,8,64,0.9253268459969051,0.8959856488988827,0.9461264163651607
full,class,0.9583333333333333,8,177,0.9229499036452553,0.8748461209559114,0.9546211303250576
full,class,0.9583333333333333,16,4,0.8875112346774428,0.8305069083492438,0.9281979712363593
full,class,0.9583333333333333,16,16,0.8830899236507312,0.8413838325873814,0.9165276306088262
full,class,0.9583333333333333,16,64,0.8760675043880343,0.8332010816881665,0.9071381902824298
full,class,0.9583333333333333,16,177,0.8678971728364997,0.798881897777164,0.9179678910868002
full,class,0.9583333333333333,32,4,0.82842196495354,0.7542073358314482,0.8866516242913773
full,class,0.9583333333333333,32,16,0.8194378628526586,0.7655294500746865,0.8662408290375772
full,class,0.9583333333333333,32,64,0.8033498440507053,0.7452889989974798,0.8495378270518844
full,class,0.9583333333333333,32,177,0.7854065816543176,0.6907496538378369,0.8601628868905077
full,class,0.9583333333333333,128,4,0.6500805385161035,0.5413198405162283,0.7474797611870039
full,class,0.9583333333333333,128,16,0.6272691007484212,0.5491646102799713,0.7053066537974677
full,class,0.9583333333333333,128,64,0.5834235775858405,0.49998999812816564,0.6588632689912126
full,class,0.9583333333333333,128,177,0.5396434602484,0.4162595728233107,0.6645562035413671
full,class,0.9583333333333333,256,4,0.5369119747839524,0.42228376988193983,0.6512363849912778
full,class,0.9583333333333333,256,16,0.5071557601077756,0.425055188195506,0.5964327728564607
full,class,0.9583333333333333,256,64,0.4518773187652204,0.37117074375146947,0.5342880547327764
full,class,0.9583333333333333,256,177,0.3994409982625405,0.2826086511303122,0.5332061996513001
full,class,1,8,4,0.9390013119795164,0.9017263295011502,0.9639316473599341
full,class,1,8,16,0.9378503868270041,0.91077727174811,0.9584412331429109
full,class,1,8,64,0.9361658593103708,0.9088785674277655,0.9550552303401044
full,class,1,8,177,0.9340352869948663,0.8890137168705196,0.9625940053755974
full,class,1,16,4,0.9003092387610347,0.844799633915815,0.9386352986304849
full,class,1,16,16,0.8963096195491288,0.8560573256962948,0.9275867498834041
full,class,1,16,64,0.8897714110777575,0.8482143870392918,0.9190481297177724
full,class,1,16,177,0.8818197106950022,0.8155334241705479,0.9295871007453895
full,class,1,32,4,0.8427150726785155,0.769377462691645,0.8989078241071395
full,class,1,32,16,0.8343052698575504,0.7804632813088105,0.8794542488087355
full,class,1,32,64,0.818890730443222,0.7610081877719718,0.863855465303643
full,class,1,32,177,0.8013229932370824,0.7055444616443527,0.8748736779210377
full,class,1,128,4,0.6608661681746117,0.5474224018663533,0.7603766931541301
full,class,1,128,16,0.6375469468577886,0.5564309585979338,0.7177143251553917
full,class,1,128,64,0.5934946949914199,0.5066467603589854,0.67176876521558
full,class,1,128,177,0.5488382222469965,0.4184725342967399,0.6776612066913619
full,class,1,256,4,0.5425701550644901,0.42113006690834365,0.6614403238384123
full,class,1,256,16,0.5115673163098187,0.42513328510837145,0.6049738110626058
full,class,1,256,64,0.4547718884685649,0.3700468869282773,0.5413667155175031
full,class,1,256,177,0.4007226480366337,0.28017677881230657,0.5410540878418425
full,interaction,0,8,4,0.0041573760622548,0.0035772873739598177,0.004779047333607717
full,interaction,0,8,16,0.003485526551804347,0.0030978502469076437,0.0038619032335175194
full,interaction,0,8,64,0.002519274734515381,0.0022200691080208165,0.002797157792887575
full,interaction,0,8,177,0.0018435776953779391,0.0015341155580566876,0.0021872729164290027
full,interaction,0,16,4,0.00826472156187042,0.007251045242492993,0.009298274733838985
full,interaction,0,16,16,0.0074007843566809214,0.006686254673621726,0.008088309846750411
full,interaction,0,16,64,0.006047906016539368,0.005439589563722195,0.006587082553700819
full,interaction,0,16,177,0.004978868401312534,0.004283180914104912,0.005737426446169281
full,interaction,0,32,4,0.015500756425244146,0.013873452152735477,0.017257081527628525
full,interaction,0,32,16,0.014671445483473489,0.013418172823620527,0.01588195687353215
full,interaction,0,32,64,0.013282942840277274,0.012143056685664134,0.01427687282743181
full,interaction,0,32,177,0.012090258224044614,0.010561058996188635,0.013593085229387444
full,interaction,0,128,4,0.04789079927381325,0.043485561375666,0.052356552443853566
full,interaction,0,128,16,0.049391200826375256,0.04596846775467943,0.052920843988162054
full,interaction,0,128,64,0.05226752069234138,0.04874706312836907,0.05540387680870073
full,interaction,0,128,177,0.05500515403250391,0.04959788125556867,0.06080380067575976
full,interaction,0,256,4,0.07980018424999977,0.07265338859117695,0.08691673846858598
full,interaction,0,256,16,0.08516755731505449,0.07965440699902429,0.09077941131749798
full,interaction,0,256,64,0.09596042822211558,0.08982341778292083,0.10145587303367028
full,interaction,0,256,177,0.10662671558764172,0.09710821112498483,0.11704110121624786
full,interaction,0.041666666666666664,8,4,0.004817952775030621,0.004205662777675918,0.005493802072805616
full,interaction,0.041666666666666664,8,16,0.004097292658064326,0.0036784057274825304,0.004508269394474659
full,interaction,0.041666666666666664,8,64,0.003045408275225232,0.002711978968826895,0.0033400439359989645
full,interaction,0.041666666666666664,8,177,0.002287275386755227,0.0019358453407266865,0.0026628702387748327
full,interaction,0.041666666666666664,16,4,0.009418505073621151,0.00837427428925064,0.010515044512898829
full,interaction,0.041666666666666664,16,16,0.008510652951625907,0.007770255847175369,0.009238132307678185
full,interaction,0.041666666666666664,16,64,0.007086061534215154,0.006455030629110742,0.00765032099424768
full,interaction,0.041666666666666664,16,177,0.005938034492934716,0.0051762247569976366,0.006757041220198268
full,interaction,0.041666666666666664,32,4,0.017410318515346784,0.015750479021397493,0.019202728864146992
full,interaction,0.041666666666666664,32,16,0.016583058104841585,0.015304589942897706,0.017810284292863725
full,interaction,0.041666666666666664,32,64,0.01516478595134334,0.013957229258388736,0.01617699915334473
full,interaction,0.041666666666666664,32,177,0.013921414778372899,0.01234118445356391,0.015525139311987148
full,interaction,0.041666666666666664,128,4,0.05264202819684461,0.04825084221485116,0.057180430583028116
full,interaction,0.041666666666666664,128,16,0.05431137428848683,0.05091498091753002,0.05777486340921397
full,interaction,0.041666666666666664,128,64,0.05746597067176312,0.0538182557550428,0.0606418112622184
full,interaction,0.041666666666666664,128,177,0.060402783042409806,0.0547402471334683,0.06631120579439134
full,interaction,0.041666666666666664,256,4,0.08689887296966657,0.07980406495768246,0.09402342798017123
full,interaction,0.041666666666666664,256,16,0.09263377625154832,0.08687122041120562,0.09815162480193083
full,interaction,0.041666666666666664,256,64,0.10376114130580245,0.0977747566050136,0.10938643249702444
full,interaction,0.041666666666666664,256,177,0.11492436913985618,0.10505310180788499,0.12544645484643516
full,interaction,0.08333333333333333,8,4,0.005571282745000921,0.004914752931239799,0.006300149989379059
full,interaction,0.08333333333333333,8,16,0.004802080268627061,0.004343278625494568,0.005251698885290355
full,interaction,0.08333333333333333,8,64,0.0036652929876777925,0.0032990613820824567,0.003989418926627408
full,interaction,0.08333333333333333,8,177,0.002832372280826407,0.0024336909613799766,0.0032432056274772046
full,interaction,0.08333333333333333,16,4,0.010703609790216864,0.009612307391976375,0.011893242421820096
full,interaction,0.08333333333333333,16,16,0.009766818962508736,0.008959069448043947,0.010551706969826347
full,interaction,0.08333333333333333,16,64,0.008281958196129466,0.007589603998719341,0.008891152703510364
full,interaction,0.08333333333333333,16,177,0.007058721643262555,0.006228929139341359,0.007946187717787935
full,interaction,0.08333333333333333,32,4,0.019547150867907495,0.017749249603713463,0.02141388315089469
full,interaction,0.08333333333333333,32,16,0.018712282778302988,0.01736139461514359,0.019998332724173222
full,interaction,0.08333333333333333,32,64,0.01728617243598533,0.016058176954706276,0.01838128083660624
full,interaction,0.08333333333333333,32,177,0.016010382908664085,0.014323945211694278,0.01773588998889088
full,interaction,0.08333333333333333,128,4,0.05780099694976158,0.053367457862616784,0.062339123018066406
full,interaction,0.08333333333333333,128,16,0.059628704069065654,0.05611863494281847,0.06321764643283054
full,interaction,0.08333333333333333,128,64,0.06302464472691294,0.05939422783901199,0.06632885734150487
full,interaction,0.08333333333333333,128,177,0.06631188493325607,0.06061770587221932,0.07214579671954442
full,interaction,0.08333333333333333,256,4,0.09454977141899967,0.08744100481790719,0.10169529382541613
full,interaction,0.08333333333333333,256,16,0.10058077152022962,0.09482864074154905,0.10627647735372663
full,interaction,0.08333333333333333,256,64,0.11213584388968331,0.10603350671302436,0.11781683736493352
full,interaction,0.08333333333333333,256,177,0.12368586111059915,0.11376763723965598,0.13410453150907312
full,interaction,0.125,8,4,0.006413247983793752,0.0057100230730867604,0.0071695319103356565
full,interaction,0.125,8,16,0.0056141223868959814,0.0051178625095219255,0.0060950091052015595
full,interaction,0.125,8,64,0.004391104421982353,0.003999094756626617,0.004764473487795173
full,interaction,0.125,8,177,0.0034865482314567283,0.0030280593515782214,0.003961101974280968
full,interaction,0.125,16,4,0.012138805842786026,0.010971884616313484,0.013403844923643467
full,interaction,0.125,16,16,0.011188115694193677,0.010343630005203698,0.012030650815810787
full,interaction,0.125,16,64,0.00963680702519664,0.008903807009658373,0.01031461229876313
full,interaction,0.125,16,177,0.008363907949866982,0.0074469416059154605,0.009352378757937617
full,interaction,0.125,32,4,0.021865112677825024,0.019963467129264133,0.023905050586138808
full,interaction,0.125,32,16,0.021060332505983576,0.019636331319496873,0.02247367204328032
full,interaction,0.125,32,64,0.019643616859643567,0.018335340589822908,0.020833611984251293
full,interaction,0.125,32,177,0.01838007085328642,0.016590707906014312,0.020234975582411593
full,interaction,0.125,128,4,0.06339232950535845,0.05868828129191903,0.0682958577664311
full,interaction,0.125,128,16,0.0654421723596754,0.06177847734802464,0.06910148288371083
full,interaction,0.125,128,64,0.06913104001617645,0.06545522733392341,0.07268883096243585
full,interaction,0.125,128,177,0.07270760318339614,0.06671225551861815,0.07869348681263326
full,interaction,0.125,256,4,0.10277765913086986,0.0955597680363452,0.11032175126964763
full,interaction,0.125,256,16,0.1091402744599118,0.10326910042463415,0.1149911389357201
full,interaction,0.125,256,64,0.12110365074425342,0.11492129764898315,0.12695357297094872
full,interaction,0.125,256,177,0.1330285892423702,0.12316490439138,0.14361220248443318
full,interaction,0.16666666666666666,8,4,0.007366673316116233,0.006570688160217469,0.008183110023230774
full,interaction,0.16666666666666666,8,16,0.006536191454317864,0.005990833708858211,0.007083239216833519
full,interaction,0.16666666666666666,8,64,0.005249347203488535,0.004809543099318432,0.005664742321767386
full,interaction,0.16666666666666666,8,177,0.00426623178433353,0.0037452140626185637,0.004849296758219825
full,interaction,0.16666666666666666,16,4,0.013736070252226716,0.012427884149071054,0.015068894555931647
full,interaction,0.16666666666666666,16,16,0.012786182519920954,0.01183557563365474,0.013705198746456097
full,interaction,0.16666666666666666,16,64,0.011193438267259194,0.010388482049863111,0.011931251925189491
full,interaction,0.16666666666666666,16,177,0.009875677849815898,0.008855681257653828,0.011016699131367566
full,interaction,0.16666666666666666,32,4,0.024476272876156165,0.022392852896808306,0.026659571567442506
full,interaction,0.16666666666666666,32,16,0.02368026159559084,0.022093239099134458,0.025215939921881106
full,interaction,0.16666666666666666,32,64,0.02230415678680154,0.02089127219479902,0.023598849856968664
full,interaction,0.16666666666666666,32,177,0.02106486438084047,0.01912305946001996,0.023105032915448305
full,interaction,0.16666666666666666,128,4,0.06955450733411689,0.06438898246419834,0.07477397463406397
full,interaction,0.16666666666666666,128,16,0.07179916514936731,0.06774056492575385,0.07578978569134105
full,interaction,0.16666666666666666,128,64,0.07583569478767985,0.07196116756287844,0.07969544457818681
full,interaction,0.16666666666666666,128,177,0.07971467985741118,0.07348797056908314,0.08600851754903266
full,interaction,0.16666666666666666,256,4,0.11162031874997838,0.1040575446993781,0.11984902277232562
full,interaction,0.16666666666666666,256,16,0.11829120976841505,0.11207542404074439,0.1245921992140244
full,interaction,0.16666666666666666,256,64,0.13073603435789496,0.12447311999703402,0.13688099050013477
full,interaction,0.16666666666666666,256,177,0.1430793758342831,0.1326764613027645,0.1538457498097198
full,interaction,0.20833333333333331,8,4,0.008444473405014386,0.0075285977417624515,0.009365581630940777
full,interaction,0.20833333333333331,8,16,0.007592092317066557,0.006967051688616832,0.0082099725084566
full,interaction,0.20833333333333331,8,64,0.006246360258238971,0.005750538963622262,0.006739289197173473
full,interaction,0.20833333333333331,8,177,0.005207683017514512,0.0045514909644853545,0.005879163019837442
full,interaction,0.20833333333333331,16,4,0.015526343958183057,0.014026631906253913,0.017044075159149366
full,interaction,0.20833333333333331,16,16,0.014574102379588791,0.01349631158765862,0.015612477405452442
full,interaction,0.20833333333333331,16,64,0.0129713560859102,0.012058058969844824,0.013820945608506666
full,interaction,0.20833333333333331,16,177,0.011638925058456541,0.010377166028868208,0.01293685993744095
full,interaction,0.20833333333333331,32,4,0.027312552240793653,0.025019870037872177,0.02971235902432368
full,interaction,0.20833333333333331,32,16,0.026617385380614957,0.02481687731073154,0.028303156851509685
full,interaction,0.20833333333333331,32,64,0.0252852870667752,0.023701100780272474,0.026761008291730712
full,interaction,0.20833333333333331,32,177,0.024128181428218008,0.021843039004558057,0.02641086515475099
full,interaction,0.20833333333333331,128,4,0.07620603787631305,0.07062070709896796,0.0817825966363093
full,interaction,0.20833333333333331,128,16,0.0785645991692458,0.07421868405465347,0.0830154901438013
full,interaction,0.20833333333333331,128,64,0.08302476386887972,0.07882602490604469,0.08718270640478225
full,interaction,0.20833333333333331,128,177,0.08719391970125526,0.08057966898387821,0.09403314755032129
full,interaction,0.20833333333333331,256,4,0.12113649204584997,0.11301353249153265,0.1296705541788482
full,interaction,0.20833333333333331,256,16,0.12805198353867137,0.12132250069065786,0.1350376871771916
full,interaction,0.20833333333333331,256,64,0.14098673331234823,0.13432400293882113,0.14762498959038706
full,interaction,0.20833333333333331,256,177,0.15370409369593696,0.1426670911938056,0.1651398396156008
full,interaction,0.25,8,4,0.009661845930257072,0.008572163313362897,0.01077804083049814
full,interaction,0.25,8,16,0.008790813551037778,0.008031669706326202,0.009535450605252111
full,interaction,0.25,8,64,0.007401803794828634,0.006824666287837463,0.008008227198589056
full,interaction,0.25,8,177,0.006316641564639933,0.005541370426907178,0.007127657220099881
full,interaction,0.25,16,4,0.01752051971783288,0.01578488229134104,0.019336748195568448
full,interaction,0.25,16,16,0.016571696103671225,0.015325316822767367,0.017805398054050216
full,interaction,0.25,16,64,0.014988255045988844,0.013938876933645396,0.016034244300477986
full,interaction,0.25,16,177,0.013661125069623203,0.01217149918418975,0.015159599859311373
full,interaction,0.25,32,4,0.030447012042387735,0.027714365293107293,0.03327757847116477
full,interaction,0.25,32,16,0.029764090222978833,0.027764133532156485,0.03177094166086615
full,interaction,0.25,32,64,0.028590469086596938,0.026798762038501053,0.030348692274984518
full,interaction,0.25,32,177,0.02754177985998741,0.024951592137788612,0.030253823362294957
full,interaction,0.25,128,4,0.08331123553566484,0.07721302692873583,0.08995591028858764
full,interaction,0.25,128,16,0.08594482465622069,0.08109695755520782,0.09092414382311143
full,interaction,0.25,128,64,0.09075232942562919,0.08593325314586094,0.09541575974521996
full,interaction,0.25,128,177,0.0954056467738118,0.08786675091603739,0.10334873712753899
full,interaction,0.25,256,4,0.13141696538372782,0.12234005615287491,0.14089715363830105
full,interaction,0.25,256,16,0.13852755904051312,0.13116496145342238,0.14593685151439792
full,interaction,0.25,256,64,0.15180766124433004,0.1444585823870059,0.1590974598041873
full,interaction,0.25,256,177,0.16498794825211582,0.15272882062203175,0.17798866528966203
full,interaction,0.29166666666666663,8,4,0.011004066849687029,0.009763127363479299,0.012364117536203225
full,interaction,0.29166666666666663,8,16,0.010153075593713682,0.009259872010131336,0.011042217355103008
full,interaction,0.29166666666666663,8,64,0.008747168646957335,0.008044587642786524,0.00948870443847956
full,interaction,0.29166666666666663,8,177,0.007619580024427387,0.006657759290386229,0.008635433491487394
full,interaction,0.29166666666666663,16,4,0.019716362743965484,0.017705149088679147,0.021788298005539657
full,interaction,0.29166666666666663,16,16,0.018819956390038493,0.0173605132246594,0.020267767722969468
full,interaction,0.29166666666666663,16,64,0.017266978801521476,0.016019481759849172,0.01856371075791972
full,interaction,0.29166666666666663,16,177,0.015950631684297573,0.014200123253204215,0.017796157697001116
full,interaction,0.29166666666666663,32,4,0.03388627584469879,0.03076037919957144,0.03717411186486696
full,interaction,0.29166666666666663,32,16,0.03330188620662514,0.030975453087692277,0.03569901786382342
full,interaction,0.29166666666666663,32,64,0.032251022133860247,0.030128322345659268,0.03435254848853133
full,interaction,0.29166666666666663,32,177,0.031341152455270804,0.028323056122685288,0.034498771232852145
full,interaction,0.29166666666666663,128,4,0.0910633442734266,0.08396001528997743,0.09874184513201466
full,interaction,0.29166666666666663,128,16,0.0938439580808221,0.08827300981623679,0.09957691545048962
full,interaction,0.29166666666666663,128,64,0.09908011446233224,0.09350115481009845,0.10442127816721627
full,interaction,0.29166666666666663,128,177,0.10424122639218894,0.0954940538335319,0.11308620924903214
full,interaction,0.29166666666666663,256,4,0.14228037128279553,0.13210687785136613,0.15350539185941028
full,interaction,0.29166666666666663,256,16,0.14955453093617127,0.1413167866427826,0.15834249223647634
full,interaction,0.29166666666666663,256,64,0.16339552354384823,0.15499706137028593,0.17160886636538722
full,interaction,0.29166666666666663,256,177,0.1768342020934292,0.1630516067845908,0.190801767781984
full,interaction,0.3333333333333333,8,4,0.012542426402163655,0.011008475788793902,0.014125753470302392
full,interaction,0.3333333333333333,8,16,0.011696846613683424,0.010622575135103252,0.01279623590007616
full,interaction,0.3333333333333333,8,64,0.01029682459310164,0.009450043696838224,0.011244307613367177
full,interaction,0.3333333333333333,8,177,0.009155703136929136,0.00796626296456487,0.010415201091155337
full,interaction,0.3333333333333333,16,4,0.022165273873348736,0.019712053413635244,0.024666055914393442
full,interaction,0.3333333333333333,16,16,0.02130590566833532,0.01956176235062262,0.02304350647061839
full,interaction,0.3333333333333333,16,64,0.01985141676200202,0.018349576272278557,0.021429100490373002
full,interaction,0.3333333333333333,16,177,0.018595039997745023,0.01645408765544087,0.020795435389942822
full,interaction,0.3333333333333333,32,4,0.03774484737776625,0.03394838602279758,0.041618954936118946
full,interaction,0.3333333333333333,32,16,0.03722887286833766,0.034464492728230024,0.03999061308327257
full,interaction,0.3333333333333333,32,64,0.036386087705378364,0.03380654815044814,0.038855466398568204
full,interaction,0.3333333333333333,32,177,0.035599772334277226,0.031858504015829625,0.03946728498917947
full,interaction,0.3333333333333333,128,4,0.09932945274583337,0.09092376285191804,0.10852330419613716
full,interaction,0.3333333333333333,128,16,0.10238554660595094,0.09583356816400904,0.10919452375897952
full,interaction,0.3333333333333333,128,64,0.10808307389680931,0.10163787117310123,0.11432269950856114
full,interaction,0.3333333333333333,128,177,0.11369153876680582,0.10351014862630523,0.12394139957519537
full,interaction,0.3333333333333333,256,4,0.15393939398956644,0.1419810845007209,0.16671751492026374
full,interaction,0.3333333333333333,256,16,0.16134008728562865,0.15176124524524554,0.1715727750419957
full,interaction,0.3333333333333333,256,64,0.17550570754784606,0.16594242853733843,0.18491561005018647
full,interaction,0.3333333333333333,256,177,0.18951539245916277,0.17410469164398612,0.2050420687691813
full,interaction,0.375,8,4,0.014233642536436107,0.01239616179896664,0.016146229080243414
full,interaction,0.375,8,16,0.013430846340699817,0.012114004159235695,0.014795858252530795
full,interaction,0.375,8,64,0.012084587890310814,0.011043774724310635,0.013235305521128574
full,interaction,0.375,8,177,0.01095090708536684,0.009428250439084324,0.012555385476485558
full,interaction,0.375,16,4,0.024886089566373382,0.021948855120018797,0.027923655872581863
full,interaction,0.375,16,16,0.02407467011595887,0.021945655300164606,0.026256812441020842
full,interaction,0.375,16,64,0.022762701592333713,0.020991884736710195,0.02465574240944772
full,interaction,0.375,16,177,0.021608347526437092,0.018923864178577582,0.024417210883481644
full,interaction,0.375,32,4,0.04194389391850731,0.037329926408130557,0.04659155616476024
full,interaction,0.375,32,16,0.041501648451827806,0.03816962811325154,0.044889745650180495
full,interaction,0.375,32,64,0.04088647159256249,0.03792375653962885,0.04395744256170898
full,interaction,0.375,32,177,0.04036487420799184,0.035848303122821994,0.04503731021794778
full,interaction,0.375,128,4,0.1083723395604107,0.09876882793454565,0.11909394262559062
full,interaction,0.375,128,16,0.11160667570347549,0.10392632145828955,0.11975411043161638
full,interaction,0.375,128,64,0.11781869611251368,0.11021003219748923,0.12523568312020683
full,interaction,0.375,128,177,0.12374619380448526,0.11205579016325469,0.1358186129738252
full,interaction,0.375,256,4,0.16627440816571681,0.15208455910886984,0.18158067215465976
full,interaction,0.375,256,16,0.1738115180420382,0.1630511455916022,0.18563022765858872
full,interaction,0.375,256,64,0.18835231817613007,0.1773900434741546,0.19923246793380409
full,interaction,0.375,256,177,0.20249250595875512,0.18480108010629182,0.22066099095286396
full,interaction,0.41666666666666663,8,4,0.016121622580284718,0.01395840336480282,0.0184675268431396
full,interaction,0.41666666666666663,8,16,0.015390951081946245,0.013766113104984608,0.0170643317740856
full,interaction,0.41666666666666663,8,64,0.014127677161507986,0.012840203253585529,0.01552973698391754
full,interaction,0.41666666666666663,8,177,0.01305661258995405,0.011122007104911128,0.01512416673392928
full,interaction,0.41666666666666663,16,4,0.027836287276623933,0.024368543211461844,0.03151024314896463
full,interaction,0.41666666666666663,16,16,0.027179187860359957,0.024531950215014323,0.029874125181485217
full,interaction,0.41666666666666663,16,64,0.026031463358259017,0.023884539288188553,0.028351554895903967
full,interaction,0.41666666666666663,16,177,0.025051579343475322,0.021757745362880835,0.02857014967206019
full,interaction,0.41666666666666663,32,4,0.04648427874595613,0.04115635616879953,0.05206613593903772
full,interaction,0.41666666666666663,32,16,0.046248920976774105,0.042205179066507705,0.05040205151176151
full,interaction,0.41666666666666663,32,64,0.045935195214954705,0.04241016315134099,0.04964436820780849
full,interaction,0.41666666666666663,32,177,0.04570742493286191,0.040337739231058836,0.05140433120219032
full,interaction,0.41666666666666663,128,4,0.11814644017486681,0.10686913016114562,0.1307337100349184
full,interaction,0.41666666666666663,128,16,0.12150880728289165,0.11253789421032499,0.1312927558419477
full,interaction,0.41666666666666663,128,64,0.12811649686310647,0.1195034332989152,0.13693431237157866
full,interaction,0.41666666666666663,128,177,0.1345605823791446,0.12084754481577664,0.14900182713491064
full,interaction,0.41666666666666663,256,4,0.17957074545859447,0.16295688657660315,0.19695886490482378
full,interaction,0.41666666666666663,256,16,0.18720008277695505,0.17464393986032734,0.20081148002389762
full,interaction,0.41666666666666663,256,64,0.2019121760720667,0.18925104726224515,0.2142589088711984
full,interaction,0.41666666666666663,256,177,0.21604150480388845,0.1962875147150685,0.23661536004649533
full,interaction,0.4583333333333333,8,4,0.018247307323713012,0.01567610406885702,0.02114776138999654
full,interaction,0.4583333333333333,8,16,0.017581462516519236,0.015642335987942478,0.019661094106035077
full,interaction,0.4583333333333333,8,64,0.016474780107560795,0.01483870733231483,0.01818464567755063
full,interaction,0.4583333333333333,8,177,0.015491917101207668,0.013074045080611343,0.018121064552348513
full,interaction,0.4583333333333333,16,4,0.03114154886434299,0.02709687031031825,0.03564915417400191
full,interaction,0.4583333333333333,16,16,0.03060895641752006,0.027514511953273885,0.03383957160859732
full,interaction,0.4583333333333333,16,64,0.02973160640358841,0.027102900651394292,0.03254889544645039
full,interaction,0.4583333333333333,16,177,0.028917448325554512,0.02493332696489949,0.033311187662557286
full,interaction,0.4583333333333333,32,4,0.051476199687719604,0.045179450048574266,0.05822475479969388
full,interaction,0.4583333333333333,32,16,0.05138399719907204,0.04659211502812629,0.05638840714236311
full,interaction,0.4583333333333333,32,64,0.051504350772901296,0.047238431062383755,0.056135497322141445
full,interaction,0.4583333333333333,32,177,0.05157555035379227,0.045074614946036,0.05859221037909472
full,interaction,0.4583333333333333,128,4,0.12851678765938596,0.11508392980558733,0.14338947109380942
full,interaction,0.4583333333333333,128,16,0.132082381436348,0.12179192842004691,0.14381933697583843
full,interaction,0.4583333333333333,128,64,0.1393144983206384,0.1294549340833459,0.14958349667002488
full,interaction,0.4583333333333333,128,177,0.1462278237053014,0.1299275510782458,0.16326424697859515
full,interaction,0.4583333333333333,256,4,0.1934973724519991,0.1748423975768662,0.21408561103677376
full,interaction,0.4583333333333333,256,16,0.20119995566456972,0.18693471979563017,0.21722278095356318
full,interaction,0.4583333333333333,256,64,0.2160833748887454,0.20140287474441085,0.23022394258922388
full,interaction,0.4583333333333333,256,177,0.23034517386572995,0.20728995379806803,0.2541390972582373
full,interaction,0.5,8,4,0.020589031736828335,0.017473522286620097,0.024208739084174175
full,interaction,0.5,8,16,0.020049796028161,0.017733165121490077,0.022590409389036007
full,interaction,0.5,8,64,0.019145369810397883,0.017075060933195073,0.0213000756335195
full,interaction,0.5,8,177,0.01830450115342489,0.015313945739496172,0.021617924694959195
full,interaction,0.5,16,4,0.03478624137285004,0.030024089341337795,0.04014680463006215
full,interaction,0.5,16,16,0.034413719318110214,0.030726836341474547,0.03837048364476715
full,interaction,0.5,16,64,0.0338376172752208,0.030641036445436944,0.03731225039780104
full,interaction,0.5,16,177,0.03329902061761292,0.028427513016012394,0.0387321904581776
full,interaction,0.5,32,4,0.05690975116672648,0.04957106694416304,0.06526347913709414
full,interaction,0.5,32,16,0.057106820741481504,0.0514825861010722,0.06321188478226948
full,interaction,0.5,32,64,0.05767719102052772,0.05257708853087358,0.06318852833870942
full,interaction,0.5,32,177,0.058136425763078245,0.05042754616149561,0.06670897609903195
full,interaction,0.5,128,4,0.13966826524988663,0.12398991097942567,0.15691038116669936
full,interaction,0.5,128,16,0.14344169866179235,0.1314029089864931,0.15713151241538015
full,interaction,0.5,128,64,0.15127183651322634,0.13955447944980873,0.16320349988578742
full,interaction,0.5,128,177,0.15860487536956272,0.13979940353118214,0.1784987005796644
full,interaction,0.5,256,4,0.2081918053804945,0.18671110154252607,0.231695149820289
full,interaction,0.5,256,16,0.21598295696061687,0.19973823192666942,0.23438037078372467
full,interaction,0.5,256,64,0.23096248072377507,0.21415012344757536,0.2470304365395016
full,interaction,0.5,256,177,0.24529939128903833,0.21918566906275244,0.27291001522930075
full,interaction,0.5416666666666666,8,4,0.023222506962965773,0.019449728991950445,0.027579422249726107
full,interaction,0.5416666666666666,8,16,0.02280117812943222,0.020121872252752637,0.025879821064336637
full,interaction,0.5416666666666666,8,64,0.022164444911936143,0.01965519047737965,0.02481362260812561
full,interaction,0.5416666666666666,8,177,0.021594655002108963,0.017838323276529622,0.025698546190856146
full,interaction,0.5416666666666666,16,4,0.03878629798894571,0.03313938284755198,0.045377768060622194
full,interaction,0.5416666666666666,16,16,0.03863209345041299,0.034282762824787455,0.04338909679326338
full,interaction,0.5416666666666666,16,64,0.038438476852496656,0.03451346916781921,0.042718499207475405
full,interaction,0.5416666666666666,16,177,0.03824757414902629,0.032265895563042546,0.04487164816246706
full,interaction,0.5416666666666666,32,4,0.0628310983151287,0.0542946691111788,0.07260162245904325
full,interaction,0.5416666666666666,32,16,0.06337516846516514,0.05672614877171659,0.07061815307421367
full,interaction,0.5416666666666666,32,64,0.06446974378823697,0.0584166362928922,0.07110206895038991
full,interaction,0.5416666666666666,32,177,0.06547669024139482,0.0561028399461927,0.07584788199731637
full,interaction,0.5416666666666666,128,4,0.15144914642899654,0.13359545961312955,0.17165312229754237
full,interaction,0.5416666666666666,128,16,0.15557249176931237,0.1418890372890977,0.1713209887347561
full,interaction,0.5416666666666666,128,64,0.16400798778954556,0.15051536776980393,0.1775832958472829
full,interaction,0.5416666666666666,128,177,0.17196489545065502,0.15003800736177506,0.194905129585486
full,interaction,0.5416666666666666,256,4,0.22360018101687923,0.19932674374366138,0.25078355376757333
full,interaction,0.5416666666666666,256,16,0.23145492045623395,0.21298136876190643,0.2524206322894763
full,interaction,0.5416666666666666,256,64,0.24657482471057363,0.22761105435713197,0.2649865198535778
full,interaction,0.5416666666666666,256,177,0.2608317456525173,0.23174749637271744,0.29219735700843247
full,interaction,0.5833333333333333,8,4,0.02614478423736264,0.021716739473700366,0.031281377936993086
full,interaction,0.5833333333333333,8,16,0.025897606002924838,0.022664115561212075,0.02962045457939399
full,interaction,0.5833333333333333,8,64,0.02564196503103699,0.02254424971494619,0.028854853900880918
full,interaction,0.5833333333333333,8,177,0.025363886580779572,0.02068446760060334,0.030455533830734325
full,interaction,0.5833333333333333,16,4,0.043195556869667744,0.036520413622148,0.05091342430287273
full,interaction,0.5833333333333333,16,16,0.04329845744695746,0.038197712907336014,0.04891752283970559
full,interaction,0.5833333333333333,16,64,0.043624406614443244,0.03886312439734306,0.04873490408388938
full,interaction,0.5833333333333333,16,177,0.043866623359868254,0.036765367841382075,0.05197122505695729
full,interaction,0.5833333333333333,32,4,0.06934167371983506,0.05935180394763512,0.08075035435932187
full,interaction,0.5833333333333333,32,16,0.07024526162454103,0.06248739031592759,0.07866975927514193
full,interaction,0.5833333333333333,32,64,0.07190754652364056,0.06476815584928271,0.07991271869680423
full,interaction,0.5833333333333333,32,177,0.07357826346518173,0.062411699988214435,0.08598637505130273
full,interaction,0.5833333333333333,128,4,0.16399869100203898,0.14349845615579707,0.1879223887694077
full,interaction,0.5833333333333333,128,16,0.1685225884801142,0.1527487815340777,0.18655085636848054
full,interaction,0.5833333333333333,128,64,0.17759473963517208,0.1620160599590957,0.19338882400506305
full,interaction,0.5833333333333333,128,177,0.1857158795701423,0.1610456152347078,0.21222119073693232
full,interaction,0.5833333333333333,256,4,0.23969826049048926,0.21219719636012604,0.2708080915165347
full,interaction,0.5833333333333333,256,16,0.24789188620693597,0.226667826317482,0.2713389724972731
full,interaction,0.5833333333333333,256,64,0.26286951762067184,0.24168818603746992,0.28331502617304666
full,interaction,0.5833333333333333,256,177,0.2767901277486878,0.24432500846206667,0.31237734286797286
full,interaction,0.625,8,4,0.029381106592922007,0.024168675052395738,0.03551783719799897
full,interaction,0.625,8,16,0.02935769234407694,0.025470104696146075,0.033881471142147596
full,interaction,0.625,8,64,0.029549861920061614,0.02576981772113777,0.03357275386887617
full,interaction,0.625,8,177,0.029653292495200788,0.023961765714129595,0.035961476455395026
full,interaction,0.625,16,4,0.04799542211948067,0.04023602611331948,0.057144786657051604
full,interaction,0.625,16,16,0.048510628889469005,0.04248260542809983,0.055274326902076704
full,interaction,0.625,16,64,0.04943890593193592,0.04359353783338995,0.05556474171020032
full,interaction,0.625,16,177,0.05022988446856548,0.04174467710406357,0.05995384126378996
full,interaction,0.625,32,4,0.07645599592495861,0.06479670497477416,0.09000538121022049
full,interaction,0.625,32,16,0.07770571051578021,0.0686669202136308,0.0877189660577938
full,interaction,0.625,32,64,0.08014717089412812,0.07165993402569842,0.0895250307530125
full,interaction,0.625,32,177,0.08255260055107358,0.06926149659321505,0.09750613107716943
full,interaction,0.625,128,4,0.17742149100840016,0.15411060823618042,0.20444264224081568
full,interaction,0.625,128,16,0.18227471165258846,0.1641010271893437,0.20263285118387836
full,interaction,0.625,128,64,0.19190525968737576,0.17384233949565164,0.20973201478194153
full,interaction,0.625,128,177,0.20047068550982028,0.17227671136910044,0.23157556840616472
full,interaction,0.625,256,4,0.2566647777503036,0.22541632069900203,0.29196704894832104
full,interaction,0.625,256,16,0.26495206497361523,0.24123448409740306,0.29117782585643925
full,interaction,0.625,256,64,0.2799477768558134,0.25603006575347065,0.3027976859234684
full,interaction,0.625,256,177,0.2933876632328491,0.2571812177643079,0.3326830909001898
full,interaction,0.6666666666666666,8,4,0.03291186920468993,0.026905083383695436,0.04033178634095552
full,interaction,0.6666666666666666,8,16,0.033280285751896725,0.02862529187982195,0.03859803227285135
full,interaction,0.6666666666666666,8,64,0.03400000356081823,0.029392807079154024,0.03885907364258066
full,interaction,0.6666666666666666,8,177,0.03458310997723757,0.027710995998008636,0.042360899135290835
full,interaction,0.6666666666666666,16,4,0.05332439888298461,0.04428742706056795,0.06398240178879518
full,interaction,0.6666666666666666,16,16,0.054257760211707695,0.04714460667887339,0.062249593618315634
full,interaction,0.6666666666666666,16,64,0.05591133266937616,0.049002165600539445,0.06325744909407939
full,interaction,0.6666666666666666,16,177,0.057478934409112004,0.046924788029699536,0.06906032072441233
full,interaction,0.6666666666666666,32,4,0.08411544357865264,0.07063787935144794,0.09989278495951322
full,interaction,0.6666666666666666,32,16,0.0859527884483195,0.07541078114168097,0.09763329569624685
full,interaction,0.6666666666666666,32,64,0.08925128842565365,0.07922035537956923,0.10024582185622702
full,interaction,0.6666666666666666,32,177,0.0924765927459121,0.07665290801801058,0.11012060429452629
full,interaction,0.6666666666666666,128,4,0.1916043149459158,0.16524455778395106,0.22192644666749362
full,interaction,0.6666666666666666,128,16,0.19703699952170095,0.17638397071123316,0.21990837090598098
full,interaction,0.6666666666666666,128,64,0.20700942215267315,0.18651363178017932,0.22700598635263752
full,interaction,0.6666666666666666,128,177,0.21602707059982618,0.18436549559226845,0.25158146479198484
full,interaction,0.6666666666666666,256,4,0.27434673751961564,0.23930268844589594,0.31396571667565754
full,interaction,0.6666666666666666,256,16,0.28237182623032586,0.25623696107026306,0.31169597602756943
full,interaction,0.6666666666666666,256,64,0.2976464414314771,0.27093432495652364,0.3228223072458913
full,interaction,0.6666666666666666,256,177,0.3105908060314536,0.27046328489542115,0.354283290290818
full,interaction,0.7083333333333333,8,4,0.036814343200686994,0.029910470650850146,0.045746943157150874
full,interaction,0.7083333333333333,8,16,0.037567583936964896,0.03207192950736683,0.04394559642932343
full,interaction,0.7083333333333333,8,64,0.03908398335259339,0.033549993062315576,0.044962777747961584
full,interaction,0.7083333333333333,8,177,0.04024427839036825,0.03186623944515086,0.049734343036826514
full,interaction,0.7083333333333333,16,4,0.05919322868786025,0.04852922832906457,0.07173867604408705
full,interaction,0.7083333333333333,16,16,0.060422696310692,0.05233076167665827,0.06995436908795252
full,interaction,0.7083333333333333,16,64,0.06304355425753383,0.05489926273276616,0.07183238762151997
full,interaction,0.7083333333333333,16,177,0.06551314861024246,0.05268334281620294,0.07939908217115686
full,interaction,0.7083333333333333,32,4,0.09241262617866323,0.0769302939835548,0.11055364912140304
full,interaction,0.7083333333333333,32,16,0.0947765976158903,0.08267124644013861,0.10839549051007197
full,interaction,0.7083333333333333,32,64,0.0991975266029182,0.08738711710584668,0.11210640439010763
full,interaction,0.7083333333333333,32,177,0.10327618513373707,0.08502186621056917,0.12387876452615214
full,interaction,0.7083333333333333,128,4,0.2066981864965581,0.1766646903241342,0.24109940876579072
full,interaction,0.7083333333333333,128,16,0.2126398592066516,0.18927171259513628,0.23808073361800075
full,interaction,0.7083333333333333,128,64,0.2230353069145825,0.19985538783556334,0.24559481476062844
full,interaction,0.7083333333333333,128,177,0.23267534041285726,0.19727728211993986,0.2725102841785195
full,interaction,0.7083333333333333,256,4,0.29274382720273917,0.25363854765368354,0.33667398503705886
full,interaction,0.7083333333333333,256,16,0.3007838925108539,0.271687412905938,0.33340450237994756
full,interaction,0.7083333333333333,256,64,0.31570656288370424,0.2863509431138,0.34359349335586237
full,interaction,0.7083333333333333,256,177,0.3282898428632701,0.2840179034686122,0.37695435343800004
full,interaction,0.75,8,4,0.041114255938262706,0.03300026403252551,0.051695867439182176
full,interaction,0.75,8,16,0.042387614940232965,0.03588109576249727,0.0499354234628116
full,interaction,0.75,8,64,0.04473567073150307,0.03812891120320697,0.051811563589359774
full,interaction,0.75,8,177,0.04671146038651282,0.036503494024317025,0.058401562442255944
full,interaction,0.75,16,4,0.06547774705984333,0.05318527777656415,0.08042691720693318
full,interaction,0.75,16,16,0.06736834499005076,0.05780901492479639,0.07848353576722186
full,interaction,0.75,16,64,0.07107732734251657,0.06160699900822875,0.08146703436569049
full,interaction,0.75,16,177,0.07443082846927551,0.05953840855439786,0.0910149947969843
full,interaction,0.75,32,4,0.10146059604921773,0.08369275165612416,0.12246093922707858
full,interaction,0.75,32,16,0.1043973185686701,0.09051683801576153,0.12027518817703581
full,interaction,0.75,32,64,0.1100030606244639,0.09628366904148263,0.12489667088425455
full,interaction,0.75,32,177,0.11514754480354511,0.09400154522358246,0.13920864008230308
full,interaction,0.75,128,4,0.222713106815888,0.18884097321103221,0.2606805194930637
full,interaction,0.75,128,16,0.2289156418347122,0.2028646006982379,0.25740986715271574
full,interaction,0.75,128,64,0.23982747570127466,0.21387788889124434,0.26552892113240784
full,interaction,0.75,128,177,0.25017907357534797,0.2106475614999109,0.29446175443916567
full,interaction,0.75,256,4,0.31220253062396064,0.2689115941722892,0.36015104265234416
full,interaction,0.75,256,16,0.3198546586954393,0.28769763095480533,0.35556690678488806
full,interaction,0.75,256,64,0.33439912487857304,0.3025946341328175,0.3653566306090764
full,interaction,0.75,256,177,0.3464937062781829,0.2976793534379491,0.39962023123973106
full,interaction,0.7916666666666666,8,4,0.04593259285052073,0.03660720082617515,0.05852867729851756
full,interaction,0.7916666666666666,8,16,0.047710801031522504,0.040084532800189164,0.05662203922606777
full,interaction,0.7916666666666666,8,64,0.05118946451068609,0.043354686822626456,0.05944775173391392
full,interaction,0.7916666666666666,8,177,0.05409374267277682,0.041787160641282545,0.068151365886894
full,interaction,0.7916666666666666,16,4,0.0724016731539763,0.05835810146315048,0.08983738084721819
full,interaction,0.7916666666666666,16,16,0.07489935360428321,0.06390924900949985,0.08789640578825564
full,interaction,0.7916666666666666,16,64,0.07988729492207416,0.06879275608684524,0.09221705427640305
full,interaction,0.7916666666666666,16,177,0.08448405134362985,0.06671343567540373,0.10402513727483133
full,interaction,0.7916666666666666,32,4,0.11114101998143444,0.09109210972944991,0.1351371269733465
full,interaction,0.7916666666666666,32,16,0.1148144416182855,0.09893519085444968,0.13316801541440096
full,interaction,0.7916666666666666,32,64,0.12181040130891024,0.10593857240359947,0.139113478101253
full,interaction,0.7916666666666666,32,177,0.12791815456870476,0.10378266483191675,0.1558078089344515
full,interaction,0.7916666666666666,128,4,0.23952628555817168,0.20172053921007443,0.2823355799680511
full,interaction,0.7916666666666666,128,16,0.24618560833198305,0.2170197840637813,0.277792950047218
full,interaction,0.7916666666666666,128,64,0.2576447513495622,0.2286151758428672,0.28583119785879657
full,interaction,0.7916666666666666,128,177,0.2683624618366306,0.2235915047809424,0.31722216166124884
full,interaction,0.7916666666666666,256,4,0.3320231467258016,0.28435934441007815,0.38396273303569345
full,interaction,0.7916666666666666,256,16,0.3395775237310439,0.30424513734429226,0.3782011513045943
full,interaction,0.7916666666666666,256,64,0.353531251579022,0.3190039286461187,0.3874712200996908
full,interaction,0.7916666666666666,256,177,0.3652890246963949,0.31259774744775054,0.4227251973750372
full,interaction,0.8333333333333333,8,4,0.05120899035288272,0.040314846785263564,0.06590389959537833
full,interaction,0.8333333333333333,8,16,0.053594138969782545,0.044710842384515954,0.06405365546071437
full,interaction,0.8333333333333333,8,64,0.058347698614787974,0.04919748568652573,0.06815622802631621
full,interaction,0.8333333333333333,8,177,0.062473689912188636,0.04769665085038476,0.07929564163485395
full,interaction,0.8333333333333333,16,4,0.07990734710183105,0.06414635383167665,0.10028486873191704
full,interaction,0.8333333333333333,16,16,0.0832535228439796,0.07052677727479505,0.09825881782208636
full,interaction,0.8333333333333333,16,64,0.08963706014342454,0.07669689103863243,0.104095508547272
full,interaction,0.8333333333333333,16,177,0.0956683344378473,0.07457387903338053,0.11888029313449552
full,interaction,0.8333333333333333,32,4,0.12162705018625082,0.099058710676224,0.14914868276943855
full,interaction,0.8333333333333333,32,16,0.12613805886246177,0.10811563950196565,0.1473166647605834
full,interaction,0.8333333333333333,32,64,0.1345682021186461,0.11640079322070483,0.15442858091755213
full,interaction,0.8333333333333333,32,177,0.14212581998046836,0.11398559467328613,0.1741794128592435
full,interaction,0.8333333333333333,128,4,0.25703417018996666,0.21583847693723376,0.30477976917313715
full,interaction,0.8333333333333333,128,16,0.26403332154489706,0.23193341782135687,0.2992027908453692
full,interaction,0.8333333333333333,128,64,0.27617074786585377,0.2440712140590287,0.3073717653044175
full,interaction,0.8333333333333333,128,177,0.2873691986544318,0.23810940351249432,0.3410280217965754
full,interaction,0.8333333333333333,256,4,0.3523861148020088,0.3004247770604913,0.4083168583325583
full,interaction,0.8333333333333333,256,16,0.3597623418517425,0.32097471126199795,0.4011289689065392
full,interaction,0.8333333333333333,256,64,0.3733402259210564,0.3357282471350606,0.41049232906145516
full,interaction,0.8333333333333333,256,177,0.38454200190355015,0.3268124264307936,0.4461960480816055
full,interaction,0.875,8,4,0.05699247785340186,0.044354457823077335,0.07427891988895248
full,interaction,0.875,8,16,0.0601296826619574,0.049619039937133604,0.07247757830581972
full,interaction,0.875,8,64,0.06635631836089784,0.055596005618261155,0.07806578489804758
full,interaction,0.875,8,177,0.07199494583388051,0.05437453181653197,0.09197828426993004
full,interaction,0.875,16,4,0.08802369532224735,0.07027820117803238,0.11167707946644637
full,interaction,0.875,16,16,0.09235183185987139,0.0775932329503345,0.10962235032938016
full,interaction,0.875,16,64,0.1003586631827185,0.08537475846802138,0.11723398910068407
full,interaction,0.875,16,177,0.10801093335403422,0.08322778823149135,0.13493669143141343
full,interaction,0.875,32,4,0.1330771932167213,0.1075163861377073,0.16434646275388512
full,interaction,0.875,32,16,0.13824763661772926,0.11791946027302956,0.1623710306566327
full,interaction,0.875,32,64,0.14846468716158306,0.1277101573293201,0.1710498987469426
full,interaction,0.875,32,177,0.15743276135043577,0.1250440391283353,0.19423098039748518
full,interaction,0.875,128,4,0.27559875681065027,0.22995447519365034,0.327785427641611
full,interaction,0.875,128,16,0.2827453815736818,0.24737098279793565,0.3211592146176126
full,interaction,0.875,128,64,0.2954886241829847,0.2602605096129339,0.3293649238079119
full,interaction,0.875,128,177,0.30713206682642596,0.2535009968056862,0.36520611605640035
full,interaction,0.875,256,4,0.3729759568555528,0.31700326017015923,0.4335474279220328
full,interaction,0.875,256,16,0.3805787646872849,0.33818116056105474,0.4250238613724512
full,interaction,0.875,256,64,0.39375698224290256,0.35336646605153404,0.433375700734377
full,interaction,0.875,256,177,0.4042149193309352,0.34190026795634293,0.47051225994764373
full,interaction,0.9166666666666666,8,4,0.06334201801559686,0.04882115078967559,0.08359677028810333
full,interaction,0.9166666666666666,8,16,0.06736959568150641,0.05525586105957323,0.08174396013406131
full,interaction,0.9166666666666666,8,64,0.07532676972766378,0.0626829350076599,0.08916057479146478
full,interaction,0.9166666666666666,8,177,0.08289379591008547,0.06175516509100821,0.10635770236637654
full,interaction,0.9166666666666666,16,4,0.09708108022707909,0.07671426639715313,0.12389043607265429
full,interaction,0.9166666666666666,16,16,0.10239055532829414,0.08553142717589594,0.12214237726830982
full,interaction,0.9166666666666666,16,64,0.11222407631736059,0.0948839184765539,0.13162500825797058
full,interaction,0.9166666666666666,16,177,0.12170820324402809,0.0929874964239522,0.15362426029083875
full,interaction,0.9166666666666666,32,4,0.14542804819356253,0.1164266187292805,0.18048552226085454
full,interaction,0.9166666666666666,32,16,0.15130221692208526,0.12844846568281146,0.1784037045018339
full,interaction,0.9166666666666666,32,64,0.163436397650652,0.1399045917809291,0.1891372407069661
full,interaction,0.9166666666666666,32,177,0.17428260096165005,0.13750947374034855,0.21603026502016442
full,interaction,0.9166666666666666,128,4,0.2945349995677091,0.24437715593974185,0.35172184293523684
full,interaction,0.9166666666666666,128,16,0.3022225126383257,0.26376045721933206,0.34422920275218516
full,interaction,0.9166666666666666,128,64,0.31557219465801645,0.2770038834529222,0.35289437408799473
full,interaction,0.9166666666666666,128,177,0.3277201282137121,0.2691338326795085,0.3904843459543332
full,interaction,0.9166666666666666,256,4,0.3945419117880259,0.3340591788773687,0.459078418859875
full,interaction,0.9166666666666666,256,16,0.40198736764858056,0.35619884165480403,0.4495623633025482
full,interaction,0.9166666666666666,256,64,0.41446637729075514,0.3711516684121974,0.4565286476210092
full,interaction,0.9166666666666666,256,177,0.42412410870677064,0.3579786438540834,0.4951647443729662
full,interaction,0.9583333333333333,8,4,0.07042245271302303,0.053616505837523365,0.093291009252985585
full,interaction,0.9583333333333333,8,16,0.07530484030056474,0.06124331046156746,0.09202659833591469
full,interaction,0.9583333333333333,8,64,0.08526484003604899,0.07069507575846194,0.10146034563310527
full,interaction,0.9583333333333333,8,177,0.09505247250122786,0.06999849885692092,0.1225850399885869
full,interaction,0.9583333333333333,16,4,0.10693292419601935,0.08373158656270102,0.13733719083168403
full,interaction,0.9583333333333333,16,16,0.11317735454544847,0.0938200809434449,0.13585800720219052
full,interaction,0.9583333333333333,16,64,0.12515958651427195,0.1051986454088061,0.1474953804033403
full,interaction,0.9583333333333333,16,177,0.13691351410752625,0.10379717794388897,0.17313769609006258
full,interaction,0.9583333333333333,32,4,0.15868538993745152,0.12572249802861785,0.19778789225904816
full,interaction,0.9583333333333333,32,16,0.1653836160595892,0.13973452198774844,0.19587662681498455
full,interaction,0.9583333333333333,32,64,0.17958508813272372,0.1528422721323882,0.20856536704281162
full,interaction,0.9583333333333333,32,177,0.19226660488478337,0.1511228093955425,0.23950216615124828
full,interaction,0.9583333333333333,128,4,0.3144736496745135,0.25949781026773616,0.37675264149936166
full,interaction,0.9583333333333333,128,16,0.322581444610966,0.2806965799565953,0.36817752066173265
full,interaction,0.9583333333333333,128,64,0.3362696308389118,0.29444473956320905,0.37722770735920186
full,interaction,0.9583333333333333,128,177,0.34886405893084094,0.28519665977771563,0.41677039409493855
full,interaction,0.9583333333333333,256,4,0.4162316627514032,0.3515584480618162,0.48549456926785833
full,interaction,0.9583333333333333,256,16,0.4236358076360714,0.3746354966913465,0.47437734363067413
full,interaction,0.9583333333333333,256,64,0.43555678365121375,0.389173420991006,0.48010327860573837
full,interaction,0.9583333333333333,256,177,0.4442765256878488,0.3739892683709947,0.519429251799121
full,interaction,1,8,4,0.0780980277101794,0.058826156392476577,0.10390819284200799
full,interaction,1,8,16,0.08402024346369087,0.06778960236860992,0.10339684689977188
full,interaction,1,8,64,0.09642409665889298,0.07933492336553669,0.11516042061934079
full,interaction,1,8,177,0.10870126344377551,0.0794956659619449,0.14081118481763977
full,interaction,1,16,4,0.11753471553861183,0.09115448938614949,0.15199532523039488
full,interaction,1,16,16,0.12497241339686002,0.10274640910550498,0.15064888890978745
full,interaction,1,16,64,0.13930337731213893,0.11646632437229937,0.1647454934945508
full,interaction,1,16,177,0.15360318923596744,0.11539823833153863,0.1949049775214846
full,interaction,1,32,4,0.17265345999961532,0.13582439008014507,0.21656420462080347
full,interaction,1,32,16,0.1805355933644716,0.15154076557363044,0.21443926126658822
full,interaction,1,32,64,0.1968689565194906,0.1667346724740133,0.22945869474903283
full,interaction,1,32,177,0.2117323588137453,0.16542223651849564,0.26461796704786983
full,interaction,1,128,4,0.3354788280761606,0.27572414480288576,0.40243937416932407
full,interaction,1,128,16,0.34365040541048997,0.2981811564848103,0.39267326865568036
full,interaction,1,128,64,0.35771619421054235,0.3123729154248395,0.4017025896897835
full,interaction,1,128,177,0.37060790209726185,0.3021721262411131,0.4436325895870243
full,interaction,1,256,4,0.43852912651956844,0.3694625342801395,0.511841921379032
full,interaction,1,256,16,0.4453971018978543,0.39346249900273766,0.49859117774296263
full,interaction,1,256,64,0.45676948297479225,0.40750438542542583,0.5037117034100336
full,interaction,1,256,177,0.4645059886489064,0.38916310953673194,0.5436055578980665
